-0.369930282200549,0.414064487138212,0.846932945267299,1.31377127657328,0.0281717915578321,-2.0639300606907,-0.208017538945242,-2.36422179579375,-2.22584509673837,-0.73409122995804
0.0397070516323933,-0.266355205806925,-0.0609264634682537,-0.215867295955951,-1.26082522133778,0.317718637278319,2.21667220410091,-0.821885377600682,-0.786086461324851,-1.21972238873266
0.615086263402093,-1.26895030026537,0.408564779551262,-2.00955592704767,-0.154840563619648,1.98322840373296,-0.803689445940394,0.909138262360763,-0.364462506665964,-0.567128605856607
-0.237306902360659,1.02027469164116,1.35811923520803,0.852234833799145,-0.313057522442033,-2.81665791610633,0.51497638395247,1.0513177311869,1.24880834090758,-0.567738270898239
-0.056293028309891,0.239910371888552,-0.16835450143142,0.723752311458642,-0.992504517965497,0.31558027591848,0.743796886841625,-0.687679066162038,0.292263994141964,0.326494540399924
0.0594386581969389,-0.119927117278306,-0.245698523504778,-0.600804122175748,-1.10723292170663,0.966044568254308,0.346571504941318,-0.594675266907964,1.95505201924791,-0.971641979352448
0.554497584735572,-1.17642347579676,-0.370228574689909,-1.54470787734077,0.234612105688378,-0.0738275183751853,-2.06710466518739,0.806280401029257,1.30585662284167,0.284205267053949
-0.884168231922001,0.990201931313982,-0.668276697170502,-0.598023123146111,0.73012564570833,-0.0809713485395183,0.324313606269977,-0.525920674025118,-0.391894699250057,2.55478463823108
2.18502450926679,-0.600284716491246,1.12289880935008,-0.186745213702231,-0.788592398160996,0.427570698056287,1.30633968714287,0.381954505816537,0.714408123178991,-2.66641375771019
-0.0693411858505353,2.93824363066701,-0.430877908116746,-0.218806164140338,2.1218194086689,0.326570608768385,-0.622035088632685,0.773162293597179,0.526169539942943,2.76954402562502
0.245612666551901,1.57029198670902,1.11873768401222,0.209769390453833,0.39237255534714,-1.42404836091246,-0.103311416717788,-0.785959144708757,1.26565344102394,-0.699880533568049
1.428230266271,0.541074056874668,2.25293623358014,-1.556485215972,1.16355206848477,-0.123100607489218,-1.14421163422049,0.972826764997592,1.75407432536581,-2.09045757834647
0.821118038620351,-0.720602091722994,-1.02038835645283,0.994766900386231,0.391415873982724,-0.0419433635095355,0.867603332540986,0.286748709539743,1.19049662165169,-2.15397857096196
-0.118432224648286,0.844368968441764,0.850758801342123,-0.682283663890522,0.17246442623402,-0.741324077417797,1.13301062765591,1.095681395001,0.576144643012427,1.57211795213878
-0.114813986093475,-0.565490214320728,-1.49980336223096,0.9278528490406,0.43972376383541,0.0708543190536245,1.47145761425884,0.439480101240512,1.06966704948959,-0.170121987413589
0.148692950538146,-1.08282705135411,-0.241010017767723,-0.193736803299969,-0.573753757864294,0.898016073012214,-0.936315363394251,-1.09730497484956,0.590758522830428,-1.64816621334336
-0.128295363582142,-1.16218237603369,1.18435435327587,-0.132944009756169,-1.31073181531528,-1.26123982060239,0.654314517276689,1.23530219364446,2.03439620919335,-1.06222064656329
0.767597588143028,-1.0461074767374,-0.263084100346347,0.900054658493247,-0.334339364588372,-1.17722349182633,1.31019049221364,-0.838452163583408,-0.251573016820194,-0.462720689276893
-0.78880241818855,-1.14997650897395,-0.721711697730464,-1.09849948386044,-0.636371287103585,1.43874137184503,0.0633673950567,1.87143941875515,1.05115237361835,1.95645442466922
-0.439517572774821,1.15178039910803,-0.91123910329861,0.251249821830256,-0.568911158386509,1.01272237578985,-1.52181827896697,0.198345206862602,2.70167892715627,-1.16597755156863
0.704820803363635,2.45857824193879,0.773572249891033,2.23168491158465,-1.82199690519385,-2.43952156916748,-0.198976141192852,-0.674467624631683,0.819059336113941,0.92557024351853
0.348329004571497,0.102038650862289,0.702492370346598,1.05509303566493,-0.513390116516711,-1.88989952738448,-0.165563769407618,-0.61006975774974,1.03418836099838,-0.609723959669988
0.868841676125019,0.270594746135615,0.959317579938124,0.365679900172492,0.172480516237157,0.772957659049028,1.9224348764289,-1.17870437245499,-0.30141305969418,-0.416000027974695
1.07151052912171,-2.29574010865463,2.8902026101408,-1.60661266566621,1.38262268210157,-0.372662523545898,-0.77046984440975,-1.46069216497946,-0.160173283954944,-2.71115840542413
0.307976283077191,-1.46103630526263,-0.232558602157902,1.24007688940397,0.232496399410756,0.160250490714688,-0.859251727262696,-0.140518203059663,0.370153463266474,-1.10914177088611
1.61563644383723,0.0482058091636513,1.17333432406785,0.241269803902838,0.0267225723508992,-0.134382520223306,1.02029823345135,0.654140329495536,-0.657634787376247,-0.895988389388719
-0.386081027093041,-0.449447363738187,-1.02764188938937,-1.60652865438741,0.609825316995508,1.42023719295585,2.6245275165454,-0.850977681192705,-2.22611337494774,1.48018816683533
0.477297289375972,0.944748098978277,-0.657753854735747,0.146888558997103,1.1709220441745,1.36736258769007,-0.567155788943965,0.365682464127977,2.26339433928472,1.65490608270114
-0.791006778168221,0.306957457945791,1.28440635457051,-0.753058665100453,-0.852561564095955,-0.412448197830831,0.56794024464538,-0.233404930074427,-0.760113905171312,0.341688374655202
0.125670768122319,-2.05831266266019,-1.15611898376775,0.792524742114012,-0.0503988555700594,-0.734483078055895,-1.3793645291772,1.47235682704084,-0.171244318897225,-2.97815643089116
-0.583352331585906,0.968977542713451,-0.0229080941456697,-0.681429840480881,1.3254521619447,1.57986400219037,-1.68559887999224,1.32640016853119,0.947152048534917,0.88585753377826
0.339902998839699,0.615246656444667,-1.41829055820463,0.682531271193301,0.0149274499572038,0.448797844523757,-0.0974846072143175,-0.58242153692661,0.755050143997499,1.64009165141302
0.56149922835124,2.49953609089376,1.06162461435269,-1.33611457366129,0.351416624230213,1.50299993656381,-0.890587673024232,-0.94152419374922,-1.83658725403269,0.991905396832279
-2.10471244559367,1.00902668643113,0.167102937216337,0.31179075799391,-0.77830567982517,2.11785745841517,1.05034299082553,-0.119519170028648,-2.13728439876228,-0.397520266377918
0.76584835710321,-0.207365737318868,-0.31989126842182,-0.574130396951483,0.570708296553124,0.178012652383091,1.15022393313711,0.909961714878432,0.0200413226747594,-1.24322639027206
0.393570525624398,1.144488338944,0.467827966986496,-0.505852437734362,-0.760774301037803,0.785529773148548,1.13240026107762,1.05928445244231,0.277513330063254,1.62540285046111
-1.74648048344016,0.0336378464020381,-0.744367933814777,-1.3235424348235,-0.417209599398577,3.21466389284289,-0.728165446679719,-0.415521962345263,-0.82578924540359,-0.0687364203802232
1.8909355310403,1.52274143906894,-0.596302919260503,-0.163801302542976,1.32426613724771,-0.140094150271356,-0.465935413714402,-0.202617547794102,-0.388280505768651,0.254583329461351
0.963643183147605,0.502326941406127,0.766121785768398,1.89166874340031,0.241423571225716,-2.21329209687246,-0.82210732580093,-0.822798334224125,-0.0470173958727261,-0.0811372902242966
-0.30224727770474,1.26808473515353,-0.531804753100651,-0.564829134369572,-2.21025587403382,1.63952045222154,1.34343260607972,-1.5004909821603,-1.71589222161225,0.260587250971172
0.0771202355696534,-0.898466687311796,-0.574134471221342,-1.9590989124545,2.23269254494385,1.53192743264385,-0.321104593450367,-1.01234115334139,0.699321357465428,0.659699885625053
0.152758226128992,0.699499589459938,0.260676280320424,0.803198138845396,0.950499258437344,-2.54623007543906,-0.792665945995067,-2.37058659857503,-0.645667439352299,1.46440452703657
-1.16342578404417,2.68516814312161,-0.00736185005266232,-0.313049602593108,-0.4523171569701,2.64957848099476,-0.664238293079503,-0.210863856022207,-0.759631771184202,1.96578356439571
0.0684133533946875,0.402523718397416,0.923450647236167,1.48369063580191,0.173714263026894,-3.02838212318484,0.394025149560071,-0.532967900610383,-0.603988892315935,0.903933784022528
-0.798608011104157,0.630783220848007,-0.805025862340005,0.597392808529026,-1.40540900715001,-0.757449983952439,-0.562346570193124,-0.546495191759452,-1.49740280640894,0.97905403427978
1.31418936362878,0.231052833484089,1.09252520231598,-0.505945460313595,0.128856323105623,-3.06703326382465,-0.674301464469498,0.881977423360666,1.13488395607388,-3.56253189088911
0.615398406378246,0.89560810952925,0.862859144966667,0.370204829571731,-0.231708718089229,-1.36457001154747,0.758431869817156,-2.1608748997912,0.165840090718061,1.29691138152348
-0.485100329109146,-1.51336558270573,-1.07422214947195,0.553908098028501,0.856675103681707,0.0869424911504557,-2.25195546377594,-0.745915547376509,0.0499443896393232,3.19051363897213
-0.0692748746093069,0.253152592821021,1.37318304588479,0.242905304109529,0.344909489184071,-1.93366435022739,-0.141933104435088,0.661429936728688,0.374349857194219,1.00821650397698
0.195951772012823,0.381802948295474,1.26890654680628,-0.38774918458876,-1.40677516991517,-1.29038808584468,-0.152181522636157,-0.336759811737636,1.16264709797294,-1.09624453266052
-0.783608692130034,1.19410303492099,-1.6581428478376,1.04463978408779,-0.576268498587278,-1.859942909097,0.122888001833317,-0.799513416029619,-1.39710861347011,2.63195103961715
0.994851178117031,-0.444900132766938,0.990216725077127,0.58276009816197,0.753051678309071,0.253716126055305,-0.420104805898432,0.378605781281687,0.409419256846083,-1.62075187174729
-1.25758137828433,0.863124050905426,-0.731174252413075,1.07076117395406,-0.435473614563832,-0.840520472314932,0.542869712594324,-0.916183678659857,-1.86410604604818,0.701263110015044
-0.324863613174905,-0.814371445769711,0.70846182550426,1.87565899736923,0.627281048473379,-2.28807911374479,0.404326895006088,0.168180513831346,-1.38923127820647,-2.68101460747821
1.12743798813483,0.0162354430624909,2.89438690058832,0.0691660636426075,-1.0623062884511,-0.567940784922684,1.16069709646822,-0.572128900955784,0.28746722786984,-1.87671496793755
-0.191561454548993,0.498094882572243,0.0612509791726106,1.99682971637929,0.457113181629988,-1.22482688539301,-0.13018343961045,-1.11623592710696,0.667483441297891,-0.108084428385622
1.43658052215232,-0.230104320595268,1.48139799926918,-2.00213971952377,1.55293859158122,0.212705814993493,-2.03490253308203,0.730830962651215,-0.153653020141298,-2.44282043541765
-1.57952199327263,1.09846719511214,0.463300136176754,-0.816170135164349,0.302124995753895,1.63677649464984,1.40875604304195,0.375528717919759,-1.65794534379474,2.14791577442467
0.198663731790119,-1.20512117811791,-0.356644416518873,-1.35447907777064,-1.13714583282072,3.09351841450214,1.36071481697457,-0.920264445364009,-0.815782867096872,0.0790793921990933
0.590152758167126,0.601244976403075,-0.307494527923574,1.33830996418383,-0.321029835067364,-1.49973928612908,-1.05675671350038,-0.762160915898507,1.01967394345494,-0.998995510148206
-0.98659084010762,1.44276135467466,-1.02139112640466,0.199968427432193,1.19466105705398,0.434466925142764,-0.123893177048148,0.40244702393068,0.226365744818179,0.181799982875093
-0.851875135509787,0.389105714123088,-1.16167734163006,-0.0196265544181151,-0.178719445342926,0.129892099977986,0.247016529194313,-0.127132047487355,-0.0304577496796058,1.71931273794213
-0.155211867518574,-0.279917160151679,0.910881210494356,-1.39489641071409,-0.325306583942757,1.10463208604571,1.45799216064519,-0.296150864865923,0.868481736603742,0.0903680884926482
-1.14814287919436,1.09504157589387,0.234785611228601,-0.347272801225145,1.49655274979968,0.150820934895545,0.0451700860150517,0.525900049235043,1.59753736616148,0.356016347404523
-1.685618300476,0.537685168248531,-0.930167290858988,0.382771351270126,-0.275850877180237,0.146295413821123,-2.35501068744449,0.607197485184067,0.498171857348974,2.38360372935114
0.375057977320435,-1.39958944327298,-0.275493007739122,0.186051878414126,1.12993917709112,-0.884210199908193,1.01012448386762,0.716699938245051,-1.02298287008476,-0.414911320166432
-0.768850307402825,-1.96670377607893,0.425626594258605,0.910164718831313,1.32055665081568,-0.082446319051502,0.776534197652797,0.590079766628299,2.01857263240493,-0.677390270017631
-0.746184205775717,0.831581099719985,-0.233209401295514,-0.260817372527145,-0.0451906333247885,0.115568534058611,1.65164030873742,1.64038461249501,1.83851646199944,2.28067137008065
0.763719941287975,-1.56605985838454,0.39761452660771,-0.647267956209622,0.255556629060191,-1.75054142988062,0.637414899408833,-0.308509316971008,-1.82246788821538,-1.8325610757191
-0.433843767872042,1.06497369940286,-0.931302757681502,0.844342167054035,0.783183050970844,-0.847941783260597,0.431761061458185,2.80714049804987,3.30923935595166,0.560966010784582
0.275972286477357,-0.402125026841715,-0.685733844748309,1.9324608681712,-0.20046147439935,-1.35839051259007,-2.65696263450835,-1.24086927323462,-1.22438695748164,1.30134307942065
0.200030242762497,0.223822828176624,-1.08128267283919,0.273154016180149,0.955749048555805,1.32568399805543,-1.90269078263596,-0.319983016650509,-1.05044104559532,-0.216206736316475
0.702625586902911,-0.213563446429513,-1.66915359998244,0.586533919465202,0.29052210902241,1.39788411505151,0.907193359358465,2.29093741713749,1.65093521373618,1.52397563912097
-0.132067629276206,0.261056330850743,-0.315639677008915,0.426000031307622,0.0434291370566627,0.32345745292571,0.218811452654941,-0.0771885757752591,1.66362731125953,0.365376315745949
-0.0560061135806499,1.77657015987602,0.297937821273162,1.25135912174144,0.344651995552124,-1.02161294446154,2.42993966887572,-0.521289257341027,0.751684641179915,1.64724731998129
0.476678342649758,0.368480921982452,-1.36081100912443,-0.219891947099891,0.763841735292854,1.26273559499362,-0.404520738464737,-2.06777722763885,0.0162854857557527,0.545017725711498
-0.118467978728407,-0.463316364839244,-1.68404622070872,-0.649135979030234,0.316335182524739,2.28199065541576,-0.262212488374672,-1.27025331931244,-1.03605569094955,0.830629097305588
-0.928980455752301,0.30257510814039,-1.09636971571178,0.431757026290776,-0.171570307029747,-0.49604832253886,1.47498316110859,1.09703879854119,0.6435214634027,0.680507957101707
0.335420510379429,-0.25759767522138,1.2359535284408,0.845333880596903,0.494776281704216,-1.33661128685112,0.258115154363948,0.472256323623111,-0.677710405567774,-0.897770512515502
0.503707587793901,0.602061590516646,-0.430270872796251,0.766472232845261,0.0153910040010423,-0.652762265414991,0.551811240209385,0.116231950008011,0.481695766178078,0.0413200476071898
-0.317992044953815,0.538388011818354,-1.60521565246814,-0.717520480803172,-0.923144193356274,0.730031199948178,0.749355031623504,0.599011654507851,0.272724013337692,3.57695122547933
-0.314960886842697,-0.298225207966014,0.402489565960548,-1.15262996308186,-0.335676127001169,-0.777130005729857,-1.75337645946181,-1.15783100732928,-0.0413010850243727,-0.507828920462693
-1.43938816837177,1.00453178304934,0.294102985790339,0.437548485165472,-0.126277401703766,2.21110700234976,-0.583000190529868,-0.99136409328881,-1.74717825361625,-0.270167478231159
-1.30256755679132,-0.671665558753409,-1.41151607152979,0.74699737461446,-0.319799023054641,2.6971069662882,1.30782987256668,-1.1916396632124,-2.37583378510801,0.526369951520565
-0.259825650819293,1.06516554146357,-0.107598392948467,1.02992088817704,1.28853075650297,-0.734445611070236,-0.798404155412993,-0.0100580494635734,2.37332347316651,2.99534335869052
-0.813612136173539,-0.793795256662759,-0.468057863811708,0.23042240055822,-0.531849425945526,-0.832267890522901,0.624353198834872,0.00309281649792031,-0.497805557670225,0.349742535623858
-0.146764632293859,-1.03334991135594,-1.71259619982219,0.60069234338385,1.04268331515422,-0.563924840029602,-0.149078895444189,1.82627418628489,2.15739131215568,0.504269426183739
-0.494498042743406,-1.07945456132186,0.259549294572796,0.836400338036388,-0.64489877562222,-1.74184249678022,1.31859629252576,0.103297508594084,0.152666684322563,-0.924641504503846
-2.49321782824256,-1.23100057426974,-0.827743980732187,1.58946071387863,0.446015597370365,-1.15164930846962,-0.175074792797606,0.30042516555525,-1.36234974098398,1.57701405621308
1.12484285932162,0.339899722059792,1.51587385219066,1.52617497647738,-0.32019168599342,-1.41194398329153,-0.424343821785536,0.67956628240697,1.06027311002723,-0.0271153224926611
-0.293767348674459,-0.145854124207195,1.22615795347757,-0.399588889107506,0.265855009571713,-1.01587467313228,-0.945989126753609,-0.613859566099608,-0.0463338371502625,-1.29053179003762
1.38855587124593,-0.304622573802283,0.616415560489596,-1.2849910173583,0.215707724601041,1.14573785021292,-1.75033653843173,0.979782008422524,0.0617990060217899,-3.4722315192857
0.502822515749523,-0.709790131769727,0.834942234863184,0.277681473931848,-1.31330218857684,-1.38571351212743,0.0996005352783777,-1.68522389950542,-1.92419436526398,0.040374846235787
0.437597757219411,-0.544638272504626,-1.61327593721226,0.613533741032409,-1.34772461912994,1.28652171168686,0.0864293010198928,-0.392970914877967,0.382188813431706,1.72749639992627
0.500593168839473,-1.58947794436517,-0.174012058354184,0.599482375274859,-0.17349156628607,-0.123618151766639,1.68520303686099,0.0301531293828728,-1.49665804314006,-0.556096000166481
0.381070605286051,-1.05242194633119,-1.13486767209773,-0.16459535642035,1.05745595855109,1.21812900093667,0.821667965844982,-0.713656397806861,-0.613817442716068,-1.60194891505754
0.379878916391968,-0.205232140576214,0.262717128264616,1.00219393006228,-0.0194278461822652,0.0320574012083786,-1.8096023371493,-0.534923204517597,0.433954924500567,-0.946306747918131
-0.365434577813223,-1.63348829139543,-2.45095080784441,0.719539374964052,0.964019115912538,-0.000974662789313518,2.46362720836454,1.3636014904193,1.52530237084823,0.68581491249647
0.11655121393661,1.36312775637905,-0.993726555525688,0.222142369100679,0.662899497442019,0.104095871424599,0.224341364210406,-0.179393045967907,-1.22506200001932,2.08984686371224
0.0818743165352564,0.251319566258471,0.947278755706925,-0.772987532284946,-1.71261960602111,-0.317662493105513,2.38492497537323,-0.248708549858638,-2.39333727064573,-0.0266055214174541
-0.139907393463293,-0.0656316792668867,-0.769666703840068,0.194615709640769,0.0195331354963164,0.0173545467553794,0.464999412316456,1.83513547792999,-0.0454245610552416,1.51280914418687
0.598377748929972,-1.21642778045747,0.176264791218976,0.0480890662649989,1.13597975463907,-0.271721851411965,-1.29244190786989,2.88094502526709,0.57051116027672,-0.430668018607805
-1.29759841065229,-0.746271117584498,-0.576986418644949,-0.195367266157543,-1.04641468451224,1.19407769650166,0.323579300386079,0.338944279401106,0.571469465042225,1.60613261766361
0.205565575250013,0.186763882733867,-0.366615076836321,0.883197892321644,-1.42689652435487,-0.643142647200898,0.0661359299314237,-1.40496225597629,-1.82189277958978,2.50277453326481
0.519536028671875,0.912556658465518,-0.222214664883372,-0.78827899021544,-0.629144115823841,1.28813111763518,1.48919313574473,0.519952659945745,-1.93817479246297,1.82267276727126
-0.420529905563958,-0.38410994458687,-1.41406297422642,0.0387431268716843,0.437935075750835,-0.190024136347346,1.68116653964067,0.593746984841796,-2.73371572659832,1.21997519691687
-1.90954196470451,-0.963979912911271,0.79736163237181,-0.774929149357699,-0.0196094501059869,0.819979726471386,0.405596759492953,0.305082531538094,0.166190531771158,-0.284213508093081
1.93561404126089,-2.28921866438223,1.39267867995905,-0.380332871590869,0.194847092705122,-1.56186494217007,1.55772621642075,0.874816147617126,1.25084020677747,-2.68418226899961
0.0292328264910958,-1.50334436737039,0.150239525009571,-0.255812319362926,0.524276971179895,-0.134930852280714,-1.09823803376227,0.616907150936682,0.960527852877642,-1.67550203908956
-0.0934042893034643,-0.203932761998801,-1.25490156574876,0.958809009042069,0.944104141273137,-0.261620635195651,-1.12860344381106,1.03755429830218,0.763185382207338,1.25067685272079
0.440849538674345,0.111804642711412,-0.176998754525959,0.931412841964521,-0.592932292160532,-1.9864950901684,-1.6423388842863,1.89051244949248,3.17712474939226,0.503899036343483
0.146734706571737,-0.143850575324811,0.973511094359988,-0.774448007572341,0.146444756515615,0.0474781134340532,0.245092232875392,-1.96929880662371,-0.660787125577105,-0.441784069339521
-0.279376469918321,0.999852342047492,2.06662937683342,-0.686509249259465,0.254627421939834,-0.210467118768334,-2.04426564406271,1.71487284717599,0.867625034935083,-0.417333401757437
-2.6321887132776,0.392802996273128,-1.66695630882413,0.801227691777664,-1.0990578822112,0.285863959631106,-0.315762548534202,-0.776883435061697,0.717950934200418,3.00392690712654
0.651703747199985,-0.333635026821403,0.306634840477921,0.546433476138097,-2.10371532252602,-0.44120390494692,0.309740999016599,-0.303327583086594,0.0427206396761277,-1.29380174428791
0.855699470272687,1.47845440709667,1.89611539800475,-0.200429054543442,0.0594305547331316,-1.15148350117224,1.0568999614755,0.0763856235853786,0.463518303157953,0.621494066700908
-0.450541092467887,-0.182034072373649,-0.491849366932023,-0.533231298055883,-0.277266319915629,0.205618187137269,-1.6302050827053,-0.357485795988945,-2.43192695093014,-0.669249194383058
0.88015456760403,-1.77219204609314,-0.933010470320065,-0.974506396795532,-0.570232748349079,1.59100463773235,-0.54721398517566,1.14038851965208,0.491852105454447,-0.705113044349348
-0.623210679408915,-3.1566101885814,-1.37171993740071,0.134827689168617,0.604684883811008,1.2877947462773,1.03080044727998,-0.0996265771554675,0.0940346106776809,-0.818130822863376
-0.713123152012218,-3.00976473067877,-1.08986320219917,0.0630483654150558,0.81346982689037,1.11339332354561,0.327478634911198,1.51381743988247,1.71720979170891,-1.34954117498297
-0.117723937911244,-0.915176782997561,1.22360218997067,0.802977285769305,-1.31049005413364,-3.01767345708121,1.76941803827114,-1.78044068099257,-2.25754915254758,-1.08714175150884
0.355493764014962,0.292375971009673,-0.165555158655597,0.294896899090596,-0.567017604803105,0.393298174166924,0.0413870391208326,0.330098335519507,0.174574664363237,0.869459516505017
-0.708043700550892,0.747611647893014,0.388403453072461,0.946832127565804,0.685062400473514,-1.7325424606445,0.16992836646005,-0.170949508558125,-0.620798949542368,3.15445626510451
-1.46612485264679,-0.425051820507566,0.0476796567709893,2.24997119404503,0.657286600899245,-2.35810940543671,0.902824967723537,-1.02967315525511,-0.0915790238298316,0.547086928617644
0.0545496706045838,-0.205455096480697,-0.343504430840916,-0.658169760115065,-0.647559717335463,3.33441498939596,0.760441249995615,-2.1267460916137,-1.93797936680889,-1.04072599899404
1.4438941976507,1.02135919557574,1.13098608810184,-0.945618963223628,0.138316070095204,0.0717018595301068,-1.37954647945623,0.831980253719625,0.48970707314144,-1.71135281871909
0.384233693653357,1.35457058298518,-0.187920500972471,-0.593941757599371,1.00729156291839,0.98083800347677,-0.520136474598378,-1.18238520584917,1.08609840528771,-0.0216755616506503
0.0727569353589982,0.555797902814172,0.0969409545672248,0.926605057972054,0.62393207639598,-1.72309269649655,-2.12167497335813,0.392859309737058,1.44426289586135,-0.458271091107574
0.19750740652777,-0.807084512632799,1.00751777325763,-0.166250114501048,0.0148914520509324,-3.41328927299433,-0.791965095543448,0.969186603438146,1.70953005187245,-1.70386343275347
0.327028312490109,-0.00846477325994764,-1.67901685451445,-0.152308537906556,1.33276046439875,2.7990956217696,0.519878525719298,-0.385745760872057,0.418088303503277,0.359654790652536
-0.921755424449409,-1.35587175582665,-1.32183318781236,-0.705239879421347,-0.0861361942205806,2.08753432167635,-0.537558771782544,-0.409315836752613,-1.16525191355654,-0.584538908945834
1.35197720103095,0.882950723417292,0.311697177281759,-0.396700735387635,-0.288886528732926,0.320298556695446,0.0218421450586485,0.230707323269013,0.223912763489219,0.602111169964289
-0.663878291045718,0.0628652722501576,-1.76979897093145,-0.32670580004167,2.43321607829272,1.02670328483154,0.229677440812668,-0.47756073150982,-2.3243129367728,2.49944981490459
1.04398560856576,-1.64575095291193,0.331981571032156,0.623493659483931,2.36677125484884,-2.10737973317856,-0.765578735964383,0.0161283075876527,1.63907628712793,-2.25941804094774
0.173690171372666,1.87922958862226,-0.514329489675136,1.75532152068079,-0.471775889490035,-0.971609640072883,-2.48519737933549,1.32456174450737,-0.535709264371803,0.969345272833646
0.412532877510387,-2.48829570826424,2.43889413333233,0.623741450181928,0.105125361709295,-1.88546303449613,-1.34737960485227,-2.67962638384466,-1.55710223917246,-3.74836179068609
0.603984036420296,1.28318098158867,-0.930332730231591,-1.07917564465038,-1.76352469185942,2.82821476243531,1.03342069517737,-2.0693136355759,-1.32105683136004,1.30777737069432
-0.498855574951795,-0.730587976826065,0.995338952929975,-1.05634921320823,-0.262592874826707,-0.438256979910319,-0.280694997361974,-1.28919688229524,-1.12246344459331,-2.09755818945093
1.16601740960863,0.0477059944357874,0.395609857163066,0.667520841881253,-1.07434858704984,-1.85058224653636,-2.4257900839074,-1.11725894482928,-2.03452654015476,-1.73741652370327
0.737769096965867,-0.279168405383781,0.171578554838522,1.67161550023636,-1.14286756786402,-2.50267900183019,-0.533166368646908,-0.490622826047196,-0.441287540867401,0.197593189735672
0.0977914592467669,0.0536490835396303,1.67584899470795,-1.49347630325876,0.758910533487589,-0.619589972452856,1.45838888584307,-0.399426751369109,-1.37586621340604,-2.49332437306503
1.66097882848173,0.96911584494621,1.97843357698338,-0.210886991029869,-0.601273021159737,-1.86629267057703,-0.992493094228051,0.393561359175511,0.372168896861463,-3.16625879123909
1.32277246578896,-1.03296588657342,0.497240641415528,-1.42837871769963,-0.893222528637327,-1.84158523629734,1.09901472161149,-1.03253574088509,0.0345524377487548,-0.805277922315498
0.34036633956701,0.461700580785701,-0.220366450395186,0.168962503294231,-0.159012950100574,-0.761987827741952,0.577971525777953,0.287661282232383,1.36470280099575,0.118529401481531
0.292560736021053,2.08159195443238,-0.347130278440707,-1.25562821305687,-1.48087809380283,0.97383962895368,1.11976838617012,1.80157480161429,0.682463583121013,1.23396594300412
-1.22908962536231,-1.71428990617651,0.152159752361319,-2.60816342793461,-0.25303794497284,0.890952695641638,1.08577341714229,-0.816320486478567,0.051491533659846,-0.0273130448558662
1.11747822658869,-0.632879495172982,1.08496562962935,0.257072218488065,-0.172376409687788,-1.02356792679786,-0.212031438273108,-0.776532217777746,0.284582259943724,-1.80551220758096
2.48620357885174,1.89101956971444,1.53029516092514,-0.657473488811644,-0.0905033313711851,0.915727465343688,0.855746673219972,-0.61672404387937,-0.435939071758789,-1.56718393774802
-0.590340113500238,0.451695236783492,-1.30986298283415,-1.32770560213849,0.0699025542188125,3.39536374047096,0.395130694258459,-0.500535347689621,-1.92000457652465,1.8148449005689
-1.75472113949933,0.108135665466636,-0.594699608878781,0.329983428119317,-0.397993673996377,-0.798172901447476,0.14125432450745,-0.0264593435180242,0.576117989140467,1.02407234469923
0.848751978928647,-1.7167927839364,1.43377731075649,-0.943486274887345,0.349071900696725,-1.16399461987979,-0.0853700861935278,-1.17353386813988,-0.725187227710255,-1.74543681444266
-1.01001396472292,2.15400311558975,-2.66586289722958,-0.499430786339672,-0.0514509053739072,2.28796022908264,1.20354009760637,-0.536803212001175,-1.05179660773405,3.87157552255834
-1.57722187254092,-0.455713146815311,-1.09870610029725,0.852835689974038,-1.03867683246997,-0.0450885675655523,0.780883907460406,-0.133477538178389,0.250424097766429,0.623671097753907
-1.04959683360504,0.30154022687535,-1.29456293975765,0.613725151086389,0.0839093678357869,2.10171838591815,0.241358149857953,-0.543913767609395,-0.292570423924716,-0.220559828628454
-0.441767093881489,1.84711554945556,-0.295383844891838,-0.551516926599933,-1.47394887727731,0.846514570249008,0.098589327466601,-1.13187239463329,-1.61845962722103,1.85356934119675
-1.32512301548574,-0.681982049990795,-0.892929587516991,1.87894748138067,0.148002564464411,0.121050484250048,0.911374826241532,1.38224595421318,1.46025793064526,0.129384689051865
-0.696347216210743,0.890860698006988,-0.843252698985844,0.431544050798024,-1.06953125925091,-0.354592412408433,-1.39474559486771,1.62980954513883,0.421425671002484,-0.348784824074216
0.841366625028938,0.830397781085117,0.439645796171888,0.165300115173711,-0.282782889117112,-1.85582095989027,-0.0251312794850532,1.34908130960415,2.28221198431197,-1.09074351747754
0.84520780590272,-0.00297664277417437,0.183114512475839,1.91913692157107,1.8403331063836,-2.85840003797877,0.338206097505119,0.838767812944642,0.0727699544065206,-0.840160714102934
-1.09951451887859,1.83471014834749,-2.09687346368443,-1.20188236174967,-1.1884788598026,2.73907515907521,-0.340549347727468,-0.182123284370318,1.11070347840317,3.15003346238223
0.27173320351268,-1.72382136036965,-0.315861541074682,-1.12501032284942,-0.554223896427018,-0.54846869526619,0.289661747671509,1.66748207460703,0.720206676292127,-1.56669835461949
-0.74826263357531,-1.53175055431266,-0.797202770124365,-0.0295951166168778,0.251797240970618,0.546704551081722,-0.391310515041492,-0.391765144510795,0.0158212792291364,2.02843488418024
0.126059638669549,1.87888357609621,-1.2952468553491,0.987471824922081,0.0432280475707552,-0.065934457679808,0.451970889333753,1.01823543433553,0.807651439958536,2.21566018949553
-0.181939594880668,2.43542468399665,-0.442938623887749,-0.0537022897186203,0.550534161635273,0.200517903704529,0.261926562105371,0.637110498593856,-0.769158879724134,4.06966311962577
-0.456157936737082,0.548973985505795,-1.44709627941514,-1.03619492665265,0.210181311571525,0.624563654461531,-1.52400083110266,-0.542804601671062,0.100427426419693,3.95770553729938
-1.36306023823931,0.572728884777923,-0.918073182456305,-0.264935729359606,-0.269128758461954,0.56245147312649,0.0570133778814589,-0.770397635763096,0.247897193482135,0.496568467927162
-2.02771150416371,-1.68409025533443,-2.3174367387376,1.20249910141669,1.35714155015412,0.156033523928082,-2.3996282486007,-0.115551158183795,-0.00385469572035547,2.25410130989988
0.300252634126234,-2.21826673917828,0.735288758524179,-0.0854846595041749,-0.557450262120937,0.0124136737119005,-0.160319069357532,-1.59388598005508,-1.84453843057627,-2.56889109441092
0.596527442270915,0.0919443404797526,-0.586448502756058,-0.111086603413202,1.83295180412012,1.45076108116287,0.956037838259567,-0.459634500112354,-0.179655975353222,0.711356740301271
-0.696289672601547,0.651134592228405,-0.27966833521135,-0.550286798858378,-0.673827934866093,2.1510099544532,-0.810849067623875,-1.31609959733475,0.655480697786842,1.30125650869235
-0.578899103198351,0.714304200206296,0.208706973558109,-0.0220674414694404,0.824301148341849,-0.152545804170453,-1.3865842941021,-2.21740016991101,-1.15916463961249,0.610867088477748
-0.321847682613979,-0.381093140801611,-0.607885105727683,-0.21523490954624,1.55396399224783,-0.251067210041324,0.799843740195445,-1.07501767391446,0.873516003112848,-1.55809194159105
-0.107635808033907,0.785375445059494,0.270311888767456,1.69506896226669,-1.40146110188089,-0.178236026264368,1.16114098727366,0.922089365009835,0.162157025860673,1.21153077935158
0.529219695993996,-0.616181142527001,1.04315650404441,-0.169034359706823,0.517267420272133,-0.784104958621519,-0.655867162464967,0.769767843259479,1.17982015585835,-0.151160424466433
0.806243584903178,-0.0831226322611895,0.70876988315031,-0.551683311073275,-0.0583361545354538,-0.517408932678152,0.709770506873494,0.494484623778485,0.147710539268158,-0.515162426549293
-0.769200184701307,0.377134606790026,-0.87805018081685,-0.173769700632525,-0.0807699937295009,1.40414055012679,2.83245891911905,-0.147851165108666,-0.459083199450875,1.55411373867076
-0.828024480574978,-1.06519515738196,-1.19601664345384,-1.22068189754388,0.840785904347218,3.73051529169784,0.102392839436882,-0.366787697587879,-1.4324072516502,2.58568644623533
0.264429927158727,-0.229128428546876,-0.00369085556749793,-1.41076848558255,-0.0802681281635668,-1.0553478588537,1.41560179243049,0.299351822024402,1.16195912419684,-4.6861383028021
1.07903182487389,-1.49688901133625,1.01665076237245,-1.01715053198892,-2.21048386328155,-1.64899545973737,0.556704961338871,2.14901585798707,1.89278625168798,-2.52886788379769
-1.09167465202638,-1.219158166855,0.246224105593924,2.51808999150163,-0.0204877622144048,-2.89118127946907,1.0159214938476,0.83853986522054,1.85116634648717,-0.256673619032403
-1.97100675149301,0.768210757023727,-0.316851499656672,2.5263118083407,-1.04170578280154,-1.75599142594196,0.311561136488175,0.744120761539049,0.222846597714141,1.97570645937889
0.39257293426231,-0.0540074819409326,1.33003138977121,0.704184448184197,0.0735264432568528,-0.631195345356784,-2.13662579520723,1.51611035916025,2.99728042938963,-1.19936361654617
-1.51454288908591,-1.53050305817826,-0.526092936511051,0.699734944620126,0.0683105426608494,-0.287577494703953,2.04301896352261,1.49251433353225,0.325621832988056,1.11113171856448
-1.51982572585259,-1.342415935477,-0.181998409456246,-0.947792548290965,-1.24054022856919,1.86371924201946,-1.83986235409516,0.396476202542537,1.64186412426322,-1.47408301109031
0.204013572325016,-0.194490911589848,0.00241262051222299,-0.483669153778917,1.42890445712085,1.17575419176871,-0.706055350350359,2.92026218225352,0.470732731331132,-2.3868811470349
1.54750659130129,0.71483158357848,0.0392754695758735,-0.852894628432438,-1.13730224137825,-0.698789453829954,0.936329113564798,-0.527471142803092,0.423407213118844,-0.854088094461453
-0.295138774854872,2.54992004550744,1.99064865493009,0.921615608547924,-0.522487679628528,-4.54395791981124,2.44137376005141,-0.753094210874336,0.06724337753438,0.415177808955684
-1.57865770216357,1.71347886446051,-0.126425483418491,0.409626166011169,-0.741346628149154,-1.69223276363116,-1.68184751382638,0.235623163088662,2.31781976284802,2.67022189818335
0.471741370401868,1.5747718788604,-1.93003981942391,-1.37593383888994,-0.413226448901443,3.5280811812137,0.063462668059061,0.614665022405649,0.0981576394327267,2.22885874624781
-0.54597414678385,1.06332970371384,1.54437746935759,0.207304130544484,0.493605597316538,-2.90778213129742,0.611209246173518,0.205214380820411,1.2708870948277,1.70797806982027
0.955254910347562,-3.76734872725722,0.251146905472455,0.500271259145719,0.605600661435828,-0.0956402106631067,-0.248137821735419,0.648784040445139,0.622280510059387,-2.76807599781248
0.519890120824963,0.213027406344605,0.600192032347682,0.818802388691691,1.17839427626115,-3.31144103363809,0.62004423774852,-0.102605532601957,-1.38590690686261,1.4392439526011
0.36883300074234,-0.393621549721075,-0.196370640558397,0.151106088588973,0.122146466621748,1.44471185167666,1.51909078523435,0.617467555712693,0.259012718136947,0.962896949803729
0.40758541722346,0.592957186134044,-0.0796139485718652,-2.34103621211911,-0.063600809405722,0.41813572757811,-2.55580366584092,-0.610132547674328,-1.01477427469061,1.58461771926403
-0.817789305060551,2.36703235617791,-2.1601610442334,-0.256810197974694,-1.72274774073162,3.93983327734347,-0.0166664395669827,-1.58615518477232,-1.68485481711624,2.92575615004468
0.602590078911809,-2.92563455719867,1.24724947016676,-0.519003983826648,-1.09203581149171,-1.11954947063498,1.06262006724838,-0.294385268242442,0.516842387655882,-1.87711673112233
-0.0154661906988524,0.914585448812652,0.314700067039723,0.394835155509276,-0.118267829420519,0.195403028295647,0.0460202764491287,1.60084906248536,0.383882654822735,0.0638325181062545
0.109294192821837,1.81934045481257,0.990938176432258,-1.3912209238508,-0.235272411272639,1.38790512194353,-2.32576582669827,0.719548726441198,0.10115776798882,-1.94061674416567
1.05609174134268,-1.71116145868565,1.46077137668274,0.102342275408447,0.301658731785176,-1.24691429008021,-1.43404784192993,-0.415548085544161,-0.368616939837313,-1.26084441093332
1.11077162743785,-1.70259558725357,1.21252472685385,-0.416944686279108,-0.279612123349807,0.672340734829156,-0.656675366694833,-1.06037743673153,-2.52431200297914,-1.26483708008006
1.18482356475059,-0.360567389542231,1.21569934956422,0.190023030611375,-0.251789014763165,-1.56794013637359,-0.234394943565494,-0.354750291838369,-1.57835120575092,-1.5897677183201
0.622519636702974,2.29800894253559,0.850825809618761,-0.97171081358763,-0.656848535254262,1.13479359427917,-0.131733615509435,-0.498741519170966,1.2866775986205,-0.101961350998042
-0.412591230253838,-0.124380977453822,-3.02948635196182,2.07519458919536,0.449820645803739,-0.0760866797747104,1.34951022954691,-0.420649222152597,-1.01090533352554,2.07802191679391
0.58432704813145,-2.79417655161698,1.47848363895291,0.0461244225124615,-0.748849844471422,0.671901749861769,0.535120845378864,-0.729421959745696,1.02147102612301,-4.10464645497653
-0.8624577221831,-0.814917940093998,0.297180382829934,0.000912133545238746,1.15620104525674,-1.72258965235278,-1.12934928583287,1.14931385149757,2.15433009104091,0.0731348113570817
-0.451367697478179,2.04823628760948,-1.52687627561015,-0.6135745596201,-1.59658206232162,2.06274237539679,2.71509416115355,1.52024994201965,1.12653300516729,1.19623367845232
0.787053318417659,0.0532612360040758,0.863077831636525,0.658085506239292,1.34140042478525,-1.93873963545176,0.575586304354461,-0.547648432977309,0.127062149865092,-2.71074289609837
0.786513803415005,1.05111180070433,-1.61293136286321,0.358369615224919,0.337513615793282,1.94710673973107,2.24164669468511,1.94682657084023,0.505268399877227,2.4867538111572
0.497932482348963,-1.26069348483187,0.688000313498179,2.08001906922532,-0.460019401361867,-2.825782093858,-0.766415156635823,-0.66298325551253,0.980826809213307,-0.971685051218041
0.838496229815268,0.779388004017634,1.6332041554836,-0.0773511861336992,0.0549307528522422,-2.34430190114314,0.387188747774067,0.182219617030941,0.979859890810508,-0.638251302912043
0.690484833919499,-1.30817522036092,0.528960379853057,0.00967491302918416,-0.42746400988383,0.86238135831606,1.40074047489325,0.49575311108743,-0.672814558468975,-1.01717174917886
0.549850124410963,1.03179667785976,0.340927107724288,0.172262613324255,0.748660584536766,-0.989344794408168,-0.599142422876448,-1.31372260493701,-1.72448935177263,-1.84741729403165
0.236830269178112,-1.04676211208297,-1.80664720678465,-0.154599067179422,0.888861241586345,1.75668565596411,0.316352368297392,-0.47873010151911,0.608102026288689,0.421842432948174
0.103472025564803,-0.274244038427657,0.830812063904476,-0.399932351348253,-1.32522357713565,-0.915059715190212,-0.243113659570067,-0.0114690425494787,-0.221414771859227,-0.258954302729439
-0.798551527300995,-0.14119850226955,-1.17455088622467,1.04446739563237,-0.559121610338453,-0.0291360409391827,0.313856201636529,-2.59027194092778,-1.70837661770206,1.60986152684101
0.0840809068413525,-1.46112161631763,1.13845942702159,-1.00659882045406,0.463578649509976,0.326104110272579,0.535409787604942,-0.427434663798533,-1.04387742771948,-1.44807339545615
0.138793437238737,0.0498825861113067,-0.547899095217923,-0.102678845531585,-0.287271264931111,0.768048188534993,-1.64744253965929,-0.577955375911993,0.536047417921318,0.126876593965615
0.434071500462874,1.85974545972072,-1.36957282268023,0.305276774635083,-0.178298734452869,1.45522240567231,-0.67861449251683,1.68481237279749,0.737869744898762,3.53405029685924
-0.983099970864494,0.00923053413254716,-2.00338685065933,0.0177058163499936,0.99575427294107,1.65438336328571,-0.544317235941362,0.00954297741604615,-0.699660404404252,1.64470933958868
-0.721952540879417,0.299979834051171,-0.270890204695792,0.217627395681284,-0.801868036533702,0.821585781718802,0.0325891855497725,-1.3081818461662,-2.32411678129775,0.133936618203519
0.65600178711601,2.01330712754948,0.412267266830353,-1.2268567471759,1.40092728750777,-0.620062925797991,-1.56721958263143,-0.521811300288747,0.725132036295363,0.96778238695743
-1.07686305229389,0.989866921950483,-0.38868906302463,-0.893401811630603,0.323805411218883,2.92634316638362,-0.284264424161225,0.0938759009231579,0.494940794337111,1.75462180157372
-0.944868822074159,-1.43400647235896,0.933607596771177,-0.438128870947379,0.497336806865608,0.474602975891729,1.77887347377861,0.223976620793858,0.531298837481435,-3.09364880906144
0.339784776162911,-0.142287818803311,-0.563644543196949,-0.10138048298965,1.77838433068752,2.29976543690534,-0.628621783033358,-1.42704040985351,-2.03216888808064,-0.0859331067070932
0.205191070728809,-0.762842801336788,0.229934507923958,0.366985709247079,-0.622248211883371,-0.601117197468004,-0.315448928778438,-1.01221754395858,0.0357151956870043,-0.77554938607797
-1.41423656800666,-0.771322813522268,-0.676571482766135,-1.2803634953734,0.533663566557091,4.22509924043706,-0.976054977502638,-0.197189747413527,-0.271182846771981,3.06811703427212
1.21886651868852,-0.343201677367114,-0.700310318695056,0.643856815831809,-0.917201808601637,0.447061831715304,0.805533691976185,0.579726244468373,0.739766582047547,-1.08394934504461
0.896600346552017,-0.156745957042241,-0.375923634869231,1.02259010962974,1.2028668307611,0.932145031119668,-0.440662007322086,0.929059559531647,-1.23689678113416,-0.810937733481276
-1.41076342458533,-0.500987878024527,-0.906772844927646,-0.0216271309370585,0.883667330568545,1.22957898365786,-0.596859936842569,0.316128557277548,0.425756211884403,1.05064495844155
-0.7048801033616,0.613137900748723,-1.36621955914053,1.92506848874564,-0.916006609789373,-1.6142679878054,-0.325291857996914,-0.400181058448431,-0.1715926099979,2.50141072753353
0.0273981933982849,0.491538608726334,1.61272118719102,-1.40112558272594,1.23108093563464,-2.3334023360725,1.01212764880347,-0.168308309440218,-1.09085312809041,-1.27559123241982
-0.0443818822038944,-0.979363974134738,1.23425665971128,-0.500753439302863,-0.0740165283671022,0.40024260500236,1.23471969168984,0.274730692377254,0.41526729063162,-0.49591694844249
1.13148052797705,-0.0438025188863407,0.24643385724614,0.452918287740988,-0.396945510699577,0.606866425972936,-0.781766721424568,-1.03026654109082,-0.139309598565937,1.44389611004176
1.88751091902756,-2.30880917807192,-0.206813225116827,0.0934857484689167,-1.24174960715301,-0.528162549447402,0.518614638223456,-0.12761824456338,-0.220828083831378,-3.7700987463977
-0.544067531070562,1.97609174096976,1.54048281084719,0.946138888731661,-0.569049534367342,-2.86649850013224,0.20870097162181,1.16204315937423,0.59251775390913,0.6678779690625
1.24940000084371,0.797330817664583,-0.380538866285042,1.10205093141002,0.290611347356412,-0.763750180394734,1.10854703028089,0.749057120436324,-0.181374632548931,0.174216145662102
-0.48925209834529,-0.357564535375469,0.427618457000264,1.62206133544125,1.12378500988957,-2.25389236035348,1.32232247485821,-0.767717169993437,1.52518775150845,-0.743158877418702
1.3375500620283,-0.47787110938514,0.399061017762669,-0.0147744135758148,0.175622867198472,-1.74493793624465,0.0686020656386632,-0.0335740887651594,0.404703331631773,-0.560425045759684
-0.942305888318667,-0.284748108807179,-0.0599109341408898,-1.88467535816519,1.53845016399773,0.684849326818624,0.0638532803848272,2.48956943205966,0.792693189460148,0.0708844434062592
0.685034339553359,-1.90505051568885,0.222017164776356,-1.6695012146448,1.35792843211079,1.27565934488455,-1.0974774971225,1.41836065583334,1.76542080838729,-1.68319098709495
0.510900310843166,-2.60060920706995,-0.433160594659369,0.465958287958099,-0.754008528628535,1.88638403244251,0.262352540829441,0.341169747983135,0.790176007164274,-1.89278958845988
-1.33116642366699,0.203957380821376,-0.87565376488013,-0.246909667424728,-0.414398968673617,1.92974247858336,-0.534799152326606,0.675532372089693,-1.7376603108917,1.28255135183643
-0.531291345380489,0.252158643592278,0.0341615470183446,0.625811268361728,-0.634090075205453,-0.412771810784211,1.49020811184675,0.00621935695718046,2.30833423999314,1.22201131175529
-0.294630957635352,0.95079435890414,0.357130997680858,-1.47958540071427,-0.372386737558585,2.95604668694712,1.60032819319098,1.2594880811933,1.63703561603383,1.04135921601032
0.296006512533681,-1.07689963333566,-1.04851203548133,-0.153091812801236,-0.177271367875177,2.05708044178516,-1.04987071970697,1.02892553062471,-1.589566367456,1.21941169137267
0.50430228051406,1.60979538902564,-0.731314191924796,0.689440871827278,1.43408627735398,0.525186870457337,-0.202353181423173,0.81593572111604,3.32131280255892,1.2146582422287
-0.19341097300307,-0.449560533930989,-0.871167798788799,-0.610166417341149,-1.6737042718934,-0.582778190398665,-0.117446932103738,-0.136339049039918,-0.583711578218284,-1.10017287433298
-0.311737278042272,-0.373028231383016,0.372892228565832,-1.32806882604363,0.564498259732896,2.14403458500733,-0.379299161515096,-1.06525018988422,-0.396317653161951,-0.497700905079149
-1.10679402880405,-0.148494432147329,-0.645372887395017,1.41402800839971,-0.0857193369357888,-0.97952170726924,-2.2174080508457,0.339027928810365,0.627937105931653,1.91433853017724
-0.942165848268414,0.293415235168036,-1.54398404178277,-2.0096726972176,-0.983120749386686,4.26412479459636,-1.38965359257696,0.975039877817906,-0.148344587565017,2.60898482061474
0.80828385531085,2.45356692117852,1.46102345694287,-1.3710457084667,-1.16518433722424,-0.4161506669042,0.0643079695203842,-0.839133402295283,-0.423325250039667,-1.03027870601489
-0.956159167963478,1.3018572160169,-1.13016233660542,0.182076935638842,-1.04412439233266,0.470144304422506,-0.407450366113757,1.53538196788081,0.655433278661124,2.67061107828808
-0.838444499149808,0.137655812031309,-0.654051189044272,-0.745601873129176,-0.259949473494941,-0.813468122034029,-1.8940113611458,1.81967553754465,1.14181012119851,0.269657969057351
-0.872307409408666,0.131624273656879,0.521034689069153,1.24077758897513,1.19373213399352,-1.90402553992033,1.40450925644803,-2.29656710786176,-1.79604320408108,-0.638923384631274
-1.02664445152217,0.0229920554081659,-2.03820301938695,0.968371602287618,1.63916967067612,3.29480977738293,-0.42535713435494,0.405629061312496,1.10359060310698,1.73389208507229
-0.126771314441307,-0.431827472086648,0.391596411251023,-0.864411688582596,1.60070811212869,0.345934880326395,-0.800844999315331,0.622267895454239,0.944358244335541,1.56137415884323
1.97177533246608,0.360214229650058,1.32734643574946,1.31762417275206,-0.24327213856948,-1.99236924010114,0.348162814574018,-0.901476409828409,-1.37763735851201,-2.41127543509814
-0.240570613880246,-0.677826941460625,0.31219031546879,0.551778667445558,2.28361558323892,-1.60265935259791,0.114198682809579,0.461917847269371,-0.803934237195123,0.0069087840758473
0.560061535231413,-0.353791626462321,-0.477676438091258,-0.424430628469636,1.14879555918902,1.47826374318362,0.621249448501646,1.06166604118783,0.355367445010572,-1.44957497786138
0.207650049930307,-0.150381673300049,2.97537803824466,1.3990782401536,-1.44199940828448,-2.82048004683954,-0.680072187798966,-1.23909134181466,0.0571446790371807,-2.28544365649298
-0.342475146842644,1.42998024629836,-1.48497027558961,-0.103012347214637,1.33812773696204,1.69301158076957,-0.85460339101332,-0.830976131240282,-1.42123043305119,2.82828043614537
-0.759491868859828,0.700168476824511,-0.655022924455754,-0.303285993731402,-0.191952595705093,0.594656865372135,0.353535377483769,-0.692627632703669,-0.744365273282006,1.00666221227658
-0.0236080766311705,-1.32146620710806,1.61815419263359,-0.556837752961391,-0.379069506939183,0.128752298622627,0.287375751334146,0.634618032741845,0.478588499145998,-0.542925515908243
1.21172267771064,0.627706400425453,0.0236233562423738,0.696476788438874,0.490177065053337,-1.07663320702192,-0.354796894691758,-0.636535467388553,-1.96449689402043,-0.0755618283400369
-0.435787504249517,1.09191495295685,-0.376303191125151,0.206416972696051,-1.59851974737542,0.0754939163481155,-0.0932399323866969,-0.607406333158119,0.655337053750901,0.397463385653691
0.827724542055367,1.70084895629529,1.01701012856815,1.51831126008393,-0.972128408756102,-3.00794612750473,1.59607620520299,-0.0133515119564462,-1.76605657493205,0.378512779566888
0.128324918532826,-1.04013104178734,-0.472314035836119,0.840529460337937,-1.51106166430653,-0.189534809120317,2.01988098062482,0.638094772286386,-0.72867296603056,-1.34277944902561
-0.605396881804136,-0.575054616254905,-0.227275995740826,-0.415639111065359,0.756279474074471,1.88415830560797,-0.817562055936836,-0.866177377941001,0.960180450140194,-1.78256044205533
0.748126996588117,0.208353441354896,0.49692760701552,-0.757265832344568,0.201147365678875,1.75367023125313,-0.550813140210209,3.16030236811112,2.4740751302815,-0.833954404968863
-2.06328358171917,1.36244194215869,-1.38209610390977,-0.323396380633761,0.8376997536285,0.394185934701665,-0.454890620171132,-0.966029654635219,-0.339435045912728,1.40115526563067
-0.608079543494454,0.684863516099722,0.442337692295772,-1.46967782099179,0.382519181122697,0.81208326137553,1.49666806283042,-1.31681020795878,-0.247938179876527,0.100478549893372
0.220761582006644,-0.521483099973066,-0.836639031618232,-0.384060281788554,0.512832190432666,-0.609956791272931,0.0330197518643653,-0.871852786701392,-1.41568570900827,-0.255961350102536
-0.820414870464777,0.536270958851431,0.353474317527947,0.507262638206629,0.428242367696062,-0.75037123936042,0.356286666115887,1.28251962387072,0.377905456635069,-0.688085692146524
0.467367468673993,1.24819429529921,-0.867341360530996,-0.627010701371265,0.0936983406392901,1.3120646372351,1.81647684840101,-0.0974683795104221,0.236752944482413,2.19769319250113
0.689122313130622,-0.48525164249763,0.251288750531355,-1.21900092412554,0.905056046181312,0.251789973357785,-1.47801069008583,-0.221378475727231,-0.706874762108813,-2.18825186622051
-0.592891804156978,-0.320561956469865,-1.06622580985719,1.24302402468198,1.72625993642071,-0.454287615838083,-1.096178716363,0.571490962938063,-0.788299054162151,1.68631926912372
-0.927207675255041,0.720121431729876,0.14730773942392,0.219848920161,-0.732614571831465,-0.206662538800334,0.0346133328810095,-0.185970084578068,-0.738670084311285,0.754528091145348
0.478347496243507,-0.891467241556109,0.0878809746299276,-0.608146490452909,0.933757467504531,0.218852196892971,1.19172270581466,-0.485790567409719,0.227041629030321,0.812591780809073
0.0308557656683883,0.65693807702705,-1.79698019854851,-0.852823619547464,-0.251134393562077,1.67638538041708,0.979318916054901,-1.07659935842585,1.13098504957825,0.107564552551199
-0.208463223762924,-2.87054397917989,0.297756873131098,-0.82522069703968,0.0512209335299597,0.892916139396207,-0.48906163501136,1.53418937661927,0.551008501603973,-3.04778188474022
0.686993775603726,1.88439898811704,0.416892817627071,1.75821596754411,-0.679248843756926,-0.596381562954467,-1.85648680746595,-1.16088221740487,-1.51590226108725,0.965149783186174
-0.926782476126513,-1.3463712123263,-0.288278251154087,1.25986719286329,0.771568181728428,-0.439739492680869,0.785161871003154,-1.29187158804258,-0.793415105366391,-0.19481986094572
1.37594562825139,-1.40870608441595,1.69691261112076,0.346172383052589,0.110145104475666,-1.62281732972837,1.3496559695269,0.761619082046107,1.52210623028103,-3.8000581422094
-0.286412832499326,-0.514106575731904,0.528533505164482,0.554026875196527,0.793195213236698,-0.0446689674234915,-1.16094089221884,0.519637616217537,2.36647128141609,2.00113316879941
-1.4636662830394,0.534180498334816,-1.00105846600808,-1.21743889560418,-0.68949192527933,1.8374936132157,0.179505536468267,-0.892962028699643,-1.23417938708214,2.04153818529921
-0.162571268712759,-0.866895207588473,-0.155200463563362,1.21659296520856,0.135134723483155,-1.99116198863164,-0.457246552853774,-2.27079091359864,-1.15069806806319,-1.77699018702658
-1.84072347111479,-1.0616856312016,-1.06004611050763,-0.712347507988311,1.36768867113767,0.801369352206742,-0.32757977735876,-0.48529162343962,0.0432081807179037,3.3607256825938
0.525436407152181,0.121843528005978,-0.121909577603316,-1.7262700317294,-0.803935635201822,0.630983026371578,-2.12127074324561,-0.489653690842868,0.558377718518472,-0.156914122191705
0.511106671909151,0.837150638946935,-0.629979646671432,-1.26853515017397,-1.07112109700642,1.28878492309752,-0.37179062372952,0.0366657667079001,-0.776234051281355,2.67639224956206
-0.167423200115347,-1.94176102683411,0.336280944352754,0.68853295782212,-0.792868196106832,-1.17995711411021,-1.04506319694565,-1.73170461675184,-1.67632721364042,-0.986761078732799
-0.273248236929768,0.212385435483139,-0.531003549916293,-1.1467242661902,1.58396198838652,2.01870150114867,-2.38117526320583,-0.426086438227595,-1.85232998724144,-0.286262578640875
1.78126094950809,0.223992664500866,-0.204353064574693,1.1482918839313,-0.677752742003738,-0.0327912983482066,-1.06908594136777,1.18509908774764,1.58350743140754,-1.06305185441392
0.585685538568922,0.874221495251868,1.13253681817328,-1.00735626413574,0.0323573268923028,-1.24009050246146,-0.0602818000083791,-1.49990123609852,-2.08291677829038,-0.62410933975057
-0.202192359820304,-0.417957010322985,-0.891898816816796,0.76789077089487,-1.33453078432071,2.35485810242258,1.13119225567191,-0.325783730915967,0.927486547616418,-1.1996458847741
-1.22244378592012,1.08073727341058,-0.538739548028931,-0.120743469326766,0.268595464452391,0.362265080732661,0.256690490375118,0.90526210155076,1.2017694004793,2.81650980684817
0.917779758631469,-0.352071397564814,-0.0303112629742248,-0.308551877843662,0.629934331058668,0.290079714527458,1.27507941714106,0.194276713726035,-0.65840231359944,1.10807902357717
-0.569798234978609,-0.616046470839249,0.667468282703857,0.153542894733316,-1.79521784100299,-0.297374420894662,0.713924028676911,0.431870047565505,1.28246467162461,-1.00600490400092
-1.41765749131149,0.279301606427947,-1.51864805655123,0.39438440216525,0.239996168488716,-0.159893917842503,-0.44968958820455,-0.211164757842961,0.335614504472677,2.7251100917241
0.826962981676936,0.467052938926235,0.678260167504633,-1.2950102069246,-1.50853497625292,1.31325607689281,-0.60115649133607,-0.561746887073495,-2.89551198054442,-1.78467212094661
-0.396136064562519,-0.484428102641644,-1.30216777689245,1.00729420312812,0.103100355936862,-0.356890121132209,-0.935326906487057,0.012167017803412,-0.712255416139182,2.31862589554989
1.43150707433954,0.128254323066697,0.805837913215155,0.256411624404376,-0.101228508399017,-0.933596974463486,0.431021014603369,0.631615160277569,-0.636367174670818,-2.15434120970322
0.12732583137908,0.996825063757183,-0.774496021639753,1.16176347097199,0.669396187542412,0.0520022112238371,0.557432822553853,-0.922885905038761,-0.815129111268317,2.01026310096314
1.10613952979474,1.08199742367261,1.86004386549779,-0.385920845195585,0.404221946937329,-0.55285632289738,-0.28881176707324,1.22883164231334,0.650471098940509,-0.896758655001949
0.64019046233429,-0.519958578990326,0.699257268201674,0.774622833971227,0.222427581262137,-1.22932295589388,0.23146180146662,0.477315485798896,-0.0755097671954872,0.807731709690345
0.476992283908714,2.07841640730932,0.852197788971938,1.32300400668493,-0.63170713840868,-4.12591557957804,2.00760063819571,-1.23914205012228,-1.99604738870852,-0.262306675373328
-1.22980317490481,0.864515579842912,-2.49180193641898,-1.7417131126778,-0.610131562898308,5.39755151424696,-1.94217762243668,-2.29891502561956,-1.12645971184816,4.01888100244819
0.355425646974499,0.878937042425308,1.26067839588231,-0.326958910415715,0.594762936487096,-0.371601800748799,-2.23830063160394,0.636292979423976,-0.211547032791138,-2.95217819032345
0.269910447858843,-1.20127062287471,-0.862750308355383,-0.705538500767272,1.54058429300193,0.955455923163604,0.483180434189154,0.953723035048751,0.619450930311278,-0.487856015793352
0.673779509166616,2.57611151623458,0.300000707541461,-0.533130355398813,-1.47583553118216,-0.797279512942329,0.488447488192895,1.46879354008654,0.303649947412023,0.737542349424801
0.128867370347302,-0.538016847100791,1.10509641622933,-0.468557559049425,0.530620121944801,-2.28577764841357,-0.0794988239947983,2.13314605866309,2.73294157932326,-0.0829989402123352
-0.461402288594961,0.450075669697376,-0.363276990409745,-0.499992237164816,-0.448641498480931,-0.383777013115214,-0.465917970132264,-0.683286407603862,0.205230746854675,0.569107094759011
-0.331344391719129,1.22287950243466,-0.649298864441166,0.716018825658565,-0.547574280992632,-1.01894327426281,1.73242219453455,1.72945397941032,1.84925509567453,2.3616816283327
-0.773013702553025,-1.14300319254504,-1.95240433363981,0.732343250726316,-0.640682265901214,0.593732353718485,0.0255996841481287,-0.509507955066206,2.18353466414892,0.904088871624086
0.635619989823913,0.412357634372399,2.45834827428043,1.12575196179786,1.38963777277034,-3.75643917568305,-0.0229384769920773,-0.0929746024220407,1.11370841397112,-2.02737105924314
-1.63244206705197,-1.76554589521066,0.42436657319867,0.0126520659379487,-0.794551358686092,-0.900252579369244,1.93682249486648,0.315756499355718,0.715133453902806,-2.08255615972766
0.435070854153177,-1.13795642625222,0.167369159226314,-1.83288642664306,-0.286112890165339,0.498604980595127,0.417341802014143,-0.103703073795391,-1.10108842433551,-0.827468061429195
-0.0393297865087246,1.48303713988929,1.32272528902886,0.0588225451627125,-0.532504298320863,-0.205455391952575,-1.92677402283751,0.162947596855725,-1.20344717075694,0.398894486626774
0.926176265601813,0.436159093730586,0.463148632932588,1.99239394075849,0.163673988871144,-0.186408802213104,1.32591947037996,0.206882887131054,-1.26552146331935,-0.501299625518521
-0.931563366158301,0.0472896399150044,-1.11324497138634,1.50632153886549,1.63177724903252,0.394486335694738,-0.782365932111173,-0.358028301991392,-1.51417436741355,0.610580736469675
0.24362759097141,0.286979095108299,-0.604506016179006,0.496247089831801,1.75732942049249,0.179610027348009,-0.0370653980553263,0.238993392227404,-0.895941345246807,-0.262033448686223
0.798520111733921,0.613004872770455,0.492922195536516,0.332651746415264,-0.00470145206285743,-1.80611078518021,0.682725293060652,-0.0920685200483292,-0.801327723892975,-0.797668943938073
-0.356379041264419,-0.74732036342886,-1.49514848933491,-0.479115444702632,-1.19872124179528,2.18135449654576,0.24113475198046,1.43263444080193,0.179056557017054,0.0682147001632519
1.12077267162031,-1.06949381074291,0.632519074296185,-0.861037377781244,0.75535525855517,-0.161129001820196,0.0562254951183069,-1.57918639623274,-1.49123878594903,-0.0634886897847431
0.178739600127261,0.476231749174377,-0.213009168759865,0.121210634930962,0.129746856992439,0.726948846215092,-1.48934641058829,1.88418913805507,1.88647444261728,-0.473547036274407
-1.77020230620562,1.36455070335183,-1.49377854694651,-0.725537181259724,-0.760699898063911,2.36839884080568,-0.963731486120999,1.6671759334783,-0.855468484523606,2.69508487824088
-0.815130752224883,0.439411854490564,-0.188155325341594,1.68616491384954,-0.0516341744183002,-0.144723142552443,-1.07505193249294,0.930017510877824,0.15692330711481,0.581582824325344
1.40810299206026,1.18666879072259,-0.278402679335399,1.08237167349972,1.2864829324202,-1.33356596510623,1.20088308506263,0.451949835460197,1.03451347321613,-1.57980658113269
0.0856938194775671,-0.00483371975441105,0.527498429374761,-0.230623397787598,0.944114824319978,-0.516622375622515,-2.12721623259169,-0.889987051112758,0.99519842937755,-0.164016824680721
-1.46661975174879,-1.15450714101633,-0.0624369889606465,0.628908117462322,-0.00339045469326398,-0.507913774451569,0.534029121926083,0.160485124061136,0.560433920645405,0.759064441011636
1.15648188957468,1.62284605031214,1.28389235536842,-1.29789714387954,-0.88693308277575,-1.3832422472674,0.554660368326695,-0.204753448965558,-0.519443671797911,-1.7871252112937
1.43032007715668,-1.73453424666709,1.4167526286855,1.35943418544435,-1.30299265612406,-1.13061276594949,0.341555327324716,0.684185047392827,1.87150495573211,-3.10904081348056
0.821077137471984,0.605612028740726,0.457573986757114,0.580533214647811,1.51120375012786,0.0118143575838863,1.97333364561496,-0.119652539797681,0.850309409853985,-0.943331250660469
0.165988665274273,0.700956176342399,-1.427709985532,0.157370479897764,0.0482945613649778,-1.45945763522577,-0.410073318523079,-2.47699525804063,-0.688573600841608,2.09702730863798
0.317954418110512,0.976694484046817,0.336791792483453,1.64340594395953,-0.502077642587584,-2.35119872158577,0.488788007751335,2.13061334698352,2.44254752299224,-0.438520626973491
-0.408620804667576,0.792238355161136,-1.40399408677247,0.206559084986289,0.174211783462211,0.758893674107504,-0.615330022288354,-1.06209084453245,-0.069237820556077,0.405721420656163
-0.098044633963904,1.93930407098981,-0.24609564060431,-0.323210213939836,0.312358995471436,1.43336604871739,0.0392230461819332,-0.365788575884941,1.84332276608746,2.91621887317658
0.62339971988638,1.38264115044752,0.167982111609587,-0.755772076308935,-0.594345326551768,-0.176431640401428,0.635562885220656,0.314662871993851,1.17432951429973,0.643301827345223
-1.41953441984727,0.739361089563376,-1.27669417438743,1.18614645116943,0.390510378006706,2.36334088533256,0.0504847559181638,0.316479102599774,0.605262340822133,2.13415353036842
0.159309116978831,1.45757560648819,-0.0758364953399398,1.05062761864034,-0.225634113535097,-0.407800510518727,-0.1350292636243,0.71217229539514,1.01132446395045,1.15317973706933
1.15579672128744,-0.105346208352205,0.129968844119593,-0.433553631241537,1.2260695061981,-0.583892877795029,0.960545279618627,1.06834099909911,0.252050917732009,-0.852719217098387
-0.14741345751759,-0.465086449308387,1.15054990166004,-0.793006278411362,0.278105561159467,1.57772228383953,0.607354486752857,-1.00729642071158,-0.110397859975759,-1.33855863444601
-0.681693269080818,1.3698183847562,-2.55509850114457,-2.53779593057255,-0.428982056685522,2.64080423807715,0.182235118313135,1.01703415932906,1.09956097175517,3.03569542358729
-0.441131865682692,-1.70095487516272,-0.197249802145414,-1.06491211983738,-0.289722562797594,3.30224602583716,0.924188109144994,-0.595151300834225,1.4017822364,0.405402181377457
0.866738502077164,-0.713559382259918,-0.602880676403172,-1.34670507406752,0.265856646205927,1.70674736491836,-2.07946622401157,-1.17428614108255,-0.425981149541868,-0.536436385780524
-0.305689816999666,0.825700633546654,-0.576375635639155,0.810721677672183,-1.03295275116408,-0.537284177424167,0.358580170199593,0.669773928544541,0.734562206525947,0.705615417358824
0.44449538072314,-0.730892253383794,-0.688200829871927,1.38365667128013,-0.567972684678827,-1.14278354549309,1.74111750045077,0.0243490294277031,-1.00410976411298,1.4553822817839
-0.0891021127616572,0.493858459077046,-0.169182669210904,0.539214396603535,-0.795604318462386,-0.494288229554592,2.10415425320622,-0.71201947713864,-1.99171549117188,1.28484708077101
-1.559586399073,-0.872256532318622,-1.42560957734798,-2.090327425408,-0.591639173647117,3.13978291942632,0.036005089798593,0.506754252090371,1.05807041658108,0.385909981933135
-1.37125629942521,-0.0771064219207068,-0.0924120739472269,-1.11867020286194,0.682934683240458,1.41000177808332,-0.0553708230163945,-0.565901177355908,0.819560693199747,-0.0776394708294427
0.408013789516763,1.2613962950038,0.0615521635142056,1.58555832172015,-0.229284004264204,-0.52599311341461,-1.27916544695406,-0.827436045889159,0.769395853911435,0.99003795898379
1.29696736348988,-1.45842737855637,2.429060964771,-2.21168656554983,-0.0465298933000663,-1.3327362935724,1.58066707447111,0.0288395155872317,-0.299448305650926,-4.71082595533997
0.854102396824382,-0.186546695376049,-0.338704042574901,0.961704724179327,0.507674723945821,1.13376893186386,0.409865750047419,-0.124482722307009,1.09583277181079,-0.460393468163323
-1.02947056853114,-2.59670070842496,-1.15940867395755,0.209170660279854,-1.39468369822226,2.42891761917567,0.633890333698019,1.61008167355331,1.23797023879454,-1.49786541681716
-0.419087334798528,-1.12017075006164,-1.61053889989605,1.72393420546479,-0.244463727316801,0.126077863540228,-0.668589712395724,-0.665803735588994,-0.706094010618333,0.797848891879226
-0.269806217823601,-0.433413358494147,-0.502462218889647,-1.37974122203538,-0.128503617181672,2.77839835570843,0.16043582240637,-0.708395629732774,-0.650536224990805,-2.356318079239
-0.312067469312192,0.656335008984956,-0.358671427097372,-0.106475948241181,-0.648420899636123,-0.405538028810337,1.7938571292536,-0.634951656455937,-0.317723071928175,0.206115146143142
0.914284654370298,-0.632252641351248,2.08495817003673,-0.704804985884555,-0.525778784133155,-2.01265810816106,0.137537317252526,0.565856741089899,1.01073605983908,-3.03960369657235
-1.11881322402897,1.31918298930744,-1.2926692474688,-0.352025409221229,0.16512388508259,2.01741133212109,0.818446166715723,0.469858328720357,-0.543710556314083,1.47400589343834
-0.532454460260552,-1.11693545460681,-1.01094752050558,-0.0305892984551973,1.04635897151684,0.51324453883239,-0.305367765974046,-1.09129740799316,0.710014578425667,0.134083111168983
-0.145888267645736,0.595022411476056,0.386046453530211,-0.172644521980226,-0.31903216127291,1.53667101557561,-2.06535129684222,0.331795066717387,-0.571961698473047,0.0363386927259067
0.261952625775831,-1.54094159599651,-0.381865684716218,-0.485702279196811,-0.99625638906111,1.4739057909952,1.05888667092417,-0.599961866645949,-1.19325371854289,1.2951341281934
0.510338683807258,2.82984610558331,-1.02456946143507,1.01865716648106,-1.0920407175918,-1.50741411894559,-0.788480525264245,-1.1865150651811,0.791276451799708,1.80278352034906
-0.271686883568696,-1.20637543208042,1.83120209934415,1.02831174139206,-0.431831241251712,-2.16201544373919,0.0371392668720763,0.806380088053931,0.670296661587622,-2.97067514803502
-0.166690936830495,-0.63578536217831,1.16589665045455,-0.1848340103183,-0.649947985710029,-0.398730176854874,-0.06835119371642,0.0348619370863553,0.27988449961865,-2.40848758580482
-0.553187490778984,1.09979989376419,0.1619916166729,-1.03329577913232,0.932164448060429,0.925365216371513,1.5663941184569,0.247585631057488,1.06215917822002,2.00208469286634
-1.27696028076403,0.0506714667778307,-1.55343593177929,-0.806396954260659,-1.11180314461275,2.98823032084035,1.11972806234317,2.99796704465978,2.3862835621055,2.57132632967849
0.856639487434031,-1.35047005523608,-0.341503086114536,-0.0552695292409679,1.63644371133008,-0.652028757864359,-0.426315715627435,1.21840190690181,0.910045517505351,-0.610798741371923
-0.0336427062477638,2.08886380929278,-0.762215245130923,0.605954733639881,0.658449176632845,-0.0272366918701954,0.337531532429965,-1.02462840402271,-2.16560141277874,0.516493080547412
-1.4498954639196,0.857760803701248,-0.359561876425123,-1.38788030340395,-0.847575536864942,1.38523320000096,-1.0677845715355,0.573225983878684,-0.588090204522112,4.04402109498792
-0.386944978303679,-1.21465111683637,0.166001418291772,1.428075190444,-0.586180785186869,-0.246545983956392,1.22960541487374,0.34063172775753,0.825411357538977,0.121261728132823
-0.384180517596309,1.20755234089475,-0.203637729537582,-0.953125976854918,0.0397450736954206,1.6159111317353,-1.80701645243709,-1.18906192212405,-2.61041186168719,2.21768351496089
0.194415785676442,0.560728553736585,0.467517483261492,1.0781715102736,-0.939893000471407,-1.45076633401864,-1.63533680102049,-0.64867239643682,0.96973927459832,0.0728985240849671
-0.859978449374706,-1.17417734734255,-0.421502341873728,1.10125014510207,-1.14593675775363,-1.2789686525044,1.49176193110209,-1.05569028598735,-1.76577587885681,-1.25597302845063
0.363509628302655,-0.104071923694805,-0.680172283365651,1.17946436978537,-1.07072659182059,0.10427289518543,0.0491848792660247,-1.06797817227901,0.674808092782442,-0.640616308820125
-0.533675061138301,-1.69386085627651,0.427128712737144,-0.188860388824067,0.640077944973205,-0.649532583923529,0.550700010745191,0.294265588254996,0.698663255615538,-0.32519750993598
-0.40771029748751,0.270057984396273,-1.33102548185134,-0.404834927832365,0.219325913071608,0.560133333509952,-0.461590527449098,0.239903438690926,1.68350428400906,1.08006163906561
-0.434740369822905,-0.757488827503616,1.66155412074449,-1.86167528821972,-0.159401227350116,-1.81203244537764,1.26494590439133,-0.150499545872739,-1.61097598530835,-0.342269229822495
1.02065259465644,-0.431201753068409,0.748731520078472,-0.239267742347471,0.926675389836698,-0.139192597534222,0.467124588644109,0.379173493477404,0.0517654245943566,-1.9957996249807
1.35812134655901,0.131014961024542,-0.09378431877288,0.51114910163388,-0.0995325484155639,-0.31210413899485,1.87316825749931,0.37421039605749,1.49009524539827,2.16684559282243
-1.58260016192621,0.283616150794975,-1.03847633485026,-1.39479669979833,-0.274147117500843,3.1291324879285,2.38295951040898,-0.468624440827211,-0.606446191991556,2.37980544752087
0.418673716795776,1.935490986861,0.0241981927852105,0.395493171397038,-1.149397427763,0.0894844462061755,1.79414869751926,2.36586384125392,0.771193598427171,-1.6982331718455
0.889483751617419,-1.05070105919345,1.39410692653701,0.189959373380534,0.737705273510527,-0.840723174129561,-0.370961257014333,-0.439421032497698,1.44779495031662,-1.32322048694566
-0.0248403892731768,-1.28204258825703,0.105560726501101,0.645406172076315,0.840762441721553,-1.63420000432719,-1.7096480679892,-0.433062263101019,1.18281276492203,0.22548085106896
0.764862583697301,0.826778353169967,1.35263633868658,-0.282515359284865,-0.6633360004461,-0.798503683597378,-0.511988154145641,0.657064766150077,-0.494128104424181,-0.0104206020953933
-0.547533653631874,1.3721070593008,-0.0976340561044976,-0.383961303148855,0.388459781052565,-0.383096819456624,-0.834806072153752,0.996255540893416,-1.4803101512995,0.0777254740796014
-0.608935236508407,0.310417077963383,-0.138284531407941,1.23280595694603,1.64023609547213,-1.07837225825928,3.17775124982571,-0.16499953204949,0.21011351911796,0.577810894084815
1.44488871507865,-0.605999299278076,0.917130969114711,-0.15194848247752,-0.403881410143987,1.06225705157186,-0.230608694737324,0.0487968032784604,0.0606430311587279,-0.874217881100833
0.846457748570386,-1.90572114901248,1.86977526136584,1.87746055163583,0.563866253816487,-1.23319158678934,0.161858124956475,-1.16071477507623,-0.351536797591798,-3.21617260429875
1.08343987125211,0.165348860656772,1.2016812388753,0.572468156470831,-0.046070782134167,-1.63967743335283,-0.104791405699702,0.886703626710462,0.950965840347551,0.245212248543135
1.37585021068324,0.178905798270861,0.353056748012462,0.761590108651868,-0.967233728038451,-1.61597939096036,0.23449130147011,-0.449293570338833,-0.406488723056871,-2.77640281296851
-0.18415366063895,0.109545012438949,0.497340282442309,-0.335684699127279,1.2873425934642,0.555138284498126,-1.00079172121849,0.869867959278182,0.376431799000509,-1.29322312805724
0.0837827355398254,0.959344327034742,0.555042516512626,-0.259445327697941,0.312898983480065,-1.04568928542737,-0.097095696110595,-0.0876234882861625,-0.142655154685377,-1.21417269214415
-0.59574900657414,-0.0330769718833873,-0.710885093142611,0.595511808771596,2.08178039829483,-1.12252972225409,-0.283739800400029,-1.63877362044096,-0.756826117693612,-0.0792054027250218
0.148177977191433,-1.25239561548034,-1.47311121937151,1.46520077494987,1.70492224903294,-1.54923024919862,0.355044493974805,1.07099637908476,0.913482235467248,0.444315414176217
-0.273398195720821,-1.51262877347326,-0.600297948468597,-1.62836365588074,-0.768916095152911,2.94962229175127,-1.70290908662317,1.25348969923775,0.599431193016422,-0.103087730201445
1.16305461893641,-1.59745870410152,0.848117167819868,-1.06331561689718,0.874781932724767,1.93630798755012,-0.611631480174736,0.390959453212514,1.91030045328904,-4.1606829884696
-0.471992601165736,-0.606293608957722,0.318935179902283,0.504924650302317,-0.338158174928627,-1.53863090439409,1.69519432458149,1.41887394382533,1.12639270956401,-0.51637505161617
-0.580917823642692,0.824930163238318,1.48629423777161,-0.692043213432365,-1.06427280752821,-0.510973005536908,0.286651248697935,0.124471784621717,-0.583934757069022,-2.04356174761186
-1.08933544252814,-0.57354692374831,0.102211367686007,-1.29408013550992,-0.641501922479792,0.808341852395672,0.510945574619003,0.412145565916186,0.996404055763571,-1.64388473764771
1.28384066499601,1.20769408550353,-0.751309193309143,0.285032481913171,1.81210249547179,1.77048050832078,4.26209840521859,-1.41203500459623,-1.34886342242613,-0.73040397375426
-0.834540914469655,1.27930053310023,-2.75450205021171,0.0211066337546017,-0.521427285065123,1.38694863155455,1.78126245927476,0.219653419327579,-0.28215530314846,3.48300276831248
-0.758154377324748,-1.09404841489333,-0.534597075577624,0.712073926855611,0.105312816800661,1.49800452693554,-0.900850861647281,0.722662724958621,1.8801212833729,1.29370024611454
-0.666919993860778,-0.729835131413738,-0.748907153736194,0.0374614655816596,-1.7016021421774,1.17039863644693,1.59340662642473,1.32305894944502,0.664842425137585,0.0653592968680944
0.334449823914814,0.866214464649186,-0.0879079873730016,0.321024605216145,0.129772251409821,-0.680435848747736,-0.141803586129676,0.381367006445383,0.0644674006422903,0.900373862059604
0.143267147156904,-0.901753126309591,0.226484675779748,-1.14150760548484,-0.704559381232788,-0.671341839468112,-0.846563942324781,-0.901562766097739,0.998412880577523,-0.192594445140401
-0.669159296444249,1.15641062306612,-0.946122791500823,-0.284519978521235,-0.852037738596678,0.399640582999663,-0.390969676626975,-1.21768380504515,-1.00454630051948,0.980661466601258
-1.52600680999578,1.33053070960666,-1.7451785659645,0.0771309535194047,0.552717508409421,1.99365315366139,0.652441499645269,-0.496891280830748,1.43144495155545,3.15553526276722
-0.024449112867289,0.168343062549849,-0.846843877835592,-0.20111071701675,0.705231145244792,0.678480241866808,1.16012337391859,0.936933465963881,0.908640714998572,0.572852421691851
-0.791025320446639,-0.0819334487642959,-1.4151001626975,0.164861147825918,-1.1553061564734,1.17081138607767,-0.939113032970363,1.11068208676697,1.15215887954986,2.7926558528237
-1.38078979304486,-0.468987555020197,-1.04803397928886,0.0889652429977483,0.221755101230087,0.37619352443935,-0.426300069063715,-1.92075595575,-2.57715864611284,3.97660033918724
0.53529282165034,0.0628150813002881,0.932738223876953,-0.113615544065714,-1.06865041401963,0.329818267739196,0.326627971302221,-0.0810719562534964,-0.134635353713547,-1.10401213395506
0.55785383672629,-1.86291553029436,-0.0694750597118802,1.45215422330266,0.0263011686588464,1.77109746899254,-1.05976643315395,0.0741441160677169,0.68513137742334,-1.82393763571581
0.779396174116957,-0.265897551239474,0.627912041779255,-0.18178948632468,-1.23993674659809,0.335472271673395,-1.93268991668114,-0.0288587223663473,1.76363203111253,-1.25213443470737
-1.23199688809688,-1.97286730151864,-0.687821642329706,-0.390567895555695,0.0842050325052282,-0.300228759370351,-0.221778798738012,-0.136657801957923,-0.240703918668854,1.02082826222984
-0.677722097454758,1.44864519228761,0.982172990059795,0.658100271532875,0.292525236002346,-1.59932484209139,1.45391825358475,-0.906281802024135,-1.3560029557147,0.510890757948687
-0.159839387252055,-1.87082186491651,0.113096623877408,-0.708371881025924,-0.0497120080928128,-0.231546288143251,-1.19513886358743,-1.12710882075862,-1.38628581474701,-1.70413999588688
-1.79820909092686,0.940485419654099,-0.572321768350529,-0.0346809058177318,0.553726400189411,0.927947038471363,0.818147484076998,-0.731250746113782,-0.0078712442096332,3.14638073670725
-0.300550298644346,-0.508708827200311,0.881208724570359,-0.450865876946988,-0.474499129936859,-2.94557579701326,0.161914068883646,0.855400407403778,0.685500353448461,0.815570173958739
-0.841182788773676,-0.194370070546062,0.688404484630147,0.245003960041678,-1.09853910313788,-1.36978800574714,-0.942334293830352,0.220398119193556,0.0449008038189831,0.369821238990783
0.442775027603196,-1.92371740936734,0.617380015128322,-2.35903931061464,-2.35026221265674,0.690279158838415,0.954384932541943,-1.34736444990996,-0.688915671520319,-2.17666915977922
-0.339831297962593,0.391217838148928,0.220920639084771,-0.884170334944801,-0.166715918247947,-0.0591052617877256,-0.676019025529485,-0.341786797324956,-0.408657068530975,1.8045999021095
0.330480824935133,-1.19226396471923,0.209768122467972,-2.42051340861672,-0.428439674003944,1.52090764752841,0.117578880600588,-0.180495271459944,-0.321597451694185,-1.24143406957426
0.535835246129824,0.999875567640669,-1.06042161894025,-0.335217269234409,2.02807281395626,-0.370251383575755,0.489009905509728,-1.49690666851935,-2.51471245239732,0.344857494213114
-0.967934573650902,-2.14239490909021,-1.01676423181569,-0.314102036528783,0.0846411304209422,0.820015502261803,1.55196084851427,0.204199785351908,0.263690916387672,-2.05482537959382
0.295284273384767,0.0236999249331693,-0.965578469701645,-0.774416438033479,2.47730687160776,-0.581099304937617,2.04753295953058,-0.837908497766172,-0.246650580518263,-0.0281589668086621
-0.452283860348314,-0.279678572800155,-0.600948926873583,3.09459270099755,1.62396206040239,-3.71628440450364,0.973844207992979,0.0453056212616226,-0.227665932666259,-0.528914314789623
1.17628757159016,-0.61344444726137,1.39351857768594,-1.32375478655757,1.80763433180425,-0.180012231957404,-0.186453982329778,-1.76839229756196,-2.2935391595943,-2.56557803303992
0.163436848372706,-0.119315248391635,-1.23789122991608,0.566120841150249,1.38787484849196,0.134903244193535,-0.758607184773391,-0.229334586794264,-2.77980236394225,0.244131877695839
-1.0115064482921,-0.699464278485817,-2.28830186839041,-1.62178958891327,-0.582266439355225,4.09093894350191,0.607791115617854,1.20301740272722,0.199090098529103,0.0273663849369591
0.903843673746132,-1.3708288987497,0.204436471784871,0.292778233200681,1.28917873631496,-0.407240452326456,1.14163372952853,0.928451431416766,0.302053745580697,-2.20026661795946
0.194075390789601,1.26740228700216,0.669709821311757,0.444067425710516,-0.48213093256702,-1.1730068833403,2.28817693639307,-0.535466520248405,0.609601376956285,0.936001538761284
0.400238121327556,-1.34052087995142,0.582650993816819,0.0300216127206945,-0.377078513407425,-0.732979566007587,-1.54742946191609,-0.635638345127925,0.511007851122022,-0.60511466882005
-1.41048982217894,-0.613534305254332,0.394299190831382,-0.887836650210571,-0.706595705277906,1.05853313105345,-0.996653392968626,-0.416600093846305,1.80131577111111,1.71123797098103
-0.61960051039066,1.57318451810168,-1.32523227059358,-1.7499855713714,-0.303901129717538,0.78720670076993,-0.0984083959449209,-0.638843804416386,-1.2087725821984,3.70296729261314
0.241412718808274,-0.582051589004761,1.3251960733561,0.744091436181363,-0.525411363813466,-2.53781638479781,0.967347350506035,-0.354821799429565,0.737115786349906,0.168569533979151
0.214902694473431,0.9597510168604,-0.956503943408135,-1.04215737716268,-0.69243265647581,1.43879880556768,0.125163935993447,1.43537169924206,0.182204133838813,-0.427380551030978
-0.0785283974719188,-1.64810378373524,-1.22858712762064,1.13480628314997,-1.48851009297224,1.90201241255796,1.77365308721669,-0.150572192961297,1.6066077563939,-1.69268083579846
-0.682054069586962,-0.0190793609237612,-1.38289379913158,1.79955256087253,-1.94036098853903,-2.48555037611684,1.5122125687911,0.408578532399728,0.811889009957286,0.482894190063988
0.0475192782925153,0.589433520748889,0.0752260786487128,-0.392450782728724,-1.10279274516898,0.904136492122049,2.35291019421512,-0.925944502516844,-0.537559561926402,-0.026634427637126
-0.0327651384937164,-1.40592479416849,-0.875199158063955,0.496011243742091,-0.426807505505132,-0.654587586468302,-0.309040981176166,0.721100250272482,0.164643828384863,-0.622917957525732
-0.214818452432953,1.42240509047882,-0.639473294922495,0.511154320883339,-0.462277632796824,-0.986667675522288,-2.24107331516955,-0.346063800565583,-1.13079451190545,0.563979931842179
-1.1824484020065,0.97224177060215,0.311824065419458,0.238097400157241,0.369288677646836,-1.10007775110519,-2.04995279092715,0.507699934955983,0.0386533047197475,2.2496357045351
-0.859432834759457,-0.764963619447358,-0.341943312104154,-0.691043102028379,-0.254672657976936,1.94463931919936,0.165284810503575,0.171417226012933,2.1160038443552,1.44603638038557
0.455939980195697,1.15371349760033,0.345288500515476,-0.209046507721079,0.234854093228866,-2.21940112618357,-0.136376812613392,0.659056448614251,1.56149180249132,-2.08992090432489
-0.103813459036408,-0.992997589553287,-1.7647520402431,-0.151862258467682,-0.666507453270145,0.995412453035074,-0.724899448429716,1.31069670603265,1.35904133004891,1.19499116935595
1.2533340530052,0.499486579106472,1.35520239422598,0.811737696906428,0.632159869687638,-1.78953072637229,0.646969183526636,0.209965100118665,-0.669829817250371,0.202989138765478
0.129845659094165,0.906630648916967,1.08755011254526,1.15134676426731,0.590343515750456,-3.47451068291644,-1.92168213480195,1.42331280980302,0.687013642812116,-0.769503705575431
2.43614031578783,-0.109334769132675,2.07021744563314,0.227644487727186,-1.18388627293785,-3.30663318237981,-0.832908528258228,-1.88842469865099,-0.761504036166353,-3.39001091709692
-1.08434511593512,-0.393738460845489,-1.83001568335092,0.760647602258406,-1.38202027802956,1.30376108882607,0.692973010249914,1.30874208997501,2.02319159420089,0.285184712504104
-1.34372893130623,0.166999199092832,-3.04186852412253,-0.0464889995983367,-1.0304353481458,2.05994554586702,-0.569178178131872,-0.4858185234817,0.285324777037696,3.4492762316062
-0.450004640587252,-1.25399449011341,0.0758870561352504,0.856295438008105,0.262839362734003,-0.264159126097458,1.08919115798249,-0.13135692243082,-1.37566774871791,0.613325002620264
0.604631683300365,-0.360772892880571,0.440620359069648,2.42997987365841,0.395901221229155,-2.35478120444589,-2.54966596252831,-0.250694804924629,-0.171997491151156,-2.0692594924809
0.546287690458205,0.868066762305082,0.933860582815319,-0.716099826900756,0.118516679457051,1.24354855634518,1.19810094550735,-0.107322375126469,-0.926681895880382,0.880695632936321
0.199106546217323,0.400723902893698,1.67733367143462,-0.726186894245452,0.244631980452515,-1.76908813750745,-1.4523807682619,-0.620523781252508,0.109336446045842,-0.895887583635837
-0.071059164499269,1.4773360039955,0.28419643869993,-2.66771204947285,0.433597171137248,2.53308821671829,1.32314708644878,0.0231800275768784,-0.0414503005723908,0.500528476439598
0.202281018059814,1.30645891285021,0.992861752869566,1.09899737627073,-0.700455508324025,0.258412691704105,-0.603865841429333,-1.76734936072163,-0.487259346613915,-3.28382008234751
-0.524152398147322,-0.0795342769836219,-0.152658413615652,-1.0788251696183,0.180334796032051,1.17131064068654,1.11248009866431,0.563070359792394,0.426659730369097,-1.58333369168819
0.381793313285518,-1.58236577768309,-0.952528657311511,-1.05587846728309,0.633421421960045,4.12904307180603,1.46534788333304,1.38046210052121,1.41782816047245,-2.94130050872815
-0.774694332547317,1.84312124976183,-1.63947060335491,-0.990260794293466,1.89749188595692,4.01616881557366,-0.273891725460803,0.43385574942734,0.171765515380629,4.82200929477324
-1.88201224967688,-1.56082621281951,-0.695604401288053,0.680763116102672,0.781958707301072,0.342708277646727,-0.649278809565041,0.553258401870038,0.64341414913539,-0.657054660011346
-1.64604729908336,1.96274381390072,-1.44772301163717,1.76836023431123,0.426588486846515,-0.548714584208652,0.703940362701716,1.16565830295654,1.9717131929619,0.741561866073632
-0.588704813808847,-0.082839566975671,-0.709015818664355,1.21768892336633,0.888325505390329,-1.20098739548842,1.69501681695623,0.335039027416783,-0.62234455069087,2.37872458299815
0.297931666676299,-0.830893354720394,0.309999137223539,0.0722943682872018,0.541450463826691,-1.38891621139328,-0.192675221883771,-0.586858212640558,0.831978092942208,0.31313648047042
1.51865572161035,1.22851896090654,1.44520543404852,0.477910531329781,-0.895663032701395,-0.225556342317859,1.6606478086321,1.91650125878095,0.105706058227564,-0.698012249384494
-0.411265254677176,1.30686046755673,-1.75772452338487,-0.941804555785223,-0.225361409971994,1.12195963976944,3.16951161390084,0.352549052917321,0.61455236085393,4.22348196909567
-1.6536667689949,0.167996830425783,-0.304670378379968,-1.06137286154961,0.316682138277254,0.487052891867608,-1.25592280897488,1.35852908658247,-0.377307622808384,0.384214750545978
1.13687829503633,0.0720576500162679,0.735983702185297,-0.674762628213348,-2.02019104410562,-0.110926703477659,-0.243985878413393,-1.41183587757898,-1.95938494106263,-0.415464134793336
-1.52391677656283,-1.18052225045959,-0.474828159360106,-0.0208923816579629,-0.907877040958719,1.25357860379143,0.908084121428452,0.911556273288508,2.4983053972436,0.594477683063226
-1.01603772037822,-0.108457515859104,-1.640124128619,-1.82983014460897,-0.23997814422452,4.16414632195984,-0.715520985412898,1.03567156926592,0.611314176497425,0.0918031994178544
0.332907314949529,2.93014748875233,-0.314503580152706,-0.522672711990791,0.385017764248411,0.219944515030413,2.52991602034656,-1.57133056430404,-2.43204515800151,2.41163206305449
-1.02444791381549,-1.86906432985355,-1.22241033696827,0.64816499137929,0.533618904934868,1.96356895846808,-0.231382175776083,-1.48893593284611,-2.10961471241671,0.213969116881255
0.555934158336547,0.276883329291212,0.164872990129607,-0.979369092258107,-0.21082142653445,0.329785866078647,-0.602677976062063,1.69177651857487,2.71627884564228,-0.0786925123518181
-0.0699039947316347,1.23589699328448,1.86962147277306,-0.213513833843001,0.142459594026408,-1.43056326062446,1.0767290573904,-1.38566235885607,0.524499559427414,-1.47690031256206
0.155909380123736,0.99460974780581,0.121117405424833,0.591960781433223,-0.75214661139392,-0.76143531436278,-0.61081741871022,-0.842732993461669,0.466461384767873,0.668845127188422
-0.358271636030441,1.12384345053889,-1.33654418827762,-1.33819770165312,-0.173515722807499,2.72340177885307,0.388482943103475,0.708282632480602,0.442595676336611,2.64542488104558
0.430229931559537,0.397916044799248,2.26911287735941,-0.517697150340144,-0.0510249454754873,0.476016113245941,1.6936626230194,1.4372454515069,0.0514779381906052,-2.68955750305306
-1.28261126275719,-0.793217419467137,-0.944104153094722,-1.42267285555067,0.573177876548701,2.71368568911058,1.98307476690274,-0.940325377931883,-1.33426633910835,0.0871042080205221
2.08170162540399,1.13041122532675,0.570509868348084,0.398798043421936,-0.563622197061772,0.364010722004221,-0.241442819336781,1.65627388277594,0.248445317877087,-1.31449075014387
2.1974100548643,0.176264328363727,2.05615469572455,0.687040564420548,-0.7425017590467,-3.28808030446427,0.437310069333087,0.42842441792458,-1.7232388734934,-1.96569979289709
0.316834029190051,1.14874249282006,1.08492136101383,1.88221483079808,-0.49100774207184,-2.19702536806904,0.94948087055765,-2.15304509219729,-0.648270715944866,-1.07011841911645
0.434393122848161,0.995155669972627,0.670910820641058,1.45342130295875,0.168391556466665,-2.1333913615471,0.68508482305788,-0.306299875600846,-1.37109049785592,2.36913922242083
-1.2895425575589,0.234185461385477,-0.85723677960723,-1.07202757104376,0.817721302305636,1.8066154812989,-0.252667409622279,-0.795018939110421,1.01132669856465,2.24399727799682
0.468178892885387,0.123798781422233,-1.386200945445,-0.654738108214701,0.221794220059907,0.692429613133794,-0.495669096819613,0.409510733089825,-1.30934111748021,1.56846915274165
-0.770899919820894,-0.313146891614228,-0.618912721514535,-0.138078545535309,-0.293521402316811,0.104710174197763,0.353294852388505,0.869015421859095,-0.960224912085005,1.94164365795622
-0.153184629876621,-2.16512799526698,-1.10793118277164,0.0606708203327039,0.320025099093305,2.68762751185155,-0.650814828903822,0.362828132610496,-0.836311859853515,0.721342897688804
0.351151628056152,-1.15828388375321,0.0471307834067443,-1.10954878646713,-0.232016061697342,-0.727725340409931,-0.611279038890361,1.41787254389211,1.82218116508283,-0.687426450312972
-1.03401177140635,-0.226400787045043,-2.39909285227663,0.40297216317822,1.16827133746763,2.41245853137589,-0.634217084710313,-1.97310873645223,0.0995130664308491,1.4572644427353
-0.415965681571536,-0.828600455156678,0.24381315474792,-0.479464855184769,-0.65360746964042,-0.570956971048138,-0.0796345371419825,0.303890022068107,1.99599337625775,-1.45274125951899
1.14950844989813,-1.16691977827092,0.460965080309229,-0.130895702615502,0.158140263957624,-1.22389822129425,-0.411565810656388,1.35234373996527,2.39675431143122,-2.37995401192244
0.0177891127764238,-0.700072799329232,0.228532550405135,0.0170243925677038,0.246259975274547,-0.844713561529718,0.454262793718019,-1.62778682165254,-2.65981162995481,0.223002572873758
0.760362552022197,2.34392629158574,-0.189948593106788,-0.829710323684914,0.204676867142844,1.97369362176352,0.463544628423017,-0.871886982335223,-0.403192160759604,3.11629953011205
0.668224740352107,-2.01080239065452,1.47207842802962,-0.660930063324261,-0.415717591197148,-2.40973738749611,-0.436452234248336,0.601416936503681,-0.212882188734306,-4.58716140912632
-0.543088874851471,-0.325356981312147,0.745161586785778,0.0608740880154962,-0.472075254207116,-0.142316788592937,0.293498012193856,0.350464280772836,0.583284045699539,0.473131831606777
-1.17307300176853,0.941061434855675,-1.28118009411334,-0.127251575018975,1.12615747297712,2.84429575257687,-0.41818956381825,-0.352983276192534,-1.5884305423215,2.3262452893499
-0.0289680089492588,0.265418701277541,0.24051129835606,-0.963898121982653,-0.755020877304003,0.429826990460596,0.205832424738599,-0.606278747274085,-0.227109851841845,-1.74804371652668
0.0437266541794488,-0.764289665479406,-0.165932623311731,-0.206347565460834,-0.516723208113571,1.80469747466906,-0.598302624262129,1.07069532792011,1.50163727969737,1.38148272710618
1.35957773340262,-0.0798453229906557,0.964924261706739,-0.50420645528504,0.730743761312536,-2.79098147457256,-0.135608247807282,-0.720636488158041,-1.31772746004125,-1.17427681220851
1.21845571013147,-1.66757511181055,0.311566061237243,-0.181181794264034,0.820526083604472,-0.0442535703219138,0.721339959269702,0.686433603014471,-0.46447628036563,-2.54650171710744
0.72646567867074,-0.459266417121569,1.08431117508478,-0.0545538838459526,1.69720434022986,-1.67118086136415,0.0141604267140106,-1.40022558449819,0.681546268327622,-0.636155721622075
1.01653152068605,0.799959379879418,0.288904657435912,0.801650418181966,-0.0823333319390036,-0.0515866956413092,-0.969051402084644,-0.516771974017798,0.579717721680082,0.382618639101289
0.356759428737621,-0.771791670848919,0.583741496290585,2.43816925449149,0.664983913413977,-3.36966925869255,0.0581341396332324,0.696768960801727,-0.465326836698379,-2.71577891146714
1.70820529616669,-0.667911686862551,0.833744143086818,-0.250049467729521,0.308454333409185,-0.708849112604612,0.742771166501396,0.106874268941962,0.503787892448351,-2.16407579187258
0.14628094001301,-1.03562949135404,-0.0759081744711234,1.21310742929014,-0.978460079460724,0.771497825363423,-0.760894883191789,-1.10401418137283,-1.26767802954957,0.0954640040421385
-0.245819262058197,-0.462829881122922,0.837161738092237,-1.57962374727491,-0.216537232283869,0.323328959133217,1.08689421381659,-1.03113214035175,-0.5051132066169,0.483940983230496
-0.156939460505175,1.01277179564788,-0.0283002923722545,1.03548406040827,-0.747899556198791,-1.59411008252739,-0.0691153083118405,0.149897559606425,-1.14280393221532,1.91590154283759
0.293431829322852,0.717822705014155,0.499666715060893,-2.20617878606374,-0.127383178783007,0.188270427744872,0.91629025455784,0.766245952679306,1.84621309165735,0.307519309543698
0.577663171263962,2.62728594605158,0.323912156010864,0.0354413810713923,0.629075316232085,-2.24572976518686,0.353666611503168,1.31988209891546,-0.254958916242266,-0.283840546003786
0.444900412794438,1.96569862053003,0.771189564340476,0.0175316026226642,-0.964987828446447,0.796654783377438,1.24126796785939,-0.102624014793194,-1.19573852697503,0.291827757436289
0.468923444390016,-0.383029443995005,0.163870002054631,0.42895266231944,-0.341499036763627,0.165289924831937,1.446310732542,0.946450633118922,0.965337583196637,-1.18785966690864
1.08785102830174,-1.838723933722,1.19280437868018,-0.997086666614814,0.443670593849291,-1.36817805266761,-1.6473233024461,0.842290447811872,0.5221971220072,-1.27982360847713
-0.00466331535219218,0.366328721967301,0.337079383208612,0.305426304812276,1.42237407336616,-0.163933979257816,-1.16087150386698,0.4096581769755,1.52829036903977,0.707117554516935
1.30736033270444,1.19321035680616,1.17610080670263,0.705384165839009,-0.66602771729314,-0.753994307095212,0.396783520849696,-0.551529054471105,0.556393702566024,-1.57966150832038
0.845312794332929,-1.90549612248009,0.254246976634708,-0.199588275798825,-0.365336931420828,0.587113658218036,-0.766449591537486,-1.51704991324914,-0.575902802740857,-0.254641024554618
0.524793256798875,-0.489077308534165,0.866735343589026,0.862895029430507,-1.76616544982415,-2.58656735598088,-0.0485051065557115,-0.406088425295333,-0.560270882508148,0.172331753525913
-0.73294449585776,0.581125753919331,0.268149298153416,0.733026186626622,0.880745982462399,-1.29267719554701,0.0810651357010899,-1.9782670832529,-1.75331684576081,1.21095550841051
0.0900385131364109,-4.05182960043085,1.29683867892982,0.559888379007353,-0.268771644851487,-2.01180089146867,0.0239437345648285,0.232183482758118,-0.932219143665538,-3.14668529255131
-1.89670634235156,0.514729364577636,0.655040531907694,1.08110452951433,-0.395007612305753,-0.382621554327601,-1.39421015780613,-0.0987513635177067,-1.28098563735482,3.21517069043936
-0.620535731970953,0.0540392904343529,-0.142855015343297,0.910824781737409,0.591902557210993,0.293708110530873,0.523027367737012,-0.421473960804066,0.298432151315152,0.782386854283619
-0.408453311854007,1.11934602589017,-0.128696997048558,1.2247985994273,0.056559514324396,-0.0744064602661688,-1.23185419290681,1.67203106875537,1.4601003806943,2.13854830861197
-0.859875254922755,1.78459350819415,-1.60287460512212,1.48651768822603,0.626245230008057,0.882841249278085,0.0406544161946674,1.83749437836497,1.83186165842597,3.87108646765501
1.35507313674453,1.74509932569467,1.08318855539617,0.192776178620808,0.879679627601862,-0.824076378957893,-1.19318582305604,0.132301977072419,-0.69669951241687,0.258650442830117
-0.324576468431854,0.646843880982871,0.712952495024256,-0.21360269186049,1.37236372655365,-0.396822085999053,1.59914467773184,-0.998385803998925,-1.06135802975679,0.796852978381552
0.396813319891676,-1.36208352205282,-0.709318339674557,0.00925756897233132,-0.550296931685968,0.419165458363425,-0.144044804201644,-0.0855822504609784,0.109216550279855,-2.21008291829569
0.534547915344021,0.474754992205608,-0.582587222333198,-0.625650730088072,-0.842636368812231,1.91050882154701,-0.419261758291025,0.422918482788681,-1.62735268198688,-0.707114410585641
0.954454791139276,0.130957282866893,1.28837243634882,0.777351508564978,-0.244511092703696,0.293686742663287,0.899325082046356,0.26089477953618,-0.236051925214671,-0.745042696612847
-2.08968156478883,-1.3520181709142,-1.98810099295838,0.978317891302157,-0.351448445543212,0.0328840519397694,-0.0443512451925331,-0.28736902064061,-0.164501842185507,2.22439246927409
0.0907818596624174,-1.95005377013862,-0.853891199853799,-0.5309268049007,1.12348891156185,1.94681756418775,0.718315983902642,-0.505971777849021,-0.606150765384422,0.210502317389593
-0.590866966147977,0.402206233935142,-0.317495364046222,1.49307647923041,-0.945801135829008,-1.38161778610251,-1.75163614196222,-0.862340673715335,-0.875410008940962,0.629060213775001
-0.21493769238657,-1.60648778606663,-0.543896844302045,0.421149037085489,-0.190223688558948,-0.517655810552606,-0.898603835439998,0.313305835096214,1.87294038311161,1.10211410942805
-0.300344129088975,-0.165720936288608,-0.0890349210249836,1.62770863444092,0.499869027528638,-0.578269928625692,1.58981599131401,0.0912192980252129,-1.52743817692508,-0.937528887389697
-0.970552781490308,1.63772026139902,0.31229961449881,0.903803458293412,-1.26719506981823,-0.891245218829282,-0.793920307199819,0.810358893244102,0.422965903731608,0.616783854002462
-0.220086773616586,-0.046995191272921,-0.86003540851193,-0.262952968335873,-0.617903073225411,0.421750925448922,-0.0904137214451498,0.806345812022993,0.430635819019827,-1.59474396700023
0.709813357264276,-1.33196080809394,0.87446614101284,1.31461297177132,1.28503808781247,-3.62809770690323,-0.131238011040712,-0.575518995902565,0.801621866540936,0.0671866522470669
-0.296331991206531,1.31289677465237,-0.286639567854895,1.67506111399617,1.19216996060605,-0.721350804979691,-0.0915158359335855,-0.438994697891073,-0.690472387488045,1.13731181256063
0.126008564176694,-0.50719414916478,1.7213626321078,-0.594423965505812,1.22232684633836,0.104745123226087,-0.199422945795949,0.463323525774254,0.68389143175593,-1.89268535945327
0.285404328749734,-0.752459961066412,-0.372963581145749,0.410868323386768,1.03351916046558,0.214311655430208,0.461223247249263,0.282521442321978,0.637867330619581,-0.547895047681852
0.662651666122596,-0.425038878550025,0.308027341659376,-0.649908186146596,-0.110719312554216,-0.357754029055947,-0.547743961304496,0.12048209741655,1.26580233602814,-0.0604867941316492
-0.826841869236993,0.0401271428827399,0.530583099342073,0.607428810860875,0.0582182248830701,-0.0626002994682522,-2.50145328859795,0.0355843285639235,1.86702191886921,0.0669736710615844
1.09169757224434,0.0479515319066348,0.543246765551685,0.264150000443743,0.197044347733271,-0.0371196005014081,-0.952442376905159,-0.811174701725698,-1.08383726301728,-0.189823781242345
-0.777404628742368,-2.62275152658497,-0.0331762020588089,0.327947485159188,-0.85358189260448,1.04701576917055,-1.58433066787334,-0.450445233401628,-0.409191799410943,-1.90439932769938
0.930658482345695,-0.409901500473593,0.727923389560936,1.24519930075781,-0.0979482221339463,-1.74276262215509,-0.704928334117194,0.67289919439753,-0.468780206418388,-0.599335084666415
-0.764613400077342,1.05710436208696,0.280552172968433,-0.419726675835787,1.02790827017639,1.13182654169955,-0.809498787586936,-1.44609087951116,-1.73287576192099,2.05696467099443
-0.177028091390301,-1.92465322370634,0.500526788852774,-0.707374514204618,1.46659193100856,0.80622762820823,0.886797248623599,0.206439225176259,-1.74150633781371,2.42428790861721
-0.755413706135432,-0.185036881222253,0.609228013755478,-1.3159994529873,-1.0261776223205,1.70837657038748,-1.05203974140498,-0.460509806295054,1.5824266924634,-1.13637355063151
0.572430564895369,-1.50259621666683,0.0616642118285572,0.166463579517155,-0.89386877806536,1.63049415606715,0.519256696428684,0.491187029130486,0.802770913069308,-0.668305929848877
-1.22751675191322,-0.804681274174235,-1.7124310821108,-0.343265430567708,1.06188437519718,0.249683794309114,-2.51801622526489,-1.14511269904629,1.30652667053736,1.86349138879409
-1.26922518853529,-0.28218449537281,-0.848130278658189,-0.106550994386917,-0.667942599461018,-1.20680611495223,1.11153589107114,-0.275015849798956,0.479030703635534,1.32476265765892
0.927254401056908,0.138992142170239,1.33475283524442,0.56803387898031,-1.53479014780802,-1.43149868560248,-0.410504345138724,0.215019547163263,-0.97525494387965,-0.962743154318811
0.224958837387979,-1.39685487814146,-1.52152554322203,0.144585843938504,-0.0591237109212797,0.236882010738999,1.17837233494409,2.09879873647764,2.19795693960716,-0.0521233262940293
-1.4518050668985,1.4421008563175,-0.61886870190921,-0.646384359739448,-0.392092500564192,2.23397685446095,1.2874190309101,-1.35610148062256,-0.873982022972782,1.70598637899823
0.591066996655784,-0.00989872298623788,-0.424561430190618,-0.237386815377151,2.02206098902734,-0.239982852088138,-0.522958986709595,1.84805582473575,0.159697360483018,-0.653369173862249
1.26670299023259,0.0472136710284255,0.224646315666056,0.452170892617944,0.240659252581812,0.917499797989511,-1.03181267318936,1.73860721452494,0.494120935393565,1.00368803026081
0.253764667018563,2.44475596067046,1.21052480501036,-0.511008334657313,0.0102342783992539,-2.41110907161488,-1.29808809586382,-0.0324760125531807,0.0315631488362082,1.85591980639793
1.79425878569625,-0.954409958727907,0.563613721670437,0.395042701022151,-1.43371008813171,-1.05139444467114,-0.20666729466507,2.94002753738775,0.795190191939273,-0.920437267660623
0.91366765696981,-0.109097782355948,0.53400773839487,0.470803959857812,-0.352694390877258,-2.64783751650765,0.91558118086829,-1.19265926517164,-0.0808562211906572,-0.148347712800276
-1.40879946899372,-0.0577315008637788,-1.29914619745807,0.470369305600157,-0.401756428556682,0.831722232473573,-0.583962847572686,-1.02722061047127,-1.51409082089532,0.761821704928423
-0.195587830958142,1.33576915137775,-0.0222883446227617,-2.03360218953442,-1.15402070678053,0.431939866670567,1.14701549339488,1.10278181888216,0.485471783016652,1.51417963183067
-0.328763758439277,0.477667137416577,-2.03881197492956,1.63518409955695,-0.51667460150024,-0.434153129844207,-0.677519677823157,-0.757036355196103,-1.59648801033758,0.801176589228563
0.206803589259458,-0.364610955394509,0.2590484614843,-0.0741664473621074,0.424578249292769,-1.14653694789571,-1.76472289756651,0.114025871168606,0.0620714174172818,-2.75573191602725
0.669517912801007,-0.603338142907068,0.749363784951053,0.435937977415002,0.337999394804072,-1.28052393706981,0.728987927936125,0.472526490580503,-0.955680131930681,-1.48153354661429
1.30047851438292,-0.745933147742345,1.18407979934228,1.06566311534209,0.723097852580028,-1.62710928818604,-0.0721647804834925,0.599394592088188,0.242518447920062,-3.04791276954195
0.809308920392777,1.28875624244172,-0.291215383109019,-0.704446871698015,0.0120841102957776,0.86662864713589,-0.637254214361129,0.538699408533845,-0.0978688609117239,0.515221141985117
1.34780150148469,0.812834393725348,0.73733229355193,1.17188509995007,0.281087052291841,-2.44816903215949,-0.822209412109602,0.525018119838539,-0.371984759644888,0.914699920383706
-0.494242848007383,0.720995766611142,-0.527044110407484,-2.12805967315613,0.29643374928362,2.56177227504996,0.202297386104684,0.123221433487074,0.770131362304881,2.32249174888814
0.141079504408241,0.633168558824059,-0.0811790482133026,0.656275644769345,-0.0568061608765042,-0.308444396924819,0.357095004442564,-1.56582967407959,-0.0108457646353698,-0.51347609652577
1.11906795813426,-1.03495555425331,2.05246862712798,0.298155706392831,0.691317641340216,-2.48521997516004,-1.89382279386538,0.510542993628239,1.45539056603437,-2.63647292882327
0.528302897596051,-0.448164742676644,-0.265931741786976,1.5859921639168,-1.2954307695706,-0.270509870264063,-0.19018042980549,0.737987573241989,1.76702596476614,-1.1462787245543
1.01260963396621,0.539620116600457,2.07202345184352,-0.0148911615423993,-1.1933652384499,-1.60883246163638,-1.15533647212991,-0.608156778885684,-0.218175423397853,1.23489751506515
0.165041295034245,1.40477867679032,0.487288150824482,-1.09204101787986,-1.12131675087207,0.822458361062983,-0.164273837066136,-0.074099579579667,0.410396174109683,0.718111330420659
0.0823472402611655,-0.106902954732016,0.819740990497102,-0.783064321448669,0.622766296229843,-0.31734930336722,0.760391060402136,0.286691319717274,1.18730506425703,-1.35603603211385
-1.11620473075157,-2.17471109567445,-1.93219215958392,-0.1356310804429,0.282454139959508,1.42630970159197,1.81154502789339,0.558089848472172,0.966565159361979,-1.73224440646097
1.30736703934386,-0.950766239405972,1.68205965896363,-0.597101693305781,1.28396336800096,-0.945912353165706,-0.129259734305495,-0.363990161529738,1.17494805959508,-2.15041225579706
0.00597901715634197,1.54414759886817,-0.645980042034732,0.574390437697891,0.860339136016459,-0.174674445558258,3.33878062236961,1.24874098723706,2.19644335664474,0.828692948122082
0.538829328954226,-0.0595165498463739,-1.40614911172283,0.158917645098349,-1.95681739024168,1.55183969866662,1.20207719428624,0.832146833325194,1.38462381802162,1.7920148815396
0.0972843203067149,0.118243721170971,0.101361156243972,0.722607917877283,0.328086186998676,0.577280703485225,0.197926647611344,-0.202679127524519,0.866201035029946,0.759683043255925
0.235372721244662,-0.301907435964707,1.08534894339499,-0.111980627940939,0.311905563913544,-3.13711405867996,-1.92843462439257,-0.712306240344602,-1.56791370896705,0.279419445359229
0.88646133964984,-0.183453026577473,-0.0453701344089129,0.83250968452095,-1.08852625829204,0.53988254103767,-0.706427915250592,1.02625169990625,-1.06319292321229,0.388410431140446
-0.986597752630404,0.549852601871407,-1.35775011895204,0.318549050480164,-0.722136970587565,1.30946279369169,0.747018427147251,-1.11514663032478,-2.67140046348137,0.785833891699874
0.478991677583554,0.117574251274687,-1.90693642375679,0.519196273917892,0.108797568533054,2.29640347341591,-1.28152019980776,-0.232298474991327,-0.430911447604959,0.66884526279121
1.05200410326595,0.965768378488915,0.243879576406325,0.124980569600896,0.27029173886293,1.05691033925698,-1.15853504037403,-0.381399738332889,-0.0723803744908419,0.327808961567856
0.150273369363418,-0.906420151350723,-0.568646620667142,-0.119793533512463,1.39779184582363,1.02282119726047,-2.25185277770099,-0.213333670879139,0.743865620087473,-2.28862153953047
0.437986328051375,-0.107491583665383,-1.70192966003542,-2.36733535047092,-0.604975937883837,2.66466296146072,1.24958118430264,-0.221449011163898,-2.7732205781994,0.479995916804771
-1.57101768021576,-0.724994172687189,-0.574624853943859,1.31625464601715,1.53797238066871,-1.96162010509672,-0.26953144524968,0.546119865236755,0.137577380488127,0.403622398342268
1.59341298355799,1.40172790494117,1.91771909670448,-1.06501115297274,0.564106866600077,-1.59846610228111,1.06325249197351,0.194339020424972,-0.0482342780638122,-1.0612820968619
-0.172225142370018,-0.761028886584082,-1.360549445726,-0.512422233697679,0.346878548820755,0.92664172430624,-0.262874694531484,0.707866799923863,0.568907521968993,-0.756112325164966
-0.0886999008196875,1.40781036291454,-0.45696136214425,-0.329867303589501,1.25276954795176,1.69531245822884,-2.21368349571883,0.00763542350942292,-0.932954454731728,-0.14579117483163
1.94667048661523,-0.278245552679869,1.28688334595504,0.268918173891265,0.562577368607877,0.00112745307984159,-1.20638414950809,-0.235652769602907,0.19001687573884,-2.85388819788532
1.42830108910404,1.20850218605913,1.32261200188104,-0.505952337205707,0.319546842985177,-2.41094960903264,0.820462004946658,0.476169122604454,-1.38176598308191,-1.77279410023475
0.157934424797521,0.870173422316191,0.452392999794632,0.706755093418015,0.566045991737748,-1.25352372747893,0.0503357222290092,0.011309730231022,1.41478608656332,0.412484995240922
-0.900909478720128,0.372039107662839,-0.0161555110264195,-0.859892168637804,-0.242413290213853,-1.23722221899318,-1.08545909520247,-0.00685421213857787,-0.440798603627442,2.0303857378426
-0.191169649396015,0.511674074660619,0.627348526208,0.595071009301179,1.06503627193777,-1.95524832390523,0.288185534479046,-0.35230011514208,0.0610910353706041,-0.857464930529575
0.42727697376944,-0.934885555861047,-0.218356230622486,2.10234689999039,-1.27036847133551,-2.10490668846756,0.639343286949738,2.04295945424751,0.36250855216229,-2.49319814748512
0.945871355732522,-1.86341585225766,0.922431427192688,0.339452825569885,1.69054998062089,0.117120021699793,1.94933155324696,0.288585154161074,-1.29862054170071,-0.304940070623396
0.828470254279123,-0.373752062577025,0.877009126648875,-0.328875237291106,1.27741971903267,-1.63883055779612,0.697338806017882,-0.704155540753717,1.08459754519116,0.299427131214601
-1.53768516657319,-0.630634635213006,0.0202723371860183,1.43911974592209,0.0455709080084815,-3.08197971358446,2.75515046670057,-0.257905823742058,0.674979454186105,0.373697749795435
0.780270220361204,-1.01523255273748,-0.145956794471209,-0.178354524225209,0.929918954156744,1.66223098649356,-0.305085540722254,0.197506792321963,-1.03987692979699,-1.75323163001061
0.110507687359636,1.6840220027042,0.335690320388289,-1.18704671591659,-0.293462484131743,-0.0151035726618797,0.0309314265984757,-1.72803483070586,-1.98422099048689,0.857239784252034
0.178865356868216,-1.45784049614289,0.246698568724594,1.23437809589009,0.287075415212965,0.224618733102764,1.39147040596405,0.159637644412676,1.81385685961488,-1.96876704752424
0.553994729400779,-0.688029674780603,0.219630258933199,-1.0193813423476,1.06605200463465,-0.304769007930421,-0.882718869909306,-0.758445825828242,0.154578910985855,-1.19510288913935
0.426181549385455,1.55284664203833,-0.442750118054148,0.0342001942550573,-1.76048032452686,1.95951683877496,0.568712015035438,-1.22749702055273,-1.0722170845006,1.72117607013815
0.230617640896853,-3.72787770678062,0.240504174693052,-1.36895643342963,0.72302790783985,1.5109897333803,-0.0700712486942721,1.91343754984633,0.519265014697473,-1.86387937729146
0.142551918465333,1.64356133951083,-0.249478111774696,-0.428588787202519,-0.331996438727512,0.952532202368924,0.0652258325266656,-2.26709167864547,-0.242809057778947,-0.867845338593513
0.546149959932391,-0.95792632894278,1.44693366105303,1.13873076655021,0.649922416534557,-2.32866994194607,1.74408401942403,-0.425736627315054,-0.624014338750734,-1.45890842795575
-0.362441056649253,0.616308098992777,-0.675720494708725,-1.32165821729109,-0.182465741998802,2.61370601530144,1.16513639977648,-1.55521308749559,-1.35930711288026,1.44082420648981
1.16179507587884,1.83547599960527,2.20979172654067,0.126344368239083,-0.0579572776949445,-2.47501294988237,-1.13077649652348,0.416315686551792,0.0482295805916473,-1.26372243189706
0.317551250290971,0.791661089468049,0.849009946263886,0.905672156162694,0.357548586173435,-0.383552592047183,-0.883071586995935,0.971203673101951,-1.78296950130505,-2.71557091409507
0.722287346282362,-1.16784861361949,0.791284611408448,1.39802927937848,1.5592808295131,-2.64381305629609,0.750459390098944,-0.426677526269237,-0.00602267021023284,-2.84361408172858
0.689857811206678,-0.626206705074588,0.741283634892874,-1.19459133438588,-0.0569078604187603,-0.0647111646519585,0.685021496672879,0.553427302009816,0.602191303455772,-1.52985768419292
-0.150515063613865,-0.464809970496795,-0.485535976881147,-0.381868736249652,0.542666331328664,0.872679418973478,0.757498653074396,-2.20334898719316,-1.65792370210452,0.539840198946303
-0.0772872812485731,1.95496485449389,-1.57574231805845,0.179373681531419,-0.0336581160887775,1.2031015776088,1.03993814624543,0.271331321385238,0.225679237091761,-0.0269800064082828
-0.188727638335927,-0.532082962086248,-0.498246251588192,-0.253084740247506,1.98883911793806,-0.0510369175974598,0.638171916650785,-0.154848126690721,-0.990993318861857,0.312300720883991
0.407773002468123,0.297263425391088,-0.413284469921566,1.16039273920209,0.771877721127399,-0.491118787283354,-0.473356159494963,-0.721980741862744,-0.286141539138663,-0.873629156825256
0.14204923153083,0.607022708126277,-0.161303905952617,-0.659044779393379,-1.0598336934098,1.92694730954005,-1.12120346832769,0.322569525218263,1.13565166596332,1.00713074063626
-1.18963750954968,1.42916378476531,-0.00623315667621305,0.499089789040608,-2.2419641452214,1.12973270648412,1.80227430328984,1.2963498214886,0.235281311600033,1.16596765937768
0.620808003895029,-1.0225440756703,2.57527437063619,-0.295559660194128,0.210223721555484,-2.1055055037421,-0.121849214517279,0.92945250391523,0.726618981983448,-1.64598014010837
0.923942262463335,0.382489080960431,0.298742710547541,0.0902112556411082,-0.741162115575365,-1.94476477013135,-2.03502377088953,-0.187180282373112,-2.8772223768268,-0.102672937439031
0.336686127223592,-1.6207949554018,-0.207389475778002,0.676055340575548,-0.449342780985986,-0.450362744972069,1.28606794478312,0.398292398037913,-0.15149326321036,-0.141790767580586
-0.566010869465529,-1.47658560430826,-1.34172448090954,-0.024929318832595,1.37541272427667,1.26128328907595,-0.424369480507903,-0.967217086795294,0.481703931792821,1.36717523800603
1.12795414185751,0.35961229818776,0.412445372359066,0.886383346150954,-0.0182011273030242,-2.29055548474744,-0.102797839464597,-0.941358720061288,-1.53319883788324,-0.362379266232925
0.271937538950809,0.338486952764209,-0.612470945174463,1.43364685615982,-0.884416654141745,0.202726172687367,0.526607149648189,-0.0281430570277414,-0.503804005585001,0.645544916877386
0.925712487070616,-0.612677639182901,-0.148978502813026,0.80864429978332,-0.916681136050614,-1.30595368852888,-1.54642775844083,-0.421245502605897,0.969400251755548,-0.595752172639363
-1.35659311128852,-0.964712215788796,-1.45136318438824,0.446624267431852,-0.344618656717179,0.879371197486174,-1.11658289616438,0.821264582721543,-0.522095609597801,2.56648644953024
0.766231178099002,0.723282269711671,1.56050084473982,0.700676368673896,0.530629800716343,-1.02107425760705,0.148458788169871,0.242717518610495,-0.530833839387668,0.171684083752684
1.34969302103138,1.69572197271223,-0.540890232631301,-1.33763952451409,-0.337237210087729,0.439554218375774,3.4375978393866,-0.123202559285404,-0.984815449611787,-1.71538742897556
-1.44276000049142,-0.989625553178583,-0.116382029511368,2.13150528436436,0.635419706091018,-0.767937743715993,0.862623898521827,-0.48243983505083,-0.724935270349861,2.01531197639175
-1.51494452509572,-0.889466346653678,-1.74747205217148,1.28247813790559,0.25309308718737,0.48205623587979,1.05539577724454,0.458049421466428,1.73004066378558,1.14770919080977
0.611447792089598,0.0675779124442142,-0.56747457998818,-0.260711416225617,-0.640484542702837,0.677578505835312,0.290853536725026,-0.58816707062037,-0.610053051474031,0.901005208821989
-0.305536842748888,-1.28886654663235,-2.50853390873359,-0.725786959822344,0.204002587370056,3.36352971123582,-1.02229355897,-1.35417610167373,-1.7211523612302,0.659083196889267
0.373636244845484,-1.0579150466802,-1.87597292589814,2.49735227965065,0.0395504950834629,0.311571332659233,-0.751601583973486,0.342695853285939,2.01893631407326,-0.813693967323257
-0.23449749581266,0.138197413729664,-0.11987832808353,1.37832383868846,0.767101284465079,-1.38484121597165,-1.11057800874887,0.181457393302313,0.51744103075396,-0.237256212345902
1.74377249820195,-0.143398958691152,1.51844011786958,0.513203340636583,1.12978525535733,-1.51340949689082,-0.0858609287251193,-0.718623423286483,-0.046257528014168,-4.56982315659796
1.10061363536312,1.44241564183339,-0.151569127033629,0.241235256636821,1.22852296947668,-0.580174902308635,-0.697055587084096,0.586372968928234,1.14681203589234,-1.46332972870216
-0.775225636294237,-1.01133602056853,-0.117388041408982,0.270636243374142,0.799408768051754,-0.0587446246606552,-0.400209151884466,0.329134568268182,-2.54633288841953,0.0827613397444682
-0.173313592757328,1.45254694711398,0.77567779861274,0.292936556957857,-1.72601920837472,-0.805329833050525,1.22614725660179,-0.257357338274797,-0.807600094897312,0.470935945807653
1.6245985555751,-1.06048184533025,1.43383543645211,1.24963936685943,-0.70720564806381,-2.42859200421982,1.32316761801543,-0.793771583834187,-1.50488317118794,-1.87453385877431
-0.463437145851576,-0.832437007483535,0.574835292737349,0.78406979475301,0.285238479349871,-1.90386627079959,0.59770861261186,-1.62014534062155,-1.07410567008863,1.92930788423787
-0.297686477572309,1.72681619896452,0.677399472177835,0.191138668039983,0.00259569511559099,-2.31691242275292,0.13296776422183,-0.793983808366236,-0.351131842409851,0.938337793214925
-0.82649521770371,-1.36667331052831,-0.673824072884481,-1.73830061265145,-1.77143470025252,-0.059320601935059,1.77453857322936,-0.711624494877469,0.315966825585951,-0.339321904693247
0.0675023039758449,1.79316693602366,-0.0340550438059888,-0.882560233243642,-0.120652641681071,0.5236869388745,-0.576825736594591,-0.111277482362065,2.34237605078006,0.652344804208317
0.792771527361668,-0.0513020887623504,-1.17498508003548,2.33286029136211,0.966483919150479,0.788600865189455,1.14361868437151,-0.903947570882429,-0.48115242134196,-1.19670289837395
-1.28889295498713,1.09379438602406,-0.306699133899132,-2.08804442641492,1.12645489975623,4.06941673818417,-1.51112664075678,0.354582610122755,0.315341909542901,0.37521942180322
0.305423496013746,3.25762014848445,0.945049820515337,-0.272052797077728,-0.486033647469001,-1.93369656760258,-0.0505955710604544,-1.66414402843101,0.0624956107113149,2.57107155755184
-0.00725998276357526,-0.66328897654921,0.691995573372429,1.12286971965128,0.657076472807251,-0.134138224846996,-0.0762178054211482,1.07497718402597,2.95837729564097,2.83329475205328
0.753875141191097,-0.329264642981736,0.533015683443495,0.439732594972121,0.741653563753648,-1.93778238456983,0.546742812707185,-0.0376602615748362,-1.11293658374729,-2.09767158725815
-1.0486782694631,0.223258501596622,0.116265096632132,0.921146712629164,1.00693290805733,-0.506426107628929,-2.44454715724015,1.94537184101005,1.76369187670973,-1.26919330707048
-0.123610422948548,1.19317636989393,0.0266297420243174,-0.344611590290619,1.30397378168541,-1.21018030343114,0.582752895002997,1.49691208650405,2.28457178227042,-0.877788610336938
0.596863525869928,0.377707954513271,-0.0967977276557437,-2.27815163534985,-1.27070214703302,3.16100607397847,1.31410015292809,-1.94828316965557,-1.63027293198551,0.120937374307913
0.947281371793905,-0.609557860272998,0.891028201381911,0.447421836992686,-0.759294060523645,0.182614869524302,-0.382653430009656,-0.249423076102171,-0.573209768412433,-2.54188123132885
0.875359317261234,-1.32709948913537,1.54303071695975,-1.56414187189488,0.0506418023329165,0.63759212947447,0.575415732034771,-0.357123143250894,-0.584903052672414,-2.2748592795414
-1.95730148035331,-1.58265463649,-1.90635931506993,0.287888975106634,0.193952315141948,-0.0881506673396236,-0.347830365538263,-0.0808293927879514,0.244798203483373,1.99584500689124
0.27651896295488,-1.85042687215123,0.37527280551423,0.743141650713655,1.37986175453619,-1.07945300966686,-0.366036320237406,-0.323710112366212,-0.265968053030346,-2.75052546518133
-0.442324738406601,0.924807262371545,0.124077765250186,-0.845685569549434,0.295817036231027,1.15994883794939,-2.29577199376964,0.0467661044432218,0.110110639946444,0.193418860903375
2.69270992319209,-1.4701900683323,1.43894805103993,0.222447562584916,-0.28332592232121,0.438235131746218,-0.640311525907337,-0.311228940196355,2.06230581523926,-1.45597346075987
0.172961923705122,-0.296901991209451,-0.351589636854085,-0.234890781240004,0.0316754743081227,-0.0330076622668974,-3.97375874046937,0.269783136857635,0.163058930269556,0.190048281530359
0.0675074159665038,0.340277506114166,-0.23125845224048,0.556364339190741,0.0729204880583108,-1.02633221044776,-0.119153995197844,-1.35344286214765,-2.52209139702973,0.275288404610493
0.402178846590063,0.659311617356029,0.325329148145548,-0.42221565578934,1.26863973551461,-0.568099625583312,1.21047055866562,-0.269854850482245,0.642842205487111,-1.10233676558191
0.906896456130616,-1.09599323535531,0.703297030372857,-2.8896344299153,0.425365445194952,0.0297568958869092,0.190173000325593,0.705189604809032,0.651366796283665,0.700093841487355
0.740526713521155,0.773808890991295,0.37226930388297,0.90341842398704,-0.841869839224715,-2.0635421027821,-0.989579870479063,1.76393702418252,0.515998116196264,-0.931376471525826
0.0317580485661365,2.70070581171027,0.187163756905582,0.580186866544271,0.372948942259456,-1.38484654282931,-0.915767987750878,0.522557721225496,0.559875410461242,2.21677509756634
-1.29090280625476,0.394042953268817,-1.48870985418897,0.691587666833084,0.172571913784375,0.59280394556623,-0.303661990168853,-1.10859540358805,0.298371890858028,2.96963983555129
0.363564642520954,-0.829711064906572,1.46388136608175,-1.44341202002385,-0.528862776422663,1.22105348113143,-0.0617064801513962,-0.133440076029339,-0.995158558567655,-1.05666637971311
-0.615920613856059,0.0195823085254181,-0.846266949773747,-1.31833861762399,-1.85173370106636,1.17854439071861,-0.110347932127511,0.627819200099487,0.0059787255675105,0.736149924415775
1.88442844349927,-1.61728873570159,1.7002263728549,-1.29490854981148,-0.113557508156084,0.704288674910363,0.105447491844626,-0.181671773136395,-0.923777917034245,-2.68239541212335
2.34275930674005,0.734702122947463,1.94821723986662,-0.175692870711231,-0.457539813670789,-1.84445862796993,-0.0927146508277717,1.29802350858385,1.31190871679872,-2.58772036989871
-0.63357379909376,0.111525185487291,0.862838598855609,0.206306996601462,-0.258860470552867,-1.22798108565621,1.78747686237203,-1.02941097630436,0.691092665051723,-1.28010293823186
1.19465010357433,0.981814080648704,0.0678530088611082,-0.380032971348428,0.894806964800736,2.74874033362875,-0.818792137841767,0.940493494761557,0.674394747739767,0.192967597879094
-0.167612852337891,-0.500117995275179,-0.811014639787112,0.0343442389976451,-0.609108446323467,-0.126133802999322,1.31737204503383,-0.366003073881754,-1.26501980414717,2.16993350040355
-0.398879998820941,0.00100188234596651,0.321585163522701,0.45018109478195,0.322459192994785,-3.24205660007848,-1.10358113381295,0.192858593202614,1.40123246533213,-2.74623460465548
0.174043629979726,-1.01112756093382,-0.00070278076010577,-0.957640465083624,-1.15698081106218,0.604517473706555,-0.212875066493128,0.442617649222379,-1.36187033975001,-0.148742090174392
0.488973173825362,-0.331181638970759,-0.495370223504349,0.55754215431185,-0.128869708459267,-0.185501854601766,-0.331784419969649,1.15362908747437,3.64118624805099,-0.31693236300978
0.0634595527968297,-0.661177186742698,0.217017648561252,0.129649018089259,-1.00645702185747,-2.67920154996166,-1.24784712610687,-1.11794872594424,-1.00093126355616,-2.02525701187277
-0.224063812779815,0.850390107530089,-0.7582280337243,1.49210638950251,-0.649675196833926,0.843624881487266,0.168822665677531,-0.294798661672819,-0.901160402662495,0.41627917779668
0.0671607487674539,-0.781141654785979,-0.0255126936645791,1.67641822862833,0.180271046431017,-1.41412548796494,-1.26715570414642,1.39262990080313,1.66778070501647,0.513720327430918
0.933657953726841,0.882025081735644,1.21530428216788,-0.650286398529156,0.965323118574908,-0.0657970121488048,0.22482034945482,0.763493992947194,1.91137058635177,0.250079948652627
1.04848488245794,-1.66942170200349,2.02132965959675,1.0622223481059,-0.775081356102777,-3.54114153640971,0.205192309412061,-1.12507687946804,-2.01757938966122,-1.77958117203342
-0.547090767818771,-1.0521719878038,-1.55960124142917,-2.17068784353953,-0.824676463128823,0.582435994861673,-0.572741092354811,-1.72988067969359,0.194628501681155,1.37443006252916
-1.36782423428316,0.382617811548856,-0.584743858787513,-0.53577890752425,0.723538920766173,-0.523933582686953,1.64836509808776,0.248546313127399,-0.824845917686546,1.06003134583878
0.411702199957446,1.54902469331177,-0.420288783242108,1.07509921170577,0.959128071338495,-0.236240924061519,0.0936817812530645,-0.763609515017738,-0.855657142644316,0.842163799039792
-0.0973139454707794,-1.04891908098526,0.557274153503385,-0.806535407662733,0.341424453057185,-0.494975439944721,0.782805568776756,-1.25723340090851,-1.3358349966848,-0.449780940000859
0.981228573639874,-1.03051881724013,-0.380085019319315,0.837068950238479,-1.19293116491434,0.671316322843615,-1.24279084637961,0.703197084719513,0.0301521060818282,-1.29218056409372
0.128056251001407,-0.133834869315869,0.581788082001493,-0.151446148259783,0.425462332632004,-0.273932388246,0.722944222726799,-0.498979476682051,-0.999767486638672,1.35614304102673
-0.414073187864833,-1.83232883505463,-0.103493803681926,-1.73061300911061,0.758491043757066,-1.72045490121975,-0.641524670558422,-0.760615216899506,-0.983217163188811,-0.610879928113808
-0.652783135206474,0.182379524914228,-1.31897499062692,0.490769193021473,-1.26579023770933,-0.32549250196849,2.78331709693046,1.04147601315997,-0.0696044228422448,1.05251557052293
-0.20205724151466,-1.85229872320926,-0.481898302170851,-1.82298072092958,-0.302888776935319,2.49531891591782,2.03940606663121,-1.74720394995292,-1.53093622447067,0.400442275007793
-1.24719381288678,-1.10620964688116,-1.37414243862427,-0.0691197419887121,0.994856799749058,1.79103570071541,-1.5086268724965,-0.545386000325927,0.102128962350338,1.87700495764374
1.18328323882113,-0.284113958136193,0.416510908205569,0.887711159971981,-0.764961428561852,-1.35344356979093,-0.620519314427505,1.21070932331047,0.0304662056941891,-0.269631959712051
-0.0498945646014162,-0.715670753554999,0.401417722123962,-1.51582586430829,1.96572256443558,1.51284034243329,0.0681625871071813,-0.761355733998129,-0.795207955133695,-1.33582599410757
-0.597720921424145,-1.20962605408668,-1.36591738780182,0.583454776271899,0.0230601613145795,0.0108742742472752,-0.697491132962096,0.26148260536718,-0.639854834839959,-0.19866255484254
-1.06925813825729,0.603649281963757,1.72901416660326,1.0069670078424,-1.41646620788586,-1.95063507957476,2.00624086579562,-1.01126684221328,-1.46104134473784,-0.572144987235112
-0.76619568121147,0.83052229574475,-0.893608679206955,0.53754178297193,0.872148561812145,0.910532613663656,-0.4863892633611,0.00993847805627285,-0.733122594549923,0.145876042384249
0.0513813966044804,-0.880708729473241,0.163244522389845,0.311753486836049,-0.286338869609455,1.30313391638974,0.64387967806275,-1.85667672781303,-1.34655562968382,0.194974126112946
0.600801059941727,0.151784655041506,-0.559475978040227,0.622684897864317,-0.445061171102946,-1.48590588577521,-1.30078799731025,0.723129543274526,1.26387045955681,-1.4485689356253
0.771147001844512,-0.0965109837451861,2.12887895184009,-1.55545310982109,-0.191176997355487,-0.601117914530751,-2.21362360353594,-0.102744003423155,-1.22216170907731,-0.826076869325643
-1.64711350754692,-0.611711208636326,-0.744435717820776,0.578068565143242,0.154777110167007,-0.881874475182947,-1.303354826795,0.610679106708622,1.10808605964819,1.4697057482061
-0.147597453797168,0.641716830213662,-0.472930752912259,-2.53065014876676,0.361484981865606,2.03705016945347,1.25826122501617,0.8958385112772,2.19690661103232,-0.985299808743971
0.112348143791096,1.00203450714831,-1.16215044329326,0.194467241596771,-0.694903969721827,2.94614335591705,0.869393610693307,-0.601977180206147,-0.970074386955275,1.11062657019764
1.68065943704567,-0.554133836426309,-0.366534976935538,-0.23905858284538,0.998455416331425,0.11498728676111,2.53311949534508,0.403493931859219,0.0101061829018582,0.60914100990162
0.806264573618605,-0.90710671599165,0.383170918619197,-0.87199202704976,0.777272362190099,0.365396531786085,0.489336245424789,-1.18715120259326,-0.0775180620781132,-1.62424028382093
-1.40096129866691,1.18568869794437,-0.472523294649379,1.5835744193401,1.03056416586669,-1.40569208994578,-1.77214450256212,-0.52265338917097,-0.528261728022083,1.33632805979842
-0.166882724606764,0.890884234161099,-0.437077998834635,-0.581012510926165,-0.296878997226247,1.1135228782921,0.810307404176553,-0.257212728672925,0.768378291689863,1.82422995144808
0.144928687394834,0.64540501528649,0.950069349181771,-0.951668977149807,0.194295059548459,0.569538247480636,0.289099543244528,0.665006457837079,-0.175304772558519,-0.707413309442294
-0.39606063198885,0.718444639901333,0.906916011513295,0.606546423578943,0.662679238967411,-2.76178027156055,-0.950951309922918,-0.983977608915886,-2.79268759989277,0.730374307988973
-0.455885843526454,-0.602200805799191,-0.346632064521823,-1.65677009979398,-0.125371459842088,1.01187392389969,-1.6810589331893,-0.848122173517284,0.364449395421577,0.196248817729899
-1.00433925257209,0.640817810376579,-1.72832087849273,0.615248103499263,0.151392662094344,0.614238185648419,0.338900945621988,-1.19182392718832,-0.297901479557792,1.57771327210486
-0.15991667809144,-3.07235061328999,-0.563493081144469,-0.135858499389315,0.97312845074557,0.243050456448605,3.20621560135919,-0.156673443619241,-0.915499222071237,-1.53133465051482
-0.273112553882461,-1.82559012614364,-1.0251136720455,-0.640592198297056,0.856898500685854,2.25376656147295,0.999029664446382,-0.358668763503198,0.373869613732807,-1.04360501286228
0.46610595762814,-0.715474771989413,0.475910775391502,0.71633412426899,-0.925723526901257,-1.66819788421226,-0.0747172222429116,0.100814505979009,0.682736861454036,-1.20642429026836
0.139254223792814,1.7328924020935,1.04394156903672,-0.0157002934358796,0.23681977422574,-2.46097449010471,-1.261877352892,0.948703589703804,-0.493976702333739,0.421739219761363
0.259965725197118,-0.154434018096378,-1.68897084869504,0.551088824188502,0.310292596740191,2.44433932550097,0.366222820985869,-2.21966781423201,-0.183698110132349,-0.190866124989477
-0.662504116330531,0.591941012775756,1.39396340018923,-1.61741124175906,-0.256791702414289,-0.696227862041768,-0.465251209580999,0.495106750848539,-0.854379574723294,0.497992950579921
0.592114936136533,0.14931554783466,0.0982243422658217,-1.02105197387959,0.544290463984365,0.547377705299377,0.279433009628117,0.671195220567482,1.00970053318529,-0.688280030422488
0.476178396550968,0.0439337565981973,-0.0504265621948976,0.0124650234435303,0.712674621087258,1.70808555303166,0.212320074297686,-0.00557349307875687,-2.06413596369273,-0.0174464653639012
0.279710712195093,-1.65870188325659,1.6685349809538,-0.388597983214984,-0.928939773183812,-0.294517546596159,0.0870434470042882,1.26259993213103,-1.55649436010645,-2.7753871679923
0.67778640961652,0.316290064447965,1.08806730292076,1.30966541586571,0.304243646402701,-3.01651271576409,0.400834352638607,2.30944315508688,1.88377816897862,-0.988974195561946
0.807877564824818,1.18403760738644,0.896569076024593,-0.520392535752463,-0.853305044151932,-0.734564752534069,1.26056213447926,1.10004782692327,-0.255391156810353,1.49422805239511
-0.160615792009119,1.4946705558015,-1.0648099527547,-0.444345041450093,0.433807527764404,-0.20412274041636,0.164437472687595,-1.00751883768728,-0.732460129307492,2.88554861295576
-2.33831653781622,-1.41406022796249,0.286123650811051,0.2593818276212,0.150605411765518,-0.78151464935557,1.54704639062592,1.09418595277544,1.00565251831847,-0.496625046168317
0.0311698655710276,-1.94908060628088,-0.060424050407708,-0.360174439896473,-1.29351504389115,2.09845926004358,-0.0157726016526558,0.586581970940947,0.16944796998407,-2.59743868497826
2.13250554350246,0.642228725777451,0.961538400441832,0.351500144373527,-0.683934728377906,-1.83506826067975,0.723095065600505,0.0938639968017991,1.92680330377364,-2.85620200093409
1.44871496695363,-2.24996923828697,1.09928481761157,-0.687229914939595,1.77351540092255,-0.629745526839325,-0.0785964123743118,0.614706536002912,1.43912252408336,-3.08503529521097
0.113148276892806,-1.3563066922452,0.696202472303498,-1.12281061720963,0.919082283993876,1.47144736947651,-0.325661968879402,2.04712142397613,-1.57906290676549,-1.63802944840799
1.17593020867441,-1.78813823177142,1.6562966517549,-0.167028883035474,-0.357621514389726,-0.353422585183546,0.821423700627754,-2.6345143721721,-2.06813159530256,-3.61833090315237
-0.214401425063992,-1.93519735819437,0.0261799256639719,-0.388362055168992,-0.0786556418526584,-0.0570211292714434,-1.27464628878764,0.770235648144156,1.60770630924653,-0.387289630440909
-2.5778024495738,0.675681386753407,-1.03368613628319,0.63270277390448,0.0870976447496002,0.538078595437595,1.58334019302771,0.425061527674419,0.747742632354822,3.60217201474453
-0.31766379486058,0.534820412142778,-0.225641151295505,1.36339232454021,-0.699378766362899,-1.0274265037351,-1.81119504858815,1.2200398363922,-0.207668263473953,0.278950760188116
-0.0621015633644114,0.0769122127435714,-1.2906522381642,-0.289332394633382,1.73906136432442,-0.505954310615976,-0.204739010554366,-0.862083361468857,-0.408027464084846,2.17806800438296
0.432759884355964,0.234751730918529,-0.647148331419765,1.54506718939775,-0.804644912668664,0.494145852482939,-1.01934149801719,0.387969171502341,1.60237259838563,-3.48223240905426
0.799448752154727,-0.674743425880918,1.25056569835333,0.688128334565554,2.19757340294957,-1.54814632904903,0.0106547823251593,-0.334327734930237,0.488676123253435,-3.54549874904429
-1.48541283948157,7.88871567871385e-05,-1.93349421780014,-0.0619034554959604,-0.818001707838117,1.14301399595148,0.56212900748529,-0.834310335479155,0.771625006287664,2.9896262059379
-0.532719078043666,1.17008923537715,-0.93730415137961,-0.445836359116173,0.155451083042249,0.710310576963346,-0.914669680370982,-0.022890001685954,-0.240690596172182,2.4595651102231
0.211126351035598,0.940087847685169,-1.27662913711595,-0.583871152140835,-0.247206715598909,-0.165247135287177,-0.602397976852545,0.641365197041106,1.37803686426468,2.69240742384797
1.32278574371454,1.17226842782958,1.57004579034422,1.70035295454611,1.6503232245025,0.487767076398711,-1.11486160259538,-0.180421171095161,-1.21959663352107,-2.08357238595474
0.0807454914086751,-0.127769022519627,0.459326933593994,-0.811689166618917,0.468628299820294,0.909541158976916,-1.45892013197921,-0.906762407785091,0.236480082264514,1.04240820121027
-0.367963005046353,1.81818540551802,2.43092674893594,-1.07625017247559,0.746692312225551,-1.72362212390547,0.258794869406665,1.91357476329674,0.71683235141212,-0.314263017980952
-0.465277950676683,1.13555863088455,-0.478800789080198,0.299782298849552,-0.794068746548251,-0.851964663125128,0.334587306853882,0.699179184034932,1.47500594802487,1.78228901471767
-0.705821477840013,-1.26305817085665,-0.704625640499792,1.78578276631485,0.181733070249917,0.000116750216413802,0.857598853232167,0.338472898167989,0.860177913245324,0.4349875917656
1.242867340769,-1.3495193182252,0.567234920132359,1.8434667580624,0.7227797735624,-2.44273943209684,1.04013524152685,1.18734749499751,0.029639911878746,-1.26697383941209
1.29131726962458,1.80744579199752,1.31524019717358,1.24086767764722,-0.31487201810269,-0.0326861475321532,-0.206506278692299,0.674564030908181,-0.364326796243042,-1.337477688221
2.65757533849154,-0.939040976987996,3.12260755726956,0.857255338576209,-1.03477381808477,-2.76681578316938,-0.105105023506908,-0.831830780334655,0.10863090745382,-4.08071631256067
-0.113671073882035,0.956016318781063,0.838908740953364,0.132018837857648,-0.351176569996906,0.128876616532528,0.986329991574455,0.438121552638508,-0.713225261212395,2.92900422374863
-0.551876977288241,-1.11858047671808,-1.1338896501513,0.430688955163638,-0.911717551843322,0.11284336791809,0.00444403914934266,1.33933070335172,-0.0961992796544382,-0.0180889984424572
-0.403171317346326,-0.825243655787345,-0.980681089076928,0.123237693051632,0.806849045275653,1.66812466110327,0.06503271158607,-0.571584684542476,-0.228202516867785,0.738617576954596
-1.63032899550528,-1.75306164575713,0.248974722529534,0.983700009116051,0.690518803417374,-1.13677160080316,-1.2755677276424,0.510817582704165,0.347019757324936,-0.688268213281609
-0.3908115895163,1.92485275185774,-0.405470328952911,0.766355819262987,0.515257133257402,-0.252190853449248,0.642905729838581,0.311627170893637,-0.0632047643843395,3.40596282510223
-2.16798835755454,0.0293780366971054,-0.971571793243017,-0.594691640153779,0.828281564846134,2.56324931983373,0.183852984068178,-0.44244474337771,0.701340915299987,1.65396628100261
-0.965058791007372,-0.253207614004521,-0.258765807792995,2.63606540836342,-0.35564004366531,-1.00578700739432,-0.519864232959934,0.614443928425292,-0.479390101373798,0.782818896705642
0.364016333009877,1.40967450297478,0.524160302652367,-2.18553893050966,-0.416800247292088,4.04999817675476,2.09625396636373,-0.0510332922944169,0.452502884155115,-1.42776299952949
0.419368483826643,1.01995549541431,0.374604333983925,0.655247549227929,-0.60656924715879,0.419745133081325,-1.95465318759827,0.493751314506536,-0.968264390243345,-0.17066173324419
-1.13058763117061,-0.8723863663447,-1.35123908812353,-0.662189424192163,-0.437004844919493,1.1754464585663,-0.165913868273771,2.43774843349041,0.19840805242788,1.96702043880153
0.744242321493799,2.16326261366484,2.11033978443296,-1.06493518693788,0.847542781335153,-1.84015280316484,1.08361791584992,-0.765739025081733,-0.14882464528101,0.141013575415346
0.244939717105159,-0.242303196467034,0.727840749421141,0.685701365687943,1.5405531204737,-1.96531310077716,0.559884077386948,0.167478421062852,0.995336997375088,-0.0203418992658812
0.81042073298184,-2.24379785157316,0.441052461467667,-0.559403885636902,-0.154289573391125,-0.405944376681651,-1.15600335471242,-0.343231231177877,0.710177734387843,-2.95591557951112
0.748221202736787,-0.103611931540221,-1.05349697220052,0.309640787206376,-0.286162704173384,0.897522514292663,-0.660180978361117,-0.750997984723905,-0.716636485782451,0.285439106439385
-0.0211543350490002,-0.326262014498664,-0.0693326931934424,-0.137111502851145,-0.244673663228126,0.217817235126344,-0.135537866710124,0.676116227391243,1.90388394797198,0.466927546763444
1.29744933910137,-0.432309208729764,0.0132138616968913,-1.00505586967462,-0.698437421533262,0.0949532172500037,-1.41805295214468,0.963346412842488,0.696485608333317,-0.398115893712866
1.24298244539987,-2.2523899458901,0.772577199358566,0.20513126756775,-0.939449919913649,-1.88232129811587,-0.889315971655621,-0.82293232582643,-0.655885477928273,-1.66088848063602
-0.91234501935053,0.309427663891664,-0.876670720933466,0.124569063202372,-0.243691572047902,-0.250426806592008,-1.98796268625469,-1.24352581133939,-0.641164968786806,0.0703643001768246
0.0866271453205568,-0.344565268427114,0.49898789396241,1.40372413512801,-1.0153140010564,-1.13724053014676,0.498729606491667,0.0191596594089037,-0.212852598710752,0.291002440562694
-0.687722001336757,0.599031642351957,-0.54758438339104,-0.0491610592825696,0.605867802410026,1.03644309668134,0.332699888574293,0.593747238435969,2.24798767497829,1.82777981137579
2.00177728606154,0.183357683304085,-1.18971970932225,-1.15033160927539,0.0428035583211092,2.19386405518777,-1.19145094382188,0.33156956061199,0.102049002435184,-1.2002532461247
0.367455844731752,-0.0956265948078485,0.395320837339716,1.02461525713158,-0.408848947811308,-0.458904285107839,0.349710219857399,-0.618030086819495,0.852075908401683,-0.880615979090717
-0.667971240464115,-1.45772313114675,0.427196486594824,1.19068279073211,1.58551713577831,-1.21325911155279,0.854931037483095,0.983927551927943,2.10112766468262,-1.65864801466717
-1.27565318211329,0.287722023985969,-1.05033495754572,0.110110399433793,0.998883895477248,0.0706933074353441,-0.384267979619906,-0.452283074163594,-1.86130478800649,1.09523652502876
-0.124515252080857,-0.75181852672433,-0.50817350299158,1.09744473512361,-0.230878969008189,-1.8321730295388,0.0599282673054623,-0.893958509371119,-1.166064887756,-0.939100849656909
0.433518993616671,0.794404133313101,-0.24113844255071,-1.22984018110133,0.298200247862214,0.366389072381299,0.427637981810298,-0.288570530686653,0.685328590823386,0.592548938879793
-0.589667368445632,-1.44901101415805,-0.291851014621745,0.142584599267327,1.14911119963903,-0.103530529311602,-0.28089842433319,-2.10152173718945,-1.2857854217299,-0.56405335054269
-0.989468138716236,-2.5099951098035,-0.437015310587935,-0.203379035449753,-0.129084737282771,0.442177142234734,0.200914466040471,-1.21310796182722,0.746489797901162,-1.81022965928252
-0.700261296069522,-0.477609290474355,0.0356015987220149,-0.644306374112349,-0.51961741843086,0.959315622091201,-2.37228010543,-0.725949303098623,0.0903191077301548,-0.462391048106311
-0.221018280026991,0.801245797329529,-0.70086171911154,0.746512875951333,0.347660680458297,-0.222285144072857,1.42201218867646,-0.715245322310675,-1.07145803074484,0.584067059651565
-0.0925098157182405,0.967352032852376,-0.0229899561116513,0.392894875817007,-0.555373364635767,-2.15176419597095,-0.472905432076478,1.62104825148184,0.7824232457336,-0.234222481697433
0.498877264645974,0.877886607835692,-0.635502534429313,0.932772451965776,-1.97418672289113,-2.31497849552168,-1.10249925761099,-0.696370315908046,-0.639265381055293,3.72062545220468
-0.277788032019178,0.5458661438422,-0.942944022777216,0.0329863244398144,-0.361275688068575,-0.475963495215615,1.35962812691068,1.10401329829119,1.80220811872662,0.537354790719145
0.525867926729197,2.4441587928428,0.68063718082092,-2.25727294111448,-0.386722113337591,1.56498481978369,-0.23116213819399,0.0823422383457546,0.146562690621128,2.40125648741601
1.28815043915885,0.46017637666334,2.16036023221668,-0.984914683083261,-0.852578050366407,0.348669699152075,-0.356307670640939,1.07452714063179,0.355737389530676,-3.5036716503807
1.65047700193042,0.327185284048344,1.62320714816732,1.78408620085698,-0.613369467770242,0.127525680210354,0.125957587528918,-0.26922019645663,-0.330556850471576,-1.92320848064399
-0.918416975211461,0.0449110288601589,-1.41352326608913,0.417899117240591,-1.03005570974626,0.0275445052664341,-0.676905991244519,-0.57948986648839,-0.402486156425361,-1.28214460876689
-0.0717724350413899,1.32775526912528,-0.47558561267633,0.254596165736159,-0.147298276174478,-1.42512786263445,-0.295812305880543,1.4998491712372,2.2827598478431,1.21673169914939
0.677357559170705,2.1560823418989,-1.34264976066062,0.323819922736678,0.549320795069605,0.836386647555457,-0.749504245567645,1.04935735110562,2.45461810219081,1.33168216931011
-0.583902612241347,-0.201510945377963,-0.222619014353987,-0.179547355095751,-0.610017654833068,-0.873894804351901,-0.00948163870133431,0.188007477148645,1.15044711653947,-0.839720971440671
0.66337458493142,0.554901821575426,0.0832675478120357,0.462567458661284,0.713581510677029,-0.453757921423305,1.88848179821922,-1.061277162927,-2.25217883442955,-1.12232800961307
-0.263901348936186,0.552572000831116,-1.0606216234256,-0.725027777449937,-1.89858605161962,2.15961457738676,1.0345535018124,-1.11994977999594,-1.53269136547399,1.90764480234261
1.85662768870556,-1.52927633825855,-0.926010693553582,-0.498331672907092,1.69480928340478,0.0412485956125627,1.22961392500046,-1.83467279130926,-0.914505344794986,-1.12986158173956
0.699972204730337,-0.604022641592579,0.692806941815792,-1.04891193557306,-0.409039876534177,1.87765012291855,-0.116808181703189,-1.05051514531039,0.227486114956293,-3.4546168618955
-0.294285588845482,0.906475848122741,0.605103801168391,0.382291265511568,1.54201615668389,-1.96097864011608,1.65312802920451,0.182034523153502,-0.243229995611747,-1.42514691471171
-0.335109703318389,-0.505498365436077,0.323642253405269,0.380509974666365,0.922483766976349,-1.37996143615254,-0.947940157389215,0.35918641768216,-1.49011339053996,-1.90914570496337
0.771640901945808,-0.165962907096049,0.0539809340611836,0.0963887334652568,-0.219582170357111,-2.02595663502821,-1.1277121130523,-0.417141809348039,1.02362521651244,0.120068936349075
-1.00930696215823,-0.134638366764296,-1.71077785080105,-1.07413204011069,-0.297809283266166,1.39774162876608,-1.90399722483134,-1.04222230890104,0.0137568065176966,1.67767466831648
-0.453395206485362,-0.0973520513933792,0.184274362139529,0.323198849573198,-0.995989552800645,-0.47884413545672,0.264070536855786,1.50276645592708,3.11168846604557,0.230605022927271
-0.115439446232806,-1.56002078963184,0.141965771605409,-1.9407400792165,-0.511176965686633,1.31445928787023,-0.924569699341628,-1.386688426031,-1.77149361541617,-1.32636205423193
-0.0267595747008713,0.447342955389932,-0.408445197384414,0.462708727275037,0.525092750465411,2.3158130619105,0.829111439083307,-0.130585327095659,1.16115533517047,-0.654035708214286
0.712359628606072,1.21127793100004,0.0400724443869975,-1.88920471792735,0.27847845564394,1.50194535872085,0.209888363844265,-2.33404540310882,-3.39888502973604,-0.781401007055409
0.225330636971676,-0.32038827144135,-0.606156183110653,0.198113060456481,-0.962851841184412,-0.99128146598891,-0.325610779814125,1.59736537356845,1.48735769185952,0.579727792098234
-1.84582103062359,1.19096099617554,-1.1569578729459,-0.0564008488486559,-0.131642364886351,2.21909561044669,-0.391069319700852,0.713804791455689,0.704357035877258,3.28100493112978
-0.141005465897789,1.80916265990405,0.230323528689083,-0.308994954380841,-1.31394208922482,1.02592053534877,0.287149025685668,-0.531933628907592,-0.66171533845026,-0.498450099101215
-0.484906454015276,-0.906819409490323,1.27934018235269,1.36097898697828,-0.343651617642186,-2.07806425149971,-1.05168214137746,-1.28835924939047,0.069962635500223,0.452264402475175
-1.58945884762148,-0.268093077912966,-2.0138054967312,-1.12980625335292,-0.72924243910756,1.69432228261299,2.48617214619026,-1.15741004429529,-0.875635938461748,3.03071711188727
-0.659740790973236,-1.51779233246413,0.167621238530403,-0.995996231362662,0.00314051772501051,0.109956811638184,-0.185551572237505,-1.27121749895065,0.662520816990346,-2.55038880739017
0.379076545342303,-0.744818492938811,-0.666439103140859,-2.13345653782407,1.26858940483187,1.60246094954562,-0.29228083066293,0.418175615841779,-1.5555701645364,-0.195568289540631
2.75537057373161,-1.74934671657169,0.759607488041477,0.949787210946919,1.64371400493037,-0.484350129196436,1.08943480126178,-0.775063088723337,-0.108266788844567,-4.70367520546701
-1.13770516813209,-2.04996784210482,0.737759471048026,0.376426611649904,1.7122264574755,-3.30586943624273,1.8664078205677,-1.1754924160246,0.327682575576422,-0.93614764201197
-0.318910109207728,-1.05875469727056,-1.62338151110118,-0.614742363280977,0.694587780524638,2.90109900847351,0.680975361142082,1.45533284369451,0.28889639027451,-0.159757449298838
-1.18304520287397,1.55990681689695,-0.604327566571069,0.699542233818903,-1.08448100090868,-0.811184515457839,0.512600797863697,0.00507838569329802,-0.424998776205419,0.791431974781709
-0.94250085431278,0.849386531959032,-1.35687948057562,-0.146246853866635,0.344360034354431,1.70054323703448,0.424293298215172,-2.19396332003291,-1.41722197418655,0.862248915954249
-0.10966840202293,0.408370405640221,-1.37569757125359,-0.389971619591091,-0.434191965292388,2.33310005097421,-0.340354818420044,0.740444167068606,1.0435301747954,2.12197393527806
0.271764356759396,-0.00366095584300502,0.278048453470721,0.223546457596515,-1.96255898396991,-1.58258001479052,0.438534456088998,1.36130324201471,2.3018863507441,0.817762686987078
1.34095282219388,-0.996374558470906,0.647476861169473,0.971516311116072,-1.06710190464949,-1.15328875438623,0.881950544691332,0.565321523784208,-1.03056787195599,-1.37147357333096
1.66051714707958,-0.0886046408345034,-1.19506360810243,-1.3091756046098,-0.409109445110362,1.97761469085986,2.0955966234453,0.904030859010235,0.899071178001073,0.7612400093496
-0.054993244336581,-0.432303780679105,-1.45750979544272,-0.27665748172921,0.569953732550132,-0.0297850760007006,-0.942971102588247,-2.00790528475956,-1.73506027663034,-0.0232023381394311
0.992086011563997,-2.42394811511901,0.0702143002711486,0.79484483917235,0.275448642166639,1.6846276681794,0.467751717806053,0.708750985030212,1.41445983590937,-0.407467482362407
1.48889095421961,1.0710148986425,0.259331830070118,-3.21404333020802,-0.0647842106384471,0.811498821843661,0.135236510034366,-0.0352959193155737,-0.37686410176726,-1.14840955854176
2.68821052458343,0.442124267679688,1.83583788228118,0.93905161266353,-0.422055342530926,-1.96504788556844,-0.658089941915269,-1.02787774255773,-1.02931017168149,-2.6147566981293
-0.0787350266804498,-0.295461444523463,0.721740317608474,-0.529800688831711,-1.33736645850563,0.441763567196863,0.736326672401272,0.433727136459168,-0.173930172852659,0.154509966096838
-0.213285828070393,-0.34882576680844,0.191361830972713,1.53321697935507,0.470176605599731,0.223372129421738,0.0279119601410369,-0.110615242070966,-1.80401773005701,-1.34908774664119
1.23570705544636,0.447058462111878,-0.196869246623281,0.115472015447488,-1.44402835036408,0.796291621064673,0.329539789643061,-0.570397388816886,-1.09239703394154,1.1254213278477
-2.34878592738084,0.439659684479129,-1.46520910479832,2.25412889777781,-1.09585365818544,-0.866213234147687,0.618034011305768,-1.11872706193359,-1.89606868459342,1.76461550804473
-0.554148206395284,-0.613653548310465,-2.89270407175765,0.18593646281292,-1.46572823862012,-1.1451605910302,-3.33956150131933,-0.375736026245721,-0.460367390012173,-0.166094745151271
0.3138551873344,0.621758456679774,-0.248465630937778,-0.370533854755348,-0.792342546049443,-1.03994129454619,-0.289178600263147,1.49468333452666,1.51677447642847,0.476188533537676
-0.0933186307499635,0.0994094226581978,-0.176965705525012,-1.27136288301012,0.779365740080402,2.58164276625068,-1.02353226491366,-0.0344551008946905,-0.177346661998644,-0.660652385551341
0.238679719419334,-0.631277376863652,0.564549548420087,-0.0142991532691701,-0.659981612534466,-1.47448942528397,0.613193767621041,1.57823794595487,0.76115733894482,-2.82488388814969
2.51446700435546,0.294201968574149,0.523053024206378,-1.46287502610901,-0.317412882569538,1.86723700443824,-0.860971234424668,-0.270593056720754,1.18782859099264,-3.44334308895242
-0.283478992859985,0.413490237069577,-0.0966245183725848,-0.00629997199380805,-0.014629639805374,1.75589193090289,0.714596299608048,0.54518831495369,1.27180771784074,-0.177895018865523
-0.564655291506058,-1.27615795239873,0.0576516717918179,-0.410682050044562,1.1890175285867,0.775178996917981,-1.89347586306579,-1.0408195403806,-0.422197492560491,1.36189459462229
0.422883428135309,0.745050237274234,-1.82010275011361,-0.0332540168430494,-0.761051378522371,1.06405940026816,1.43449739534968,1.70782710783944,1.8899773259115,1.72329014346285
0.597710624540762,2.79195449469831,0.372782592132661,0.469916893591285,-0.392190588360237,0.375956931684575,-0.93526521740457,1.27293007971869,-0.282314666584584,0.829178710890722
-0.698362331192514,-0.671259442845543,0.679577681992227,0.099324962346607,-2.5511176775034,0.408078497403212,1.63171434497006,-0.294525725809963,-0.770823166686691,-0.498936060613413
0.366960951498949,-0.427527466895517,1.94365285033818,-0.597808278624667,0.693787364143466,-0.738774927303063,1.65535070670312,-0.795670123520367,-2.17968801628236,-1.6015505700719
0.0590229986977069,-1.10044376472247,0.927681810979448,0.922021906055166,-0.00631266497152878,-4.82172383045786,0.281620953855459,0.740270215797171,0.178543623786614,-0.0956875424825458
-0.311437466771013,1.47651585347299,1.25259460188353,-0.660391749812953,1.44535733216951,-0.704722193507885,-0.566753068684303,-0.139244732158685,0.285568176140536,4.37231602713681
-0.406924814795667,0.54412175539852,-0.4021788229839,-0.927547535357122,0.472292708352175,2.11674951563676,1.08260834965813,0.0433665566908296,-0.145891657892218,-0.751610429068471
0.363780936229146,-0.841113347812355,1.36153912123131,1.55272058007467,0.184026860330421,-0.176536795796595,-0.525799454475844,-0.228810363456115,-2.26188372680706,-0.401681072817296
0.166430158664644,-1.01542348771009,-0.416765237771893,0.291746007810228,0.594809588660202,-0.935885316686929,-0.731192070187711,0.526082737158929,1.74399107497039,-1.99690169381534
-0.396987957952949,-0.180238704163089,-1.38539869774507,-0.589265027705147,-1.23614645798373,1.33772825312407,0.66033880937046,1.26807319750667,0.920905569968587,0.964381449067193
1.52874512300183,1.08608618702477,0.120770462992155,1.83945025136365,-1.63881410295351,-2.74429975934868,-0.575018586029989,-0.591138892575123,-1.21343074962554,0.372767284987589
-1.16198590554339,0.844838550124922,-1.16008989730856,-0.93988094808317,-1.56035576137316,2.11484727826918,-0.671215666388747,-0.135711516336479,-0.00793543661463458,0.860820284920206
-0.293434942620593,0.686548635493998,-0.374839322141095,0.51391788981043,-0.926218966331925,-0.973397195938839,0.290600441467394,0.263822409718494,1.60787613081046,1.56346599705352
0.48194702003576,0.989471235248825,-0.581181049560708,0.179425029228579,-0.345712346113459,0.550464816128494,2.89712539928837,1.09124868453154,1.15579094363483,3.21597248496433
-0.802891374142376,1.97166619904016,-1.4674339939405,-0.415301742819514,0.0117559773437988,3.28839210744543,0.186998783553552,-2.14861580024032,-0.929486217809377,2.40702792526119
-1.31822718579434,1.15156800833249,-0.012450787228123,-1.64319007632106,-0.708286188175276,2.83734477008828,0.913662814036094,0.61769716493116,-0.244649859298774,2.34620978828864
0.209011600856226,1.42174964863952,-0.109691608179706,0.634062206988199,-0.644800133433892,0.402970823494138,0.349603576079676,2.56889638460329,0.802316120973232,1.82358057649544
1.23450617975394,2.372786671684,1.99121816336107,-0.688270162719235,1.02425905325213,-1.37903775374036,2.31686938390651,0.00415288483346931,-0.00941478317886772,-0.349327358244022
-0.0719529580381365,0.0893406000796849,1.90931329869038,0.753570242006678,0.781166141053678,-1.43268652040142,1.69240363182285,-1.47966474437134,-2.56708057935159,-0.323741347013177
0.632737304167467,0.851294407851954,0.542100791251176,-0.163636547958722,-0.355419845962406,-1.58296244130172,0.303538298735899,0.144633144792906,0.73611837492309,-2.18217242230143
-1.60615956599362,-0.308406677891926,-2.08936005440485,0.263174624829418,-0.0270035793508438,1.61046557702796,-0.918524696688615,-1.23690654433292,-1.9202349749794,2.03665274941584
-0.308566098376278,-1.10257129037901,-1.64664898767562,-0.312961180358713,-1.38689674683803,-0.086901192272248,-0.286502606075638,-0.0937473964753887,1.384207335029,0.776004399798988
-1.99858517140598,-0.281957583744521,-1.10588129091723,-1.28576615364709,0.558562793125164,2.25505095325367,1.02117202694721,1.22233344732778,1.27202420759,1.5124121768909
0.593508511160445,-0.316434616013973,-0.238182307569315,0.324026493429761,0.59169359638869,1.01909232533284,-0.128188857795828,-0.366544063167675,-0.993567171445311,1.3734079691907
0.233832400391754,-0.200864954827282,0.692383679728353,1.49935659288578,-0.317110848196277,-1.92524579644291,0.0253879206337667,-0.897279083636068,-1.48827358819486,-0.869873289405306
0.658309247188626,-0.597946334680045,1.79297798463331,0.590480145529228,0.579967149320196,-2.32184943222913,-0.782185017670907,-1.7122063126288,-0.474537887457568,-1.85996965869694
0.982231578542329,-0.306683787928737,-0.352071336148564,1.37841607587104,0.822323033650164,-1.76254260291152,-0.972927221183895,-0.906839765289467,0.176648094985842,-1.17888769796998
0.524195791720494,-1.73171306459978,0.0378846551319716,-1.42892934629391,0.449553042087931,2.25303120059847,1.45999104587381,0.387947745489509,1.25534000202552,-2.38248175608982
-0.672423046532213,1.04698142622602,-1.02975879444675,-0.571909243535955,-1.08013497675916,1.48031461629191,0.0413310024434482,-1.54933081650539,-0.752322359003171,1.450226515006
-0.626983422607883,-0.501467806837082,1.31270662309446,-0.872639396609712,0.593438166813919,1.32327015715407,-0.675349555590812,-0.140191971006446,-0.0043334847122113,-2.56431337675676
-0.654883333642335,-0.518703919715128,-0.21064757585578,-1.44087611016652,-1.31966509854882,2.98457248000103,1.28677657070136,0.987927112192889,0.922208852095049,0.116300110103853
-0.530776998285079,0.591553502946647,0.448180783184698,0.791375982191141,-1.25021298844929,-0.186998549149368,2.93017078308291,-0.866412836487628,-1.19851329746053,-0.364152926558626
0.600609333642355,-0.530325496234625,-0.0135608071927078,0.80021433171797,-0.697230871493775,-0.648430701640452,0.256761476952769,0.913459532348724,0.909356751697275,-0.269716398047497
0.998323544827601,-2.30274561736856,1.73754649003802,0.231495608973275,0.707384154616494,-3.25986519319178,-1.68640809869826,1.54131671730634,0.477102566892403,-2.80694441041459
-1.33627187175397,0.212776065089525,-2.32411715209026,1.24763158286013,-0.4725980500838,0.734455137271128,-1.86282439464995,-0.646071555896243,0.618551201344665,2.95723831709109
-0.790913146827635,-0.917320004199792,-0.0886238860399207,0.744123539472684,-0.726522143170729,-1.31158442468051,-1.05171219550417,-0.271822118435487,1.6537448232077,-1.29660929390443
-0.258940590596284,-0.297436868622953,-0.994348337452978,-0.454752630812529,-0.586873552666529,1.55269286170889,-1.31390942449511,1.13901091480481,1.45142675233165,0.346881085775237
-0.175507907903118,3.03129252149666,-0.465483375893738,0.0271076629067812,-1.35709805725539,1.41318098866962,-1.10068087770211,1.4096191555863,2.69434870342976,2.50458874865146
0.869332273906271,0.295335609719111,-0.537137097360171,0.247646368784031,0.298485252685932,2.12151484424845,-0.429648348546508,-0.828634116164905,-1.25440368227849,0.246916651546551
-0.213845375374545,-0.551127097075313,0.0117536591458511,-1.24663992917585,-0.630375301089448,0.921339100974007,-1.34439280206111,-0.88390565087261,-0.481079389394603,0.560535327227698
0.709322185630257,0.305829962956143,0.0434451347179606,-0.704037410130728,0.983666747018126,-0.0179838537576973,-0.042126700690606,-1.48056132453778,-1.4674046891624,-0.709531462168435
0.140089778193331,0.464693569965583,0.580541250170328,1.0657657775925,-0.345241516456798,-1.24596460455928,0.583307231499022,-2.51791429634861,-2.97240821059693,-0.515320506689015
-0.99199757150356,-0.00281340786817355,-0.667163287050351,0.817576170990458,2.0039479932428,1.36126957981211,-0.11236864442763,-0.264457503202734,-0.375948391939002,-0.00219192179444158
0.581211655270075,-0.510888084124414,1.31089255078011,0.418630989845906,-0.561871097587417,1.34796550189083,-0.245821661764226,0.456472507561953,1.23818089699459,-2.48033522601907
0.687102369516327,-0.224006517819801,-0.367678433662718,0.201357813070705,0.678185103444802,0.969865749088551,-0.41904005379908,-0.331616664905257,-0.336031062376804,2.0456594817335
0.516322541645918,1.17710476635772,-1.02420312391056,1.14834337274125,-0.340498461761657,-1.58694893997238,-1.15887857811821,-0.874318117199667,-0.316196000419583,3.96341597328352
0.152931075511935,0.0696507930440737,0.9816383230211,-0.745754747490336,0.820887584843318,-1.3918338352989,0.466932134495508,0.894867009452379,0.543009030424528,-0.852200534213585
0.327195883873473,1.69755044731213,-0.137206702176617,-0.524772322458594,-1.54163190964882,2.06993456460541,-0.330285793574175,0.900157470445544,-0.170787464238686,2.07975571329897
-1.51822385127756,1.0642838366781,-0.472176476339708,2.29539278250318,0.364190294224386,-2.06911247919962,0.738733790812922,0.243416493676423,-0.604404794451099,1.24985128441607
0.141702013255401,-0.47098625059346,1.44222524045073,-0.688589948109863,0.118212639191743,-1.24213007598326,0.115515132176515,-0.139695179601041,1.74255629967481,-1.84413911388951
-1.49477724086705,1.009503834767,0.158255068058976,-1.40561411700409,-0.967956535017045,-0.594417899620798,-0.31685767014087,-1.53419905729706,0.169209460295504,0.600154620691221
0.269452805678444,0.0789623578224226,-1.0841130167166,-1.64714418550376,-1.28280557020575,1.16425761132312,-2.64403167778963,-0.695233852778194,-0.457223801110121,-0.041495528014748
1.00414783136198,0.422171390451032,1.66338984652305,0.695081763369835,-1.65058510922104,-3.08174868939196,-0.962790944931354,-1.1116075276875,-1.80483169028182,-0.455690112751446
-0.305707557151787,0.864494213092869,-0.854954930798294,-0.43019758801043,1.14267567114349,1.94746776210007,-0.144736143893774,-0.621996502328598,-0.550635900484509,0.642178138602678
-1.82145870736644,-1.04292904619264,-0.124480592266937,0.078183822901452,-0.83158051329936,-0.128035431003025,-0.191647230685929,1.20864413094897,1.33198183901594,0.607006303536081
-0.751698029852597,-0.630471311274833,0.0343304026467371,1.72152062532488,0.133155121074662,-1.23982447271262,-0.0422268436859827,-0.513724425445614,-1.317452736502,-0.282687311914626
-0.477044978994624,1.44544069599896,0.86108491067117,-0.153059465315487,-0.832885055312903,0.82694433634392,-0.920591412939294,0.942203946651287,0.141808683929796,-1.22811181625436
0.745432010353802,0.392786604337734,1.85972759731979,-0.34410557283727,-0.374235962273851,-1.17099435254621,-1.0107595531941,-1.83981751024647,-1.6849082209585,-2.3359222297996
0.27006220622083,1.25893255886236,-0.826152017060033,-1.61783855213336,-0.24608749337943,0.837421967509099,1.22171953030601,0.422146003828938,0.590872113192863,0.139122723629295
-0.267065452924074,0.081955481544367,-0.287693522720504,-1.84644125189437,0.93720292911123,2.53946933722208,-0.205922467273362,0.126851941558801,-1.07275157526225,-0.131044579938725
-0.412009123963228,-0.70775634503648,-0.475983282079095,-0.512990368790464,0.0315575065565903,1.40597347777322,-0.893612569793681,0.810086570965284,0.143907700668287,-0.158714631623733
1.36441740325855,0.723129576161117,1.78799523161057,0.314696308877539,0.593514279708081,-1.91203260146965,-1.32076709794636,1.2770134875552,1.03638632341057,-1.18133966455389
-1.91078617937493,0.77707087440945,-0.588940318267571,-0.171418984320301,-0.0448604922092227,1.04705428680898,0.455178436862925,-0.0155058769040991,2.09112853807429,-0.166919305207205
0.37542777268154,0.0530683001464507,-0.261426605258394,1.47938605861781,-0.596717371811146,0.564178499059892,1.71871638254131,-0.653552942690981,0.383879000951814,0.0229997743485707
-0.227951253365819,2.36243546603932,0.955700012841069,0.989339430623391,-0.0985963491101571,-2.56120761221437,-0.506220259140449,-0.672546680091343,-0.909831336506866,2.41791938285595
-1.54892101133694,0.0662548422636718,-1.14723795232909,-1.26139450388004,0.288077718542225,1.66343340786089,-1.01525998995089,-1.47673534374683,-1.58796190535389,-0.711228898216912
0.00503231921475217,0.208505661254417,1.03986800036393,0.508629496090416,-0.0270581856371699,0.0708510854107525,-2.38126013975477,1.59790445067869,0.591455563123976,0.906000032637904
1.06019928825077,0.386413856201221,-0.280781998346412,1.44969010550594,1.38856393669384,-0.0786503533172143,1.46466502190183,-1.23029338153648,1.31162678002602,-1.26808714714237
-0.498564075968901,0.433802083902231,-0.0680776202009789,0.404679980818496,0.00581230977789162,-0.788019828430603,-0.873749096449836,-0.78773575982169,-1.97582827379501,0.465419257741173
2.27147322471613,1.05247851554714,1.61376467957342,-1.54934740370394,0.0926448298926321,1.79075594174544,1.54955007311759,-0.875773092515842,0.22435403637394,-2.1072356338304
-0.499017588237304,1.48136931092034,-1.13290541600311,-0.993304435095055,-0.218495079973202,2.08889156961317,1.06524500426729,0.917484843962865,0.420006942841679,2.37806635610163
0.0402215665901777,-0.869268265153904,-0.90789195356172,1.70915727327517,1.61173786910367,-0.119572978221865,-0.349761323709309,-0.782424688036355,0.10441648972808,0.696681485864165
-1.07654067354509,0.98421733195914,-0.631068464573232,0.738732224401965,0.90723454648631,0.570618621253077,-0.391031762599591,1.05249805905702,0.656103430947752,2.04718460721302
-0.93293960840109,1.08900371340879,-1.18295900898508,0.114403923931875,0.626801572181898,2.16382569287172,-0.709851708928474,0.839133954757322,1.29210952167029,1.63070193550469
-0.285055101925464,0.0900510084139415,-0.508471060149199,-1.66022275490294,0.126508494997102,2.27003603124205,-0.023595039854261,-0.444118827466524,-1.009358689033,-0.661664754258602
0.15088114077765,0.694529277857409,1.05126416719468,-1.32948662650608,0.255331725740231,-2.24293786571159,-0.201914378212077,0.801537437588706,0.0617901579206668,-0.479157172518955
0.620924044928612,1.05159025700281,-0.639903760131142,-0.0622633365218157,0.190434328166662,0.576859848502694,0.116473669066352,-0.691248590605477,0.449716485286375,0.371683469889491
1.47876936951302,1.59847205627812,-0.629338788058413,0.202922414390301,0.632586438625245,-0.718537728162855,1.74805653898977,-0.270486936319888,-0.00116464278408462,-0.695486575179353
-0.835287379482815,-1.04565243528371,-1.48775558056658,-0.366382591781302,1.12132268159576,2.49878696613208,0.00880019471426188,-0.149934326353878,0.653104210406759,3.38654444285261
0.875550361167747,1.02718001149126,0.788207081748796,0.745150485199111,-0.374575647197403,-3.26889700017966,1.40027804924572,0.381416081777151,-0.659671532374651,0.300955010714392
1.1660929159663,1.2481691834932,1.11757981930443,-1.74678767194801,0.769465276612305,0.275301955220915,0.618960282641562,-0.432928465420192,-0.521490267678242,-0.181762181708587
-0.789840334400074,2.16984460141747,-0.805819672993124,1.89866536435564,0.599135594738252,-0.934937622390492,-0.689241171101177,-0.519940499462064,-1.81103342366371,0.50035695251923
1.09641908758678,2.00242651166772,-1.08013670907021,-0.0450123822839609,0.65377683651631,-0.103614274587623,0.292745182510293,0.52392017143058,0.480953306745892,1.19168033989184
1.5992964668828,1.51051978199459,1.61176201008382,0.641536456211424,1.07759138859949,-0.135735336956403,-0.416153916147226,-0.698711496929174,1.35016896449361,-0.95456308201984
-0.0323710357956746,-0.861282397757422,-0.688814369829625,-0.171767503997773,2.35730682646166,0.505278062792353,1.32276463649523,0.951592889407913,-0.770936983074558,-0.582236504688264
-0.452193085718998,-0.261095746462517,0.50974587522435,0.109561223628496,0.70275274185535,-0.193202230843333,-0.717290918732534,1.15287271865411,0.581061066039122,0.36179084652974
-1.07638172688704,-0.386773525371602,0.0727865570413836,-0.521920742917962,0.126614632502422,-1.81118440540818,0.858275925236367,1.21168654504204,-0.205611481591119,0.486091771021831
1.39557192653239,0.939990099937102,1.24788344235243,1.34350813260505,0.039599138402828,-3.70657162358796,0.850298631206734,0.390767443119772,1.00806118015939,-0.38585268098621
-1.42857691740062,-1.01367001262297,-0.858473493124844,2.28827650311859,-0.393725484165114,-2.46780914867391,-0.809215867915827,0.487132493186304,-0.44963481516927,1.06108631209445
-0.539393351508988,-0.556000641810866,-1.05978948854294,0.719347645446726,0.817176235695069,-0.958466956580159,-0.859090954248133,0.0788335009927732,1.44353386375244,1.65202247878447
1.79414166431426,0.556371633751534,0.293816075677997,-1.62956858706792,1.04192089897825,1.70126209890262,1.28325002839529,0.769425475385742,-0.448191470620923,-2.52147739151377
-0.848061502760588,-1.73430475032091,1.69900510714137,0.601289467725826,0.26738790180824,-1.62853575713087,1.09708597367049,-0.278468970215973,0.30229727780794,-1.87164776760593
0.392339207437894,-0.81813561021378,0.0362039270392857,0.713176254388495,0.493081634508052,-0.246448366139027,0.344189307357083,-0.690878825677921,0.818977331689762,-1.02218709395219
0.395606625935672,-0.113009736502222,-0.727256840212619,0.897075007428124,-1.10092260186373,-0.0138662513946868,-3.18214995859423,1.97068685172439,-0.0794359684491872,0.751628405964878
1.57814759090888,-0.577698883662474,2.2802445686909,-1.9463301643086,0.452969016171095,0.520698678401914,1.94256457725939,1.22323964516708,-1.14415318017994,-3.11230870093593
-1.06326265341258,-0.429478892837446,-1.2926646293161,-0.886899385453724,0.183171063234127,1.48095751742204,-0.164866706984838,-1.56477267821237,1.77449222935821,1.55316811336264
-1.00012454857394,0.801815024687862,-2.42116734194953,-0.520479380371042,0.969445388882633,0.801147056131991,-0.428720578095,1.58209964340046,0.340488337399607,3.90771703126899
-0.112509877337294,-1.80677653565661,1.07841778604245,0.961684845957397,-0.175260214446013,-1.09572149470857,-1.70114615727023,-1.21691728863343,-0.61461039996892,-1.27709548350224
-0.817433643690096,2.35657735617531,-0.0359555399927513,0.599463555046444,-0.231493729687134,-1.72330955841265,-0.16519183352066,1.74052096803885,0.62047967234527,2.81841904995528
-0.54880263330308,0.706448385444399,-0.0979407782245962,0.252725137328226,-0.560452491938407,-0.867702065530351,-0.500973020203539,-0.0766121922709577,-1.69777828162778,2.97712551508065
0.0590840012278883,-0.548733791772127,-0.363166101903812,-0.278330447616602,-1.12520398818484,-0.893349959785305,-1.76509094503801,0.306262329746335,-0.22189208053427,-0.531309441599418
-0.440239307177644,-2.00987467823558,-1.75461559512434,1.17875594343395,0.88541158158528,0.728559270378771,-0.777858100598199,-1.73038719055569,0.0636351988596199,-1.50307681305715
0.629319015166886,-0.210806547039395,-1.35664150698802,-0.228034147616017,-0.190265258553792,1.911553282016,1.38241337870306,-1.45222195444933,-0.38885113759643,0.782762589473267
-0.610183690971389,-0.982636235818884,0.479996898408821,0.392316523773635,0.0405500833072773,-0.143388895016584,-1.25229859444932,-0.594657993825929,-1.13718716347879,-0.240164796341228
0.156534993443001,-0.848057221941461,0.62698903834095,1.18154289499638,0.112672776536691,-1.9187061793902,-0.638874945506473,0.927430363825552,0.59341303224893,-1.24785414796831
0.11176116284455,0.643416204587338,-0.619417020590169,-0.245519518836351,-0.360219910651543,0.863200736139421,1.53783523009368,-1.70432735521226,-3.35161178733436,0.644521297603323
0.76198036029359,-0.166948212660005,0.293922967357429,0.305998734419783,0.239459216243476,-1.11258449405598,-1.08564207938375,0.757477813771566,-1.7251238270738,-1.21229443193686
0.388720203696269,-2.21683391252925,-0.525805228727666,0.202331621881295,0.0266228816097011,-1.2170525770093,-0.283195268128361,1.63919964637771,1.42654309946102,-0.674559876820445
-1.45335563739162,-0.147727147486537,-0.63284765923411,0.261883341973442,0.468860524997949,-0.298780298811944,-1.72914550537013,-0.142708475564847,0.943860851677442,1.83895977062769
-0.665197682485991,2.53926776930824,-1.22772975743633,-0.0217713282096035,-0.678633631106215,0.830704921660463,-0.259017904171562,-0.0110591084299088,0.536237937895786,0.832601736664666
-0.20644882096281,1.98613310950546,-0.807300473497754,-1.46006359615114,1.09078009982212,1.39824847516396,0.648695001534684,0.531859068830923,0.787882336693884,2.21429734485071
-0.0050620841358036,-0.128743945761882,-0.465802908338103,-1.03851261265018,0.681957509572071,1.31786644517574,-1.48982847296456,1.02200057754899,1.68186230708359,0.968627695012721
-1.29358247416846,0.151091796981007,-1.15348900560943,0.133041943362377,1.32689054635345,-0.790095535634809,-0.183365511776024,-0.379082434961618,-0.839477509895684,2.86673749226202
-0.265459234726791,-2.32551230633481,0.065124503919604,1.8085173495454,1.09345482763605,-3.38925842732802,1.15835377486415,-1.38686392787803,-0.892132983999145,-0.583616432385071
0.895820378448373,-1.37963735393403,0.150739605083901,-0.0983291873597382,-0.748920192637624,-0.548353316868533,2.52781723188536,-0.233572048294201,-0.895416102451965,-2.51580743422609
-0.913610209498223,2.26760630175009,-1.19012142633682,2.11093657283353,-0.149591399715691,-0.819027362205952,-0.123015149750889,-0.924760716379027,-0.985826128513389,1.03324739997884
-0.506408659799844,1.17926223160478,-0.547706286917624,-1.0763425803446,-0.907300512673236,2.02243788634033,-0.724558142886347,-0.679084245030565,-1.81494904519846,-1.02005491043202
0.270088366981619,-0.450637339771821,-1.32006493293,0.942465711084938,0.44966228941483,-2.96195580914983,1.21581333202853,1.5571611681584,0.0394313937853207,2.78969485713428
0.0373079410519721,0.883367932195579,0.615832252861945,0.747278985004408,0.286797171530122,-1.03034222957408,-0.309924526874738,-0.00534740183734297,0.404981362816885,-1.34851625383125
-1.13432417439265,-0.992783677640351,-1.30281668748055,0.12114820557129,-0.78681662520469,3.09388457117632,-1.12306519233833,-0.117161860269658,0.282305579603883,-0.536994604524209
-0.929299446422314,0.251438612829115,-0.827933051042107,-1.91866871161188,1.53644430994494,0.853733562697894,0.866266839454676,-0.983920221035799,-0.986566930818153,1.68805364269051
-0.170770547107341,-0.48532938616402,0.866422323943567,-1.50060023366398,-0.0818791736590581,-0.499266745609201,1.14439066599041,-0.157457594913643,-3.3747170285882,-0.142976600634085
0.670686348575856,-1.78368397201835,0.772436742040009,0.158558596037348,1.23658107295692,1.42046147892183,1.1226281087775,-1.35838015070346,-2.02522267302788,-0.929212261213952
-0.978822390886006,1.4469973763355,-1.6161713889928,0.788253905997796,0.136321189301022,-0.575672661699267,1.00290289532121,-0.0791485138989799,-0.484313794782497,3.35610477351864
-1.17513744249285,1.26271638207653,-1.29226308492703,-1.10044653712819,-0.0677435822365408,1.70414431710051,0.19395716697196,-1.3587737359048,-0.490745475016102,0.120542846253922
-2.49960810189842,1.25635733513179,-0.783640123634086,-0.539644586811683,0.384230412040312,2.2375621970589,1.47584614181467,-0.283390652951513,1.47673086344597,3.32788471477793
1.7716971837274,-1.35928765081812,0.732136404117701,-0.569356403435853,1.0518399348156,-0.546188142796975,1.17693881718917,1.395158652828,1.98543230475056,-2.9125233555258
-0.859755565094966,-1.20458246545703,-0.289860916559885,0.688894274540734,0.640377234105964,-2.15894230772208,-0.460316273003134,-1.69751367526691,-1.33441504356473,-1.48760934333014
-0.443291072119798,-0.0686122772300189,1.02616442238544,-1.71314676121931,0.451606299801906,0.862775147160659,-0.200841458587952,-0.370261235156652,0.106815191194931,-0.151196931926514
-0.25944098415648,0.330068471600313,1.73193516361949,0.0610902372131146,0.946152760782883,-2.25797849525352,0.842828074988367,-0.62867747054891,1.15828012368493,-1.1509978784596
-0.596859278777072,1.60618926037628,0.196740303196596,0.730291461034561,-1.52088349823863,-0.516618194922743,-0.549512254082041,-1.32128464725261,0.908060045882256,0.491981102444493
-0.757394480497777,-1.06278124614418,-1.34306392179901,-0.154671998355681,0.0227370956117032,2.6839147582431,0.228829214055599,-0.112259488995018,1.70134455765662,0.605403510917264
2.17681189271353,-0.462247848508743,0.894104365392747,0.643631015236349,-2.01934821153538,0.493599525293488,1.33336922312007,1.27413281082696,2.17398564069135,-1.0511732179207
-0.808795456100858,-0.405123006226381,1.18830759773914,-2.20091911590178,-0.3853529440916,0.50302653106282,1.21530531107569,-1.70810699475559,-1.79995983658781,0.502889671215495
-0.288521526110977,1.15874249392049,-0.0153367054865603,0.454832934937733,-0.395169706019542,0.17648219323841,-1.60700970997805,0.106505208114667,0.600945217810935,0.952136665635939
0.175055933240715,2.08198785189121,0.46998270364612,-0.432351359185185,-0.100403345008646,0.519808258469494,-0.636398067925416,-1.08194337616608,-0.378943489860852,1.32575849118367
1.0951507013693,-0.690877852340205,1.38282722057168,0.338923624818197,-0.757061489803435,-2.01639227128094,0.38479566434614,1.55690002018307,2.07045730700629,-0.476195506249833
-0.612161499022501,-0.616782269753776,-0.704349073350215,0.815600461801972,-1.32631275827615,-0.187693809376731,-0.423983378999886,0.835329556488553,2.00052148226186,-0.238864205859731
-0.97444362897861,1.45266106493052,-0.51688143795051,0.765318524395452,-0.072072975543927,-0.107906646412992,-0.735355884523333,-0.782855659325693,-0.0787017452206468,2.58253245436079
0.00852138875248393,2.47091962523077,-1.20827359128383,1.81480356479877,-0.0547542555401467,0.719449351848657,-1.8738483140747,0.470389815465473,1.2103828014301,2.67897747208413
-0.714495831152967,0.260504944649822,-0.245541083664721,0.897262002461238,-0.265106827456802,-0.85749760596958,0.497590312290553,-0.277398033391559,-1.53650270437889,0.195626493473625
-0.615375567878296,0.900197467877337,-1.4754988555848,0.6213965185222,1.11007024962417,1.82141520290474,1.76729679633624,-1.65923275167758,-3.21313280765918,0.163598229189078
-0.464241911786978,-0.45206273923616,-0.459031780952933,1.67396061558867,-0.448275646004979,-0.82966366379625,0.0161159414345218,-0.316613182902825,0.889401637503204,-0.0425516524295652
-0.843486158093969,-0.926573137893962,-0.157763278576631,-0.759010034898879,0.361372002012095,1.28809554174596,-0.442523368516591,0.788598915977049,1.16975803952785,-0.378081944290035
1.85825616452916,-1.21046910534112,1.37042172746004,-0.285657821891257,2.01511503083813,0.0909650741747097,-0.384651736663168,1.24277038556943,0.988329673740712,-2.62394857147475
-0.909825923674621,0.386137402261771,-0.19755828310766,0.707249115493838,0.0135526591051435,-0.0916997238547007,-0.835482258355687,-0.415886682641037,-0.871276447741669,1.03197141675775
0.0695862831911093,1.42034818047352,1.48791720538439,1.04206552924532,0.287772225792023,-0.994037717887231,0.60289173152142,1.03515284139615,2.07123423252469,-0.944089611588528
-1.3469592359073,-1.59583472480112,-1.33347265306958,0.045205689140496,0.479052136385681,1.46680569066877,-0.469847946275768,-2.046678013961,-0.758971998912489,0.000355257618660725
-0.78715575113822,-0.932737635809819,-0.369490142293996,0.744075604991128,1.19489270185723,0.0373573424709182,-0.102716802630981,-0.386267297388775,-0.129968255766946,2.07228680796279
-1.20796840884538,-1.71225050258383,-0.865244273083655,-0.344050573008392,0.810348857801309,0.779074881377853,0.684831097719607,-0.222882213580192,-0.0390854685606551,-0.451275050574999
1.3044693212244,-2.48395480459283,0.0865424146408373,1.47706731889057,0.859233431494884,1.10584878918721,-0.457856547181885,0.12994688348027,-0.321852446377872,-3.37698056892223
-0.552908898894929,0.123730731192531,0.238748821071587,-1.56316923436165,-0.40137787136354,1.15655606915144,-1.09431675980722,-0.805777727879788,-1.46540598090008,0.60539461597754
1.1857750240628,-0.643763004641829,-0.401574822254898,0.692524108590543,0.378155931039996,-0.107907204027045,-1.68672223919708,-0.0155836914874852,0.696300650394563,-1.32011580967767
1.0309456575251,-1.25390094708027,1.89007329189061,0.769278829716919,-1.26378464244218,-1.72556271717396,-1.56260773198728,-0.804840323337501,-0.319466056101198,-0.934493279248814
0.0313330269318948,-1.78912492838502,-0.0226421526443776,0.934007731385778,0.222600432428295,0.179008157699701,-0.597852367405134,0.598455285436574,0.915863251941062,-2.51391746307587
0.197074653424371,-1.13602744996114,-0.454481550883875,-0.772213751509024,-0.356677592678658,0.471411176650719,-0.924726618887518,-0.414872286668984,0.756563591754435,1.31150646484554
-1.39004742394007,-0.901802734873827,-3.46549404571309,0.50007723914425,-0.101394295429622,3.38209479836611,-0.200433916146701,2.45845394988672,0.269094858412892,3.08077486693399
-0.126538826276774,-1.25732450680458,-0.343588504140394,1.37529493815359,-0.589184095114781,1.12892116693929,1.4116559736125,-0.0818889991751035,-0.254343757759275,-1.43131314355137
-0.157204178688475,0.6184112241514,0.4584560185664,-1.42827687494315,0.734609680744615,1.73513779256163,-1.34835625312505,0.811713231620873,1.76577563804903,0.438395615536875
0.4298027863546,-0.911852296594582,-0.552249532282231,0.526138008020547,0.910776218734041,1.27815618934811,-1.7301205855804,-0.440798138631326,-0.844933786699192,-1.44222005066741
0.415598961185433,-1.0011110484081,-1.17606138099692,0.664529780412315,-0.6211629879235,2.91065852722603,-0.457096551321504,0.383228990223237,0.157183867896832,-1.98249996132322
0.26816100509827,0.0455955636100001,1.17211825045997,-0.882895797569113,0.561482696491088,-0.878332933933797,-1.09478609261251,0.0170164536817712,-0.136057822349503,-0.775869756464115
0.0572684409920284,-0.0283124905376782,-0.69888115349965,-1.03228799221814,-1.56639635799815,0.532490024768024,0.0509556365442705,0.924059714312425,0.910394182622839,-0.965687204443002
-0.27649975695505,-1.36405974495145,-1.139288783032,0.18025559472498,-1.07417214877663,-0.171134453697306,-1.1336092693144,0.241770052502678,-1.23366051865356,-0.180340101210032
0.713908898661804,-0.488038420487556,0.585226297792827,-0.804414482756972,0.650777412825861,0.597947162094584,0.590181054457781,-0.277854113744765,-0.00519696993339966,-1.13124639384655
0.555755378445324,-1.0064323192213,1.5993405783014,0.464297835369958,-1.650552600576,-2.43123682573475,-0.238967560441085,0.459966702406214,1.23284633542917,-3.45031965645351
-0.287062948728074,0.479816787841831,-0.480378109307971,-0.630669901383695,-0.165730288072658,-1.01973993857992,0.215230897350737,-1.69195171770329,-1.94866716957877,1.21073233822261
-0.142926993431986,2.28894026344426,-1.1678469193996,-0.178621371628518,-0.404306577555823,2.03019542018848,0.956263380306371,-0.578201413625775,0.234240249932775,3.73127003965963
-0.503432256755438,0.0662891523608341,-0.777679837736172,-0.518355610618448,-0.382123092124082,2.91650307759516,-0.0773893331861201,-0.00676468710180517,-1.04238841356628,0.902421461482853
-2.09998332606268,1.33241701599009,0.628679838834434,0.149460624420333,-0.114168388280412,-1.74745400841739,1.14146762157094,-0.00493202719085768,-0.0899507954456373,0.432635793521427
0.611772009385738,0.466433595793252,1.42430384177556,0.751413287851457,1.07058712435978,-0.613487677343152,0.498477027740059,1.71906907724063,2.10801816017293,-3.04405204877697
-0.712523396757477,-0.85164221617248,0.518078766961425,-0.220526083590513,0.964869376134524,-0.848803988003641,0.307723374036983,0.583619195470692,0.129080581986359,-0.295925462579719
0.944256646863687,-0.726841009512082,1.54294203845497,-0.353365804869772,0.291025212130462,-0.878243910933247,0.475173205921621,-1.07753047333532,-0.67439565947855,-2.55419325658204
-1.29808599555322,0.281778275944186,-0.0575382951747355,0.112709375440439,-0.632354352677081,1.34351701345238,-0.0790625537380877,-0.371324610738201,0.847245504292251,1.67701685904443
0.177709534593444,0.235200217126352,0.685992194878724,-0.167568142844628,-1.22077222340991,-2.18296424678648,-0.0930476254347858,-0.397200536185782,-0.692106443572887,-1.62549140277708
1.43701658417876,0.131147011278573,3.27287862279373,0.726006656495615,1.11164546064317,-3.73802448671168,-1.15718546271046,-0.325458366889166,0.717870672819267,-3.90135793813749
-1.10221055060101,2.01550829396295,-0.536519115943129,0.926070151102726,1.54474614062855,0.0122361880633869,0.521363805189925,-0.196325644703876,0.106034561550994,3.61919932592391
-1.33163007472772,0.277578587540146,-1.09733820396963,-0.0164109248589018,2.46778565351458,0.630779820012484,-0.892909811008269,-0.0876143718991298,2.87448083053662,0.514122179951921
0.0470483247532119,-1.21006656585517,-0.852216163865112,-0.668414692388193,-0.313327354242791,2.22784668256695,-0.161694469128311,-0.168710565368145,-1.65954348428812,-0.885353427742805
0.48148804882858,0.364743279978392,1.12620340574608,-0.436389237871805,-0.587381279983256,-1.28794471591667,0.699363792560641,0.574798966099302,-0.107116894308952,-1.84449011891194
-0.239371069448069,0.859293936885536,1.47418519867038,1.16335040549618,-0.108303835042372,-1.8704149887327,0.540510425609576,-0.101609638530047,1.3689336412413,-0.655920651501403
1.41030951776822,-2.47150865633829,1.50502224563443,-0.57683585465423,-1.33185427542447,-0.773830846959752,-0.793180388872236,-1.08714830879619,-1.81319961703824,-4.5261662509662
-0.0269646396477608,1.22980939485643,-0.677990406389761,-0.35316994339221,-0.344481726703219,0.328244078936356,1.35880646443898,-0.290542210804138,1.4383407307744,0.847324725021243
1.44099503533236,-0.594174041145805,0.751679330009022,-0.802961845255358,0.516622796346569,0.695693484882419,0.936074575892016,0.872485804249971,-0.699803415790859,-1.85224751883111
-0.107037322893416,0.169875892245065,0.380777541733982,-0.0612858298086774,-1.09966119120584,-1.4592680283325,0.477209422210747,-0.105349606289854,0.435843839557376,-2.15181635752401
-1.46793799394039,-0.234039028838601,-1.28701347522698,-0.376081059182875,-0.320277266290928,0.536339323988852,-0.996359535866835,-1.83641927054291,-0.562818845042181,2.4709487089277
1.72853283746636,1.2128772475714,1.67188819194003,-0.517225943847804,0.406177757376915,-1.35110464032891,0.874187424535454,0.031256518689458,-0.596006161117937,-1.63533493178009
0.886170443246658,-0.238298554287463,0.817083363947503,0.318798360722304,1.52641760049529,-0.698643367993401,1.43937930635151,-0.858882181082315,-1.99266939296911,-1.37919473086035
0.255083319568802,-0.612699018210101,-1.4277025643493,-0.399419224299357,-1.32533271752185,0.375876204105022,1.74458769392583,0.448427728085672,1.08672621588059,1.54116820516086
-1.14406815645862,0.699312526780186,-0.221287644924841,1.0349431987008,0.313240161750367,-0.262815193813181,-2.15303820995413,-0.774362191337864,1.470460422464,1.41859343707668
-0.314337387098848,0.213294386409136,-1.1679542145675,-0.517515939499841,0.956024655344829,1.60290095458192,0.50842947039773,-1.49259925035975,-1.97879132157174,1.56165556150596
-0.209864718068677,1.59774501411697,1.3774545674803,-1.25420340366263,1.88522741579561,-1.07246683013307,0.937583548931938,0.301527540918914,-0.127348297275025,-1.55032297227111
-1.54522531789771,2.30648660951475,-0.867576479925672,0.490216254936468,-0.625971715681471,0.50564325185096,-0.537679081559977,-0.410369129265428,-2.19697543686862,2.34913363989235
1.00365302502866,0.173387675772348,1.90889363388111,2.69099514190348,0.129553238939997,-2.45118826794119,-0.644022222035135,-2.79875532347408,-0.881498459636486,-1.45932319728408
-0.414032962761948,-0.862238768793312,0.801625892937618,-0.797254347409236,0.839068454292545,0.147033650804788,0.0902884504678161,-0.728311521487283,0.0285894829439169,0.190063674021988
0.879963940896515,-1.14661240949645,-0.40069158110038,-0.908399346202828,-1.18610023482699,2.13666658506554,0.917441991996002,0.270566641636839,-0.0681024173552104,-0.327343730384873
-0.465451544541675,-2.73100237724125,0.0297640410220901,-1.16073155097505,-0.707391265174902,1.57979747960303,0.669844428587776,-1.24473390911735,0.964263158888258,-0.497119758606843
0.441079082604088,-0.384239374343531,0.685620920173192,0.0558173534365157,0.385776837843614,-2.16724324809919,-0.243881442985177,0.23200439741564,-0.251716617042767,-2.75528281926705
0.243749801818891,1.72452241908428,0.071206120784156,-1.36728194359987,1.44486562785805,0.668293502461455,-0.44630021496945,-1.96865356824095,-1.32836471305742,2.65750074492007
-0.460992061893434,-0.460961565509456,-1.22626841452987,-0.26187684445908,-0.19182549172188,1.58226846752562,-1.14866097620929,1.99856187705447,1.59599907275075,0.94632592685936
-0.531631352764288,0.107900054900523,-0.315197007089082,-0.40008993283537,2.12193563973183,-0.520253099444613,-1.0234759840775,-0.669717922080384,-1.19052631189087,2.92176451131325
-0.5123760680066,-0.759163360281519,0.483201004622526,0.201206055934686,0.0727858270291345,-0.763976965696476,0.635371923174703,0.124034345272993,0.0296305603857693,0.122113653392458
0.482807894581694,-0.341075401369444,0.982483828246737,0.977000082206376,-1.65706425795608,-0.897573147652217,-0.107343907341017,-0.554196663747636,1.0129613503944,1.0986427422801
0.701993816605066,-0.343217204576287,-0.707711051721905,-0.0347525641766498,0.265464877742336,0.0569367122175604,0.102093651592957,-0.413775878203829,-1.64804701156328,-1.73076794483362
1.54085673291363,0.674472078519494,1.45241302055719,0.917319289130638,-0.217195210533383,-3.25629576116766,-0.297702895573159,-0.290066011643738,1.42715817621498,-2.02042922298272
-0.353143358979032,-1.01594400558223,-1.19908692747641,2.07478582986732,1.21882233645752,0.0436377896939431,-0.654571669427162,-0.377319575508587,-1.77509956150864,2.17561257463134
-0.444258202053696,-1.22723022716163,0.448920835916474,1.67644387252927,1.5260514931632,-0.323157310934215,-1.36566604822119,0.622510297187224,0.361059571842817,-0.775144621779553
-0.884917576140621,-0.145118012567445,-0.22551625015299,2.17537185919154,0.686073957290895,-1.3180401700423,0.146146775202737,0.648252819848314,2.08714783488,-0.362331668304859
-2.12392635768982,0.744589304603159,-2.1010117854324,-0.322340274938199,0.757882957859893,0.702853280117448,0.484454497744347,-0.964411680886694,-2.22061996467001,3.6845431228966
-0.0639638505162884,0.534162910983807,0.533312107512738,0.466249630066081,-1.1133813259223,2.06282531480657,-1.73516446679962,-0.952329001617202,1.89279028415714,-0.341878026882134
0.744032568887215,-1.66702107548458,-0.168961470088681,-1.20506808649833,-0.00192537714261765,0.375986366356187,0.17743865268071,0.334116256792462,0.370657310811472,-2.48658426135807
-1.92336198951044,1.68556463038728,-0.646572216600285,-0.741008410149858,0.0174426769750394,0.547862334867408,-1.39779352032711,0.197853926026385,0.497926407473647,2.27869559026599
-1.04214763028613,-0.0867871503957935,0.314778568111151,-0.138526430225122,1.40697514804933,0.496460117989152,-0.273587728148526,0.442534972955647,0.613899924429685,-1.89450279035665
-0.953109733166323,0.941079205929178,-1.43270338694765,-0.578034933434721,1.06836611271446,1.38132266222187,-0.674078484781037,-1.32817925806577,-0.17508851107275,0.753337197854385
-1.47547342525337,1.02748879147574,-0.00612537265112063,-1.09738063727239,-0.908401151562746,-0.302205541409443,-0.704313558812261,-0.363822328752335,-0.104569304850031,1.83953552726978
-1.32247304860117,-2.12212182643405,-1.53391961810534,-0.23186783469167,-2.2297205888199,0.422583440000682,-0.293673562527487,-1.30049461048477,-1.1786155696772,0.315109530855933
0.856659693142993,-0.696379620694653,1.33224906900796,-0.242084501436236,-0.144694167682199,-1.48744943579765,-0.549374998207749,1.23190536786267,0.605951704150947,-1.67739205906307
-0.699746656946048,-0.224712961183276,-0.53932310806011,-0.559225525092909,2.0863840465015,1.94702891166296,-0.215707163472811,-0.696313439914507,-0.200386128041287,-1.54354345327082
-0.318215574783313,-1.05938733089454,-0.533575060414845,0.35299334973036,0.188877872202025,-0.749800107174356,0.334046215164795,0.0393899964874924,-0.183633096683196,1.65633383527796
0.605318306858082,-0.102530859464153,-0.61326061002999,-0.247893225054407,-0.074191303538851,0.581641083092522,2.21398114033149,-1.08168874185929,-1.02458992215983,-0.152112534105331
-0.0291403875680131,-1.11379940935174,-0.416573591977424,0.212895897140398,-0.306283482058775,0.271596991012441,1.12106571723316,-1.07763781713715,0.332571271523552,-0.784169941746218
-0.423507002785685,0.696968620272698,-1.61788554101777,-0.854100616017074,3.17344265997814,4.15321812574941,1.59626493354701,1.15104644652648,0.790563145210915,1.14197639530373
-1.46561692679879,1.73970648417205,-0.905224487606357,-0.293981110682038,0.174671497669406,1.41944608582538,-1.26119037120136,-0.216438443708403,0.9068221635061,2.72976978032821
0.302347023247605,0.626167896076816,-0.515918978705012,0.710065099754619,0.598299157310886,-0.139311742650642,0.170428328715186,-1.29225480627205,-1.01957213115536,-0.0768933761012206
0.314118817573468,-1.28052247644948,-0.288702183980345,-0.656105156553725,-0.671949880501737,2.73087311694616,-0.164571557085397,-0.716004972322182,-0.26289804619703,-0.671915964524116
-0.643040613432746,1.12678660650183,-0.136763030672596,-1.27126757799421,-0.0390906224599299,2.11137977298109,-0.415226379445355,0.0675076609985699,1.8231760711163,1.68960340857134
-1.91011912972275,0.896162605554241,-1.95869744721369,-0.737357414642629,-0.703800241521454,1.33406754977225,0.119159093423488,0.400553136592909,-1.01355513612904,3.50877836331774
-0.58643395884019,-1.17254403078578,-0.8988553876841,0.408954887418334,0.00524845701664536,0.70784388864137,-0.495710010768844,1.64294136845724,0.91216635702722,-0.366076913747536
1.53906872773507,0.157854231359946,-0.46928550313899,-0.317130777015212,-0.361826974492061,-0.783475079321524,1.62848508616901,1.05520412181735,1.6211776493371,-0.264761467306781
-2.46126218106711,-1.34381534999294,-3.51112559890599,0.681669591781429,-1.97352125429548,3.38654457519858,-1.57043321172091,-2.01300011886506,-1.67015683722093,-0.0489489316892724
0.187498037523044,0.69172309398733,-0.613867507562305,0.378581952363493,0.999699284658272,0.705398623444531,3.67401993705546,0.835523765289416,1.22295764862451,1.67774989745905
0.229765188941342,-2.17073443951054,0.317831330888163,-0.53897924505207,-1.53005684344817,-0.643559622511728,1.06657076153934,0.274070716862769,0.491416286468459,-2.60407543605125
1.58900350235879,-2.11260700142625,0.595013571235075,-0.982570736111903,1.72354126947557,2.99298971233497,2.63525545264151,-0.224113497562761,2.00436640481448,-2.0243974165914
-0.841528815231311,0.781185437314891,-0.899886475718673,-0.361519132210882,0.446594951138345,0.179753634888713,0.989186180882941,0.53336940717201,1.13670172243921,3.10077525341456
-1.06117455180785,-0.869155534975869,-0.208630829140573,-0.628816036204798,0.0214753991574923,1.51839352610618,-0.334107398110604,1.02257796671944,1.51297948505867,-1.89503719791043
2.04355268833711,-0.477072163727907,2.25600224991795,-0.277285166178369,-0.350532230517309,-0.848968207191583,-0.118286858640715,-0.44544044250914,0.349721293969538,-2.71830319047292
-0.122631635651307,-1.13317245959161,-0.18774645818296,-0.130626017283698,-0.693580044925167,-0.668015520963441,-0.445386242335332,0.261689764239835,-1.09605764943989,-1.26108194366683
-0.351523886586544,1.15035740840303,-0.0229351645616582,-0.594758879787741,-0.160988261828134,2.14335472457519,-1.33135130968215,1.22759470753614,1.85043452383661,-0.436733612395606
1.79552730703437,-0.357460369208603,0.433757021439873,0.449553619358767,-1.24783046636846,0.732120147021656,-0.641483205191613,-0.522215258424656,-0.439343203332317,-4.00611160609173
1.6086566499282,-1.15094673303266,1.80877809299196,0.679202366973476,-0.494850415282362,-2.3499675641776,-0.456576237640485,-0.738883579149652,1.36639660004902,-1.93552280663462
0.382087660121284,-1.88762034624338,-0.424370566797608,0.99644895358584,0.29238820957156,-1.23004742538926,-0.874446537967564,0.768695621189755,1.76485526194588,0.056086063136968
-0.0731476625010848,0.896220931562225,1.45981707796278,-0.035165438368505,0.846166545197755,-0.885156124290234,0.196414243521485,1.42145613997389,2.83712541992841,-0.325302049970374
-0.711528246034243,0.301267696980278,1.25446502952903,0.487560910279977,1.20795689378211,-1.07199048385048,-1.30448990781932,0.0406648638892763,-1.07854327771981,0.29440439582618
0.87318438309831,1.19256017747504,1.46005861836006,0.433018741593095,0.759636841971677,-2.13560378725432,0.596793445233033,0.080054513585703,0.602557626202675,-2.87880444760958
0.646717527395204,0.886416250898078,0.351483061385919,-0.0523374685520994,0.219772002331609,-0.711847340337532,0.201941899884124,-0.442945312054822,-2.94651780048012,0.415371358249551
0.117896413990831,-0.637015034598162,1.02215911553903,1.04682435824672,-1.5036456664758,-2.48303068229143,0.0465709363295906,0.111829450589885,0.535111801553415,-1.70992422699417
0.106719657041088,0.768673823494752,-0.800501853559461,-0.581367194127145,-0.500536780612725,1.2573808235145,0.170111944308876,0.557294857770706,0.257591849102517,0.563849322340833
0.296419693072952,1.02138834775545,2.12431729457161,0.115350515726331,-0.284891680826991,-1.8856187003041,0.0924665006273787,-0.350831625733842,-1.09071572387919,-0.164247242481108
-0.4137994790859,0.838198643409685,0.481897710344544,0.122671514429773,-0.189052133331219,-0.870263220788874,2.69685836548398,-0.951528815001915,1.29382289908132,2.40155152168234
0.34070865830509,-0.217970358264451,1.27435222196691,-0.658229402530294,0.138340689792959,0.363884553502862,-0.601289168738828,-0.271996865583359,-0.132935337086138,-0.822695478721647
-0.952480442371902,-0.900669326540994,-0.773346003487489,0.203710374483143,-0.734687179524114,-1.22606040904998,-0.593431805440163,-0.575869920500743,-1.07205905575891,0.403346359201245
0.960886225243615,1.33257208602843,0.727694941330307,0.30477066877152,0.987796532699226,0.744783038213991,1.31060439919379,0.11008598363218,-1.12852011993567,1.58208843926489
1.06991373851672,0.673710174036509,-1.2495078697975,-0.381372846227667,1.65179972712208,1.6080675439694,0.498981028737641,-0.21485764297776,-0.44345652607298,1.08697276137141
-0.0499586523666804,1.34236425753396,-0.846399504051549,-0.651530859148938,0.905734521839703,0.633659571401814,-0.770606789850314,-0.0913039914498894,0.0977870403592821,3.07370140772529
-0.625158165233602,-0.467703964668613,0.241105363776363,-1.21370630569842,1.74065553874605,3.81220260240246,-0.832448680549521,-0.416758979152805,-0.546475129861838,0.275695779211511
0.849947207290378,-0.65713397352149,-0.413413640337483,-0.0281744528720833,-1.12022386270901,-0.226811555425867,-1.99010192287513,-1.91200203555938,-1.42819325340873,-1.73630874019002
1.65705454925026,-2.04899456594139,0.0383466322648547,1.85916951100318,0.860450386803899,-5.37369492284635,0.875479985831562,0.583299613816142,1.44983767649293,-4.11453927784671
-1.56348799906378,-1.24804128903759,-0.922833582881871,-1.81974204362894,-1.60978096684679,1.80526801739223,-1.08703581866967,-1.15299467431868,-1.22448645618524,-0.413926377164316
-2.08801536927667,1.13540921223593,-1.9352342828736,0.682585194530993,-0.428186852896734,2.99539178181769,-1.80062305747035,-1.80745655513464,-1.93467121979183,2.14148272796947
-1.03367090545553,-0.525030567355177,-1.43291375788137,0.0999930390038267,0.239537373819661,2.41627616674728,0.00541461235572233,-1.51185983188395,-2.85491233562246,0.0814554414802081
1.27285015882427,-0.899769306488097,0.804895950942905,1.49607603739478,1.23517895952291,-1.49384583837098,0.899640067451564,-1.57044095603607,-0.932629218494051,-4.72065748417255
-0.121862846033712,0.582148464112333,-0.450488960985186,0.366925730740085,-0.1904735418266,-0.319963668738193,-0.000667619130259098,-1.80730231075138,1.31352936827423,1.54697758188523
-0.103444271231426,1.48061027147654,-0.154797964083383,-0.108031029704329,-1.2453697981031,0.766141372092807,0.849378340437819,0.693285097630808,0.611001910087591,3.26982156764579
0.725137957717881,1.03840211634346,1.24387930182978,1.96925563355766,0.646425844716135,-3.61635952768663,-1.62318525126115,-0.35266890501306,-0.254034189329085,-1.40791777027114
0.986198700507926,0.218111384655019,0.13558099618084,0.235809627934666,-1.10231432554687,-2.34494316805497,-1.04102791840243,0.0595862724498172,-0.643278401714054,-2.35982287018082
0.731319923382116,-0.892794156610992,0.659494424163729,-0.892203625429496,-0.165692895451762,-1.27834699621004,0.381099684146822,-0.356709495654877,1.47000804351913,-2.33889178379655
1.07309262384531,-1.91909791592046,1.25502431864837,-0.19002775831281,0.875364090291655,-2.328324186466,-0.153876740491638,-0.694478884068172,-0.164754252052468,-2.05714916076391
0.572206380534491,-0.936576254566813,0.19991257489127,-0.759896371744222,1.05240603371449,1.48764654348428,-0.964475042101925,1.5809326329508,0.820594753795551,1.85817781357882
-0.894952526302121,-0.614755163484402,0.84464716261587,0.138613793000146,2.14000670148042,-2.2481075309259,-0.926779114550278,-1.51035375634693,-0.981033691417402,-0.184247094027941
-0.705702520350322,-0.196043931620747,-0.172014735894462,2.5262495093994,-0.404870189612024,-2.11785883345864,0.00714404554705637,-0.0392229908885399,-0.108645839091352,1.70691521441806
0.388883042775307,0.0316913156041854,1.08037461713707,0.841759752113537,-0.764074359151008,-1.1947642785857,-0.189072895578315,1.2329621368844,1.31023076107642,-1.94546078993389
-1.13916641513442,-0.0143981115084183,-1.32475534912727,-0.512837535034251,-0.665311636804467,1.92345124157942,-1.10327400006255,-0.234799176165162,-1.0020089484095,1.24271555359636
-0.504621713406846,-0.160214734553548,0.300604013274127,0.509102301538143,0.880042817664438,-0.505439520541738,-0.502379692692682,-0.291486111903154,0.252471033948954,-2.29992494440417
-1.27582141802381,-1.64331283341152,-0.386589782223523,0.462057671089329,-0.346708386780234,-0.028029480507278,0.63355326167285,0.951594619255151,2.24143855031612,-0.230230725841756
-2.28999071702779,-0.813242653400639,-1.1007683118057,1.29863524189776,-0.249565428578075,1.4232436868916,0.324579627475383,0.264918909288174,1.06780599688027,1.11301900502155
-1.05450982282253,-0.376473783295838,0.331279636080515,0.752532686525788,-0.169339958034668,-0.829144461734665,-0.144475968636748,0.0589691885784094,-0.292463929417204,1.6394963572687
-1.23822829600352,0.423461940550089,-1.75865689749901,-2.36309099102469,-0.385093624017155,3.84623786046177,0.162918448801844,1.53497835894698,-0.388578909782805,1.65485238296521
0.0192718742114398,-0.0668175039697667,1.10953602590434,-1.11244862985969,-0.363083005128924,-0.0179641267015215,-0.104553555074287,0.343382498732598,0.953994689790455,-0.562647484268769
-0.00992465828438571,-1.45695862540463,-0.77203588580899,-0.207072746544956,-0.181893926116011,-0.354563143563985,0.692398658967269,0.490589753606712,1.46117900242447,-0.798104639406134
-0.935853379479299,-0.777416190502897,0.276326406487158,0.488456666847795,0.0390599034382861,-0.028103681154288,-1.25675548085195,-0.411968851148319,-2.02637003611209,-0.799710341824716
0.16711111997116,0.0342056801774136,0.115647473834508,-0.389763248991751,0.88638570011542,0.779901130880867,-2.6205199014233,0.0828981041424111,-0.0505413711402146,-0.510629102229443
-0.312823464048113,0.363409744130864,-0.146952040955209,1.57520868156557,0.0640214288133425,-2.48488249792381,1.13405362114831,-0.271252602797415,-1.05217110875393,-0.06327327383793
-0.963786559801689,0.108721286830527,-2.90407083880351,-0.273724973404922,0.933542296581626,2.47654334967154,1.53587510329536,-0.144829602282827,-1.16444806235549,3.74574831479088
-1.41124700078554,0.485866999861168,-0.765408389273472,0.13707845638265,0.853623328840355,-0.410869700977324,0.0579004298068128,-1.59979333896333,-1.54752878095251,0.0254132192322558
0.0853609632038745,0.374453826112919,0.543301302996274,0.607965083049668,1.51685599782642,-0.226424137733384,1.49813183763345,1.22511594190587,0.658260523925373,0.761919068182361
0.630192792319796,-0.810563732562044,0.0338677190404474,0.21859109274332,0.376744963376678,0.571070053402747,1.55497252769042,0.0789578371256854,-2.57146123228882,0.0207352917517884
2.20997734153833,0.197557124659091,0.894647313599906,0.374761024023452,0.300129966342401,-1.23867530928008,0.796792513994695,-1.0752831910535,-1.15634525973733,-3.55814150670163
-0.78040945202181,0.421580080087355,-0.617472866477202,-0.650809457940934,0.925289354588778,1.58399788039306,-1.74891220461762,-1.1943435172101,-1.68244670224871,-0.752424042203756
-0.452122604654433,-1.15932022907935,-0.842833600866879,-0.69920972846271,1.02546537186193,1.08602149634023,-1.24643163263379,-1.77927446639445,-0.190856179075816,-0.441785825071496
1.38525785855355,-0.87426402830946,0.214039295838451,0.855615954595658,-0.118747655799668,0.375034943799946,0.926614398231046,-0.623791108177421,0.0149333896166368,-1.34627446571245
0.525368215869126,-0.554431376805301,0.532918447943845,1.11372493468216,0.180721145933568,-0.0952463750444999,0.407726197396306,-0.999397369387506,-1.73376105306204,-0.219075569817025
1.67060727236536,0.507354321794828,0.801500876247489,0.337787435607871,-0.175210995812294,-0.428455296836617,-0.986878883909725,-0.594860629558293,-0.252845387199686,0.122217147046091
1.09234754634236,0.943594046776404,0.09608327989715,0.0546444438017952,-1.03905146867744,1.85140638610234,1.12592462852932,0.0538406887297251,-0.668991980308125,0.49450328263668
0.831104799160728,0.189113553596516,0.733843826437603,0.573399482543862,-0.124603968915292,-2.23499571956381,-0.0299301050044497,-0.497893028916957,-0.743581271366666,-0.0189344606035275
-0.438797045225856,-0.845441445904785,0.99764549161516,-0.861076743648535,-0.259721679369186,-1.39808705040335,0.536819756540569,0.746770752207322,-0.376218749394226,-0.939781954149384
0.783968292190079,2.4238553990875,-1.32273005673509,0.430490275646484,-0.991954453017215,-1.54724208810273,0.375037050816826,-2.21959369399638,-1.45978460196991,2.00593960201679
1.33088663386384,-0.587465069327698,1.16763988518825,-1.20740623750182,-0.144958444086374,1.49332895610434,1.81290673339931,0.44549773728432,0.285718783031889,-2.80169962847595
-1.92087398993469,0.895816499449403,-0.610669368237914,0.882735672958884,-0.510523514206284,-1.33900156539948,-0.159199385444274,-0.894438479529376,-1.24460309065834,-1.05559142298054
0.116876072876622,1.16343219077774,-0.0466042074641658,-0.761939833591284,-0.462847201909977,0.664436239454336,0.759489886452492,0.881765757424273,-0.113481002604962,-0.376488062570395
-0.377879662088956,0.232277937251369,-0.634074265957413,-0.121710105326084,-1.0867889935507,0.260150761749145,0.458519255015181,-0.249715030351561,0.944163483075189,0.661921129094751
1.84247319270977,-0.60430192244843,0.428173345458483,-0.398770565127439,-0.319139710321157,0.182559609887692,1.67377933631729,-0.188657818212816,-0.745760116362904,-2.11195590946075
-0.406527011935267,1.32708713682862,-1.57669263634822,-0.692237411156829,-0.832692977127103,1.78705417214792,-0.660135869729823,-0.506856820822369,0.831381306727064,1.18514344807367
-1.94042105585387,0.17351279926446,-0.0710984675477533,0.229994809082247,1.33382842538056,-0.456338993433058,2.54685640254695,-0.616795608310638,-0.204624372534696,0.14495714133656
0.569686793584416,-1.52377477137651,1.26126533996732,-0.724525162448362,-0.192470049294684,-1.11886528054769,0.282566459267744,-1.08438499298821,-0.678777274028796,-2.00623307687039
-0.310267382415917,0.645285043020276,0.932064116643489,-0.113779416598827,0.329122912095198,-2.27308849683384,-2.71354674292939,-0.254281635709342,0.0546515736368957,-0.626450070039536
-0.332416536270671,-1.03450317234361,-0.106108945819089,-0.356511353733263,0.243918893593928,1.85053994482159,-0.95008463771453,0.341939483870332,-0.861042174834966,-2.29321345621781
0.0123707901138925,-0.869935221349187,-0.122226549813006,1.21968279410793,-0.051768451850815,0.230681372013287,-1.61375389448069,0.46568389407487,-0.945652075727507,0.230975440617823
-0.0649002310482814,-1.89282332191633,-0.340156665883418,0.580881401281986,-0.79451341520819,1.41919997820594,2.31239927366345,0.211253615281879,0.142404580986261,-1.53894140477828
0.382601380884842,-0.794681116607138,0.692526186532734,0.278374203313351,-0.952684386356693,-1.57132902846988,-0.476293686169713,0.645055588518104,2.54349602724946,-4.2412471425993
0.478732909783117,-0.971080384770813,0.483940901284572,0.0626271551304255,-0.402653317722337,-1.16267071776398,-0.767359497144504,-1.11886259897561,-0.355407738340674,2.61790492300715
0.0783695007360262,0.0202600520623358,1.45073269832904,-0.575961400491142,0.621205579130186,0.431058639568047,-0.907402009160595,-1.46062908866633,-2.21483995653352,-1.87125618225947
-0.298600588130513,-1.1489929268227,-0.980584254296006,1.10804344063551,0.150024238119273,0.750019589481757,0.343658991032182,-0.861223795768637,-1.48584884990406,1.21350177188069
-0.484631460344085,-1.44158880918189,-1.74849888420167,0.138483488562352,1.67276902319008,0.389349964375826,1.49506314314496,-1.68991550176095,-1.10906353936043,1.04259972696709
0.778569201792199,0.371289382534319,-0.453230752549273,-1.81875011846037,1.65730926740988,2.51783565578864,-0.224790018606595,0.765429238936574,-0.2486337141538,0.551333746739715
3.55740560375353,1.29069032146921,1.07830371474201,-1.09791624122838,-0.318870130690421,-2.07230710496276,0.574050743145681,1.6045435782623,1.88444499433488,-1.94264533687498
0.260931675676056,0.337155641011701,0.878309560068008,-0.00870695469033377,-1.15743583801593,-0.976149748597534,0.251208462124204,-0.360908296892297,-1.19461116375695,-1.16966107433037
0.225735928597202,1.81112746222562,-0.342797674861516,0.534819428647736,-1.53394351449583,-1.86222440679969,0.332074908104945,0.809846418164867,-0.0661312915510363,1.99843079253222
-0.328191312165411,-1.3840104952625,1.33846059457207,0.210095006536043,-0.44394315377309,0.966374394881402,-0.33512712426243,0.0180733241192782,0.583558054072672,-0.173041257696779
-0.996221668531248,1.0788859400544,0.212721343358039,-0.692954863952141,-0.0900230971743461,-2.76938268436631,0.860727843349155,1.93662184595087,0.254994848909766,1.20012596682931
0.0198026093219082,-1.52431652109022,1.52365847925093,0.759461639571339,0.0444405047214292,-3.03574508445598,-1.70593051318089,0.534518133081317,0.895330338232512,-0.467166251281583
-0.325237193181953,-0.571502975843628,-1.10218430622649,0.735161543666042,-0.31561711261142,1.30490332138224,-1.72969835124328,-0.242847509257118,-1.65651130647972,0.388285692638489
-0.4976699764195,0.319687520277295,-0.211835314056241,-0.663776564106661,0.105821027825282,0.61468245252144,-0.587615752347565,0.0559536145786333,0.00420313863011248,0.271381219024721
-0.69721473163038,-0.480283233232996,-0.343146009865423,0.993257229465302,1.01494068539903,-2.12365414141892,1.15061054111508,-0.326375367130345,0.451302131843723,-0.772571459747746
0.230580685639557,-0.583032506471873,1.28875782310229,0.121673319170722,-0.7077450587351,-1.18289862050855,-0.196113313822604,-1.57388246044047,0.814908668943922,-0.444254932524853
0.866004650557683,-2.43955859449471,-0.443813069605497,-0.903565145251611,-0.568147836750564,0.565121633140582,-0.680029453715696,-0.339520764610573,-1.0797640286274,-3.31113281574978
-0.438446079827574,-0.409885996754105,0.911530062541567,-0.688518912733877,0.0377419875773243,-0.751282483203849,-0.00699475207901537,0.819987792166739,0.754919561207145,1.50530213438322
0.522225472725323,0.195752919960774,1.45899889703604,-0.315051772632974,-0.856426220309272,-1.37393191180969,1.38560315511574,0.972176078200179,0.222900164116089,-1.84112566548571
0.419983412584496,0.588353781027006,1.29992080902895,0.283684912139825,-1.21517169026942,-1.33614346362246,0.954304660701058,-0.823987955407322,-0.581151731469219,-2.00455597657113
-1.0602521712166,-0.832236766019416,-0.471257090683845,-0.118532257461263,1.12853353863925,0.509034874375717,-1.70566753650871,-0.926920129732966,-0.354113088840867,-0.203509980000328
-0.496855471062415,-0.52185483170398,0.352652148278586,0.698172288302506,-1.19798199423136,-0.390900905226262,-0.296197871055188,-1.00340852915648,-0.96464728654589,1.75365509637365
-0.143922476153693,-0.815436859009999,1.16065696929828,-0.412942557626258,-0.503631077063805,0.686461995052532,-1.08381915331045,0.315144902296905,0.560182182176588,-1.42283537269619
1.71990103867328,-1.2162616834649,1.42400782375089,0.830272476997052,1.14578629112524,-0.353728076627603,-0.650855917753797,0.0798655451937103,-0.352383484357056,-3.64459922978188
0.0871933332128243,1.4567576178119,0.980604589127433,1.57228260994304,2.14210384169058,0.131521573986764,0.829993704519381,-0.874510664363187,1.29386501063597,-1.31731148636321
1.07024875603523,0.133636950188202,1.03061339567282,0.0633730432425095,-1.72501477158071,0.50296011035534,-0.534814774802066,0.482948720637074,-0.181315010394563,-2.54386750924312
0.36209595431951,0.341580174273709,0.00514332634978365,-0.647392656975029,-0.995760101455736,0.441294668114109,-0.995681317950553,1.81156465448495,2.09053241216097,-1.73019311450597
0.19588589489193,0.505740257184727,-0.883965668511941,-0.733939570050534,-1.12284055514647,1.31139530275704,1.39493965396189,-1.60594273776674,-1.46212663496194,-0.52106240543016
0.138740377719292,1.33384049781604,-0.379529098768792,-0.518284719734285,0.657327532241292,-0.343917427120089,-1.71086533831015,-0.365356872856733,-1.31879576575556,-0.312755621861264
-0.380659775317078,-0.462778070715847,-0.136326631371987,-0.49483948316014,0.560167709916596,0.0771710088185602,0.675882409187578,-0.108369562089554,-1.51495503871597,0.839868310367415
1.0385125012604,-0.678623174751789,-0.259285018541887,-0.479710613431648,-0.758668316607918,0.19702787871732,-0.0878784033935566,-1.34098523664221,0.826206233612477,-1.62237421714981
-0.198451152179982,2.61485910622251,-1.20367137167027,-0.525405121615481,0.969601243840195,0.946148509392089,-0.517627885060597,-0.693679406066833,-1.20128999306091,0.0169960370015138
-0.427568649444175,0.437878728175468,0.00805144302358955,-0.809569545438904,0.729539093267826,1.42478554403769,2.33282396341975,1.35756368661164,0.749403246219941,-0.683896683542362
-0.598619824751229,1.51642257856183,-1.88304786548618,0.396657250798907,-0.437850855278123,2.01252746756157,-0.371248481618473,2.02819361429377,-0.753233076499661,1.56247353921666
-0.41131236739132,-2.219952896987,-0.439648320823368,-0.582522602432994,1.43601894382088,2.50469432221383,-1.04095598904747,2.16616714057356,0.589949521669894,-1.26484278477277
-0.215590914625054,-2.08667249688335,0.601132273398221,-0.609665054691396,-0.00896924609668604,0.0100193838999778,1.84674817649237,-1.5420171901318,-0.330051153526477,-0.700793228762596
-1.20304218846402,-1.11233800243899,-0.316498968359759,-0.455163430458276,-0.858266693003752,2.26667714429116,1.72402029299281,-0.806435469782601,-2.26883316788215,-1.03384345245752
0.602456478573941,0.791803093247603,1.29954681120117,-0.271615520060047,0.313104345991737,-0.923376162424569,-2.69256560985207,0.626071557357206,1.42560723677899,1.73415971245356
1.72236371180477,0.689696826671031,2.21716422386249,0.187414132255607,0.174785165686101,-1.71846180058071,-0.941039566336067,-0.0286083762349039,-0.385644024905803,-1.19710560857085
-0.774604041394513,1.65539189106945,-1.88140541892957,1.24888626858087,-0.0479704271371704,0.612156410277813,-0.194448604056379,0.786672706667242,0.029956040358479,2.22814613126485
-0.0388918470513358,-0.749273694366877,1.88643067589837,-0.431614021177851,-0.111838387665715,-0.534341460609523,-0.250567977969835,-0.564844211973776,-0.266877393193089,-1.14846050436993
0.574510620588717,0.0955770698891547,-0.82266149967984,-0.960891018152428,-1.05264016878601,1.32328268957464,1.22271308764746,-2.02228268832172,-0.906180245860042,-1.44766512204517
-0.413104265582842,-1.12130985527873,-2.11357677940431,-0.213683045849586,0.548328234305735,1.8483942081822,-1.44478005615112,-1.05298504270735,-0.207097775514549,2.59203805291733
1.09404736482484,-1.16068060333969,0.336916294865553,2.38922793769935,-0.646856616376109,-0.0753382129501578,0.65843862726495,-2.05877869922166,-2.64035973026997,-0.0218107614332436
-0.472892028964831,-1.33548588502834,-1.34066160643008,-0.579003992011633,-0.113112650940004,1.42190157145153,0.0670408453964764,-0.287320235043784,-1.17629408105399,0.780658140073596
-0.292783922164393,-1.27690452050835,1.36027333491805,-0.131037065666623,1.33888763709107,-2.03647251093067,-1.33633973076089,0.657445436874087,-1.25221361097774,-1.11506142716365
-0.246995697340728,0.159331986951347,-0.80083439290888,-0.546675070744315,-0.361472094029548,1.30894025850715,0.780438480809796,0.0973138742799924,2.85953988103364,1.4855834421219
-0.842772214656458,-0.283372963203731,-1.10228205670221,-1.88621295587703,-0.0229596641612413,1.80089540758539,-1.38092233506333,0.802993804473009,-0.990234519576044,-1.23154944212794
-0.192035698053545,1.07044650028914,-0.643751289332822,2.21954024558729,-0.57454652180893,-2.60306578567606,-0.451304680682479,-0.896401102595399,-1.50982467742861,0.0117335452108191
1.51069322331291,0.720089422529401,0.431865810431252,-0.0742860812588883,1.56848051782509,-1.27577626313631,0.88100961576122,-0.44941838843614,-1.29033923984167,-1.80652547140736
0.661566427444012,-0.614672452329547,1.9357850565418,1.35383607405098,0.496075497011816,-2.52030667997524,0.166228336305183,1.36653446780949,1.9040847119267,-3.14245794231716
-0.67662783928411,-1.35231409770957,-1.72283444614694,0.188514500027502,0.448607905635953,2.29231984137698,-0.372031790390428,-0.711932440276859,0.999818561804524,1.87296845637536
0.594487114274375,-0.064718750592029,0.510050509770736,1.67560457753832,-1.65475070397833,-2.16056091161942,0.496119983838195,0.851592194417097,0.357191820710343,-0.741034744714306
-1.37748356616493,-1.61890387578737,-1.18951857710865,2.00047648302927,0.106398657297104,-1.1842648567575,-1.09783278410925,-0.430757527402869,-0.221677861460346,1.90576460976436
0.633772695010158,0.0994333422703839,0.180937228149134,0.317398867444045,0.802090783889857,-0.488180611927578,1.99457485371721,0.294985112922291,0.875208369402518,-0.738097467485322
-0.0390361772549949,-1.55440327484115,0.998154242093998,-0.0463675607778834,-1.59960724461454,-1.1237981586009,-1.99502361368397,-0.226335995272016,0.684056132357422,-2.26772225982548
0.228270964306452,-2.60943888731012,-0.72678925880295,-0.268698757856337,-0.694230016554947,-0.25729486087496,-0.668373222097634,-0.566039888865935,-0.900746737102815,-2.83529861987846
-0.393909172634744,0.303632412186039,-0.759454682305944,1.58555276074646,-0.0704444708751636,0.00162401097447921,0.169903212942832,-0.137080487169587,-0.492182755628556,0.808781570062634
0.378868602149225,0.809990418491286,1.5033287720138,-0.595903678262966,0.749217160763018,-0.0841585572459318,0.580567750214994,0.60448434157688,0.998803880143326,-1.2639220424923
1.50995357165416,-0.204883364729495,0.730308541056984,1.23753861647921,-1.48160198794796,-2.07560545694897,-0.0118373197790262,-0.0238793351995276,1.51173965054267,-0.0988296880624536
0.367880070290854,0.50962329785328,-0.23358046686885,0.492674988982326,-0.116038795566615,-0.93473140589002,-0.535800425131839,0.518171578615731,-0.801104415988456,0.459942630301109
1.17022647482102,1.40384851451496,0.271670301151093,1.04950892599223,0.544420081946524,0.0956649032233412,-0.0557018615401181,-0.764213538655209,-0.613216582667927,-0.182783085268048
-0.00450749443406424,-0.579834987160364,0.302293782406456,0.423929465456243,-0.0291731138179101,-0.945292704306116,-0.931474143593299,0.857526722767604,0.726228531620092,-1.68413122782084
-0.371153728138322,1.0409707617434,-0.0544400161260311,-0.335947057046074,-0.109000289854717,0.361809885175295,2.12621538928966,-0.127344779008383,0.374664545646647,0.441765393249001
0.40214249101208,0.16360919756916,0.519767097985735,0.353289739058182,-0.520700213121871,0.101120953026683,1.18269262236547,-0.208151184103865,0.780418487866216,-0.327420260366539
-0.748774556452993,-0.472686544163272,-0.49810554276671,1.41984925796817,-0.10376730509543,-0.384378652036979,1.70761901540336,0.0130314971406025,0.021799379741177,0.763355475586611
0.495046010751937,-0.872938417157802,0.870697878540909,1.77976812053544,1.21499389806978,-1.76597636670439,1.11464848467816,0.45704074330707,1.4120674061548,-3.65211937272106
0.805667291941697,-1.17124334533606,0.361157290440496,-0.418414273688099,-1.52198204959085,0.205199634339149,-0.385696008342575,0.652247824412381,0.61354887774955,-3.99923080532894
-1.04885293522086,-1.89952351417341,-0.849020264063517,-0.713698715386685,-0.66214071854373,2.61416552639587,0.448121442108141,1.23682054209576,0.631670872071235,-0.549149010239282
0.261109235334864,0.497143998802884,0.0452478121480143,0.390965634616472,-0.285011615028717,1.81835854125888,-1.36544033209571,0.19957788462502,2.38795207474744,0.134800175128421
0.7093134452571,-1.06685690856448,0.96353316602866,-0.388826471785357,-0.491023406025927,-0.0867755698022076,-0.567266178963391,-0.83901382930631,0.720946369631247,-0.846159482884248
-1.08169980596372,-0.984584171909676,-0.62915758553102,-0.453210587043624,-0.415651467223922,1.18021114404483,1.63795659500636,-0.358518938760323,-1.63626521100269,1.06925236873845
0.579738790322818,-0.420339808716132,0.478990466749325,0.182764012381085,0.29194474073489,-0.745414198231166,-0.758529783037381,0.174053109949084,1.63974518266736,0.436977539838726
-1.17626122360189,0.450084655823992,-0.771473875010008,0.241805271692531,-1.13197763153664,0.282284968793407,-2.03111639097978,1.26481318308283,1.06396373840533,0.578302367845662
-1.56455594817945,0.461898049657562,-1.12148542576989,0.922178783471404,-0.43373872932584,-0.775966471466108,0.278963517718811,-1.23783548042584,-1.0683075984493,0.254352274329269
0.0909992614232346,-2.3304373592778,-1.13710513350778,-1.15631411845526,0.36663382635373,1.50245337299108,0.888690576774899,0.662665945051841,0.843768611493361,-1.73951315464426
-0.179880948886779,-1.96408963444465,-0.167936620827638,1.24835961861163,-0.968522312987722,-3.02552903946288,-0.973130822018578,-0.889808363634522,-1.35879199809875,0.0718262659221659
-1.09825274577173,-0.628072927534966,-0.549618044796677,0.755219213963182,0.814566903899096,-1.2178762742953,1.35533552513631,0.721281846965052,0.088795239794778,0.752335341854719
0.262271015773215,0.574190528865856,-0.148608843638289,2.39631350156178,1.38770547114222,-0.984461619603702,0.397597195324186,-1.11645898786573,0.317788805065672,0.92837427709803
-1.23901825439188,1.61633276620923,-0.317484016813014,0.273071812505709,-1.39075959162285,0.568758347954544,0.711515460303503,0.982524958653061,1.64046200606053,1.26300388924617
1.18438984507498,0.623410547595006,2.13495253818997,0.222199620043863,-0.822239071711365,-0.4161099221229,-1.3546584920076,-0.506372494240989,0.928671265235124,-1.0001203757194
-0.0633062799863485,0.902897979046154,-0.4037666737374,-0.480796321680358,0.484231432464718,0.535902844729222,0.888164483938596,1.21439912665535,0.393487796082446,0.65761661650498
1.50012448838315,-0.0387543771909894,0.247387761580981,-1.39471413422778,-0.177894985048067,0.776936120924018,-0.919175756666082,0.880044597411164,1.040817839697,-2.11824806578116
0.429058429352378,-1.37080770238973,0.376194739264325,-0.887627385961582,1.36439133800036,-0.591603209389185,0.0900841022529739,-2.29456051928555,-1.90081173101557,0.488225768112655
-1.19116853508854,0.92099172678614,-2.79060910013911,1.71713558387376,-0.203351338184844,0.243789006981044,0.540371733684866,0.490439158080177,0.829068392985387,2.22519951425997
-0.656159031880623,-0.774825302576198,-0.911547160963434,-0.701023423292194,0.677372040133275,0.348049455536577,2.35565355754379,-2.02602998740306,0.273107290560252,-0.366782747534772
0.140602258460109,0.797382359498721,0.694843577824769,0.971351820487079,0.621684946068776,-2.37968314845065,0.533519219259826,-0.653642713744253,-1.47401976709381,2.73706972839662
0.508439675887088,1.42318218283517,0.547687555562346,0.848373537831169,-0.668776596385803,0.774142954562971,-0.564324145239012,0.380133060220603,0.365846737759103,1.38954493614697
-0.711335936064811,1.73901254282726,-0.344156600635814,0.0306480535326585,-0.0346002006097695,0.487054206268523,-0.224189420502529,0.333630508040662,0.028991614504286,1.95296176503875
-0.127317452946407,-0.387533887434007,-0.614272907104997,-0.850437164818768,1.20227549061101,1.29231334233883,-0.106118417421004,-0.381912830363974,0.421328002559758,0.119138935050223
0.350729659281495,0.719512623792065,0.241439774353181,-0.88382638165247,-0.104522522477069,1.44758503862745,1.04709088900136,-0.0912055705818321,1.23754685908968,-1.69827223367437
0.352442487711576,0.906630500058372,-0.25355419133386,0.564131429758143,0.636266750992838,-0.849339011253967,-0.0616724070769226,0.323694753018904,0.440108244259138,1.3394871115416
0.670662333699184,-0.366263513028439,2.18649135925465,0.767816670344902,0.825854122472647,-3.13455579825504,-1.30397668436421,-0.438430210860534,-1.12894970598983,0.588230810792222
0.0764395870273018,1.14184754824298,-1.5394065717883,0.0677057931985002,0.469568890978103,0.617183888973187,1.48241364398997,-1.38702330211356,1.01966745490362,1.40134601992378
-1.82354350167156,1.00124220153619,-0.257783744001535,0.996729212642909,-0.450424594734426,0.204345291887689,-2.38873244091505,1.18939217849436,0.204093478274993,0.424002101713846
-0.225613413769088,-0.156013780248749,-0.445906538833662,0.819250254277486,-0.0792591402479394,0.529790250998092,0.401596210437876,-1.00090198032405,-1.6779277348399,1.18573897620921
-0.456596930258496,-1.02803642609484,-1.0513094845428,-0.171351639856159,0.974983679875726,1.91213004807817,0.358576824849207,1.50826430505856,-1.11712045726022,0.301506402086141
-0.520239421255178,-1.2958721549511,1.52679060656642,1.46710798950424,0.513643632941834,-2.0039269329579,1.20844720959155,-1.10797035186198,-0.7229342557772,-0.898980590802361
0.106665571237844,-1.31862291907727,-1.26199033775031,0.396283189518426,-0.729998081732981,0.441118198239756,-1.17020613017491,0.687518044405741,0.702346788010153,-1.619878490737
-0.309717932856757,0.709138806476342,-0.494772205717497,0.0414713900464997,-0.646233079973365,1.81520771887985,2.21416677640484,0.686954182058837,0.601285224952266,1.06132422788674
-0.0207856053429935,0.296842603140003,-0.582416956932575,1.96109960125583,2.10007747965142,-1.65205946381212,-0.859469907827727,-1.27168565917404,-0.131658207321921,1.03711042642855
0.300468002712282,0.11247342476122,0.230927807227322,-0.936972148579702,0.647743897379192,0.606735515895146,0.841858264827804,0.817937096779779,-0.0722848541068391,-0.680272284341751
-0.280400937066065,-0.385856215457484,0.344450947189542,0.0539456111934909,-1.73886890428285,-1.40603345883604,0.666106250798914,0.593029478088032,0.75053424483143,0.540473682283482
0.125133322587148,-2.1045539217786,0.0674257600907121,-0.0350057285042295,-0.844237428641294,2.26567619752646,-2.58431680109651,0.506013301264508,0.825034248779061,-0.330169516664905
-1.01497653264131,1.15106534094103,-0.618942280825097,-3.03906913041107,1.17401189566061,2.76659945088991,-1.61245995589252,0.597176153050224,0.661151188613144,0.562339836646779
-0.196453780342213,0.59533662952745,2.26886688455448,0.831362869569062,0.0178399331555386,-2.94764070178686,-0.318620310417964,0.16868547621665,-0.818084709605481,1.44429842293663
1.01023407913199,2.00229082248089,0.0422333112734622,-1.14706571655054,-0.605587826662573,-0.31038770604981,-1.3563888788054,0.236768354707666,0.485222484617807,0.116807362115374
-0.177879012565945,-0.5538079975619,-0.569123719262371,-0.937183840386143,-0.836478858207969,0.395425132612959,0.51292482590345,0.107652089056785,-1.03906816597557,-1.0360434956299
-0.275451268959555,-0.823768142018591,-0.463479648657331,-0.457521176023267,0.653637061586927,-0.705364163614958,0.550060905324863,-0.446614435918994,-1.1348557550716,-0.0477971616285526
0.285226412965786,-0.786051444141607,0.471390651942679,0.114833325208771,0.163659528073806,-1.22014797744148,-1.16112543406396,-0.514772160772214,-1.02807842168469,-0.684138582789456
0.935705047442789,-0.133360941496526,0.924152798963624,0.641237292833726,0.468515641691282,-1.44623951918537,-0.472384106340933,-0.592675751108512,-1.95322229090531,-1.07296054235216
0.747533799293873,0.809819812830808,0.625640992469362,1.37380256207318,-1.3482126338868,-3.57665017693617,0.979163627469676,-0.614296377836475,0.936782554607328,0.0527921706097738
-0.960266713540334,0.146428357259754,0.437913547596229,1.84770062954877,0.545644821344764,-2.00598743824263,-0.760910265427381,-1.39203697793075,-1.83201618622612,0.895098456977937
-0.489840657225771,-0.90472564595467,-0.229197231533894,-0.125775839566497,0.727958728555521,0.61710890648766,1.19527977109949,-0.119130725814799,-1.2620053012058,-0.756625297683877
-0.984179576672365,2.16055136784356,-1.34724791978512,-0.288386381470171,-0.418707066356663,0.74488486402799,1.57829563019209,-0.145528190153768,0.101983346493173,3.12762950454701
-0.854438837436048,-0.0261683894574602,-0.380273037704646,-0.520709446816081,1.08370771217719,2.55324332865002,-0.223504893301403,-1.3942876298774,-1.30754317230371,-0.847394000748736
0.433442827965877,0.025086511618869,1.61910253018124,0.0969571449713257,-0.447281506460765,0.117381611340543,0.67782619712555,0.289735424805131,-0.640575039075119,-0.97030331562307
0.804910798060058,-1.02907695068247,2.18060808745288,-0.0841590327246132,1.28568345568525,-2.66734113599711,0.0685085494367522,0.57381709673582,0.0334780864571186,-2.15883436148222
-0.861465209914909,1.15129789736724,1.12797709135734,-0.115342939809147,0.277456661485251,0.651341333797122,-0.685761391645929,-1.35142238987427,-1.82014490263882,1.06816768832186
0.512656130916012,-0.474756378566301,0.0388988572182268,-0.679249309638401,1.07614296766941,0.224135604418565,-0.753198640936421,-0.829976771594835,0.0155621276140315,-1.71776214934783
-0.145202156003436,1.90153540741011,1.05867905728688,-0.318402824548456,0.424090436213992,0.356276127307075,0.301703246402533,0.913818673242241,1.64414976159156,-0.482012888541098
-0.657233423599498,0.049185406558876,-0.321729765551717,-0.9495812824629,-0.355669130710205,0.562115448340224,1.99329317157072,-1.62069008514461,-0.476732744721149,1.31118867979605
-2.12369516175847,-0.713128696090731,-0.774183282057659,0.345878782726934,-1.85030755361141,1.069897592743,1.38065802216164,-0.553033078106147,1.13727696178051,1.76457279036991
0.214238620601271,0.441777953497538,0.839061118107064,0.881285110355344,0.901745130342288,-0.369681691242165,-1.21178128194081,0.717852449070462,-0.966456036512725,0.285207216866903
1.17051921795455,2.36307389871993,1.4239716989421,1.28371088104499,-0.730575859494357,-1.88251085666802,-0.489859221546591,-0.103869601338725,-0.789998116901127,0.655121995807641
0.0165623512168951,0.474560971919662,-0.389035430207043,-1.09820617701643,-0.345085684921538,0.712013740921731,1.44084931731254,-0.131877391575624,-0.944911806488431,1.62391634037685
-1.60233776610371,-1.12547891796455,-1.18604641349363,1.12684856640922,-1.06844197433081,0.300759989054458,-1.04645983471758,-0.261144356818506,-0.249123269297229,-0.815325608971513
0.144158090996561,0.448030289664899,1.84431305076095,0.283126445829387,-0.207256850124273,-2.23498475807106,-0.247103438423422,0.610795900217131,-1.47668639834917,-0.429438768991881
-0.695873797015296,-0.732158187459607,0.320181622285167,0.111875672341523,2.13988569595468,-0.37171741246231,1.91446146082971,-0.439111953352789,-0.238779384766046,1.81513386124048
-0.767809383220398,2.78634740703031,-1.25579933278388,-1.41432762748762,0.0151458990380398,2.57801749651474,0.601265960380304,0.796791092323577,-0.577522279905866,2.6046941663142
0.299286267361959,0.0018505606113365,-0.288372768806486,0.109555274188437,-0.94153571019079,2.10232054358165,1.16928028271255,-0.425814218671844,0.255826369896477,-1.6769547505406
0.177554507778393,0.381504925283872,0.350828214216824,1.08875464631441,0.592164245082204,-2.63961783485408,-0.473975702510372,-0.95626161774792,-0.875490007486198,0.47373626115766
0.368039088074431,1.42082057269598,1.45221483462304,1.0391197554954,1.25857732549806,-2.82456317047389,2.29167713108041,0.704507956086791,0.534276213726664,-0.0264658744627163
0.144602469629407,-0.354919322863631,-1.47813382136526,-1.87966689790495,1.04595982369138,2.77849502302414,1.2534973899549,0.226423290457001,-1.77725644444222,-0.699801915434422
1.07940190306524,1.81265768724485,1.22093145441814,-0.889536082580589,-0.626418965121771,1.49717700602046,-1.51013251390789,0.237332878825442,-1.91397555222069,-0.959634448774122
0.092064613811246,-1.54498587531527,0.447520350892512,0.471980081406548,1.66709873853074,-0.166049034687533,0.00622137608712315,-0.446542009638024,-2.14105805346211,0.132151875021906
0.991852830107926,-0.863161497606459,0.145651777262331,0.194961310290947,0.350703142730422,-1.24665368185312,-0.238244785921242,-0.438395083674631,-0.728002386579813,-1.05538547666439
-0.134870401386027,0.580234921149408,0.393469401317654,-0.242628989750304,-0.704118473702804,-1.88964761246038,0.415557058178974,-0.216369476356679,1.97670033677881,0.569723564280361
-1.36964312135082,1.17961546766966,0.189800716376642,-1.23761755441589,-1.75548849659346,-0.027612360011373,-1.960703945076,0.491983136918335,0.0291526241533355,-0.96694042826508
-0.434569316556262,0.147577652077816,1.02522316166219,-1.16249072570753,1.24731789036326,-0.259576690967571,-0.621054038917645,0.894186581537764,-0.013091100604533,0.274212338157421
-0.438032571312736,-1.61179224764572,-1.00684486779354,-0.197600706452125,-1.0026943097516,0.827889496692319,-0.131784865556638,1.29595727571765,1.93654170017628,-0.862757245589602
1.30939375166669,-0.506812803705444,1.2071833472219,0.821099062369904,0.853598977858359,-1.09066118390762,-0.629051807715447,-0.988852291945961,-0.037827955039506,-0.542755449614695
-1.21567043823722,-0.430757047832931,-0.119103731018708,0.366778766623154,-0.657807262447985,0.0177497545594451,-0.823578099939279,-0.689838783971196,0.481512405974024,0.891680917789749
0.412120934778827,-0.764766544855377,0.854320742495155,-0.542192812153232,-0.23439673414166,-0.432026020214832,-0.0798642859430946,0.868226142704649,1.10994280476816,-2.1298361015549
0.173030854637807,-0.632647955982409,0.720185436938821,-0.348224731651713,1.47793195525983,1.36906428813808,-0.769880500991753,-0.738198745215905,-0.37179628076896,-0.603674546371011
0.148579228096221,-1.7192275780273,0.911221321691163,0.90654343294221,1.30358933835521,-1.44891432066812,0.990545475141325,0.125797976430526,1.4676725215953,-2.25005867463286
1.31254776256111,-0.742094465783104,1.34891343094117,-0.535040544559031,0.276968503446194,-1.13623889624451,1.56169405808591,-1.3077963727869,-1.88496573063804,-4.012069660144
1.27462468292393,0.0952105101556083,1.11595881068168,0.0961592161541668,0.220024774708091,-0.252486518242008,0.33274174758916,0.0591756027205256,0.884767766119118,-1.24564237792959
0.351267250307135,-0.126844230784696,1.16383782221263,0.655819760760043,-0.169392238784308,-0.271988045850617,-1.25216945094624,0.27197856687502,-0.650143831709293,-1.03838722207419
0.368700864642604,-1.96212122133236,1.40229575095046,0.11571169900825,0.19814852871827,-2.01167841172648,0.937376943310372,-0.799580905990408,0.095594591320311,-2.9616138468209
0.836776190454466,-0.625317532914957,2.55314188789653,-1.7374500685277,0.33035516570522,-2.33456600500427,-0.151822875067205,1.22441954120944,0.2746961277997,-2.92709769513657
-0.687162609474858,0.264516964739042,-0.187842596679313,-0.543595603084819,-1.60500952768333,2.59021616029534,1.2902392716864,0.715239629996136,0.522153299888622,2.34214833184058
-2.06424519094731,0.553876423712573,-1.53393160072135,1.30792591232253,-1.0584828998648,-2.07442678284264,-0.412413614950166,-2.48451896866277,-3.17282210265416,2.14893328646202
0.888290516792137,-0.343785528387037,1.40280182986642,1.72391255451895,0.375545561383207,-2.04609441144529,-1.27941291126577,0.956075670424076,2.06209632638491,0.781713335305389
-0.265837646762302,3.46152206681191,1.27386520573764,-0.476037166438994,-0.662347023903276,1.12684287917615,-0.0670836011959141,0.58506833254691,1.34938437924889,2.28135933763386
-0.575869682583681,-0.435114058104148,0.928286641456875,0.395681630307902,0.351379950555104,-0.3561975211627,-1.4053954813899,-1.07542990174134,-1.22236197991443,0.0460462970862567
-0.753847861731086,-1.00557602950091,-1.42422766755013,-0.30805768305438,-0.229784054848784,1.15807922433637,0.0211704582439337,0.288276680091339,1.15638484432,-0.0275057866850027
-0.368070742792551,-1.58708907750505,-0.0122762457433854,0.233856993609532,-0.0773274646577389,-0.790810301173994,0.217435127823502,-0.42172108597894,-1.92728764750492,2.44242206287712
0.859846802956559,1.06760882550446,-0.933794425522188,-0.311400203015629,0.0725379080849017,0.756939861708531,-0.67963021635488,0.454779419832743,0.390263886243696,0.61023340439272
-0.383654294180497,0.199893449786984,-0.016903005964451,-0.663185733121835,0.618081353997679,0.735982378197736,-0.321677583888742,1.51187507435979,1.38387394819653,-0.186074069284356
1.27655833360598,-0.497502465197411,0.69047309767159,0.524568360606855,0.795190139144712,-0.350701228391864,2.5707943743091,1.34907802720119,1.53581044182845,-2.4032302297024
-0.388151547710034,0.294529209778207,0.664726690747072,0.371739246062513,-1.24117867669945,-2.28044208829671,1.03522943902174,0.95164610699452,1.78373295829733,-0.562202141871702
0.632863096271371,-0.310768003216223,0.781879802884933,0.303702880615189,1.29296125953143,-1.63077526168922,-1.04032011817313,-0.654645884432618,-2.00385798172152,-1.46624130567094
-1.48337966178778,-0.644129405237508,-1.74223594320833,-0.17192794874498,0.12455427718111,2.70002712073669,1.44067220773991,0.30909677240041,-0.518821292035935,1.06923419957554
1.4168401118822,-0.190668893563334,0.0265742151175481,0.28568605257507,0.568673029498211,0.207013007320462,-0.681677602956481,-0.194668624416674,-0.58352061130926,-0.419449476146414
-0.477506385142995,-0.656812838798904,0.0367858637414677,-0.154478694342485,0.566607131357753,-0.682105607557253,-1.17865599488084,0.125423202032224,-0.866771670330664,0.421387266055444
0.921157514308474,1.00823332749341,0.182068447895524,0.896818354653947,-0.261494980007378,-0.114160177494958,-0.0272721368046158,0.453129490002546,0.941862511281489,0.47310378007892
0.913643606554078,-0.181272675122424,0.613810990537955,-1.18871896254652,-1.79753030606207,1.10166558664157,0.998533886578972,1.60306983919003,2.29615147953815,-0.615924592575931
0.924570367689725,-1.10498157913268,1.51705049293816,0.112020175570328,1.40377921709712,-0.543777845751751,1.43687225845068,1.26108874355496,0.54105105011262,-0.0245062413431837
-0.121971523310278,1.73102706020391,0.423491359412916,0.183366910638185,-0.121368319379292,-1.87579255775393,1.39542337279859,-0.560636940063411,-1.1452943526436,1.60454487819343
0.334206239281078,0.219891893736856,-0.20403411544836,0.906145075388388,-0.0922611492394503,2.49123861003816,0.13731525536026,-0.203908190812111,1.19786336060827,-0.196375758993656
0.726324567408733,1.0902590999091,-0.394190910807624,-0.143249849070854,-0.641296067584905,-0.717981755528897,0.939733857244323,0.223877811388937,-0.400097863387195,0.884485249909076
-1.03324989979543,1.09038141340081,-0.814967035843233,-0.209346117364076,0.10425469230437,1.01410712437878,-0.584446335170429,-0.12310915222465,0.85986596322969,3.35251485152846
-0.444083847501276,0.246672901732984,-0.0381785519337532,0.772339458941121,-1.27682489437288,0.446845174568628,-0.349272273274444,-0.342532985488585,2.47806082062059,3.46256486829372
-0.118490218512851,-1.8227583827684,-0.0767674507501911,1.13962942235423,-1.26814398904105,0.60665064055531,-0.229814013571738,0.81323662590642,0.894903409476641,0.609679967554723
1.9369792202874,2.38962460702132,0.98569135511116,-0.752584993561677,-0.655047683278579,-0.196025362150817,-2.13464655932301,0.43774368832474,-1.12894312619901,-1.03524855518942
0.421676782257957,-0.362987260902358,1.0201085295838,-0.277383352726766,1.17721742997452,-0.150433001217643,0.511575504973345,-0.70279294041271,-0.940793557522231,0.187665509837179
1.20690241655835,-0.205020847283348,0.940773269557522,0.976454952068086,-0.65717020931712,-2.02807169114723,0.0661381756946232,-1.05171943445194,-1.79379825589791,-0.566005691429868
-1.00832150079724,1.38092111148712,-0.801137931719989,-2.58506463568292,-0.0230043065140967,1.96092224208459,-1.45637719720307,0.318445898570652,0.41290522961467,0.0222400586922749
-0.592701561648887,0.479384242073681,-0.527210271469429,-1.03587144712307,0.16243533304256,0.885246547382897,-0.0273253025300189,0.0483871513046182,0.374951399780152,-0.410338746752154
0.122126138833636,-0.574942121812751,0.564686140731848,-0.464291648305595,0.591537771716508,-0.706121376633093,-1.28411688239278,0.136920477030143,-0.458959576029102,-1.15825742341994
0.0972548585904171,-0.22712549167945,-0.389516257635847,1.50491129254564,-0.122308950284773,1.59614846637826,-0.743091791389812,1.77175103198163,-0.618171960749392,0.110343418614406
-0.279645024056836,-0.691053981078763,-1.12989769814392,0.610758705219075,-1.81202608790765,0.395436540330813,-1.18618993769081,-0.231560638479819,0.471427396960351,-1.62747555441693
-0.518946306295084,-0.586301085848737,-1.78335450198467,0.546666835105383,0.090378106921162,1.60139468669761,-0.896241840430485,1.06733606614777,0.341245364879434,-1.52372667323823
-0.224355656372795,-0.943532146653996,1.48387982590629,-0.185004169414447,1.65494784936904,-0.572745502152457,-1.01356245065774,1.68287904984294,2.26278325671967,-0.735831157278609
-1.13279016918919,1.64867703015295,-0.658449530226387,1.84669885230924,0.829563243720136,-1.76789967872024,-1.60715677906798,0.0483908807912244,-1.15188362964446,2.56218070860405
0.148986380269396,1.23602800676375,-0.400480647916005,0.0545490228064276,0.752796392363221,1.73550633544394,0.133374973233906,0.386955063392299,1.74856772640305,1.63468941180164
-0.81123255073912,0.337849731991559,0.312557011079176,-0.675840993335081,1.22042622773088,-0.866171948961158,0.225783617749122,-0.572043354181787,-1.43259671668528,0.884118231161428
1.28436771040857,0.133364080285531,0.0246071124084956,1.82777215411668,1.35524071706372,-2.22888975949165,0.439641002120654,-0.609053706629255,-0.81315307589055,-1.45009153717629
1.07681371488931,-0.696159296037104,1.13644556307058,1.64574124361387,-0.296696724843944,-2.44114865683152,0.0200678077014416,-0.816152509095613,0.389606587286116,-1.61790934663389
-1.43389591123465,0.0785150001838622,-0.719491949330613,-0.805758911819263,-1.40951878043504,1.05541532686941,0.800677807709746,-1.1719861279607,-0.819576418235617,1.93079134921981
-0.333072920870038,-2.22080698799529,-0.392350408243856,0.957533836000214,0.201539700967447,0.527658672588374,0.459478955571945,-0.380329424552102,0.210690916528458,-0.469518649722814
1.11792901736676,3.02533347323467,0.74668518370134,-0.589700866135063,2.04477273777029,-1.43537013935255,0.313513376707789,0.0364862904622525,1.88755093916119,-0.455113780312021
0.877625544419798,-0.112845359571937,-0.32767901401278,-1.21394331591036,-0.583376686312367,2.96110981103776,0.0094721601301144,-0.354751586510751,0.325232717181454,1.47740422056083
0.418779559081663,-0.783633555576332,1.60375399261073,-0.291989703205514,-0.666070636926201,1.28254096143805,-1.14426078147635,0.336041392929922,-0.145180771271667,-0.521756306931931
0.103140236100832,0.546842442818483,-0.436147202148177,-0.292111423187365,-1.19426502035008,-0.0144187702710122,-0.165958850623989,-2.34371847096465,-0.805800455415161,1.01565906138963
-1.08007352435924,0.230201658830863,-1.55347678776115,0.00481069984005383,-0.0385283414762288,-0.957969155717564,0.334724343981584,-0.986767035065818,-0.123297651883847,1.57331127548881
-0.463995775514315,-1.71117177786801,-1.5892037669745,0.120654626043079,1.17707401403371,1.0563314110513,0.115221914248995,0.195418013630126,-0.838345332000325,0.140863574824475
0.286071767521482,-2.06941910438522,-0.481043752578531,-0.379991432238978,0.405436728654344,-0.511203094211683,-0.770105067898706,-2.91312304008747,-1.05196667084281,0.403477861971832
1.78540378945398,2.39004581715304,1.2129966031875,0.217401278154069,0.529674129102949,-2.02158946488158,-2.03102194668493,-2.42129563868573,-1.50564556251198,1.35197377958025
3.04077618898631,-1.59761636605793,0.971061027868704,0.4736868923507,0.0629426845085921,-2.80550908158777,0.190988681840782,-0.483216865731799,-1.24127040603814,-1.8222363813413
0.243754612786999,3.58321594142251,1.30736105960042,1.45240651680024,0.901807403980328,-3.73565618539796,1.29737222147188,0.930604897435959,-0.733993031485197,2.1758436980254
-0.765912207115752,0.591845884957305,-0.464412436826717,0.893599139644778,-1.78546051559804,-1.17850176194872,-0.076798217426285,-1.37771589965902,-2.419654527394,2.07606123713483
0.21412320497562,1.91805659992582,1.81729235689484,0.103462925429363,-0.125029957215541,-1.82183031326849,-2.04103254888404,-1.38277331452146,-0.427247328792417,-0.659096394241169
-0.11237265752524,0.935624269868518,-0.545451561036255,-0.783347625229825,0.107642919392359,2.43551723554939,1.71295456324089,-0.119532040000335,-0.328062797016868,1.58708083651742
0.528356815661769,1.39546384053647,-0.754471407481928,-0.171467418696277,0.7435247859588,-0.616490707461546,-3.2778816692428,-0.118489029762702,-0.643260611248634,0.966411514295545
-0.11161881192395,0.761670499854835,-0.951800003963053,2.31110227345146,0.356073362328651,0.0577339555436275,-0.0378167344124833,1.28543576255597,1.59559272589968,2.54656464376416
0.781896684421872,-0.388212450285957,-0.00388985805452102,0.464966126249131,0.47596466479025,-0.0306129326158931,-0.828142646769295,-1.99681243328443,0.22359540752502,-1.04698551579491
1.03615240112893,0.518941185908176,0.686463551220383,1.23396686949836,-0.0658119280000514,-1.24821531796667,-0.472540672842122,-0.766240414015159,-1.98510738396832,-0.283986029290335
1.20601293749864,0.662901293964246,0.53476413536298,0.844922380809333,-0.515165728217906,-0.794401118434975,-2.17715542436414,1.76420297414526,1.06478151964997,-0.212896132835241
-0.30410984451451,0.524590609589019,-0.723819027450212,0.0657734346975596,2.12097482337416,-1.67468809564457,-0.276059018937244,0.427971886374998,-0.320012266878304,1.72563223388051
-1.35381670397811,0.57158487552497,0.104277518791017,-0.0702323960523574,0.530422221102966,-1.48239830159152,-0.203391027911828,0.106051414226537,-0.263426243845792,-1.55039526991667
1.54169676478364,-1.29589928685193,1.67540695125287,1.09740660283022,0.52793803092575,-2.59319958509028,-1.15546414513383,0.297307129642648,-0.818827833549355,-2.84805772869178
-0.201831652296313,0.512044196281634,0.138658416772831,0.090767943779614,-0.759358922643931,-0.316418184526438,-0.941799351630322,-0.186696915692905,-0.964661188859767,1.13545322274805
-0.176583995916533,-1.26471420074942,-0.182078217797123,0.65333007039519,-0.141594192057972,-0.272624515809135,-0.0393667784065483,-1.40093644296388,-0.0283611773362896,-1.93404296348062
0.684165532417355,0.489134253579764,-1.27179300542314,0.923438566735537,0.141029119610118,-1.91097985252935,-1.60761953205717,1.19814106365371,0.947323073728624,1.88399547730802
-0.320737182130991,0.940049898385599,0.707199655868416,-0.301953135930643,-0.0963336618143585,0.287073658294983,0.527825438630218,-1.20513153108386,0.49067780710191,-0.513549424435386
-0.849026451582346,1.43228877197669,-1.06289784052491,0.256165932035914,0.406075693099741,0.279813833041839,-0.52333546120855,1.94439713738428,0.863257079815059,2.38436423281124
-0.850726923802186,1.13581223374707,-0.955564057757264,1.55848512156953,0.102245217701734,0.846155840725318,2.05331220179708,-2.17138207148484,-0.491102926206473,1.48828614952102
-0.969908898538861,1.99286410235041,-1.57989746404569,0.625350144576182,-0.892241022323499,2.20003391015364,-0.0541039713147514,0.628329752219176,-0.532420558271459,1.39683122165618
-0.0814601626940978,0.760315438759003,0.418462017577442,0.164131026501239,-1.54272818899107,-0.548751941974263,0.883839070364898,1.36692226939721,1.21367816531637,0.287405101438734
0.0226969260749791,0.456438535105737,-0.562605710752438,-1.31317123656911,2.15214995642887,2.9613528147065,0.00275206243941609,0.698319734231282,-0.860310783076148,-1.33955756726576
-0.472018247721739,-0.546431503660934,0.709349659373347,0.889333764525491,-0.448503596948971,-2.60255236362257,-1.93696418652101,-0.490841247165213,0.757381412012689,-0.375810106821944
-0.730647572169493,-1.37262089935043,-0.160677285890416,1.12999458999132,-1.44158657835063,0.571639846601321,-1.00947989219635,-2.05496821910325,-0.764199880660999,0.104759631430729
-0.370908679353888,1.24931602890584,-1.15991609368762,1.1326349545271,-0.627275125187607,-2.14953690549965,-0.204426839731775,0.308586054917813,0.22039748032528,-0.310114157989014
-0.0364438319634361,-1.63365322889481,0.599744894627748,-0.037951888272809,0.855374037453715,1.02892808665712,-0.333218455986141,-0.499843994593821,1.49515374701841,-1.55725799961565
0.494948372885718,1.16273028854947,-0.375563952999368,-0.972423557575873,0.663097959719827,1.86440697815952,-0.817659981216278,2.50369131001345,2.19465302118501,0.651561049764237
0.422899213760381,1.8807661300652,0.969076685597124,2.30557011212116,0.179057178852302,-3.41546815775313,0.743726821102822,1.92770253258328,2.22206485315233,-1.52811304009709
0.16690848434684,-1.44376496927353,0.374248538065928,-0.927051343403008,-0.350587656829687,1.53107794555312,0.850406252606767,1.88534056983093,0.691823974644187,-0.199673383626091
-1.92603421055118,2.92847105069997,-1.95731282313132,0.633429548162955,1.37506323723232,0.787493292263955,-0.175468686866228,2.03505358779095,-0.5552212586919,3.43733205559022
-0.803091143621573,-0.103274250847172,-0.444535189277105,-0.140346313717478,-0.847340941871219,1.25970741105166,0.860937145219989,0.539311937429993,1.30463665849472,-0.430871558450812
1.08190307268009,-1.18408501162177,-0.742065972089337,-0.991862898564452,0.118719103494573,1.02977499247303,1.25864825237961,-0.0872145811239942,-0.9261175119269,-1.73004492919617
-0.056397322435381,-0.527654017678752,0.884445136036517,0.73537509261189,-0.516497450730469,-1.24672897057079,-0.503486003786955,0.470202580337592,0.496820777069724,-2.04233699969269
0.576143832552085,-0.949159293534474,-0.36862914685808,0.820929509725586,-0.397471326723821,0.633817193258267,0.924867994148351,-0.886783851375917,-0.973854549974896,-3.19183440959385
0.0627604293108474,-0.569927636934444,-0.106898938427222,1.16121948260995,-1.45964058849542,-0.691081010330751,-0.423184662082079,0.17652049807712,1.09808219493755,-0.76361078616431
-0.470625378919787,-0.960539984506736,-0.475485734965782,-0.788721479300642,-0.08254180439521,0.599856895820152,0.65020594269463,0.194440977141772,0.542985040306875,1.23320500940696
-0.716459149317874,1.61431960520719,-0.675527855785648,0.134638980777254,-0.144952812765341,0.388051906230918,-0.615874563583389,2.51671382641318,1.63592304159134,2.84393633000907
-0.504541503741215,0.980553037977493,0.136665017057483,-0.936530809205373,-0.0630866324470007,1.66269755658959,-0.254783132901108,2.76925257968914,1.43602681253731,-1.13992341996127
-1.02789645234773,0.476536713142021,-2.34197694549888,0.0955112448218991,-0.103326113621182,1.09372959967443,0.958392309777548,-0.355004455219642,-1.11584346967464,0.82322875619693
0.487426793314785,-0.83492097371917,-1.80873294355851,1.96525813444665,-0.680132896337682,1.01480829213172,-0.236508833677335,0.911439944720191,-0.510550397841212,2.78319279350055
-0.463280482091362,2.1901501386619,-0.256092339137566,0.999308536652658,0.662854138037138,-0.551863953979556,-0.279927479256092,0.57340831228976,1.50466392643349,2.14667316308318
-1.66218367100141,-0.160394960746805,-0.646645955615625,-0.0753539115653716,2.7045148876999,-1.03328473730623,-0.797830750967735,-0.671498021296166,-2.55659268110797,3.37404764454786
-1.20656422642279,-0.414636413797443,-1.82634019276383,-0.0684721662583463,0.289620639524702,1.01344233934152,0.124775578699617,-0.133758123488269,0.640581167298249,2.56223261959839
1.46377937968912,-0.306605706607808,3.6550722183809,-0.645265742752387,0.178761195099696,-0.991996844806372,0.162647620687643,-0.476121262419951,-0.255712421999922,-2.37591970858901
-0.362762885648424,0.171347311118803,-0.555983701628664,1.40488097436693,-0.213671289780657,-0.483287416636159,0.622671702774802,-1.054696838181,-0.81496812909328,0.344582990209345
2.60359696948351,-0.107009007297128,2.53920513617589,-0.452957925468044,1.60607686206918,-0.500778094639268,0.618790520295878,1.35464597793405,0.480456761239056,-4.01007806639381
-0.206178390417591,-0.628369011143101,-0.566297909321011,-0.758060406662348,-0.684948825352092,0.671538310417627,0.392016888743393,-0.671796587896189,-2.27787113052835,-0.322695148576349
0.646641002107074,-0.720009765826901,1.13453114472852,-0.0616343744576417,-1.27684211254648,0.811673611754776,0.0320646009483781,1.73086715413547,0.63403401961432,-1.55888027924093
0.155725112544871,-0.902749532041231,-0.063085013905301,0.707499896889316,0.176437306809517,0.522529088461674,0.109509992691427,0.0986661832783506,-0.840324492061668,-0.321656568328749
0.676033231236596,0.911517600824737,0.216078890156477,0.344205376945716,0.563699970461542,-2.95872233647985,-2.22002957072969,-0.853055025343227,0.305240667807981,-0.537354989565021
0.688747289528174,-0.440060974863722,1.55151688327887,-1.84296653821671,0.0868203611824498,-0.729034858008465,1.45611312814034,0.0398111225426298,-0.148088070859083,-0.224118615969783
0.411503775904856,-0.334103676671944,0.605955174190802,-0.338916336398258,-0.178568903497105,0.685081841152775,0.507358268869949,0.590290559321501,-1.11603429729594,0.223297008383394
-1.65057016615987,0.60923504857285,-0.455932782113053,-1.39697613889628,-0.0245881077553809,0.45432245367895,1.92822780934121,-1.40350462135509,-0.682105720281099,2.6342507087914
-0.81149450366442,0.627532871760937,-0.706361426201621,0.575463582877604,-0.726683919147528,-1.03643528626985,1.39249661336743,-1.06869342829209,-0.814482894042566,1.57245720643092
1.64079044866999,0.0961084099205041,0.480168079395139,0.940030048010885,0.755155502072604,-3.12435067228302,-0.430896185264842,-0.104090474696611,0.20692365267157,-2.79678583217061
-1.06967483419758,-0.162810710778712,0.163696776353052,1.28219915466334,-1.36557859645967,-1.5153157311739,0.219433344375266,1.28579896367616,-0.109114161367145,0.33029257755336
0.0759006449632952,-1.08372375056077,1.1738407938105,0.940875302891736,1.62005682208743,-0.997786363839426,-1.68676312310001,0.848839364006227,-0.581929307755571,-2.61523280388907
-0.584997446744526,1.64368265426397,-0.546201862794988,-0.584712811527455,0.521677752819758,-0.898691441790323,-0.683779325747996,0.668118588406318,0.563311808776352,3.9322365989832
-2.10801816344373,-1.66894327944009,-2.72156182511619,0.122379349944346,-0.233908212659535,2.69954457522062,-2.11293529931846,-0.744528768717726,-0.092237304069248,0.327860811552282
-0.0907893629606553,-1.00637590244562,-2.43230807132011,-0.154183955368752,0.623250684956948,1.94936897025397,-0.418113968846029,0.892726974139408,1.59252780641183,1.86523172248738
0.28681399909384,0.213737713087199,0.866438958038757,0.695860763804049,2.11264408113452,-0.051068464560457,0.553246288666996,-2.33423714252866,-0.874447891431075,0.575911835188813
0.0819898611605926,2.85053711567775,1.43193855449432,-1.07481007745994,1.41083486398734,0.379390828827282,0.122958472805075,-1.50762160308385,0.285618168855237,0.0946010020882909
0.685471895651772,0.395912946338711,-0.479763819207114,-1.96796291939253,0.906367699414374,2.6335484755228,2.09862676616015,-0.013561318958987,-0.236245087651431,0.399199399305546
0.919790177101212,0.44064210612194,0.204543701882512,0.481656492575088,0.465584589819322,-1.22882479605263,1.50223071116278,1.35533265626725,0.266827899850631,1.25221465979312
-1.18817067136136,0.61435423184963,-1.06041349056847,-0.43320652426717,2.29880189118138,3.2936966451936,-1.54300989143319,1.83453401442996,2.2716514709831,2.43959474904696
0.688009433569547,-0.0932017681862404,0.605985916047881,0.128504946511949,-0.994039111511309,0.184053075189338,-0.0125941874924362,-1.12411178388755,-2.36615709932146,0.662079441118381
-0.917490731421712,0.623201784091332,-0.896719462381059,0.191703020941954,-0.823167833833266,0.677911644559685,-0.483978278530028,1.72987944962984,-0.948480025451297,2.14893028199524
-0.346360952817154,-0.364695148802722,-0.0480670447984062,-2.74070811495924,-0.455604975877501,2.11546061599858,0.903504531928626,-1.55398526226239,-1.82441766914677,-0.619638655290865
-0.746538941604164,-1.92542997469813,-0.80636247267424,-0.00563767360627912,-0.254039341416504,-0.651317333285039,0.272913221131955,-0.497138164143989,-1.24766973958605,-0.783600750405881
0.337426571594214,0.696738301424831,0.40015568508116,0.27716280449137,0.0573277224714291,0.712328425329581,0.818469882932481,-0.283641564237025,-0.647659000144472,-0.606716395558481
0.0637030738873486,-1.17888230527868,1.19596335558322,0.0475368162016116,-0.732419186150881,-0.467116194226142,-0.840039627874345,1.81350095297995,0.47113818042062,-3.86372308180385
-0.837741342531672,1.09892306658281,0.274696786049744,-0.00504477368091623,1.50858734788319,-1.4333055948034,-0.450163290239572,-0.201395669175232,-0.412536276780865,1.03366239509285
-0.400315279030769,1.719290129847,-1.00878245065138,0.667144840194568,0.00102731558096043,-0.502058291315707,0.362699336493523,-0.443503686642649,0.114106006283495,0.0243393003171987
0.618656178391853,-1.04590988245227,1.14352518911435,0.754366798495444,-0.920399474510613,0.366517505956087,-1.03513814014979,1.39891683292461,2.11661342603946,-1.1198193229676
1.84046015613381,1.57795289979507,1.32991889784726,0.327232461164074,-0.0147174998248184,0.0125084864479027,0.564217465035916,0.987141096068851,-0.13607578142429,-1.57898519835446
-0.585920472363172,-0.585099603129734,0.388756143311239,-0.653123876706445,-0.234527657400516,-1.43522932223974,0.947771798215727,-0.22966910385108,-0.7957841194126,1.05214149150009
0.216275222754792,1.26842947126902,-0.547017050282301,0.0784881305139396,-0.838805521954289,-0.568729520974793,0.124276576066071,0.294723842141506,0.109048502762371,0.0954872608254664
-1.33927795152452,-0.953304531685534,-1.19441592961664,-0.613382070568838,-0.521021291837652,1.95321715674281,-1.18046658685651,-0.363096658414893,-0.38819717427129,2.05547957449405
-0.784922833192482,0.254035870036735,-0.708647726799507,-0.262243111145775,0.280968363957605,-1.46881926437658,1.17655156654637,1.11719444365335,-0.377194305755143,1.91312495408212
0.600514519940836,-1.13572770569702,0.351889415069513,0.803300089830954,0.427073815541663,-2.01328441964485,0.034890061075604,-0.0975778252162112,-0.194875121473433,0.835036233384616
1.11165938172128,0.853361708836562,1.31797331447103,-0.616755333778149,-1.35876338229016,-2.33004855444482,1.50236448293537,0.197936502829846,0.471513475715126,0.477912341159255
-0.163446795868136,0.0554985415137454,-0.0537845162421791,-0.724244804743997,0.98680924209463,1.014140848586,-2.46522389870798,-1.15232537859975,-0.431792634824564,0.477173772630052
-1.01737849684742,-0.776097156453087,-1.71870030393484,-0.740509200110309,-0.1935347768323,2.26779139597246,-0.186843614158379,-2.35368077492446,-0.172061213896536,1.6469202413224
-1.09795629871734,-0.59192972342767,-2.07450016442668,-0.215355314746345,0.948621486804549,3.83168293962076,-0.00234579517203066,-1.19673279798678,0.0661206426312164,1.81656237328628
0.145744943400443,0.772865110653313,-0.482609203471689,-0.485295126162891,-0.967078559952137,1.13038638225121,-0.494753346615386,0.303951722783272,1.6888052099356,1.16958387890701
2.23918512675176,0.546370622784134,1.53158845845434,-0.302761993892474,1.11239867672263,-1.48481230596245,-1.28785612810285,0.0527574146150197,-0.108980591505685,-2.01719932439379
-0.844064386935718,0.870256682235287,-0.862224742950098,0.327628239293999,1.23575657324553,-0.842668895461024,-0.187071655194665,0.0974658055526862,-1.50325024370108,3.2397030275341
1.61600354251232,0.181143256619299,0.95597105302416,0.123135735701085,-0.798736737744867,1.73783697344083,1.63598542551183,0.176018540171832,-0.360785852927859,-0.467944597805975
2.08224422282822,1.40286519877658,0.632834383620587,-1.01427616288484,0.408837132656743,0.873124707907902,2.38590787462728,-0.0472989167925268,-0.15379815475471,-1.88594277429009
-0.179506674655305,-0.647869311370827,1.4244606676319,0.719467040734213,-0.81118333281277,-1.99724444583044,1.04848644114186,0.164442856694731,-1.87050985607256,-1.72580681452102
-1.57634996416837,-1.37209519092415,-0.558928735200631,1.60539694357481,1.49105855687709,0.257355441119534,0.142394128498657,0.313631879538657,1.34027783778852,-0.266896458101254
0.611020320781875,1.40508266316046,-0.8045452675718,-0.293665980107995,-0.347106664080505,1.75944725071505,0.140996375421264,1.44788746651344,2.14071486910197,0.528841426949669
-0.071097127452918,-0.302647793696116,1.76285139672799,0.279293007258564,-0.888592196491147,-3.0514724312558,1.17418543470679,-1.23983099149922,-1.29793443771843,-1.66199581410136
0.143962025007353,1.43796478706127,0.0545619805462393,1.02504361572319,0.881055008927029,-0.702134677319068,-0.350462487683819,1.51930446180012,-0.717262189737377,1.48000286874893
-0.478609857581354,0.484379086536101,0.194632523878151,-1.46260170342727,-0.484841376200672,0.672752292372936,-0.136531439156053,1.93213331912131,2.74996879527434,1.28383391894618
1.65250767856507,-0.150867543245295,1.66406081937273,1.03661562449489,-0.547876623008851,-0.348675708941557,-1.05627405943534,-0.51591474745752,-1.24468136304573,-1.89648243780006
-1.32416893000289,1.50301635752204,-0.692149466237854,0.579073471109177,0.0950354086509819,1.13485959481085,-1.49828087462124,-1.14045085937827,-0.577183564810805,1.47954156843041
1.25229547130866,0.582214043067279,-0.479996219881282,-1.14613099834912,1.28700780410293,0.49401783022008,0.563000187127812,0.34064260451792,-2.08515168682582,0.154512506259996
-0.720227850246071,-0.0999828292203071,0.528419468740538,-0.384779738262852,0.575168736153734,-0.92786946523311,0.0909303981207867,-0.418146678482592,-0.49503178845468,0.361938836870408
0.744769657800728,0.793713108637602,0.57439654533905,0.930471287222498,0.973261967487733,-0.936903700223976,-1.03782572760235,-0.901116356316422,0.997528322983558,-0.331049555723263
0.206153780654268,1.35314513258065,-1.00579963045827,-0.897833081647169,-1.13285954585174,2.05799730265898,1.22943783753973,-2.7000704005372,-1.27647480554305,2.28496696629582
-0.557960844614471,-0.0676826502236078,1.04630703139677,0.824709225201155,0.604605195913327,-0.469398849144369,-2.0302507175533,0.46941548378784,0.976768515369546,-0.762301781643841
1.06280889211601,0.909106052171883,0.530277573252135,-0.799575744118871,0.283165542929536,-1.27328085369123,-0.122075330993552,-0.166382175688234,1.42389542145421,1.23297867119012
-1.75091567344502,-0.705662429721142,-1.31871253797469,-0.960217711633944,0.12242676845517,3.34475929706174,-0.860264706533725,0.811356096535828,0.442628187572574,1.01243325574568
-0.141756414371802,2.05024907478725,-0.599607720286247,1.38927595549783,0.207649059718249,0.00799922037807101,0.222063019210583,1.13231602784884,1.12688281156133,2.39824882100437
0.804544534502751,0.444322442398202,1.28816096533735,-0.0202613570700911,0.294188931615596,1.1633406599256,-0.879050103810265,0.589637119862084,0.630169254104601,-1.29779955200933
-0.997247296188653,-0.880877784966034,-1.14317624924483,-0.869953333320699,-0.319044543732851,2.84060319746571,-1.06737940897225,0.775994685303657,-0.255120576079633,-0.325191698359354
0.797854295744167,-1.3460871832671,1.45366744314242,0.831784642042455,-0.28338697259207,-2.71528183620063,-1.15588948277857,-1.17575862275075,-1.57338066600321,-2.65165279275292
1.1291143150818,1.69222425823241,1.04693740895927,-1.3583387828289,-0.206367930493406,-0.575052296100942,1.48720710012926,-2.63165371714553,-2.1912924541803,-1.72044837939718
-0.150246624972904,1.31222672604695,2.4588605759973,0.533341298161604,-0.093558801883475,-1.36076210018013,0.388143509393881,-0.782010827073812,0.384846806079629,0.0563869695598683
0.537107720827659,-1.26057850263107,-0.248427383455113,-1.35581064973053,0.132584342332338,2.24520621808051,0.508124383252454,-0.0613746521909779,0.156083963634154,-1.79249019217894
0.0327515790919046,-1.21967931572853,0.870820556411441,0.737136550137277,0.540729733249281,-0.136134123893802,0.205710933642458,0.331440573871676,-1.88813955544466,-0.70671257432308
-1.24286205839167,0.81229965688842,-0.236750515649797,0.645662943882915,-0.481353426678716,-2.01219980314275,1.57315978646564,0.887869702963328,1.44465609336455,0.336122752573387
-1.07791860558632,1.1136561853604,-0.745445998984737,0.37344810356614,1.00076026161603,-0.477612710136225,-0.647273669244242,-0.57197633885823,-2.49761803218617,1.74192015603219
-0.544762012965546,-0.796043553213456,-0.646308079697203,0.31720818781102,-0.429873468863477,-0.573644591060361,0.117953919836894,-0.674687522891366,-1.39649684159885,-0.175427129038464
1.07607886006572,-0.516693399642659,0.511806828976821,-0.739943441965455,0.352701601669318,0.778131408405548,0.544150858309224,-1.74847500321921,-3.30388768438249,-2.41256305122851
1.30403419220742,-0.892391683181563,0.117030701432695,1.70101162141267,-0.0122000922284151,-2.07030834450783,-0.113964878376638,-1.87068922352056,-1.62677519131485,-1.65236843801962
-0.182043901786239,0.883068060343582,-0.00295841241262307,-0.25207333366732,-0.392524945118937,-1.45388188459227,-0.0881085875746587,1.83614369233573,0.0795808664637504,0.28569151290241
0.0420065093799065,-0.648415231777308,-0.677828971194005,0.390359810323185,-1.72901718311266,-0.286839478126397,0.785012067962969,0.619080543697274,-0.786459369592959,-0.620792955551309
0.710075818638893,0.256616200316118,0.13913088051468,0.373891792563069,-0.241209059537813,0.841347260177385,0.17277771591024,0.559990642261464,0.295314781516221,0.800778116094385
-0.409620193668498,1.18768938473657,0.542083821008687,0.966303419051403,-1.01654980870917,-1.85340164577242,-1.46266542749426,0.0907755915921126,-0.394023177307927,2.27772917042262
-0.357390703052829,-0.256594062854825,-2.08484671670286,0.255269802679288,-0.192433430761969,1.87554059022526,0.345144801018817,0.673924568907537,0.269403846348384,1.88441276963194
-0.954457832683427,0.816840115014695,0.870482690958615,-1.28010601903349,-1.23111328091689,-0.0221147029004035,0.148058472624874,-1.63632155148303,-2.1752577146666,0.21983276374503
-0.0228734613651372,0.958241758660243,-0.783715306673252,-0.446078732478298,-0.092171924725428,1.71986432751778,-0.48620346580996,-1.16218893144259,-0.374662850035678,1.66605784345172
0.1284152947349,-0.553061146528861,1.12178221278858,-0.257932946115582,0.237398696544782,-1.30808741249824,0.448597407285135,-1.98587107675409,-2.2698844433248,-0.57194701946296
0.449243447952513,-0.598923676406331,-0.391763257350557,0.562762502874461,-0.553257267958291,-2.33087991116958,1.12879134322144,-0.978996826986906,-1.30961092176004,0.413535377438075
0.247468455754985,-1.99489820657309,-2.18829062515787,1.2127509560773,-1.14757949594915,0.192046959466455,-0.451803672009199,-0.42668181695089,-0.999556113101991,-0.120382187993261
-0.177660071455553,-1.83787472067819,-1.22000584367978,0.236140944409053,-0.129984890658253,0.386145359502178,-0.306894245723623,-1.01103569571961,-0.167789979520922,-1.18348605370715
-0.00420129332880282,2.06932113417242,0.38769438879885,0.311167020643146,0.252102215489506,-1.59320253951965,-1.29895069608016,0.204353664183504,0.0194229141565021,3.38899349897926
0.0342855145738333,0.280524652222539,-0.387486472901221,-0.719295441305626,-1.21516358416396,2.83573704749175,-0.851528731754725,0.574393820767507,2.24568842593587,-0.625916988799492
-0.190619185303107,1.18422453834346,-1.32091727743835,1.19594035268738,-0.34427330616112,0.355859365842201,-0.629593038888094,-0.997913911308727,-0.341087900126837,0.34358510501165
-0.532236579697171,1.11463130511259,-1.09764811065017,0.771629146098965,-0.967919436501254,0.87702055775477,3.04868439707538,0.0288102460309617,-0.863660677325889,3.83711849373248
-0.428524609210719,0.554106426040966,-2.65759484255789,0.656903712983202,-1.30086007024219,1.55504053088653,-0.677544916532316,-0.599015640217395,-0.578340540850991,3.54834273308735
0.0601033120966381,0.904139761744815,-1.70480998606144,-0.0795285068220287,-0.541918415189891,2.01763397875997,0.817722538487502,1.81074084733558,0.616920960418695,1.77886403238289
-1.98307874701635,0.38730784464482,-1.29139588938939,0.347797239406974,0.0859673634844983,-0.70632091865348,0.019481347844001,-1.66522305560442,-0.81207979783596,2.60487047831373
-0.280262088658225,-0.814975465748195,0.671498620703748,0.524158042893212,1.40976607452554,-1.97171552135398,-0.816973960340155,0.842592565335644,1.70388383165205,-2.8879715582968
-0.533917636372224,0.192748632263362,-0.311786866992791,-0.246129521922253,0.187444038519614,-0.193650429556828,1.16423127917788,-1.40688775394104,0.788175503528471,-1.90463097265615
-0.136906220672936,-0.691026462949693,-0.0304866883951191,0.639157779753897,1.06067508861763,1.21536193889897,-1.47628776657007,-1.15792483461311,0.345364643939493,-1.91292352589716
0.237521324130946,-0.597622710712249,1.56674566311764,2.01391344854538,1.96100477517435,-2.22892846556103,0.159903112675151,0.222156066850817,-0.309503583701906,-1.54124118043425
-0.695819348672827,0.49597875868964,-0.42804921016468,1.00687795378725,-0.931221870280484,-0.467731865499893,0.59569445164476,0.573383688549593,-0.54067877636842,0.973356396037569
-0.578431861340988,-1.82715059008555,-1.43732747113757,-1.0722926497113,-0.911820521303207,1.25897393862244,1.95725019970716,0.613787613885279,-1.3332788778552,0.299187123204639
-1.0447387122311,2.63505619508278,-0.877738821338716,0.413704788011451,-0.554088407468539,0.753885181290467,0.92928598471937,0.396512903729537,-1.18514316140981,3.33090381639925
0.364192494335854,0.494167524623764,1.68786876840859,-0.00295232549948132,0.355614635209529,-0.112524831861558,0.785620394738261,1.78130312516716,0.470944223588143,-0.891286895634539
-0.276809342935899,-0.289966449608516,-0.202056861894527,0.946844035580795,0.13688626623384,0.38211233999065,1.1409041420134,0.491450776590452,-1.60213941959744,0.17969975271373
2.03114328897359,0.122980595090882,1.40913314980273,-1.84366042360828,0.0390192054210463,0.91863508698631,1.57499442790496,-1.83103450010303,0.19353667910094,-2.89221647482504
0.100468433878164,0.0707164239370831,0.000589202775800601,0.162497908650638,-0.792313445035557,0.745729449786251,-0.483803925193869,0.956226536373066,1.9563555563502,-0.273197975248607
-0.122082784819893,0.367493947639635,0.0254708107530084,1.18526319526673,1.47705029646417,-2.15871311115987,-0.00223359812531936,-0.463439439490434,0.569901013406076,-0.49576434088845
-0.452587428144067,2.41867789919534,-0.76120410207416,0.238686040825022,0.317534000772817,-0.19001691586738,-0.37248625503013,0.038135281494951,1.7987823099037,1.24285306147387
-2.3663353889276,0.458314637224681,-0.841076575093074,0.519249692671153,0.980395478525121,-0.55377322628718,-1.88494093417,-0.213322039508919,-0.733345225295749,3.71358632050362
0.675386711456425,1.24433805437489,1.03917982303868,-0.093438489186561,-1.07050862238318,0.0327758754663372,-1.60576203534019,0.941651093101249,2.1844028853331,-0.984276235507629
-0.212782420898113,-0.528421587582132,-1.04055646136052,-0.801048515076257,1.50599322228153,2.37485849713112,1.81307506127077,1.01134350378093,0.108555004999105,0.742803472846641
-0.197719223787197,0.0067772088740623,-2.51877771678233,-0.39542392314427,-1.21140443980848,1.30260208014101,0.00303884580113559,0.980783212664768,-0.373866848328143,0.691612070894463
0.0983081155412331,0.683794711541108,-1.81734589599293,-1.3566824752474,-1.10215063094371,3.20436567281986,0.539434328052553,-0.270362779252049,0.225567258397915,5.58976313774211
-1.14871759738358,-0.038367137325299,0.654359326354383,1.83465386165412,0.171475657176046,-0.630283940221098,0.806476794549056,0.572533749216086,-0.0419669401578795,0.958305300751459
0.117370767971693,0.49107515938623,-0.00951050159885367,1.29873841129431,-0.802232566781738,-1.8043123173115,-0.325456018434371,1.07541096508741,2.89187425037901,-0.743060417371382
-0.782442278312101,0.41957976213452,-0.338013178591271,-0.48922456475814,-1.42590447849842,-0.361657761348731,-1.80498946913898,0.162457730063241,-1.49011623323379,-0.871598656705126
-0.864489129773777,0.275054957335711,-0.357390877321081,0.901876092301908,-0.144678616626051,0.690607031499584,1.90037106063863,-1.31801744389022,-0.727708738104948,1.23783528344942
1.19127603903745,0.0100371524361926,1.66114241829852,-0.581702940644034,-0.254777312356578,-2.07614492061085,0.72538211702661,0.804823791366589,0.371050121207566,-2.20172496316602
-0.184253424978889,-0.352760374341272,-1.44097898070826,0.78269564498567,1.13449030092689,0.711809666312147,-2.41874362244386,-0.502281828672376,0.476360415166081,0.671387089197489
-1.23047891741808,0.234736122275776,-0.841663043515978,0.805035340180173,-1.55706042811717,-0.73102849941417,-0.409479879451577,-0.358057638409493,-0.460928264583184,0.930651408024125
0.126398231949955,-2.92703608099182,1.53763144250169,1.69871430274454,0.439186227252269,-3.06926584544506,-0.677323780685086,-0.970362486768848,-0.751668294619641,-4.44166161339928
-0.738557236208548,0.297181706812893,-1.32750949073177,0.400490378110676,0.331059908882683,1.58511515139058,-1.94696405848691,0.332576258960835,0.556195514138707,2.32866474070876
1.60629467752163,-0.740510724745082,0.972901661670514,-0.905097279459945,-1.50585249152987,-0.949444042629002,0.340566482362911,0.475328462084203,-0.725920130497032,-2.54205248515026
1.63678250459665,-1.18498703653662,0.230016742718979,1.17035201074148,-1.60687561578387,-1.77018397547521,0.660752793834349,0.832774004878459,1.98568168848013,-1.65413652189999
0.326494453887653,0.25582880962003,1.28192803124375,0.845794051832781,0.955905035490847,-2.05681406520596,1.36443062118216,-1.01378984405051,-1.50152514432779,-0.693271907119138
0.228651545339234,0.771656104721215,1.73456018962438,0.818018958762493,0.264010193725103,-0.107195104087558,0.79418654329781,-1.02719218838687,-3.80417353608697,0.0438202812527594
0.247734539283093,0.351136131255495,1.08482732397446,1.43307651151413,0.427100032463994,-3.45830902866885,0.332854181898279,-1.12047131442704,0.401270029003857,-1.87584364603672
-0.364369260504835,-0.10303080405113,0.80864972435108,-0.832078071925645,-1.54527498584461,1.55085189721685,-3.32143638631934,0.23588053962296,1.51562699322028,-0.624291813235651
0.0210235016892243,-0.308461706364872,-0.331393477152733,0.634470385897243,1.80820247051588,-0.0224018424156932,-1.31966325002804,1.8120035852419,0.212339673678386,1.09662839637418
-0.823760615126264,-1.63204495863554,-0.354227951279318,1.89125123571905,0.602883349117308,1.29451316851295,0.313760097717472,-1.10358157651206,0.35970930436987,-0.86478331277439
0.264278697468092,0.143704821134444,-0.111193754114594,-0.801628814443745,1.16600057359765,0.124505491015823,-0.389305686437092,-0.823278919109142,0.353683451283351,0.883858723987416
-0.023869484783401,1.24692608748034,-0.678042409078861,-0.544523586109346,-0.340381100353847,-0.58964303465162,0.856051200768188,0.0846239856871973,-1.04271445932884,0.22318344278763
0.891181975166343,-0.119037631954396,1.61596647046881,0.0941881568433898,0.234236552593989,-0.555536239868294,-1.19288934146466,0.555585490455127,0.377705154282553,-1.78316154128286
-1.4327858988559,-0.218052481348615,-1.26812029988719,-0.900172679886353,-0.291218061647983,0.0898639631658655,-0.80743584606546,-1.07364499046385,-1.41232496532815,0.530104729473503
0.449175250940839,-0.0484141472907799,-1.25980060901753,-1.40202556289922,0.500297555433404,2.13494273365971,-1.09792212548213,-0.00260914569634396,-0.315542718417934,0.310679079056896
1.37316903294166,1.3335733401934,-0.845406045154538,-0.047549442394691,0.670313437248725,1.57256724006286,-0.840631705807434,-0.241082277886059,-0.112461560663542,0.530386702608195
-0.283943094947472,-2.44199314846641,-0.533654351783793,1.62665117157293,-0.780149946497773,-1.83760796837005,-0.442415087885481,0.77917942929078,-0.0222154459338713,-3.06074456986974
0.0340818307724908,1.02680521441514,0.58591807019591,-0.0589412594839564,1.98662843509341,0.47495150665588,-1.02395684961199,0.284066865254797,0.415334474577827,-1.62316748388137
-0.173413372289506,-1.36135655310886,-0.580705062629123,0.332280311315876,-0.124263104079987,0.400792814867539,2.98417036262718,1.81657627176974,0.824941781225925,-0.400898379353095
-0.835261554716042,1.58962392282224,-0.574581730296367,-0.745040693075548,0.38082609976509,2.70538715968824,0.592433227705126,-0.15534473815654,0.571421378713614,2.8948933208902
-0.798662796323645,0.386311904002341,-0.29101445654075,2.07509409863668,2.30945358248498,-0.58740097304004,-0.290483962347811,-0.73927515272955,1.08556324724756,0.790644871210697
0.957224746261942,-0.408360809615133,0.623298486820923,0.395160621282603,-1.48413366518867,0.513461317192542,0.243354858525885,0.573610122328557,-0.589141811635203,-0.978759569088429
0.139122777068782,1.40837742357168,-0.49657042386389,0.445331690701965,-0.218917763059379,-0.811047561022303,-0.787058021510802,-0.641900754291723,0.80176275724143,0.569309741264411
-0.0548095725689425,-0.825977762987883,-0.409261930140223,-0.232058442929978,0.221973765825123,0.233037390818116,-1.82626565004911,-0.671587379245204,-1.06465074766546,-1.43973047392944
0.0676877570403029,0.720731512343156,-1.23171101722087,1.61793069644458,0.119234120893355,0.216963882676465,-0.596280996493707,-1.52737900825946,0.188954052828422,1.64908751824362
0.354994930988226,1.19563786398847,-0.615610905272565,-0.733241640526475,-0.62554566731044,-0.0962483371466992,0.461428597277676,0.986736987841021,1.47782605547571,1.19688848419844
-0.787045653790548,0.319468187953637,-0.728584771046303,-1.6455223889314,0.007714015577476,0.472425497960228,0.204022046689751,-0.882954091429034,-1.52027217937967,2.29531473792404
-0.427062033503783,-1.57193722068668,1.73723617320994,1.30473147420761,-1.68274849168887,-3.52469297757349,-0.708326179738263,0.618873690699297,1.09565683223266,0.127865079442356
0.240040958926816,-3.74198621039741,-0.207603106563951,-0.651384038483816,-0.4322176094712,2.09762614145656,0.457890814776194,0.60898013685504,0.0348680469317145,-0.256893020168334
0.649059094127388,1.55541996111984,1.40361026118721,-0.742022007576514,1.3975268936727,-0.952678382567307,1.09842139905199,1.48303887693166,-0.160401296610134,0.365107893472472
1.25952937344951,1.34601575801047,-1.04154629205981,2.02037767708475,1.64776905734385,-2.21024225579842,-1.01624895032642,-0.226843281779448,2.01516059404022,0.147289932649789
0.265479402117732,-0.309235770982262,0.192206261858166,0.370632186299546,0.577438532054578,-0.838594211612037,1.23550100394215,-0.266110031377223,1.92079591478103,-2.14404749223062
-0.0895024906351889,-1.26770332687853,-1.52943415150622,-1.45762516356185,-0.622841786949343,2.6850588078153,-1.2657472568452,-0.269643424435911,-1.00349582506651,0.332857879261044
0.148381783962771,-0.202172209188464,1.65216292352462,0.322411297958174,0.148016987109219,-1.3882986877699,0.313330179977823,0.355324400283702,-0.244877575786607,-2.26290773670015
1.93699293363215,3.12005607939986,2.0601215817533,-0.586126076925209,-1.15551924755052,-2.60770318781198,-0.274315179807818,1.03732110606696,0.502973434346926,1.18855664381306
-1.04031940300748,-1.31533873087118,-0.813353177059699,-0.829649874317538,0.832723908362714,1.14609350722807,0.182105565030125,-1.09346504208861,-1.56043499253912,1.44851820858371
-1.15248996859996,-0.0719185801926992,-1.14180299472049,0.553683359357676,-1.43881179565144,1.24923146133969,-1.31704267149366,-1.29120358398175,-1.46736263632159,3.41020970720457
-0.0317596467106524,-0.0719972078016085,-0.858761477559624,-0.882886868643303,0.210893895388418,1.63347582185666,-0.261510579350596,1.23741216553626,2.68761548755253,0.36638352635359
-2.14429787239772,-0.739998628071506,-1.19871562506641,-0.314284292833481,0.37214597145184,-1.0207335579445,-2.7840514603962,-1.01594913398466,-0.139166156282404,1.98497965101405
1.09509115622068,-0.527839595168356,2.62537336902756,0.112457540877723,-0.175345926405783,-2.53326977016327,0.011780244771174,-0.68081103524636,-0.17697648599072,-0.878746396589075
-1.97998369791018,0.544411951955032,-1.80821438303035,0.654959611876961,-1.83470787868081,0.202103786066066,1.7180910448112,-0.155604605159012,-0.288064794247222,2.64431122317902
0.691216579017156,1.58515763049783,0.990925768698954,0.146804788415693,0.126628162876534,-1.29445378923587,-1.29737002830842,1.34958328452103,0.102108035065842,-1.4540271573374
0.257951290198968,1.78132610676938,-0.461846450994993,0.108907167658669,0.676735137750852,-0.269171341670039,-0.076431964023518,0.566618335098291,-0.578513260592172,1.70048578834692
-0.416151239396481,-0.302027567390176,-0.307865381868904,-0.60193702029428,-0.133988220003982,2.08744528290188,1.30875605981003,0.681588236109882,1.20575776263244,0.579930276344268
1.37268088389998,-1.35356185191396,2.00684352280312,-1.60651242159552,0.214111255625651,0.577574386463747,0.249902825278571,2.45663336100241,1.02702211545001,-2.43919085006519
-1.1755692921701,0.0520506080309254,0.232264263235772,-0.237922358203988,0.592459736233144,0.594720371561684,1.41762234920964,-0.0727149878440004,0.455218918254088,-0.064207743572723
-0.317547553057127,0.661289092403425,0.902170674314189,-0.424530189133143,0.897167806769707,-1.23248670275912,1.48281845147402,-0.931024151280959,-1.4062300897819,1.535306115701
-0.533166446339765,-0.42502465663533,-0.677977912063372,-2.41419610246198,1.0667370763296,1.63404439930407,-2.10075731642719,1.74986342852636,2.52206489958854,-0.0811845531647147
-0.235788161591059,2.12338260102195,0.729477097831072,-0.0215801745226217,-0.19717166008531,1.23742705529684,0.113211956852688,1.19079548080031,1.4551182894331,0.750464858029654
-0.360992439911721,-1.38315605647201,-0.257695861854354,0.754199691886567,0.500231268779414,-0.802301558085769,-0.32883589684547,2.26532584656071,1.97065448778873,-1.07365763962315
0.70282545641433,-0.0306910187031024,0.261118062842807,1.3941323883297,0.82290241249626,-2.49628374536241,-0.669992932680152,1.50685714966391,-1.51006082277209,-0.533021851645793
-0.565225963000892,1.52776489070511,-1.95301773919488,0.115259673706784,-0.393252209602811,0.935705939369139,-0.321184779248349,0.414317184196629,0.176507045547765,2.34082075455311
0.505201394681137,-0.4940019933464,1.59531486692198,0.731614362079207,1.3300192257186,-3.04225269390468,-0.348054924169446,1.03010632560538,0.599984950865673,-0.546966008315328
0.0987702191409224,-0.859370511990377,-0.997507884645462,-1.44498046794747,0.0364344015784554,1.42583022406599,1.45541343477462,0.0429897340200795,-0.335759930714879,0.219571169228376
-0.226134728566904,1.09979400926409,-1.69099807735804,1.35841552811946,0.222580930794151,-0.660236926728714,-0.682340799128749,-1.47726721546259,-0.309246448133484,1.50877779335212
0.237738036936085,-1.32213772068298,0.4872124220055,-1.02531531335885,-1.80377028412529,0.285767338209107,0.113574826410967,1.30584865374566,0.67667224974931,-1.79882184970616
-0.789844851975566,0.598470162845462,0.244149795487685,-0.25534801281615,0.0784300382064081,0.0551839835451796,0.918525576826681,-0.399597428011212,-3.83487862900587,0.572504431196227
-0.998796155001776,-1.19563297755547,-1.17779557776499,0.480465297865514,0.409405096225539,0.65344367341084,-0.305825628643086,-0.668501937260927,-0.969181472547664,1.3930378690364
-0.181656664483173,0.916765857910371,0.64808376979024,0.64684009174922,-0.149045988896813,-2.88796298775232,1.02859578567597,-2.61888121719906,-0.321088136028907,0.238025117220515
0.341327027542703,-1.72272098166208,1.20152500832215,-0.404500049388082,0.317420060819115,0.0643664373459609,-1.10437334637206,0.208457643621419,0.543291154422521,-2.40743341133909
1.51983620785865,-2.84631665525146,-0.263468090806991,0.337961248602631,0.104693443229118,0.4575891082846,0.964502849755313,0.887685289598491,1.25144395193505,-4.20589115197904
-1.13864782990444,-1.97852173596359,2.45057257741621,-0.840245496773724,1.37777397116445,-0.999010319359907,-0.0825914665055573,-0.120841159581772,1.01423578987705,-1.97041101371557
0.211705929110174,0.198666570750558,1.15431447866327,0.0528277228829824,2.05083096481135,-1.52090097230986,0.298432249958394,0.488188523004423,0.844763812436171,3.07021664701616
-0.147508201389514,1.27881115388146,-2.55345509192903,-1.10857768879447,-0.650419743310181,3.65051417695907,-0.228265286828047,-0.843291585480179,1.24445581623747,2.29723671724326
-1.55037049378079,1.91254586046054,-1.51810300307443,1.0683415959842,0.839229306977396,0.792519102116666,0.70949998433666,0.17602793876125,0.437477365337994,4.54304175195394
-0.0470146919085966,0.600571309755106,-0.23138742794286,1.04483757409017,1.38778898998695,-0.147406066915912,0.532842266711394,0.21456358381648,-1.33543715793309,-1.99738409458267
0.569921220349649,1.36277228114676,-0.700951700714913,-0.859718590415612,-0.136233977449348,0.517760281381014,-0.856591236710932,1.39677375894046,-0.293825612257287,0.0771884706834768
0.27347681839898,-0.387288909261661,-0.523881272308651,-3.12886985698798,0.240706280688897,2.75176226379894,-2.25622991909497,-0.148979214200272,0.428201373636989,0.0914457463858055
-0.435802825503264,-0.334658190184838,0.0318800923733582,-0.277568912608311,-0.273993772139694,0.851782754644396,0.9885243331037,0.34060130474688,-0.777399888247865,-0.347293173623558
0.350170536706676,0.614117273860449,0.622064952774467,0.573588036091023,-0.57640327959584,0.336179941293625,0.328083805506445,-0.68439393855211,-1.19340276707955,0.310076368032269
-0.948509364872877,0.268298249765294,-0.276715964809409,0.205040805467157,0.781145502293623,0.686654737961391,-0.123458951841357,0.232042206542353,0.665450010343626,-1.39978831519906
-0.13961210365641,-0.772397133417405,-0.724362120819826,0.583329833070965,-1.77379609268758,0.591933248989523,1.52320171548042,-1.48912652944041,-1.16258979618128,1.1360546371928
-0.650693839524169,-0.137491035821369,-1.50860724353743,-0.788940524555041,-1.38030313559693,1.44875405556534,-2.5439747701851,-1.0341333879527,-1.36771379860533,0.981251905328686
-0.706277039697953,-0.937852305213036,-0.511610715783997,-0.258906590654864,-1.56183802126587,1.04261856980419,-0.644410245455943,-0.0528877488279563,-0.601109287201736,0.275085776877043
-1.37251349924946,-1.47134868616095,-0.0961175720702032,0.340971349116087,1.10428036156355,-1.32234721751808,0.137044219608624,0.283056650208986,0.396240030116843,-0.281899693813908
2.28312454895296,1.31382492555346,1.3057469369719,0.380204989221032,-0.272845592343363,-0.593515355535588,0.664501315642688,1.06030688008525,1.20545112059377,-2.91079072176819
0.591844717722183,-1.25358326121422,-1.21748059239432,2.358450637121,-0.42925773903015,0.499439364946701,0.272543886214049,-1.20362631550121,-1.28146239956591,0.446746587713761
0.71376120220608,-2.08587810357209,1.1851538200045,-0.998947834447531,0.78605985794958,-0.353772466052647,2.85289541498165,0.756989701027922,-0.740321374380198,-1.3607794730571
0.319723486903833,-0.372675148189682,0.064289174356978,0.181481878984745,0.310467618051293,-0.147832816232895,-1.5016099311288,-1.14416504770209,-0.0877992848606891,-2.01165060156736
-0.525198538987924,-0.199452735098393,-1.70306047116637,1.34762933502921,-1.02297193772424,-0.788846210157159,-2.8026327474589,0.582902086237157,0.432861693089972,0.796291729871398
1.19657857012104,0.438131938340187,-0.280383487180707,-2.23668510716788,-0.94317524129192,2.81120169341702,-0.332532656660982,-0.103402774882553,-0.0122955397776376,1.30452785446728
-0.578875042126083,0.16939458800614,1.67061955921065,-0.646907588811992,0.17437475625963,0.825690583128661,-0.763447233053813,1.47241142816025,0.774791608518472,0.488931656296093
0.842692406169668,0.711835581319915,0.408286833895264,-0.44345714596209,0.308342298178483,-0.39818171937736,1.684562772092,0.180628390238559,0.564543431833904,-1.88357393614257
0.579237188021848,0.904550689203717,1.41691708759331,0.381255645025295,-1.14207140927898,0.315532279590955,-0.24452179985596,0.589320159374189,-0.105262275710273,0.785178893223634
-0.67181562009384,-0.346328356391946,-0.528360737242268,-0.942557875831776,-1.17208660395396,2.18346536693318,0.705353102541626,-2.6771072415179,-1.18638782813032,2.18166734014293
-0.366627437948796,-0.38894526945336,-1.10368370926211,0.195334323152875,0.832988310702382,0.769850494674999,0.893797598688588,0.312521482375908,-0.89448311096933,1.44055690694792
0.690645053627299,0.199565531310397,-0.48361158443809,-0.122499554796369,-0.391015027594976,1.62857555400094,-0.438294619043229,0.481024418722297,1.48585429039887,1.03842516852666
1.12592422005174,-0.291199494547774,0.931807124068719,-0.53960649683652,1.13850196514868,-0.0881258708961654,2.67239387717308,-1.59463133317743,0.298085147766457,-3.63875293758754
0.0260508019707773,-1.20903969175912,-0.442277718492597,-0.104423568711516,0.331029252269788,-0.528024330627654,-0.414835574099369,0.797084597111478,2.14229246422583,-1.07306076681105
-0.724885753368999,2.41704336725598,-1.70715304638738,0.218892662347039,0.699763752483544,0.169705610761757,-0.0338795286987058,1.84383929136495,0.826489990241886,2.83552032745604
-1.29752536865272,1.1575232601798,-0.95873711720986,0.360994874821202,-1.09471336926574,-1.06681416123918,-0.650459692593634,1.30067623241452,2.26954975292409,1.80279183473493
-0.443677455628371,0.383543930748444,1.07329682960867,0.767118856291225,0.154005992183838,-3.61656239244284,1.55965075641385,-1.24868262317268,0.236287286640431,-2.01159051154989
-0.0796129020493302,3.04628116579356,0.303529119586591,0.940263949717371,-0.422755172965251,-1.9571112708062,0.975865861397589,0.979100534040167,0.375792933319724,-1.58911274152955
0.53430995109094,0.369066264702625,0.456824572354978,-1.83093295747502,0.454614799222394,0.430999358052324,-1.02603774384313,2.06929107781562,1.83771678050898,-1.10252654719141
-0.22462272552835,-0.549231857628857,0.589831152268885,1.0244496863667,1.00074745308242,-1.44885614826008,1.29391273593359,-0.852545905532861,1.39177482376612,-1.56060496262036
-1.02352990966693,0.995313830841366,-0.696483588623608,0.177183846112157,0.694127124264143,0.730859472398246,-1.50996974671497,0.249195208001191,0.226008733873963,0.746782267694217
0.675106452419777,-1.06648445211024,-0.0464265409095205,-1.48200170160264,-0.486367570919844,-0.738852017169281,-0.237262442281973,1.20913633786075,-1.08560221997205,-1.51648445693622
-1.62883114927276,-0.0656082028643506,-2.37842102656013,0.46615536447216,0.348051020130264,1.53403760841138,-1.81468797169816,0.349693732271369,-0.286999635864755,-0.242708758434496
-0.0125840789181452,-0.69656897962896,-0.0973276171679795,-0.793201202267614,0.094264250655934,0.494715028764117,0.547284838562815,0.0399227420180067,0.460634640815738,-0.609085092518186
0.0895813105768598,-0.260292439807651,-0.389808500429458,1.66892272948827,0.049664927129202,-1.90100739316239,-0.838774127892876,-0.433213394569737,0.355680831860885,-0.0767199965337377
0.18317588861611,-1.93930871654502,0.0704024855967038,0.0134006580908402,1.30230682739689,-0.46042199008181,-0.661573514683409,-0.482466426935068,1.23883303621416,-1.16453535042764
0.429724225905602,0.33969359203192,-0.162755852142697,0.920715552478724,0.566051685221735,-0.589869246938641,-0.637004187659177,-0.341159127576634,1.01209996184518,-0.47201235156844
0.244701073472194,1.039179098892,1.36827469638879,-0.146681227860042,0.125928135639882,-0.360872833010799,-0.379170908273643,-1.45336663400976,-0.216062954090514,0.65433220310154
0.66598098938829,0.270118586913086,0.239109571938013,-1.34050981888127,1.61364571603277,0.214981139232474,-0.0915788141597886,0.506307223994294,-0.332300864255348,2.10620689504602
0.0552904267982438,-0.448369675381615,2.06644712364801,0.545447521970207,-0.0358529075648232,-4.29328337955433,0.210218145453792,-0.666741388077582,-1.4487521291976,-0.738948071416701
-0.737817690939495,-1.0136383177691,-1.32567908586683,-0.0508512736761968,-0.299903449253741,2.19831807216276,1.36900291462061,0.580221296709919,-2.44227205703956,0.760152560479507
-0.675597359306541,1.50659081607625,-0.954452378062743,1.38356746018198,-0.430505154637643,0.914050081691962,0.219645072771064,-0.573885003318937,0.703741361369618,0.433558271559374
-0.805829661760119,1.98836843146102,0.573887437637835,2.04909355702333,-0.267095344548492,-1.07086783326925,0.762884711460724,-0.828071560601473,-0.73059806355385,2.25556618528794
0.515703750652485,-1.06892349010394,1.71384741833419,0.91581099500623,-0.81267346467976,-2.68485960636194,0.231029466000389,-0.313558402331429,-0.283136271870202,-1.14207817875027
-0.674278909553051,-0.13724535450096,-0.549959819753857,3.18308282233038,-1.19950983769836,-3.48549353927835,-0.467863643550375,0.625919348346549,0.124798412271808,0.603761500539605
