-0.997057558596408,1.37507322709285,1.07005950918585,0.67068777101239,-1.20359554383417,-2.07417645903795,-0.616724969185131,0.906121826090245,2.05062510926346,1.94154176271917
0.290303902568898,0.413596294802125,1.57138928169561,-1.72571856507795,1.24335092962271,0.209624076446313,0.115510200073024,0.581862973251242,0.300422302128831,-0.202188029728371
1.48876013096811,0.673479392292188,2.02454532506008,-0.0161335873174849,0.394191736177866,-1.32285909722396,-0.953222401490709,0.505680925746109,-1.78249624547226,-1.61984503915558
-0.175538573201779,-1.10064703232273,-0.675527216604442,1.36455176858506,-1.3481687288293,-2.28928992864039,0.583216471144264,1.01553267313546,0.674939613285275,0.17163192025528
-0.760961297211932,-0.135814596824293,0.349293203954714,-0.343432736718027,-0.231167082798857,1.15248360015623,1.19975635397459,1.51102768376613,0.058314153849761,-0.205763003027144
-0.69334065300856,-0.439569929374517,-0.630997446768984,0.480409349650073,-1.48374728010835,-0.502997661363142,0.663780567589766,0.865962729586235,0.108867979492198,1.25185946995296
-0.15215286939638,-0.922310543955297,1.0029803043534,-0.162769966943455,-0.0746325826758353,-2.35494015472219,-1.49108355637431,0.0874657349397603,0.898345173736128,-1.09405279155337
-1.08621326033124,-1.98972983764843,0.142162275532229,1.72212364431539,0.682140132606571,-1.14498320749081,-0.031396270296357,2.39132752114122,1.25553691509381,0.319493460468087
0.088317648817776,-2.79229995897163,0.228745070992746,1.09199723536868,-0.426735464364357,-1.25242894291385,-0.00361159805445149,1.11419817537238,-0.36330014527617,-3.06584012391918
-0.0784736355070068,-0.977034605429644,0.27785644019308,-0.326689064828315,0.566882911121108,0.545756467896796,-0.246888119062417,-0.847532858455382,0.134958974684117,-1.01350755082755
-0.724036718118204,0.40892972338318,-0.13174846102318,-1.43299605830001,0.344204483903249,1.55109375766391,-0.130782199434689,0.535175572706516,1.84596234504401,1.40648027693665
0.540620113315183,0.541483101089904,-0.573405624236469,0.183045830887588,-0.441005810330962,-0.0235991743148388,-1.12724006076769,0.643271172353737,1.49238200847149,2.23122908574269
0.831474730172073,1.09107283855673,0.327643372715644,-0.270299811010778,0.588289777571288,0.907584304068195,0.489026688288373,0.173507312963187,-1.4435043654824,-1.35050848127952
-0.188533175286335,-0.427108142610562,-1.5464121572196,-1.43280333911724,0.958591609060484,1.0021854235021,-0.556844921958444,-0.0273157466654215,-1.3427373738791,1.09958107190552
0.141807366005632,0.422065333069567,-1.28315882486602,-0.348747726472392,-0.99526372694453,0.679472152153741,-1.36243227759673,2.2437378693336,0.479735245025282,0.9122345481843
-0.491050587863239,-1.0618932533076,-0.603778436132987,-0.829725960623966,-1.23533220612794,0.138678502706621,-0.121053143545758,0.95205879028592,0.584750032558072,-0.311664184151532
-0.117717843293914,-1.84757344295263,0.715395988739415,1.10694938973785,0.0710841281558894,-0.108243744576086,-1.19892739442606,0.470726960240842,0.060476171768439,-1.93211268023618
-0.0911377240375537,-0.249183250465779,0.430981954271402,-0.496918616914453,-2.30300670833495,-1.12411812201251,-0.0809050054894453,0.20463686529141,-1.76379730138367,0.531390746662798
-0.402679329799279,2.11303536440124,0.085766593012519,0.580887432438441,-0.100993404963854,1.0796446366523,0.881846338699482,-1.05460360265983,-0.448330200831185,1.54265256104507
-0.526756694753642,0.146188520477275,-0.0608703422432116,-1.42122394451716,0.331277771690824,0.0652214758082182,0.778810892196067,0.41880158190801,1.40490405570234,0.913198862588973
-0.404201571519392,-1.61497896125151,0.755728328880856,0.678173483166317,-1.01010646674329,0.346368497973524,0.152958355904923,1.68247081730916,-0.326100319007004,-1.416401651417
1.1036684301854,-2.75232631873679,1.16795365193003,1.53054140532941,0.34728988631521,-1.25722077431358,0.00200428908577122,-1.25999634205728,-0.229103436650301,-3.82018468889377
-1.56505465443201,-1.74346837744816,-0.156648866765038,1.15420045803088,-0.759618469798331,-1.46930136439636,0.145998264204709,0.31236470201412,0.424197121139849,-0.929870495151793
1.32327627061805,0.540756426950879,1.81509884221984,2.35562893896337,-0.356190347968049,-2.67973885324563,1.04813647160998,0.611247394980111,1.16370504562579,-2.47715075571861
0.949659538195595,-2.39545260155654,0.289393156599228,-0.291078312261749,-0.18576928267563,-2.00346550620843,0.013593810204319,0.78954577173171,1.17454446797693,-1.25871156131901
0.07882185214811,-1.7940991104843,0.759625599243413,0.307581685082887,-0.296860466706528,-0.585190112722821,0.694220561421109,0.313094261126341,0.828481432346438,0.269418237477897
2.49497530904845,0.51877472217346,1.04280410924058,0.187539002006909,0.452316873311733,-0.622684028087616,0.546772280990786,0.77505384835925,0.748001358295363,-0.146481722229577
-1.81376589707407,-1.07712551955619,0.479037836112315,0.627074515316728,-0.116596823898876,-2.69815043701526,2.00717865770416,0.338776635613411,-0.45072645707221,-0.472351565959142
-0.797277571317514,-1.25306862303474,-0.326407553218476,-0.406290773018006,1.08262535217335,-0.559616446260516,-0.25420822524395,0.988760794302702,2.574608643816,-0.134730528769272
-0.675783211447763,-1.21244373037084,0.610929641008049,-0.388136551741307,-1.51151961689297,-0.460814409815407,0.0153718219523937,-0.191470299524551,-0.0935771528799135,-0.119098290963798
0.00936475802711062,-0.449750801816766,1.08545175356893,1.69397369825779,-0.653937171073723,-3.19635555648165,-0.7975583431911,-0.0340152467929501,1.85843961274828,-2.02677891972915
0.0725806075166031,0.969397775399573,0.389641433309909,-1.8291628952424,-0.515682643971716,-0.600815078288671,-1.17164513677467,-1.14572953992109,-0.756797006659811,-0.0741217784859564
-0.0125076570453162,-0.21132565756824,0.177315823661078,0.236267178156269,-1.52783387384023,2.66440266922238,0.673459119933477,0.419367436560948,2.51926018057729,0.95556415046953
-0.285279958124863,1.80428863641345,0.670834498418156,-0.335725928080678,0.601284382455113,-0.951114276491329,-0.619047930410327,-1.43931630831869,-0.300167385247276,1.22186440621624
1.81801973709113,0.518531209667561,0.696879938119539,-0.456697789834343,0.260092320664422,0.740227280122784,2.09575726109259,0.304347235510599,-0.510545409495077,-4.16309315570332
-0.762132175945497,-0.651894504377779,2.40409154891233,0.0677965457529929,-1.0780732568542,-2.41105557122726,1.73003052922895,-0.246800838811282,-0.100489381774607,-1.20786258553862
0.370634652568752,-0.660555292393527,-0.0663547111402473,-0.220343073957218,-0.554373183060274,1.54405867389447,0.975742899840577,-2.75484639576079,-1.1456093455922,0.013956702921012
0.475519178128746,-0.831379672419607,1.33170340453984,0.548029563501842,0.959901093101705,-1.98820268535025,-1.92226001542616,0.0662713847915709,-0.291546768227166,-2.61299232329251
-0.954051572484036,-1.45968908713705,0.29572809819838,1.28841174647126,-0.241468510632298,-1.57617839770666,0.319571248401165,-1.27876732377094,1.61015333486079,0.751824999115241
1.09835444416163,0.453701729275467,0.694994315542389,0.574695890204825,-1.62855347132968,0.783778273019453,1.22611287836464,-0.463075487901793,-0.824309657989932,-1.92104222876523
-0.588603716764886,1.01384650092017,-1.40266423385452,1.68931323191856,-0.63569422635166,0.576925162769399,-1.43750515507535,-0.722363386619379,1.03993395229456,2.04473661261033
0.457251817167806,-0.665993697257239,0.971609359600568,-0.640598715522095,0.624377249293862,-0.647347878114947,1.45373548883173,0.427572046407755,-2.48191016253711,-1.10764432913425
0.0199215183913034,-0.479582134817001,1.2937379319358,-0.336563893819915,-0.482191762323602,-0.853942766114727,-0.796499618390685,0.0181152990776742,0.532255879430732,-1.09994816756629
-0.0918489247666475,0.318086502667608,-0.332123634845182,-0.489653059202123,1.25474382120831,0.269647864711514,-1.57287369341006,0.683991337441488,0.21398170462249,2.02770618377734
0.799768898938011,0.274778751274335,0.371826270678886,-0.290852575954545,-0.0245199807031034,-1.3472392377163,2.55804600326719,-0.911496878048051,-0.301187297547222,-1.50712081254304
0.386784055272379,0.980402515782578,0.713571368330267,0.0963480715259199,-0.327638197612897,1.30719140261702,1.15866621103797,1.39156856716061,0.766306328617418,-0.877847228022269
-1.05389139543816,0.322699017810595,-1.23563705780632,3.30694414535247,-1.21106763036628,-0.918776483173706,1.03370703124251,0.483728636846652,1.94101974710869,1.04060822440619
0.265952563383621,-0.473369045658226,0.905998332142688,-0.389207913367102,0.155925127649339,0.363745495518842,-0.997267732404304,0.973215550238921,0.135036597402052,-0.624120574606214
0.646535082716182,0.311582664018067,0.204569901019514,0.93532876154414,0.418238693660133,-1.6317958926755,0.236888062187499,-0.673645412702797,-0.12869388666019,-0.236377095541148
-0.662170028181018,0.610962598910443,-0.277280000674669,-0.145617990756607,0.434201314169696,1.78873023903062,-0.968685563664343,1.14673115531819,1.66004090756926,-0.067157190569284
0.350132559366384,-1.50757854859728,0.0842551316986682,1.65770622386956,0.709956606748615,-0.959599859171508,2.25218427924253,0.757653818268676,-0.789141892836405,0.443265587262873
-0.332305165290028,-0.534548989147167,0.762381876139871,0.802206239364489,-1.05346774504187,-0.204363614282885,1.88964748553013,0.347562641570096,0.651817347536813,-0.284708462828137
-1.34565033548447,-0.609893478605244,-1.16038299103272,1.2578919500669,-0.593886689319362,3.00990716528626,-0.270396738825774,0.239305871986192,1.00192374049901,0.93409163495447
-1.23321539803238,1.83208370989363,-1.7690935690417,0.295977081065653,1.16886759790611,1.26543756072566,0.0944011287161941,-1.78269171396939,-2.11110580269064,3.85590148317969
-1.73391389041352,-2.47676075973149,-1.43251659204491,-0.55859392542155,-0.177910954140725,1.58043464275944,-1.42490216166011,-0.761612778401872,-2.05208912596866,-0.834180628172025
-1.21294077650803,0.614406830924449,-0.590305499335726,0.608191839606245,-0.210251790435129,0.208867125793966,0.615984767509803,-0.117844167183003,1.72100116883349,1.50033225160498
0.0819628077781602,-0.139241573333494,0.171581482504945,1.62585955098857,-0.278339824069332,-1.77068699520748,0.0451787504172612,1.75395300034847,2.86466754349089,-0.824570261711358
-0.454789780891392,-0.387703720008946,-0.0284410661389824,-1.00105936673515,1.47456902497719,1.63274429378053,0.0509460738274569,-0.266347880892747,-0.344422144912732,-0.0460690851325205
-0.336235539271621,-1.20968688446502,-0.703667971955819,0.448100876921486,0.830863172972694,-1.10069305379578,0.882901490740211,0.226687548349171,0.212939544187561,-1.26996005568013
0.202822448741328,0.666551074255601,-0.616733265921669,-0.800034200631393,-0.235152801672439,0.387457440621206,-0.628415432293048,-0.0970414154230656,0.353302467811221,-0.0112779021094404
0.999678395649274,-0.172040888986054,-0.0130741788128181,0.35152688053937,1.40059674559274,-3.56780689436576,2.71049017093761,0.445948584321122,0.913590028481597,-0.327913492008245
1.69066331643526,0.357134481301348,0.402942876135897,-1.68523435965698,-1.02732753958992,0.959924107415085,0.028215025214348,-1.00821409987732,-0.665811849732709,-1.84298820446916
1.38894296938942,2.01815666683284,1.59931647044209,-0.878684748343046,-0.95136988257995,-0.624239609372071,-2.38111004285661,0.0868332003549652,0.185715446350097,-1.28024218088444
0.821254023839472,0.575924068786324,-0.615357191585473,-0.498366091276822,-0.947780046865256,1.99222772755338,0.59001295142637,0.604225923178532,1.60976452293279,-0.936506564880772
-0.615409707820013,-0.284292430196789,-1.44749165235635,0.0506569446328624,1.04497486975181,1.54898027677439,0.702751036845711,0.500781717754734,0.53321200555893,1.04206104720793
-0.200405850953151,0.366565650743116,0.140585243993231,-1.77962856551068,0.384078074211681,2.22693659693004,-0.145765653831722,0.586021346301474,0.928882947684484,1.47938708270598
0.361785129279811,-0.279642899894126,-0.375255696240771,-0.70377761490562,-1.93653260940563,2.20138611894604,0.945507858184677,0.762483363931869,0.327274784579571,0.258942897276596
0.140000589490112,0.237633569558364,0.896853327576464,0.516109455991092,-0.134873534335212,-0.198531271550127,-1.38107682800843,-0.203829010952311,-0.012187852128593,-0.733301507585074
0.453744577631792,0.608181546343842,-0.0322037326365143,0.11297212098335,-0.240413459773552,0.823376087579287,0.715552549619042,-0.188527836847968,0.665668635512702,1.12075301805662
0.868250162333549,0.466472137935444,2.01632577994289,-0.872032362362841,1.00987421968726,-0.608633640269527,0.929890169221203,-2.15509593729748,-2.75316725210842,-2.22831700690596
-0.120032773430854,0.942936829045583,-0.6346588959831,0.0308861676836572,-0.297346204963334,1.2939023643272,0.968775044579808,0.914075853920148,0.355735141267007,-0.545278141155409
0.78413058407323,-0.421537340876411,0.855205326917717,0.274877876126173,-0.855556167697853,-2.44034077290397,-0.866912959369312,-1.11996055324558,0.649267340761035,-1.47257309806466
1.56021349074276,0.696970369951156,0.839509971256193,0.170977662504142,-0.0282299178474217,-0.459633987682931,0.270130835084997,2.72937926549881,1.57305901967918,-1.97429162464742
0.292698086789944,0.273999946527745,-0.800533236573437,1.51770926156194,-1.54125844444632,-0.804072665502407,-0.437503484576805,0.000590528851816097,1.87478542227222,-0.0880138330402751
1.0715077471908,0.655346691275803,2.64512820811142,0.514228435765346,-0.127413859528251,-0.724015295180577,0.326748780077832,-0.0523483312680707,0.0705597615958359,-2.21118265054869
-0.496736185905257,0.512643399919092,-0.010298544972797,-0.704839193896018,0.504205862207429,1.14684184581231,-2.92854211773074,-0.517736010387696,-2.21723908554612,2.27837862133362
1.13432945644627,-0.356984381402275,0.719211337723708,1.34442650530328,-0.0703248306667718,-1.46681526431379,0.362495823515507,-0.344297784726602,-2.58962945002091,-2.21750159310338
0.46946998555935,0.0697940262542099,0.77822159641532,0.577212620168255,-0.182637943623705,-0.779745323098095,-1.21536991506362,2.07285963864829,1.0477811609396,0.0514696121121211
0.288999081719304,-0.0579377589228851,1.09604807178683,0.0645618458940226,1.25182828339754,-1.43751781827749,0.159505777223435,0.57659637935167,0.892501754627797,-1.32292726352592
-0.713524575068276,2.83693050713105,-1.37656786567524,0.266251410098524,0.522334441510784,0.533831893246083,2.65378412088432,1.18037109013292,0.439831731727275,2.72551189763155
0.300452380194816,-1.26893296910744,-1.59648475295557,-1.10816560731607,-0.217219600034096,1.4434786952409,-0.0875245063517426,-0.578174787152701,-0.968999554462292,-0.12683417431925
-0.20741298250687,-0.473278301337385,0.315909866272208,0.385490918961781,1.10203626813425,0.093278692104747,2.12056798098103,0.435354292518965,1.72193274918485,-0.501591685911556
0.182230869594052,0.333470163994364,0.448627947786039,-1.96077289051459,-0.319933749892855,0.852023786858144,-0.932065181162191,-0.0578049332774541,-0.860729024720661,1.37608610361115
-0.821764115216823,-0.0220673160785216,0.660319701090693,-0.73128768923787,-0.179188505364255,2.33591502026344,0.603358411770299,1.20541430411765,1.29014971027848,0.154842698589372
0.414234025380233,-0.35395187060697,0.155223114779318,0.215397370317616,0.739326027519189,0.398949189029058,2.2650686792961,0.285888864607269,1.41097781282877,1.43812625692669
-1.31263920937941,-1.34720999171849,-1.17275287579836,-0.470148347449015,0.246439025897759,-0.730189698077767,-0.0117999015391466,0.58573258289774,1.12847913854064,0.16152500323834
-0.232401404855447,0.479257309403089,-1.12211818735999,0.451695275924104,-1.63858609404105,-0.0432000225571372,-0.618850088917482,-0.339905210965678,-0.333928946900743,1.38889988762512
-0.16710856780727,-2.01931871841883,-2.24553505961837,-1.71353650200163,0.324206753167545,4.41820459743986,0.87009423333938,1.75760733267498,1.20380899582736,1.95144566362394
-0.669723522967838,-1.1978057393017,0.13840583110304,-0.849124494902134,0.798964981006026,-1.29268375173095,-1.09839762481506,-0.0184530784592571,0.806069881256696,-2.73899517875799
0.346584176164419,-0.307866914474327,-0.0411450113560346,-0.717624824582054,-0.373096475419064,0.883213364012806,1.51401802284371,-1.41979580792994,-1.6244347860477,-0.981506551050299
1.41526969041224,2.53863369352051,0.430999526208205,0.823411259539821,-0.280094752056943,-1.12754581061414,0.210726297964524,-0.629644994842709,-1.09122851332839,0.0549410017129888
-1.23519318861956,-0.40580334883146,-0.705994446201524,1.1446882158071,0.0432302871734854,-2.26826055257521,-0.841599681980499,-0.589892594013972,0.154319785378231,0.818767166773169
-0.273430521260835,-1.01814068279259,-0.891211917300343,0.277660074142244,1.15690184484223,-0.533608581806564,-0.290938770780449,-0.733927568742239,-0.963745500152338,0.356768140422946
-0.757589936265817,-0.544882251976357,-0.316924156032161,-1.97539995635889,0.181578795484944,0.852826787980763,0.232722614307636,1.5203630701555,3.27885453174159,2.17507859766702
-0.0808725470321417,1.76439002657105,0.221747392912368,0.113707889490951,-0.493788091148467,0.42371171235291,1.08303164302997,0.450256665814344,1.4391843184874,1.24814576170756
1.21081956925071,-0.855052636861212,-0.953053492869737,-0.906161395619696,0.380259964154328,-0.605205833318673,0.345024387833936,-0.404909392657299,-0.171175004153249,-4.08776753356982
1.28223996878733,0.717470425031168,1.03091800546006,-0.257676750068605,-0.462458434050732,-2.12307571446711,0.221706262593239,-0.135491207447327,0.670872161132638,-2.39161817894749
-1.03033410280003,0.877493304247627,-1.11472913573762,-0.667245918233614,0.722921828137821,-0.148439441471935,-0.525836067882209,0.622358626647838,1.2789958958269,1.5916875958225
-1.03409448349584,-0.00278146797742873,-0.794219647862381,0.358769206818805,1.40328708838029,-0.503043883292571,-0.747452275764655,-1.75703826912753,-1.58471273814407,0.123760021974036
-0.468601637283515,-0.270129067635239,-1.84756487118052,-1.03535868914317,0.513911528041509,3.76633471810495,0.240917310053927,-1.16359286638156,-0.812762343208092,-0.800299898042436
-0.326538082048031,-0.830077909970638,0.39298939128171,0.176778170807432,1.70599419145862,-0.433634855659475,-0.230142811746619,-0.297712263503131,-0.101508809586355,-1.72788672445469
-0.631461007634528,-0.851522730422133,0.040193755996716,-0.784250962604867,-1.52193349824161,1.46713070944982,-0.884108228119537,-1.04352292454196,-0.799034086093344,-0.14081747029549
1.51868314777728,-0.266846244835182,0.818599548103534,-0.514667965213896,0.532034182492986,-0.39673115851813,1.09783333110201,0.148038810038274,1.5414720383559,-1.95397919562377
-0.281270350278869,-0.186167133725243,-0.518792281075564,-0.277457474608542,-0.181405185615058,2.51926919317829,0.499949284834515,-0.534554402098025,0.841012696712164,-0.365004164421194
0.0268618587763176,0.541310242344085,1.14503775235481,0.624811836171611,-0.136935820245398,0.511922592510325,-0.260356318803408,-0.106659898017647,-1.02611997048844,-1.79048700782627
-0.271756716302696,-0.158172304840015,-0.366216672181895,-0.156270067972543,-0.556195607959592,0.470322743026643,0.986473071218206,-0.754890518170115,-1.85566002275467,1.07235744956181
-0.894236958993237,0.50961283405472,0.0668564344589461,-0.262960695569962,0.329594578356994,0.262294097245198,-0.34463538651496,0.0851207101178337,1.25521812948742,1.40092507723213
0.108813549904667,-1.61850388420937,1.65336664946142,0.64057158015078,0.0140532454205784,-1.8140174470364,-1.42178156230364,-1.61298904807045,-3.13355017502977,-2.1984373112326
-0.864566080884158,0.912686178649484,-0.792305084519792,-0.264653025371197,-0.789829267888333,1.54934879955968,-0.986498978424117,0.0721012069504018,0.752832002807456,0.862552160923989
-1.00231331508198,0.0261634185075282,-1.02102202046195,0.114361796336936,-0.209053272317132,2.33877945563178,-0.788478724643463,0.140022219100109,-0.084202674360647,0.584369745665891
1.37080025762758,-1.80270395343511,-0.135259537827956,0.494135856286424,0.968419424033587,-1.81847617621732,-0.929164025143691,-0.128723000035648,-0.207151751933624,-1.5223987943652
-1.03305347897898,1.16460439943574,-1.78805743119439,-0.379979452668119,2.66849853304699,0.174639998944961,1.42296295563116,-1.76317089042715,-1.46805811897833,1.66363513379361
-0.0471529599868717,0.143479739486152,0.232080739768154,0.75382137435387,-1.64122514888221,-0.824240895753753,1.02321964066348,0.98135626964207,0.823703571575042,-0.518297839001583
-0.229435723681942,-0.425325158074667,0.155867075236964,0.71898466975196,-0.435448902880388,0.125977646972144,1.11902720103029,-0.311949037654122,-0.299139878220755,-0.870995607958342
-0.835898573705782,0.0675539956214223,-1.6236681203424,1.39959201937934,0.102693179854737,1.13245631571043,0.762000610019868,1.78658698634142,2.38732473116321,0.967692334696051
0.612142160636119,0.600068868110618,0.731867676514364,-1.01756241831802,-0.19951009415381,1.41287026640645,-0.243539098245323,-0.310034061236539,1.2468811628542,-0.680049066866768
-0.592528209298593,-0.21386631203283,-1.45159267612732,-1.74584978480076,1.52222208563774,1.86738220378469,0.755346169637708,-0.678923100439659,-0.315742203098361,0.28921911437559
-1.47558767334195,0.241489920077031,-1.49609531787284,-0.101549169074831,0.689620426750424,0.295886039218969,-0.562963436049272,-0.691204789062931,0.512191948085333,0.586179302242044
-0.761183572114497,0.391856056344843,-0.60860159135775,-0.468675285525864,0.284632426402357,1.11028728604655,-0.496675415512542,-1.81935289757481,-1.67499598993338,2.20043091864571
-0.632716134531662,0.992100493237195,-1.69572023191495,0.613415376051427,0.62828429328658,-0.817676058722558,-0.6895855740922,-0.490042460258119,-0.213428358227046,2.42597924027576
0.711435916581738,-0.440502088924256,-0.537288523873217,0.265982111450858,-2.3015358062022,-0.0210051718208713,-0.616361720708726,1.06947618801636,1.38218531770186,-1.39943778885555
0.411455408918097,-0.192480829404074,0.267166862965215,-1.85296741694189,0.737621013105313,0.471378726751053,0.3465991723545,1.12067181384505,1.52098841131124,0.205819090036694
0.26477765239201,1.02989105482226,-0.276631020473204,-0.628547464804311,1.19569151455869,1.79353306641959,1.10256239530291,-0.298172895300284,-0.723445158322124,-2.10431906233078
1.1075804817371,1.33821615473294,2.0348518095474,-0.191247101482519,-0.409692378384827,-3.19260698713092,0.593993571487998,0.284535960400133,0.319368577077231,0.25256941536243
0.47400480305659,0.605378987016642,0.0162727843674957,-1.94219611613005,-0.982125487302042,2.01489709204544,-0.632167569165785,1.29078423105182,-0.179936029654157,-0.127692452401479
0.841027800947741,-0.228049148468226,1.29911506351772,-0.931871831409207,-0.460773500984781,-1.62013180020614,0.244434765790944,0.252145395468129,-0.804843490323197,-0.560645837191093
-0.0173035197654012,-1.19733207581504,-0.742261130513399,-0.499426585195138,0.0590375786578813,1.85301238048654,-0.254487515983069,0.63210285734388,-1.29301289585353,-1.1021946027152
2.31667397478618,-1.4292626578642,0.67100050424223,0.318861754731125,-0.741849300383256,1.43375663469258,-0.718925567558984,0.637767961684162,0.682591351183352,-2.96552167101025
1.5059939042181,-0.478693106883463,1.16242736224819,-1.08614016619794,0.0141879329557433,1.08041580807668,2.1085033190276,0.513333693358138,0.199707755479262,-0.964753491219377
-0.146382075185837,-0.970406100247758,1.18662176904727,0.00321289527069232,-1.89752138574845,-1.14620194770961,0.480389010230411,-0.310268709110685,0.431771867503966,-1.99728337884949
-1.10007887203261,-1.73144961717302,-1.41269612584541,0.159389144036571,0.0778989119778334,2.9923673754171,0.56914177078556,-0.955298950913796,-1.53696821664979,1.12067573388905
0.113938283397647,-0.350101562240753,0.179688025458898,0.320931857048698,0.219315817147276,1.77604299200222,1.40863879877185,-0.995801688242011,0.999284835072659,0.764281321666822
1.18974720283336,-2.24589297030918,0.668569560694266,0.06008143010073,0.118267628976235,-1.6720765995287,1.64114734069768,-0.287596314192841,-0.814793344839324,-3.5364365546469
0.912758416251884,0.346824965094306,2.02185487022947,-1.84623774070417,-0.224119251832784,-0.368076744969557,-0.272880921744477,-2.27347755433524,-0.083938280781372,-0.790295113915115
-0.128307530924455,0.0223798874047015,0.354670158037389,-0.216868277001063,-0.00667747732936314,-1.20215128238684,-0.877790117781463,0.302151194132173,1.12583656476875,-0.310307288685095
-0.515665844728768,-1.24610938101721,1.78190520609901,0.135506966217782,0.0862560299590503,-1.04141144439205,-1.7397074527396,-1.10206612605767,-0.223418992305116,-1.0789229946646
0.539262965799552,0.400100109999484,0.721426617043477,0.135805371983393,1.16992253833423,2.13694364981926,-0.89682181936031,-0.337108106899001,-0.062635897572478,0.276571845204683
-0.292410040143366,0.0846131193904988,-0.399001133234234,0.0597254938304168,-0.0648881097545676,3.1009781177669,-0.630519439483037,-0.245253503548034,-1.12708438800934,-0.756167702626524
-1.62627374396927,-0.629250104079758,-1.53560388866178,-0.18319185547368,-0.185854866938247,1.56341207000005,-1.2515786124978,-2.38236505501474,-3.6376209992964,-0.665637326854163
-1.43944314646017,-0.188456718912417,-0.426951155532874,0.80258313701429,0.100217403369435,0.246126255604078,-1.229471777992,0.567756795687054,-0.901843726570998,2.23864203523809
0.0850468548522477,-0.714542147100873,0.495579185770866,1.02644634882213,0.672235574550902,-2.92963448705754,-0.338418637149478,-0.505587545176858,-1.1016044987228,-2.08454535375471
-0.314711920425051,-2.22450297111544,0.662788868923159,-0.123719597977923,-0.190792334029955,-0.429925989974771,-0.709665466511853,-0.46109846901056,-0.925717500905806,-2.73115905680028
2.05619059366396,0.146006472557768,1.82067855967993,0.759918063206971,-0.311918396620441,-2.68160539458511,0.81565401584407,-0.372653240710802,-0.266793259158357,-1.93202174644611
-0.569192078757716,0.593927656264932,-1.34694084141699,0.277998354426432,0.58891862716189,2.02429224199739,-0.162637950859464,0.480980627439971,-0.552797482187553,1.84156571304669
2.06368382324884,-0.0823331118117391,0.633908498775386,-1.90452567126541,1.16666404625354,1.87740205884844,-0.481527071716834,0.065529459758115,-0.55192083795175,0.33862455449557
0.040149368696042,1.90588972790534,-0.168226123727521,-1.03909563008815,0.716501276773399,1.85175531591928,-1.37062538768785,-0.354157560906228,-0.413846219565723,1.04483925890899
-1.51882094637622,-0.930699931728001,-0.207886215991296,-2.05509894106758,0.15423630518039,0.652234205228832,-1.04570573852034,0.202623683164183,-0.953234649874229,0.189000883883753
-0.732658081391211,1.18421493287618,-1.09096713127189,0.683285123045444,1.84024989315836,-0.0498168178534726,-1.96307291951788,-0.485094019200002,-0.426562520366955,-0.681542111977697
0.334562228684351,1.2080143539451,-0.568211718824676,-0.960296934369714,-0.211583550573956,2.92697761649182,-0.867189641194202,0.483257976249218,-0.0942469805027324,1.02925238853569
0.42643624269769,-0.127317762753958,-0.299507791828425,-0.0747620330104845,1.29916930618264,0.336238637666485,0.253594087553635,1.4129405412291,-1.14745135060447,-0.0103383469706425
0.108965083058064,0.316797810864142,0.908638839858393,-1.07024083408676,-0.991133326183731,-0.00847236117119993,-1.6381680129565,-0.879331832465565,-0.33842199537337,-0.969887726037424
0.847011789797197,-0.779577655301674,0.391035294013855,-0.546131221945746,-0.449465407062552,1.00854201700704,0.649287916772999,0.773755423374489,-1.09194447413082,-1.0617826843852
-0.333481261762446,1.73419152265755,-0.572066090534428,-1.04404605878231,-0.868502564252453,1.01974852097332,1.19317330994276,1.0892231225586,-0.523594904034881,1.71782027381765
0.622730155056804,0.309450906426504,0.710967707271906,-0.231134513638355,1.25992595623092,-0.422752661615589,0.923073175399621,-0.0416064096600662,-0.797278813171745,-1.85698853169558
1.19079511307126,-0.0892007500526407,1.44279600897473,-0.488960957747153,-0.352330057611225,1.04713697704211,0.0176119916699258,-0.391845525948867,0.469716334264985,-2.46795978564103
0.649249211482662,-1.09526682318495,1.37287629773435,-1.59753479585379,2.02706823442788,-2.01102058517873,-0.472198250502944,-0.333729795352438,-0.292926751648707,-4.69104467109682
-0.239159156000045,-0.671203317840968,-1.19848668201583,-0.229205589520337,-2.43791368668919,0.666540911290051,1.19837874675826,-0.745000510375276,0.379243198928749,0.675752739000001
-0.992720254261821,-0.0171368983378132,-1.0927834660212,1.07865798269696,0.0249104111459893,1.27297798236768,-0.0811602418271058,-0.616545006201756,1.01406786850416,1.76665125251091
0.396751546913319,0.909488137982183,0.576916868272741,0.936761465575766,-0.874057670174243,-3.80098077529473,0.478271944027627,-0.49319617215476,0.465257986817109,-0.0186345264419274
0.0697553897463036,-2.35817384923637,1.59108926920721,2.67907697939676,0.119384576421408,-2.09131650552141,2.24557714021267,0.23679943212301,0.907137496019143,-1.15686893877254
-0.534936740295024,0.610459515501468,-0.310788366849227,-0.32092278574371,1.09863774186181,0.909456683143695,0.0354934970623748,1.76014035587206,1.08356884061579,0.692363245435373
0.57186659738273,-0.872711540117788,0.463434768261219,0.000170897798502906,0.978642434375283,-1.35182308207513,0.75965888163623,-1.34838421857206,-2.76962619936829,0.124585570513575
-0.253359839756036,-0.269454734915773,0.868156590383049,-2.25646986684124,-0.559160632109103,2.50786563878717,-1.28888011380313,0.941518271642145,1.07147684088212,-0.542758281490208
-0.146145328629218,1.02750168521412,1.95952374437798,0.764181083263689,-1.3066164426702,-1.96127063161144,-1.37574298972487,0.367765820432069,-0.0234920189299224,0.495970515605654
0.487638122486156,2.02696521373349,1.66614078077546,-1.08880541412176,0.945320368408374,0.735124882213681,1.0546367880911,-0.101198441262228,-1.53562237380271,-1.58270348215288
0.41325193936708,1.63645847523165,1.06237356432826,0.218310691620692,-2.33170441507444,-1.93290873684257,1.2728788060161,-0.190305207669072,-1.76836493072086,-0.0173840326881388
-1.1904876130134,0.234758943263862,-0.893462764982481,-0.0293033166177223,0.995223601062524,0.720344613355548,-2.67134199954268,-0.660003056621259,1.29890657440276,1.38866895633963
0.832343634287387,1.12721116200353,1.41569707035758,0.551093125721348,0.392894157106351,-1.27133744731769,-0.272613720028734,-0.398736061981929,-1.57537321179396,-2.57226343998378
-1.17887858179137,-0.833823250829249,-0.247548067647858,0.674447291648687,0.969560565337498,0.716673331798692,-0.919990810982528,1.27818252793875,-1.6384049628407,-0.314440782221983
-0.279826664163977,-2.53108846802551,1.81366593317507,0.766213171056488,-1.02953184297129,-0.738874871527638,1.18143786428549,-1.07541010850615,0.0630895463869606,-2.25247240787905
-0.711927378364597,-1.33805736590183,0.347429516884144,-1.63977985638224,-0.703250193961409,-1.89410911766242,-0.5868599816338,0.862229022391841,1.25561253171586,-2.09062597223574
-0.0738410516375012,-1.35493736693049,0.268273799802999,-0.643896531566246,-0.478491092085792,0.640050684238552,-0.0533393271055958,-0.836543053518381,-0.80713725417194,-1.58642106577728
0.66109752336076,1.69830191152405,0.876890123900833,0.588615277920633,0.160601372744214,0.34208282066227,1.89749241492929,1.20136336078868,0.491687488237611,0.664792686302333
-0.767146598251969,1.20273864180596,0.0237277151558456,0.0345467649878464,-0.00995269888014774,2.04487157963687,-0.445290494896019,0.387154861440353,0.58284011445991,1.04622217616285
0.946188429906142,-1.00773000250612,0.408196671557877,1.13281674447765,-0.958342531167703,-1.14441323525941,-1.10745014003182,-0.570311200991838,0.283013969274239,0.258243282141032
-0.859776240724096,0.276491545963152,-1.81586371793268,1.40821192030471,-0.351174793437753,0.980006638379581,1.10711781958525,1.7095519128937,1.05490217154199,2.06340156190243
-0.886701111806847,1.83612263190046,-0.0744562257346449,0.726518662398384,0.510121616934835,-1.33512794615542,-0.425946768628761,-0.802136478162852,-0.791244185108116,1.24414705291063
0.381392541596317,0.123476145647592,1.02430300324556,-0.34329371007902,-1.62938505172642,-1.24048344319221,1.97011745107514,1.26235692330532,1.21943935663318,0.748051253914544
-1.13627104652015,0.841266606167561,0.444317845268186,-0.583488528658462,-1.34677242599466,0.706663798071155,-0.737087678766674,0.127995910994606,-0.783259153395425,1.94845747916515
0.0750200988330503,0.777391053561722,-1.1580823039486,0.761895581341633,0.252522621168878,0.0660736077226802,0.249458217248059,1.39009949897374,2.2793431986959,1.034259832012
-0.413889657672712,-1.54335826863012,-0.04616097531965,-0.879218839046842,-1.14168310577497,0.643569065085522,1.2913648082949,0.291901855376241,-1.76902389398136,0.776336691004979
-0.767151535405027,-0.0817450714756556,-0.584792024944645,-0.0822614182823698,-2.07359342164619,-0.0929692445748506,-2.0685077762049,0.446815317549747,0.810284012153152,1.50072579331596
1.60384255425778,1.52051242110254,1.56047882572321,0.363766916146281,0.176879596422755,-0.448144862904431,-1.51027619074732,-0.575053253651427,0.0776174374054286,-2.69331443780153
-0.0427838970381114,1.59569307827649,-0.0733613431345905,-1.30735029706627,0.344112248750411,0.304009478377775,-0.954314384682243,0.365925107534397,0.239048035923546,-1.60427785892406
0.728162994012759,2.74262542083355,0.174490082373651,-0.880625395895472,-0.960673211939381,0.617481383122399,-0.0964975539994006,0.416597447668004,-0.279745766496538,1.01100538299111
-1.15153018962578,1.7653941983958,-2.4127979967544,-0.345238664789546,0.240602762962681,1.50079548672236,-0.662075271927538,0.190279740353407,-0.369429825046341,2.96305877722149
-0.200906106701189,-1.6488368475383,-0.46788260484338,-0.645099850265339,-0.0637216164768735,-0.663605610704574,-0.584972280390619,-0.864871950070479,-0.290234256483905,-0.50290440413124
-0.550082799303157,0.530628056265743,0.155410450582065,0.898334743701936,1.05250385836164,-0.185861751352481,-0.239977110670124,-0.508598320463958,-0.021406481213298,1.00597696752462
-0.0913837397224987,0.611164149687391,-1.25717435169866,-0.905445485586754,-1.58015794111602,0.691311008100865,0.0542857343006931,0.774698986867934,0.0518664742629046,0.504490718410852
-0.618196254352262,-0.67275393239574,-0.546880814993468,-0.124248085178182,0.533525847480143,0.6931581638731,0.260052275357658,-1.30893852712878,0.461267765979323,-0.89377374804446
0.0746639064243488,-1.37802196596666,0.56402125387901,-0.901935712778291,-0.668575906882342,2.08507591847774,0.129490008223289,0.453799855111885,-0.111344136394122,-0.985698224921995
-0.876887559307251,-0.431505507512453,-0.41991387404195,-0.634612642126755,-0.469298321138202,1.85888651051121,-0.89816990117476,0.640737658703446,0.0571299691986559,0.928699770368514
0.0907852943591745,-0.745059339647736,0.762476018435071,1.39422016673676,1.91551918951294,-0.353386869446501,-0.368742890612656,-0.878307446509816,1.09872615190019,-0.92393125791016
0.59666403418615,-0.563258662727896,0.316953619591987,2.36097664080327,0.935177640728452,-2.49274048133552,0.505052360919978,-0.857245420105699,1.142702364591,-0.85077905072846
1.81612466372954,0.918978928114033,2.13393963022845,0.730094722359417,1.48972802605491,-1.83782141112494,1.0145561645672,0.300658385534942,1.78951649344685,-1.1858587712133
-0.41662148292638,-1.67105899259732,-1.07204455917391,1.14491149862361,0.129706128740001,0.442037589637994,1.61356811703043,-1.69006436829566,-1.98867082383142,-1.55518996946877
1.28505040337869,0.469124849419877,1.99406675466679,-0.630280282684974,-0.181433756614136,-1.39605375729414,-1.25862157888781,0.534106380851513,0.836863742034732,-2.79934051113305
0.857021818245719,0.214454676353963,2.72773441747663,-1.68626795591229,0.262721918976526,-1.53726782150433,0.266343967571399,0.936286555603788,0.670126042677611,-1.44891628479131
0.716055247602342,-0.869046607802406,1.34282186714321,0.482949504182174,-0.274132648547618,-1.20651931644567,0.585085017219779,-0.236978796232432,0.0541569819336113,-1.10143743165655
0.910790652100018,-1.09934550260696,0.690015041230518,0.847182470916394,-1.80700120821745,-1.49618973227055,-1.53158028815212,-1.70538373060335,-0.756635989041181,-1.01354974706725
-0.0347283863768608,-0.463133039652274,-0.839627792615494,-1.75795138201277,0.984090191576517,2.16905535687766,1.95742851356412,0.0067409197119336,-0.0854037470738167,1.21654204171458
-0.376590860389087,0.241000973095058,-0.333984628193839,-0.171261002003353,-0.149725995796851,0.733746733982543,0.956189885169888,0.639374702504129,0.123503434439382,-0.0197521753917302
-0.0801797272050131,-0.517961327152741,-1.11927772494687,-0.280425577519179,0.0693895921113634,1.90569559950364,1.16967949432161,0.583939808780305,0.920780058150391,2.15044513306724
-1.22554891810391,0.384388434715915,0.362438603531821,-1.34903144989421,0.695732057584869,1.92457741001242,-1.29027227261831,-0.324392723876943,1.3264464840843,0.458081733581672
0.36954290557687,-1.03734720729487,-0.235319993133692,0.41203820427068,1.43301170372047,-2.00845249389243,0.705184133661449,1.53245593012327,-0.136084213217063,-1.36152962257629
0.541455088490857,1.61786793932755,-1.01994128824013,-1.44871042371125,0.365156936169744,0.575616391316668,1.85874014475516,-0.212159442318145,-0.498383027255441,0.0211478969820709
0.196993303775061,3.18050908078852,-0.0812746527382635,-1.62720636969999,0.03076720010156,1.03553449045605,0.75734290795715,0.815976875568854,0.5110465344875,1.4150450371935
0.833125112240193,-1.999494231572,0.328310423018622,1.05887319801683,-0.0621952808439146,-0.25679556931953,-0.337034124681262,0.328652004547697,2.58461354064045,-2.65310614846208
0.712354812488047,0.387612485925773,-0.395495746242744,1.08492135027387,0.816247392061565,-1.42113990457889,-0.0576731318667399,0.925083612399976,2.02258803458202,0.817183092764993
0.161802987985954,-1.97057259158012,1.20077027169779,0.41651353943534,0.215048856569609,-0.395817569929582,1.34473033460197,-1.21424099643668,0.0155362520198549,-2.492596380737
-0.9274399815481,-0.605392325599248,-1.09246140584042,0.948751268232514,0.315553538505392,-0.0424872040622716,-0.318723964954121,-1.14693123720937,0.382408353520033,-0.170414374338345
-0.605531376837207,0.926920419884426,-0.912537360562707,-1.55274003498688,-1.18168019641997,2.11607616502309,-0.94289522105994,0.209247525874043,0.346195478737684,0.868572112160648
-1.23003516648096,-1.59230045547742,0.873049503003577,-0.585895462785049,0.284385840174976,0.961480330495013,0.560441559773057,-0.813625526291718,-0.14364800215969,-1.95648217295082
0.615484305666384,-1.25008123617933,2.69386557398981,0.358471632206542,-0.0938757568792146,-2.24179830775167,-0.542289858393178,0.0833787032628854,1.19490550718967,-1.68797229361462
-0.0271716126180364,0.547370151446332,-0.610591889082301,0.881854723921238,-1.08522778184931,0.21058222492336,0.29444570775847,0.835373696598306,0.842035853688445,0.636579712828002
0.196240030885194,-0.563976337817586,2.00075150980179,1.58984711387634,-0.757981205490329,-2.18114881333328,-0.21106820240649,0.892749840611103,1.30938956917476,-0.690115371578879
-0.131493561367834,0.847606857723327,-0.677774022364553,-0.469063283160766,0.312079893800633,2.35703968945192,-0.490114711280148,0.986790452052171,-0.892955026476193,-0.546817630401505
0.322276693659983,0.608179147164129,0.381837362231756,0.484962142068508,-0.679323324296805,-0.448289487251482,-1.28725953121536,-1.15464051851891,-3.27555744952418,-0.609491186532897
0.0619595509411333,1.09956104734371,0.157447584453331,1.94110847060076,-1.23581633622038,-1.13942576099992,0.242997702984759,0.081278609464449,-0.689459223760665,-0.153518787949301
-0.339421700635465,-1.51008247383739,0.296784885039786,0.974759002944984,-0.518510485446307,-1.99049740962805,-0.715326058256381,0.535617769121714,0.144746276037607,-0.990615839416058
-0.80617274314036,0.210859402831072,1.41416773772269,0.691692042361507,0.805084906470962,-0.975952898870224,-0.605958696835179,-0.0165684707655827,-0.244914917646504,0.410312037013701
-0.452107437015787,-2.5628763133634,-2.41947062280475,0.534302654311175,-0.38178898250158,-0.527952184307269,2.46458684066384,-0.977272170226249,-1.41163222471137,-1.32863656293418
0.544479356413216,-0.621297795275765,-0.785977011041361,-0.671047975208486,1.18812304949016,0.785369797107696,-1.73506928496363,-0.899740698686559,0.689478842736472,0.450019282724563
-0.261650426083321,0.344335029081867,-0.622256158122247,0.844558075520975,-0.0164694443323484,-0.451909070734562,-0.322700391436061,1.33778066612263,0.505637117678895,-0.954050424255819
-0.960126084719539,-0.790408752211402,-0.548826331563947,0.510876929351036,-0.249934674016206,-0.774625065683409,-0.139330853130423,1.02601236712789,1.86540580026621,0.0921101714468248
-0.230445791423749,0.630626841928496,-0.314261765758669,0.759942857871348,-0.126806313704939,0.704013848820522,-0.942597724643803,0.380417406719042,-0.901174514706186,1.47066091309172
-1.28697253334908,1.15710036816385,-0.0657965903074564,-0.415436732683732,-0.453405401337665,-0.938404941421274,0.424225395503272,-1.55450159527884,-1.81718912011587,0.239689075288813
-1.47759731040909,0.151034320371105,-1.14076189961173,-2.26280479731472,-1.26435405696194,2.80998835874733,0.0393788064233285,0.885248436546726,1.52831627528213,0.993871713269186
-0.552559161998692,0.290591128820804,-0.831076983922838,0.167879267345413,-0.742623767211668,-0.426037560389845,-1.54596085646455,1.19961520303837,2.41833659293687,1.43575257119369
-1.27284668124951,1.21281573460418,-0.725521017871334,1.12849999905916,-1.39528070995942,0.417177183579164,1.62497672547007,-0.707907441640668,0.166284816938526,2.92573497478079
-0.476455057548808,-3.43987588954281,-0.736994044787988,0.375041566643298,0.0268107229713255,1.18817863262919,-0.932313700551613,-1.54387509331976,-3.55835137284803,-1.68388275298266
-0.465746484932938,-0.866765840078807,0.044045461665484,0.771444344604527,2.22727393146048,-0.914852186192787,1.4879579794516,0.215167980783077,-1.26922684973507,-3.04540474606953
0.277850397591798,-0.502447937817815,1.29941040479388,-1.67894149782808,0.902576637637546,0.590895037852841,0.455072802121051,0.449330403532705,-0.787621926034699,-0.688168584917041
1.11482717458306,1.05607249433788,-0.317842324177706,0.925246851776383,0.943535283944636,-0.836585744823086,-0.399231488753951,0.552252500513847,1.87283145003182,0.996782664032278
-1.75279551420038,1.96473550379123,-0.369264897115042,0.821062769240258,-1.1992840842844,-1.15051559675683,0.860172296566655,-0.492564875010945,-1.85872104611365,1.03695436993738
-0.279661854478378,0.949515474351444,-0.13222319200468,0.192490700052171,-0.159680588888813,-0.12907705007062,-1.34892041156591,0.0520298899154612,0.0419474006934297,2.2967287761502
0.212178000000301,0.184592282083717,0.731217910727092,-0.251952194752583,0.369377898633139,-1.22949178461748,-0.238749760339993,0.924629366787193,-0.342184945045744,-1.19596187862686
0.244368581026885,-1.04775159700237,2.56119706237346,0.369018104855115,0.175318353470003,-0.638134565564092,-0.228658044406625,0.294407167135564,-0.526694400662876,-4.58932275115372
1.48186337485473,-0.583695697820704,1.34795818258923,-0.0689086289399401,0.0741797476474488,-0.800062929759808,-0.317844524465629,1.46330123824689,3.53093950525755,-1.42038277425411
0.832275426330017,-1.72309399241576,0.04208098083346,0.948317747793567,-0.0190952026291027,-0.884172091772175,0.428394197513275,0.907965277958522,0.314053470319548,-2.56930147294769
-0.174688557083369,-0.0503399904002346,-0.602705518598075,-0.574963127524835,1.07676056532892,4.07770189551428,-1.25476143291632,0.557958011474728,-0.0347793711673546,1.02425486175786
-1.35372119008638,-0.0338776396266668,-0.586395080747476,-2.08504957245638,-1.40635531559679,0.913140747492385,-0.790400871258449,0.567660115892085,1.15312625794306,0.275469478952461
-0.0170860905281421,-0.332842355826376,-0.208621466499335,-1.22435520961908,1.037810927535,0.844996049736717,0.528588441334706,2.54828223367008,1.56016830353926,1.70649277018758
0.728920930517391,-0.207245903141894,-0.785541619816428,0.108853117791062,-0.342317941221867,-0.850675262122288,0.61819805085926,-1.27177968162423,-2.60373015850649,1.91023060896061
-0.0592775016333125,0.106079619824118,-0.0560247466881812,-0.231543990324987,-0.489403596967294,2.15344055896779,1.14416354953108,0.659109023550089,0.900791076780297,-0.391943418710034
1.13570575908141,0.335140266897272,0.0413865911661166,-0.191544162830136,-1.25045396943311,-0.195008764364651,-1.09801260531016,0.985833993927189,0.366700919090554,0.131139676333644
-0.308935384291222,2.45391048698335,0.593430831575206,-0.99689929535327,-0.667904001608598,-0.527960128915398,-1.13803881385231,-0.144133795431424,-1.65575971570527,0.211407790210143
0.937776341872948,-1.1851172115447,0.983797404706162,0.218629482900399,-0.347604704062798,-0.6130193986669,1.3892484521351,0.497198231483119,-0.987601235689686,0.653251801144449
0.535035437614915,0.85911106897324,-0.614135428281404,-0.608494828520028,0.655484028291637,0.081049053756112,0.0593914052653895,0.937764956813514,0.278140868336748,-1.69652035571752
-0.587020878996534,0.711410188389473,-0.774236298700429,0.0529760670547145,-0.225394405617938,1.02189119950624,-1.86641370055015,-0.0157341150762264,-0.0322177764691957,1.55989083117597
-0.729839717675688,0.0725477537430398,-0.0276399751408062,-1.11708486407941,1.09044928149855,2.6791677060417,0.00325093335904965,-0.274451849226303,-0.75290885675377,0.541122864097438
0.147636096445216,1.56295901501007,-0.931794065463205,0.612063179659881,-2.53150789620729,1.76232484605195,1.73602640031915,-1.65623065192455,-1.85865403523772,0.717822369391574
0.21311479388136,0.0856453573857928,0.637890172882346,0.479900866672009,-0.420978224055658,-4.24048434252984,-0.56079145135938,-1.80628224257871,-3.60244888159618,-0.411878073293061
0.146510292549499,-1.27534888814847,-0.155510142676178,-0.466883268074732,-0.909744870472059,-2.85147739443324,3.45945237457226,-0.862435647757073,0.348727865524268,-0.233000518730017
0.53388525196115,-0.631704511538236,0.202181178996577,0.171998035794508,0.851570698952434,-2.33452317417588,0.834846170299377,-0.482229233556408,-0.429319730528039,0.382578578247762
-1.23255715056052,-0.259216970729293,-1.65981464819291,0.214630519083323,-1.26435940823393,0.463776450265609,-2.60202741598408,-1.71283799459298,-0.731687484745344,1.64836838335775
0.377397279091036,0.43347183114501,0.948267468774216,1.3039722668385,0.356858040680677,-0.94010287635031,0.943136089377937,-0.731629531803401,0.110157216731208,-0.51343801688651
1.39693166798716,0.414486140334546,1.64637209925746,0.732494290093784,0.923647221672384,-0.351200009422075,1.90686523038256,0.374700054234586,-1.01295522388044,-1.75217933435718
1.27764054653127,-0.536757804047705,0.958818475217264,-0.657837095831019,0.363103384809344,0.535303555016682,0.784809732245507,-1.07811820549421,-0.383015811294267,-2.92882407898043
0.723918061829652,-0.552523061567879,0.569915001891359,0.529531459343091,0.518988073011364,-3.31219936903008,0.915411362292213,-0.703305110364373,0.80504124910193,0.523571618569985
-0.232329529708236,0.460551374094778,0.235743202418152,-0.113257450378609,1.01475787331175,0.0600901175852663,0.419780905478698,-2.785282862149,-1.06893390824742,1.17706822093163
-0.735817582423708,-0.630883508908013,-0.241444762582904,-1.16841558320417,1.59280944504035,2.67260836459291,0.662012006242026,-1.44742113537767,0.932431161294262,-1.3502125723628
1.00951261472354,-1.02808565739316,1.74556868319203,0.364427829124393,0.70635612177088,-2.74268078548169,-0.233644437827916,1.63274256850244,0.475570981588496,-3.31956563935322
0.870499832252379,0.42866177662262,-1.00288389111288,1.38570997590145,1.60693112292811,0.222739170758627,0.0621461050529439,-0.451462417663491,-0.811131271342452,-0.193842671725165
-1.11634690545764,0.95105167661821,-0.529601874087681,0.16388047650725,0.543275380837951,0.0738000073668494,-1.39113165146574,0.373421778923539,-1.52767337064748,2.14221665465667
1.00547142013889,1.63447959995937,0.388932672552658,-1.49843852714583,0.223194663699052,0.795117809188474,-0.855021264406231,0.14861372602995,1.21109168854812,1.81169891946809
1.39406703270264,-0.283093892067069,0.345813621138092,-1.0883889522316,-0.757172890581034,1.94825265261975,0.114358309794483,-1.01602642217452,0.309809948536236,-0.745346628231805
0.692183963583106,-0.856994967854522,1.68882480534778,-0.0952228964439688,-0.691588440597758,-3.07599559357979,-0.537064024879693,-1.70420799348469,-1.08465691562254,-3.66201968273242
1.27885834186727,-2.27529196990056,-0.956605438563794,0.0853376773646628,0.0741741398874435,1.08566394125524,0.581769006945962,0.310286766088427,0.232326115492584,-0.370741900454784
-0.3440208153085,1.61001009865171,0.903352040279388,0.0780442222565779,0.564737119866089,-0.609735725740781,-0.593154590048521,-0.430534423661625,1.87373496199556,-0.50002915326338
0.820497411531011,1.90115968762863,1.43276735295988,-0.386770577741486,-0.581123599071704,-1.12905220337102,0.46051346701133,-0.167983901076784,1.81095069740576,0.787164617820345
-0.246917874975134,-0.548058305668715,0.874856024750382,-0.815917883907651,0.522439151493306,0.591720984552436,-1.19046358499156,-0.134339394210005,0.406786205881116,-1.29138211930452
-0.141163720958187,2.35476596688372,0.593172840966558,-0.341691043884814,0.204091242021636,-2.45689843436438,-1.16335536983908,1.24538645614518,1.36377418029619,0.296689908875663
-0.0458825119432156,0.683928724509724,-0.00719810452362185,0.756449997003922,-1.42532920722455,0.398251241289239,0.622632106628139,-0.352838026340418,-0.347924940544339,0.343103565280297
-1.27272558467865,-0.00265550254492158,-1.9443940137577,-1.65465878138078,-0.81713986049737,2.67644998512152,0.987126295909914,-0.624800653672969,0.100147676903789,3.44347965492473
-0.514435972684621,-0.532860652015508,-1.16411843547526,-1.38447215838474,-0.508050116735375,3.02756820939163,-0.274714805209923,-0.636734105193126,-0.609413200119456,1.07819171624384
0.0104851590599296,1.43536440683407,0.471310379776076,0.770583616729202,-0.371702404802097,-2.44450753132568,-0.246818898048395,-1.78718361774541,0.102068227892687,-0.0355944948212976
0.799252016483513,-0.388411784263366,0.306497584763232,-0.522747256194136,-0.986672543338029,0.664601819657241,1.72398613680512,-2.07326643301955,-0.711225332249682,-1.60764448234175
-1.56106746437892,-1.60865952805649,-1.24995515686376,0.856163346674088,-0.165701195554202,0.736311759042707,1.16160966767024,-0.0170485624805368,-0.830481138416039,0.683520294558898
-1.97788591693634,1.33145162752367,-1.01961104589012,-1.21882721786638,0.348560279900171,1.55917096691109,0.960510584094254,1.58261830709974,1.50399088460183,4.05853456165444
-0.345326794255349,0.807640216901074,0.0249058876830133,0.295387351259495,-1.42470053998279,-0.0902766161308449,2.81777573291448,0.0205655538313478,-0.261464563298277,0.883416562515159
0.481651331769908,-0.0618525109379071,0.261937979470794,-0.585971329228685,-0.211560972461427,0.461425943455008,2.33814678745422,1.98256585021611,-0.134708486328113,0.0312379652519336
0.457755461969655,-1.4102369103215,0.684269288872362,-1.06794894034789,-1.20540798440346,0.605405104283482,-0.338040182818329,0.382089302207598,-1.03591666145189,-3.50167980165451
-0.0767428269232965,-1.05011354139171,-1.20609196211018,-0.247755738678354,0.14376766996281,1.75229279464036,0.501179142194629,0.757165181831862,-0.323067489768301,1.69340784150806
-0.618325844194132,1.14181523778037,0.455550110748863,1.90028336198533,-1.08454191011026,-2.78811548522618,0.145110322384141,-1.08095766168752,-1.74337173126804,2.74416419411675
1.01940061326287,0.702375500951305,0.977529121393111,-0.0879760245475851,0.44339118547726,-1.49356238970234,2.25339174750492,1.93062237772462,1.00504881184377,-1.78165521012797
-0.257274548421979,0.969047852239362,0.563300979441829,1.30962791714856,0.812278286790293,-2.0356027208511,-1.57108771672988,-1.99462967531994,-1.15973215320984,2.3042790411783
-0.293487992925857,0.949704473161325,0.434499356472125,1.34251460449616,1.47634117674298,-2.27458458960146,-0.741126031534627,-0.606339714435877,-1.73650349621576,1.37847559123717
-1.02974177636861,0.780450089631527,-0.779316801879728,0.708361972993765,-0.753886045943607,-1.59072307053508,-0.798106817232524,1.73989016997509,1.91022708054416,1.36340464196612
-0.770010101421612,2.30053378391495,0.247138463414746,-1.7448630954034,-0.762644900738672,1.0555459044314,-1.9723897582748,-2.58985064035725,-0.811658321281997,2.45980074280786
0.945308033627567,-0.0544036375512946,0.731063930720002,-1.31596216599686,-0.394844877129404,0.597396338892646,0.926595282008291,-0.907337644704594,-0.196151139375519,0.625159297565733
0.849581976950003,0.355584739767151,-0.149534811109662,0.217282166531737,0.907092194334058,0.624980914159756,1.53090727245142,-1.1657745054298,-1.14456877261001,1.55648579586134
0.00289489762715134,0.500729337603469,0.531822768985351,1.18783442759382,-1.17211317798833,-0.847591004068132,1.3274206243456,-0.521656658296785,0.953447872401498,-1.46472081254221
0.058701398747484,1.37245405492602,0.760766639131324,-1.01807510409465,-0.961978081438701,1.02532728742994,0.110133685456675,-1.81692573675576,-0.467681701047298,0.292364015330275
-0.272271463696286,0.493054192792379,0.0741743230346302,0.264028580393676,0.0720987926324831,-0.864712162311092,1.5296357367554,-1.77789007390409,-1.4651436446694,1.87054663934569
-0.537342443512406,3.25736289626584,-0.387823210379369,0.656837582898444,-0.0965442959753411,-1.21435311645328,-0.224961636226101,-0.627199652510702,1.46861025872287,3.38419470114115
-1.02804320876397,1.80121001961924,-1.61109138445598,1.48495831576914,-0.361990114412132,0.176311740656162,0.1431500290983,-0.518423103094187,-0.0796280893296744,2.10053325319525
1.24367892125624,-0.198165227504969,0.353770331341802,-0.76460551551374,0.479599754324264,-0.881859130069707,0.975038387853532,0.0591249866262772,0.639737650323406,-1.95755125909969
-0.35088432600036,-2.01425109737514,-0.318676943486148,-0.182305857974659,1.49892729885103,0.121658184494466,0.129324147092316,0.652759953235591,-0.385264973312623,-0.820509213487417
-1.25486867761388,0.31849907555132,-0.574678898851489,-1.47936053470818,1.29898615077056,0.181959346867646,-1.03116844185289,-0.0340241888893422,0.0193234900598876,2.70422478214878
-0.868777929108764,0.680972148119957,0.047580273333932,0.597110447029939,-1.21360967828044,0.378771096747732,0.279006379709868,0.809894566806509,0.295612869332984,4.13270748359072
-0.0756581097255688,0.53182017577095,-0.141110070250807,-0.576444430973928,0.226914394215593,0.363369650944659,-1.25684196649231,-1.15231388418779,-1.72430232586603,1.21460608061862
-1.0476357239506,-1.20888769085543,1.33175934164878,-0.6687373404171,0.173443542034964,-0.820952446636834,-1.52973261448126,2.24960995202546,1.59946290671512,-0.794139380538823
-0.87247778832505,1.13197065241241,-0.646572777814552,0.781495274248661,-0.736695827058805,0.162129538924717,0.146905865462787,-0.00627517852594939,1.31812461722158,1.57891171136861
0.075247273832722,-1.07163443586151,0.529113476860293,-1.88679360848996,-0.612400114067393,1.08850693119067,-0.149536703848082,0.0709071740699339,0.993230812009237,-0.368632889157676
1.17292176213066,1.03412982138669,0.722542316575651,-0.658358075929202,1.02173799602027,0.864828548466589,-0.874467648193719,-2.00134977048617,-1.9609346578502,0.778030303724345
0.516975521993975,-0.538282552636964,-1.22577177258606,-1.36398455744085,0.0589516034623112,0.645071252408031,1.12682801895094,-1.45484599729258,0.844350074422796,-2.66933833239303
-0.300673689957529,-0.291208514167052,-0.601639769921596,-0.230565275200325,1.10013114004575,1.81375181265245,-0.622098466558593,0.912020894310545,-1.06759858166327,0.409916867055848
1.03008140180102,-2.77186034796019,1.4704261532941,-1.60389344819155,-0.138674590990933,0.49587396567761,1.26189743448837,-0.488419596330247,-1.41253721653803,-3.36733383449317
0.924414067762567,-0.638181787557876,1.42887416904477,0.109194265138804,-0.360466140964809,-0.686767291492078,2.50855186635598,1.12781798732815,0.849483277284235,-1.7947959577546
-0.590699181337283,0.774751483449022,0.0910570118842747,0.746949083556709,0.705026810925456,-1.27906682439679,0.878325239259388,-0.350469846255367,0.443176966101013,2.56236700864066
-1.00165682076101,0.617796995183355,0.15567756847716,-2.3516274065269,-0.783666119059079,2.02334146092767,0.42831059004075,0.516114171563168,1.38957256537839,1.49674988447977
-1.97602290131799,-0.344530690455881,-1.90366445959116,-1.59559490134415,1.73574557981172,2.62963312809497,0.673254249024042,0.427542209797983,0.132183513825689,3.20524573686452
0.928100481372752,0.173036047157386,0.110864697890816,-0.78237284553413,0.0503014840902136,0.841342774920222,1.32933666212828,-0.209469421781401,-0.480078185481196,-0.732384136395272
-0.440893513836847,0.174327791622383,-0.263097979633156,0.281234215612472,0.931542005302975,-0.314774666354266,0.0261082393731372,1.83582037735097,-0.324464023707175,-0.682716079120406
-1.38692959009095,0.846634038073388,-2.04118094839081,0.681346247080141,0.630235140703518,1.30155217600244,0.706905403685052,-0.110255593306019,-1.01546449778302,3.46047307290916
-2.55851325918001,-0.156292486182414,-2.35256055491591,0.807692352977467,-0.0431726861143623,0.423410869148775,-1.03510582945343,-0.506309512663287,1.79921072846786,2.39766113911481
1.98814224675615,1.0286237918193,1.22960565592949,0.646801596444472,-0.365439116067251,-2.3190758644735,1.64803873507954,1.09653326280859,0.713334659679472,-0.496621076243259
-1.42597309003355,0.273811418349471,-3.43952700947379,0.55439059356359,0.742237656678181,3.11936297311878,0.411282515737497,-0.596280250232533,-2.4317108019088,3.21092514909757
0.23831800555284,3.14562828567662,1.09017094112743,-1.24048570966532,-0.0151655248216412,-0.246749579419746,-0.379635438358683,0.912595705484994,0.925721720418095,2.38490205843521
-1.10588629046555,-0.303505578000838,-1.62338203149223,-0.898119953755258,-0.189210370062756,0.208649309307637,1.51941118346436,0.0916929341173033,-0.350597184871881,1.69399076376726
-1.07552212770267,1.63899325107274,-0.666209901761228,0.66936821058523,-0.922387840000281,0.359502006598517,-0.655276157203881,0.940184866522738,1.59630725487977,1.70428590464233
-1.32683935136045,-3.36883678396847,-1.37632657929776,0.193109064125738,1.22260374451242,2.76891110326663,0.84233399894215,0.26188435618848,0.119852072087689,-0.272746886866579
0.059833559007004,-1.27040283810698,0.022200023847126,-0.362725517230454,-0.568799371382094,1.40609344501324,-0.364608470615655,1.83257540748959,1.1699786532454,-1.52554398760487
0.0594482466016205,-0.133255462697655,-0.620037607294508,0.506986002669705,1.13894073051838,-0.21710035102192,-0.937444405236191,-0.259781716428297,0.663289239629692,-1.30455572337422
-0.751304152095361,0.348574625261394,0.529292667964762,-0.848943829269518,1.09917298410727,-1.40827450390279,-0.331472393430294,1.36550229434745,1.26333325177377,1.9387398830137
-0.895455909947802,-0.421383857140544,-0.0900814417933294,1.16105117214163,-2.1302843613928,-1.12128424852551,0.49658118991122,-0.75788763513373,-0.887638995988904,0.181180630343299
-0.189610825398097,0.538806630494952,0.927662935800647,0.00868742240517917,-1.39054630514745,-1.05121906103532,2.08840358849372,-0.452521976258098,-0.714571273310876,-0.165419008960477
0.685248931625216,1.11814971957774,-0.00478825296752527,-1.28881551619234,0.0235919943846571,0.738792900674137,-1.16336456408554,0.280169619324008,-0.198207183790858,-0.840560694741448
-0.0973523419971793,-2.40856796433147,1.19308991525602,-2.02498001216157,1.03589396396726,2.63848207468314,-0.644359199901608,-0.0314037915708578,-0.977757757400842,-1.39188125397181
-0.887844574193826,0.530024704109165,0.493165735627886,0.520400638630493,-1.48244477613996,0.317176511917232,-2.21429665124351,0.813195186858541,1.97218913109558,1.18746377243444
-0.740598690110523,1.36823603166857,-0.481550243156926,-0.380673246566057,-0.0260729974451599,0.238871047832534,0.145459740524387,-1.24852563826237,-1.18626829348309,0.858520699502223
0.820043173527705,-0.151001949139898,1.48563576832976,2.16859142102485,0.25277174131191,-3.72121360672151,0.878166731984659,-0.472748783405568,0.281413080429005,-1.45332399897552
0.397908830277675,-0.0150225702280781,0.383225709137245,-0.371693619032185,0.0943471478422097,0.229197827669123,-0.796685827018624,1.13296390329169,-2.24533009080494,-2.10719575458942
-0.515142353227339,0.686539205372889,0.191822201227809,1.91237845937679,0.90676882700789,-2.45605238348874,-0.418829589686034,0.639343431303923,0.0322091502793647,1.89550709899241
0.526493958465809,-0.509658115172503,-0.434561967931343,-0.164123192774733,-0.186500372175994,1.07205869913485,0.487596581030777,-1.03238605185078,-0.77819305976884,-2.00846962656646
-0.130732728924554,-0.921719721928873,0.224926133460105,-0.518885255408075,1.23663435543059,-0.140539049408273,-0.0460530207539333,-0.399094348347849,0.481711611558101,0.138068219952385
0.886444297030095,2.07928458203343,0.0876487224054122,-0.911981147430452,-1.0275111814199,-0.634005270751433,-0.47133243975164,-0.238724003744757,0.484074143635124,0.593437572144818
0.429760864708013,1.15153477711049,-0.370290681692784,-0.378310824245871,0.00544848132468301,0.782638352379553,-0.63268111688246,1.58739391761975,2.37838563973967,-0.226949983938879
-0.360110640110103,-0.462629228708156,0.106725122304468,-0.0693172763565438,-0.804643440365119,0.992544665541668,-1.00365084919936,0.603176264675486,-2.22973286556452,0.916214257427832
-0.736809161081017,0.843333467794233,-1.05042155806041,0.574803483248803,-0.220428459590031,0.63054816869399,-0.486112987476399,0.0164240453059539,0.134969098878015,2.42574164575917
0.22547160449816,0.584772174468037,-0.470928405582526,0.760346082883967,0.551366138038301,-0.787149771557284,-0.748659369569312,1.75956799076812,1.09214400581338,1.44387408666992
0.540512563672274,0.573800930569361,1.12637296878651,-0.0606212407720859,-0.670125865894728,-0.29947060519156,1.47798098390642,-0.379569008059565,-0.305541347123039,-0.48077149431599
-0.573323071668755,0.0129100762794553,-0.882258091566851,1.28777920298509,1.8728925772669,0.765633006344297,-2.47231926399765,0.769570134619691,0.681437608794133,0.851739165051403
0.478318795160964,0.147516057287207,0.341301257203921,-0.794893399057402,1.65529883998031,0.152393956459904,-1.28512986583758,0.57138739934397,0.0237628123355045,-2.26591900965688
-1.23825384235847,-1.51732812026983,-1.55518520029311,0.225609286086867,1.61258383989585,1.54220196947492,-0.489070580270974,1.73369307676232,2.7092855294764,2.83119057958767
1.36511518221316,1.07561261526463,1.24657479359096,-0.915904543259024,2.52222615385713,0.501779966809135,0.0178799257132036,0.911208213282398,-1.09741682136524,-1.59236040875053
0.0531366465160342,-0.713625716125554,-0.420732146347687,-0.88938206741504,-2.88301363477456,1.45795633810894,0.440514105787704,-0.270264611581327,-0.7702019354473,-0.298618261856998
-1.33761081558632,2.32297841618964,-0.377683096360441,0.116409783603271,-0.127790215598176,2.32031846392738,1.73027979937541,1.57605361828907,2.08475955019971,3.47477925667181
0.391046308100719,0.711922907510162,0.338550421827004,1.02202487500735,-0.253853996210174,-1.82786965992677,0.793802457983175,-1.36874894518632,-0.408997380281777,-1.28300036319419
0.629244543576499,-0.420324703141469,1.32072562307939,-0.0112409866782018,0.772109260774811,-0.327240104284556,-0.355976930690742,0.267083092820646,-0.592982326791877,-1.43919962435214
-0.215457780321612,1.94506898061461,-0.797000291435983,1.54713685692547,-0.13227334084173,0.906090414499537,0.570184407346525,-1.81295265012725,0.138579816059456,2.60202517063586
0.467783878871866,-0.272499718858844,0.285871811208072,-1.0305183378349,1.42536337495639,-2.79932472173084,0.384602109299291,-0.956886873580314,-1.80363261870922,-2.48178874422507
-0.594280012840393,-0.700911420353255,-0.216885166566392,-0.480791490543872,0.703246884718308,2.0474006949355,-2.90572738608217,0.334183933441653,0.18748271285449,1.49289799582777
0.129755196724801,0.619530069688523,-1.12177989880018,-0.723132688230474,1.11928831160782,3.72576312724061,-1.28087046770942,0.561757540979272,0.833492578325834,2.73581193404939
0.0536821921335525,1.40701642960704,-0.590788107837449,-0.334619967933613,-1.0300897679198,-0.155769129919517,0.625846104128254,-0.457634342078958,0.4529642576002,0.790054462038724
0.401326987863936,0.849590214958703,-0.0792387060531377,-1.02115709697985,1.10593235183968,1.93226661089961,-0.751191138209024,-0.404455350020564,-1.4537199953575,1.84708652986334
-1.19427054024884,0.467051691679639,-0.344971956177047,0.635475617412443,0.478077984388939,1.01014365331562,-0.739324767671308,-1.47367603482137,1.48109848393748,1.77153384132851
-0.0685934940497962,-1.0573260627995,-0.780797625881379,0.167040241100045,1.60506294106405,1.18936413478633,1.34316812971361,-0.888435610466992,0.816773786091225,0.843315972260472
-1.48568429914379,1.25910126041006,-1.89367438761199,-1.13984212535152,-0.578053403840989,1.8841439457326,2.60023692161715,2.22071159158243,0.158913259784555,2.56720685922821
0.311208870890615,0.231147694305261,-0.782669041528799,-0.695636511623041,-0.409379167989727,2.08957479417793,-0.615362563355597,1.41936202028158,1.48913050713171,1.13283032079955
-0.152444106222574,-1.07857068812765,-1.21548643132851,0.160698787371595,-1.58395984612385,1.52557194346251,0.722893241362586,0.425971047170332,1.00549949417474,0.497095436930249
1.90120292810123,0.405665477864972,0.626893186447887,1.39524455398873,0.476461652247719,-1.62865966549332,-1.05113219972105,0.00526533323704854,0.223378831017894,-1.73641134470794
1.66514436482886,-1.50354086493337,1.4569539616149,-2.83537084636439,0.347299552980768,-0.0236370988696181,-1.26366587546713,0.196201651930444,0.117156122673037,-2.85043063821151
0.981100577522301,0.203256819498097,1.11360015126498,1.48704164747314,0.721999566140622,-2.26039248589235,0.171580954101308,0.976833020507467,0.190736044651195,0.187999091716327
1.60730086861342,1.54163940965366,2.1536830841124,-0.225859036705971,0.688949598249552,-1.92981694350962,1.98550385699043,-0.0378361158657352,0.206409711721837,-2.37767870431783
-0.4534266824314,-0.982201332000891,0.281492179187539,-0.584780355383066,-1.27650882372654,0.633183879829543,-0.652421378318523,-0.713750525662134,-2.1411948366016,2.1942872981782
1.22435252899958,0.286278779070511,1.68890815419231,-0.926108994523319,0.343534071396338,-0.9676303732033,-1.26213146062313,1.13483249301935,-0.921128682814582,-0.374457724368465
-1.17771126857017,0.0904616941344216,-2.03645030721892,-1.96464163832964,0.478913793209384,4.98702465596657,0.098645363340504,-1.30956885137708,0.406333752173752,0.430313337666367
-0.203946771029618,0.00734271826500352,0.313897721935109,-0.323079624352631,0.0642339686607063,-2.06320044655903,-0.936750135473435,-0.338174577675287,-0.12498309615576,0.491700261749126
-0.619186408674673,-0.415607009776634,-0.865615598086856,0.275299761192813,1.28274045070252,-0.409471643613292,-1.23188615293614,-0.0557364813341072,-1.06480365261869,-0.252513166272575
0.381999976617319,0.780216912639315,-0.103634689084446,0.397929736241501,0.812165198089816,-1.64422319933664,0.0479144326504331,0.368825775832529,1.33407318345475,2.72012949123604
0.406607910648352,1.33239795694159,0.390269747253323,0.221886582815333,0.455506065238063,-0.798177333914927,-1.61196832704416,-1.3512578718868,-0.803936139645026,-0.34120062847417
0.440765751681351,-0.0221118795623122,0.481011180451614,-0.957856412095557,-1.01847521144038,0.0562498731533082,-1.00003474137118,-1.07689208464324,0.589556298007631,-1.16636144003431
0.0382317533398698,-1.64748272594759,-1.50323540970882,0.365468881317905,-0.548968925525145,2.3340020410113,0.69489623455824,-0.304304097502217,-1.6749633262297,-1.67426857336072
-0.653577079019038,0.598412576456038,-1.14659351052749,-1.23946021840287,0.0936953380387247,3.65342603431623,-1.24170257602382,0.282088170745701,-1.32132038978301,2.5700989988493
-0.797749828331308,-0.522480893768113,-0.359117780377032,0.21338566414067,-2.20952759890797,0.169675488333006,0.411925113157061,-0.693579079686266,1.3409389348568,0.499486496645781
0.463678729546995,2.49937742904477,0.430706582230929,1.72784325575184,-0.317787844231052,-1.26863269764064,-1.42007123774141,0.2449856662148,1.33822653706294,-0.466450705256242
-0.605741529069441,-0.769825349313112,-0.151661067563398,1.37071044096983,-0.525266828220915,-1.60970656730423,-0.659804850461123,-0.211975326126198,0.510014685486818,-3.2006026686125
0.263661769764062,-1.23890547012467,-0.620264625877766,0.966268177022491,-0.174493733882389,0.710190241557027,1.71563801503816,-1.55677630741538,-1.03202586157946,0.934957803538468
-0.534640734376679,-0.0405803997563254,-1.22913389699923,1.65280055456377,-0.341094973812893,-2.92740984054333,-0.732446416230781,-1.39672055108687,-0.011434320296893,0.313400056267421
0.250727278872749,0.340385628448752,0.234657666799503,-0.235135237830309,-0.563032759547371,0.517332034730563,-0.131182335192682,-0.547955018395767,-0.20139032974323,-1.46885376174767
-0.491754521161701,0.641233024986579,-1.07064089048597,0.572457571510567,-0.487337291768268,0.651476048281379,-0.270709728445201,0.292674325717005,-1.44190967144224,0.921863833838422
-0.14757146893584,-0.241699035967657,1.45336124555694,-0.798194648867141,0.880516722012698,0.415705689004164,0.332573871825917,-0.739560858258132,0.812846364039093,-1.46946949222089
1.50399156639167,-0.637788560843562,1.43028362685327,-0.507447149927957,-0.598347815301589,-2.3798994404612,0.889068569818545,0.0629492267719977,1.15142707597661,-1.08510308962293
0.146716829475652,-1.55552464836325,-0.826866494976324,1.62005531875619,-0.365119385889852,-1.63825243660142,-0.354299009664434,-0.61145523413712,-0.800764957925749,-1.65331748403452
0.548764067688457,-0.256103215565064,-0.157042698671563,0.504583631011852,-0.239627372360293,-0.869540113384344,0.0210321779554294,0.215060073571247,-2.32176041973424,-1.13261393721608
0.927554370341989,-1.58627685399639,-0.561347327820799,2.43781909066536,-2.12772076220157,0.360152003522195,-0.283497989253602,1.18694788166858,1.07301729988299,-1.36363145422382
-1.90051129393508,0.994895498505294,-1.14624641594183,0.114493608374536,-0.552860831880329,1.79477859810779,-0.0237714988489931,0.315601148184968,-0.466151265771043,2.85611999723676
0.621442275586555,0.0524346595026635,-0.115995666989264,1.23245545908051,-0.0687686908266778,0.0306657254737148,0.460015093178017,-1.01321275084526,0.339951408134191,-0.0685652662748843
0.948837074571481,0.514601327123123,0.838296645768108,-0.18332078700936,-0.274340124291243,-0.784597940439981,-0.0968648684318712,1.01714688314395,0.974009131570426,-0.652855857556227
0.887088095388157,-0.96668669760277,-0.452337152304812,-0.0018561808341182,0.956127161310166,-0.157403453426794,-0.465304440610817,-1.81889664015671,0.111088236114501,-0.872103328941702
-0.727264815143884,0.382651949097293,0.859140462627395,-0.0928942209596547,-0.231041344896949,0.385128398885057,-1.28361602081953,-0.380562934530128,-0.096387168135793,0.867325183050214
-0.394546261396739,-0.414487485611151,0.946056301730779,-0.210603168473022,0.274706008510855,-1.77576868024922,-0.6886466542003,-0.20236800477327,-2.22750976034753,-1.6184788148634
-0.879878334694573,-1.43861272038797,-0.815737227757059,-1.69285896723806,-1.48297395043557,0.307656625162836,-2.83118316181443,-0.19957290880822,-1.02533822857278,-0.906189149460301
-0.444249732976796,0.734907792850052,-1.04069831307181,2.69363947271577,0.51061980009268,-2.22909054101524,0.598740431771574,0.416790253771396,-0.87892989300196,1.69814599275613
-0.19917325949284,0.897593626085938,0.214888009074659,0.736069240320269,-0.737288704178909,-0.359782085892094,-0.474438949762511,0.489161159270927,-0.132053001527984,3.26030810163421
-2.05268698825609,-0.287751113068665,-1.04523486018862,-1.12772991370219,0.799364861702262,2.57178004186677,-0.27178051079629,0.619855221266907,1.28587111848206,2.98689741328269
0.455613055905217,1.2165215792436,0.889144126831051,0.588335123263418,-1.46765700711799,0.549857204090059,1.22054198771692,-2.00739949459229,-2.64209573803196,-1.86098819583898
-1.75356640656783,-0.950222553811804,-1.35462585848215,-0.415475824531929,-0.385497564865934,0.918730343852374,-1.19458842231989,0.899764133082506,1.37729696065787,1.82847424565339
0.319344659508298,-0.234058453650866,1.58436372109672,-2.31464954691553,-1.09074291262134,1.30781305146484,0.702671537905397,0.404513210513339,-0.816716974992574,-0.788218842672044
-1.53467078532278,2.61420835391238,-1.63209198834439,0.718157778130805,0.406468046354966,-1.47322031273925,1.74492675815308,-0.175132064929835,1.40027649541066,3.07375097487121
-0.945067225678025,-0.149172023087941,-2.40142574638159,0.207349591805795,-0.406598699615516,2.72316963705994,-0.0529822073200839,0.377473673139166,-1.24220909722476,2.910321242197
-0.727718653579109,-1.42368672445854,-0.843377397452259,1.55507014595611,-0.879554860045926,1.17678407597388,1.04880344828919,-0.125397847814952,-1.47931944357916,0.143522504516245
0.206794324133999,0.300713522340126,2.07733930339722,-0.874625134946956,1.04283728398376,-0.676913699868168,-1.24165435324316,-0.424554907006909,0.2694789369903,-0.728766442365605
1.40352695822545,0.659720127409591,1.94297331610043,0.0935999730030015,1.26952364722103,-2.81601955337496,0.151170976718207,0.479130628473926,-2.14270687039506,-2.23528604548888
1.31725351037399,-2.26104580286331,0.499690136741837,1.84664668238001,0.204780497209331,-1.74873709892829,0.175810418650085,-1.6130155938181,-1.06205701417589,-2.98775021322516
0.653412771127105,-0.471728403006248,0.546732338537803,-0.61858250053011,-0.028997555344925,0.321608564445107,-1.1088993138548,-0.693813607769562,0.642624719417259,-2.74119644993255
-1.54840478905006,1.22714426234272,-1.05177832368304,1.46109460276708,-0.22571673363144,-0.530572229501994,-1.74094096688766,-0.723682663015964,-0.973078944053733,3.10524193751814
0.86346086403142,-1.20659850953875,0.349718973205263,-0.75571808683789,-0.148200637541242,-0.411693876869914,-0.431283877409177,3.34640552643757,3.65288148481377,-0.97572279075236
1.34406233146993,-1.80483219197679,-1.05310038217045,-0.408065548618441,0.237202022143609,-0.0227759624788109,-0.204957265715974,1.57414131434971,0.707040465338921,-0.164124542738322
0.442342392915099,-0.597330919071624,0.404608305048723,-1.24710680132265,-0.206689579480029,-0.272552236145342,-0.878564688685044,0.91414051877124,0.370464479506275,0.468133077062769
0.059310076179144,-2.18712050981215,-0.392589895862294,0.0367608912306503,-0.461545718189472,0.679008717838221,0.312220019839941,-0.607730136983976,1.67634241739541,-1.76329225234203
0.860883526315327,0.0577185854779109,-1.37322596729106,-0.329387414648856,-1.05712281887141,2.30602655905937,-3.19563906351995,1.6750295945159,1.92484541934913,2.14142118126393
-1.45138568270393,-0.367646598456741,-1.91166139346148,-1.91069835432565,-0.662385548029851,3.94121110882477,-1.12673450781846,0.806378669323819,0.432249510973649,1.47700611321307
2.17080393535864,-1.57628581323613,2.23055014198254,0.712651146712271,-1.22823971398207,-2.20706782906915,1.13402614026534,-1.00042497744116,-1.83394655838485,-5.00194591280584
1.61509252824316,0.547845765202186,0.420145917604997,2.04484170728354,0.323940818451063,-3.07341672209608,-0.836650142157361,-1.26018768209849,-0.482427882976066,-1.78700411627948
0.290059631762477,-2.14968624991049,0.206738597901069,-0.279326201359014,0.0875220396167498,0.208429301922863,1.0650435948196,-0.402467930574258,-1.60055396171607,-0.681527639693837
-1.65393052779511,-0.0122691680444178,0.268276437262448,0.0336917481292385,0.648436524016579,-0.322464910237832,-0.638281308243975,-0.537253495650291,-0.934937765339044,1.00009568822214
1.01337089353399,-1.45726433496236,0.671119140482525,-0.174602077795388,-1.80489931499997,-0.430868496400867,0.812976561364806,0.161065927973479,0.97142419378217,-2.48427362153917
0.33156566168304,1.93177552436594,0.71583919616141,-0.228129899462687,0.69573255301433,-0.330797300799393,-0.40974223816331,0.774688417898404,-0.23397501541615,1.86630794626265
-0.887984980389999,0.331753959305635,-2.75310702231493,1.75250564527177,0.494716521925969,0.37341385420192,-0.182543433255703,-0.327165018504981,-2.17630584083971,1.95723373771574
1.20262480154202,-0.720946382537617,-0.0696783570391284,-0.534135476270771,0.218418172052152,-0.410227402221589,-0.720834435003869,-1.37818739019018,-0.598988711857337,-1.05401480351332
0.784415423266122,0.811364779572802,-0.517737840125315,-0.187695711618194,1.68949478293998,1.39825334117532,0.278955595255635,0.680887608811167,1.040292436968,0.958439876364523
-0.243796528233316,0.942566155498194,0.172222729224546,-0.870671975627858,-0.969427326623065,-1.93552207268099,0.794017262409786,-2.01619250120971,0.0515300512639522,3.26442222703683
0.352580810965324,-0.913095716401763,0.0766216135591883,-1.65919199838065,-0.0894367924444503,0.630696975304008,-1.59495298940301,-1.19862815364085,-0.404354144596702,-1.24316660185532
1.17324987196136,0.775089214518422,0.619579677482401,0.551331167319366,-0.178669638142739,-1.98740305839429,-0.680011685605314,-0.2473759820895,-0.802106545008646,0.250138670680466
-0.253742458421975,1.51033015835215,-0.480383844914928,0.318637770927328,0.075328693600526,0.887548749886806,-1.41388516275465,-0.030921429005054,0.315578608182346,2.49564167763666
-0.814649695618549,-0.229208371825563,-2.56138509804686,0.864474750002818,-0.48425246845179,3.5793769928771,-0.18396695378485,1.12579633945845,-0.331818538920793,0.135943049172851
-0.741770486422833,0.539609256385741,-2.00322497084849,-0.850278389176886,2.07182433055114,2.99177623823357,0.893979261136699,-0.744519551691048,-0.13191248543116,-0.086720276612156
-0.225250855789898,1.60909224230062,0.383600865465883,0.890218310241454,-1.86298278388186,-1.88931152678724,-1.04373444739109,1.24814206976788,1.62977277389003,1.21782787155827
-0.106290846010003,0.91498724768871,-0.55198886363504,-0.833446965766806,-0.921161263385732,0.303476063826868,0.760210025815864,1.73718491998758,1.91249800516525,1.97264787925487
-0.478307771284134,0.557876934860064,0.458859068509244,0.022351555336604,0.1377625714329,-2.01573156513188,0.0821256893522619,2.02196140169628,-0.346423582121627,1.79040588310228
0.0155010922968342,1.51349539361158,-0.12607437155877,-2.37321392724829,-0.103157313545723,2.16864902647352,-2.4360094585521,0.0368217403910496,0.710832734688225,-0.162050849892853
-0.922556699495485,1.97014628188211,0.0874451509033392,1.70961505879744,-1.45485351759525,-1.59785767770299,-1.30754849995742,0.858734307801797,1.37782854230054,0.0267240250643206
-0.0786154980895731,-2.29914632155312,-0.770132175975291,-0.363409975962876,-0.0144988905628181,0.50293712934554,-0.433272387140055,-1.62859517375072,-1.33551711646462,-0.660233584752962
-1.53741791277652,1.0682485681112,-1.04705009189953,2.08801155903409,-0.198381933277755,-1.51282277238505,-2.09305577999089,-0.322811088779895,0.811966838687741,3.53477268933536
-0.386092367720958,0.038567100348752,0.784486734073323,1.65688522551611,-0.778388439195758,-3.5913675440453,-0.124354436125676,0.105283542696337,-0.661622659045479,-0.607032891725138
1.21535660216512,-0.626649326172192,0.169907119134057,0.292728842806654,-0.481542218497006,-1.01907614532073,1.64677947676584,-0.458048141764263,-0.00837015933449162,-1.53720530647103
-0.0752964484795119,0.381994786851584,-1.04902740732579,-0.819973734855542,0.418530529705923,-0.62851313675986,1.67527786380918,0.357220354225756,0.267573578802937,-0.424420712758037
0.432103139752377,2.21351785745743,0.177341748029838,-1.67143318892963,0.915672272984049,3.14999813531445,2.79187084417981,1.31860504580542,-1.20989619936575,1.59434741208896
0.242363450018168,0.972357695263184,-0.24855621013281,1.82474556499737,-1.82577789546156,-3.8489374519638,-1.55245454958549,1.134099205432,0.614849352492907,1.06314194634044
-0.658130824743652,-0.412357140846169,-1.26291502878626,-0.674574280310211,0.860143283758065,2.23207981964355,0.178976851890334,0.725274953790306,0.793766689904776,0.21855489848486
0.876008039151793,1.13045904357323,-0.257957872314391,-2.04263207064836,-0.891476618928334,1.38583804755625,-1.44344016337624,-1.0876157173804,0.155872822028796,-0.837598696602559
0.625378423486005,-0.379904835967769,0.606666556466236,-1.77803385790977,-0.436292526564467,1.27586975785523,-1.39742828013826,-0.162639841632771,-0.912431761712819,-1.0668975087255
-0.0542289687398233,0.84265177743749,0.103729405369078,1.21883208080511,0.550561624130348,-2.26138576025498,-1.75266140028931,0.532452219111593,1.03166442744922,-0.802051577251163
-1.00695620518596,1.43855178558831,0.650338220883822,0.0232420127392227,-0.165846257063941,-0.822416413449091,-0.674497926316743,1.01296929460319,0.530813419364681,1.89605369261473
-0.467136350487402,0.85621364436133,-1.25269109687699,-0.820085834850908,1.05358924292944,0.865663654310263,1.6156573659597,0.550841806839035,-0.655813983304103,2.39960077665307
1.22459343964404,-0.0518652223964733,-0.135505564252742,-0.224543551165317,-2.00761566719607,0.820109734050295,0.550340754690956,-1.38058250958044,-1.99713491835701,-0.243840088422219
1.18637128517138,0.801384777709971,1.70643094311613,1.68971792899136,-0.0590811203137659,-1.08758827367464,-0.487089200189779,0.124910173927214,-0.0790387706393629,-1.54840752153739
-0.0668092745993431,-0.621705739596049,-0.419411859887567,-0.800696748415352,-0.613873922013184,0.896420366371918,0.471845956288529,1.66079120914458,-0.348810560719141,2.6407106872034
1.28960206599422,-0.665765418933024,0.974470228153532,-0.0295841276552747,-0.120653550423853,-0.807485606865379,0.456974445187211,-0.370113908078506,-1.44024962705784,-2.94524694941776
2.09185505970625,0.0500344328083409,2.26018215845644,0.327929754455077,0.904627647830946,-3.65668834649558,-2.29703771125613,1.33033682437691,1.46048226778301,-2.6503848560036
-0.202365678327852,-2.26111786094701,0.423372777867723,-0.0355542578041677,-0.345268302097427,-0.76267286942545,-0.852696003702746,-1.08852788124381,-0.190873581825975,-0.914647129517684
0.044349685144901,-1.61055552718618,-1.35463328522237,1.96171394488331,0.146687212471083,-0.611167956732761,-0.171588003091626,-0.680813695709571,-0.715987349753985,-0.372201772034964
1.24377030245003,-0.342736935298026,-0.621400911523565,0.585901469269266,0.606971094765985,1.34107456455282,1.63672102609477,-0.0261571370765745,0.0667745869154198,-2.24429987445472
0.148867370451165,-1.09087030518333,-0.871713704745325,-0.55456718015424,-0.807657782903959,-0.45177925439424,0.15094471001536,1.34198940047379,1.2728616997182,-1.01757848234297
0.0336782842880697,0.585578335108887,0.937483526193414,-1.27404583961199,0.221761376270639,-0.143653132117317,-0.385191985972493,0.418698758740764,0.544212978715717,0.157411403477443
-0.993151627425777,0.142472151520028,-1.5127938505256,1.06134620324921,1.01584272904094,0.101663554638457,-0.699096884925554,0.324874023937554,0.701493445431281,1.66851118673712
-0.585069013888075,0.239274242629481,0.609950935942471,0.665178810151226,-0.534314748867337,-1.38692716189626,-0.627944502719674,0.071123319609417,-0.282592984286532,0.278472960200995
-1.48315431379164,-0.196427297745463,0.46823923028881,1.88393958162587,-0.948974960543501,-2.05371467224376,-1.62468950076247,-1.84034247441961,-2.24270641290192,-0.394308754485206
-1.06082153051591,0.366435388837226,-1.10908640651773,-0.327568870738541,-0.847507347844189,2.20288474214782,-1.89047541345168,-0.591826120686693,-1.10689069807924,2.45456990369729
0.164970295738894,-0.291963526231767,-0.0832856264266412,0.232291290861838,0.793011909573278,-0.33763387200585,1.89322515495892,-2.00763123074879,-1.11178439173578,0.15345422553864
-0.36406208532287,0.70426826222065,-1.12917868754575,-0.618370996500513,-1.06215026466693,-0.344825107035378,-1.01468650655287,0.33646190243831,0.428202338053983,2.75024002347655
-0.809361501398072,-0.143712344094824,0.81954282198795,-1.08804347405407,-0.618013049443449,0.622059251191758,-1.8827664995426,0.242940263206352,-1.37085686267134,-0.643549276002382
0.403003586714913,-2.41760071081769,1.46806427757006,-0.955574254559563,0.884135595164864,-1.87978714526772,-1.91374281438874,-0.411677562914051,0.591773440608058,-1.75960936924312
-2.27683761309082,3.22592641188524,-1.29909127793542,-0.127684446686705,0.512129635290139,2.19824252986846,0.857031935460089,1.17507013725766,0.00400611621898128,4.29322755851634
-0.220311632655157,-0.427099474359345,1.4232692727741,-0.814381655763875,0.880161427201206,0.0635318957735357,0.370069697672511,0.25149166932585,-0.739451876128674,-1.76562225374676
-0.606464020141112,0.961741069670076,-0.873269994693872,-0.205166772454248,-0.83915713518902,2.97927964566558,-1.23879421587659,1.00507625994419,0.565539930058962,-0.220228447496724
-0.937385318192303,-1.06537860854946,-0.948461030816381,1.31498832457262,0.39860879490864,0.608951002645244,1.68547870386777,0.830953486275743,-1.07630109008258,-1.03660304146318
1.10839882973672,-0.758867727047703,-0.721189773504921,-0.587150179639789,-0.768756840553501,-0.14626023166083,-0.188708523879543,-0.142475558110126,-1.34401188837114,-1.53531508669245
-0.70306348012888,0.226169735564611,3.08499558434008,-0.277967048027539,-1.07286378986498,-3.46959842405116,0.225858494102427,-0.16649080160483,0.871138920372657,-1.70058020714707
-0.187304867216883,0.582797910487001,0.0544287764498318,-1.03720617235248,-1.13436255033991,1.53353002108388,-0.870077201490473,0.952932797702134,0.311988916466944,1.483779565284
0.0564005954548483,1.10002895468248,1.36536795983231,-0.352746352066049,1.51953680637301,-1.67630327066042,-1.89103977763176,-1.00657782162868,-0.392861359091,1.07091425118103
0.0971238641018901,-0.537667812267691,0.572343339933152,0.403080516769564,-0.654370141785441,-1.87813969901793,0.180885821087458,0.768046178974525,-0.072310867212772,-1.76839148638014
1.0298985029411,1.56911384638801,-0.10569886638087,-0.641203478663843,1.5327592088582,2.70023804119084,0.479875478715973,0.651741635202553,-0.0834690474784146,1.4694779650703
-0.269175348121291,-0.902282152839299,0.533293603483896,-0.864477911022394,-0.890689550101893,-0.154904326279075,1.09089672819888,0.0596314579939481,-0.598937662307122,-0.248441276063919
-0.332093954965409,0.823009612007832,-0.426107513310071,-2.7133965115326,0.081040838774525,1.7620169933472,-0.722921454417604,0.66169486139037,-0.509937443687807,0.23048855867
1.08758015990769,-2.53769973779663,1.30124300601036,-1.07250702328523,1.67915693361657,-1.21877391118582,-0.249406106379289,-0.280907460962955,0.792504974026444,-4.29420032389618
0.52615445629641,0.719675232207658,-2.03623195196571,0.320318437719033,0.188596190997361,1.89333700455857,-0.407382830789195,-0.0962021021118467,0.727500578352948,1.38419285390261
0.127900155187122,-0.0288303851557571,0.54993233501917,0.313038364185356,0.0235065038935532,0.937083818058644,0.936339659101677,0.501521489719044,0.832068590106843,-1.74999288484632
0.658818741215562,-0.266998177945672,0.591345491300678,-1.14767458407038,0.122645612206232,1.14789644928327,-0.468122019870644,1.02336395603228,1.6416554456503,-1.40217786140847
-0.883010227981232,0.163671674210295,-0.68725417719318,-0.22205668002817,0.301495405571413,0.754841124941763,-0.199682628166604,-1.3799867853069,-1.07645651458782,2.75274107549579
-0.199996398536866,-0.466879773591069,-0.666157913230434,-0.158763108331851,0.0113504456293778,0.909625509123968,0.785521169182221,1.80068498009494,2.11851341130792,1.49166044567505
0.606914014389666,-0.962886131099438,1.37620542512292,0.658949073710106,2.10531728827104,-0.729380027786162,-0.252569057523793,0.226576852253095,-0.45069373047161,-2.64684203921424
0.162093068179726,0.325496752429805,1.6344064106924,-1.4290858533937,-0.939837531238359,-0.173304368330776,0.0571405700273546,-0.936868976825883,0.490818358088173,-1.17903859318508
-0.989275845172885,0.185168365175306,-0.162471882838217,2.02881535562918,-1.92763868968427,-1.45748951238701,0.129708460581813,0.0609892215256992,-1.13892454592646,1.52292702731569
1.15472908200207,-1.08254981929848,1.55165929152009,0.524499553158632,-3.15872585347802,-2.52775178052728,-1.51042132759515,-0.349617740647872,0.695117383619581,-1.96335379153323
1.59234070822065,0.0516881213857057,2.15616795001815,-0.656712873006516,1.14338212446039,-1.78147271407849,-1.34055393402203,-0.818015707354273,-1.77147991448079,-1.87609205300961
0.739455971774337,0.884337311144523,-0.625745437892685,0.0103740097330051,-0.00382823060716047,1.46994453210872,-1.33950120979703,-1.219544580344,-0.857621618123541,-0.83914419096777
0.276676250118165,-0.156416459095233,-0.967160711585943,-0.333865665292163,0.926329170366426,1.58747084583095,0.646809874263608,1.97400305428439,1.30334644578542,1.06316834688012
-0.119806118561091,-0.216292296083292,1.03927080054238,-0.163054477207136,0.0811801257583615,-0.428110573008769,1.19464618237533,0.246324706718865,0.0599853294839217,-0.109153318426826
-1.57190702981922,1.0467667450646,-0.891706268560672,-0.392877461354594,-0.788720859652153,-0.409571714483099,0.173685910425998,-1.98069547582362,-0.398342898370385,3.01990155441957
-0.123603622917778,-0.0386548362342925,0.605234350856058,-0.557749588680104,-0.957726534102208,-0.288485302395729,1.43889242016687,-0.972915601318004,-2.69879777150972,0.632693663817106
0.810082363193807,0.212984336990886,1.22436760285001,1.51684291989765,0.500853879537672,-2.66809331063261,-1.55897038613651,-0.545924673308213,-1.55146163985217,-3.40641396187401
-0.0364315998742601,-1.82841319761905,-0.143924252274634,-0.733485807214297,-0.609989465193043,0.219298954175457,-0.386624899708693,-0.108091930284458,-1.37908118397374,-1.69913879807351
0.652448920864445,0.727456748360813,-1.66424724210054,0.0837778669616959,0.448789508192874,1.52016683322274,0.386070224419004,1.81294042225337,0.666383015736486,1.25863198758512
-0.160312905434798,-0.637124696108861,-0.297365135639502,-0.171599505034718,0.0231263360873529,-0.680170803838966,-2.19760947000143,-1.75901360970012,-0.218181730543551,-0.306648964023643
0.291192905885492,-1.42506101301474,1.82879714962538,0.0323389056143604,1.57232784069292,0.00496814885628966,-1.17810010122258,-0.401804894072448,-1.33643435353064,-1.399729982951
0.776880690452851,-0.589612140276799,0.870597722998976,-1.42254238787441,0.253935516478643,-0.467815308618662,-2.02628164243385,0.259660947141667,0.813600539512832,-1.71991833431542
-0.212158890968175,1.97671021297234,-0.3751277627921,0.539538306904831,0.536765126384785,-0.798584807227581,-1.69434228710772,-2.32455751485508,-1.03179271715517,2.84210611531292
0.898138092517193,-2.06328633739178,0.592521761086296,0.614697366975063,0.788001294195524,0.279335316099505,-0.508676645929134,-1.75427269186524,-2.83352417263645,-1.12042127305111
-1.2962038216498,-0.617439461109596,-1.03427715471178,0.659921943158876,-2.51350544406975,-0.523205971712185,-0.442381943768411,2.02952417099957,0.619283622571778,0.183533247121704
0.136632261959942,0.017020208026598,1.23262481439106,-0.021423667389638,-1.2991100671438,-1.08054119037033,-0.63369004267148,0.285351512252211,0.0226966061913367,1.2034920650607
-0.451984911001942,-0.325438408958146,-0.116117084097698,0.124927616263532,-0.213764804840242,1.96393141067177,-0.200653368321644,-1.08181093571016,0.435686843146168,0.670028697728604
-1.02045923031573,-1.23795736631068,-1.52757007200926,-1.41849867829869,0.46427447686135,2.72472669752571,-0.263763125974648,-0.129590121333227,0.243553327099168,1.72255864782032
-1.12199709923152,1.66681845793884,-0.872378033976664,0.142705133047335,0.249429143405131,-0.28643071301678,-0.637984859722907,1.59707326118258,0.0213843522264028,2.91855868415103
0.83232570416469,1.24759745508579,0.756893299499306,-2.29371703477113,0.713693580221842,1.0249384164937,0.384161528527015,0.90545771669559,1.72298003238178,-0.808772035451952
-0.752963820926657,1.21794490439526,-1.54611056055237,-1.27623338371229,1.18349566957009,1.5769989903559,-1.15324929577346,0.179134364324016,-0.197054043185158,2.172072011789
0.521934519909964,0.137039846736564,-0.302769800563171,-0.502480583041729,-0.67328392045932,2.26343622826862,-0.823059394641225,0.484057819459836,2.06753842781698,1.52211764843529
1.41935862813918,0.151493413235115,1.90654552636297,-0.58044367356651,-1.42444296245707,-1.19615981877942,1.65408837112713,1.23123344875997,-0.453960805264902,-1.92576766789243
-1.03243458737242,-0.162967073496675,-0.250119994361133,-0.55804869401684,-1.42235042972362,1.40621139673759,0.475754954968293,1.68424616807443,0.0843690079104278,-1.36482387948649
-0.809304371716017,1.5781709870722,-0.468925169852244,-1.97678514416499,0.214074104408609,1.53635656259915,-0.370904732488413,0.32094127622471,0.275943475782654,0.0562210576939756
-0.402440553397663,0.450931342367161,-0.786796938228502,1.22883475678394,-1.1858666652321,-1.04359546211652,-0.0497007067190012,1.14330774100464,0.87246825383418,0.349350651047136
-0.531577301094129,-0.569780112789849,-0.294829056446469,-0.659316634770159,-2.07273982200906,2.1265808567873,-0.353909514906137,0.920242742171061,-0.803947591782361,0.796305440301768
0.0973344423803938,0.866290200533696,-1.15117966913582,-0.08269829368938,0.958060548655521,2.11098000775739,0.860668425592261,-0.358361354851994,-1.74675270860316,0.912009546082142
0.751542175932647,0.988521816022646,-0.22329990092002,-0.713245629518231,-0.774867886479095,0.887416068127455,0.106743753909526,0.382561954380089,-0.327771394546208,0.267112810202243
0.442244347147212,1.86019566101088,0.0816396171915659,0.0173391015722174,0.815396262270365,1.15659261546338,2.28660248414797,2.60395513281388,3.23269802435121,-0.0130305398916231
0.404426803272577,-0.98060120681123,-0.276303018601265,-0.0790140282167792,0.883545638985886,-0.596944338235083,0.660277978994263,-2.00603779502813,-1.71246216727961,-0.0751925445363085
-0.71828908967771,-1.8643000823897,-0.415152920384197,-1.78224168470261,-1.1080378607975,1.42407035344002,-0.791357732972849,1.10792605764487,1.81515278793527,-0.109287880966362
0.051209649509063,0.167639810007028,1.31764202698205,1.93225252779429,-1.92297906508585,-3.1413562065258,0.0752607317184132,0.27927050930487,2.42985064282597,-0.337964253250785
-0.284846867403152,-1.26821073774646,-1.27592890077378,1.23173984834595,0.483584862817966,-0.393568711721021,0.442966033406086,-0.306733176486557,-0.919014885282668,-0.33779897343396
0.570585766867273,-1.78583178133557,-1.11709666832466,0.99632591505516,-0.472550948608561,0.540833633951752,2.17354066786847,-0.555027901613046,-0.469273313964687,-2.30967039861011
0.270770993287422,0.954731696211586,-0.877528870992331,0.520481807927211,0.077540234667021,1.80053141120825,3.03427835002577,-0.986753340291433,-1.9614494789918,0.0713861779532998
0.59386445301598,0.413917074536178,0.304989670241969,-0.59334322894638,1.16352774118251,-0.274665281547988,0.744009106075011,1.26367821067293,1.11089673207538,-0.521462995950943
-1.66501615506735,2.14039881676077,0.318137711267061,-0.274073845631992,1.43896955020625,0.0646198512401719,0.41613512449439,1.36932659143676,-0.32091306984492,0.936236482530335
-2.10936854124149,-0.854290902146457,-2.50891228304081,-0.506134533413461,0.364520517972522,1.54399069250227,-0.0125287161406062,-0.352922267145201,0.574470380179067,1.8139362227973
1.37667908764727,0.737143814780294,3.27747625362422,0.44999801559087,-1.2213126794991,-3.62306314916306,0.85481375174792,-1.85275710164514,-2.72866052385729,-2.12018314076404
0.0633139784796144,-1.88579758586985,0.814567162754783,1.20514924194147,0.369980716861344,-1.61829795034186,0.0294916739381079,-1.36082585744833,-0.152605853939462,-1.71076254025611
-0.666149197095277,-1.84636621092419,-0.8521676383836,-1.27226898856079,0.0793601265636244,1.59034110159577,-0.472818053660078,-1.77533267605619,-0.716192930371209,1.84717138675751
-1.26620963544008,-0.526175214724983,-1.96643639544952,0.225838570044376,-0.784541016379955,1.57673018937719,-0.865651643310181,1.70945871895204,1.54222175233601,1.28028802690113
-0.661646915436385,-0.335425052223586,0.420107121617064,0.838915749302164,-0.937767762516246,-0.0618852707204192,0.509663694277467,-0.0964899736928691,-0.36620164538097,0.103301647419138
-0.291223195458856,-1.37052354730137,0.925690294192089,-2.08243460539819,0.0911243340408971,0.797984174499497,-0.607529187189233,-1.66409808734728,-0.864354079970199,-2.59207618597329
-0.524001610019629,-1.6069617737854,0.94606675830116,-0.462330356150705,1.9114651223265,-3.8569218416586,1.1433348688563,-1.08789604667368,-0.528806986110201,-0.644377685342084
0.0139102298381223,0.183200976471609,-0.165567847283207,-1.19171886698443,-1.13644890688834,1.77104273727367,-1.35205087407282,0.636234210299348,0.64503173961589,2.20112060471967
0.723246968923615,0.56444780557295,-1.17474845232433,-1.24754447740177,0.879853233975524,1.09305748721559,-0.432689611917349,1.39732639198128,0.313923305081974,2.009301900563
-0.371029791361377,1.03591167557726,0.222098043771803,1.271799942942,0.098435274926336,0.0203280532863022,-0.157861569347036,-0.752479844625873,-1.46579597778152,2.76181925012898
2.01746936013022,-1.84185374095111,1.40102941117722,0.860985602216437,0.440688706453266,-1.24446280775199,1.34341581973919,-1.23566158242784,-0.596943252523469,-4.04419562250996
0.931337812409592,-0.966267234022066,0.627294629544408,1.01999427635054,-0.31872420728824,-2.10486360237256,3.06529857750634,-0.522338519409351,-2.26368677115512,-1.43677498925506
0.594001201155304,-1.43712324039042,2.02987203537275,-0.247258741554982,-0.608895800855028,-1.83283124524359,-2.87389846805941,-0.695145642505009,0.12434474777866,-1.12979984946125
0.185697662057365,-1.06574264934419,0.931109881861448,1.01265225076267,-0.778627284205245,-1.42796785264999,1.33802847333129,0.511811085376537,-0.176392818460384,-1.10513008070032
0.869383579515547,0.663733109699749,0.615689917154576,-0.669660133941626,-0.272785159499067,-1.73317689712419,1.43311153703315,-0.101783463021124,1.45016702874062,-1.08371174023697
0.915639609839678,0.725987703929357,0.570281365261506,-0.733928263096426,1.12016631436817,-2.65211803156405,-0.159298981471569,-0.0483453912009993,1.11909701466327,0.823723599339338
-0.78778166902582,1.0249177331992,-0.597816726372894,0.588386886605542,-0.80479917478208,0.67112028411732,-0.942426152252055,-0.393285574663932,-0.923116852153076,1.95289338198704
-0.145023642461066,0.470445390202342,0.112873031673628,-1.01206704329933,2.26674071733596,0.810000759155214,-0.897724941989435,-0.720665562811316,0.00749154996551393,0.444679408712735
-0.49611910894211,-2.45431806853603,0.41174630764854,2.21523794529651,-1.41139539590624,-2.41082796954227,-0.844519869282837,-0.259165009947531,-0.435723932431676,-0.624546601589164
-0.84154390512191,-0.280837514969003,-1.11713423147226,-0.708769842889724,1.34897594865586,1.04247907418028,2.0718672646562,-0.294939190282747,0.385456567524276,0.551800569059381
0.823747861149671,-0.733477766855589,2.22451487904044,-0.80194129062228,-1.1208364178832,-1.51352657885951,-0.140175856972471,0.80106633150998,-0.578496121184057,-2.72212714099002
-0.407281353870966,-0.69724182502104,0.517884893503693,-0.36727512443862,-0.699988339782147,0.776678073044729,-0.566929771326321,0.483139442667891,1.67770691026472,-2.33827753980029
1.02015321257621,-0.434183223122085,-0.460333828109658,1.69362628974538,0.766760258144407,-0.677101379975907,-1.16286164485046,0.171098771109517,0.648422178943643,-2.92105045188527
-0.441236837042499,-0.0935547499064919,-0.0714723574994417,0.105789014994577,0.442540753378207,-1.28221639570183,2.00922892219784,2.96579113397099,0.170928311285832,-0.0431661560297095
-0.518201482623062,-1.7670756330217,0.733770916642982,0.520834527016583,1.55755359172722,-1.54974890975158,1.88622761793977,-2.20096790458647,-1.66126254267658,-0.133921925828305
1.89131060164512,-0.697944935858077,2.11961566657036,-0.131602433153634,-0.540811111008046,-2.59178191806418,0.373575964738576,1.47631446525842,-0.448117397728218,-4.07353575064024
0.0300851614774329,0.177523740394328,0.0838469641402631,-1.73052341019297,0.644558865435995,0.927883280187974,-0.546349234980467,-0.36148376958174,-0.425220906450245,1.4801994330559
-1.42070533361541,-1.05814364592739,-1.47397022480902,0.532479636616748,-0.00277926243467556,-0.402183999201291,-0.562964602291943,1.11267108083875,-0.815829913269175,0.274172575628128
-0.381606969614115,-1.79270045328756,0.743882628652361,-1.94715411707259,-0.0414769060756118,0.857889444838119,1.46335203090222,0.0541464399969108,-0.949336898937697,-0.653910656277466
-2.0898192625309,0.00396541873621058,-0.636071796921751,1.79414860107771,0.60784912658229,-0.830593120627219,-1.01206431559113,-0.706115177403508,-0.999130283569341,2.88235235252002
-1.32522969119168,-0.600219346386982,0.752651084306588,-0.880078770897736,0.0543594133391316,0.491443546776471,-0.961487994426316,-0.326640363118675,2.08986191021266,-1.25986381337424
-1.91693731000002,-0.283297636800565,-0.530705723540792,-0.885350696409107,0.876461193777425,0.537092936960552,0.799279253625797,-0.705083084911284,-1.84631177275064,1.52385437983938
1.43500258264063,-2.10107462796127,1.17434696000645,-0.515539197060846,0.29618045540747,-1.43704475692356,-0.767069301937135,-1.68954922716626,-2.55290545531794,-3.27119115943536
0.28712115684609,-0.938238334226354,1.36451271837739,1.15993585960932,0.113822947133928,-0.145268132470658,0.62776215768355,0.108122856134721,0.271615506859317,-1.87280855539693
0.043224965540801,-1.1309047163776,-1.05674530636564,-1.346632163287,0.189454670632524,2.26732012785649,0.918316032779984,-1.24771354872668,-0.481824012314863,0.233682006012449
-1.55598052465027,1.87955183628372,-2.81713706051305,-0.898968537585038,-0.330842825881966,3.90738766526001,1.19437290003329,-0.353194688212649,-1.44810925860412,5.02503765111129
0.624092366216391,0.103265781996127,-0.223467986926967,-0.852554971652644,-1.58226639274659,1.0267355207296,1.3860423991962,1.40341275242332,0.273923508457123,1.38181219636246
-0.660480385564941,-1.00143068602111,-0.124366729258755,-0.481362915465401,0.0426412598809201,-0.840248049153092,0.650326407883997,-1.46611030578975,-0.189028721924974,-0.12859518171614
-0.574864397874444,0.938049040704788,-0.349107942564441,1.10424655340437,0.349322114683641,-0.892390318131912,-0.541370354732405,1.04892059718759,3.27336525479078,0.948334037822967
-0.915247001695521,0.724464097639929,-1.72600378795776,-1.31326072958675,-1.0365219509794,2.43900013193036,0.337071187832492,-0.151574093410637,0.331218356348054,0.612764373507451
-0.297197155711861,-1.31872098165986,-1.23985422082352,0.857705523618352,1.61086186011339,-0.311772419102379,0.609822341965956,0.437054454533679,-0.666463295941931,-1.50047402638438
-0.522869981095132,0.685640649698733,-0.111537209397044,1.82446397994746,0.805920895908533,-0.810859484304314,-0.728160405881673,0.279225009868191,0.728955605565172,1.84482653658739
1.0583771833143,1.09318306991627,-0.702341782023462,0.37368426347247,1.08173052460013,0.297138571577715,-1.32361535359537,-0.492491698102408,-1.18037229844779,1.79869434067485
-0.254660221420837,-0.299552258681516,-0.330650335183287,0.229066317826625,0.25784257662523,0.423277688812656,0.371308436897451,1.32785583499406,1.67214822318582,2.43993333005676
-0.431821432079082,-1.22880102221065,-2.34254257884441,-0.326934800880749,-1.17880048960082,3.45924794144656,-2.06909526542872,0.0940922076709894,-1.11003733275035,0.412483127263733
-0.557256728712086,2.3394213330749,-0.681920392815976,-0.475826510544266,0.258185862738402,1.63908732714245,0.739670127095043,-1.21482695487203,-0.23993120807403,1.01668048463999
-1.26149385861857,0.256402989214123,-0.32151205234608,-0.0645093202890678,-0.424128382375804,-0.922035377870688,-0.040267843241036,0.186995236786635,1.27509468147348,0.781435029281876
0.309023424659848,-0.418424252404234,2.22188704983711,0.374673177739025,0.828189809107234,-1.53982034572183,1.63234462957466,-0.138977652790227,0.294429784804376,-1.20050483296646
-0.622350868478927,0.26280784457287,0.0520255321434847,0.764277698088983,0.300742299673038,-1.45587147991137,3.48802491978653,-1.45074442376757,-1.92098487688004,0.965516403964878
-2.07987606698373,1.24545989578365,-1.54633074795478,1.16853850855792,0.240063033611832,-0.287062318800135,2.57045675038096,1.01460034229515,0.59337886953463,1.6739619203826
0.621538004136335,1.65879954112197,0.399144017494862,0.908803150516786,-0.0906741898021742,-4.23928082727802,0.395183732539387,-0.0515231667042732,0.543828846310727,0.79271017517264
-0.796227048480278,1.17319814533496,0.227486111947835,1.56676831626611,0.540839429431462,-1.64382301819944,-0.314193440666988,-0.316452292199517,-0.405954017027651,-1.07768632969521
-0.292785055528119,1.29253096297009,-1.03101961744295,-0.908767915247701,-0.705183451901265,2.98147108230991,0.17240840695537,-1.70324911557183,-0.0607278995650973,1.75701615548572
0.853843773878088,-2.67092335441814,-0.392499988967432,-0.905723440254372,0.746616510059143,0.274593781166839,0.931757498066957,0.00353266918129902,1.01509871719994,-3.5138424887556
-0.420473167710371,-0.15416929784741,1.4665908148034,0.177310091385649,-1.17623726975727,-0.68095528221005,1.12651811991994,-1.29067008686224,-2.03765953972554,0.0274579206110769
0.991509621189553,0.0357058174530215,1.11138608505045,0.0090534857686751,1.07836340637364,-1.49868446045327,-0.775868302524407,1.85415183058365,0.868482139720946,-2.67648526664126
-0.39269418301947,-0.82895543583581,-0.273643811900552,0.434291699297532,0.0378336928324724,-1.27373594414373,0.957572023744275,0.899184281872437,0.725353868783381,0.190003663489606
0.30355942792168,0.496460706396354,0.627343345815413,0.669916311228779,0.200847655867527,-1.59521339353116,1.09971342610607,0.0567684366013439,-0.468555662074784,0.0406076177705829
-0.151379909352782,1.27467378226025,-0.403216228073165,-0.54548062379545,1.01436650726173,1.34940455979753,-1.89685433723354,0.444615528511966,1.48968903236413,0.225167826527749
1.68015023967566,2.66423760031833,2.33226835433079,-1.01777885527898,-1.77781287474447,-1.50931193931008,-0.523804481538843,0.0362471549929998,1.27220543989564,0.478611742544222
0.571455061340497,-1.27368947505004,-0.904675313257838,0.373018990853154,-1.3359171325089,-0.360817164345265,0.317262256830624,0.0106722431152775,-1.0103778159635,-1.3406062569911
-1.03406696855655,-1.11367355989331,-0.344542332984781,-0.894950114006598,0.0537883883326432,0.268081691089959,1.57782440959473,2.25559733663252,0.793061723381973,2.27053137799051
0.109385454845681,0.0853284750480094,-0.236920542856752,-1.15132889500873,0.120008428396255,-1.06150052169522,0.801551476850795,0.857696602269271,0.813051935013057,0.237148895463039
0.438137149408386,-1.84699920396169,0.252095919266752,0.196592444632895,-0.121565724596772,0.614655499421304,-0.546083804095964,-0.825867763131998,-0.510463580343942,-0.952703987231388
-1.45094007352253,-0.379463986602247,-0.310775472454975,1.45384805710626,0.218272135496806,-0.815748985282522,1.66742085792545,1.49575184791881,-0.896729275597229,-0.203640688353872
-0.437545440052479,-0.148422562963935,0.321256319079802,-1.08571966744591,0.985967579895643,0.900092393435853,-2.07659515921145,0.178974676079214,-0.121788016834767,-0.0849690884237017
-0.657957547097608,-0.499953768816311,0.879699645615824,-1.9001982726882,0.371591683756723,1.67562535203988,-0.301947281653125,0.264635030301267,0.649428073715395,-0.74651978446931
-0.94516411421598,0.0444844135110609,-2.2160460689989,0.877072762946232,-0.0925544829261558,3.16019853960181,-1.9161824223271,0.272845733844494,0.751556788016124,2.33276534466098
1.27062268050124,0.631779221715664,1.55147061255652,-1.06720066641784,-0.203249087819238,-0.178690542420243,0.463543336031859,0.461133461787964,0.299754463514069,-2.93869929807183
-1.03708790761591,1.75635229448473,-0.372033524401988,2.54096004965824,0.83717875001514,-1.22329332455343,-2.47466672552062,0.0336837738718431,1.38562305848876,2.41166102465161
-0.299453005440701,1.61926915117915,-1.39366891565961,-0.939026641217716,-0.47505904312571,4.23320754698662,2.18572345537756,-0.564408393717068,-0.848960466228631,0.49387169518752
0.34499070441633,0.410662289332156,-1.05013824786893,-0.964715422053834,-0.108561844112837,1.02645539030302,0.804485473914719,1.16460855665759,2.83043952004143,-0.995629694546935
-0.550139718505516,0.42494167586917,-1.9949265445845,1.18121583053186,0.273152721308754,0.687651163986617,1.66296627175883,-0.952222868212119,-0.641500937620013,0.999084557613934
0.568855179400835,-0.212835453212156,0.620678932397595,-0.937840707208843,-0.810068362095856,-1.23696686530224,0.439557460317426,0.0621967609787656,0.465102958841049,-1.36353758395411
0.0792468183168914,0.325332700804037,-0.0190341250935492,-0.0907616671425793,0.552265665093716,-0.351319472284044,-2.1713477301432,0.564257231209668,0.171907502401168,0.0595679763356151
1.46226976559899,0.135653850848825,0.459357496254517,0.174084006964169,0.468482011024744,0.607558565225165,-0.644082247955593,0.318768041704305,-0.809278285303742,-4.0293820812444
0.616198451015403,-0.0894904918708047,0.0825392171000297,-1.55952375454753,1.01088057485091,1.93929851341435,1.01127042101674,0.309513529492565,0.631788567789691,-0.707333037670146
-0.55190950301711,0.990161617783484,-0.509137082635191,-1.43553234771194,0.0791758996896589,1.1725475443566,0.371453069141229,0.515366957343038,-1.0121671649515,2.39311186537807
0.758249252568029,1.37194582645271,0.703180634831834,2.7289389680273,-1.55739062023221,-2.91422283883232,1.66443828307621,-0.718940367081765,0.880330132312815,-0.348033553425445
-1.04627256237857,-1.19315240452534,-0.567333340413013,0.0180780519241094,0.631835389865967,-1.61785326669691,-2.12384283565448,0.599198690821349,0.601642426063772,0.305026328807514
0.662214937737223,-1.5039724052122,0.840959920486499,-0.629852000965124,-1.14190744592959,-1.35914300468078,-0.360652573340004,0.564178413434592,-1.15065169949667,-2.81137582725171
0.0254544836171718,2.28856649025215,-0.656168205802748,-0.293987126990795,0.256575162534532,-0.689822995838059,-1.96704320132915,-0.775252765257516,-2.34546956824286,1.30358635190106
0.117612824980189,-1.14830840862515,0.855686957221125,-3.31555873563995,1.18863019991711,3.07625268758935,-0.101892839010796,0.708813812275042,-1.71340050148428,-3.9336030117153
1.22559149729907,-1.5404084690228,2.61984216203987,-0.250241947740615,1.30646399766951,-1.28896100696524,0.56983692648594,-0.444121112258556,-1.2790803676558,-2.02840991011637
-1.14675678550098,-1.33855200648637,-4.03590407155395,0.368380625865538,1.56330937058091,2.65335005980511,-2.19051737946188,-1.39304791181548,-0.610564556636428,3.19681560628003
-0.534476866427908,-0.89738572868304,-1.7252988831347,0.793354040077489,1.56884023906676,-1.05247289699844,-0.140306637754215,-0.356901186021161,1.28018929810688,1.67611359340465
-0.603703000761274,-0.344808748647304,0.154382576983804,0.592544140214705,-0.0935691035591691,-0.608195002039961,-1.10983812927578,0.576019806200311,0.618589477094204,-1.56474535719118
0.112296827670312,0.293984046585656,1.28849231048881,0.57978624471269,-0.496840050010132,-1.05123323582981,-2.35935845122564,0.892906440342238,0.652092401319079,-1.06458646375924
0.406579335037836,-1.32886411114127,1.8202924873124,0.451354152798309,0.497236772016748,-3.11241093363695,1.01286608402068,-1.19751994365192,-1.0600124691317,-1.18450908074427
-0.748986737624559,2.1178886329475,-0.289656702495626,0.364045507459798,1.38953728797259,0.358944802316808,-0.144041336605239,0.582805814556043,0.170242056601734,0.747035021119167
1.13720840641658,-1.88956241227702,0.729132129916564,-1.02414457571499,1.19441059565835,1.1173080617438,0.253995571557122,-1.76664400444012,-0.46248134190697,-2.68094473138495
-0.93108009816944,-1.8706507274652,-2.36367865354089,2.15489119263362,1.58208856829162,0.380120676345588,1.31620375307147,0.568552292817104,0.763687654780896,1.1275107736187
0.0239667570494775,-0.422632151739931,-1.18812100305505,0.125363462611531,-0.0650938114542285,-0.596593424890693,0.409441054622064,1.16424904452078,1.08473240850451,-0.134378546461989
0.197481555097033,1.88946871631597,0.712670705383303,-0.480423594141076,0.0730734344105479,-0.515427259877136,-0.508324388760206,-2.20963065058158,-1.27376139760257,0.0355779444372285
0.141513127999344,-0.836800037223957,-1.10424559258959,-1.06780341978753,-0.605747569557705,1.19915133568743,-0.63515685936723,0.63784675224995,0.44947966324854,-1.361022527953
1.45464959817049,-1.15534544027143,1.02948873934715,-0.226619476439999,-0.0575142489920751,1.22473425297,0.854335542447974,-0.417431947302172,-0.771531438584814,-1.85393852858732
-0.093099819258745,3.17038535631317,0.164178474194742,0.807318090472858,0.804137874419109,-1.85373186803181,0.826480970909424,-1.62274120389892,0.325768527119064,0.972452131444911
-0.383828329401441,-2.49690414375053,-0.403053664713617,-0.926658865759446,-0.202457424961458,-0.536109297517493,-0.38662451629858,-0.47802373852877,0.378160451326006,-1.33088591610351
-2.51319219348419,0.72290864781885,-0.792471646024763,-0.746414268012167,-0.386919632227245,1.20056071280892,-1.05432601519551,-0.655618591314586,-0.573484080601178,4.85250398537942
-0.453380973979099,0.473683649183482,-0.570633753311996,0.880930015216577,0.0438337480715828,-2.24557490710185,0.360020139285178,-1.03734635165628,-0.528480204641048,1.25184807938539
0.176835668084842,-2.30378713917861,0.297626550539671,0.938712798068619,0.69209405274032,0.663655952148583,0.539642663162581,0.833134918544912,0.24611416295454,-2.24270652460309
1.89150094067663,1.10599771163075,0.705912807425074,0.345792359714972,-1.15650432512128,0.0832953168318112,-0.29331797870662,-1.36319229665472,-0.401895712021503,-0.0194081178629465
-0.373316363624287,-0.0721147038001099,-0.329276822855858,0.101228697904064,-0.386683947124613,-0.856558664522466,-0.184446721465826,0.0895837085451457,1.32299771935867,0.872283147598215
0.445868678968255,0.0799038927401001,0.48866973578141,0.156741450529789,-0.0380683766901644,-0.976990021548671,-0.233965186632166,-0.56758797385894,0.275190500188105,-2.06612535331629
0.0154588482598937,-0.665829289546035,-0.554609163605028,0.422188071167133,1.60660106670924,0.745871548880208,-1.60020243523676,-0.0567670933837311,0.254111206562527,1.61689702935202
0.0468010027276611,1.16836286158882,-0.415001944469943,-1.86119237869556,-0.876572042399005,-0.162532873363782,0.497480043739222,-1.84231411510512,1.49915715052423,0.290980961567557
-0.542582743917418,1.54535835822248,0.267367214204034,0.697146231728544,1.23910832769167,-1.56138872127549,-1.1582967431129,1.69028443577698,0.556331370520409,-0.00965028644750804
0.110395009236386,-1.05659258801893,-0.621288735277275,-0.146535895497477,-1.12647024852249,2.19939623226108,1.2542554520489,-1.36862231167749,-1.03407916072195,2.06793769865848
1.59691622200193,-3.36877459059321,1.50752859781904,-1.66630892130117,0.555854372266118,0.654077063408723,0.962753308242682,1.21157937951629,1.91302938799322,-1.8934604149311
1.35222668056003,-1.22318959043754,0.454572561672547,-1.52948125425366,-0.821044265322478,2.4293161009687,-0.85043383160349,-1.80481086943194,-1.12611930757519,-3.01330016136117
0.282869284716348,0.280303316201157,1.24105079046814,-0.390423754748215,-0.450035551424955,1.35809568770448,0.470514836077012,1.45844574412032,1.64466476274887,-1.04017349565823
0.309360816538402,0.223697261612189,-0.324466895184006,0.122467637910516,-2.13660623269377,-0.51968300915609,0.25039096197438,-0.639205613138166,-0.941333193591527,-0.605628432071914
0.271831203530913,1.81539138654907,-2.4543440195335,-0.150319454146451,-2.07349531226484,0.616674529642424,-0.571511994459179,-1.13531789154263,1.00762432637646,4.16975190016264
-0.380621306930438,-1.27761021877316,-0.433399299969643,-0.294406610682604,-1.16096830568724,1.281145253127,-1.11956456334852,-1.78340491688758,-2.03169499370721,1.58696052146779
-0.710272910848784,-0.948057925925409,-1.25429556952173,0.150942966044461,-0.839991246858567,0.0073193408238646,1.81963224624911,0.956629468952971,-0.702744873004324,-0.333602412969954
-0.380620327861091,0.114452636419692,0.365104357930613,-0.513961729572638,0.4939778962706,0.48847480371063,-0.642535103833606,-1.75482623033286,-1.73128796100243,-1.14432957880725
1.97995260091372,1.37061025710761,1.2821855435984,-0.914362797745212,0.45967454793997,0.776760249767033,-1.95219904808862,-0.873440522073325,-1.70456223894954,-2.24824243586951
-0.705309028411258,2.24677399377802,-1.66879346460355,1.90068617067369,-0.549612688877891,-0.349948807597885,0.670599173315001,-2.30268230437912,-0.102602882521426,1.00350195245132
0.194019679405756,-0.463401681871891,0.103737020154304,-1.14027911848181,0.50739732560081,0.726060325348498,-0.805795717962373,-1.35782804165206,-0.141311776151494,-1.71286684621197
1.97908393083554,0.410314207942442,1.8315921780585,0.502484010183238,-0.71716590881541,-0.530507129588896,1.4353745023729,0.293173891966983,0.170941371869551,-3.22001938550951
1.28119894531406,-0.893018458365907,-0.854807817172044,-2.05100004415492,1.10646300105034,1.62959506147349,0.995144406476193,-1.21292166946754,-1.25621160878365,-0.817405723304482
-1.05954575672563,0.122967678268683,-0.898572565155772,2.6152083066019,0.12336377299525,-2.76565941153257,-0.079700375828902,-0.437127046505835,-0.608076269435593,-0.920137663872422
0.778654347369502,-1.06150676399935,-0.0816296150897122,-0.0248723618296164,2.43096506426504,-1.05873108709312,1.37938572743418,0.735259679749256,0.495179774407063,-0.393112532624662
2.46294990465386,-0.553858374972674,0.602733986867573,0.504554278092136,-1.12504495007978,0.271146840098619,0.122872514458403,-1.28147283873297,-1.03595324449081,-1.45848669510618
-1.07572568654357,1.78383499270539,0.280320954025453,-0.138366139778894,0.333267972960317,-0.000399096899278806,2.02344168019598,1.13541418258929,0.720819794988884,1.94519225373547
0.647820700880985,0.342202713109464,1.22594475317813,-0.803978717324572,0.0777288283584055,-0.341314154731978,1.06451201692446,-0.164811742062635,-0.987479240138386,-1.53983308273079
-1.56158541907271,-0.166432065156731,-0.38941666052839,0.061298452323185,-0.43246650400475,0.866906788190788,0.682255449400977,-0.160052477624257,2.74550749031929,1.5731558377098
-0.410731687199725,2.37872018406452,-0.692002673727353,-2.71778237431091,-1.43359805274095,3.19452179365205,0.507125966963099,1.66010905693248,0.387211581275108,4.1502734798432
0.281140964572858,0.341973674221975,-0.431875352356055,0.467597123442908,0.763568452295703,0.718618313741501,-1.29773122432333,0.428971067273594,-0.856252065335968,-1.18650150961735
-0.505921381976733,-0.981742267936693,0.0787738762522061,0.711907125886369,1.24822189644472,-1.60540689071716,0.742674977979131,0.75765464256361,0.53198113128238,1.29461283412653
1.31886072243473,-0.491675809853595,1.55851929211088,0.109542921269457,-0.310748270638154,0.0726440425640359,2.00997916054279,-1.12548601293108,-1.67413165455456,-2.80315440173064
-0.896998833147875,-1.68565956303889,-0.367538771774076,0.464845832904921,-0.00920205736572456,0.772144576265083,0.388000804122477,-1.52601063467058,-1.09963006671564,0.658900805699822
0.708547270420757,0.866141381662247,-1.07569600749726,-0.567338321089558,0.343884752189577,0.0751871654926845,0.982236057612284,-0.512654379483521,0.212970979095609,2.34158645466189
-0.266014072194014,0.806948981415336,-0.20919293840383,1.02124105462753,-0.0667062506087443,-1.65761484112513,-1.07096160736106,0.211652469151612,-1.09124387686968,0.487464269015208
1.44136668823655,-0.176576594318243,0.0506378170808068,-2.03151594123911,1.75444436728621,1.85594482619482,0.0401317438055601,0.611451805424677,0.805276557685305,-1.15851853765809
1.40363466818687,-1.03980639630602,-0.0649446490226651,-0.855992801161206,0.845214522219459,0.729124979209712,-2.45407682591242,0.118029114190446,-0.331059311769181,-1.22761776748788
-0.573954848735793,0.640264415924287,0.10800968171053,0.837229078193406,1.14595549952506,0.906734397861928,-1.16599930057015,-1.37230504146808,-2.4909182517582,0.139200259224361
-0.494659558846342,-0.662609779299742,-0.129364877845588,0.00724274299332353,0.0552414006498835,1.55783819071178,0.429012660981251,0.0462563641733948,-0.168262067801608,-0.63446268590012
-1.05194217383569,0.113119113230457,-3.29287064251219,-1.59773973102798,0.900884069601945,4.67853364312433,0.823860727705533,-0.0695301516703319,-0.829467537663838,2.83531905379255
0.481219889218164,-2.69078602971179,0.516389577793347,-0.992008158057472,1.49725071894688,1.1086474385815,-1.23341526482004,1.03922923412939,0.569696855025989,-1.17856436280757
-0.355866104244533,-1.15798351015573,-2.79107199319673,-0.926765710647157,1.38532514102605,1.44483369649995,1.1205377670557,-1.39520199585753,1.36553465178742,0.433855038369899
0.366680694336124,-0.656099262331333,-0.539639208466379,0.485756638115235,-0.25265331840945,-2.14254223860975,0.253037769340326,0.166356514590678,0.0891772020487047,-0.370611707983154
0.60152388975862,0.256867097006534,-1.38288615737774,-0.142162615340168,-0.634938057938202,-0.102987482322573,-0.163483430701534,-0.500629186019802,-1.90771378217469,-0.388499518689151
-0.971382813787911,-0.976774517560404,0.272523271775936,0.585609349854602,-0.0474586000304733,0.753740909101047,2.00571483740577,-0.110257061834154,1.90384026188307,0.961024224962109
-0.0226920662715368,-1.95344144685123,-0.0573415942324764,0.700287462383377,-0.840788121188912,1.26510634306458,1.93714217568287,-1.48368959199,-1.34983018316793,-1.75024967633338
-0.750263519178118,0.0830146893297618,-0.199338004649113,0.435090354873956,-1.10830230993255,-0.341411880202294,-0.035335222700366,0.0381978923593412,1.36604935349467,0.634866942248917
1.20589166006418,4.0499406570852,-0.403348858717104,1.07392115917165,-0.891692517750446,0.44049793071992,0.825430551067708,1.11692371260266,1.09822992278246,3.27378628995891
0.262525122139758,0.770556084852353,1.23474155506999,1.98657231018083,-1.14925506905658,-4.32908793561093,-0.474026690045748,0.236606240379933,0.681409821999129,-0.337531670975581
0.902449691561422,-0.0866075206318354,0.443813064813472,1.60068370369671,1.15142966158836,-1.38641751624869,-1.07361994642795,-1.17294616761884,-0.916641673556938,-0.319323267011491
-0.265783575009052,-0.0884918565747393,0.677273002644207,0.59458977259113,-0.178663865455432,2.57113424590521,-0.751230587293964,-0.104751853137498,0.396759987885617,-0.187479205620653
-0.553879227554637,1.80359804121851,0.272660132740948,-1.59652303743677,-0.747139480211529,-0.365163685141309,-0.290927418237741,1.55301471449917,0.833171871665616,3.40886671715557
0.352560211269756,0.474527119160801,-0.516327340415805,-0.934693435657269,0.321670086368986,2.40097559438073,-1.52711478744282,0.117057563646172,-0.601017214570707,-1.60239377311048
-0.143133571428848,0.336884693537504,0.237834376467694,-0.430658739940981,0.865606844291722,0.480308045470427,1.06024850656624,-0.496198704645883,0.610641018717384,0.16543865860786
-0.326018542551357,1.16489285880518,-0.872141290410235,0.891754544606705,-0.276385685443264,0.0238245335634892,1.11146199034321,0.311436653163664,-1.08073426424896,0.76344330323588
0.686494281331746,-1.55721541553485,0.606204380461063,1.78494475670179,-0.425721603179929,-0.649066161438161,-1.20730049936566,-0.319045620630896,-0.154088561232378,-4.16762282009141
-0.417037104593374,1.8765571209,0.599795371132052,-1.10610479867867,1.26213554965259,2.5764188957646,0.12040056143895,-2.99951998607672,-3.65229232630367,1.22168535421102
-0.367421649026231,-0.291262292343537,0.0527464492029238,0.263378530712155,-0.258449703871062,0.261587773527243,-0.277221532005686,0.649165101352458,-1.68898344402045,1.03071340221163
0.188549082451738,-0.0872497843468211,-0.525779371679453,-0.0720217856636834,-0.223700254255429,-0.122711246803497,-0.685637325042954,2.35935872173089,0.879411083897361,-0.220000290784745
0.914915337178778,-1.88694427990626,0.827639030457864,-0.141840053815531,0.104710280561727,-0.0922893989743412,0.17349366951304,-1.56515827170098,-1.32427286515245,-3.85476033156725
-1.57619572888146,-0.656786003964544,0.236904434116794,-1.01184206920418,-0.335585909428022,0.0284734535153925,-1.01309406124056,-1.14767918870465,-0.0228995647855549,0.877094157100955
0.669297281654981,-0.847185381779867,0.158831270075325,-0.673513301193915,-0.594994662687547,-0.278729136551564,1.68806606870809,-1.21330796444675,-0.298917145434621,-1.55845475841403
-1.86733861306679,-2.10806681078057,-2.677082493342,-0.131280897097111,-0.777461061045339,3.25185364584683,-0.00578907995729556,0.275459500149792,-0.249661224152085,-0.196643648396559
2.23463791110821,2.12439308949977,2.52827610161795,0.136387674874146,-0.555608098317602,-2.1674871344994,0.145017435679732,1.62670454549323,1.34082098163027,-1.64872997412543
-0.499782263934124,-0.0895439375514365,0.249661169327192,-2.27427558588556,-1.41458251742811,0.341460194174734,-1.84210510955362,1.52239186265413,1.08972266810974,-0.193994564745828
0.1806379910438,-0.0224564510577661,0.889776873636144,-0.415480923192702,-0.773496901690246,-2.16264009100755,-0.668134023730278,-1.82427419994098,0.571523788644501,0.158020357952863
0.144003169573845,0.0223442770906636,0.626919653019382,2.6499372419029,2.08533948093587,-2.62107515057213,0.224342712545229,-0.587816177072949,-1.09714194981067,0.69121233780264
0.0353504954640843,-0.311033191256717,0.196450950134388,2.75486960813059,-0.0537574792573273,-2.05486787961372,2.12148855504323,0.597279468464155,1.74989790771882,0.543876966152665
-1.63384294191471,-0.694371925827627,-2.58405422868476,-2.32484664093565,1.40025143420001,2.61400962927252,1.39238452748855,-0.51803833329412,0.231946612927174,0.784618947523805
2.84884905266994,2.16663367792529,3.06116329629326,-1.55019698643011,-0.741275224317584,-2.8070029667644,-0.816641771825129,0.0456602777309595,-0.396852211381401,-2.68992205758148
1.35536481466919,-1.45958316639638,1.19841543964994,0.929369542683418,-0.602453613369697,-1.33320394529614,0.75493598289093,-0.144188477057518,-1.51535906678524,-2.2274135236626
-0.64048350235127,-1.31678394410716,-1.38004275044102,-0.91149964145626,0.44664669980655,2.62250025238332,-0.303866065697066,0.456004619942219,0.729541493214577,-1.15805801651736
-0.468207682075549,0.349889473017123,-0.516613696754582,0.34981187999568,-0.358358419089055,0.530244898182479,1.12356746385819,-0.171617219370084,0.506757053951985,1.93216229373084
-0.298455833782938,-0.15612720258518,-1.05791525940119,-0.737971507798322,-0.359287934439736,1.09526931988091,0.509902373436472,-0.499946486425825,0.632759757283432,0.598748630207793
0.363064608225807,-1.14772100647858,-0.341475751443947,-0.961623829784509,0.710473318764717,-0.670429082410839,1.13305090469837,-0.246242048058065,-1.2418829780892,-0.132767284194674
1.39240840680915,-0.479056021489629,1.5100611632667,0.362914791457381,-0.494313876628636,-0.369915590246044,0.484366991982625,-0.349578858317079,0.160774558105912,-0.28894319709853
-1.842978111905,-0.566428467166164,0.29066420570476,-0.374491657163451,-0.702220096499212,-0.00488957180878813,-2.01028313422809,-0.26811957472765,-0.659729608689121,1.12406118088654
0.0588431398623237,1.68427334045544,-0.21557584678705,0.862675920375976,0.290905417094356,0.531395771978431,1.4668348487835,0.537417171271641,2.2270829833676,1.1975718042936
1.07419410839029,-1.26695368572849,1.62011216566787,0.00182851447423243,-1.42413254223148,-2.16681016155569,-1.30609545082211,0.634298778159812,0.409860459461569,-1.77306457186687
-0.226520823787359,-0.283917985836379,1.22920257687009,0.493103133356162,-0.0631489602344968,-0.559230038626259,0.432922990338713,-0.658675766988984,0.932273825571719,0.212760026381252
-0.42945356620688,-0.231957425824599,0.10154979251864,-1.24610332338617,-0.651929736797625,-0.427037145450057,-0.230207119581773,1.04578178915612,1.22828689294483,1.67991761452563
0.953163084742872,-0.591101352657699,1.50627937609777,0.347213332875589,-0.0396560149573934,-2.22200071257996,-0.41269864859296,-0.831497370746033,0.359167212444659,-2.01852580561653
0.867335551773529,-0.126182012112461,1.07061833380904,0.183845470872623,-0.563635162105625,0.0415650442562712,-0.980984935694484,-0.466796607249136,0.920382973610426,0.333610149200737
0.165939026477272,-0.707770331674654,0.771221474765608,0.596913206020368,0.639918017171535,0.568024262571133,0.607717071654996,-1.48403835108022,-0.250685947214232,-0.971385652280078
0.976667018296241,1.24155258446829,1.45682871269309,1.54280555359145,0.158396689961178,-1.468034589277,0.351059919433875,-1.22717913482517,0.124723185569418,-1.24129527889846
-0.184950376951631,0.97344948561359,-0.592385830127309,0.831979355832158,0.346874958020945,-1.34037534560382,0.189059295408545,-0.753936393140883,-0.555066670218573,2.15992086697168
0.294412618961899,1.24877200590383,0.897720272988851,0.221136664005643,0.951613646235079,-1.15554244540019,-0.436298739868259,-0.0105713210039458,0.534062424652385,2.07870454501907
0.241099960227514,-2.28405753966384,0.0564863140615768,0.788162741482883,1.56065193534265,-0.0214815009668786,0.124442002158396,-1.11715977427951,-2.94067966461523,-3.03575000805482
-1.56885557048684,0.0652521176361509,-0.347404963267181,-1.50109186316147,-0.215535143836257,1.85446499295449,-0.358091966092823,-0.432672739417555,-0.510597169606375,-0.322660854797664
0.58099252176914,0.258699697274731,0.501084952965517,0.920430095743625,-0.494449523478739,-2.02863392460597,-0.604916192584757,-0.668872001653685,1.19473787273629,0.520158189474973
1.29592083400859,-1.45395689355772,0.777816358899148,0.724737255966329,0.26496995966918,0.103936785355598,2.06095367385812,0.627696998712837,-1.05886465190432,-3.6385645303077
0.438832288392782,-0.915399190157588,0.499726664669865,0.365656914315117,-1.38951917922731,-0.0346932983216864,0.703293328634909,0.154298713053345,0.912546805659976,-2.40516208228248
-0.0659303712462848,2.91739135525155,0.938310465595303,-1.60743343361017,0.410179575934425,0.190842619325116,-2.42774806752232,1.20535949256811,1.70957251004094,2.84370188483952
-1.34762238602955,0.296263121007233,-0.720991765326113,-0.737554076559098,-0.649137791078819,0.742717656480239,-0.0443381020930205,0.254525819635051,0.713105812741421,1.11015054772563
0.636965236619502,-1.10100329932561,0.374405849199659,1.28993602571616,-1.82649002904309,-0.772535674267059,1.54933401700357,-0.804624064657113,-1.02401468759546,-0.80223988582142
0.585373878045981,-2.44715374632249,-0.228913868015845,-1.19466515864274,1.03799257299082,1.67708410848549,-0.0764730273099065,0.00553297016454501,2.95573530972058,-2.59036536906981
-0.0902713897209384,-0.441868001974758,1.11636587931705,-0.555565718346228,0.216614203604084,-2.22103863617522,0.714999218918783,0.548756454531946,0.471255304007311,-1.06686486779038
-0.474936951581019,-0.935037578616219,-0.298239941591053,1.0477994926848,0.920438377356945,-1.72930049454844,-3.19867286622806,0.0915152273587827,-0.405577816753946,0.222619986292508
0.489123803831163,0.859870429913131,0.821063103951579,1.17706430784722,-0.347273384690814,-1.74244435240352,-0.688400499864785,0.365198487094103,0.598046828588556,-0.434557831288768
0.29026411978802,1.72586286213153,-0.111575288064712,0.0464411505071273,-0.0912789273431861,-2.75254762466646,-0.0679365691154895,0.781687761033617,0.116382473657535,0.157245590845431
1.50578297335599,-0.407583617851434,0.402974036526337,0.128409984994336,0.0400822174841132,-0.641382393025711,-0.737665691175237,-1.10040939350499,-0.832344221327847,-0.967112955360388
0.190582471653434,0.274070520994409,0.568919791210598,0.947828339520634,1.53680630672194,-1.29076689936091,0.189679438557536,0.470393072273551,1.09860833264725,-1.17869200687035
-1.1933519931258,-1.19486479766661,0.0174254270483559,0.172505695910468,-0.904378862870593,0.138372289470468,-2.01478084361274,0.356923628082165,-0.131298888258324,-0.382747319044125
-0.125036571560516,-0.810564714321723,0.140048221449209,0.192554806339573,-0.123417758997712,1.52447259429918,0.302704779806527,-0.022629457349753,-1.96059861428074,-2.05360571297063
1.159743264962,-1.86661975180238,2.70717169195898,2.10008461332146,0.449085547311762,-3.72302036891014,-0.497001522731135,-0.451192718808015,0.274840121482723,-3.46326020306751
1.56694437545963,-0.721151060685423,2.04475194243855,-0.247794166259737,0.666953676380995,-1.78148709793368,0.529287489480914,-0.951942299221947,-0.934879822462897,-2.94219261828576
-0.351106498340537,0.5620455981916,0.7137448242158,-0.395444338611589,-1.35808583959263,-0.630094066316611,-1.46110642357043,-1.70690424575482,-0.462048890376219,0.471532225587947
-0.396625863973688,-2.18918928687639,-0.107085500915065,0.864510864732022,0.200140957878253,0.379994067636025,-1.75423527836957,0.204426711418587,-1.29387732135663,-1.01736347315349
0.22164866647933,-0.608738496543397,0.351846783492794,0.101646003075371,-1.17767398211869,-1.51657584917643,0.386161200685478,-0.463201876275488,-0.00667544872612347,1.16192747379708
0.100259299903052,-0.0872516605557256,1.80788407532511,0.331878713800737,1.18067536820623,-0.945862874464466,1.38336812912801,-1.0603301934737,1.31127900831407,-2.83184540836752
-0.353453208383304,-2.06850046172302,0.297181216310018,1.43223233835275,-0.114600134166458,-1.0116138545022,-1.19245119361318,-2.33587515303757,-1.71582227730544,-1.15403101777981
-0.366733521596239,-0.262497119018249,0.65382735136117,0.60316092123891,0.0788263562286354,-0.951202041299461,-0.991922935854948,-1.11339483813466,-3.63154442576254,-1.50009959019201
-1.46538421564069,-0.519255892029839,-1.51845897231913,0.341351548863667,-1.36004824077596,-1.11856177619128,-0.876853488888178,-1.80627485090382,-3.33794070049405,1.48031019210383
0.823214556493954,2.86510128042327,1.70003024740366,0.507720671409205,-0.267889203924376,-1.23433436036377,-0.650158575951374,-0.046074494574328,0.062857435142317,1.24559571097461
1.15446847593288,-0.626612859354475,0.476652262744218,-1.43646233509239,-0.520052697832424,1.63929453823655,-0.818576162691206,0.34972040331179,0.000585559169804156,-1.90935072271174
-0.419105997475555,-1.76718922712956,0.115378741315472,1.16069234898179,-0.31949903101571,0.056949480828502,-0.732079111048768,-1.6408247306879,-1.20562330144306,-1.2147949615442
0.939492153062681,0.284425883824186,0.741802143254068,-0.971346603905311,0.0327232982262518,-0.908446607123234,-0.907873675977201,-0.470702013144379,-0.52976317521971,0.140303361848013
0.00271601164768628,0.174616506738505,0.254400366449569,-0.735938661889604,-0.837936148430601,2.18449442040128,0.310167474783742,0.592815739985659,0.451735479032399,0.347999624202046
-0.955569073571564,0.184332717692263,0.026958515185124,-0.950035297934887,-0.140476023974784,1.60929649132797,0.826900693065197,-0.337602474109705,0.432228331774933,1.84316400254329
0.27514541102595,2.1107026389738,0.878873058986164,-1.63995042959909,0.53765689112959,-0.603016910117222,0.0817091963203268,1.76066639032214,1.54156388105011,4.10972269584228
1.26640857748246,0.669086467878003,-1.29214353020412,-0.617642287085449,-1.39063863582205,2.16113604179898,-0.366639691694972,1.7804126823346,1.25321808209157,-0.292208489025587
-1.17529483400904,-0.0757953372270362,-0.892191251561698,-0.493352873999337,-1.06527288453109,-1.28978011711139,0.49286064644014,-1.08288809867279,0.342998074717632,3.82767050858943
-0.289160395200407,0.0112442616515657,-0.467120316105734,0.390736324643513,0.556927286569354,-0.425586608623409,-0.10327586159844,0.802314152522646,-0.24390283552261,0.671264193220727
1.97171578673851,2.07811435535823,-0.387262423769296,-1.04158594670986,0.720687727948015,-0.0443814875265628,-0.895297882372571,0.0817369550290264,-0.150013044071894,1.48627329845852
1.1166260819213,-0.586940349400841,2.24537755251969,-0.221412442864086,0.364645167274461,-0.824085885994865,-1.75370975387539,-2.17858650265416,-1.65246418740066,-3.67331529060858
-0.541247829645554,0.161023012876437,0.153727108485395,0.510722255671107,1.01369641681607,0.492711806008254,-2.27407712653283,0.0096720180311245,-0.934554171839905,0.861812256562346
-0.504265308603518,2.33078184089223,-0.468180966113792,0.733641073189449,2.6743081393334,0.872543458694094,-0.682620350687601,0.298797484204039,1.34817511594697,2.13739087764889
0.407690289470684,-1.00665854298797,0.788226537139102,1.87396385818586,-0.189067202629004,-2.2545963147101,0.255027041003027,-0.0315713271940412,-1.32989846055743,-1.40143905497909
0.968975937038481,0.171111860551348,0.0401811944393223,-0.0596039430989284,0.955770390685342,1.28363915992604,-1.2684432042957,-0.800886373759931,-1.78056194852366,-1.95031161093014
0.228242355092573,-1.15375320495081,0.478189184338315,-1.55022033068748,-0.0350509905599279,0.383732510419455,-0.755897929607509,-0.693068852290158,0.186470180911614,-1.97579046956981
-0.736664558501078,0.859936184826874,-0.328080034911106,1.35625844648046,0.20797557934131,-0.866243427853406,-0.25970320683902,0.204486082307718,-0.547755025485323,1.39313418001809
-0.804176202593978,0.543529748426784,-0.264962164713427,-2.4923321526809,1.16878483939973,1.89621090804524,-0.174096499781951,-0.796099897962143,-0.307544299525703,0.733615576612392
1.08660900152363,2.77550281841051,1.15608372106547,0.525533432262669,1.94761575102963,-0.768367536036879,0.557216782507137,1.22522430713532,1.15201742897991,-0.0506918959258629
-1.89668361091735,0.655737590437627,-3.58493688273548,-0.168361701855739,-1.30785602946386,0.983298650743428,0.000477517064547072,0.115370701199847,0.450845455276372,3.83032570012709
-0.543524765540435,-0.421646285124873,-1.48290401881698,-0.696995495497367,1.87518279721103,2.45597456650236,1.13689336083352,0.466906557682099,-0.127526075964325,0.42262517856605
0.168027420861377,-0.787190765863264,-0.150712744809398,0.316962850268322,0.390046190588317,0.380741482226381,0.201394347594554,-1.00001025464823,-1.27430586701529,0.974078071086632
-0.739370407263654,1.14259894671331,0.157077522182037,1.26977002286288,-0.358387639677813,-0.0918051265839813,1.18210697736143,-0.0528888174057561,0.362842553291518,1.34768879762166
1.16399275592551,-0.678289072887192,0.453934260303105,-0.789213670253516,-0.62716075476361,0.795016384158419,1.16131663861391,-0.707713417609143,-0.465459934503044,-0.993111486226521
-1.85317086981522,-0.283959921632133,-1.77095429306015,0.910369974335495,-0.464717273278014,-0.132061111449818,1.20005539897825,-1.12284261411374,-1.40191560989298,3.10812246461871
0.952201136257297,-0.09372239020062,0.65373987215791,-1.75163161253662,1.22397633735407,0.645536194146976,1.26905478357646,-1.03512911400845,0.72390394675771,-1.47341088017259
1.61267378210793,-0.826386330660582,0.770512402179416,-1.47575724262744,-0.243063154152058,1.05087509280524,0.678909129303448,-1.1424247730566,-0.566440532278956,-0.244941138159489
-0.513319766634458,-1.01631451656307,-0.0570225666372838,-1.56905663935158,-0.289592588219852,-0.678892762252986,0.326731283231249,-1.48700110256151,-2.66154719486478,1.30446720874663
-0.407307779649463,0.0403365989098483,0.0590282380961581,-0.950169984987864,0.865813958733255,2.01090001889228,-0.449693498509645,-0.00588296862204551,-1.95851845549443,1.69106452188802
0.459539041332778,0.148877996940941,0.236517307716864,1.70010286190005,-1.23157748065475,-0.825002561170166,-0.239314635256601,1.55817428303704,0.755692280712015,0.549595918301417
-0.32380390009327,-1.27042079805589,-1.64750783700357,0.802983852101211,0.614377025947158,1.15105731405116,-1.85750628661734,1.54866763112373,0.864548199257626,1.19226166136973
0.778697550930029,0.718738259971849,1.24590584714383,0.483451166398953,-1.1489795994587,-0.164055941277874,-0.0856112141657027,-0.435450257537145,-1.5291863949964,-0.450500385295088
0.865593798109534,0.113355662263493,0.424123634422101,-0.0184216132812042,-1.0934019013425,-0.53792903347291,-0.380146075627585,1.08580625074605,0.896994768241805,-1.29842634262921
-0.140269941027162,0.0542959876745541,1.5459416045821,-0.231996308699415,-0.111766966466794,-2.11859000082242,-0.902597047916332,0.697688350794993,3.27251032752755,-1.15582317721667
0.155183409733315,1.42543125524379,0.910205524042653,0.981441002094519,1.57525822362925,-1.55861304849261,-2.14662210823045,0.0747035182573732,0.310685145715597,0.11922750431342
1.52563575482409,-0.224328720003209,-0.0856272282643061,-0.534896797300088,-1.45013167562642,1.49091760399527,1.11568857392819,-0.320589705489793,-0.582317106015571,-0.441207792489083
0.635534329441152,-1.0830342763129,-2.20185860348605,-0.529944743651077,0.835041610157002,3.32612304869493,0.425134563135751,0.0492769464902491,-1.49879877086838,0.397728423027654
-0.887558785237988,-0.651072445566835,-1.1535657735246,-0.449346984260278,-0.975497719231861,2.95932180763763,-0.307382643549021,-0.678625760662104,-0.329575033436803,1.05204345908677
0.059249337391686,2.56613712634262,0.156331207996144,-0.0613882497017587,-0.983791338427278,-0.753505054294395,-0.808761892933468,0.750955366724571,-0.453393296837205,0.971088489743876
-0.162954423639784,-0.529765418736597,-1.82933337672168,-0.398663527220563,1.45524644332711,1.2430544181361,-0.741112403135482,1.33400013786549,-0.516269819085697,0.424856031154855
0.388904382946001,1.35573004238542,0.576112812739665,0.994738893233024,-1.40728951530366,-2.93527861087545,0.113300722358642,-1.82821324267564,0.00115829654005895,0.615025100831695
0.049663167347532,0.649140230962129,0.0750111043786479,0.445008103359159,-0.047498569135279,0.354649204891846,0.650945206444305,-0.541447646853053,-0.440950368329333,0.522518413584448
-0.239753091741513,-0.927644009495085,0.227185983738559,0.576407895133073,1.02756139675795,-1.55474265096368,0.207010427667991,-0.49226131120783,0.0850905425324248,-0.990210240599116
-0.187453551773498,0.676206090152277,-0.503768382757241,-1.85632199053828,-0.32089307965598,1.47200028017911,-0.28088873852667,0.299565912500653,0.448074623805828,-1.51744147548767
0.427782598286951,0.353076372146364,0.228225450942921,0.870130646127473,-0.735515039196669,-1.70517174950734,-1.73180463286592,-0.951510439949336,-1.81115820540365,-0.368260361054827
0.593057090472792,1.36135685004002,0.106251626773854,-1.07397541891536,-1.15181790363797,1.19048072561244,-0.572414170681853,-0.513292406694561,-1.9227021102041,0.98432975955446
1.31988296591335,-0.00904337321101644,0.665498389815461,-1.11804215537466,0.181560781259772,0.460236650766782,0.84062434943426,-0.0316526570893124,0.28989019009069,-1.16418637863337
-0.95068780286829,-0.616933603409344,0.791169249597306,-0.203352319052346,0.184422568791468,-0.336394789447976,1.79689348962342,-0.864113847666715,-1.26193269426191,-0.599394357721743
0.438878522110517,-1.01020158156632,-0.456313711460284,-0.959856426783506,0.706799187357306,2.19279610636512,-0.427994731049535,-0.346933748615701,1.29409348750323,-0.335910688134804
-2.1847701119113,-1.01967635401157,-0.695403516838942,0.58370614960362,0.0112808931513353,0.158939133234239,-1.5157288385546,1.31294295179479,0.366375554232784,-0.728660202633499
0.339385692290275,0.173819319348513,0.253032476184042,-2.29943256456446,-0.0888794886119563,2.32513343506586,1.12285949961125,1.22580348323896,2.55717172245689,0.0929510648737524
1.26425654175745,-1.88250279721,-0.841679008659515,-0.579138965033738,0.745024382617293,0.345299510897116,-0.644079227303948,-0.273288646117496,0.418217720511249,-0.879977473932065
0.113310984795276,2.20355051399082,0.0670799207844842,-0.172504444172936,-0.871337471787683,-0.590822946247629,-0.252647999672496,1.26614707107084,2.2947361330914,1.78542544502158
-0.73022276287642,-2.12874891376497,-0.196659866091265,0.31785196726079,-1.48342711693938,-0.345242678119215,0.891202065269887,-0.553478214743948,0.685543662913967,0.175697916976027
-1.55205970029072,-1.31481629578782,-0.180697674502882,0.986093325782684,-0.112316531597834,-3.13551376030766,-0.455646108229489,0.938310565148463,-0.728436257491963,0.164514421705075
-0.148865904340842,-0.622191750313044,0.368527994112339,1.05243495504854,-0.415634019013421,-2.42097133019695,0.38288183027652,1.03777731649803,0.88748460794647,-2.34421042664371
-1.84727922591835,-1.0831949568503,-0.856907053499331,-1.01591576824529,0.345222689238407,2.00978858201642,0.0956394030765054,-1.24332984529655,-0.215769814833515,0.51047869665028
1.52882648721756,-0.888942765038079,1.2537828365978,1.32901881023811,-0.156773228819033,-3.16075509562683,-1.21577482587069,1.37380656127062,1.36339537185849,-2.89987911659181
-0.360728033478189,0.0708966323039202,0.386041329622258,0.605028038773817,1.29903630106614,1.97928335441915,-0.136784304324546,0.776695400185425,1.14026089854035,-0.883861604146649
-1.26351398825467,0.414151492075933,-1.01013000970098,0.631942813793506,0.522173446823889,-0.115613867338757,-0.0846687318549492,0.344386339290052,1.27597615709917,1.50257989111287
