-0.0830360851877681,-1.50070672112672,-0.389145216826409,0.33104394567106,-0.530263472365983,0.822897196986135,-2.73998975202304,0.334356763861272,0.818646056346754,0.294759543700972
1.70304380996391,-0.0718600514319769,0.40068518111308,1.44679241373772,0.365171443125402,-0.194759925221638,-1.36609561859379,0.671913870983524,-0.408904979771786,-0.622147088307218
0.184700123724908,-2.09313344391328,-0.254335710412752,-2.71567556521727,-1.5355394475489,2.83264680601569,-2.32493592702641,-0.449909121388597,-0.522553956808062,0.123354347563907
-1.41598623147789,-0.0820888685229446,-1.83896640594456,-1.15445080511262,0.35074698396005,2.76325515332632,-0.108476830293436,-0.605467440476042,0.0401455332090528,1.24721419719424
-1.1796130830437,-0.29719105863455,0.222029849930317,0.749215774819536,-0.746018340900434,-1.76224240376227,-0.391191080830478,-0.0226733326746055,-1.67107640951843,1.51926100180532
-0.878773896784398,0.803872973681187,0.774503214188559,1.36202802217319,-2.01229810541049,-0.746924864835668,0.165838892470589,0.11603377701709,1.24739606125862,2.04406395165497
0.734912027261287,-0.532414944004127,1.07058361948255,2.2258666128709,2.44039679628782,-2.59688382900743,0.867168731736344,-1.39218416971684,-3.01786806354137,-0.403840968371284
0.426897453201821,0.608437430974558,-0.332024872168115,-2.23232782989012,-0.190303728335956,3.12164880356683,-1.23570343501107,0.389575737812793,0.0224949995148869,-1.01589756995031
-0.981643325467166,-2.00453217603431,-0.242109221640285,0.618829734212342,0.544652597379374,0.751627233335869,1.49988659326367,0.137366239658422,-0.675253569077593,-0.451953338366587
0.35302839622337,1.02533356562453,0.737577548502863,1.53872046660475,0.0652740778517958,-2.63029155068587,-0.142814601886599,-0.449348580702601,-0.613277108997659,-0.386521062716669
-0.754931295032257,0.840407366512541,-0.76194846345084,-1.4020747354097,-1.80815255550067,2.34524014768882,-0.67778697315555,0.299828686603121,1.27312896575496,2.2400075546599
-0.0772775477076358,-0.768093550169074,0.314707014766686,-0.290625911024569,0.509834209252517,-1.30842642818759,-0.440682078823879,-2.23598925836239,-1.88924779407495,-2.3538953131225
-1.55215038916092,0.200262765842738,-0.963197883527542,0.135531620856985,-1.32279449307155,-1.0856321526934,0.342061637664302,0.813318499344955,0.793034486209558,1.85667646125805
0.235207729441528,0.688740439874358,0.87403444004662,-0.123892129668429,-1.36038513727536,-0.277774462799798,-0.187438906072267,-0.00976965699349963,-1.49595615493894,-0.517723710672807
0.554307922574609,0.0657979241955875,1.02372779526164,0.432008316429694,0.444962219079745,-0.0116714462377782,1.83881674252528,-0.699756177504818,-3.1815120046492,-1.01807669717968
0.823522984076048,-1.08853393086249,0.371963620732549,-0.58275039953549,0.246846065719992,-0.0317069384777954,0.452356941808989,-0.637171863990007,0.303840810105466,0.869696201706466
-0.840108313282239,-0.78848405963033,-0.843486450742988,0.302962483076113,-1.87628674604573,2.33159435391605,-1.59413628136614,0.109854490617176,-0.204091472265379,2.84018966191462
-0.450619419371462,0.288758610273899,1.23582643923966,-0.496753416945618,0.503537171810267,-3.18728472678316,-0.300689037108201,0.205371464288396,0.379704740590585,-0.328555292222965
0.253639739521433,-0.849447572493712,-0.182427029052912,-0.00033097979875088,-0.421339328039741,-0.419054370255887,1.28329536109708,0.709847481303084,1.34017584712101,-0.369537000670051
-0.634440215193339,2.37364334105958,-2.3490454589537,-0.850570195024429,-0.826285383990662,0.825934298756837,0.0854458069513833,1.14798039708777,0.902030526894756,3.99522339627286
-0.301335522264773,0.451657703430221,-0.108305623933779,-1.4066710934308,0.130425484578647,1.29604771424269,0.16899519738193,0.031792913530008,0.198186406288096,-0.0602782114035333
1.96867464430552,0.660787882457323,1.06160436782839,0.249187537540517,0.440117307016647,0.229462046026924,2.41437769890732,-2.09509593735407,-0.60102854954718,-3.40619862723159
-0.746210206813846,1.27668531938712,-1.41255936585256,-0.838972054956108,0.545376818858366,2.87592640067166,-0.912321126291438,0.767847237601073,0.389947785245627,2.33461050473046
1.11786260648838,-1.10234435848761,0.172773380162081,0.730460560347587,0.917691786318366,-2.0763883839107,1.85170281715875,-0.788808457898916,0.623364935907979,-1.03184688174541
-0.0746775097906256,2.17206217771933,-0.474502532833952,0.213810474047299,0.471540069198282,-1.45737977047653,1.52357153074744,0.75797499821168,0.624958268002019,1.12991047332766
0.570781602487458,-2.9981216558303,0.200080646350401,-1.31054652402952,-0.576253925847809,-0.424598860533531,1.33253395126249,-0.418006324973694,-1.54936262429565,-2.61770486691993
0.175537816314295,-2.60211870580461,0.157190903607402,-2.0138583035955,1.20447719655621,1.46953930835055,-0.31567616517664,-1.05189015583576,1.94881984833169,-1.07948441451371
-1.51790607707892,3.29602146311332,-1.59573170373266,-0.0389410911097399,0.550626688519581,1.8599361723689,1.32302804695657,1.45460002926985,0.674556757118428,3.60881171648752
-2.18919921660051,0.47139448133419,-2.31014061948978,-0.140387664183419,-0.562489948447157,1.13720239428368,0.59497188969216,-0.364291003306836,-0.044766582467944,1.11645807999068
0.115434938606419,-0.492294937972188,0.1590529916802,0.783317463593161,-0.7054674643784,-2.7902042945305,-0.111768362534455,0.675183067233219,-0.422858243161888,1.07476385446786
0.597432858000112,-1.00375710120793,0.415517801748286,-0.379122953321597,-0.278131424475165,0.0080336576613352,-2.40661070400308,0.552946061011937,0.868638505705358,-1.52877373149501
0.157044599015867,0.665964440309301,-0.0735051361806029,0.813449193071429,0.372876264341738,0.484837197537894,0.516272727954045,-0.176695069929584,0.116438516368021,1.18722339733256
-0.88915086669408,1.45481567032482,1.74982291764332,1.19487105783231,0.388247018210997,-4.33972139359491,0.228919396425029,0.357448933818441,-0.0499450731051983,0.628762321562764
0.419747595263272,0.144345367299692,1.37321797520362,0.155710664229424,1.22725900524134,-1.59868572714038,-0.582483341402795,2.9203174662,1.92799684510748,-1.01824824894425
0.0539479564493654,0.717303859439477,-1.19632090818246,0.323866343651436,1.79064652554454,1.6446060825026,0.994196112925842,-1.65058290978995,-0.3253709027841,1.42340984781551
1.25121639202021,-0.279779545960978,-0.0236222644730455,-0.0486218167129503,-1.34927165342671,-0.129847246691897,1.73611242902749,-0.0115616924483575,1.51104851231974,0.131934366188483
0.351153435551842,-0.716321700061222,-0.535397641837762,-0.334559486944128,0.921645922901113,1.42322497951229,-2.3346581675202,-0.457891897545413,0.0371810069832072,0.686612997785958
0.292216782673425,-0.481661965999919,-0.888195832767174,-0.730688626061576,-0.475929625784761,3.25356250225326,-1.08718701964375,-0.950736576881888,-0.0500166323117391,1.86909249936294
-0.535887440750722,-1.31142768732109,-0.809205722976619,1.58320077936908,0.535750548049589,-1.24486590358597,0.152928865004868,-1.0873742086064,0.123327508087699,0.427487094492916
0.439666687454041,-0.698292993108635,0.757782622248482,1.00021336977968,-0.638425737230712,-2.22308801989548,-0.164972205399895,0.42951830913191,0.195149298820625,-2.20650059393138
0.169724297111086,-0.441650280781592,-0.230475004622444,0.862916768907084,-0.787436417554376,-1.22453077118229,0.566052495480693,1.04056649110959,0.784658420479388,-1.54148239464089
-0.153667252695198,-1.50981073728681,0.108700808074799,-1.64714351594171,-0.179363075375866,0.34213856619951,-1.44058578349717,1.08092660133711,1.2949218157916,-1.6816013871941
-0.129409133580504,-0.587425449327653,1.11363753448436,0.267723584456233,0.338913579399932,-0.959497445112633,1.2683617859358,-0.945451066945178,-0.622393308627986,0.284109322191134
1.3223493141172,0.559093128060943,0.504652117731577,0.207691187369674,1.43913684555329,-0.445003746732312,1.24710952077637,-0.147716567125059,-2.73373056821231,0.5735507586594
0.837380290314241,2.62826672104865,0.432990482657931,1.17378004938264,-0.51082996493838,-1.50558737972871,-0.412997359229827,0.520566240404179,0.412477631967812,2.33429547540864
0.00286148850180323,0.140378594948815,0.860662581393509,0.778711982833546,-0.908282427199644,0.57949946816291,-1.11187598647696,0.402090991791591,-1.29682170548585,-2.26080025973615
0.782687490037366,1.38231768786248,0.374884377140778,-0.98092873895157,-0.415854110153268,0.0887228269240696,0.441607989411092,0.224363375436035,-0.0603485813278125,-0.953561210671064
-1.9502726410738,-1.11926506371501,-2.45433321069483,0.0656508125279329,0.855045020976522,1.16936532064962,3.23937392370374,-0.972040659794803,-0.363813336616209,2.88652591506555
0.282622446993404,-0.102582149840007,-1.20152708153841,0.215801355700383,-0.174851496718373,-0.720489550740439,-0.780710934806531,-1.53326276582416,-0.609669426708566,0.15752797826865
0.896064288517207,1.21769096115364,0.456555232952024,-0.464527202996236,-0.0525172481749189,2.2789949029776,-1.97224663558086,-0.467889571438574,-1.94829729611724,-1.16079823963908
0.495200388053136,1.38472207291395,0.418457283328929,0.32550329866941,1.48279278966353,-1.20990126401339,-0.789792443291914,-0.48327768478853,-0.144639359098503,1.07869517028152
-0.129989407034312,0.603703597162268,0.529569909905948,1.42725109232688,0.924031385731189,0.717562753975413,1.69057993138171,0.452319225172509,0.439712893828162,1.26710569242855
0.901038805849756,0.288888493664072,-0.148702076491971,2.13983167297857,-0.600265588622918,-0.843383098020475,-0.303431169848456,0.600204920105598,0.117071868305232,-0.517578197354125
-1.37075089049228,-0.165314198032623,-0.767665597495002,-0.612172643791832,0.222137558876289,2.97484951017615,-1.48335520763017,0.593795482648931,-0.741123163676086,0.352660921380261
-0.299728233528298,-1.1347242341277,-0.217412607721425,1.69325834044779,-1.56055453665848,-1.86015915969885,1.83935571317712,1.16939627926454,-1.27529440540796,-1.65772695458903
-1.02203008043743,0.65373940557807,-0.742827486787724,-1.25753783543509,0.889374129498771,3.23887827717726,-1.56656270080452,0.660885611710281,-0.235549195659133,-0.624107715653977
1.63475018105875,-0.0968396563701129,1.99437601070585,0.690904609535039,-1.09247656273869,-0.495295674786386,0.982234331477643,-1.5938673383579,-0.911072676849538,-2.48596884556595
0.864018770605329,0.511844075318293,0.683957378137802,0.245423264625835,-1.21497948878798,-1.72290191129792,2.14894033680887,-1.38261612390156,-0.551233377129213,-2.85091522386238
0.113084246050781,-0.188487759050418,0.60995498173249,-1.17863593516368,-0.34322085738091,0.683232799874736,-1.69378201635002,0.977238915472394,0.546375679040272,-0.770539737884318
-0.0606520318056522,-0.840818055715418,0.133388384895512,-1.86437475001615,0.0368722716215879,1.49048358515208,1.94854891329316,0.227762907519114,-1.80320548580274,-1.09968039836862
0.0366852751614049,1.11820888866747,0.269061321758178,1.22666142633668,-0.413884371895352,0.537013578745084,0.51700351610777,-1.74788533650823,-1.25435624902198,0.386573215998972
-1.27541408110954,1.59632014642587,-0.356627754107279,0.959479434260263,1.82178921532726,-0.390627307521445,0.22575820801514,-0.677444285949426,-0.530127678413516,1.24311536897104
0.640746910399814,-0.735306812593341,0.428959621934622,1.29075540109494,0.617983830023295,-2.3286918231229,-1.51981155809983,0.636175955816417,0.962707843843445,-0.402198443233972
1.14401933244011,-0.0494429370724043,1.18223272422754,1.01769710027815,-1.19890408737865,-1.50246411274503,0.123658589074021,-0.399911479886892,-0.190978073819328,-2.46856135223174
-0.819040726222279,-0.559033452294062,-0.133128430804639,0.823973987584379,-1.91769803857391,0.118553590076603,-0.718876476203411,-0.0874539978865038,1.33561310477311,-1.28303514200955
1.73223842211609,0.124756741779052,-1.12084635380351,0.986076012779031,-0.553026735824267,1.08928065337442,-0.54659035546914,0.452759374223489,-0.13138228656046,-0.0968406139164636
0.0478368827791492,-1.27962232600132,0.263240214726874,-0.407340969568123,0.71541965876816,0.825083281251927,-0.071826957342977,1.57059042220203,0.0799252859077453,-1.06261287223253
-0.0684714799171355,-0.53993021369223,1.87411169196482,-0.400475270954834,-0.0690470987622081,-1.30803493045565,1.77994778242825,-0.196090750926088,0.26560163945871,-0.655660894924641
-0.335893885867928,-0.659616553203821,0.503821511313254,-0.267037996410279,-1.11002065741639,-1.98979330886427,-1.32597976982615,0.00923615244820242,0.124540229453001,-0.580406698480385
0.440401978140021,-1.43391719363003,-0.491495011528699,-0.373039721007828,1.19152805259823,0.842309393523434,-0.768674998905859,-1.6790124111347,-1.9576634573066,1.16667128815418
0.457483050616776,1.54588434133768,0.230716770796683,0.599890479340381,-0.167067692599499,-2.30773044888733,0.175857830967502,0.577448956755128,-1.52060752838626,0.867574056226923
-0.282286579808802,-0.743906619347035,0.876619755264293,-0.0185568083549771,0.00908325909882022,-1.42782813014011,1.17321217163325,-1.47559540971117,-2.2794793052324,0.391008853049873
1.5078566877152,-0.269369272221904,0.707490084221437,-1.62351180845613,-0.369388381562834,1.8054658941787,1.67454311665291,-0.454071770616225,-1.5000970623046,-0.930678696166152
-0.382353074459384,-1.2853944496623,0.555132349649229,-0.0635298123965355,-1.34651590313076,-0.868911751686952,0.240479350048045,1.38717276793612,1.64943745179906,-0.699027398421719
-0.131805480640905,-0.757510132462022,-0.428660146711151,0.11980238958561,-1.00271626992122,0.83029275158046,-0.187786924327012,-1.20971290338332,-0.589540997981701,-1.82700333613997
0.283692796018303,-1.49278119617725,1.02143225436049,-0.91005893364458,0.371092240791788,-0.116669509882753,-0.202946520292999,-0.0263685365591892,2.84201670726306,-1.22084596989152
0.346690171117188,0.489049778348945,0.328628484901981,0.284799641604292,-0.751450374358107,-0.486947232191723,1.9613669787534,0.460107585582605,0.539612421936849,0.0565506733190191
-0.60663963335456,0.870704142460524,-0.735289006823985,-1.57104587827316,0.542495279457874,1.38857605596684,-0.551331986738848,1.93881629734301,0.546897356187829,1.15607057933503
0.357723783449888,-0.0663063158524633,-0.38687187496265,-0.562396543268754,2.68139690517924,1.33110779122235,0.382497188163208,1.97895244210518,0.891240598698683,1.28513684217912
-0.404959867641322,0.029836974690123,-2.16917235373527,-0.0768793558105431,1.34581896529242,2.72240764824948,-0.51229293250686,-0.0761148980640616,-1.54182496389178,0.163978220707211
-1.23011533787232,0.757278637318448,-2.86218866446778,-0.0626089489872639,2.01636012355815,4.40639415884833,0.330963089045207,0.365178305765487,2.33937773255587,2.13597377610129
-1.02277764449406,-0.206938948363056,-0.609583096561888,-0.53715680122929,0.0829611297629466,0.178829912305692,-0.184745310582359,0.127050334927043,-2.0480803498784,-1.14282822386989
-1.77200793247509,0.193039061738873,-0.623363794407557,-1.61542854587794,1.38735094894653,1.44326147325882,-1.83819343606487,-0.678096913051139,-0.208506961728093,4.41660945380579
-0.187875598323478,-0.844295094434399,-0.578382846719571,0.212723783962071,-1.10760647129743,-1.39312273394478,-0.537783763568269,0.193391454350764,-0.436757369475334,1.00748577713299
1.39009991029546,0.445866480956283,1.39153392391685,-0.419415126089569,-0.455170290236445,-1.31917966502818,0.0288276622398734,0.296094712988127,-0.777002936102713,-2.6273252684917
-0.274774670610951,-1.70403764268835,0.907053641036252,0.431741953915838,-0.950834796895839,-1.99173156865789,0.89522069705546,0.81666557976377,0.892197729114308,-1.76219643390191
-0.612294169615407,1.38034760722492,-1.51590890737935,2.05108507248684,-0.0775938751311854,0.271469364809983,0.31310563151964,-0.349364098179289,-2.1206438322028,3.48869482299328
-0.026914055324319,2.00657842217405,-0.606369677561947,0.826179413401503,0.821441263935152,-1.62175101298676,-1.12944490901461,-0.0568152744907419,-0.51563089193187,-0.04192701594183
0.0634723986404656,-0.443606093221663,-0.685444665064291,1.58683692106339,-1.50053926371772,-0.279963630793168,-0.574482077845358,-0.44711321418319,-0.368308087888646,-0.736783833230022
1.15753325902263,-0.570540355396679,0.183433118970511,1.39598268831831,-0.283337346333843,-0.818507425503646,1.59117194635898,0.532285161420189,-0.6149530990311,-0.620148223961141
0.826420255990228,-0.621975325779888,2.72522790663716,-1.09516153001004,0.8756261718829,-2.03778551249521,-0.195831921220257,0.198084424065044,0.084766932117386,-2.6319482024778
0.157156691507845,-0.651397619456584,0.390052774145018,-0.879933063348128,-0.00327831661844233,1.25927496655215,-1.30474430210285,0.746053830762984,0.387684845623999,0.500373023373921
-0.609354467238624,0.374622073978797,-1.24529096196625,-1.21232587914197,0.945356987905005,1.79884094197684,0.976353392466598,-0.0940604536856724,-1.14349792161692,0.89421772044122
0.630655878899666,0.875042552008721,-0.877272644041229,-0.478995802740684,1.18695947180605,1.83923900112717,0.630416236354558,-0.0576259802136414,2.6515097311381,0.755161872376908
-0.670981270973704,0.491442122452373,1.26387375118926,-0.951524433494582,1.72230032345432,-0.17532773171927,-1.09797477982822,-1.07448236279543,-1.20976325928088,0.620406083648431
-0.312170797592607,-2.37714363171386,1.03395544309352,1.0029234358725,-0.37436252175103,-1.94918962695628,1.96613807956125,-0.315701316428305,-1.3921113731815,-2.43982558066228
-0.064443264443264,0.602171865312045,-0.74882807420781,0.407606318797474,-0.266520761463346,0.597242269079528,2.16879063414015,1.39916400264061,2.0335677705348,2.1302097682818
0.413025356373826,0.731676693014247,0.790851671202857,-0.682554873521684,0.424697658643265,-2.00735923693961,1.38441924471613,-0.269633146923848,-0.750096339133203,-0.190205641997356
0.91291087580858,0.127136997597545,0.654406548844832,-0.750859282099768,-0.30233573135437,-1.17680534181925,-1.66436766454566,0.717461852568847,-0.936275712914638,-0.314950557182871
1.50404217421149,1.16728945971955,0.657702303769149,-0.0160730041914414,1.0307352577435,-1.57814307855907,-2.01636272365168,-0.335754442175727,-0.474699377346417,-1.32287164964301
0.0239106625294781,0.745978131967274,1.09378191559874,0.155329728577631,-0.884523200816422,-0.275942703926086,-0.978082118491107,0.180311324348218,0.131190150161521,-2.25957697588595
0.696366768769569,2.13439237840661,0.131270622893647,0.882591525069965,1.25243930922524,-0.871402198220152,-2.62559437193329,-0.482601919342254,-0.55717598602127,1.11161462352502
0.621063048138519,0.560458540149708,0.651877266659429,-0.720931676661049,0.15714433470777,0.0159197313592405,0.277864085338965,0.420729299206768,-0.292086027747691,0.541093572487958
0.629174065545014,-2.8792731082312,0.264740152702888,0.43014667976971,-0.40075530626426,-0.402698018848702,0.762409885848573,-1.49040716876584,0.349595472815889,-1.66346586805528
0.231161873905759,-0.20363178672029,0.77203288012777,-1.64449903904336,-0.776106549278752,1.57197322642042,1.42365541210278,-1.73167354547585,-1.4525574165164,-1.37103913368653
-0.225543693405952,-1.04661210039806,-0.40777271435401,-0.407895539724854,-0.138661085992064,0.120197902911056,-1.47960420286042,0.432803240851361,1.3282616957144,-0.992043973266994
0.480554523084516,1.34111693019297,-0.155504788953789,0.0733335697898327,0.783251727835926,-0.566406594591444,1.51462059831223,-0.426201547363259,0.475698781878516,-0.154217548887931
-1.02859085841815,-1.67167192195644,-2.07989140504662,-0.504763345726789,0.345768623421295,1.93672445131071,0.496829988760041,0.462827317621527,0.56876569581246,-1.32735513441646
0.246925950087137,-0.825906353957648,-0.165763754993701,1.06896680938856,-1.17648303806078,-1.71081101419997,-0.565386575655679,-0.288117385893486,0.359772728603376,0.719771790277412
0.483496552167535,-0.533455358501925,1.18515463957322,-1.45713112995594,-1.87570799714057,-0.165591191026253,-1.28560195892842,-2.1731240334731,-1.54040423291486,-2.09676645684823
0.365715424892833,-1.48521766761616,0.738619799593273,0.359552441816696,1.03426272059688,-0.560631627805266,-1.6219259377998,1.09263306153997,0.684793992064283,-0.568280112802063
0.187137983303385,0.973934025075218,1.28315929586195,1.30525536863134,1.61627548104666,-2.65262098831586,-0.222266419725362,-0.744162277896875,1.05463873918291,0.47460476132947
1.10854179396994,-0.291832663400928,2.63247299972357,-1.82713460040506,0.0206948406111502,-1.2733498838699,-1.81300056752075,-0.172879079657166,-0.115225597194798,-2.39788059815694
-1.04767817235802,-1.05403535173854,-1.10206115526353,-0.87360680342737,0.848342245727448,0.775800840565196,-0.395120996830779,-1.0471059706772,-1.08556138579318,1.86388011492509
0.0473996552163489,1.51496238442866,2.34905082629297,-2.40703718058587,-1.22072183826598,-0.842624097273495,0.147041900101056,-0.419630966951551,-0.991386421771717,-0.111543922383349
-0.292705323581074,-0.163065282033723,-0.878589282952303,0.00310932047504662,-0.528491534953005,2.10501013702256,-1.34667747805986,0.38373946144235,-1.03185670102414,-0.508694847830957
-1.80893622190196,-1.16326688055136,-0.0930421309955204,0.574886624040618,-1.21006938977019,-0.203767275807926,-0.299743410559461,-1.44595273949541,-0.324819052198429,-0.061636732775305
-0.839083814495916,1.16455809292061,-0.370576734547925,-0.151204258894247,-1.38106883439991,-1.09727482121044,0.236604693431411,-1.41970331303031,-2.03008189190484,1.99553473896861
-0.275380753433822,-0.398095222754708,0.147386243283824,-0.509704608937323,-0.96377032564569,-2.08002432443502,0.306617323877239,2.01842744914826,1.61862671637221,-1.523087366081
-1.24612987336588,0.645023260720242,-1.28704924887697,0.211441245509735,0.141181928364339,0.568779039616281,0.323181071148844,0.633735300543182,-0.514919517641838,0.80781280309238
0.130659649471688,1.18698805196456,0.36871952702728,0.923088016466375,1.42331299088505,-0.546510670086517,0.188172810551935,2.0554710120134,0.391840730087825,-0.474180156204801
0.438359992429656,1.93869906389068,0.23370701485665,-0.169139753420065,0.26823750838891,-0.136407498497283,1.3929866519864,-0.861355202529189,1.2339098621103,0.547002992879866
-0.633765157358121,1.66108243614873,0.734426779150819,1.87676168508177,-0.386193263465309,-0.647655784210186,0.858772772593059,0.341890935487722,1.47112087037234,0.0862781717432821
1.63349680134765,1.26258445878838,0.997830450538057,0.421412629413302,-0.285608036260099,-1.22991729355297,0.966429731768504,-0.645881345001076,0.367303900304391,0.763331950307922
0.300302353080032,0.168991430945042,0.602068054320022,0.435402846799064,-0.106374207932558,-0.282997682979141,1.18065532929548,-1.36509111544109,0.785635935648177,-1.62634372900563
-0.182931644472336,-0.731853466079754,-0.388170872415727,0.157114046750679,1.3513872907803,-2.88224618854819,-0.985074947776989,-0.246193343338076,-1.06254706369631,1.90434417413754
1.97122743623245,-1.44389961383099,1.59784704468462,-0.145031770486377,-0.0237923473088152,-1.6049078151043,-0.848746596309257,0.858189239720976,0.425031769369766,-4.25664227426781
-0.639101802415776,2.16419369217881,0.767786661155752,-0.139829862165781,2.51119088854822,0.709565051390874,-0.408167922085352,0.982004526195714,1.55059631476998,1.87409383379951
1.23890623656774,0.160866440296282,-0.208998448322542,-0.610478129997458,1.12551828232936,-0.147717830443228,0.0662640120833112,-0.318402425133154,-0.721015156642872,-0.485375440141902
0.573210634038013,-1.87757326723369,1.5363696261698,1.39511399959428,-0.234034197276183,-1.85438165146811,-0.948793833001797,-0.362876025271306,-0.198689504438204,-1.80275684703165
0.377111219900238,-1.83032776938112,-0.916760493278864,0.00191672094064479,0.0826091470259539,0.458115902189008,-0.501507785915538,-0.680064891301139,-0.777119917786174,0.163692724984429
-1.09427185549917,-1.23296048378548,-0.328970163921791,-0.617683078441237,0.995495962384982,1.45101557620171,-0.455995760417491,0.909881341065021,-0.832010635002338,1.21462089426608
0.198540332833104,-1.35090950169001,1.09065698390683,0.210076137210713,-0.256862346166602,-1.31258232300881,0.305381249841298,-0.489951128925378,-0.298128628015978,-0.850509788778345
-2.78624421804205,-1.49906033878736,-1.75047197206118,0.982784845546589,-0.682303581873305,-3.01331541133775,0.510720058858188,-0.466959265464675,0.963151545922617,2.62246834874328
-0.901810348676534,0.931830549652873,-0.318420101296208,-0.169383018575903,0.0238134193917004,0.610390699390245,-0.0611932679513668,1.22128220623298,1.91482779282389,2.28326830371874
-0.606932732159405,-0.159595779412509,-0.641490540638221,0.00631114077656179,0.752330449600533,0.93401261955672,-0.471613374641627,0.476085828799642,0.706815733841008,0.743403782125887
-0.439108876571189,0.736268820507376,0.282805554774783,-1.10913751425353,0.292898132229714,2.07745988399129,0.224679491888059,-0.921967856117568,-0.288291401387758,2.10736390404112
-0.44990438489795,2.35463516240891,-0.640006303120209,0.917864558493199,-0.187443420341208,-0.90034055831836,0.350331065953833,0.86548282254246,1.07276793195977,3.16782865897216
0.0114896495404289,-1.46615733040252,-0.586262682926319,0.633178290188049,-0.25940039134031,-0.653023041138218,0.986207073283374,-0.63204706515304,1.36012085036619,0.637156691519442
-0.127556881761764,-2.02433359446022,0.918801242032941,0.289752659623436,-0.602912617522576,-1.08726686744465,-2.45619767972891,0.32265322103825,0.512817174202698,-2.81279733031148
0.528553680757285,0.281937865107258,1.21077551959086,1.55830922346231,0.149634759519916,-1.75004249541043,0.490143480388066,1.93723213742797,2.14811506058637,-0.467792647665223
0.384352550788536,0.185161047010569,-0.638962003074697,-1.38806066304158,-0.574171274959223,1.75308190012959,-1.6857140783998,0.02196433955278,1.12732412682231,-0.216232987043687
-1.45204526441047,-1.18857084947987,-1.55460696071108,0.913880782062265,-1.23874845700934,-0.0894696413660584,-1.23904434344446,0.37409888218348,-0.381272754140066,1.59361657891649
0.547776076434655,0.0384849723605022,-0.942841008972728,-0.590782312916792,0.196004757777605,3.86327808554355,-0.587638904058816,-0.390337407479002,2.75996487662545,0.372562599660247
0.16339471443515,1.93437957783546,-0.338333418747758,0.281787917066125,-0.0823935016092225,0.325118865814259,-1.551659638322,-0.63307612778083,-0.395061053122847,1.49147149217059
-0.440278069137497,-0.715129152222429,0.926471003058277,1.06625154034988,-0.853156146133522,-0.817471040138164,-0.76585022010873,0.0353850244082762,0.768632690668132,-2.94363955008948
-0.274122225216464,-1.00329958530781,0.553892081346266,-1.79361831717122,-0.258526954222668,0.450488417666328,-0.81785793677848,-1.69752840437221,0.567014504822818,0.00140597853715383
-0.129873464258028,0.257469091010406,0.966927215403954,1.16246543073811,-0.372107103999448,-2.16730427093872,-0.264138197766934,-0.864409145555533,-0.145499070828165,-3.15424731663005
-0.750526723647832,-1.21625325464491,-0.0944592969444038,-1.5176116091736,-1.99122936239721,2.53169096600114,-0.870352998575684,-1.53734491525572,0.154280550545386,0.499593213688567
-1.81187392813842,-1.22142804065341,-0.706161719224009,0.963793907890794,0.765567495820278,-0.692422011648347,-0.513414251428708,0.0334645964569465,-0.504179831230687,0.662815072648921
-0.939369355265908,0.217189335456475,-0.00800172440375257,-1.84364622650826,-0.69499541694462,0.552451950637575,0.0819380162168566,-2.18182996036484,-1.04216964655522,0.38362435552957
1.03382428107455,0.523929308338595,0.95157998859228,-1.17256851101905,-0.713804652952048,0.194952471621249,-0.449985535560944,0.0608637496424766,-1.28750921290641,-1.31735539805542
2.28989958595382,-1.93385357389404,1.4920823073907,-0.116535104567011,-1.04297117893785,-0.282824376393004,0.868094112668409,0.0325184430117974,-0.251810115898541,-3.05887091805615
-0.424590824564592,1.61545754664259,0.0337569159379471,-0.812899158486474,-0.3200430845249,1.42596901700513,-1.06716446062585,-1.0052360210537,0.69269184471508,1.35458921774272
0.78324062206295,-0.469738099300444,0.606404118861572,1.01970905293704,-0.76347579017139,0.517680612198649,-1.63453359472475,0.824620040244604,0.759154392269179,-3.14249607159131
0.844011313952059,-1.3048474107122,-1.55434083929285,0.0676733531624454,-0.122121015055082,0.333888822618736,-0.0297990372929781,0.0511840754928318,1.5012925528626,-1.40706524311207
0.785386242554814,-1.89737995766221,2.08306814678355,-0.170155386734785,0.897176446268644,-0.0340492581542519,1.91837418593412,0.591628428198773,-0.3496789215477,-1.78261761537038
0.44341341271428,1.14400803018796,0.159250480017268,0.315564610824255,-0.135239140080001,-1.17028130757233,2.29175655255629,0.85801394736353,0.482458544671998,0.420037254634618
0.448401529063216,-1.68298675772146,1.56632152395434,1.0551307804632,0.945889922600175,-1.86526749714912,-1.11135703610112,0.910505443853182,-1.13068630877328,-2.17290903275971
0.0447162821286688,-1.12314921910609,-0.0771719307930765,2.85535718235106,0.152189179508096,-2.84362090588568,-1.05202305499195,0.834075404548661,-0.53283856824166,-1.27189368043485
-0.962275610511286,-0.0466887503719222,-0.919046577396876,0.891786031186375,1.63474025366635,0.342683862804745,0.701197149801956,0.223892369284316,-0.176245975269941,1.65521310947842
0.434252444758844,0.593055125506305,0.715199263470005,-0.091547072733206,-0.115707375324458,0.642305410924625,0.249246483600761,0.468928728832116,-0.477532024451468,1.38062670771351
-0.666737661645789,0.668737635961867,-0.754196130555544,0.774586804646401,0.980263146359891,0.0393492495314253,-0.272043569730017,-0.956190639281213,-0.457276542140395,0.654112934370361
0.316019044822307,0.502846310482974,0.2447107811841,-0.973668924455653,0.250267793589635,1.90006480881588,-0.102489559777251,-1.68751084003092,-0.504684006737477,-0.214862048679189
-0.675629205036956,0.753501011239144,-1.48311213932712,-0.445448625899998,-1.1928758670293,2.78926016364195,-0.0744563063141385,0.643319716238797,1.24144325777844,1.71078267030491
-0.872655578781614,1.21143400924759,-0.364381089480375,-0.193536776850265,0.451495854314899,1.49193576860624,2.16183344813957,-0.938535594698039,-0.631649187263494,0.711098178061473
-0.417223330564276,1.0185184542961,-0.468427371348892,0.726244943934501,-1.5148700247559,-1.09202418102262,0.124339561427071,-1.34577058956928,-2.69838711145295,1.37107099311224
1.42469814337726,-0.57065122267589,0.455852902634599,0.632155580657585,0.445945601526294,-0.618757806443098,-0.00187593792670429,-0.0253808501082244,-0.629807984279382,-1.16432488498195
0.365676619210545,0.804358123439741,0.228146494587361,-0.483744912888659,1.36028939197164,-1.19680702971134,0.50496717327761,-1.2790784784541,1.52817632633333,-1.25499198111535
0.340729673778367,0.969148001764797,-0.495281573286679,2.57453744677619,1.52443917761487,-3.05753443642891,0.718303172017085,1.06506541318617,0.173971167069848,2.28288944185829
-0.967314809357687,-0.184487155576557,-1.5525991381671,-2.47427478070849,-1.17843775932335,3.93310064870517,0.0270955529546721,0.463274580667971,0.647064772868986,-1.91106930677346
1.61634208327399,-2.11940915029957,1.12586274437331,1.32709907901206,1.04412879886353,-3.2916771106655,-0.426574458346991,0.564645168365253,0.594504538753015,-1.15668378959955
-1.031295359131,0.51274835317371,-0.799477518991102,-0.674122341410773,0.292143301923127,-0.0153307039407756,-0.813554824064211,0.843354235881091,-0.0823513502801811,1.43465103618621
0.496992913808882,-0.603618704184372,-0.613149532588961,-0.495894474306505,1.15099131540282,1.49695721111014,-1.46862911464948,-0.719599251303849,-0.699920388836638,-1.74775022146356
-0.536038793680508,0.499205107443077,-0.424133958918366,-0.670204770628384,-0.520374333833393,1.51544838447546,-0.126245198927202,0.14299989181076,0.55156988809846,-1.38717571488178
-0.916452184945379,-0.316922065289538,-1.12389087741304,-0.0770588282599643,-0.446486864730959,1.49080222300698,-0.00856535017477743,0.214770636618474,0.42696114130246,0.560486118631325
0.669691768250342,-0.592183062430526,1.58101559698774,0.145063095494654,0.455465064609435,-3.19007115405442,0.299781866739753,-0.423256652038758,-0.0701386251919192,-1.29614253782537
0.589285155721407,1.30233740183187,0.639342546928863,-0.399293273420414,-0.638365512647441,-1.22659619561359,-0.95582535303365,0.360109480118098,-1.03836598879165,1.73304645723959
-1.07522587116012,-0.296833756751364,-0.679919268880967,-2.02868787969368,-0.895395966389251,1.8182897293898,1.57264946569062,0.559624645156389,-0.623680756265559,0.99788395472866
1.08558398898295,0.269341481995675,1.50992357069066,-2.09837096985566,-0.218752911814006,0.48298389343108,-0.909723488861819,0.00595596998056759,-0.255137867212579,1.60772524324733
0.69705567894793,-0.107858565090419,-0.305445763868114,0.574663087834668,-0.0570647353234564,0.654720281578442,-0.310799220258173,-1.7234180199569,-0.0142821397549562,-0.219921397367238
-1.12488558239798,-0.279850626742243,-1.80207038794172,-0.0961931167063632,0.479148420179989,0.975322146239614,-2.29729347747593,-1.51291893353653,-1.80104590337132,0.684958193144112
0.384542128288466,1.7666197355661,0.283336601590832,-0.168666113098571,-0.664396550306481,-1.73271720259732,0.14269406635797,0.768796587522273,0.186889629602621,1.01518934869265
1.37344520300395,-1.23646402113187,0.411037767674492,1.00528154978769,0.3167574004067,-0.989030359646914,0.259934493862862,-0.220405742514836,0.142261445092132,-1.46581352521032
-0.103990307652163,-0.420239408924094,-0.424550173605161,-0.833567385068559,-0.161376409660596,2.3694776963449,-0.907483392734332,-0.151927650204813,-1.76955920370366,-1.11347485600513
-0.477870585695326,-0.465570695882377,-0.148435101921039,0.843986587298764,0.0710674857359387,0.670505051287483,0.863977615736461,2.58228772452862,3.07145664984346,-0.413491071378821
0.400402061957717,0.0788003536496467,0.139105989936663,2.20747367305189,0.691265166180613,-0.065398880389951,1.66173813727717,-0.58713221804875,0.145431652714527,0.461900328363287
0.798635187943029,0.151325405838481,-0.915497414479681,-0.179924620931466,0.0126018362480765,0.477822137303964,-0.184746891932257,-0.0799202235180572,0.553158370160375,-0.378822296770924
0.0535200294937201,-0.185102616266023,1.06772671230238,1.13976006132468,1.05213086541799,-1.93168181121965,-0.53142867005778,-1.03024497537472,-1.20181158585541,-0.607170412365685
0.610653071717431,0.413171639548947,0.779446439654547,0.834210475293175,0.39412943679022,-0.190386896293226,-1.23063941500453,-0.698908071628762,1.56556105045987,0.0345384515433526
-1.0522754359992,-0.88796409127773,0.674418649284329,-2.30356884188932,0.210564482041939,1.54420419681765,0.170339686647898,-1.17565288979976,-1.75782239582711,1.95876847549428
0.0176382989837906,0.83199288437315,0.489726012775503,0.139917503202308,-0.497808166729153,-3.82898778986173,0.36262914008725,-0.271134305980895,-1.35618964747684,3.36474967278258
-0.50961204082203,2.76272011299788,-0.794906491825643,-1.04094258524959,-0.896005310774853,1.09505025048807,-0.0446663208141892,0.491993241135024,2.40896182683289,1.7985742945753
-1.1559752754822,-0.804625411655843,-1.35421630884825,1.3883445992387,0.382476963519866,0.0665572829575393,0.473436456004519,1.48417983965134,2.25140419972155,0.46142541813783
1.55903459373515,-0.319908773695859,0.866157652671773,-1.75092729716315,1.02443926034002,0.0121263614527726,0.740363356017011,-0.509681554937113,-0.45808581472696,-1.42232866873544
0.280714051402599,-2.37980834727766,1.44040964370722,0.517563384171578,-1.05320559464382,-2.19565935011939,1.32249983138086,-1.87791769699147,-1.62516065014967,-3.70551349101535
-1.3189845599187,-0.403343681638878,-1.56504143997011,0.94779530215334,-0.984889953613658,0.14336022050025,-3.79745718689394,-0.0574870054732403,1.09215441092493,1.25697546528399
2.14664972117106,-0.213088713429837,1.33133246214712,-1.59542920392769,0.467026255584146,1.65200273141065,1.36640780215167,-0.584603542857352,1.95784686162245,-1.56573467715508
-0.137776813089768,-0.196650699312159,1.14535374791616,-0.492997143915863,-0.20754393652149,-0.873477608360865,1.09025571037103,1.17914905694454,0.151224177691235,-0.472662392173275
0.101760716453653,0.409466836559243,0.00493803639103663,-0.341112627279212,-0.493120963140063,1.7628381916028,0.350203808935137,-2.0241892403037,-1.66360136492853,0.322019238009461
-1.05266456787584,-0.774457463783279,-1.20097772242123,-0.927952247587224,0.0409345625977291,2.28075847078539,-0.898783976136495,0.836698056515655,1.21195459600204,1.41624911665315
0.339720851238621,-2.62144645157135,0.907485691583751,-0.866333799772772,1.31560486623794,-0.459804920807414,-0.448170171544927,0.566702797630577,1.35242151898295,-0.94116639506923
-0.16639967476648,-1.73644730992274,-0.586461091877013,-0.72494586635035,0.696056021133653,1.50485734063207,0.520859268678066,0.978840624648391,2.01211110311397,-1.66079377769103
-0.385466143776626,-0.695231327283148,0.526299191986978,0.00105717926961899,-0.549389893455148,-0.707928332939774,1.18048318931688,-0.317087649904629,0.208539587799053,-0.599763518417994
0.657242381654276,-0.00640837050463279,0.662885013352877,0.75591020980772,-0.839207411552938,-1.42290496979599,-0.33999528538913,1.24318789167493,2.17187092581689,-0.890530596406474
0.763754383974435,-1.56210447515997,-0.96093333580418,1.10746998467487,-2.34244726876287,-0.654547558337461,-0.732824114880048,-1.3599452758208,-0.0402198966322035,-1.16641446744542
-0.520935283919291,-0.361773526035209,0.172429251449992,-0.510114507644118,0.119415667161201,1.21435669997553,0.704691814690112,2.64949786725451,0.527506228228741,0.462503359820483
-1.89482600618586,0.307991591940016,-2.39512045511978,0.729133756536174,0.488664705861844,0.537941399611256,1.50550376189935,0.12873653006709,-1.05140592581519,2.20157849680049
1.26123071490824,0.0592243170143302,2.44519786987719,1.40653317867501,0.375092415889654,-5.52079968547408,0.757983631052051,1.77485022300815,3.30628503031372,-0.807421446159388
1.94585726487689,-1.7720121742068,0.692780900396791,-0.815400116021876,0.890866966550222,0.199635610958622,1.12965731463088,2.44526789592768,0.194335158571548,-3.41221212051159
-0.529231142595836,0.0549969795163329,0.848879320653879,0.900301109269861,-1.04722981258756,-2.03817023699059,0.640768385062992,0.222662420590324,0.376881996265573,0.976370392354076
-1.6873916554624,-0.416169606500984,-0.647533977525008,0.910950440720753,-0.481232052456337,0.411731434762988,-1.35628412592037,0.692135128533308,1.78092164949446,0.540356346491885
-1.02907085818247,0.0233274595851904,-0.306025420176117,1.21373901964095,-0.381459721649244,-1.18055702383871,0.171659748873746,1.07332410072424,0.82084458046861,-0.230312516726212
-1.37093786072352,-0.418173841869081,-1.43126810654188,0.980207460950626,1.31906617419943,2.43018505747056,-0.716357117562171,-0.943950104585123,-1.76738855122449,1.09640656911906
-0.175858954262509,-0.353667633278395,-0.267063090165495,-0.0945259560494953,-0.4006474385463,-0.134855489813715,-0.163191208416483,-1.51585096482627,-0.701985611195991,0.765209480032115
1.26246914752774,2.47786464784197,1.14708452717756,-0.176250033425306,-1.02372136274551,-1.4556513539367,1.48856441869896,0.702535394338163,2.59892289026994,-1.21569200271976
-0.644621584550119,-2.04919217984059,0.209814861352779,-0.506788961575529,0.574305710902536,-1.47148149236992,1.53351355200473,-1.46848416430703,-1.40307977256976,-1.68634826467388
-0.887361968725862,-1.42134948029634,-0.351573858450338,-0.472297028575509,-1.10317993872839,0.743921526447301,-2.50399940213053,-0.366573040870082,-1.93884810613872,0.783733462239785
0.314966364221134,0.64049747603374,-0.490899666641363,-0.85272673392706,2.44578658603876,1.010062317343,0.769884053827156,0.0639543621172864,-0.11568760900416,-0.313676754151507
0.716000865163287,-0.113180728623813,0.507007063028178,-0.558432831580524,0.774590789529949,0.992262146899266,-1.39599921709776,-0.855319522004143,0.96510952224381,0.0791624369038021
0.898168101490249,-0.997725771506992,1.47477532218181,-0.488396063072621,-0.605657745332359,1.64161822984227,1.02756270536571,-1.99645782584448,-1.08595436617053,-1.45340783809923
0.336126236710806,-0.353282852624166,-0.131386440395932,0.0909252077584874,0.514996891520631,0.265944015830414,0.160323113035508,-1.38674703206461,-1.30216646387776,-0.0648414015988621
0.725434822852738,0.748140910625291,1.59049370360889,-0.783072978558253,0.851899971646154,-2.01685198485919,0.257481467534207,-1.1695517463029,-0.890161909926259,0.396378626870264
-1.22274982634578,-0.772249637766196,-1.65877143097287,-1.75118610499617,-0.195507633986513,3.32657884340031,1.27290712276282,1.6406338972352,1.30961666900173,0.0747904112870919
0.803976158844893,-1.57856463608039,0.636180550559038,-1.08355153572697,0.529628721719364,-1.63012371707484,-0.408363353169692,1.33208975635937,1.04205967317996,-1.98151365428422
-0.292107545975814,-2.72228029642928,0.0290234502705476,-1.23065334192094,-1.1394281447379,0.259738428862674,-0.546603908812427,-0.236299293797833,1.44239803718205,-1.43417597831426
0.808055599883265,1.03001722851878,0.658148295268984,0.117025845683875,0.122828140309454,-1.02323021964818,-1.44757899277779,0.0105577778583041,-0.770674453954517,-0.188864002783233
-1.81487071548267,-0.546547240069269,-1.88435301054047,1.70333686269251,-0.169545385538616,2.55006889874351,-0.410246978690305,0.431059153066941,1.34163668729747,2.92329134465363
-0.0740920205301399,-1.10873755654479,0.407561782854708,-1.3591021483293,-0.821164590622052,-0.999370939466836,-1.43070180851227,0.248082019387446,0.504914857331322,-2.43509876116923
-0.936750414018871,0.449229638976215,-0.365126324219673,1.94915244201679,0.142752712632523,0.848366255850621,0.492552605962782,-0.0253147754586566,-0.389431013432633,1.30454990380087
-0.421261289856444,-0.778751742260195,-0.525236898495891,-0.247230561191476,-0.317352836428802,0.649830987558216,-1.74386565828925,-0.308949042020579,1.01416159125306,-0.750576035959998
0.513855627685681,0.367555807035162,1.30723413193462,-0.449509599858762,0.700392839484578,-0.169305871012049,-0.0966003867457577,-0.244299823414759,0.589420526837764,-0.523560243521192
-0.345390661902008,-0.685196532947062,-1.41605543008502,0.54922930591414,-0.436246632043702,-0.486845182051336,0.70340151583549,0.774058448565454,0.442196303814795,1.29650142407997
0.694908195136788,0.0508418254077886,0.275205701860728,-0.545055101551687,1.5549437307475,0.689008030530612,-0.0616306089122137,1.22950133508948,-0.0229664561854632,0.041143851595802
1.43254957572807,0.330027835851421,-0.381789405075448,0.0402993979968068,0.509335226796251,-0.109085663545831,1.79699774308693,0.316357249926454,1.11549105670264,0.481924885119266
1.42824823732831,0.0598666822464466,0.519892507849735,-0.402553908501508,0.140987522844208,-0.224413821725763,0.493176282092414,-2.26388111645465,-0.878641496912453,-0.931912248100482
-0.205791858181012,0.216963222480315,-0.646159974296865,-1.12596931043167,0.515341580730506,0.847090217605927,-0.174639689203083,-0.298325762224761,1.07248809537515,1.38696029768882
0.850187844694104,0.669047763455757,0.962296112440262,-0.733242542746778,0.616132033138267,1.31186719825977,-1.12931863244404,-0.550152466256296,-3.38827657719197,-0.440234659072324
0.482074324676727,0.762369889809629,0.597052385456836,-0.91627646899066,-0.0252512087168166,-0.853414575809811,1.60007919268181,2.20751874737385,2.03863419166755,0.574562453880276
0.458081682595187,1.08407148890889,0.86357259605915,-1.43105950269324,-1.40760461826115,1.75785484825025,-1.59188101632629,1.46480994692639,0.856235447599742,2.25247074239745
1.6436375312504,1.61683538663179,1.01995987215891,3.29449174496227,0.722096719916284,-4.99438072212956,-1.07755728689422,2.02823616900933,2.55052285077006,-3.75012928446161
0.336146912804334,1.07022617623326,0.755838241211514,-1.12094368847121,-1.4943446608179,1.22849061788189,-0.815370399074503,0.760281011527984,0.776413056841247,-0.399172800016354
0.820812259984075,0.0863040194184515,-0.183165012016256,0.686047532464164,0.166315916599826,0.553809814314615,-0.883346457885607,-0.400130211852735,-1.03240562289875,-0.839040270780541
-0.861617413511088,1.8931813482601,-1.30029035765881,-0.317046589895461,0.859008766165393,-0.222059073363739,0.791125036955187,1.78773931222688,1.23688814972954,2.3252549639001
-1.11000626439383,-0.818913636021724,1.09196570331821,-0.653894473659727,0.479766783347388,-0.0900149458535681,0.761622557073339,0.486924762843333,1.06323551370357,-1.11188497281709
1.01111509933752,0.836724785485409,0.72425431395531,-0.528714017492787,-0.30142502763018,-0.0638791493566641,-0.637124385179725,1.32451597900442,0.965839781090207,-0.241257891716579
0.277276746206517,1.43652142542627,2.18979537610691,0.0963442547395068,0.416666856685719,-1.05662174956985,0.0652538113278854,0.168779905336741,-0.557450207518272,0.823906765701219
-0.729999048235237,0.330719663614126,-0.0261410657337254,-1.08433433216547,-1.23091860164586,-0.0444238029724177,0.462663495905111,1.4026595900844,-0.595639666165771,0.645565047897778
1.50936360657675,2.33218608389644,1.57697649356829,0.72887323765298,0.980548771013307,-1.58344162145103,1.0631584898688,-0.0713060479877923,-0.135248047394403,-2.21233627466354
-0.029843868403124,-1.03256501854298,1.20364032693329,-0.359230818204749,-0.0333617764891769,-0.438250444071573,2.30680965672116,0.566907566064865,-2.47945913570951,-0.911389859017451
0.140068777131221,0.197886966909739,1.56390224618843,-1.04014173903635,0.305486856023367,0.483703153180545,1.63103080189363,-0.494119280193343,-0.0522542864861035,-1.52677131193093
1.07855597445833,1.253946341617,0.51080202397642,1.06866319570385,-0.61419842337419,-2.84484752854517,-2.43882734071524,0.220475863182203,-1.87979269991754,-2.23719543887315
0.653247213900624,0.650262735393414,0.0518194569298166,-1.148822779354,1.48647670330504,1.73044250163624,0.141492338953459,-1.31809498917855,-0.359558293475336,0.0136773772759852
-0.470703757824715,0.0574674920228691,-0.0319099337338326,0.806742746473843,-0.254046379256362,-0.512496418628639,0.699523122887236,-0.111467458262135,0.75810377802954,-0.292449036577061
0.627100047883627,-0.843801458918394,-0.263677898831583,-1.78203278100798,1.15904517084711,3.90708703798267,-0.0216252973310845,0.744698987662918,0.419737830777748,1.70616634354657
1.37331295440121,0.595251366094919,1.21639456594345,-1.04470123822231,-1.95995097252485,0.0436012105773915,-0.498778686292391,-0.109219272428551,-0.664439451987523,-0.521822406502226
-0.114631059608733,0.908464996769566,-1.23746851039809,-0.0397582334125249,1.08413524595886,1.65790414816426,-0.897331566583269,0.855286463853677,1.33323021171567,3.07516189541307
-0.972845828874794,1.38947522641755,-1.99860264117254,0.688816536498869,-0.534291032024538,2.26087932566479,0.960492916303386,0.970708546142693,-0.124808301998955,2.91111555886631
1.62746667703896,-0.31479388175773,2.24558112687791,0.377846839739831,-1.50709809921473,-2.78697089262733,-0.342339490523108,-0.285895915295241,-1.45905894531288,-3.33992284392134
0.209026475653949,-0.573143342735155,-0.00939154660413333,1.4583073624582,1.14306307124479,0.995486144300846,0.621273197266443,1.18774559964962,1.57738639294491,-0.877625032062216
0.283003499207113,-0.397482328236441,1.78166256309883,-0.686547596261871,-0.723246650374838,0.540989725305883,-1.23473913356034,0.948725405769717,0.836117447197169,-0.143883824609768
-0.623831600786311,-0.747566181233204,-0.987790074231368,-1.25767812946558,-0.207015008813796,2.48122649944325,-1.28767237903349,-0.297975548690887,-2.60132249748497,0.77643996342893
-0.554672142451422,0.201308040127363,0.627149803799923,-0.230291865461509,-1.12883806861088,0.0922174104956605,-0.965075987041713,-0.745428031824371,-0.263724961418134,0.557894716319393
1.34195285346148,2.1456232240017,0.382851734729782,-2.21395626798511,-0.990764270403259,1.77330484718441,1.27636710093217,-0.32518132869973,1.05092368363725,1.3226027040842
-0.695298125686828,1.27348480619218,-0.0513162747146265,-0.470197300508687,1.99425630008577,1.40134263304033,-0.941821677812819,-1.09185692972775,0.740327299084801,1.64863304457141
0.0693213929109544,0.416420599789725,1.61147840975708,0.803542821862509,1.76677721567169,-3.78758203082127,0.25003050086512,-1.2413693391781,-1.19593981314424,-0.832737589276813
0.47403040101649,0.290600440762998,0.635278737932239,0.433888950880075,0.493815107799731,-1.35573930285324,0.262750100005301,-1.04255400644837,-0.83801439597955,-0.704484022942236
0.562457523347695,0.253312001777094,0.94588277132588,-0.673901677820558,0.941457236061535,-0.591424545791025,-1.16155150102278,0.744027914088881,0.0072934678112877,0.363501607371599
0.662887289965396,0.935982735996145,1.08573211129256,-2.63659770995522,-0.880974687023746,1.2842268221284,-0.724534758257316,0.321597033114812,0.0203389658027142,-0.312390776979907
0.0850205879583477,-0.447436026645827,-0.486854168584758,-0.400078684104249,0.145348687179595,-0.0134849652349992,2.12819460707846,1.03633570307358,2.18342266217872,-0.0151134103352469
1.8786698511166,-1.3317270094546,0.684682905307719,0.673133327415781,0.256946368602419,-0.848471899249063,-0.777078510843705,0.31144618151881,-1.55157516238919,-2.64484546421674
-0.926380175662586,2.61743674125852,-0.969914228166468,-0.725756228032692,-0.828150335202044,1.14761054996947,0.768599006206658,-1.88899624885687,-1.46330159689755,1.98731704727156
0.365437802032668,0.894456821523733,-1.54449513850608,3.10462296423118,0.413978650333588,-1.54521780030708,-0.244274001185563,-0.387074706391141,1.46756638968264,1.03746327996799
0.579029789953312,0.506150209181076,0.846404454810225,1.1071991826082,-0.947582874918515,-1.47506221776521,1.54997575904796,-0.38515505812416,0.255203074505783,-1.22740527727842
-0.333531746689631,0.33846877964297,-1.78442188544671,-0.624308022074874,1.16705990481462,1.34561104963803,0.364287049023857,0.968141958952184,2.63713686833323,1.97613608559041
-0.298692686096586,-2.68808937595748,0.282346361012967,0.411100749774277,0.31815691073624,-1.15135097966198,-0.351134422877572,0.205382608914802,0.448373917719427,-0.270172704455717
-0.636650808836316,-0.0351015399972858,-1.2171574624893,-0.477956280166151,-0.00881814415588352,1.81812530588763,0.806990436295517,1.84828364872458,0.823281749865991,2.77350447972404
-0.818173888444261,-0.185870949815803,-0.785076460281285,0.488371269569171,0.684775634501133,0.105617687844868,-0.533831958721668,-1.76728572922653,-2.25512434598343,1.71607742065519
0.600887417818621,-1.34606212190195,-0.675306187805217,-0.821783092119872,-0.926316056609856,0.291967848369299,0.268905739524963,-0.0119189961814546,1.81394536608276,-1.00411400410349
1.09559828632451,-0.144526229619606,0.0746427810712483,1.8183821781526,-0.423381218132205,-3.40715217514955,0.420570336627787,-0.230073639366079,0.968540072325863,-1.03334992453218
-0.235478123019147,-2.41952095037691,-0.398613002836896,-0.913179588398288,1.87090668365796,2.66770903145333,1.42194788553017,-0.969581473831651,0.498913630224234,0.0887670851247338
0.714851562362692,-0.500237066357552,0.314790484108237,0.692521260853049,0.998700352355137,-1.13701258106527,-1.02519816513311,-0.0416959466722731,0.988776619018176,-2.1579935967007
-0.690262582678672,-0.0109368022212878,-0.693365124550282,-1.62645568482882,-0.345264864085977,2.96411931142394,-0.331498002164605,1.56858907796349,0.493227701161535,-0.106544298945688
-0.594898317442003,-1.53949216254499,-0.964686206528124,-0.439560042436729,-1.30244730519903,0.589090501708644,1.90236731271521,-0.164367253729205,-0.255270879281387,0.521223822617046
1.32874040414485,0.708341117218962,-1.16685496713466,0.552329069422167,-1.65425600976257,0.873009186226955,-0.209488151379132,0.127109622425938,2.22218396423486,2.78010455366066
1.57639277485098,-0.938556764405471,1.25901288394712,-1.6707699952891,-0.0579963935537142,0.489669533554873,1.25358740522829,-1.09046164390854,-0.938018481362077,-2.7118734454313
0.783100118831591,0.128021745739777,-0.139248496318428,0.177146856262003,0.377320973131622,-1.0887841361279,-1.75434078272857,-0.494278709211916,0.176775892403982,-1.00181024896542
-0.618995519049432,-0.593529570872348,-0.696048343327881,1.14058685410577,-0.508345396011761,-1.34061022749064,0.0753724408786194,1.06078913644441,1.67524269243271,-0.558688732364216
1.9341289796792,2.0244865974957,0.96253144220635,0.320607316059273,-0.529149628853211,-0.757240639772599,-1.13169134781499,0.756131480975544,-0.810725472028416,-0.297012294783591
0.419391741076331,0.910888638520518,-0.0765252917924516,0.62754807737051,-1.31530101540596,-0.0742570287682933,-0.292534194507888,1.46226390531429,0.793961738898199,2.39610825566686
-0.0927958657815671,0.377776430469166,-1.0185117389412,2.4659421058238,-1.6152141367639,-1.42660346731853,-0.541104233467434,0.300522552901628,-0.317980674793455,0.550207377366567
0.713569813993729,0.153218547846248,0.922955765728611,1.30066693822659,1.31175481254335,-3.16924420107878,2.74433736444808,-0.565225659735217,1.48869588483373,0.612709184694287
-0.584263160912196,-0.495172955366414,-0.728315965991791,0.938091949471071,0.53872022272535,-0.821258565475614,0.985941058135561,0.195158909243349,-0.534658472829886,-1.02660878021348
0.0881992090081403,-0.589704847038686,1.65512331839897,-1.40048211701287,0.47712750842049,0.318387874133554,-1.18437136211471,-1.1884271560237,-0.938299823613924,-2.32952840813343
0.760582086461822,0.217225165222096,0.0150398553893554,0.296675418873042,1.07057654496973,0.0467348503903487,-1.42911922377235,1.26815762506471,1.20967180825304,0.0633302981729107
1.46605966427496,1.06605450849023,-0.0559196869192764,-0.0116746197847811,-1.13442553281309,-0.680564430914616,0.0221435674160862,0.623975857086927,1.22160131906172,-0.974390745409146
0.412644604647176,1.57958362062032,-0.909171332861999,0.412616263267248,-0.705444174379953,-2.38835508900937,0.964160955696885,-0.26875210774827,-1.95121688469583,1.40084600460762
0.469913902430451,0.0754527122193486,-1.96811006291323,0.0643014877238867,1.79908186341957,-1.19698404847913,-0.706200226978896,0.434935737202583,-1.30650842176264,1.71197047881076
0.777609837458757,-0.632539043087882,0.265314715398435,0.900725064279962,-0.999826674831667,0.117591989846204,1.59206532288123,-1.00001285047166,-0.916120431957203,-0.628231612672399
0.238429990021871,-0.755044378760964,0.281930182133422,-0.207211075532122,0.446437597677948,-0.988271356194326,1.10629216352021,2.13604913658711,1.03839921812495,-1.20487097954232
-0.0188878880977975,-1.06806183752783,0.204271003393661,-2.00535664112337,0.349840219589082,3.11290864263539,2.10994519861269,-0.601973484774717,1.44114643885609,-1.46909036702007
-0.970369400238337,-0.760438169761327,0.668271653991829,0.449619968661281,1.19012359367894,0.371450909077266,0.624115238182202,0.399289518642058,-0.169819523450733,-0.175592141589444
0.437899204620899,-0.496605685496804,0.618197501054963,1.38679172166694,-0.539995896125722,-0.933144069109077,0.237602464322519,-0.456794486089748,-0.525707498323435,-2.34782803761169
-0.73625829303773,0.419647152646907,-0.0103203861456158,-1.13186773675248,0.151417863806258,0.792895373536719,-0.479837962446073,0.688140643537011,0.186625460911054,0.980832478670617
-1.06892782914472,-0.894824327406132,-0.300637861166529,-0.322002075330083,-0.564290646387418,-1.30109671548381,0.582868892914927,1.54147839060642,-1.12220350974868,-2.00667224330677
1.46112064443036,1.15407376816026,-0.37874481961924,0.982407858093329,-0.336558990213542,-0.715526898285604,1.90281882932319,-2.09493449510326,-0.366426373180178,-0.902777921315798
-0.640758557622118,-1.93759390516997,-1.43973556858617,0.858426105905979,-0.447202720218776,-0.332991831054947,0.0997070272221745,0.543219779143486,1.92971007631464,-1.68503397934995
1.76897874908208,-1.84345404847941,0.157548895638783,-1.63205268145844,-0.362885388738773,0.0476968644236576,0.428058437415519,1.3944107397236,-0.148453592629298,-2.57444287598801
-0.0778521769329449,-0.12929301742936,-1.13402325469632,-0.0765771005590929,1.61854449617109,-0.531351510094797,1.92054237938915,0.349558890886578,-0.625137248159458,0.108320877136112
-0.0805731005112545,-0.357480955483683,0.467721855957376,1.61201919205305,0.902255778636343,-0.435415176343235,-0.84963407397778,-0.220225410035986,-1.59883499456232,-1.46560563748825
1.33947968096999,-0.16962171773765,1.07612987427545,0.0519881531614892,0.00523605720657914,-1.46399978991691,-0.120179482838512,-0.714365250566502,-0.98555935339922,-3.2380421781279
0.0273970524004671,-0.104193624741819,1.69828717760382,0.80942988626099,0.633839397759782,-1.0582178974018,0.0614105792266899,0.403522138910014,-0.219737435653621,-2.36787162052428
-1.18780797173596,-0.771261700721848,-0.0537072888805304,-0.598907538668906,1.6916681284854,1.19697957829165,-0.195529992017321,1.04664656164877,0.469898008263822,1.06286661669127
-0.522312422077513,1.24294583236894,0.337867290502363,1.31321939845907,-0.180224596914856,0.169459527730068,0.659095200542901,1.40231397241099,1.17401845591914,0.848825476993565
0.0467718512407192,-0.562712715047501,0.77448078406935,1.59658587182293,0.365244373197683,-2.9614694267846,0.98088232850415,0.665402475297022,2.27029190521782,-0.17797467277844
-0.310763910025996,-0.168342727631563,-0.417617335152023,0.37075744943259,0.417708074347586,0.162667113420958,-0.17181435855163,-1.86236737424041,-1.54001499495256,0.957278816042903
0.704275383901456,-0.440818121420377,0.548716761473426,0.19456135207448,-0.53304535667818,0.554381485955685,0.774554948056856,0.316876853921387,0.0625944664021957,-1.6103227853965
0.386075730000132,-0.0365227669014795,-1.17683469211229,0.307034009098496,0.791017305100963,0.776610701306814,-1.34190980446709,0.216319686083447,-0.955934311205458,1.30446873908411
-0.25290081950349,-1.44639725501896,0.46776672229867,-0.291703754925359,0.123118070557553,-1.81239132868906,-1.37767094008278,-0.263343667397918,-0.184010548269953,0.397292652585833
1.18144639584658,-0.199564417923412,0.0628207071049302,-0.00344569621867447,0.0718321528434519,0.320297677753623,-0.783577110168969,-1.16624479634741,-0.0575497149877302,-0.595327574959722
-0.134815041177771,0.447073613714419,0.698068954485427,-0.778245348465646,0.0674148963192679,-0.773777737510672,-0.24964741702251,0.484524493864987,-0.11812769635308,-1.10823044290915
-0.00844210110517546,-0.0662746989854619,0.050796120932061,-1.41588078468809,-0.180463226930868,5.06793662829233,1.68571074709208,-1.47175016881193,-0.896166179968937,-0.902484695269636
0.975208911518524,1.39475117513714,2.95865561598231,-0.778720174365882,0.355077718321665,0.678548477842822,-1.25509625958713,-1.90015675193602,-1.17955226462154,-1.10048376458419
0.0544169194015894,-0.322781725799024,-0.2421247333353,0.340408583063388,0.347112757907443,0.614444657964497,-2.90025248724473,-0.601412321404416,0.0825426823173099,-0.460541969496123
-0.271744986803286,-1.26735059291719,-0.216060462829291,-0.85506308964663,0.0803784364065322,1.31838104871473,-0.400002918883027,1.00738379008289,1.20318565908914,-1.6233097778158
-0.132780077611165,0.0139573732828718,0.187962451666053,1.63878437815254,-0.26423022099762,-2.54826454660359,-0.523743121161355,0.0951703367963995,-0.830996282946994,0.593435311705967
0.0385434640900207,0.153148693143502,-2.80241974070235,0.545328057095621,-1.03183953140317,2.33532483803848,2.17142984099009,0.849989938906262,0.294279761116516,1.32508085987427
-0.505039569096597,1.25291914730705,-0.935089622459511,-1.15126964697827,-1.05672916570767,2.02837809001439,-0.429521258654396,0.300387169004178,2.03232637735938,1.15147231019297
0.297078746658283,-1.76860603931111,-1.58760117415666,0.413831855875961,0.218740309710608,1.42101881826202,0.352962336539668,0.907321068068593,1.81869888027105,-0.464324577484622
-0.126941519352957,0.137138146860245,-0.66803272765771,-0.212080318268807,0.647040551851645,0.282446535232839,-0.248539850478403,-1.43545667798601,-0.17632214791103,1.8506317399441
-0.66400363354934,0.909496308053186,-1.3623325978345,0.920707314505145,1.02596199915984,0.637532822177318,-0.43118652510087,-0.153031533405808,0.732575360467244,1.87545546078477
-0.832446861858583,0.701951697312263,0.922107068740003,-0.315291503574179,-0.929143456012803,0.28967718856199,-0.570304594439762,1.16291498742942,2.45910689533049,3.30993103698395
1.16247031122581,-1.51868721991363,0.634863421846708,0.831057148708301,-0.0291503518324181,-0.801164109817487,1.23996161253005,-0.542293923031759,-0.172198082460137,-2.8527692627781
-1.15362018519162,2.70661756244184,-0.553456599854176,1.46229506377053,0.0323421544459173,-1.10733459388532,1.24918126568301,1.43634687360436,2.06400389120976,1.41220160418785
-0.561418077752597,1.00373269126858,-0.580772554188541,1.09521375921229,0.798029486838115,1.14973887881557,-0.435248306477131,-0.262504800189763,0.102708912823733,1.78041100538941
-0.956610180437401,0.453019543191353,-1.31262569978967,-0.327825706269371,0.763133123551009,1.22249562731249,2.22749397388935,0.607440315397179,-0.114037763975357,0.91216138048123
-0.502203414051308,1.15884275770885,-0.338528774238703,-1.53091322597341,-0.952429482025335,2.31482682947196,1.50271617598519,0.759208547359069,0.563170771939201,1.32457994338592
-0.328656161220679,1.97313995468984,-1.63915616509447,0.442644717405574,-0.016581539734812,-0.234800040511127,-0.295937023660326,-1.43935578754767,-0.0921439727343157,2.21089786385712
0.358244996025652,-0.179843247401482,0.526326474613391,1.02079089935088,0.234264546059875,-1.50747870877099,-1.07898304976322,0.508405113036807,0.45220319334916,-0.0314249070357484
-1.0668221624516,-0.285875783412915,-1.74054266641828,0.886287331635441,-0.0964087826882656,0.943604113580351,0.889172960943083,-0.822078493912498,-0.782560124365536,1.3761941845473
-1.0728205455013,0.513185402975507,-0.612820012204767,-0.619896064825608,-0.146583539830202,1.38522016204811,2.20176545258113,1.20522791476207,0.0515128819087355,1.97310557399068
0.372804346885418,-1.08682310345541,0.501646078719875,-1.54698272632333,0.435408872438899,1.84905546984188,-0.147354660187772,-1.41178918254551,-1.22278475094934,-1.3063751591263
0.419725852197747,0.46469254573795,1.63396119631321,0.575427179984026,1.36485498851241,0.73689961403518,-0.344500490322948,0.0849852557834997,0.625085861039306,-1.22355662187452
0.698562864261156,-0.227515644584442,-0.333278218357962,1.26482606402738,-0.944383898132933,0.0983062574609436,0.13907039468965,-1.00596034601222,0.174402097200083,-1.65806001185619
0.621975734963369,1.0115504430103,-1.25413630307904,0.417879379640058,1.31696203994555,1.46275872509996,2.16310097446662,0.195095856542519,1.78895637322311,0.327937861767472
1.40517012177465,-0.858926305174745,0.00749271710776298,1.01962911344735,-0.808792633268908,-0.431236610972098,1.13063749727906,1.16828820074649,1.16053445022075,-0.864064773780951
1.45323823447606,-0.280172522881709,0.634898092013184,1.06635781821668,-0.695779311684899,-1.06677657533722,-2.60978223908782,0.0416513775851947,1.31519303588871,-1.11102702167216
-0.566495737330168,-2.60043644777814,-0.0295042188086128,0.392834143097035,-0.0550670329507734,1.18602498345196,0.497029008644952,-0.294578273880318,-0.239025150429677,-0.481650938004665
-0.101750195480177,0.378572951458393,-0.373055827654354,0.330303813550307,-0.354592274298801,-1.04969978362048,-0.549370486514484,1.06872111414198,1.3687741024219,1.03963431474907
-1.41681394606757,-1.00729284888227,0.236429472741315,1.20648600358956,2.61353181610335,-1.59006556032175,0.844866916182094,-1.7986007752499,-1.05062809868135,-0.939838638506688
-0.437743497828685,-0.301072573383083,0.477008116910238,-0.127146971685985,-0.283566200136437,-0.24176022492923,-2.46871792431024,-0.988501741450247,-0.762600424794074,0.0349994872386722
0.250718272810826,-0.877836227380987,0.279310411212641,-0.0548059672297765,0.935337401577222,-0.732860627035832,-1.77846211945669,1.99323754060353,0.57924736616323,-0.331427418115007
-0.636788032896069,-1.16433166442181,-0.416944112700587,0.231534571984549,0.254574493491758,1.70463285882591,0.509901210322619,0.132960713811227,-0.731022973956508,-0.454027664405056
-0.772059635709576,0.17705360482414,0.101869342573606,2.30909094286126,-0.612929328839409,-1.55442566040702,0.620720018318245,-0.221002070687767,0.411817268027257,2.29846998787492
0.597478058240784,-1.65685773040829,0.187113702606125,-1.19666466182646,-0.0720926603205902,1.73164706972355,1.97363613175721,-0.345381592551589,2.22576132431254,1.28561662710776
-0.427722002996129,2.84737964958457,-1.42865545516931,-0.453405811361101,-0.238602421048465,2.58006532797028,-3.58257463620299,0.494891633318403,-0.367151512561432,2.57659060363094
0.871222190764134,-1.34787265315076,1.25310456339382,-0.564849747759291,-0.241378295242522,0.265967324525419,0.36435351763569,-1.22149114663527,-0.7187427933196,-3.49891252867963
-0.706861589136633,-1.31183369121458,0.228436091403922,0.857802859383508,1.0892353170294,-1.77482357035398,-1.73909230662208,0.0116821420335131,0.91284916538434,-0.289564870469661
0.792547506837513,0.391215358981587,-1.08574577756937,-0.763170875503923,0.0892530704459081,-0.297069779697116,-0.875135423809435,-0.800528996609283,-1.68609055147329,1.49238520762782
0.496604690757693,-1.45236893634307,-0.943167671285508,-0.346533081583372,0.537565087832839,0.590750466260561,-0.121296501734668,0.815710749181455,0.168228623332065,-1.25993184565038
1.25957616184638,0.999660032677602,0.995626441281465,0.0911995020443949,2.13480483768226,-2.9459027837352,0.0322791986485042,-0.130072234276691,-0.581425519028265,-1.85615523381554
0.219879552705039,0.786632226111775,-0.16188495640009,0.301658674227337,-0.491591008308436,-0.560941857427508,0.276106027009113,-0.176793320373174,0.745130222454087,-0.333588381662984
-0.0136467644996135,1.42570124785855,-1.97586163557413,0.735068972673678,0.762962742000094,1.65007843960985,-1.50955048737134,0.646401967408675,1.08652880631326,0.220633488469121
0.68782145014778,0.279276244086285,-0.515532283875367,-0.21553535828908,-1.42394946999885,1.39242456771563,1.59837393933826,-1.38818149776311,0.857726084495549,0.517104777100965
0.064938309884569,-0.211919625720705,-0.244713192656778,-0.260822245158733,-0.377552960468878,-0.648159014230622,-0.67260526448863,0.152572916712363,1.12647932015862,0.158148714931678
1.67754616217283,-2.27814781875748,2.00726511248131,2.38745488572626,-1.85080980277045,-3.05006571833959,-0.0330504276691438,-1.37162161544642,-0.376642428394841,-4.19306867153873
1.5101096658113,1.46542998617186,0.814075874854515,-1.80380007992629,-0.201251980514971,-0.79936321208464,-0.682915901221446,0.361675796690655,0.369235779783868,-0.734257803617139
1.42326693637005,-0.101051107543444,1.42160926578305,0.753391228118109,0.522828121516377,-2.30403210546677,-0.0545815003475056,-0.325450034875246,-0.838394463045469,-0.660056853848188
-0.712182874889839,0.561919584837265,-1.40925649777616,0.504174085922865,0.469193967263583,-0.808659893170649,-0.42560073332044,1.00628897390336,1.00443440925491,2.58291531438864
-0.849982250206671,0.0148267895058293,0.463811576702743,-0.287283342161126,1.13916168944375,0.573134802471022,0.400794702227723,-1.07038117348453,-0.987073558157968,-0.823384872789631
-1.25229479893792,0.0591978380384583,-1.88657764616892,-1.05992013550137,-0.79012774962999,3.15475379426945,1.30827521439614,0.582692131195096,-0.280029903096934,2.13129630320746
1.02718218684533,1.0107652755092,0.853424016545291,0.256865273157048,0.435660420154186,-1.99927367677855,-0.350162903440234,1.37754533346436,-0.845792018561143,0.237374474837541
-0.0542493043061053,0.993999717679834,0.793430715842028,1.91807606391008,-0.38076194347301,-2.5333200625,0.20559884773812,1.7354929706927,1.51182431363892,-0.244401940715612
-0.473007118579441,0.60616801377438,-1.337997859262,1.37445987387467,-0.434677165034394,-1.80176038702549,-1.63660106479448,0.841160115496538,1.60645022826941,1.5244317187727
-0.462123996294023,-0.314728983436879,-1.26384186638616,-1.56751295204854,0.186369584035104,1.77479404746837,-0.674094214691624,1.13293452367237,-0.035227289067101,0.649534554864991
-0.228320353235282,-0.244488867737059,0.981491030013136,1.15104221097705,-0.137752048945096,-2.55985367565088,1.65767216869526,1.46547708239712,0.166459093372613,0.676358730250777
-1.33110001063415,0.643303623077802,0.330711817869834,1.04086558476369,-0.479647149741933,-0.479827892411744,0.335929992329771,0.854411172644252,-0.0991235192490657,2.92443691406687
-0.438688656078447,-2.08544222538646,-0.00244296123168283,0.0556135491502656,-0.0474945700526462,0.250683044251691,-0.415263724456597,-0.862552772974541,-0.779575723728303,-1.44511989976218
-0.980819054875054,0.344160950640772,-1.17777267499559,1.06098287666767,-0.541316392400355,-0.101685768944204,-1.6232136938545,0.0573807464592634,1.90491605205373,2.93580873842355
-0.962551626385928,-1.04004446371063,-1.08162436705243,-0.204791220104799,-0.0841888587161328,-1.99750807690178,2.22256635954209,0.0694338069860284,0.539828029984121,0.268914661374097
-0.720365643382941,1.91484034305986,0.118715934244571,-0.00727479977511003,0.654688342218651,-1.21748215223996,-0.963929896419424,-0.521750863082286,-0.328071558810044,0.284742340098156
0.920425041144332,0.324594727851858,1.1975949852875,0.210431201700911,-0.255304495793578,-0.742071529358799,0.151830128205768,-0.596567725981504,-0.97511926702904,-3.23876189940832
0.281164213888417,0.295102248307464,1.41809411786988,1.39730778463071,0.37397192326623,-1.7653498536766,-1.00292905233628,2.73330520931227,0.414412260259949,-1.39221068962553
-0.606124244573369,0.536612186339299,0.735511967356026,-1.61207516204382,-0.74218856206883,-0.0690145915183449,-0.0435286334997806,0.267901717803133,-0.305340850028122,-0.00733570973641874
0.36400025271539,-0.236947716226715,0.291578771912279,1.68864853801097,-0.817423071780032,-1.6693297297688,0.990369345447755,-2.55857791134001,-2.4203078573103,-0.655115169433401
-0.404608327298859,0.753197483785926,0.536958600763682,-1.19157435936993,-1.49185017406934,-0.467614861165562,-1.07181925293926,-0.205840931689086,-0.191723218873894,0.0854062366191708
-0.888008568634063,-0.402164265842837,-2.65850651830511,0.599724090953229,-2.13812204691654,3.48332362252941,1.58753824315358,-1.26236450005034,-0.536724868884778,1.34937113174673
1.09462252240946,-1.98764416226759,1.8743977848292,0.0882851706554869,-0.115285058379047,-0.606072239884386,-0.635643223665416,-0.231993405937843,-0.0684147217755724,-4.53225711818423
0.00961205507196483,0.434511745556394,-1.02751935236527,0.0297909871654652,-0.285485175805243,-0.361468223109947,-0.716212583199732,-0.419417877921365,0.368020764445843,0.594147380791903
-0.985903472944154,0.693325264003314,1.26138737040515,0.0266461419961578,0.695495137439334,0.612047077741121,-0.846099388682329,0.212151843406379,0.447095250950674,0.261804778330533
-0.357674033977263,-0.519971031064067,0.726556432768438,1.03725287282764,-0.0313777712730025,-2.97338511847011,-0.48472228974679,-0.699690131771089,-0.359033190891819,-1.7674540102467
-0.498893349842982,0.502394822176333,-1.12856834495065,0.573563157488962,-0.112111563453084,0.837281700647322,-0.051196827785216,-0.351933153438196,1.72611612964824,2.70010964316158
0.495183542815577,-1.73093659809379,-0.221053385509954,0.505801779099202,-0.214090178251077,0.109839518497269,1.24373858640486,-0.290738761007016,1.08618689687042,-1.71969448621878
0.495627986386826,0.886391988701184,-0.560336011623099,0.952395088359736,-0.435419159640055,-0.555808970765838,0.607206036151193,-0.510782166426811,-1.96000990532796,-0.274726900663364
-0.328158416339412,-0.373268860028519,0.652456851094269,1.36342436293635,0.157174544466074,-1.31068637138706,-2.26518467492684,0.983786296018521,0.314240317200256,-2.98294751005022
1.81746204799588,-0.113964695110915,1.88990889695094,0.785173155766436,-1.59299002852073,-2.08239516609062,0.753011919628812,0.695344904363066,0.450023053902235,-2.22545741301078
-1.97052823241667,0.0915869086246434,-1.41858522217881,0.865598930461395,-0.70197885778838,2.60886334702511,0.0513695335652327,-0.249203103800837,0.537648948148795,0.72181954173734
-1.45588694684087,2.18009568638086,-1.72490022875553,0.400281414358107,-0.503018734018037,1.0490412239069,0.589713368338786,-0.16809897772871,-1.36305849817401,2.23220897203369
0.978846329361019,2.09534541974243,-0.279150459780281,-0.960283710324254,-0.275956320829278,1.20148430874721,-0.843004656122537,-0.302034317145727,-0.810197546717665,1.8808621524778
0.604917194039721,-0.786157384598797,-0.442517518103158,-0.644309323948576,1.17991913873808,0.382794363335153,-0.495774875954395,-0.00404524590315081,-1.2605531542177,0.157709031727481
0.553956772142553,-2.08383235202867,0.215466688366339,0.362089257941753,0.25412961308867,0.979590366825614,0.0673807014282534,0.468222355300926,0.42512486932579,-1.33119168456172
-0.337542244192999,-2.47616791384424,0.856934480819173,-1.28605488958676,1.24580360638326,0.155595569772036,0.169572506197226,0.255644983682866,0.583052878357923,-1.53181875288714
-0.325686239194069,1.37898571996604,0.295855185819244,1.74267991241961,1.39196686647665,-0.725060801635522,-0.0957924808657358,1.45277411089061,-0.0362938677642484,1.60307599033495
-0.427675467202117,-0.0185494272263214,0.38652535429111,2.20385876014207,-0.00642247260388203,-1.65552225323481,1.68910289806696,-2.19883993966658,-0.461273278482976,-0.566334972745503
-1.60161187906826,-1.75133311940373,0.101874679930969,-0.221821692440337,-0.0935313026189047,-1.95551191277086,-0.416786330763465,0.729205177236401,1.28520226756146,-0.587448402115818
-0.42296151255878,-0.619171522228867,0.876510709075778,0.00226990096616492,0.142867208034399,-0.540875804269777,0.105586428252692,1.39760083599372,2.71511657769076,-0.320423723215155
0.24048309783354,0.975300630294925,-0.678618716348499,-0.113675734747366,-0.311847260506574,1.35992938230506,-1.05544421140221,-0.472337735902167,0.0270808314250646,-0.0600405440156691
-0.211769266017103,0.605762415008327,-0.477770644803417,-2.42154495286726,-1.09889141551108,1.79068327851146,-1.4709702602707,-0.721692729579289,0.411668201593936,1.11656282808604
1.1207328693235,0.728928318129473,1.43481485788308,0.63595540450247,-0.781996359078467,-3.21456537124145,1.26563438715319,2.82630060603376,1.52921806898308,-1.74063529799368
-1.5797400187664,0.863579684062821,-2.13488142676711,1.71141249289087,1.7858761120227,-0.337437051141049,-0.46427427482775,0.253816437628241,-1.90737074340735,1.82830954625587
1.31324055622806,-0.11824423207462,1.47429315771884,-0.119843887467107,-0.32724527437011,-1.36891477576107,0.384769797656415,1.80533561435545,2.07395330398931,0.351256926716431
-0.464469474749127,-0.949939382498908,-0.546828649776103,2.26741829444586,0.471379799632524,-1.06366569995786,2.30610803703433,-0.752496282679285,-1.50072776534713,0.40708791459198
-1.10276723325317,0.0945121595701239,-2.59979665467081,0.83572916875801,-0.204070222644604,2.90439251596008,-0.579430389892095,-0.198756518784931,0.146628738824263,1.91593867384478
-0.206054231047321,-0.767706502481054,-0.694086121378694,-1.18819958339278,0.167229763960112,1.72239216172706,0.775170110485154,-1.17004066609327,-1.76470100994897,-0.549975376087822
0.0191049924912921,-0.491212997775372,0.402987430062699,0.713882977076449,-0.403003612725025,-0.566207240189927,-0.286339125901475,-0.0750792863686927,-1.8412558194185,-1.63384121298513
0.965787637014181,-0.0916452601017321,0.677740676256583,-1.44010972118597,0.0338369363884003,1.17510877250473,1.21915180560476,-0.945323388862504,0.234562379317876,-0.900738734747182
-0.740573449588802,-0.0622097072671687,0.0341577766189813,0.96062277338495,-0.196929716291225,-1.13886711421216,-1.17756697019619,-0.792385209572021,-1.47074358634369,-0.192196053478268
-1.35991894713056,-1.63255545471624,-0.507781789283288,-0.915545570288739,-0.655262232550606,0.447956728050323,1.16520765632622,-1.84559879451694,-2.42958081815032,-0.581977957332644
0.772186883915715,-0.299345799967863,1.61097017623992,2.35494531788254,1.77220759694425,-2.60712936558721,0.71622315862356,-0.124188465095616,-0.480411406850203,-0.58167536563279
-0.470810471678338,-0.882031631672588,-0.955276325980669,-1.57155697181745,-0.406374060285545,2.36804328919438,0.788986302980495,-0.214471127113791,0.811536162746064,0.769190517673679
-0.0206182558323462,1.46378613446409,1.43208069526108,-0.522099702084414,-0.789141416032696,-0.236931993582679,0.214499925771695,-0.915766794341367,-0.888132235131531,-0.531917830470989
-0.731066552890883,-1.60362959953888,-0.467206248423508,-1.11989410773772,-0.710930365877199,3.81333923824468,-1.20733116721687,0.840823874134913,1.15542506771055,0.652876537872822
-0.588084980008469,0.908837664425032,-0.962622483969618,-0.243224481285894,0.541321010094533,2.96262015709456,0.144992944907985,1.21710918995841,0.866121517321881,1.4807477180201
2.34684426224856,-0.933064647340047,1.42789697683943,-0.880172373939719,0.965171789059739,-0.62992726260733,-1.10634299291275,0.561807492709136,-0.233866114249046,-0.841710845969549
0.739889280358777,0.37261637227882,1.18375097201223,-0.0531969887938327,1.52535311115754,-1.71404600901973,-1.90797888584121,1.58167318652183,1.13598962550866,-0.311778211819161
-1.43853177349553,-1.03417090320388,-1.54494929417325,1.7756694113392,-0.443911779306636,-1.25521936457447,-0.641178218576727,-0.568594602945525,0.545615201372905,2.43185464585173
-1.97016629816326,0.740295751022858,-1.92644194748463,-1.05942078900369,-0.322128888112402,1.1420051361245,-0.0847308796921116,1.72807778150055,-0.00141474726265822,0.481979432887962
-0.336615512198859,0.397629423566157,0.070932386760585,0.289530680294775,0.0267026329903096,-0.478376551232805,-0.477635135114662,0.329341664678049,0.781066997581003,1.22012538769924
0.664086953683706,-0.0768142754528798,0.287873232580213,-1.7315445722692,0.0733827238048067,-0.449937112214187,-0.6220875838211,-1.19023224473834,-1.70250604008215,0.410284274177061
0.277723093538721,0.158292653700894,1.02192573634657,0.82491958887623,-0.51018648328267,-0.203392290628781,0.746019034038157,-2.32751817035379,-0.619230932275946,0.792297518378696
0.90233389648633,2.1482086778551,0.184237024296172,-1.11376949269695,-1.62269567587541,0.64260663429144,0.383740079504898,-0.842834577604488,0.147007556041866,0.404941238557739
-0.0368910126084585,0.295743288826586,-1.42801447224726,-0.377885929062151,0.111179564143007,1.12935256891669,-0.499017417175472,0.76074506165014,-0.340131357621137,-0.171173204680368
0.00539652143682176,0.2036786168981,0.211019296667957,-0.984128662765826,1.84682555130107,-0.851439320271309,-1.08406848850431,1.02178925704061,1.29015815859014,0.167459785384289
1.96807077817649,-1.061836726846,1.33774772286649,-0.611746510994049,-0.428905847815912,-1.46136293172523,0.0747061125399691,-0.970930184235133,-0.0949577281893874,-1.87325856437591
-1.59111701671799,0.802359910028599,-1.53686435859132,0.528039586293749,0.895637150935463,1.31951689340589,-0.12684190077966,0.154283657675897,0.412336408947549,1.89644873927455
-0.953148589429784,-1.14061074963909,-0.675447248707996,-0.246890723922432,-1.43260229374778,0.0516728236878375,1.43410913129711,-0.544119410324773,-0.578178830139366,-1.60699465358855
0.210369632032626,-1.46104104704519,0.46106096302866,-0.500252104966782,1.69660095411958,-2.4889362892257,0.18541065832602,-0.821001659034122,1.1517894923917,-0.976819024081661
-2.34200823676244,1.19653019949619,-0.824161094771111,0.0935749127770115,-1.46509178448253,0.0290629537492854,1.82255744387584,0.36951155408104,0.348185680459756,2.90547001530974
0.719592965179413,1.63807603906097,0.237576577855579,-0.0462261147977912,-1.94586231257272,0.631996855403412,-0.0925167472291045,-1.61580923266692,-1.34461793932386,0.798013548458148
-1.39418742213969,1.07204764815096,0.171233555494265,1.27407500186724,1.62261289511253,-2.24545986772465,0.860075505845706,-0.775334296349086,-0.384596860521123,2.77542026422337
1.26957755959251,1.18809826445143,0.652364981096016,2.24274391097207,0.0158416008411163,-4.28397724066233,-0.739372255108284,-0.257003151449268,-0.994464278349045,-0.683580432633147
-0.610259824358104,-1.5166888731141,-1.48602059400676,0.419242272818067,0.887829279286831,0.546194394335894,0.497997054918789,0.485562627846438,-1.92206968373511,0.903103703002103
-0.308179470512138,-0.690649713423053,-0.770556359914802,-0.827421575858533,-1.46075904348543,1.35240409908462,-0.445843816111245,-1.5238861487552,-0.763070803345596,0.587407681092601
-1.16622427682492,-1.38614059465371,-0.70742746156916,-0.247925182796745,0.747164628480392,1.27031595204039,-0.439948005226347,-1.20199006495014,1.16717698016981,1.26782019999111
0.28018159763916,1.3557659457767,-0.909843334835784,-1.75388486362877,0.482344946237959,3.54346215910578,1.41942164107548,-1.16176668131881,-2.14961026628824,1.85219150415786
-0.137998950601301,-2.35351454552652,-2.58843940886744,0.11688933126168,0.372615973869936,0.45837731898944,-0.206152760765801,1.80118885350589,0.0488442368330257,0.315921493394608
-0.61216529464541,-0.629111144866287,0.222014145510858,1.1663191741404,-0.284105143829605,0.503830478630981,-0.717999888400938,-0.323077460393503,-1.29122226631751,0.378989421920897
0.489967661007761,-0.594186542494109,0.15127561812209,-0.434567997553164,-0.904254467832667,0.808561110082233,0.465101303646954,-0.277176329607111,-0.336593784448313,-0.0927227069686568
-0.0912228029209981,0.263238987886446,0.3671468893607,-0.681779127043826,-0.699936763688896,-0.417582703540224,0.112447772896237,1.48570040760406,0.576399065599718,2.19275509712305
1.50917087076907,-0.994366734975585,1.1700147046531,0.958336588442495,-1.90236145849462,-1.57954331093769,1.28179652055166,-1.48938612928366,-2.16032949012291,0.975542299127753
0.279035730473161,-1.41636576291686,0.272117115943644,-1.75650860926655,-0.332770290497233,1.5422662767606,0.945397187887652,1.93722612758371,2.11281226731976,-0.252645221915329
0.882374605483398,-0.919760696033345,-0.622982821218836,-0.0724141373578222,0.126234146317342,-1.16093723607072,-0.742295644994519,-0.133113097609766,-0.446932509665423,-2.09790044678048
-0.220160195240829,0.924146792790254,-0.401626464523733,-0.893247518139806,-0.55055862193841,1.60545694681663,0.332031076810306,-0.178028470980709,0.557430200323349,0.777959122369984
0.58820790134108,-1.15601609768871,0.537366337993617,-0.0709581351354719,0.366913021248966,-1.0117972568161,0.289533538325332,0.264965844516185,0.0921634567763394,-2.25010524665968
-1.93801861933021,-2.00274135365263,-1.30515404147659,0.553988501697079,-0.882155522422083,0.220941331289067,0.508700182271127,0.400283677462547,0.147770346828196,1.33705972748491
-1.22889942085238,-1.45564322056124,-1.0119358668907,-0.195889164733952,-1.2400165780688,0.843899707663004,-0.375203301818919,-0.326778296688243,-0.690235714242931,-0.0283498297170862
0.00664603182637849,0.272977676163596,-0.614523599436365,-0.0674464452547814,0.473319917770951,-0.486388722762047,-0.960797073261019,1.28827063743084,-2.66765688879501,-0.390286884734832
1.75229105381948,-2.24925106046011,2.46898564404945,0.432892914419382,-0.698141978728023,-2.43711637547185,-2.35013007982809,-1.91536053633344,0.525890514471459,-2.56231098674346
0.871618429846849,-2.61205101624235,0.0703149813664605,-0.522566139319075,0.297220296532048,-0.971440536379819,-0.831065280589182,-0.709385673276088,1.0359929136392,-1.79300655926349
0.235681947225765,-0.0265773448616903,0.882373472698373,0.581294862483327,0.918814816680176,-1.14690704204167,-1.27772522629959,-0.0035956330960894,-0.167071543997745,0.787806602041865
-0.763531474585357,-2.62226604721264,-0.722812520279043,-1.94026283300654,0.654633383938919,0.976837505326103,-1.69974610216934,-1.7579643477561,-0.238711333387465,-1.49213095884032
0.0873243005199847,2.44866329840789,1.35881372958141,-0.422855911136891,-0.757982537834751,-1.9545669023953,-0.623274301050701,0.188923722204988,-1.16953407056465,-0.351065951194298
0.808407346194551,0.588493616413372,0.176546438419952,0.0786686199737939,-0.473108870337075,0.309285653499222,-2.07044656449101,1.18718511701629,1.54260989841369,-0.746672395077202
0.88694767112813,2.55953970858621,0.711453328884433,0.731916092498061,0.882537841132827,-1.61647944660674,1.09346125969445,-0.857358223503052,0.282783320927664,1.14812774436334
0.320100823551684,0.961468137606377,1.76726195735325,0.359222157161898,0.136675633104914,-2.14372067390062,1.48620580727124,-0.0276068548296168,0.138419541050991,-1.2877967869065
-0.845677675086115,2.02707092807795,-0.838447599465753,-0.117082580776728,-1.94601507125225,0.172461807413052,0.646611180888368,-0.226635363615437,-1.63677496504028,3.14646333137011
-0.194710130359801,-0.240343699611518,0.197882151457497,-1.39469375885117,0.183975987465833,1.15439449225994,2.28053234618798,1.55117839196708,0.263401086210489,-1.55733929654147
0.400983088204621,0.0352365758321405,-1.10974153990961,1.29727071045955,-0.276108217459697,-0.16398369044198,0.543270705769605,-0.735923118952569,0.644832300449029,-0.399584727336686
-0.440460408432385,0.63518220253135,0.823767673534473,-0.529227036057474,1.95861088692917,-0.792804567993653,0.363354836151345,0.477781439361672,-0.444577309783221,-0.511453876423251
1.27985050411365,0.427796999625602,-0.233727065010761,-0.918228517626806,0.80815584422265,1.68554286901371,1.16075788688199,-0.683343736327682,0.982883885224344,0.933874455950031
-0.378973537387683,-0.0036663440840229,-0.686489802392466,-1.45977938195706,-2.11351740901295,3.23161938467435,0.7570110384523,0.0502724097758931,0.903786933942338,-0.400960924230154
-0.170946233147304,-1.06664317679395,-1.58541185366374,0.304605837126078,-0.79823139863084,0.161281177867522,3.48109366245798,-0.347337798503122,-0.398564267573692,0.670899494842247
1.58165698233095,0.751469237956314,0.108026304655236,-0.676825765757839,0.516961853211248,2.3751563255052,0.940607465926099,1.33856163828633,0.773346151255172,-0.345046226937734
-0.220724837560636,1.03100567323307,0.350305038591416,0.771379779132194,0.387935057909652,-1.41405639190971,0.339548409415741,1.78763277757023,1.90547518887782,-0.363670300829388
0.403176266116781,-1.73720006052749,-1.1661337168476,1.00501760326866,-3.15645369920822,-1.43501281704622,-0.788961665172756,0.282058907023104,1.40971780835333,-2.8237519096228
-1.42437233359293,-0.104508443538265,-1.17465523447855,1.31119546348168,1.27830426176681,0.618455105830094,0.409792561898437,-0.901676224397293,-1.40290601231053,1.96382232475661
1.06970323869912,0.455139140846746,0.619113216237485,1.93836403325873,0.203927036444497,-3.79938545860318,-0.622269174601451,1.7821734941106,-0.958509021659427,0.234260927070825
0.952596630851308,-0.121156826983476,0.490705901875943,0.596535206160383,-0.655143023404644,-0.672053239359894,-0.0426455925216348,-0.00862108088790337,1.1350272665135,0.397996849526966
-0.140433686497132,0.268534896242559,0.272606106876344,0.390642621918294,1.1810234199656,1.0999640738465,-0.53584962402419,-0.0968162312473255,1.54693226503796,-0.540995826649315
-0.158273104363459,-0.0954525738014327,-1.09704663520282,0.395829508380771,-0.274481487354182,0.365067008161271,-0.0766849325558963,0.402385035143344,0.105835409099122,0.887629158179138
0.972221077219587,-0.97604699757163,-0.927017899849261,-1.10810747036375,-0.834410619864846,2.11940395093846,1.50512099397765,1.18748536242151,0.150168115604519,-0.548861522761697
0.65391895124524,-0.351951637525821,1.66135684691841,0.460728540440121,1.22861664311879,-0.913182867795321,-1.2931692235601,0.548526404879703,0.0757774255426172,-3.63109971164518
1.0286734995625,0.679175578158257,-0.0412401360781406,0.479295036126927,0.0245638776159819,0.552022955380379,-0.37533858616636,-1.01741218451446,-2.67916457905214,-0.512419619871098
-1.33721601538687,1.41091608608729,-1.09700234903868,-1.41892627606778,0.34324408751714,2.53920750778796,-1.3651899119937,0.451295172840042,1.20892234741334,2.20488071447376
0.123903404535899,-1.66356441432201,0.901238429777915,-2.34183441721212,0.578448279165813,-0.117484331348907,-0.0453018539268952,-1.26648696554586,0.625254878779037,-1.05735724558876
0.194158798379045,-0.342222322480523,1.52026618068575,1.03459475633314,1.16775178095975,-3.33702932331405,-0.837687206335535,-0.306291807871916,-1.21254035504573,-1.14900493989581
-0.498458735989617,0.172022252784347,0.369552461439204,-0.313239950286522,-0.621409172017235,0.631468123376831,-0.142568914287978,-1.3738687886943,-0.87199776414241,1.40785425385163
-1.64094020796847,1.16666724766568,-1.58817027579011,-0.0144136810116752,-0.0165202440211259,2.12678098368766,0.360360531049456,1.16012566462267,1.34426850853021,4.46258128502721
1.04041570108564,-0.823284751547999,0.922902536332113,-0.669616155106093,-0.0802187456422673,0.829950766534403,0.588523384443664,-0.53042679616981,-0.0900634798870923,-1.39908210892634
1.63533455657558,-3.14201225344838,0.215910395044848,1.18406642135627,-0.0721273631852559,-0.806499482753979,-0.240474056440296,1.1643779661555,1.18810868281974,-1.94151939330553
0.0562344188358823,1.1051811743648,-0.0423546011258518,0.917971443169927,0.35275762664207,-1.96858641447229,-0.395639865361434,0.126018934285692,-1.31176449852307,-0.496740201565319
-0.186052655420726,-1.31667776031869,0.055872534156586,-0.94399558408841,-0.183268229998066,0.199983067635889,1.1627491271441,-0.893919885589746,-1.21175632436149,1.08230233798607
1.20705911983463,-0.117812833897491,2.0996376241705,-0.321860476921682,1.03899500020345,1.16784229614053,1.63125947151107,-0.589422766751021,-2.32201256763375,-1.5105611308955
0.289460580909768,-1.72546142973984,-0.210615497975343,-0.126965042573583,-0.344586168266969,0.473128823700628,-0.285362679890629,1.15399957770507,2.29137910034478,-2.52694510708835
-0.347477884818215,1.38107804568573,0.29418944282589,0.201866634202808,0.3318627365108,1.57382322673097,-2.01377625250674,-1.10611320037661,0.650225765803627,3.28831465037098
0.359361449115271,-0.216834765160123,0.4224278130543,2.28953832965126,0.174539983898547,-2.53790563888629,0.83052537988152,1.22890987487828,0.825199220561389,-2.07944311523148
-1.51012114411126,0.0584839832102978,-0.687517462814353,-1.16338767896751,2.04259950641109,2.45209799100546,0.26104763228017,-0.593311400313411,-1.78637565243437,0.399869797125217
-0.51413751114892,0.242023698013813,-0.338428375770483,-2.19616307057206,0.947688594118744,1.75053094849024,1.09637535142829,0.688187317213413,-0.13006284819414,-0.284623348384251
1.21343162120289,1.32090797257954,1.37736377029315,0.0687601115847803,-0.306750584450315,-1.70462515854437,-1.83905278719866,0.0978628770860734,-0.106935793813128,-1.56917063054554
-0.207331238192196,-0.411544502931862,1.33564823683969,1.02403599756828,1.63331275782301,-0.137661398343151,0.462097897965582,0.512636496771082,0.512832117028501,-0.0799130168382652
-1.81191745011449,-1.54402143107973,-1.53659794667827,0.106918144625093,-0.24611379955096,-1.85894404162808,-0.0401639242168608,0.463402639994735,0.939866237081984,1.83333535401602
-0.425845801376016,0.482219829443777,-0.905379326019679,-0.00440060056520197,-0.0593656422503686,3.06955671719314,-0.334842987800331,-1.58401973790106,-1.15259348836677,1.50111986135048
-0.724170342688387,0.477154412772847,-0.0535348643290694,-0.438068595229253,0.745477739537236,0.156141602288431,-0.967157316759145,-1.44059975911422,-1.44732445549488,1.03719763034744
-0.325368266814727,0.0824892871141256,-0.0224970416784563,-1.1833092626652,-0.210498463135928,1.4536217521845,-2.58178593370652,1.99953160184963,2.68481895266037,1.87726253392242
0.887961125790226,-0.254989948247162,1.1342762821597,-0.103193856364222,-1.07829389380816,-0.729458453938527,-0.871090582064697,-0.13210310342993,0.80916909094037,-0.17789834443283
-0.187555178626699,-1.49960365809124,0.628163363375625,0.736686071457824,-0.158299369103705,-0.722147941607936,-0.954037589392732,0.307999939172751,0.440589606468758,0.259271193406251
0.248255364162381,0.0625258111349852,1.06189778549767,-0.518932475931325,-0.896089728824737,0.758523800362608,0.80681462449722,0.291751929088688,0.768835241855779,-1.50298091000822
1.09996497105175,-1.62412249039459,0.421696360982966,-1.265912642589,0.701350078913829,1.30422447904763,0.232463205497494,0.922875682419341,1.23350078695585,-1.24066309348684
0.095505646913391,0.150023866136197,0.0377143500275574,0.0488010157133674,-1.72910583180242,0.455761274145208,0.836171719249963,-0.13572391740526,0.25563016825477,-0.379386908147173
0.365532346956622,0.842654016535523,-0.0376133419032869,0.841094026856282,-1.22744084328916,-1.043023542537,-0.636028170614377,1.62529178395706,2.10282828600969,0.513665542784419
1.89695354495492,0.55276025785084,-0.0445338914607946,-0.14252953204995,0.0694750296380329,-1.04378297613616,-0.623903087957688,0.283181475980704,-0.471735057571304,-1.0980430691227
-1.31940501215596,0.492911546923352,-0.774803269280639,-0.910634408667879,0.321374507148643,0.770725814965977,0.100372264232657,-1.12574921561314,0.705715782580061,1.82415921133711
-0.0900640263445637,0.878700412787843,-0.592277338866533,-0.455347388943531,1.25832385915807,-1.22994039816935,-0.226120009694234,0.502358796776125,-0.852752049025169,-1.19865235864052
-0.238093404631563,-0.837371390689686,-1.37369627870158,0.893826375623977,0.141929684794055,1.43124848393581,0.686842867354146,-0.098763642847693,-0.88659211166426,0.533977340883856
-0.307505467257861,1.7312314553705,0.170660768819115,0.1765321357516,1.73424999114898,-1.1494212057263,-0.663586220064125,-0.748808418949279,-1.2591122300929,-0.264457576536883
-0.807359132493387,2.10911021615182,-0.664424402283567,-0.821480654421504,-1.79387871312134,1.80793260415685,0.373054245562994,-0.387276547740576,0.98018976215088,1.46180565992614
-0.0615255503469863,-1.645232019599,1.00655298405643,0.522685940573491,0.737510610575058,-2.2152255688823,-0.0426294813854581,-0.359365313751092,-0.771252780917518,-1.05601243782123
0.0893285242581041,0.489649107480694,0.0418708663272782,-1.12482152628211,0.427267983961951,0.386715789312915,0.713580577765283,0.615135590109567,0.539088660869779,-0.0284890066852394
0.383390194295508,-1.33531529865976,0.33496278247445,0.881262366981633,-0.56113079165957,-0.803153667518301,-1.32259957718698,0.185530141866283,0.512223820759732,-2.73030768188583
-0.283111096535553,-0.817341207298491,1.05953886118835,-1.66246775040817,0.247707831837158,1.90544659260826,0.0800973219752732,-0.944859975932307,-0.312808731108467,-2.71983741174838
1.35720953657892,0.543135847010101,0.522917357365506,0.341011032512388,1.29142979147935,-0.716506282492905,-0.278335033562481,-0.719997900320483,-0.332304803095043,1.15085608169058
0.39670733063968,0.964563663864901,-0.451971158624446,0.0359926265241329,-0.0707063991759225,-0.576276969712947,0.858356474177209,2.15268320483029,1.70278144432814,-0.311865116041998
0.109239989435684,0.402185794180617,0.813090199531844,0.320970765613375,-0.445120043193432,-0.914420624824596,-0.619720304424029,0.143189130280198,0.578990112677047,-1.23191807673712
0.0166513948476371,-0.935820788907119,1.11479238509158,0.369235317476715,-0.0453166006337337,-0.876520521043079,-0.0871330204960409,0.32403004573606,0.386538377654093,-1.70150518567587
-0.359867918199455,-0.910247477256673,0.18837171396271,0.469520440475603,1.28240283769567,-1.04232562243542,-0.0772995446996748,0.955699264144339,1.19276605892634,-0.338606250761598
-0.325428029521303,0.089854796314783,-0.585837429374117,-0.85915484830123,-0.0231552854323858,1.96095007564383,-0.636685857884812,-1.21979650241476,-1.24245012260515,1.06285772125693
0.0944481307132004,0.904791052052321,-0.256590601265102,2.58218882748359,0.941252404117911,-2.12826995480476,-1.44042921823144,0.525591505754732,0.514144029871719,1.78401162524708
0.00260618758307965,1.1767512382253,0.0139090132146568,0.499179502813526,-1.11630134701766,-1.82896090803232,2.56328762923966,-0.303489225368163,2.06394116597241,0.142909357586959
1.22369015467914,-0.487126037177323,0.388294797509472,-0.370489869092201,0.0776931674613314,0.198379608327312,0.476701972333492,-0.593634164669646,0.0114569408686596,-1.19119832763868
0.249379415581294,-1.36110659420158,-0.863550210105988,0.25284962830616,-0.820673759539932,-1.14912981153327,-0.0256624239865165,-0.0379149994988355,-2.60649650186796,0.178130585005071
-0.292022010148236,2.14995161152658,1.67247091379426,0.575122265515338,-0.171737674181145,-1.31987884694263,0.0206676012436505,0.400105424791718,0.943362588760896,-0.768861968628987
0.287899014136595,1.65478067932386,0.32401602549875,2.09455517612703,0.861069088148306,-0.622869008103626,0.380100998223033,0.942035103669895,1.38270798827596,1.31334229865286
-0.317591887892732,-0.815002194025908,0.190572309206257,0.236868341357798,0.0346461832322908,-1.93287694643295,-1.00293103394078,-0.675959837882077,0.845662889857403,-1.36468105474599
0.439918506929091,1.42955994349001,0.505625799789484,-1.51082301412362,-0.186523742998981,-2.2501852005535,-1.30363998036949,0.309609716312904,1.84569009441711,0.618491253912804
0.565039717880216,1.969341807829,-0.719560167549735,0.197706818119127,-0.273383444127708,-0.177188419536116,1.50738072864385,-0.537006891737575,0.423420322751772,2.56063807892602
0.221227824333667,-0.833170582139928,1.85418942435505,-0.626114527510238,-0.671547774485804,0.380120810036636,-0.665417264679951,-0.449567609186504,0.489375531786644,-1.4461381235916
-0.293755466340687,-0.549516315438721,0.279092282747818,2.17612079895654,-0.313004811988582,-2.22751127726902,-0.374370362314678,2.19765743423044,0.309089201564158,0.876404515595405
-0.558281027108738,0.756476212078249,-2.1077420587163,0.913534828398057,1.2928005753045,0.427819129443183,0.457120884768645,0.746319152925535,0.959850450703254,2.81340519722831
-0.665681056139817,-0.440375009183553,-0.584159188788943,-0.422252057013709,0.388407237660487,2.46571930473174,-2.26700341298879,1.04101998702007,0.982726626463024,0.132743315196008
0.010060662148587,-1.26546282025559,-0.962697035528288,0.130582941767959,1.50231442596706,1.32348904385346,-2.28397542653004,-0.0441265028564659,-0.593839759137293,0.787143361323832
0.428441463619922,-0.66738079458741,-0.197481730447569,0.127799157442582,-0.367574749679826,0.394976333801867,-2.63581980527567,-0.287702837431917,-1.62106761055536,-2.0480519708299
1.23297316219152,-0.826011288789718,1.247137563742,-1.89921545336531,-0.652490066688152,1.97391331537184,-0.702573537733469,-0.427300261416715,-0.260271044019889,-1.47278489166876
0.763408578546618,-1.5881785931005,0.604169816854539,-0.712425185958181,-0.98331240429042,1.13400165847137,2.41709698471134,-0.473244122500676,-0.910191821753133,-1.50219676216932
0.60288138388267,-2.69383188799504,-2.11777119846792,-1.77829941669582,-0.335734855265954,4.98351721045458,0.300780075528014,1.07847108885871,0.671907195892203,-1.42720546821079
1.54360029687457,0.762230032231233,1.09971448710543,-0.900030439660184,1.07310577172027,-0.531979118065799,0.445685545042625,0.391146915864059,-0.901305066185015,-1.76375790205537
0.385252336192928,-1.82245641019914,-0.0604367777173039,2.3340199061435,-0.428997845357588,-2.05295902912991,-0.654566400101721,-0.0311539281895591,0.945315924650431,-0.746408222515971
0.409459950259329,1.22262452129145,0.0619934985117239,-0.0307179172463889,-0.0901581801108717,-0.941312069931578,-0.923858117098799,-0.948358112581146,1.43443727236631,0.642252426446733
0.586977507140517,-0.97955713836668,-0.878566200565099,0.449890353039205,2.27437627559606,0.946558693950275,-1.55431654081267,-0.0193896439443058,-1.34846952433118,-1.45333613971637
0.251198186111573,0.607186496162204,-0.676409340839513,0.507747103579359,-0.156114535159074,0.463021904612199,-2.71243117140096,0.354663248764482,2.43614069025829,1.04772728186762
0.189325927743872,-0.507899711705039,1.26262468576795,-0.780036926714047,0.777414239199953,0.296904663212573,-0.142039336810025,0.213487903630983,0.823708905964529,-0.980096646075153
0.0421249012965149,-0.317874273398889,-0.00306953366951856,-2.43588572863595,-0.222541516800091,1.39621073643619,0.349284372106951,-1.64196881762277,-0.671398169489683,-2.5143580766448
1.89969277954461,0.345560766559479,0.400456217219895,0.400870922908538,1.07563561090162,-1.45396126109092,1.37759848477348,-0.805278199097902,-0.161817021251867,-0.371619018923337
-0.183423970167414,0.311767293977885,0.754634775339226,0.660444909434471,-0.328132811392246,-1.31658599093969,0.795346260262556,0.212620160737992,0.566780053475988,-2.00037383172877
-1.43965344220368,1.33494118116429,-0.544979156066252,-0.810699775823634,0.714990589115403,0.190803840190433,-0.387945000732643,-1.03788280565217,-0.714968056764594,1.98751526051988
-0.158920146358455,-2.17441693925976,-0.692645104917933,-0.0909748088744241,1.40912664493292,0.123383190600723,0.700955083548783,0.843849220746279,1.10780514505667,0.579549360851783
0.863954218264442,0.349218380466093,0.678055501805916,-0.961018934299003,-0.790214812564308,-0.0840121891107885,0.349649907626171,0.337089323352797,0.987654709800359,-0.217637394158384
0.681290732708311,0.0533602332149954,0.0615039747758105,-1.38225872841621,-0.860466682771661,0.923524268728235,0.874537055782463,-0.944601047196437,-0.803656879168066,-1.94553204958962
0.933748118503636,1.66614336300103,-0.359828945718791,1.6778226545489,0.561897235203415,0.344711214369894,-3.15824186790879,-0.022818200594177,0.483557519930454,0.697865086416956
-2.11572135772706,2.45923828594455,-0.670751554082334,0.564273795130279,-1.7695180386208,1.54047255176241,0.369499197088843,2.60727555586367,0.45857875629649,5.97808027882215
0.304770131434159,0.275285407498162,-0.821929256677439,-0.90364899991433,0.361142886630512,0.237670039869412,1.43155266248427,0.00985788456319003,-0.966731685739232,0.250547326075825
0.520260153195815,-0.272715467329321,0.804014687982704,0.175101259413325,0.746473709082865,0.540240722169076,0.945038639900289,-2.85273941687189,-2.63731987555419,-0.925815596978967
2.00951070008774,-0.266200077290176,3.00559486545196,0.904544274673139,-1.09807011477054,-3.52935892211268,0.783899914848212,-2.05902871471176,-0.775661788465189,-2.9245955124115
0.33148233202228,0.37846316525473,-0.556695475481357,-0.275813293260597,0.691439811128449,-0.663537426456453,-0.424387850538016,1.08182323458178,2.1091325283672,-1.22816542033463
1.50822127287883,0.993045312726299,0.511236944915058,-0.241943651709215,-0.749162293500774,0.552107717919683,1.31965559661237,1.71984065532426,0.109100182264467,-0.715060099498347
0.18802984358545,0.765459171159116,-1.32108467732278,-0.39989760684154,1.44720397657923,-0.703186205954232,0.0704967805500801,1.36714417043243,3.09670298168063,-0.0840496982308848
0.250764482620529,0.815292851502777,0.21421090086899,-1.56786426822026,-0.682370868301567,2.2103719447185,1.38946148535682,1.19994311375614,0.446704690192764,1.22221294949785
-0.172315284676721,-1.64170650587872,-0.624966140163989,-0.860544745551965,-0.432497138409333,1.1903685825072,-1.07352739136875,-1.54079150441524,-0.826479076198288,1.18756316314132
0.277886966028698,0.150949528086959,-1.17070837143353,0.402475017249815,1.16052750955953,1.15835272348967,-0.256287489788819,-1.42008963711536,-0.469743915682508,2.38195947693907
-0.0725165924527774,0.411946631925967,0.361326633682274,-0.33952114784783,-0.109684388740902,1.07102900262134,0.501718499313366,-0.811983473853205,-0.601407470978646,0.359804746798691
-0.442649110717276,0.653253979432774,0.422472266131438,2.8207619683841,-1.33599569165475,-1.69922068651072,0.309996266460481,-1.43118766878188,-1.24194245897764,0.754468020381753
0.351322524680278,-0.959937623787703,0.0680830202702537,-0.405672669037371,0.129671574250514,0.667660731917318,-0.253823478406522,0.0202747429410369,-0.419774227328047,0.11940663004766
0.71003826319451,-0.144005786671252,0.362063751607631,-1.74800596318012,-0.979911212235369,2.45164202118152,0.165393539091003,0.857163938820708,0.522741536976811,0.266378449371176
1.09645919999467,-0.890917067797187,0.974827822723377,0.584108407311104,-1.63618233315909,1.03795852377232,1.14444877244022,-0.658067699052255,-2.02183693624758,-1.30809037517557
-0.739588277714029,0.579314159727282,-0.874982841057365,0.59152390427438,-2.20914655267952,-0.0154220196437179,0.0338906199580208,0.0350962684380157,-0.284453135537076,0.908216733275764
0.813146022383775,0.527552029089023,0.264836192570898,-0.15396016140291,-0.439345690078318,-1.15192644746939,-1.02975221069204,1.01959588251895,-0.300527831746913,-1.92906261442522
0.845459039625272,0.40536885073366,1.83566813720565,-1.50366464752126,0.665751671586719,-0.883337891732535,-1.00396441854964,1.55224259788305,0.907906005440451,-1.39196147695596
0.797223576907624,-1.71061433723635,-0.0641355309260735,-1.30178467160919,-0.419008421620047,-0.583616010142226,0.865889394936343,1.99089422959359,2.36998167573373,-1.04290232440052
-2.40843323816227,-1.88802970105594,-1.61571782911518,-0.564791259517483,0.940287670126915,1.93714399268592,1.07278498922316,0.95744170825179,-0.144877544466804,0.920452165363959
0.952923992545638,1.71633008356921,0.439291265471951,-0.794298085627536,-0.863911442481504,-0.507188791636998,-0.082689410448691,-0.136827602888018,-1.50276160850417,1.11915254474693
-0.722598311970119,0.771735276566438,0.760783286405864,0.71469563462879,1.94951403908929,-1.7004674335259,-0.638579285988326,-0.1226942031231,1.24155255798832,0.524430284789815
-0.512965230153477,0.795681667600901,-1.21679820669762,-0.55977003488342,-2.00288674708175,2.21147500347456,0.314053478136033,0.496870261470858,0.443190336442975,1.99299133229291
-0.699469034516655,1.05365731401846,0.105384423743733,-0.520925593535792,1.0729708285408,-1.30759921890925,-0.525693719542119,0.0861006250153694,1.699915433487,-0.746139637082627
0.369574335653164,-1.74194572426782,0.234858030967604,-1.04183455831334,-0.661703859772068,-0.244429573474548,1.3629633228797,1.19295741393945,-0.093406658980383,-3.06207316284991
1.04624050787144,0.781118419956622,0.392010303614157,1.0287397821391,-0.35996763635432,1.70648817888149,0.167450441418807,0.163755778773043,-1.08325276973416,-0.171507596639452
-0.236024961869563,0.553796744955972,0.0734577615921789,-1.3962934749441,0.0992948841112691,1.25455895943237,-0.429944544066334,-1.45666142215426,-1.11839242730835,-1.47752238635317
-0.127748840259395,-0.289887149699243,0.170130390576986,-0.43069498605238,-0.155586521930695,0.554577610120984,0.53201215167183,0.389368424641716,0.794319549257286,-1.22558104156097
0.560956796484682,0.142820302666392,0.97107792050504,0.497561460030626,0.756079373169555,-0.45565273876296,2.2170097698625,1.19670807037345,-0.573140628909265,-0.49355562243332
0.431220239024275,-0.156165726583213,-1.43413001662323,-1.56494616812399,-0.607893183415332,2.60368877958716,1.05069724005199,-0.20278074255628,-0.249952819865253,-0.846544062462922
-1.64862239064304,-2.73783252657863,0.0573461145415868,2.06896468752408,-0.191346631211311,-0.717118485526146,-0.468819559173799,0.614493960496591,-0.930592347302414,-0.0403317376919769
-0.548102427011854,0.7514333110678,-0.355153893305867,0.907598169839754,-0.00906026886105374,0.595093033079938,0.193895935887881,1.86004783928596,1.92214146501723,0.415625834322632
0.207731283749842,-0.611220033879181,0.727162293687036,-0.723532403347988,-0.620134947673265,0.0446514736264602,0.164522135431243,-1.12295439432171,-0.386821952561118,-0.6529688995257
-0.362859458508476,0.772061849604853,0.522654358995008,-0.146275192057792,-0.495009795064839,-1.06002058255538,-1.59791660580526,1.90097046629309,0.578952504017028,2.95186441288865
-0.409191002743897,1.35090185809673,-1.19013811035227,-0.39128534250346,0.45220234032557,1.53397544789239,-2.16417444894182,-2.24381447176643,-1.69243527447209,1.67136080811825
0.456152711060607,-1.74549243474566,-0.475483770017076,1.73471656056975,-0.631837797770883,-2.46614867203739,0.131720955199496,-1.08260568246563,-1.23135794192376,0.308625595852196
0.18829666765038,-0.613955966649921,-1.1657189677087,-0.893167380657861,0.255839548184308,-0.260290181584963,-0.86210227285127,-0.0788602974222211,-0.392360417527603,0.16979221842542
-0.654563518042453,-0.950702609975597,-1.41767753133561,0.592717414230532,-0.437245803573291,0.194722374552034,-1.33991672655657,0.285287460205103,0.103798080683799,-0.480813890700977
0.0859486693259757,-0.207016639951686,1.55983338397785,-0.474841693197951,-0.239198247904293,-1.51042931775357,0.393268277772581,1.05306826851403,0.5156430871499,-2.71785788119441
0.417555035622563,-1.20880818455852,1.59255274274056,1.45465240177507,-0.859657814919149,-2.12455153103057,0.592284642069849,-0.731335377820445,1.24443478620999,-2.07107978605964
1.45511521480651,1.1704178154291,0.692157539764705,-0.546739613688974,-0.245120215633827,0.417765934443299,0.274465739011462,-1.1632204882708,-2.04789003342026,-0.401240419424477
-0.284383755248751,1.43649370783432,-0.0283750865098973,-1.40151987589225,-0.688418090625877,5.19618956814788,0.175213896721649,0.0382543707919311,0.4287545678938,2.29612667626496
-0.500085997969416,1.82706226804899,-0.712010519569473,-0.465913841307392,-0.53393384650194,0.634943959639283,0.863423399289737,-1.59501080879428,-0.822512687469108,2.117575927006
-0.450706392606902,0.597558004253809,-1.10066222691703,-1.77928339131546,-1.0097734120318,-0.0310850168260985,0.49898243425849,0.61123774659862,2.75987372392851,-0.293848994269365
0.179267671388595,-0.84238552246754,1.21205709709084,-0.951655260940002,-0.540524097195922,-2.34465526515386,-0.166117847895575,-1.01934388370283,-1.59267979801196,0.164249077666481
-0.314595409646982,-0.142073964418893,0.797497029055705,1.34133695398967,-0.813591036660906,-2.62056981975197,1.92527048281177,-1.21744337196282,-1.7272909695554,-1.1698254287265
0.378515308957538,0.849887336958201,0.750609787860907,-0.261535884304467,0.3418035720527,-0.703497685200597,0.408080505941176,1.68743909953865,1.20737805662323,2.08053868798041
-0.800655631999044,1.71262597544123,-2.00772262131756,-0.0862924632202191,1.1476016176396,2.52733315076463,0.26232467002792,1.41808382411039,1.75882583151063,3.30453556509873
0.581845178432664,-2.57982899215637,0.725256335011135,0.382840801481656,0.569836435663846,0.220372245914549,0.539645756243128,-0.790893816733718,-1.54611715215852,-1.53723649164012
-1.32175847363404,-0.0296552012626272,0.857200553875141,2.07509689236616,0.298703358223726,-3.22198441341609,1.17675390556698,-1.19678685756915,-1.09341812736124,-0.714596333445376
-0.347439720918056,1.75381184419472,-0.989702300520325,0.542344995399948,0.577094719635614,0.688639570293404,-1.44310794260199,-2.37962552924196,-1.55088725237059,1.11771411377054
0.451805933361634,1.35501635184978,-0.5152229902116,-0.508592324086242,0.00754937634791956,1.78704021783255,-2.32653531237533,0.274702371238079,1.07495410591961,3.25078295821999
-0.360258441875471,-0.286799816061228,0.417970935824833,-0.0072309519799858,-0.293680098702905,2.94336821048495,0.543168555854837,-0.0803903237411547,-0.195765531111506,-0.437692867627874
0.55340968278131,-0.793226626209047,1.16741100212607,-1.03243733331068,-0.862507661572557,0.964873755995785,0.449579371964118,0.211337103518254,0.304618650957172,-1.06639194545469
-0.968536620231687,-0.434602985784764,0.523565270444403,0.672754425675888,0.0808370186626888,-2.1242781382513,0.683144566620344,-0.685357695690668,0.519217873936599,0.619321130702875
-1.26161750094599,-0.206943630011522,-0.575775942087813,2.22768899680195,0.785889824077686,-0.908885400015783,-0.453885683241527,0.779724628005731,-0.20503494870218,0.504837917732961
0.744577522869162,-1.93263399332757,0.897883029664887,0.993792580279247,0.505498275120515,-1.3097801330507,-0.709611121488605,0.711711858877571,0.848882734495702,-0.920519867659535
0.0656451241482594,-0.51512370250308,-1.24103505149463,0.0618868514091055,-1.22306924648812,-0.224111247382383,0.908052395799487,-0.454299575244348,-0.306991958202388,-1.32904324118831
1.17293618849901,0.0519304770018478,0.365205752778722,-0.4069103584401,0.66917957408861,0.541793221449995,-0.998959108285612,-0.675408125291422,-0.475666307576888,-1.09819012465142
-2.01971715066552,-0.695247095870044,-2.37153801191211,-0.0222434816071125,0.0310758167131715,1.92357490509769,-0.460125067532912,-1.32168272293016,-0.916893530487699,2.47960911627523
0.216148220805686,-0.978673623017199,-0.41187202026529,-0.396271493549522,0.0271609590835631,0.987496133251277,0.756732108476581,-0.632753142571885,-0.581173815325067,0.469647303086284
-0.409717716502112,0.629277705223068,-0.324793473200743,-0.0618596842155845,-0.191926134146514,1.5403850486961,-1.81546749167052,-1.72389747621574,-2.3334319243677,1.67324476096187
1.11119037331504,0.542254071378728,1.1562052446606,1.62157378986597,0.423291101258109,-1.89774760454299,-0.291995920051262,1.26644990978505,3.19482128707357,-0.519366558160519
0.683647800425459,-0.605539190903034,-1.13037860895973,2.37602679653756,0.360169861129848,-0.75015505866618,0.412559601165724,-0.839930692439117,0.0297971417427504,-1.20945982686558
0.355032791517156,0.861543306592801,0.648351570483693,-0.259188812971609,-0.739361064544847,0.0982052140676559,-0.196226257950222,-0.202200274369316,1.40338560061568,0.119263914454197
-1.34351125788085,1.20635035188008,-0.226723394300152,1.22160100088497,0.589695937884326,-0.71111866124853,0.346086652892883,0.067353921759973,0.83013869374589,0.87926578917886
1.21672142609704,0.778711326011835,0.564715685086323,0.299830244346992,-0.533841864326969,-1.55904965482623,0.957816502541314,0.108798768246464,-1.5853951159811,0.396229943524022
0.274263737073219,-1.26656596741689,0.378446751696548,1.0373474171284,0.108917407111505,-1.90744112724944,-0.902873646453871,1.31943221709545,2.09286442603416,-0.0484244570749833
2.81945383357263,1.7274125011348,2.01717152516492,0.570651020533044,-0.599981431278413,-1.56661056414245,0.489237749674058,0.0211334183469552,-0.447348924819266,-2.3838235836561
1.81650453887643,0.29295724730645,0.353546670744585,-0.688917132019748,-0.501751757435025,0.908179483697323,0.0147556289070762,-1.19581003522554,-0.529659008293409,-2.86762660394518
1.12201405696125,1.59890070978546,1.83272659863795,1.05729658535926,0.438347452563308,-2.42913204954924,-0.320541322514744,0.542423094127027,-1.19059917914253,0.493686092795293
-0.483549173001331,-0.970392681568954,-0.643880320838907,0.0610459807211771,1.18198913476265,1.04310664319743,-0.429812562933026,0.371944256323144,2.25629979380724,3.31749893958521
-0.155476988614336,1.75068839558115,1.73607921597135,0.0442184625011866,-1.06653079369541,-0.297751965401228,-0.799720391935,2.04154794744237,0.541809747878878,-1.77654964616966
-1.09139870350958,1.44454986660439,0.680454291139665,0.760767913019467,-0.574294841475513,0.0186638163467724,0.7695030028632,1.19160608637221,-0.397247394286423,0.184135391635504
-2.01499693874404,0.611859456478054,-0.474429111829644,0.5856770170167,0.473194500673947,-0.112275095502218,-0.599529346499165,-0.300147248028963,-0.540826536794876,0.643493813347189
0.735806812701565,1.79723902481226,1.1503762165424,-0.179121174527887,0.462087188713523,-0.22115835562473,-0.0656357476621731,-0.314771427991004,-0.400708384255453,0.252524146209643
2.36596439341142,0.343540400952252,0.842190977627912,-0.343067246053759,-2.15314937236916,-1.23559058869626,-0.166028654728573,-2.25981608914753,-0.631253763519922,-2.75319166347195
-0.484495290033403,-0.983197025527722,-0.687146304642316,-0.997016787440478,-0.97104468745174,2.45082353373209,0.285813603505085,0.951520363561684,1.67871970212571,-0.50323125339459
-0.985226106457267,0.83829159052997,-1.53730444546766,1.56327324832889,0.508558948515679,1.4125881208678,0.12216691436533,1.68392413767616,0.375168989578104,1.03336949318245
-1.33567120729978,3.24945426029828,1.22611041083206,1.35372123546997,-0.229199946603677,-4.28954644838989,1.6681671531661,-0.193961804901157,1.05467450757028,1.80069813895976
0.393515774938467,-1.59630034383788,0.330762409422154,-0.254223105809859,-0.864233166196545,0.245724435442527,0.673403906213384,0.817009010245662,-1.33431342082447,0.0663312957454354
0.0309161829128055,0.827368265328534,0.489803377251534,-1.33092265589704,-0.409387851411614,-0.310655119038739,1.02811072837538,0.676698861804862,-0.492237131987551,-0.0341742255219063
-0.699824325515046,0.060837017980659,0.00365687898861627,0.0703259337260466,-0.876825791696347,1.23558167803367,-0.906742148898252,2.15162881426283,0.111918127500657,-0.0394597947473455
0.654781786524817,0.366445892506156,-0.179685620428626,0.273515501823305,1.29668836470763,-0.393482891120164,-0.0685230934042409,-1.30821316883263,-0.21836601848313,1.42770805168443
0.0802430966330167,0.0465955464398594,0.509255045009569,0.536961999679483,-1.5409514150443,-1.50693780345847,0.488484022439543,0.36500616595068,1.51079473820756,-0.948699990446107
2.13589132936428,-1.79305598520723,4.03867248657283,1.79647922603489,0.648139507644077,-6.34912907650316,0.324823973311754,-0.148302513226388,-0.00867341578974512,-6.18100675284752
1.44397429964603,0.798066600900193,1.70474314470901,-1.12169206678255,-0.308955308104331,-1.3933288171102,-0.759009783836567,-1.03117451985587,-0.720745000745388,-3.20680510591193
-0.273560002853155,0.865298474305804,-0.332631415025594,1.54123334294893,-0.377147910375213,-0.574555316839131,0.172987669134513,2.3847124429547,0.67057812837136,1.53928375587048
-0.654587522641755,2.44455748736657,-0.0423939391719848,0.329207577441727,0.312882426515019,-0.551926518167569,1.4899667236818,-1.24450051561838,-1.95522967001564,1.09540760513839
0.747042146962121,-1.29196868440258,0.852589848071411,-0.753847108274009,-1.07141236132466,-0.177841522364443,0.100544012978052,0.814274397071607,0.237760845927974,-1.92770415225615
-1.92238824321027,-0.837820675053477,1.32083653918829,1.226069006597,1.23961849100211,-1.84984103818446,1.37152361799242,1.75414841219983,2.59341684780224,0.867807282373975
0.466010775592084,-1.07593270921334,-0.289182842848648,0.0563931412888279,1.95116976967808,1.14199026523016,-1.17890546133949,-0.69839815208773,0.633328115513055,-0.398398777323548
-0.163220088612081,-1.56083762503263,-0.506182643621423,-0.203282995623854,-1.70628725643181,-1.27650542529019,1.05275552032158,-0.557957069754623,-0.818030601952447,-1.54350134245394
1.98387469602553,-0.216726398592015,2.22922292220818,1.67097287803989,0.227391411587932,-3.16930210329262,1.36326028374804,-0.674215678657445,-0.914183024483307,-2.80848539173664
-0.0653276696948832,0.702782336578251,0.972697274709447,-1.17684023316307,-0.60539951349362,-0.763075806158462,-1.46637153902984,2.40077146940415,-0.565063305317881,-0.701849597392195
-0.620525222862786,-0.987193051048592,-0.750437325174703,1.50627474303495,-1.29951148400287,-0.215692121698974,2.35671721985276,1.18679468827385,0.881715515426517,-0.0775644046824209
-0.564183759853814,0.655834260558083,-0.417634195721139,-0.230200843056127,0.280414503542965,1.6026205694048,-0.585913967588158,1.080861704185,0.0631702215167433,0.939306018872686
0.304288811769716,-0.0132443828028554,0.588587635342251,-1.18542457963306,-0.162671758697769,1.1791771471087,-2.41184528365974,0.207965657078962,-1.34334168195484,-1.35898830870313
-0.783987217541029,-1.12339550407007,0.0144834952832706,-0.606412926426739,0.302516396456914,0.819880850692813,0.0540789463268591,-0.459647601639914,-0.16610409205746,1.45846475068178
1.69079637109903,-1.31913899750974,0.853589469151642,-0.0285072874252615,-1.49103891870406,0.289749417931064,3.60794164472097,-0.559155667225959,0.0401045266369217,-2.04604501676793
-0.606208038691198,-0.802118592107938,-2.20586303923047,0.917318213305921,-1.02557966340464,3.67026853368635,0.997580726730744,0.0140251173758463,-0.29280071033901,0.840959022635986
-1.25115840896829,0.500284834890679,-1.46135230872601,-0.326088235485913,0.877718250367294,2.05406939840139,-0.846519884534698,1.60639902771696,1.22968360593453,3.32108910701678
0.365788578779524,0.236887125214065,0.735990382771463,1.4489624608291,-1.04157968337099,-0.843766948079317,-0.672531000740706,-0.293994750315028,-0.605947525414968,-1.40634736248655
-2.24398939316723,0.705200898900869,-1.51385470460782,0.571015861476769,-0.240077121505131,1.15410515834678,-0.305754720216323,-0.70847866402077,-1.91513937661506,3.18602846043851
0.224337264978971,0.00952746789163599,-0.880628820286266,-1.93749854864571,-0.503590595277389,1.81521821500587,-0.735479387043653,0.498944834977711,0.863737399627962,2.89734723629232
-0.556168911369935,-0.947538142649889,-1.60298326404781,0.297538299551148,-0.348695193595803,0.392102231729533,-0.324988453562649,0.110097713335075,0.286975390806257,1.27293342754578
0.482021538933645,-0.641581797312329,-0.173519076172837,1.77840879224446,-0.428712670348207,-0.206657903185366,0.724050301542287,-0.463224023099566,-0.501430034873245,-2.05333289601137
-0.875734800316739,-0.846132458428465,-0.153393444728524,0.101165263057382,0.37797967959848,1.21978775542109,0.330795628247744,-0.826003602089449,-0.896859639016568,-0.618159960150675
-0.963991844075848,1.12170244431235,-1.53188527536402,0.971574199129323,0.414647186016594,0.196368676833483,-0.565772204484775,-0.195706634976059,-1.3715286458009,1.81337709818485
1.02842227342427,-2.47921156307892,1.30768363418514,1.02480633165404,-1.11524641346439,-1.90618275479425,-1.72644493971384,-1.38866126181497,-0.806574356851772,-5.64847140420045
0.535239907554063,0.722904995854747,0.261732523939758,-0.0181315445070256,-0.856885736914137,0.531290924630511,-0.521192404972934,0.447316912863166,0.249463523990157,-1.59909478279043
0.249846271636314,-1.11964608610924,-0.372009726592497,-0.440224558254761,1.20541682756685,-1.05330115208485,0.319809244152836,-0.674488440703975,-0.112364755431996,-2.15758570110442
-0.887656898479659,-1.23770870351019,-1.31691564078354,-2.39146791857272,-0.495206912994446,2.39468022027275,-0.535811831063555,-0.89705202241214,-0.0958685123630382,-0.97878064702866
0.4650984592688,-1.12115752218219,0.235354951711804,-0.0197534536398115,1.27758672982051,-1.29786203757751,-0.862193472285526,0.817714657933577,-0.107980069454465,-0.76800741795953
1.42742648319464,-0.340880245538405,1.21108965468946,-0.983049314747466,0.0575827083129779,1.128326500957,0.026476334219275,0.352407889505959,0.877638658451117,-2.60598847723473
0.29492017126321,-0.0232221308786738,-1.27404029146248,-0.1898754361242,0.304789829766067,1.75730172305939,0.88041227599449,-1.48137737875033,-1.34007039223624,0.308616031843057
-0.273188200595466,-0.545254727106859,-0.372275513583103,1.06270687945382,-1.3860096867365,-0.777720851458342,0.23057063600793,-0.466604638313061,-0.50586320325338,0.42481739454882
0.0647545201439703,0.348228594272929,-0.854401229032178,0.617060841908831,-0.135920018846779,-0.094662592694341,1.40532710833577,-2.04535023171214,-2.06612457586625,1.77048315403996
1.36669704043013,1.36587549815875,2.24107065711409,0.71128385596475,-1.61600570373554,-1.13202442740127,0.936035908961454,-0.544227830144201,-1.72670248576032,0.206869721687231
-0.193740974829548,-1.13679080134552,-0.843964859493297,-0.214053274254278,0.849347089234319,-0.568228626876164,0.400213904460495,1.10016268360654,1.4627977943627,1.29893986799175
1.63960838862515,0.577446463878683,-0.293326355943863,0.0188432480920588,0.216405666125166,0.16174279162304,-0.165462939393923,-1.31731082838591,-3.37107828150472,-0.375429965682086
0.859373835410462,-2.9056650688155,0.724651282615283,0.399944134390298,0.996895143274932,-2.07545048137965,-1.6367254530397,-0.0467624666273756,-0.0445562715100867,-3.63917020818733
-0.831047055637872,-0.799647700781246,0.253139713402651,-0.483589685055547,0.160768307918624,2.46137545604088,0.198602939434262,-1.6885195481031,-0.893649136331035,-1.35636601015094
-0.949781569503708,1.08596875591216,-0.240278883879101,1.01795432769396,-0.249140045855569,0.262761915115716,0.669767610207379,-0.0342741091973404,0.252930478608077,0.851510724642263
-0.476977392558096,0.812520235054265,-0.998319770431128,0.508139065352789,-0.268165602384501,0.846136717672889,0.184211565765167,-1.03224214770826,-0.438626605727865,0.912235047634073
-0.393619515575994,-0.0883483905689256,0.149532337056335,-0.204233183420217,0.193514004085828,0.692427247385,-1.02147436606537,1.11466956725051,1.80019332676555,-0.49116260369245
-1.3095908184753,1.07363308294651,0.0855594753387243,0.65436374772633,0.376165555398907,-0.0534482641276828,-2.01802013603709,-1.18949425802611,1.07328995299587,2.16953667710418
0.927463701801296,-0.804335867264538,2.01584626212308,0.0734092158078673,1.2309079974518,-1.49626257652795,0.0911134729606273,-1.1554391139853,-0.244913747107108,-3.20065046915502
-0.745638491187629,1.23743729373363,-0.18993021349728,-1.98182438905355,-2.04334344569048,0.566851467425694,-1.54697083615311,0.836736409721713,1.41107022078238,1.29321190490544
-0.266042991827795,1.75305910663941,-0.886422302206528,-0.187356411986851,0.126580124471243,0.144104697720735,1.3033851177128,-2.30645635845457,-1.45698665163795,-0.438776320855229
1.4174309089385,0.588388013611946,1.1708614331711,-0.602343992323795,0.590523576003428,0.470175375288812,-0.545483242987846,-0.67046186434081,0.485806444177711,-0.360148051312292
1.77473395010008,-0.0812186778550203,0.342256245673558,0.834541541648803,0.442000204575651,-0.9107272744443,0.536638498855784,-0.0054745617604128,-0.343190121327175,-0.895912667971366
-0.551731532657162,-0.0391730360538751,-0.890259617446738,0.609918387269377,0.0377911124673972,-0.580100194477951,-0.0861254865297389,-0.486080006531008,-1.91872338753193,2.41581003271078
0.382837001590833,-1.33964855967659,-0.638295866610102,1.50217340956078,1.46366832685676,-1.61897031021749,2.30324427672455,-0.313523165006748,0.905681268414459,-0.179416805538349
0.131572124283676,-1.69166268202884,1.34284553422303,-0.347346578333168,0.120980467205912,-0.316920621585785,-0.179034483041306,1.56199666406304,0.00634602220410341,-2.7124339301272
-0.135060253617442,1.43563659797781,-1.87079269868751,0.112636701200905,1.61905238627594,1.85976059549917,-0.409101186624656,-0.373020247724968,-1.93963337605885,0.968408151616899
-0.525693626361796,0.474871321228447,-1.28249695010168,-0.183832703435675,0.454340366587804,1.69298792863879,1.50922047794895,-2.34128504523534,-3.19389137824513,2.91832445359681
-0.521667952468083,-0.883544754185048,-0.0484907759827998,1.24140160913194,-0.199957594084864,-1.73579066028631,-1.85634265475834,0.704666338299532,1.55630062607022,-1.55624073931482
0.111123362095163,-0.899558243024691,0.110641317143365,-0.952555580816736,1.17798053805251,-0.0162230654615644,0.50478244340037,-0.558649992035205,-0.549711039264667,0.587410846868071
-0.0487227545799858,-1.41391853193203,1.11790536800653,-1.24692068592514,1.95708924005425,-1.2090415209379,-1.12352761919647,0.874126589454177,-0.689489241248292,-0.682045525254602
-0.780319800402107,0.64592969279626,-0.187919288741291,-0.35842047025051,0.494016169384836,0.761726162243236,1.65032423713627,-1.74672533287017,-1.80719038897371,0.287150520249759
-1.69398630497804,1.32033852101291,-0.0740173507420515,0.208702948297498,-1.15732282657926,-0.784198691588306,0.144886675745377,-0.460587956546622,-0.837118844106626,1.26294814485349
0.320376779182795,0.72416094614969,-0.200785688618509,0.760121012907203,0.664671499634578,0.506609497646548,0.902773409696834,0.0299507460068432,-0.469419773113352,0.832355782979141
1.07404352564426,-0.593734795778572,0.128146520440855,-0.236842444799473,0.459330452042689,-1.30930727673462,0.661743280085819,0.897625620822526,-0.867956324246992,-2.22939563940586
0.921159755916351,-0.657070468431015,-0.24063200669148,0.167284020933074,0.435694818295256,2.33422376559425,-0.465711736404015,-0.984587397930028,-0.505266161916751,0.448934088781908
-0.0819301055467333,1.35364485801453,0.24595394571896,-1.38720149335866,-0.323842108626736,-0.85882312615118,0.943580863708779,0.301494281874628,-0.742515307541653,0.717564777171273
-1.40085537663826,-0.0574261673828047,-0.538358973179197,-0.402280863249903,-0.310272564905075,0.248771802750388,-1.62149965037346,-1.14919140798899,0.208357598152816,2.32620113590002
0.153636089889683,0.758652234423377,0.469946154912344,-0.994479131217154,-1.38511200714675,0.853967589693174,0.247995220153357,-0.680405525007322,-1.99351540447457,-0.695806706209687
0.0985887286539504,0.490420243926098,-0.592412370631545,-1.20072810083893,-0.191034187583943,2.23012423243393,0.986522951148206,0.130779050811977,0.717297249493416,1.84864008928281
-1.04638493182862,0.432798778262233,-0.933264657596408,-0.0351981917734727,1.70607641960013,2.52294541259287,-1.24493196581154,-1.15996373757153,-0.562548256140022,2.52922970156098
0.19140216819779,-0.323636627645289,0.621334284026665,-0.503780734144406,-0.408948979230174,0.620153694887235,-0.14074006083129,-0.538711303931665,-2.27736962799506,-0.851182800913878
-1.01790509158833,0.848593249275906,-1.44656232897281,0.625819125802747,0.364912670724793,-0.85099530261122,-0.348107701574145,-0.552261145898226,0.259961668150213,1.83173801920466
-0.223374017120456,0.358921938779513,0.0613042767868889,2.4400524963596,0.390467015116943,-1.69581198926304,-0.505468978470786,0.970417099156666,0.414839030755324,-0.173152816227626
0.758779891130662,-0.173162686965945,1.149235991579,-0.189957965567558,0.53592741603301,-1.19174155305956,-0.102094114693266,0.464744733619481,-0.970850704056495,-1.9989408222198
-0.595062965732135,-0.188946429014016,-1.04081479331772,1.39213497413309,0.452102098069066,-0.856187699550078,0.0355085960181311,1.42241093928293,3.01024317232285,-0.287333000220923
-0.45229233659597,-2.10357327657031,-0.134344905415957,1.39170976002697,-0.594821114429759,-2.15276750239945,1.37130763898808,-0.200786299558593,1.9836785238072,-1.7842763716847
-1.43951497748813,0.773180192614448,-0.576939439563057,0.0571971267006878,0.784235979418811,-1.69630526482926,-0.726313376442662,2.21704502846714,2.78252404476762,1.54948135714531
0.568663077629739,1.31100285547977,-0.212535883332076,0.250935244493121,1.22771930467266,1.87050449346701,-0.306189946301049,0.0560062331725758,1.59098858380859,-1.15881116609245
1.58731900282086,-0.325110836189803,-0.479260856449505,-0.316628683169492,0.156926820258724,0.508837731824928,1.16268604906638,-0.699242141656063,-0.0554076992915437,1.79830303677068
1.28968597026852,0.559312883302758,0.271022763093984,-0.457507762549147,-1.01012319328555,-0.317995889341596,-0.686744619638206,0.553524830851238,0.64766131060645,0.0600771010670075
-0.282714179636062,-0.333494669404395,-0.151701515713402,-0.787598043986086,0.831640993950601,-0.903112756820813,0.594834261680527,2.04001934220234,1.06865622408943,0.599317514742366
-0.693742015396165,-0.563813269733955,0.565813070942616,-2.53642080009136,1.42115200687442,3.64709314522629,0.184870221665457,0.401162740497096,-1.37753621477948,-1.87514338269017
0.380650542895754,-2.15431057054041,-0.660329336284788,1.9459011259653,1.29063503963937,0.110944413421469,0.0525163407789156,-0.481625190131986,0.965572862665869,-1.44777057915758
0.536146681623287,-0.349687125849005,0.0246371376085986,-0.663790164281848,0.72253669902319,-0.235942657275307,-1.7886183182485,0.281533056775963,-0.496648473446263,-2.17616333435518
-0.811163985111766,0.327982229297523,-1.38615230036502,-0.560366752025345,2.38119835734133,1.93637016554543,-0.0320004393149787,0.00218525523506358,0.545470717281553,1.05113248193728
-0.872816302411672,-2.2399270330712,0.0178677041040054,0.990537217026228,-0.603575868017522,-1.70969705599963,-0.518092045490093,0.303851910401589,1.65177333095432,-0.598845823180758
-1.72472443008887,-0.836355157737726,0.401732266049238,-1.66881946967984,-1.60017866735396,1.20091320013381,1.7503379118396,-0.360223078161624,-1.818271182587,1.10925911871269
0.0944561349334682,0.400957413663966,0.554286482839335,0.888983724890057,-0.508474841821311,-0.440391092786206,-0.141474467041149,0.0373195216388575,1.91427865286226,-0.186551215463803
1.09346380102789,-0.950066741360079,1.49770396383234,-0.552274285663276,1.14232705155459,-2.00096085784727,0.213261425760582,0.105600615718323,-0.477339983998738,-2.81673861643896
0.837777884411191,0.394587375124529,-1.61627776152335,0.556449433026964,-0.395483628005873,-1.18959555567942,0.541910509862089,-0.178462888941673,-0.907549244511773,1.40138575193538
-0.432448662636842,-0.225933456809519,-1.29197223140599,0.0436594014514446,1.28648041320694,2.0190763193922,-1.59406162307798,-0.378044298140533,-2.09359817674748,1.33008788324141
0.952118060255636,1.29101173393568,-0.219052565727403,-1.21038139790524,-0.786297722251469,0.356325036516622,0.843029971702023,0.632209494702182,1.16026522193459,-2.6089065189893
0.278642501760486,-1.89066336505335,1.22755774986517,0.462500932640445,-0.0604929871676143,-2.19461948331023,1.25123270596846,-0.931095969326554,0.320766694680138,-3.00860865341069
-1.10855231940752,1.52169537011294,-0.714228091368124,-1.27396378718697,-0.47817718168255,2.03248587990099,0.655685442823492,-1.00182423135023,-2.03179744597255,2.24375970662552
0.0190784232407143,0.67785327899833,0.55687782818868,-0.899211697979955,-0.0878105430808301,0.762484706907886,-0.4365421730495,-0.0799446768322908,-0.886740418654058,0.462305055222961
0.693820285160837,-0.377110072595646,2.72492306888066,0.693581617030806,-0.041714617087307,-1.86525173234099,0.424102621934463,0.966046345883883,0.148879391433889,-0.681446249711093
-0.27172652528001,-0.60759655746059,-1.14407922170442,1.1415964149937,0.657884925962112,-0.413528888520374,0.647611974409544,-1.46631763375678,-0.887060107456728,-1.81081051004912
-0.00881065567342654,-0.0415401332024119,0.226634615115376,0.215175330367699,-0.904783419451726,1.08074753962547,0.87980891579678,0.584677305847951,0.202036782840763,-0.239913994849781
1.36156990977715,-0.350971831188804,-0.403169287037039,-0.389591943167732,1.50509756159374,0.561124596261939,0.595143320533664,0.578101065904786,-0.550891160969047,0.171418493541335
-0.479057914248315,2.09354732433165,-1.91594929036279,0.0865877426432091,-0.232007688117076,2.88272718496381,0.168967375216474,1.78522665840581,0.853453749580988,3.09982884266962
0.341349384719376,0.15174197099185,0.247364382276318,1.78494258151087,0.911624046154121,0.512151634707189,2.56987152989273,1.03989711274312,-0.735291794443015,1.87555145215113
1.00791796576407,-0.343496030943338,2.24882018346262,-2.09117233202454,0.197759377945544,-0.00867461320009263,0.381342006531312,1.62841172518427,0.846117673250595,-2.17888309884411
0.463635302022881,1.19638537468452,-1.47089243031673,1.93957671619902,-1.62495245110889,-2.23967251475907,-0.183325837533074,-0.268281293055456,1.4532118746997,1.13129575013031
0.476429738087542,0.0625366908617127,0.155575870690437,0.455346307041218,0.800089391863725,-0.224689170794367,-0.401101625860017,0.710784039294191,1.33980182882153,0.362670889651451
0.314057646624714,1.32478382511745,0.976488564671929,-2.23867392762461,0.777710428259701,2.22733311814723,0.276675567077954,-0.245699669293932,-0.850353683419847,-0.512030351857782
0.95050322046378,0.845131008803614,1.62337672833958,0.36631019570357,0.608515467998423,-0.586101423452057,0.588647055299705,-0.625886434752175,0.519024351242558,-1.44888708250578
-0.82328774099251,0.837199552453026,-1.50108878476409,1.48429018896253,-0.757624811551559,-0.0935389833449939,0.681202640730769,-0.393808691004468,1.68802191880256,0.386119639611382
-1.35700927279661,-0.389714988885182,-1.4869845818391,-0.772906425503553,-0.332807079419463,1.85222344861606,-1.2894922541832,-1.18766539557071,-1.68880341938042,1.16625924333151
-0.845654345755399,1.33841980301159,-0.0804130886848691,-0.422287765397511,-0.420205916467534,-1.01152815043446,-2.83441875012405,-0.0847438945774116,-0.167661206913789,2.41389630963172
-0.10301392416313,0.856579385538052,1.10702892008413,0.107741238546357,-0.0074217526626988,1.07965293488356,0.595120244468681,0.379704836625748,0.423068451449258,-1.03321717839204
-0.0263981746448654,0.658659122326867,-1.06325541215532,0.072426221926646,-0.103407600891207,2.87960220891279,0.234384075604337,-0.107845732136828,-0.367061440300581,3.76055204464401
-0.123384722237721,0.181498262859957,-0.824930640201765,0.440362547673195,1.60549143273778,1.20739838784362,-0.6694545662338,2.01982896992445,-0.0650146252752757,1.01695765509203
-0.191631087072524,-0.833541838485959,-0.118542294635692,-0.556299344950754,-0.0860003725972991,0.811894786887146,0.021941028360635,0.75271925692236,0.206595787851939,0.00826582069137633
0.652891056793036,-0.369398731139279,0.608299771370968,-0.209633718445584,-0.609558708797523,1.52662743926127,0.309862892890114,0.0166671609224551,-0.595715181171458,-2.31431027329086
1.00101600612748,0.437804219270645,2.04999937475551,-0.14554895903528,-0.511253395510633,-0.558517531734102,0.594096003694765,-0.860976817745453,0.173589246125728,-0.414895006741702
1.05708245541242,-2.21304328951399,-0.624642343335323,-0.788563698950157,0.901207468597007,0.315359213821808,0.15620768744945,0.530725573230402,1.33769743835108,-1.62781665654904
0.791729319826529,1.47935949920994,-1.29839827045907,-0.559651946367347,-0.22910474767316,1.05071461695174,1.09424754890109,0.132429064827067,0.270538799383284,1.17284131415764
-0.852997879516103,0.142197489240332,-1.52522172846981,2.17828942123911,0.954978221854155,-0.643886419648595,-0.614557508470854,-1.04987796240127,-1.03854454351035,0.793404969932955
-0.262531491461759,-1.01199453310419,-0.305823093360793,1.48465445946028,0.837376018912355,0.589826408937218,-0.457051242644445,-1.60876421722122,-2.05123200738338,-0.535592273372172
-0.42778970676292,2.51580384069096,-2.77544562194373,-0.373577894437212,0.303053056473408,1.1935197006833,1.5494834629756,-0.45897834045742,-0.582066541685966,1.03349448032364
0.612298268631661,-0.33814957262664,-1.08223832859763,0.230927384966649,-0.677062707933192,0.413279575201123,3.04077089161174,-0.981141671629782,-1.54006238142841,-1.10415192852374
-0.268953815178823,1.09634536114761,-1.17566277215669,0.977634175750974,-0.415852844030016,-1.67550227689963,0.932235066782247,0.568186327621113,-0.79193529541286,1.98176641293113
0.165276475309614,3.15005501861675,1.5961444018232,-0.431312556059447,-0.0423466172861809,-0.0208331192963668,-0.267010324726095,-1.32087355536331,-0.891582453485509,1.91614923582437
1.00463122883579,-1.92331339148123,2.17527825495714,-1.80972341447286,-0.0273242251117984,0.632668072116207,-2.54122446384524,-1.54714425747157,-1.37661123167979,-1.45793568397595
0.338545255798492,-1.07137520892179,-0.340268312894457,-1.19505204614877,-0.333919146904111,3.04898934983322,-1.64696569976995,-0.822357762462997,-0.917927710961334,-0.0706290507803226
0.13276196979462,-0.065721472013559,-0.778980974941111,-1.19884504937575,1.06413426303447,1.98846220015724,0.0895822855880353,0.745028048797265,1.58599201083598,-3.14726703998797
-2.0626777750027,0.215974285487897,-1.35073595456102,-0.763167890319154,0.720040750032256,0.0900000923475777,-0.739869851054371,-0.179699316457687,-0.0633495229911776,0.568633436719738
1.28793416799367,-1.20976067597402,1.87172594160227,0.062273998297783,-0.227556559974658,-1.8339441486969,-0.753411866439643,-0.907288987776899,-1.55352330448791,-1.64897164565485
-1.72897058716555,-0.83022739877362,-0.275407323296359,-0.42976942107829,0.182751379441766,-2.15863534034102,-0.576606234780589,1.4892400808876,0.32934730648606,-0.775849167892316
-0.0808481737554612,0.79520136673657,0.125701895680985,1.65885669794588,0.29503578040384,-0.752930537537526,0.539554695997441,0.429303206330179,0.00596554807326499,-0.782299634177208
-0.731798325922204,0.931047197348024,0.187562548519598,-1.3192628661286,1.99134206210039,0.434576682535076,0.354907212583576,0.208385698416178,-0.864762873505522,-0.637080837316583
-0.558619223212605,0.537430701503892,1.47068986652236,1.58329520598315,-0.47932356054396,-2.91130438036325,-1.03913452829803,0.234359502350667,-0.2627785214052,0.0316138222472708
-0.732771917857023,0.053052857572061,-1.1482211970117,0.538380473605687,0.357016968398437,-1.7701198840373,0.513010836780843,0.22910664359817,-0.391309661763064,1.59852794375361
-1.40142862532752,-1.61501017940806,-1.90188875339432,-0.0508687505696365,0.0752640595412992,1.32349273597244,-1.02467863853533,0.966695321492728,-0.340476241664091,-0.391460932637059
-0.110654645588206,0.245699685352567,1.68899795173894,0.636775470428093,1.03697586685796,0.0248975220038737,0.358136507256249,-0.229299229228515,-0.00836093093200271,0.231904744368066
0.0212616831331579,-0.774305997763456,1.63112539114565,1.30787094722243,0.167429805337364,-2.45459341111116,0.0842284120605503,-0.423235304780853,-0.0749491363679325,-2.07722182562922
-0.0438081304508222,0.797087954832495,0.243863764217437,1.61928401153711,-1.15313886658888,-3.74359496787999,1.66952459755087,-1.54062667408441,-0.651029681061004,0.650254993273011
-1.03407591093671,0.638551288906229,-1.27602363785703,-1.38756361724624,-0.942730883050303,2.02949629288534,-2.65367039272183,0.377394851221217,-0.331191723411798,0.113051937402183
-0.396558224398316,-0.255859392011921,-0.793198187505296,-1.38850632671743,-0.0229332868010663,1.91775180296293,0.778992541379917,1.31435526501489,0.570694853517503,1.38045680146887
2.50020354279312,0.330498574690275,1.53589451583589,-0.415117188744456,1.26180241261446,-0.285795205726673,0.179248630455958,0.0497090911135117,0.355986667857711,-1.68533272474052
-0.0208271270211702,1.3005523255924,1.18783991418356,0.569001873174671,-0.124602002123871,-1.35844959839827,0.197928966574171,0.466622597094523,-0.197548967079253,1.60955143238133
-1.54373725523838,0.989595430718811,-0.0610908182522818,-0.320288104826114,-1.17140993083631,0.0938520191573038,-0.0938267912468111,0.0249047442484308,0.790390112134263,1.02582919549071
0.3179186990984,-1.12745182437638,1.38363299402447,0.146903224349212,2.28890738379192,-0.325099674174946,-2.7143643587505,-0.903771382537968,-0.0850183263239402,-2.53991016701719
-0.109631024167383,-0.340542434499112,-0.545743225741651,0.631599833513157,-0.225637243479116,-1.56807926197362,1.94962461200425,0.391278655451445,0.877141011180457,0.0634612068157614
1.01243862530275,0.0727519103750877,0.574745855285679,-0.142287642700925,0.640210914696074,-0.597534891856961,0.817835722950448,0.326863528410577,-1.49191425558348,-1.02565771560673
-0.0376726212205062,0.372958120836107,-0.440665183017753,0.0365468215818059,-0.810287777927073,-1.436492494067,-0.35050551587969,0.119006065043505,-0.181558488627754,1.24017034364731
1.02974350884827,-0.283541646856933,0.879775053864173,-0.0233446650072081,-0.376160427925755,-1.24604926297158,-0.052467897307161,0.543365175506233,-0.536016227119379,-1.54690400345113
0.68713153211481,-0.369396265719341,1.31058787133466,-0.719426729787135,-0.310790360384344,-2.78760205023966,-0.136191013554222,0.317027661468679,0.732965813402143,-1.69257737004066
-1.21260626813283,-0.587305479117219,0.439729226216942,1.83280021793797,-0.219014762741195,0.41751469803094,-0.970381655179125,0.891500395578021,0.195524894094561,-0.85928805464272
0.890629447610692,0.311516853591878,0.652221920706048,0.385961428764931,-0.772865194311282,-0.168181645347561,-1.61793956848745,-0.522917846820937,-1.69320299533934,-4.12768783549703
0.366512843653995,-2.1699968714209,0.146684639151777,-0.971037552634707,-0.504805945444542,2.17184704117506,0.355498580968206,-0.875466311611361,-0.178711028423809,-2.19934250957829
0.544200933170782,0.43762047858863,2.59494430978955,0.583818346978041,0.0779832373986163,-1.48219037843011,1.06590624570052,-0.0974817570053468,0.310440525049842,-1.93618836275544
1.06435436453093,0.234916726610253,1.1659080620352,-0.30978566643641,-0.759287790693031,-0.721348516492224,1.24569927128754,-0.534929155676597,0.575052303429608,-3.13801469326534
-0.381188869902936,0.678896919078644,-0.398639297683261,1.57796091362454,-0.877151875723638,-2.31971178177755,0.804917685170071,-0.55406676008727,-0.614418380167354,0.382816717649407
-0.910220818395632,0.377869616148187,-1.22104005289012,-0.583217109120418,0.795738675955339,1.85458278758715,0.63122505620662,-0.160918782760418,0.47049193149665,1.33389125840215
0.265484861358285,1.04167209058763,1.5985352433835,0.614426911909359,1.17242274184407,-1.93645750486067,-1.15149994302796,-0.776275308361469,-0.95967130100867,-0.0502695362980017
1.14681248990597,-0.380553333064877,0.51819779571918,1.72391364773089,1.11048216247418,-1.96830147628369,1.4170731866787,-0.580920400896344,-0.856885886847467,-0.285236298667816
-0.806238336210457,-2.33089283824154,-0.614377910228467,0.672571956654862,0.37324939771432,-0.734891202649635,1.24228677385308,0.340955539467819,1.99168503441222,-1.11323198540085
-1.58695475209036,1.19268690510873,-1.59924725683304,-1.58272766170031,-0.0494325387027574,5.65825224243769,0.79459177208007,-0.180544276180377,-0.739031132070342,3.227561967355
1.28421620517556,-1.74605709186033,-0.282219695111428,0.768313781597744,1.08734918514029,-1.52583326331808,-1.1049545243085,-1.07189785288755,-0.390662424718181,-0.885531539003218
-0.130379955490052,0.413480147288829,-0.272402190976867,0.904516199801776,-0.91269485269121,1.52421656867173,-1.15296853528192,-0.711805839536842,0.508362031075929,0.88345880099709
0.523029825988927,2.33968114196375,0.911475634735634,-0.103214904540281,-1.06107391836947,-1.67978962766807,-1.13698469483147,0.588140237225778,-0.42560338454219,0.59488165945603
-0.479591489119624,0.70079170451321,-1.1890309674351,0.0291936154676642,1.01742888631034,1.23613286994594,-0.793078187348384,0.359560906826762,0.404084488753977,2.05135851805183
0.149679251762448,1.40257998808822,1.26666205147107,-1.30783722960983,-1.14659957191104,0.46665344171264,-0.540825226734318,1.17936921076761,1.75794525769095,0.457611598098119
-0.587272128259783,1.67584428279345,-0.459017718074806,1.12924390378489,-0.511395561460054,-0.759920711383292,-0.606468042342938,1.07850013308803,2.47725882263617,1.93085382150418
0.929652492537702,0.651382695739518,0.304266132222127,-0.558554395232122,1.25230526955276,0.729500581759653,-2.35798514489085,-1.64087574413169,1.5480953374882,-0.742775699968754
0.554884426882239,0.652677168798467,-1.69384724488453,-0.405753660936976,-0.896020058379501,3.66214732879192,-1.56160193559823,0.0568123846109347,-2.12243151347806,1.04879800676039
0.237908859407891,-1.3153140880949,0.101060543787257,0.120524572277127,0.425745138921003,0.902672443039563,-0.332194764061652,0.132185812689095,-1.21005413730141,-1.33295054535415
-1.06416335539699,0.0890997044034491,-0.416614526976209,-0.927284657449306,-0.350721200487997,2.96715800494995,-0.00142880370021244,-1.52060930625134,-1.76647828129344,0.0894016714411095
0.557108579915677,-0.817176463322242,1.50063880995972,1.01215700237993,-1.36379636351741,-1.48633870374502,0.914959050021637,-0.982940543907619,0.28126574817663,-0.192923506706721
-0.866458421423272,0.902271132884473,-0.195111651848919,0.0394318107346179,1.0640858370585,1.29358658137132,1.1448535712723,1.26555264485582,-0.424705200667681,-0.410639625204207
1.35352358186232,-1.47370685551991,1.36359380487781,0.0680837204883976,0.824761414931062,-0.626528733542724,-0.734636470741371,-0.766140639479028,1.25271296422486,-3.83973801484502
-0.340996751939621,-0.34746858777854,0.354203306620239,0.253685214709698,0.560383391118061,-1.58127353115354,-0.176847978431209,0.731743746049074,-0.209875711929044,-0.734300898750107
-1.10236026412184,-0.110998274742288,-0.639343504203648,-0.626528279450311,-1.52167836401214,1.79612451900805,-0.133649616722755,-0.275643449139778,0.46253699751578,4.5573332126595
-0.77279928438424,0.651599655650401,-0.322090558913774,-0.127431432014564,1.4504777720091,-1.1822595109338,0.795369415604519,0.881645460340058,0.521641035391138,-0.399206153975903
-0.422616756094747,3.4174081942871,-0.940366344015032,-1.55613430252941,-0.793004483564883,1.62470674680405,-0.262490090017889,0.393123510718336,1.69061998669964,4.1252452899682
-0.00757024969460329,-0.566492391665094,-1.41702694583579,-0.062377719933958,-0.406129201575186,0.379657307702818,-0.101108849782157,0.178941064314478,-1.73775081963619,1.2665917888276
1.2944175269558,1.01878545136659,-0.601861010747921,0.387472023740437,-0.722121506425907,1.14777238925184,4.82289599108551,1.76036073993236,1.22234202403075,-1.26303186009422
1.1877792987151,-0.318401101598244,-0.597358867726334,0.890475108521737,-0.17370726823241,-0.404734078242663,-0.377722960311886,1.28810563784691,0.461828722332267,-2.95558832536772
0.706055374505901,-0.44579223645713,-1.01234707715225,-1.25014852047544,-0.589183658917988,2.23828499191053,1.29991763903291,-0.27688459484838,1.19981106620618,0.710515241997465
0.77480548364459,-0.75828800601049,0.942802798466801,0.0969781775560745,0.554580618895448,0.0305493466960753,0.995330450359505,-0.908841699103825,-1.02260819888332,-0.956239504595246
0.611147240522524,-1.5935402532637,-0.193598338071778,-1.33539696427638,-1.03719321604614,3.81449038868805,-0.0336618625332375,0.805630791404066,-0.82503681136786,-1.54717182588329
-0.41366151498099,0.531862142144777,-1.12690169657477,-0.551962822099738,-0.650096303271819,4.54192767948845,1.66636868097993,-0.850070311265888,-0.995283536264796,0.59489095427303
0.86610971275992,-1.17431319411153,-0.694811379709063,0.272525884371392,0.974273998037467,0.679487307858026,1.25326887691925,1.50448199304186,0.503661224478723,-2.72995432807478
1.25424876874158,0.000439992880773857,0.603218840394687,0.72021476670443,-1.59379437193242,0.195483366049115,0.917850797726323,-0.173731156333695,0.484859351999334,0.0860811556481975
-1.60891759135063,0.255755337029593,-0.780540650522686,0.624868430820289,0.360575941647782,0.224787851105313,2.15163127881782,2.21875077844175,0.0886896500081589,1.46498828161309
0.382297481206634,-0.152287099790762,-1.48821187318334,-0.752563131800744,-0.126432654429812,1.86551250451244,1.38839529314549,-0.0985151024051002,-1.52725072527921,1.17594415246867
0.929801423214165,-0.548842108097398,1.31870251207051,0.124754006129124,1.20021867895678,-0.814190794838544,1.01564081541282,0.552277723979482,0.663621594807615,0.462294041150469
-0.250512024564049,-1.27420555377542,-0.893289406904037,-1.46247591311788,0.035657935066032,3.6159644784166,-0.842053768218614,-0.673546695161906,0.731212012025195,-1.3102456679421
-0.30131845771588,1.13005766333477,-0.537332109860783,-2.13236791174396,-0.18450282867545,2.42889012345968,-0.0108337828823127,-0.493145410260494,-0.498001654987273,1.7963549771532
0.182335961683287,-0.148797079984414,0.610848954760987,0.211636369299391,1.25804617785007,0.79462113456974,-0.0895531487871989,-1.38864146149269,-1.5506630688223,-0.934837715112882
0.871322252202655,0.25318213851796,1.3862677089105,0.48878796240994,1.63918055159291,-2.02610876033817,-1.26005919865906,-0.60515761163479,-0.923779016871027,-1.7616957604388
-0.870288549132764,-0.850186229939351,1.09026950569401,1.13965068667784,0.0632833009889911,-1.25750090320452,-0.359978073147158,-2.28547118679518,-1.88303415855552,-0.724754610979507
1.89112125597869,0.228857272986071,-1.02064025745367,1.13899505203643,0.199885825263276,0.620377898559152,1.85395586875155,0.130619013554186,-0.668562220165541,-0.269563209145976
-0.159933136234638,-0.367628239610098,0.458446514645536,1.37540050958009,0.00203254701102729,-1.90138476322231,-1.90195515147029,1.25486677552119,0.327169743199052,-2.44587582322254
-0.133050654862561,1.14211766781374,-0.841244111621717,-0.826730131727623,1.30232219885654,2.88707849947432,0.282731330480075,-0.844213450097293,0.00864230426261325,-0.0891919301144289
0.263438762001929,-1.20259303417851,0.764176486783817,-0.793707513122329,0.854720956103842,1.75914254731143,0.269583989142272,0.270966578644483,2.77677210198037,-2.2366001168629
0.909748960097467,1.21689310266818,-0.0573522993885595,0.747659836080996,-0.326097718230633,-1.21418857623554,1.37312022588137,0.27499591268489,-2.29434050987514,0.428386372762321
-0.0454154212912758,-1.62473492182688,-0.00291463167673889,-0.523608195448271,-0.214139679462007,-1.11969855582,1.2435628839606,-1.00476108871853,-0.32566581267307,-1.66495112205032
0.624767183632744,0.308519661805546,-0.0805165997872582,-0.508916415630662,0.787230800873822,-0.635998358762866,1.00185487633503,-1.54126238860595,-3.0106222870851,0.941159588276963
-1.76483643832927,1.16761540547904,-0.50476372157646,0.185612238283398,0.511431571170521,1.65738639916661,0.115092967611302,-0.259890639019747,0.357181877300539,1.68742794236256
-0.00463641912429141,-1.11037728873228,0.45344449057199,0.112750331000342,-0.164739289526876,-0.364986416702889,-0.756110277763383,-0.597140146517535,-1.12801362470012,0.164768972380173
0.483653806281103,-0.831234091497198,0.358283419046497,-0.159074209342628,-0.271470963857375,1.72028900264217,2.47033867076715,-2.73122522124001,-2.34944838921388,-2.95266054751876
-0.551710835692063,0.58910910265426,-0.326859332687792,-0.417891203690569,0.396046849699399,-0.211863309383564,1.22196129558922,1.39466916564448,0.87099814838292,0.864821673369905
-0.735639964269356,1.75662371560544,0.477838125230662,0.9916556805342,1.89484152237357,-1.3956795779915,1.0347063863204,0.59499381910322,0.540402539151401,2.59452073825645
0.674148304032794,0.46329863374082,0.00592268359743564,0.628715168518524,0.776924983399678,-2.16782850705637,-0.560851890799568,0.418753378221112,0.84876086654801,1.6640520392624
-0.0137441467686097,-0.928002902585133,-1.70571426189864,0.371085703201537,0.107542009749395,1.57727493679535,-0.821665920578393,-0.0689262526487875,1.64988581744882,1.19633763552262
0.934612777680513,-0.886004153799943,-1.37223144705871,0.678850461223391,-0.709758538483854,1.34219899047337,-0.402799597596896,0.367933305060727,-0.665256220254814,-0.538536371846011
-0.283237903336879,-0.945991356414549,-0.174367825109538,-0.00715780814944014,-0.261922263201974,0.717712960345106,1.14333437867766,-0.650783800747931,1.29275809676454,-1.55520449484498
0.163314886287071,-1.09717091403355,1.55212036413595,-0.985668151888001,0.92958636520913,-0.872654886150588,0.717650749483189,0.85700627001408,2.0460820136217,-1.07501592640295
-2.66288044721715,1.14579344649218,-2.30403235583293,-0.0957344801105221,1.9882462318051,1.32687126803118,-0.64916265332677,-0.225035579604696,-0.0462499029285236,4.0377754220148
-0.276428575144675,-0.632069240761064,0.458419241511833,-0.0692497686482909,1.0400445434732,1.16217012944103,-1.4090298500056,1.30448170011368,1.14281192155487,-2.28179593612397
-0.22443552256537,1.61657851683305,-1.42879289904208,-1.08189941337343,-1.15353158716118,1.62627271938564,-1.35965046737394,-0.837149315831976,-0.0429080767767626,1.54813937619485
0.442305251642824,-3.36373802033293,-0.0116505274204378,-1.00357313222948,-0.191951029467495,-1.14496363489233,-0.731674154188135,-0.112113452808532,1.61962335665747,-2.88865216431226
0.86472375765805,-0.563560588165796,-0.730124564374295,-1.39158836731848,-1.11334523392778,1.60120647836259,1.17942226729121,1.55104944101654,0.392108255054559,-2.06128693900749
0.359155308878972,0.393747451594441,0.997625926136715,0.266642959258879,-0.322184323354657,0.240598058348798,0.114288040934875,0.659290300404772,1.15476589353901,-0.515823257765817
-0.0713114729511052,-0.957074703392987,1.64883378529675,-0.990121572305892,-1.37728623614783,-2.40536755827393,3.28430017258336,-1.60313069246096,-0.333562641411617,-0.77379369198302
-0.288185984844973,0.504391858082677,0.63048673393474,-0.743764926422921,-0.595336376240214,-0.382495946691648,1.60631098021498,0.387702091793966,1.98246660400821,0.722245380439867
-1.08571516191154,-0.757261971765434,0.0923670831372311,0.381881677583928,-0.698349176257342,0.0668429321256729,0.376219503013289,0.344721282284163,0.725154436173378,0.454748249928231
-0.858619556399842,0.13151112063494,0.481282331056367,-0.103508392569742,-1.74753682744981,-0.169579527507347,-0.902916907329813,-0.277072509665346,-1.63218145689339,-0.0661036601993777
-0.703820529200235,1.80660640657778,-0.486401515094676,-2.49250100465475,-0.378502782450671,2.63021295771208,0.712775871428934,0.225491010428456,0.369944905727161,3.71332172223943
0.123214529875833,-1.03937511852965,0.208114163334663,0.738805973009849,0.275710589947826,-0.48451428508875,0.84594555783957,0.0796295511048423,-0.076272773729513,0.819492717917501
-0.72769325164716,0.983385416240014,-1.2916486765416,0.57230207067334,2.36647385231615,0.485021977530531,0.0285644338028685,-0.934389300094717,-2.17384209044476,1.45678999386736
-0.897140150679728,-0.286292877204103,-0.0923077681143542,1.35371245876263,2.21111575402115,-1.45803248729311,0.115052468239838,-0.29109486528224,-0.279306604282421,-0.355602638904427
-0.704987615052104,-0.638152793423214,0.219343170618438,-1.77496754540934,-0.280386734116246,2.3721811148763,-0.552157687586798,-0.555136503963671,-0.866940923022632,-0.42974798585369
-1.01086830604648,0.330235670778141,0.624598756923988,-0.684301656048468,0.966210676665094,1.08519305989792,-0.581221252523291,-0.674430913289106,-0.404343282158555,-0.639439285388895
0.334710760056088,-0.0380617485703918,1.00914356566386,-2.00773519980488,-0.227987263249673,3.77487827394543,-0.671043022247835,-0.609544057837713,-1.58999282999426,-1.09510709994166
0.267514571435623,-0.698899512723731,1.48763885560421,1.33318041231052,0.287328382942671,-0.32709938939656,-0.106783140215026,-0.962650496027328,-1.73404147827676,-0.163235858445984
-0.107893178999932,-0.176126760609439,0.942927235544436,0.492684455539855,-1.20551490596362,-2.34117838973918,-1.4702332229823,-0.139813482086134,-0.473008802239502,1.64077029764194
-0.817290829505728,0.218037157839799,-1.12849765422853,1.08655257667809,0.340673021328319,-2.09154682829142,1.8179218556287,-0.287368191526584,0.144896741778328,2.65889344315819
1.09391831034358,0.511819418581452,0.55041166177393,-0.137981406476842,-0.391333138604896,-1.0587687314425,-0.0472512055985231,-0.683777881871203,-0.470512577591423,0.0813725135729896
-0.479930245676209,0.103255657565172,-1.77353108837206,0.788778619649844,-0.875907892881022,1.2491962979801,1.41293617517634,0.986076834081389,-0.00326561422181171,3.88613498309268
-0.301971118813485,0.393882611224128,0.628731807077613,0.743922429058512,0.164070415010898,-2.27380242794152,0.338093927521805,-1.51886587079779,-0.478378419361907,0.0649837089400489
-1.96130313000017,0.152663291539335,-1.79481567792723,3.17199700523057,-0.153524979807415,-1.14188810822513,-1.20468586752986,0.488126803882381,0.0968739739937129,2.8969140340882
-0.215103909808367,0.291572479977025,-0.768314784223646,-0.301237950178557,0.581917335259707,2.04023420401448,1.66454705406602,1.70167709998244,1.89584201067137,1.45990501722702
-0.273701572585761,-2.60884366583271,1.11204286101222,0.698282105070749,0.367034256720961,-0.752782702883549,-0.563534175047918,0.772613968664152,2.2158177732156,-2.32239609725462
1.04390733756639,0.282305271836684,0.637563490536492,1.45373015455521,0.157206930225128,-0.189487467367611,-0.143873144657534,-1.14363455830054,-1.32879272102525,-2.06004758810236
0.737426173192299,-0.151012720162945,0.702560468165144,-0.493314240605335,0.0616439312915939,-1.240493791036,-0.967491121569875,0.684603647402382,0.00299354810046182,2.09793300536606
-0.541715376871019,0.723125646094753,0.577711025955695,1.41006212712666,0.996782889876888,-2.91901896898502,1.16831023023199,-0.329627590772916,0.363358988381408,-1.00686143740253
-1.80616359678861,0.711419478899642,-1.03878469975576,0.361140575189651,-0.117067754973688,-0.151260582180197,0.379872051636066,1.76432090652626,0.940469181320859,2.75319409103759
1.29454446427544,0.339461028607089,-0.19136956168391,0.424533053514444,0.0823068112959951,-0.334629132488529,-0.165575215279945,0.835125399548436,-1.12342964543886,-1.49172466478312
0.0869406050854065,0.496974962160414,0.0464398211177635,1.1233644977731,-0.335006973157638,-0.648715037542392,-1.10083394508467,-0.498555960664494,-0.412718337867654,0.233182072640391
0.0113536979620913,-0.778920131828491,-0.042388584299128,0.36363666760314,-0.439489626677208,-0.277041696492074,-0.269273710702138,-0.196384206857273,-2.35591109450502,-1.3809686298018
-0.873969885991143,-0.204211289205565,-0.929120512553938,0.546169506018167,1.08053251346477,1.20980932581584,1.10330522919231,1.50398216618708,2.7612521735666,0.618939966690692
-1.06297337274775,-1.19566616133625,0.281942930078067,-0.383970242939298,-0.846889431220825,0.769572499961849,0.0227892664218291,0.932458482440173,-0.317214907275844,0.700765771223928
0.603928737895355,-0.253690266631975,0.306726710129612,0.492164502245796,-0.692568617010264,-1.77203471319219,0.41714991774235,-0.182180017372227,-1.30102128730347,-1.36035352470066
1.10139792116041,-0.375579793278411,0.570492485068966,-0.884114783516527,1.02689755975565,-1.70277952156931,0.414919107556639,0.998813691710133,0.0580660306498835,-1.77319547074196
0.536536759469206,1.12432493317478,1.02051847265892,1.8403361646959,1.48563418095123,-2.28254404117665,1.28443533832348,-1.2010218201081,-0.588832157201519,-0.692282222638929
0.990073370723648,1.16238972520167,-0.675279712479432,-0.937599924684348,0.137181018088059,1.69861956734334,-0.768513972391629,-0.228540586041501,-0.834585950765312,-0.343303594832124
-0.148398138677047,-0.00417701019799846,0.0474225337147484,-1.39833445056204,0.431950098033509,0.536909989038879,0.032011531827638,-0.506829979453524,1.01873570339785,1.79343417778324
1.23500067068796,1.43848987323258,0.793835108628468,-0.134977520280489,0.619496491578678,0.633998662340579,-0.0347402407826081,-1.23520473615835,-0.0368069929311827,0.767488988956689
0.610366067554647,-1.21215642095605,1.1139233297299,2.5131507437282,-0.989090842846207,-1.57758631904839,-2.59255155627269,-0.616367648391591,-0.149602344822899,-0.0150392850546686
1.26198104935307,0.613523271539215,0.0804573487523587,-1.68234194309364,0.994449020591226,2.15343742817162,-0.528125552291988,0.920569064218378,0.217524755900334,-1.4067765488651
0.294352279239196,-0.536012186119133,-0.326673787617265,-1.61012802598722,1.91264895043897,1.47065480936896,0.283941272761752,0.893111413119388,0.74780451174583,1.36601497149419
0.34535303549034,-0.400659293560506,2.0030342751711,-0.698494820307195,0.696596584390533,-0.602226486644505,1.03184522620168,-0.474139715713396,-0.70659372263586,-3.20516731076549
1.12962567321749,-0.847487092702908,0.920983161425763,-0.675378193722026,-0.495158990316727,0.135313894391557,0.156881745114996,-0.804205155485172,-1.68041685898398,-2.38864498977707
0.685251041086948,-1.19184304630671,1.32420744390496,0.307806566781793,0.52328127123393,-0.717350345689414,1.32323400999551,-0.617875022114423,0.489928875321289,-1.37311218457282
-1.34748452039085,0.147823852181643,-0.80498774353107,0.438042178456212,-0.37036850406637,1.2481885535137,0.544294463767633,-1.00856583803658,-0.250441577666413,0.740034946976663
2.08380213186944,0.542921913878003,2.65501077769625,-1.12346033512664,0.616526077076284,-1.63112331964918,-0.454558341010308,0.6364710105899,0.141640849075797,-2.61199340073676
0.733404277254559,1.09458443768872,0.977882592017487,-0.443568704395112,-2.54152840158197,0.30684471163921,0.7341433923188,0.957012087112419,0.697602488206915,-1.14037684637212
0.0747918725036249,1.37233281643917,0.506804371779875,-0.594096455569872,1.23503012789674,-0.38836707725374,0.59151289905169,-0.00930699592563949,0.781410520536834,0.834162366750663
-1.90628189034389,0.520895196597263,-1.56921553394288,1.16913950417643,0.727012706739803,0.802128876284498,0.276514088051743,0.51760354191973,0.685566884391621,3.75429062214246
-0.567652809656715,0.0329622948737815,-0.992625866303651,0.459914158731857,0.751738937421454,1.14069110128364,-0.81239255696491,-2.02061508658499,-0.769578748955078,3.33129351282604
-0.00752916520072053,-1.73029103896049,1.09833933206332,-0.030840928079607,-0.252486363134435,-0.62657382027891,-0.937405718034742,-1.08138217544099,-0.78706295914334,-3.64710479416293
0.909144867614429,-1.35396178120711,2.72882772446678,-0.392413450405653,0.654429887160856,-2.62516429101921,1.26889814249818,0.0532455898231943,0.380336020295772,-3.91603000011113
-1.32083006074875,1.26266096055399,-0.0716493504156228,-0.934505435004442,-0.148075267453212,1.43214267373325,0.946670043839959,-0.215485398980075,0.889505497694795,1.49822428355687
1.1121553088504,-0.806264299573765,-0.127484257646977,0.313569015266601,-0.759444607211236,-0.804494464807867,1.88157150299669,2.08223022430066,1.20616865360137,-1.46882241212811
0.361542600593606,0.766433204935953,1.35869981982535,-0.460857399248748,-0.143246896729013,-2.66485958399307,0.577734823434957,0.761509541200466,-0.224227992611969,-1.63305093386827
0.527933411490484,-1.11544847093447,0.28682080725049,-1.58285784749904,-0.118165999095881,0.151975251696667,-2.40811184495273,1.37102902559937,0.134407865079065,-1.76158533665
-0.417131531565046,-0.0654395795721953,-0.498186394652486,0.890494336675714,0.0551885035240567,-1.63018360691158,-0.874560008165513,0.320481904693585,-0.293936226132924,1.38666323795854
-0.538364192947381,1.29487387415162,0.0682534732653845,0.813564874716304,1.72685374413965,-1.80064139670724,0.629167807302007,1.37193716861119,0.808273190424378,1.39114093328721
-2.31246045474189,0.294858769144303,-2.50910241711567,-0.517451882602081,-1.36119997314552,3.07762802828135,1.10390195292255,-0.186728173911836,1.33293828133562,1.61197212828256
-0.0712606802460393,0.633197050125833,-0.54901324793565,-1.44437145906888,0.492494668128059,2.11445353419411,1.09765255776227,0.0931882058229949,-1.9290537321541,-1.61240781580184
-0.0254862728158308,0.960212470784025,-0.0889234106182404,-0.920316589933653,0.0451509523042015,-1.57181302467363,0.256225254738978,-1.08038920493186,-2.16539869905333,-0.433801974745274
-0.712574563091594,0.477674903623055,-0.429730564997299,0.523355121484241,-0.146844429306041,1.04856020445735,-2.24003349830832,0.43856776237673,-0.0321830001039879,2.45698236992648
-0.0173609513123392,-1.47724415232035,-0.146882945667341,1.0846996422698,-0.732237469937553,0.648106657084051,0.631196337079727,0.783525461228813,2.63113798206725,-1.15972894655125
1.02736137144759,-0.0831055073632973,0.636841903697045,-1.4608419489771,0.9768453744629,-1.73367638287959,0.186920522169326,-0.21721233739942,-0.604085906998865,-1.58658947664012
-2.32076298995341,-0.899977989437931,-0.000135659956254031,-0.508778552463925,-0.993982751692575,0.609395126758153,0.379903066180167,0.138512092517701,1.93060781441621,-0.32144818783655
0.153309269858295,-0.650921015512218,0.417092916487904,-0.414492213623699,0.600469114660829,0.785057465770201,-0.236811024742735,0.716806961905862,0.587444819938393,0.353782972973653
0.153575582721332,-0.473813632165331,0.458279068402593,0.0185203475355157,0.941708148513306,1.07688635222837,-1.50479300780008,-0.716944780689003,-1.35315679937987,-2.51195670840387
-1.36052996322743,-0.379024063877237,-1.27074245429488,-0.314787653559368,2.98950770486795,-1.46653667791569,-2.86323997653206,0.424539692835294,0.150790462367442,2.34157578519897
-1.65758602071247,-0.155278792106041,1.29588071594815,0.0421190980734047,0.29780548433,0.844202915269024,-1.94135473853211,-1.03476105763347,-1.37844105926789,0.174684924061305
-1.38254559917498,2.68323881016304,-0.447017461271189,0.540412157230857,0.497268929473266,-0.487619770643042,-0.340028452704294,-0.442849806996526,0.350947928383768,2.6980855118601
0.756526507963099,-0.540536388430088,1.30963372825883,-0.746380756857806,-0.083896693810188,-0.234296458714844,3.02222904191659,-0.65616823800574,-0.784726186010227,-2.16128017586746
-0.568825306390539,0.74752279402115,0.441836464738305,-0.340502639340662,0.0545760897568542,0.0688154296544541,1.40503123823602,-0.0579616036164448,-0.521845742709227,1.37517615998748
-0.496930183757719,1.31027784321762,0.398361439553882,-0.0490439237994492,-0.176585397888901,0.0557687531343846,-1.38809240690119,-0.385709303492776,-0.690755996161667,3.24845165079768
0.0820847814490107,-0.554358292391615,-0.750366180613306,-0.38635119925609,0.199343993988129,-0.388614417350443,1.07971641662645,0.355448466358633,0.662752807966348,0.790921960835854
-0.735094956492196,-0.458801185167641,-0.4864603584655,-0.1671396236865,0.227861029933761,0.529175345691478,0.572560824033324,-0.721877880907521,-1.27305239323858,-1.13225542707366
-0.0746210198528998,-0.040677489753908,0.611786385740509,-1.568191660105,-0.703428982343241,2.62963792066826,-1.21430320867686,-1.01053865675799,-0.878995885648042,-1.67193650761772
0.296260225895099,-1.67857787855111,0.228923364313429,0.181160349539486,-1.07412783083541,0.709976773418229,-1.02694176049636,-2.43191524798251,-1.98216178579508,-0.469230447221126
0.963755673426675,-0.632689800949645,0.877820580217974,-1.38013253097708,-0.206375748969332,0.406177557651812,-2.18324470677351,1.14616465442005,-0.129714591926405,0.716168573426533
-1.80567085318877,-0.533040256023664,-0.798272891236751,0.368902388131062,-1.08171446303973,-0.00743939561456299,1.88414908913099,-0.418909247279169,0.102243126766748,-1.8514973478798
-0.419999202102928,-0.0143401018871633,0.722388549473646,-1.57685949245105,2.08591425482673,1.13285931407744,-0.966647272481282,-0.966025493359227,-0.00260484443760672,-0.853683787757496
-0.112337112590345,-2.10616026633034,0.00283204535161324,-0.0248473519733401,-1.89149957426718,0.324373412552243,0.61518724820888,-0.988490668187854,-0.236800679066774,0.109937440503751
-0.325222461573264,-1.44442935442788,-0.158670194288094,0.226753347950744,1.0227643993359,0.286406728628478,-0.0680014292424459,-1.47262611515628,-0.280047387275869,-0.625026673520507
0.57475652783158,0.10544152962243,1.60963825235748,-0.149003140235865,-0.534688019883842,-2.58656214286448,-0.187199578959744,-0.196123406118244,0.921101251441086,-2.30305400923039
0.985019692160277,-0.874798002263321,1.21848206358771,0.65364012736319,-0.412896036675678,-2.5209250980961,-2.35239255319123,-0.0241104278446545,0.0659081389382332,-2.34053080291492
-0.372205880888699,1.37649805413931,-1.67873207291493,0.493840776418436,0.14502580654395,1.25719517149676,-0.577976293493138,0.21191437995773,0.524298736173822,1.28004782012219
-1.57656292095977,0.251936224898313,-0.575100620887945,-0.422054682310464,-0.370437645028341,-0.958515946974953,0.256137048848629,1.48148186377378,-1.20424973782056,1.7754276007961
1.19069137882345,1.41436355726693,-0.656710360174849,0.540581495939945,-1.12290638876205,0.147299174266974,-0.276917902392262,-0.289229728333081,-0.0674388998914895,0.401197236379018
0.244791983497625,-0.291291908452516,-0.60748076976374,-0.671832041396537,1.74085529643096,0.564345978084271,-2.19355724382141,-1.31115391267586,-1.45925825025849,-0.925386567207108
0.903445858454439,-2.35123819530339,0.474704249084221,-0.0112247882914741,-1.2829103907856,1.02124139755148,1.87647366263992,-1.00509950594885,1.33272483226098,-1.62311099881955
1.05499689825875,0.274784756720738,-0.129073090282909,1.54831649712164,-0.0508405626063049,-0.642574949243509,-1.70305730783072,-0.410992274081764,-0.837937223988162,-1.00560204206259
-0.521111027287135,0.144096080181211,0.264662487740834,-1.27748519308161,0.0760059713550519,-0.652271495823629,-0.198236008912477,0.61053309645631,1.12516898939633,0.474806636845346
0.34086400561725,0.410557499357506,0.771084387533101,0.225810123103862,0.769451566814617,0.0942874627875344,0.391875353765873,-2.26248584399698,0.115920572192726,-0.729880282848278
0.129173873352417,0.95284783523499,0.803898728402559,-0.863564332327077,-0.592675510702947,0.101311273048155,-1.49347428499485,-0.621033471465556,-0.694181811196227,-0.405095277359262
-0.327820894767608,1.84510761875132,-0.0760331748109248,-2.68126957560129,-1.01739491052667,2.30237251486096,0.668072768303298,2.46454914087534,1.7164377702163,2.5144791140274
-0.16806362865519,-0.177872174542356,-1.35619189295228,0.197380244604601,0.67334511763712,2.92031191558773,0.675823913616426,1.92906881736895,-0.0736675297358407,1.40452564083111
-0.121995998922527,-0.18520738319597,1.44098330397379,-1.35239156778185,0.167000954825094,-1.80330949143832,0.155823787994704,-1.73206646338233,-0.54176702981213,-2.36770325709019
1.2356713079649,-0.497473528178274,-0.215041549520997,1.23746085792169,0.150380213869127,-0.571441295489326,-1.59759457712098,0.123078548194753,-2.20225038415674,-1.20775381877931
0.532669205869627,-0.564741882238933,-0.723788451052734,2.0822647426976,0.00408207301532406,-1.01840166341601,0.593768012581009,0.2072915634363,-0.60204903530171,-1.56007531307249
0.838633304376956,-0.427216984289795,-0.6726862113512,0.650710400495413,-0.119003736471794,1.55992042853028,-2.94732578375089,0.709194327429891,2.90325149125885,-1.17421531175121
-0.73731752721821,-0.949457649165764,-0.231921541181249,-0.778347093237882,0.784636065010674,0.232723983396308,0.121355690006534,-1.21991580029071,-1.21527450908996,1.21937910542109
-0.29995953118703,-0.265686065712644,0.456124821187497,-0.247424254836083,1.69268521162157,1.84516901204814,1.61820875627846,-0.725449152598283,1.2988477918618,-0.716564982656659
-2.28111457236373,0.719130763138752,-2.53380325796315,-0.91455745116121,-0.881105033906724,1.5122989566092,-1.04862427191842,0.6527913341359,-0.117325078283647,3.03698777670418
-1.25461839965289,0.582459242483063,-1.90293505133262,0.0556070003689227,0.842986373475563,3.40579215317811,-1.99841999444774,-1.34015845559394,-1.56016754786854,2.91836184680783
-1.07918142763644,-0.0949053796495066,-0.226539645287794,-0.813308173925853,0.137872970310117,1.7685133908042,-1.64240778288882,1.42917195075512,0.664362666466312,1.66926996468815
-0.808916787499767,0.24095304624566,-1.63396195033661,0.418532466650121,0.443388532179602,2.48819998938675,-1.27968529121519,1.48322495475695,0.24175821776992,1.50842110852474
-0.615139708467793,-0.926860051620716,-0.758557927479675,-0.731627202098766,-0.635716508977455,1.24267898109142,-1.21315789575452,1.36108778289001,1.7952147086501,1.31095785972078
0.365035816676439,-0.0658589105734193,0.647328967318525,1.02764474433433,0.900043775631719,-2.49948368691494,-0.373300177894126,-0.146433264889561,-0.685974775576255,-1.46326929643466
0.344696544911288,-1.26057252176921,0.0356420312110362,-0.133869676714762,0.939458504679807,-0.730831581038948,0.197370353926211,-0.286552841020552,-0.259603520907061,0.683199556193001
-0.855502919247952,-0.208419745246847,-0.83800489746958,2.30240975712975,0.0254911191738981,-0.513038139402066,1.12905536075376,1.25749070173007,0.266226468895509,1.78156014505751
-1.20893190497396,0.560633314755806,-0.761602599677289,-1.79514762349566,0.877943310640746,3.88185279672614,0.972068206482878,0.42286959566832,0.789502186827722,1.83615218775243
-0.266288118045225,-0.610324822590879,-0.327545222199805,-0.532885224616883,-0.244300143791938,0.935216469357577,-1.82170336230385,1.23476312236867,0.0969931086887635,-0.0140373750971542
0.257916945723868,0.189886199629162,-1.27663000618591,-0.959049403246142,0.425444358606232,3.76445734626409,1.17689716537018,-0.976904199691,-0.258926633176532,0.0103520605011419
0.656339178629476,0.0384982907329605,-1.3868544951127,-0.000330103670537318,0.131952177958882,-1.31545548801012,-0.393724767896294,-0.0532841696934087,1.65872669006057,-0.267119599523451
-1.48017841636503,0.524201020451187,-1.97551153791106,0.622617165713597,0.612542158615986,1.55929263873143,-0.549003683350448,-0.0150622337216934,1.19272915500061,2.58070380965093
-0.303118597848896,0.64899665343852,0.839039252689399,-0.982760264676368,0.639270980150305,0.0203116164216256,1.02625852881665,0.403635853243313,-0.0584363225027765,-1.67282419167849
0.953660833516349,1.43094383252645,-0.247131813293746,-0.111938320657918,0.283169157445846,0.900067668173285,1.1297989096011,0.101284933340211,0.160748942677185,-0.794882948612528
1.96370114903503,-0.200130409530189,1.98019370811973,-0.706826666958979,0.48210575830993,-0.230360673462977,-0.572828230706885,1.53008703354986,0.419408582357252,-3.07898022452241
-0.612702333134795,-1.15036124869326,1.28831543630978,-0.101144491372988,-0.686584061765914,-1.03157161453199,-0.80039790245923,1.38430452911863,0.467886531913345,-0.459812824053287
-0.232393014058705,0.558874319637062,-0.0202443766135955,1.08106662683502,-0.385714012797306,-1.82131019249798,0.00201247062888355,1.09907848350646,0.746459590238622,3.52538887926814
-0.486152569143227,0.436678224799291,-0.310722755917291,-0.136467872010466,0.32467739088796,0.382081161719301,-0.780448476804236,-0.815171388941437,-1.01456491502438,-0.533021706093802
0.58163960892437,0.277927283835803,-0.573382440900958,-0.568761204572878,1.9364221731559,1.06892924871096,0.49679710347572,-0.0768381833561069,-0.792849658631784,0.638427536347252
-0.769737547892889,1.25672990541841,-1.26677446030746,-1.54811330211287,-0.0470479767110703,1.12923308561202,0.296871952113082,-0.333265471658706,-1.48507777167337,2.80214262431867
-0.90127069009559,-0.753637329742922,-0.448895398272699,-1.85437797750664,-0.869633912991334,2.24649328993201,0.415510828627258,0.537502420164561,0.955807675904533,1.66097335578986
-0.503897563043825,-0.0155505485139542,-1.53232318227422,-2.33012377628594,-0.0998488512056045,3.02291510611178,1.37228370511474,1.83100426901961,0.868168499636023,2.14767173766941
0.00288829036105542,-0.238443230050243,-0.671674098498359,0.518786734180616,-0.776093214851982,-0.283563332733353,1.06168817476931,0.102942968205528,1.77988895436237,0.204944535540324
0.477637452025801,-0.471614392276545,-0.662486919519746,-0.0144422489992826,-0.071107448739439,0.351713289705944,-0.155261733799183,-0.3980260642218,0.966164286672721,-1.32945122959642
-0.3154980297659,0.869740903984075,0.381477695744685,-0.749418751583003,-1.22185911887454,-0.165104238568033,2.73559452883733,-0.538030209992457,-0.134282088635917,-0.831148340290028
0.688923389140889,-0.765450298402058,0.417631681513913,-1.15931352222111,1.06000854894512,0.0913849166228725,0.704295867390755,0.684212300316219,0.059073342362095,0.776516834345098
-0.577783406108735,3.46271666337797,-1.65726496286982,0.534757123049468,-0.228767434639819,3.4524782517691,1.77251736214705,-0.642634690878954,-2.50839932213741,4.3572266324169
1.27586824422908,0.804839573285229,0.48673601556852,-1.18162549973334,0.897992088463934,-0.353160279819015,-0.92538452545846,-0.823168229931053,-0.311833681632579,-0.811528096572871
1.21103263099834,-0.773253566915501,1.42690273588811,-0.683201372237762,0.922659421490624,-1.57031993098879,-0.187690398062841,1.99717197631558,0.879366651383621,-4.02532669037598
2.07123033958639,0.120917764672402,0.492235464528205,-0.554604355296104,0.443778567689696,-0.131915412688723,0.147136153311357,0.186450846046154,-1.09168831227022,-2.96586258564435
-0.84610604131291,1.13590456047785,0.398268683291659,-1.56134263033933,-0.369855307587975,0.831208100364458,-1.48658223815101,-1.18836822264222,0.106172746850503,0.180920805568361
0.120000908814643,-1.07453145624855,0.884830069631095,-1.23001301750345,-0.768504100855125,1.75685131839976,1.14122929522112,-1.32299038038325,-0.630979478529944,-1.97234439125488
1.20000517995063,-0.739910898000776,1.21882272389157,-0.358050700298596,-1.61428738383964,-1.22688376411836,-0.116134516676748,1.18642433278226,-0.434133690464629,-1.21207305282734
-0.639062715598251,1.59476381721319,-0.394084188585243,-0.765634208627024,0.114014251211541,0.115516859627505,0.0103412985367481,1.30022961532034,0.908505512885575,2.08902703441646
0.859901537862238,-1.1909265696804,0.839109478671785,0.418256627653799,2.00132453120086,-0.20372538056421,-1.49087561447976,-0.0916678418800591,1.21295173886081,-2.79255122223131
-1.09727220971601,0.382835882101756,-0.863023614580158,-0.626410511007511,-1.09931036087592,0.975236792302697,-0.00697561156496587,-0.773098800885175,-1.05926077055023,1.3851359102962
0.366083691807356,0.693930225702039,-0.330679237386356,0.192775619123743,-0.116384452274744,1.54450237181272,1.51103264871502,-1.68211074263577,-1.261028640194,1.3128596781679
0.821753369653117,-0.277509253135467,0.625260907329128,-0.64039051413897,0.737311265904733,-0.307972177648965,1.77118414732935,0.827003763020903,1.38837499528923,1.58738589392413
-0.0151138681850381,-0.428504121267021,-0.203042703374807,0.960768348582938,0.123590719387958,-1.83037905306762,1.28900224506157,-0.158833179239647,0.296381047453256,1.24392189894403
1.88745240031096,-0.624697822007218,2.5278655884052,1.63363920115367,-0.173815449232562,-2.80538221118639,-0.674018702973887,-2.15649257727386,-0.637619442680278,-2.86732647690285
1.19344938593288,0.667743973333434,1.16250141583814,-0.946013959168743,2.33336258427664,-1.4134397136778,-1.63375575090553,-0.279929568651772,0.427524846024742,-2.12064595709242
-1.76710873457137,0.0514597166841797,-0.706611192281272,1.31174877150706,-0.722457716139538,1.99775168246356,-2.56551357909926,1.00677077099606,0.507368592030401,2.02563326523545
-0.0795285019352882,-1.04358150894017,2.64406804108403,-0.324758225720832,-0.360172897444666,-3.22239870113513,-0.27990314640757,-0.342798187651592,0.621117004654663,-3.20543539625902
-1.4278276536874,-0.0252369764369115,-1.28917123456634,-0.76165686510684,-1.12267621572111,0.922655092994929,-0.0954011779635153,-0.593999536670942,0.30777325358262,1.37812520081604
0.0493226969242873,0.529148156578962,0.328461522601822,0.311140773039949,1.55825900101683,-0.0540640215924679,-0.124096031264565,-0.511651554381536,-0.668053633480461,-0.337709501331074
1.61569702396461,2.48442302846226,1.21838098301959,-0.651974543625834,1.82950601456235,-2.96636174036847,-0.582150426592155,-0.52036066012242,0.30824324928876,-2.10527792370302
0.77716232449907,0.487928527479435,1.53197760094974,1.02910855408486,0.465670875500486,-1.31903864107474,-0.965096863835524,2.33465228642339,2.69544417739175,-1.16585698794886
0.220356271146857,0.11482096368405,-0.230136474210176,-0.366994126520105,0.872560123380882,1.26984879612659,-1.24809122607007,-1.28179141513383,-2.16994348827439,-0.333351318767773
-0.877289807211129,-2.91411152390351,0.503745668063503,1.20816082275786,-1.61798805584032,-0.995776443111517,-1.00740734664796,-0.795253784814418,-1.57251578879188,-1.59219746178317
0.970259040716827,0.56781406512696,1.1370213987265,1.26016789018038,-0.0343571971865647,-2.19149987181773,1.23334602594122,0.452839300547615,0.0505058078347025,-0.301762347205027
-0.263588838864393,0.422397013571803,-0.103205752586032,0.925151920423473,-0.580438530806329,-1.57718025642624,-1.08668527453146,-0.239471430059467,-0.181900160245162,0.952024656986078
-0.64692517901553,-3.20095356959738,-0.022024974712722,-1.94346637694598,-0.386281362459693,0.648973846396957,-1.09636594761741,-1.27239943367572,0.123180404757239,-3.86998075509384
0.677426176250726,-1.13868294758607,1.27295685169401,0.678372706157248,0.16781485014488,-1.10789741620859,0.6673822574275,0.146017748055639,-0.614939471173266,0.555441258160415
-0.852165497132521,0.571971984020702,-0.315083783402063,1.11321739838714,1.44710903577643,0.687502172102336,0.112020096486063,-1.269256868424,0.180476999197604,0.958599659111235
0.627446109505698,1.12091008715969,-0.785057545325098,-2.30540491266194,1.22196024852971,2.47822631511421,-0.0437704024572989,-0.579355617690111,-0.351255230928731,0.295531671111248
1.40359395209231,0.404079062964627,0.596405890570645,-1.65012783968355,-0.335218848222941,1.82698861168514,0.440329371409046,-1.67925632714495,-1.85278946325864,0.660824929181764
0.808050502646369,0.852364382140866,0.741140906456411,-0.409767889534771,2.03444174157528,0.63735266089724,0.967834540148987,-0.803430568901643,0.672976416712323,-0.141640711556614
-0.208133180302662,1.01920969435762,-0.830929553811838,2.13453672582748,1.89589829456451,-1.27019685395006,-1.79435062085708,-0.683192626347902,-0.151499792158226,-0.159321013861145
0.611023125387806,0.77923306496923,0.504886141192183,1.65759074707416,0.642355028805863,-2.21470313947468,0.733730429239504,-0.561158610359848,-1.05148759627257,-0.0901855779875365
-0.675949233951737,-0.159380966391354,-0.263371118454055,-0.596359829438274,-0.607909912012487,1.11363930163983,-1.06568391511224,-1.39222155259194,-1.19391918555095,0.909091168605495
-0.511859554542532,-1.52998079214025,0.639072883267944,-0.156854817320809,-0.246982476398498,-1.27237989860564,-2.50799573080943,0.22043333697609,-1.24007018125757,-0.328838935075362
0.619638832037034,0.167836525732054,1.8828028575198,-0.981406223820274,-0.752022680560871,-0.305452865845675,-1.12081712735674,1.06535029374602,-0.254813597506492,-1.91706860335484
-0.582580972690571,-0.0156989382903766,-0.345248321755288,0.257265923034242,0.30490054439644,0.831230814970808,1.91589776322183,0.7058958315049,1.06425580441413,3.54792480165928
0.516067417203634,-0.634840857177106,0.181005408055146,-1.00619001487787,1.91935263750245,-3.41494063207654,0.328930659894565,0.0597043062346251,1.33495246767273,-0.529756706788179
-0.846893363155669,-2.20190322495109,-0.292090603649001,-0.630037896152545,-0.868219480434032,0.0192298484200846,-0.999811437226018,0.737210247127638,-0.298318096622413,-1.65707504520926
-1.68010720576495,2.68765262331144,-0.891318670097401,-1.14978828803568,-0.742797735532126,2.11635626046616,0.588163203098566,0.225809673561922,0.0977985884910103,2.00153507134411
-0.653812288472628,-0.592815266028057,0.355524300860386,0.541912135566635,-1.31815219266091,-0.982706482756833,-1.77643053677764,-0.679530809073191,0.403598550278278,-0.0907381314934485
1.40044738395824,1.31148433013462,1.2889523316598,2.15833065036331,-0.894136795425812,-1.05978848820613,-0.121263000909854,0.240506389281325,0.280988534236342,-1.39529299595637
0.959143231711222,-1.1449250744866,1.89572947227851,-0.799266976026601,-1.47685218003741,-0.68633160115398,0.874429552173419,0.224750515946265,-0.197703923873159,-3.78561730178105
-1.60272979294155,-0.637995862796957,-1.8047073357845,1.71608811520235,-0.0134548793092982,1.60602633624499,-0.647661378591231,-1.54265429472522,-2.19818027506469,0.991792121326363
-0.949196503659292,-1.45243822869084,0.387440236923439,0.229467059261759,1.01166585856995,0.237139776978788,-0.280693256121205,-0.880703062903725,0.22787599218451,-1.43863260266444
1.0955428092961,-0.187459897873515,0.081107344305431,1.73470775429881,-0.28121086198541,0.517356525869675,1.08010064853897,0.881627067010011,1.88849344217899,-0.0921429098178363
-0.338597124170396,-0.660425099392516,0.292252451004228,1.09238790130595,-0.575755628866773,0.277616689579486,-0.217912063758926,0.606985765565135,0.240197843602734,0.406721398723262
0.705404284695604,-0.904853142510128,0.748371578940557,-0.443899240300935,-0.092675835005529,-0.838474218433214,1.33478900517319,-0.863852743352705,0.477839060326787,-1.85041176391935
0.296958407610134,0.951236958439403,-0.545314101687336,0.061715837059288,-1.53011755371083,-0.176232827350197,0.968685040085867,0.11705288902808,-0.546713591902939,-1.23922272835339
0.354521784472362,-0.598142822840488,0.64300750895756,0.609251330567842,0.12508054637113,-1.7569084565499,-0.717292001015528,0.00414587171317138,-1.71560209000486,-2.01564690999979
1.01320899984903,1.1574632589683,-0.0833300473460191,1.24949196515441,-1.51054910875629,-0.747478097496897,-1.86129121353688,1.14961782251165,-0.54447196357538,1.02852075252345
-1.78073129091683,-1.41615057451436,-0.416433656049575,0.812627832876974,0.251538447208444,-0.156799425630336,-1.77018058946461,0.637814069745924,0.270279626974308,1.39078275610212
0.342215354222208,0.542486965433797,1.67491563624408,0.670675804795023,-1.85329102280914,-2.58439924252759,-0.339981173283533,-0.578117277963864,0.154008503075374,-0.177819537577808
1.10072955499181,2.14358626518283,0.499776989071023,-0.592427507523275,1.10605799612063,-1.30161147584715,-0.00514176057854135,0.438461816580427,1.09194835335371,0.951781249403005
-2.48883831982963,-0.271677255831072,-2.1623423590528,-0.3647428911946,0.133864947251345,2.94728100085563,2.58727665442485,-1.06532111638894,-2.0571510220956,0.815590342370564
0.949653427399104,0.843483216847948,0.778640380421572,-1.44877883283862,-0.262179264410648,-0.115836999422443,0.195131351358299,1.217449534737,-0.190320397080653,-1.68089342068656
0.0274850836958077,-0.262630368017681,0.657129388338285,0.065701539241802,0.624953949819854,-0.713284826733826,-1.64987656372922,0.664931108428225,1.03792386527439,-1.22572048227571
0.461036778290487,-0.731074636762264,-0.259516820088477,0.456046314360409,-0.125382221266818,-0.132023483096717,0.550562464234558,0.498251906317543,1.25809480668806,2.01724817374817
1.20457991563789,-0.404178564517365,1.59483726675444,-0.344912945918771,-0.00514952214234597,-3.50309976705728,2.50817303354835,1.34621953345415,0.969376378504833,-1.78889001662
0.41734668228942,-0.0592076271384189,-0.536510994604188,0.432766927225078,-0.00188986071420304,-0.369737776719285,-0.135844022667095,0.253541480486026,1.77883918956535,0.295950694007097
0.787175272574185,-0.758500640659484,0.927495720225087,-0.810266733083588,-0.365360578865343,0.651245374188141,0.771297903668368,-0.457280652110859,-1.01583365629163,-0.811044709530779
1.25598860539512,0.824387631954659,-0.666728935104108,-0.321986519587741,-2.84318927809876,-0.0928431871150066,-0.0659960681413007,-0.18567527211484,1.90825150840733,-2.04386364259675
-0.356811772426001,1.34225602532175,1.20236637748171,1.01518269442508,-0.117939988143267,-1.72907939280725,-0.328972461165861,-0.268711306806276,0.53745416055018,-0.516288526360622
-0.329260040501482,0.509878095983742,-0.153352552338662,-0.94873760742932,-0.439255840615611,-0.324569480945365,-1.84714504569415,-0.325621473869957,-1.27851775609885,-1.22254527579976
0.824891310933299,-0.508472712138703,1.08060319105996,-0.199872692417836,-1.01569396678522,-0.661227117401278,1.10796005743533,-0.501022921477727,0.361097685132252,-0.801477622816145
0.637358036658323,-0.877215452499401,0.391243588160904,-0.457305634939223,-0.896037463823305,-1.41874254412468,-1.75894153030466,-1.39975086074212,0.90287077890335,-0.766199589471951
-0.46851698777604,-1.90816411438674,-0.251057872392236,1.96868099034361,0.39948569430827,-2.37382205906275,-1.12907390147026,1.38613698261118,3.56169208866147,-1.86704691851803
0.109598684469812,-0.327680454567555,-1.46467982712327,-1.18697018866563,-0.326467642563616,0.128235896773876,-0.263193202113583,-0.354682156429324,0.134199223012397,-0.17838413162001
-0.947178981684399,0.675971980325739,-0.968923287903482,-1.3113263018914,0.0227964745026001,2.4822587214678,1.50576100699764,-0.830891146189925,-1.78429998665602,2.3378424024579
-0.395380162083836,-1.1242697986259,-2.13289726209479,0.541021530131428,0.103443430964684,0.974121354702688,1.16191420780599,-0.454837163606002,-0.296315184056656,-1.8753419462332
1.65145871539373,0.587507955832051,0.387194242139977,-1.20410492438693,0.919773627309409,3.5633747208113,-1.35310762629396,-1.75386952367266,-0.0545821484430544,-0.140742326216803
-0.177743995440111,0.113099894725924,0.280675449760171,0.745443072697972,-0.300559377776343,-1.9341313358167,0.305983850453034,-0.582851349281724,-0.684285410464194,-2.07687272026001
0.834795299133483,-0.710715876214383,0.547652662992628,-1.03578866047493,-0.580778475638906,1.08005311182819,0.422256170403702,-0.568613307967224,0.880856590218716,-0.166124527050929
0.469648271190302,0.507170551652686,1.60733426259508,-0.664641074940337,0.551071859294321,-0.00848115622053724,-1.24219687495381,0.479488832662598,0.924360156305764,0.0746732167598972
-0.746859976746562,0.842294255589181,-1.6754397273922,0.36347688368757,-0.354719658910397,-0.616208455159358,-0.245635835573957,2.266881295663,2.77303474340937,2.99345293582947
0.26118283357548,-1.98782391834601,-1.22214944238643,0.163736401485763,-1.37338936559059,0.573423127242964,0.0448371472947831,1.62202137786559,0.206105355083191,0.23356856614147
-0.632794058276809,0.428675185000828,-0.664302391293531,0.824941555670419,0.362645837408226,-0.0752076009200527,-0.388629365266386,-0.274009348000867,-1.4047671187669,1.84463307472402
-1.43352380043837,0.375913785142835,0.0454417255733966,0.314741346941402,-0.221370077468417,-2.03159053711795,0.0174648995429581,1.139501433137,1.11503380044932,1.18525903007836
0.77889615056573,0.691711955394074,-0.347005475356067,0.318582215932645,-0.532449541688057,-0.13494120221642,-1.5641741549438,-1.69499325571446,0.232477257554638,0.821631630726396
0.694441125217048,-1.15159161674614,0.735860645215213,-2.28833773267484,0.0874239136336796,1.13743387429886,-0.230567799354938,1.16621971793862,2.69175642525403,-1.97503801969012
-0.300848253285865,-0.168677423021551,2.26421719670732,0.0919809965297203,-0.19698605331817,-2.55345535182835,0.454745837571076,-0.810879679403138,-0.0934120316054408,-1.77712914234992
-0.412584609942781,-1.05281051620277,-1.43544169905249,-1.16973151708131,-0.34175354424306,1.30563169150721,-0.0642386269134019,1.06217609997628,0.0769007305586265,1.04749939729833
0.127031622215025,1.19869392108364,-0.0364289616771947,0.958296858063632,0.0944029286817008,-1.12867769118434,0.670918316964308,1.61635702594401,-0.0189406455407918,0.801384769225643
0.123226087328494,-0.837323294212586,0.709264850245763,-1.46867441229687,0.720077803790082,1.61574634046826,1.06832774061285,-0.742831125618933,-1.11884382386695,-2.38526601591166
-1.19134223199795,0.726390530272544,-0.0977157708280228,0.204803200422934,-0.435390269228559,0.000912760815004715,-2.35219947224266,2.8077018735214,1.49944221144655,2.09190922125447
-0.0880913502533612,-0.840837460301184,-1.10618709658045,-1.14505076789736,-0.472952260558798,0.524306942059608,-0.853491405019625,1.4778488137493,1.17497659050841,0.166287787011487
0.0891514168353142,1.71963402479711,0.74375322551007,0.210583257645769,-0.33218741447829,-0.747849862385319,-2.60053332946304,0.798415439417987,0.213642718236802,0.940205007866713
0.36448844352277,-1.59702911138338,0.0802898803575978,-0.480249157260806,-0.527216926334551,-1.24113820335588,0.491391280796249,0.495385967425029,0.982743265884199,0.112596494735385
-1.46922983095276,-0.576364266343038,0.626098407772919,-0.755578785575204,1.01626776677312,0.0685050359652513,-1.52993137139023,0.0292657594442921,0.146305062462739,2.29477235909771
0.340378365719027,-1.35985633817602,0.804649053007621,0.961263831753859,-0.143389315290792,-1.64156549527042,-0.0206333371269434,-0.153630679989486,-0.105821463938685,-0.929967052041458
0.288099631349636,0.906005645853239,1.34445887471602,1.43023840263664,0.822006182861753,-3.64683875538163,-1.08572049937197,1.86813614818558,1.89036430922664,0.30200359600287
-1.71266642948151,1.38669398707885,-1.48056414287261,-1.39819312351103,0.0867537461211683,1.18293318553005,0.761008344984531,-0.264295173059228,-1.90797140957212,2.56307935308263
0.660614674254479,-0.959645049009596,-0.769907213279657,1.16895590057574,-0.285176657403187,-3.37157790839933,1.23531096234631,-0.576550301733131,-0.401118436155774,-0.0806919139529859
-0.968604604860638,-0.36676929989086,-0.854074286339293,-0.165473553885328,0.790540692527722,0.431400297423587,0.19835857649048,1.58142253173037,-0.622392072684429,2.00110375143743
0.645369017200665,2.45079778242492,0.656454090082684,0.648369827349736,-1.34437304759211,-1.50781210004729,2.19126412546416,-0.362274717094048,-1.06026770782272,0.351532142496898
0.608751491890678,2.19970491130356,-0.0325122781400926,0.00115830273195527,1.12341000278181,-1.26355697092879,-1.84198258407113,0.297702878175196,2.34184322297724,2.01255268913212
-0.538101026902227,1.17237779802375,0.316130440822841,-1.74944327428479,-1.12756988853834,2.26752340255364,0.797019095250036,0.771683105891054,-0.348261742325184,1.90945658207969
-0.195326693260122,1.44044444420326,-0.230969720788624,1.26707776365438,1.19277943289569,0.796753245136374,-0.686422865399768,-0.95544030778656,1.58986942482477,0.219498239705654
-0.48638831269351,-0.251656863615851,-1.19112601800885,0.20307903660027,1.52034151573277,-0.125817768562147,0.0669723169181335,-0.528548013517844,-0.111623457179552,1.1905228634479
-0.419216809966637,1.41094448581431,-1.70357476197988,-1.93636645073299,1.51861999058236,1.01011532349698,-0.0107762330231356,-0.326828287019121,-0.965540941818983,2.18063534960691
-0.549973204289895,1.37022911448199,-0.562827399606264,0.177360782500422,-1.21862578398565,1.50512611071744,1.32978085950551,0.68220929723512,0.71905409153986,1.75814696864106
0.984668282981885,-1.52932654122841,1.79393880712664,-0.851613761694175,0.0510723745229168,-0.902714436984733,0.482082873265543,0.24437806841692,0.402912302120122,-0.835333436935535
-0.140100553706987,1.03570696096999,0.393397859063619,-1.00329447873062,-1.17598391757696,-0.413034961729849,2.22516855543645,2.07365499666382,1.64841004367265,1.85724827374569
0.865244773330208,0.3707578106181,1.19045467857853,0.980220221908824,-0.476676556166128,-0.698469472885562,1.86706640577707,0.173663799049592,-1.93433474549908,-1.16311509189555
-1.04386469441456,-0.640903277989858,-1.40055938979562,-2.19233346036816,-0.678908564218619,2.29251442512039,-1.10526604084704,1.55924262472776,0.141413772430221,1.73291447870128
1.24037733737017,-1.39794948609126,0.056260391417636,0.0930166091805847,-0.506860647962275,-1.00623098565862,-0.740123431453834,0.761108194011987,0.0573107357765544,-0.931357145874441
-1.46240272708051,1.97055779922375,-1.06902863694541,-0.431352774685071,0.410155935284605,1.65097524693799,-0.672925445887703,1.4152986603876,1.89822438767893,1.34878450817787
-0.462798505999345,0.845189432302577,0.524997694845222,0.40861632387338,0.864977576784278,-0.443214217205121,1.0694331920393,0.259997322669091,0.519093902005157,0.8489855042312
-0.649661635986914,-1.62292523993194,-0.930660066428456,0.946773583512321,0.0926787269595645,0.42894286854471,-0.238676598502702,-1.15630702576635,1.83969458934533,-0.712428600308667
-1.1168160128199,0.28063206879601,-0.383439399907562,0.949428526889581,-0.0228551050307392,1.45591162261113,0.774162507665842,0.134713541740085,-0.162423001953877,2.00483361506423
0.319786325546302,-0.72468338951852,1.92756878853882,0.640228277182163,-0.642594788492653,-1.45083353269028,0.461080168011037,0.610742353010003,0.249739585309373,-3.43424217753413
1.26488490821539,0.508491160996953,0.534499649541455,1.1614683592104,2.56725828852062,-2.5005086390488,-1.27699114848131,-0.821675809912573,-0.373368397447949,-1.22695121160879
-0.35768300528499,0.532234109437181,1.24342224086402,0.692165847544254,-1.2274470428245,-0.951793375201437,0.212868964620443,0.730305456993474,-0.100840390156341,-0.834092430344938
-0.819879391408861,0.725730859955216,-1.57921197791662,0.799448714789047,0.610480364211482,1.02260974758113,0.111010022969822,1.04196912735233,-0.33436237603688,0.354092648823614
-0.727562313158214,-0.230326821406934,-1.61502849018268,-0.726000337019573,-0.102226211811046,2.97828512404307,-1.88052087986523,0.574628278741733,0.683495038652062,1.71033087534422
0.247114896637883,-0.24633522999044,1.81327140908281,-0.257907724639915,0.462327706641401,-1.89273874758166,2.05987593617418,-1.11704651737644,-0.608244333398107,-1.05313663916253
-0.423991296108507,-0.553554198361101,0.796938433185844,0.600642797021418,0.509060626328745,-1.66156434802518,-0.363628063192113,0.541691253571302,1.75251707532383,0.385824895100187
0.478382463765628,-0.262363762203368,0.680928178155856,-0.221263641438901,0.671522340381063,-0.0341205568689031,-1.11050320364949,0.30109677281296,1.33766908024654,-2.12138857446762
0.614848959438263,-1.10509435794231,-0.392836709904408,-0.859958204277466,0.482538733125997,1.35753405840433,1.39241085315162,0.327594546711362,0.339187593136812,-1.72246991420552
-0.545258807032221,0.05823866802614,0.314530628221028,-0.483671814459054,0.852656523881893,-0.287270592061696,2.18306849016971,-0.381092140578441,-1.76381701599108,0.601762495990534
0.407974643036531,-1.32366352272175,-0.927136114144429,0.257951941829513,-0.37800245700601,-1.10308686962045,0.347775504366908,0.304059206550669,-1.75433917007641,0.0895326159299242
-1.3118566945764,0.587393553611046,-0.54491616282728,2.03616804193523,0.745829707495206,-1.70558193210217,-0.392685045064337,0.354008261205376,1.59368546903649,2.68143240043208
-1.36904599000422,1.14634718274616,-0.784469230965864,-0.840176129471739,0.36787026979356,1.37057076328013,1.9138398731089,-0.803931967183106,-1.86899482754914,0.290416316078757
-1.49297652431596,0.55137369770639,-0.944780480223889,1.61290013887381,0.870807359119263,0.181507089984192,3.02491338431317,0.714814799052071,-2.19175001972134,2.02884303728821
0.1717278732296,1.31421710041161,0.155263174506351,0.413865168371546,-0.187106258020487,0.479739190617083,-0.300272258022935,0.565834609146845,2.24851918717411,1.26274550657026
0.691581143481796,1.20612503277197,1.21292294783007,-0.642777414737482,0.17960738329229,-1.35529128650752,-1.96030788562958,-0.840301209145109,0.802202820408538,0.787018385292861
0.255344177037197,0.548072467964331,0.419005777254268,0.569976424479883,0.475812636576985,-1.8458545745617,-0.954166529156273,0.555849130128823,-0.985286739902802,0.215977725632794
-0.0339087067864583,-0.056910947165379,0.33372154002584,0.759042940736353,0.413212486127473,-0.322607187886738,-0.338345960788882,2.44787112404291,3.11496265377642,0.622559627779643
0.662216631283585,0.684992201231811,0.519305734180541,-0.95571529138894,-0.131593770496127,0.363725435734719,0.596697547122928,-0.421062153190082,-0.13413181425064,-2.62221714084919
-0.245635346168331,1.28709236364935,-0.552128667736265,-0.356060632887018,-0.322325769442999,0.854860783806545,-1.17735538421629,1.92377122725072,1.14946784913948,2.08256306195968
0.603827033095749,0.606647830312806,1.01104531680058,-0.476295367256304,-0.547117679558886,-0.493059994565953,0.6545309049346,-0.177247801674579,-0.348607986564461,-2.40103603651471
-0.0884534993649057,-0.194705039760513,-0.114862545259995,-0.862891211015162,0.759796436917144,0.43536559797116,-0.866085020045483,-0.383762538547935,-2.26952052749017,-1.00791837363289
0.132951970643505,-0.470457443576676,-1.36557533155356,0.462868458579204,-0.620301080958689,-0.184918352920928,0.0776448745174589,0.912157557032511,-0.0133263080227277,-0.126406365347235
-0.246524219037602,-0.76890606930066,-0.0623414955757677,-0.728524369564139,0.265205460995753,0.0978225333933974,-2.83133834990676,-0.147517358365356,-0.228310967500939,-2.35400123461841
-0.0544724558956781,-0.224377273859804,-1.16884772885549,-1.01116965823228,0.302034350641227,3.25162925396395,1.04005509398824,-1.62260185204184,-1.00874328016578,0.158315284278176
0.150085682965308,0.00124101736484586,0.833335323390529,1.19964488096703,0.503418856609498,-0.372830321776841,-0.183025454845115,-0.20901567701373,-2.31360665019637,0.178173640651881
0.180531849120824,0.196805673766341,0.826794830486169,-2.26478926002296,0.524454223537107,1.2390631545508,0.0946498976742992,-2.62364254887778,-2.0120941498906,0.0785926460535272
0.526242780973018,0.195272712022235,1.25676040628789,1.1224319435818,0.166613232528565,-1.57096235246624,1.34029570743986,-0.951468016587463,-1.96460039663935,0.525228869078496
-1.01360761598199,-1.67820619640702,-0.405082275659053,-0.772132528466381,0.121663864363979,1.93939091658924,-0.161551182544646,-1.68129422196666,0.424599840525386,1.09039753756436
0.19908208134238,0.581882535620001,0.619689500194852,-3.0328490898337,-0.284456404057893,1.96065383764537,-0.363016085340919,-0.875783191842785,-0.198554844264227,-1.29283407225415
-1.51944765636105,-1.08094559740162,-1.47877542284226,-1.6595768180224,0.55027621125307,1.88540381042051,1.16995343890111,0.932119644454502,-0.0754838702543172,1.69621036409397
-0.234880153732699,-1.90013171874327,-1.84155991200443,1.36430425362959,-0.622809737842682,1.58177773485091,-0.363315386042661,0.621915206085703,0.990517327523593,0.487519575052406
-0.870252550647374,-0.676038225038382,-0.433111220943536,-0.790600186930068,-0.456535679376486,2.2184022334912,-1.20099144695171,1.02736417447869,-0.722793669811042,0.146156049384945
-1.29816975152827,-0.696662103758669,0.179041141609831,0.213207609792291,0.643706883132043,-1.21463046411592,-1.72586228521306,0.108821824105634,-0.166101881747197,2.31857381157562
-1.19678070529996,-1.07295974727132,-1.01980507318404,-0.705873119718448,1.31446954656124,1.84041007135597,-0.397239588160589,-0.449422980772284,-0.345910161916059,-1.12852110984193
-0.215608771060099,0.569795029855489,0.605654170856428,-1.51291172113638,-1.15877687488088,-1.36619452419924,0.151818381443981,1.25691942459086,-0.0423419257644565,1.00559375830863
1.33704848743395,0.238448140453882,-0.0206120600971331,-0.451012307050375,-0.472144899736822,-0.156939488773699,-0.0340995238705225,-2.97440739964936,-1.95129470521547,0.593427928951542
-0.605027823144325,1.10539881077356,-2.21788717689993,-1.00235450949233,-0.324029317539389,3.03001134760222,0.328145276380043,-0.749138017644358,0.228161538227796,2.3336297801095
-0.0573815931279571,-0.229597720624006,-0.157046025366262,-0.837558062133319,0.54642711060947,-1.37183081968433,1.9426191850167,0.877024909947762,0.550481390876617,0.165408802970015
-0.815929835780654,1.62622095987719,-0.344218468137834,0.0240399843189565,1.19016938334396,0.878420858252818,2.02613253234561,-0.563597942971359,1.28018027970465,0.989707133450576
-2.20437300258262,-0.688007984118753,-3.54332384168471,0.560852569619071,-0.878092182889346,4.39814123753753,-1.36207667214107,-0.385200636040212,-0.0408247646069827,2.1993282655727
0.83196428888285,2.16363139874964,0.624908829167038,-0.485287024792127,-2.07778447963738,-0.274663737912597,0.174584969680397,-1.17526505506136,-0.305301306165614,0.571908437184284
-0.0383206707266265,1.23416949970321,1.24561200381264,-0.452871257728304,0.267763370743513,-0.359379027390636,-0.631608611954159,-0.14803215099619,-0.816689254419147,-0.646959841908565
-0.667778832004973,-0.438658458042904,-1.63847820372608,0.0421530520305407,0.0927898932043147,-0.504276996972231,-0.334236780943525,-1.80375323250843,-1.09375393900124,1.06918620862339
-0.516648538572559,0.324907425431652,-0.11828354955925,1.6043576244698,-0.916040518344052,-0.651497666771346,0.0985087072066832,1.48711199737174,-1.15680073115498,1.77731364827468
-1.03586645512216,-1.17895578130208,0.573824572406497,-3.20261661602682,-0.237516353731525,1.39173677124234,1.9757228982365,-0.372924975220342,-1.17365571267509,-1.32075292661923
-0.733678289588791,-1.60128111147373,0.134105308916119,-0.745282011811308,0.313091240511441,1.48983634007574,-0.0497405164187253,-0.799868935492016,-0.145488270784702,-0.142584326969318
-1.30045452480003,-0.274138320179511,-1.50658728218294,0.280051533933615,0.360378613586723,0.512879215784705,0.859463170131689,-0.284657866160158,-0.590977631795025,1.669758349183
0.603101458343931,-0.831023720414664,-1.35846203898588,-0.707214909763691,-0.677684534796168,2.24270768008187,-0.162446203132523,1.30456326287242,0.563260054850232,-0.694608356587233
1.3868889047895,-1.05018576762704,0.0105759205897086,1.72053371295748,0.253902882766882,-3.19503337634693,-0.437075356779997,-1.27696485104781,0.254044822279546,-1.4267611876391
-0.0580678021631064,-1.10114367184671,0.525458222191743,1.01894299897894,0.785724680233717,-0.568722103458494,-0.916535994072353,-0.740842491787127,0.154170667860406,-0.553805400422733
0.528929816292431,-1.1464634337704,0.784069284167965,-0.530499111758824,-0.442632964491263,-0.859333434407352,-0.44752435867838,3.00595608190715,1.12432551047815,0.396025992484936
0.250364351856141,-0.583053131373416,1.74780959227591,1.09511175031197,-0.543595250223429,-0.457692027009253,1.07484201787904,-0.393719691437454,-0.196360965288341,-3.57635412742407
0.128079391738643,0.917378633603149,-0.860401871767799,-0.154724316213695,0.51491939759754,-0.10963233683358,0.462898289205534,-0.99528367014495,-0.684329358195791,1.18195719232604
0.80294651211641,-1.84885224468531,2.24588722317926,-0.758433848174274,-0.948770742937062,-0.766352143771313,1.1829562850132,0.255547153737912,0.158683478844585,-2.65209917280645
-0.63907838520772,-0.9964845897838,1.44642166398521,0.445729662808953,1.29885743669958,-0.751552635679276,-0.163044410643888,-0.564987520817835,1.4503254828365,-0.703131115643158
-1.13677665375895,1.26013859857574,-1.87519695535685,1.83533659324673,1.02142274920005,-1.97794191662589,-0.543498954933122,0.290786887646125,1.47202423121905,3.98801073712818
-0.573014881676503,1.27546183893281,-1.02507442302071,2.07602472618428,1.04967019676601,0.863311065696711,2.18491737915479,-0.394857256360273,0.0780555408683099,2.45633254430301
0.192001559880325,0.871740318611995,1.52583146250346,0.392690313438089,0.32485331680548,-1.83884186440334,0.420283643472295,1.52067324054215,1.34681200476858,-3.07207082428911
0.372792826791922,1.23358305081847,0.433780334904296,1.38618573322746,0.295159319288675,-2.22503096867069,0.230603423102725,-1.53801069724623,-4.06860253479808,0.0619953110387152
-1.98486014160691,0.299808135947684,-1.62871019152953,1.24628325327391,-0.425444157687248,1.86771460747998,-1.86146571765783,0.0311755679529598,1.43645298409025,1.2987810324986
-0.691505339642889,-0.679348335603972,-0.551631681586273,2.39632719710279,0.998818992251199,-1.02452438575983,-1.0939958393919,-0.160703094487678,-0.631187640966025,0.472589141702367
0.9262342769877,-1.34569480512882,-0.408514050370684,-0.939774359369891,-1.26219989148959,1.80977262200811,-1.84230693678023,-0.10406878141869,-0.420319527254969,-0.672481191442513
0.804822772262592,1.02001716361573,1.99874779464613,1.43998757302189,-0.709408882728501,-3.37155453779608,-0.774498087936466,-1.73620841016987,-0.518626828034339,-0.781656166701051
0.602422980886892,-0.389090629280887,-1.12085228701545,1.92022326039439,1.57302153026977,-0.198392187438783,-0.518857827485696,-1.61563168021699,-0.652266629481263,0.0169540715003381
-0.745439896736662,-0.452565256936046,-1.65225464656764,1.50126586449312,-1.17805625587936,-0.0536486705449608,1.57223862933768,-0.856970228420128,-1.04270410246804,-0.586063755557963
-0.936492967919373,-0.519470399123714,-1.62808211125035,2.41777307862106,-0.582091501772638,0.356102261754198,-1.47142312437235,-0.529518513273772,-2.23368160261078,0.891556358943755
-0.837859717217787,-0.289547821298055,0.10323262760079,-0.0145782584873871,0.582076000441891,1.14958598385603,-0.89750321518808,-1.09470920032575,0.385396818441633,-0.599593359548227
-1.469802127744,-0.33494598785008,-1.87859786436334,2.01397835488273,2.84368065337582,-0.731479574132906,0.917343422218699,0.262115931060569,-0.993347374148234,0.402865636190737
-1.40931453465763,-0.151423040235728,-3.25752128904009,-0.840281199013947,-0.212238276463648,3.5139153657549,1.7575565016928,0.190471986605875,-0.12048689813176,1.60510464943753
0.698273248411716,-1.32647528094185,0.703369990676749,0.734045479433039,0.319306839415693,-0.193697436506942,0.644617640542154,0.175246170085768,0.397415563534848,-1.83011944543698
0.0694853185337699,0.625705611288659,0.512534082598524,-0.613303079344586,-0.414236478164186,-1.17015635783081,-0.721468947527501,-1.24281445142603,-0.340343769617336,-0.657368277076386
0.750106958657483,-1.29426889936915,1.77363437631385,-1.72105046070859,-0.472249536824772,1.40065443777462,-1.09927013924409,-0.739106963598739,-0.391828316718155,-3.16622082970395
-0.849759711529771,-0.385557264858626,-0.234469223493094,2.85109382015318,-1.00110687737535,-2.49511501952969,0.941257470599012,0.34342197924505,1.63202857981968,0.00482170740028702
0.629230621625079,0.499163086602947,-0.486890100414306,0.486057650961831,0.333115864135875,1.04910069558326,-0.93368525483134,-1.18576511168598,-1.15675912377553,1.066048570411
1.47740323901278,0.16024969968922,-0.331561400503014,0.152554107539078,0.878883306473878,0.676093986455644,2.03761022573582,0.218948100580931,0.252755589583708,0.730911474195253
0.726478138563786,-0.235507459328677,-0.255875815481552,-0.220473538080752,-0.206800590258981,1.45025853861074,-1.04540941505918,-1.46245024346475,-2.51131609096486,-0.396775871486073
-1.57943976258051,0.210726573520255,-0.661816065978002,-0.177040408338047,-0.391867386845726,2.11511405663227,0.367533198541358,-0.135207124601269,-0.643269143890605,1.93893233838358
0.536155736955101,1.06040127669767,-0.386311269392944,0.508990417138514,-1.28701365809938,0.0360495717385503,0.0117522435607266,-0.41009563992605,0.305962471269638,-0.0134402099987359
0.0751349260503684,0.533039551357661,-0.375840423538505,-0.242460572077144,0.688450886630231,0.901442299081924,-0.292956470000331,-1.8287721875486,1.67036324714171,1.67493534072708
-1.40202258607907,-1.54512622685686,-1.77929435273481,-0.708258518818732,0.213171763382011,0.970377313236863,-1.51884774930263,0.305636055984519,0.0503340694353392,0.650988656739154
-0.0541959525240775,-0.935932879584099,-1.03936461822623,-0.351949497657262,-0.25151196974477,0.644853172371313,0.2385217266753,0.330587579922239,2.05954514138186,1.21881479536827
-0.579303941903899,-0.575088143162178,-0.454540104325099,0.458433243847542,0.373214056759442,-1.10556126582924,1.26693462367325,-0.141406999293206,-0.539865868941372,0.833220205823062
0.258928481638541,-1.33189701131998,0.558286549373596,0.179764755671718,0.698064001814178,-0.075858671405285,0.691462294334337,3.33209216377449,2.78717522980617,0.429710687737264
-0.464439196148362,0.628369650885791,-1.42086394024679,-0.136497669389054,0.759742484312599,1.46302447956958,0.0195821691610678,0.418077605726545,0.00233065103803984,0.584871686846601
0.552237146341103,1.23941202603585,0.695910606900841,-0.573082376012293,-0.183108588758068,-1.14650240061825,0.261382338067079,0.498082846854155,-0.485603114690836,1.21394932527801
-0.216695151569462,-1.14427892472891,-0.544175620263086,0.18306821874758,2.25918292504874,0.229286153992083,1.75926106416218,-1.48199977989395,1.29866364609323,-0.294761955981021
-2.25602581813778,-1.28341199550217,-0.74756792238466,2.50929568035055,-0.648985188444862,-1.89939885649898,1.57154741510902,2.34423581424823,0.664427176357238,2.36771310607534
-1.51703604199381,0.247134323708066,-2.18848699746205,1.80099421456858,-0.212424836779312,1.28704831520084,1.0786450357383,0.641050359850772,2.60141401423674,3.22197297259223
-0.431121805554553,-0.702150460593986,-0.568290933918611,-0.977237529761681,1.19082152103998,1.28177295952394,0.488581266729382,-0.73346740028267,-1.48622202536743,1.02606641695185
0.315993755371054,0.704314546350305,-0.10539842855107,-0.27228386228145,0.763935561497441,1.40407400780769,2.03404826508799,0.0420229240503549,1.25436022752862,1.04319364190433
0.219730242442904,0.260297016710232,1.19752498463472,-0.444325167115088,0.81518469511237,0.760651399835421,-0.321654015486884,-0.938265744825381,-0.424587460433252,0.890775880233115
1.0553935991898,-1.07607617500248,-0.61115880735012,0.185294824251368,0.414438980459152,-1.06728276029549,0.611559244364633,1.5126715532464,1.02555824341499,-1.15562219511139
-0.63852289170662,1.00738738641168,0.329633395108045,0.91012424943961,1.29693650790415,-0.317529828134314,1.18811630771842,0.618588189566579,-1.06172415621005,0.390793794194248
-1.31931734944114,-0.337381403510672,-0.252955235110199,1.57888544897417,0.883983992197209,-2.03355082206789,-0.952446739235011,0.839956808906037,0.671037088582895,0.643329834741142
-0.315264145091401,0.0320124978035431,0.694951725382505,-0.403691015402725,0.964907542210889,-0.553991636980618,-0.0660958556570507,-0.0485222884958287,0.312975135292833,-1.04185582926216
0.132345319401383,-0.0471551812570775,-0.289442764277859,-1.93970184518244,1.02120244093085,1.41160466179378,0.396267167159124,-1.59561864941253,-1.61108504272664,-1.64070071473021
0.467915172444476,-1.31183410821891,0.309934305161469,0.484222723614169,-0.0184100452124018,0.261647681896981,-1.71767558981693,1.90253155917706,0.890654018575587,-1.80844386007366
0.608148404973909,1.95666489873405,0.947223814731177,-0.134767093212873,0.0471815742032885,0.145226330186843,-1.297359485954,1.38405663382042,-1.59970525989698,-1.01209251303891
-0.285346936626329,-1.85096116379598,-0.363851532526809,0.532036519966465,0.113056038002068,1.64047845481681,-0.386993138519919,-0.22914163431162,-0.54984878154594,-0.166964845244794
-0.790494657289197,-0.808661191387478,-0.096925610524272,-0.7191149633716,0.0654846165166588,3.31058096144757,0.394109904820633,-0.0901158037373324,-2.12076109674257,0.0850619830841308
0.128678191810245,1.04270897312235,-0.36957453909445,0.723842274371385,1.19101168060442,-1.00463238174951,-0.224115049180625,0.867576083745867,2.73548345595911,-0.32338424413226
-1.503508639647,0.0289079260892533,-0.490074304915767,0.667392942781946,1.07951479800063,-0.980082321504008,1.1041961817263,-0.180800118003353,1.52855327323595,-0.853521143519765
-0.169709980145491,-0.00897720424708695,-0.191704405841682,2.31211456338945,-0.197450848772699,-2.42995165895382,-1.83406544211672,-0.752502390974092,-1.25950998171766,0.455355679758558
2.05810878846393,-0.217203635913805,2.3431545151961,0.289325709433435,-0.248411260837226,-2.60039441268808,1.77440285630907,1.26905691945531,0.447792135136477,-3.92786577458882
-0.109778313830014,-2.69062606480018,-0.786833652308633,0.982576568622123,0.910186637404122,0.205159393742731,-0.108087570857737,0.287414359989837,0.351228737086374,-0.50335642389764
0.0394917546207651,0.786534180418484,1.3320523190859,-2.0938975367042,0.60728636235555,0.977488923156386,-0.979513422322185,1.47750040471441,1.24949626275045,-0.860686578198623
0.884825124603469,-1.76457995229417,0.823177567807944,1.52724331234259,-0.826774058960526,-1.31482921561119,1.15223588478092,-1.42995185052428,-0.34880276928077,-2.04800533196465
0.570582230745122,0.595896465437294,1.10961888171187,-0.165384963648483,0.360894446284009,0.469185980750511,-1.1368091769191,0.12329683066507,-0.978087402268839,-0.625128337297101
-0.811893763612058,1.7686202105708,-0.255495278095222,-0.641068056106655,0.215023999674447,0.443649811974216,0.586155930537898,-0.678763878441452,-1.75399391491448,1.30899619555791
0.831619169765379,0.363103177069219,1.37097365505434,0.133255331762363,0.386237131579091,-0.285530662228764,0.1931994067095,-0.383014705932349,-0.914171903505091,-2.66530415070857
0.507736363984869,1.06824124567201,1.48683606256762,0.957654552002084,-0.0692034189130234,-2.77044111823078,-0.737551298529044,-0.730907348881755,-1.46082174361342,-1.84833731401329
0.647855101695001,0.975798860461974,1.50265287878548,-0.537259878573261,0.987345718019637,-0.631268993417692,2.53107191963689,1.03121977101251,0.808720690684278,-0.915658755977718
-1.03553958176666,0.871913483353405,-1.1630548000092,0.509803378218656,0.505587660787731,0.265333190843919,-0.347756707492418,0.81192677978476,1.28215455327426,-0.128135782109168
0.268993223209908,-0.934225572616632,-0.193074413718194,-0.292383770052354,-0.394360693411617,0.430938260906441,-0.832354797972808,0.604896460943549,0.933141980439169,-2.77477615074669
-0.607745983665492,-0.58051721649917,-0.0166243840941471,-1.70536844699558,0.058611514483421,2.39816424273944,0.823566538010299,0.441769505780797,0.323557754451151,0.65148559177668
1.18601337520437,-0.899790012275315,-0.602970898320165,-1.81912566027182,1.08791494418365,1.11610674072537,-1.20184549402615,0.527374300068638,-2.20450657387729,-1.82681606086826
-1.02520743301356,0.967180400541756,0.814477592589469,-0.248435599528376,-0.0618907181854277,-0.27405075034611,-0.451301012992985,0.898340266443742,1.11211015801352,0.0898371248440612
-0.807007280142704,-0.309972773750687,-0.882231130002712,-0.515188853040137,-0.337765544094757,3.00959325314301,-1.07287225052701,-0.627941141100015,-0.258752500705117,0.417596597116809
1.0234060484741,-0.717472255633515,1.7892916786489,-0.369200176268678,0.962881744830306,-0.924292210602825,0.200583780917371,-0.0917912660823843,0.661415629250253,-1.73027623533847
0.832819068230024,1.19100012405107,1.0736249595323,0.219614324047661,-0.0157145436770826,-0.299762148247415,-0.0591764080827534,-0.155793548812323,0.284925570459951,-2.00288432283638
-0.667143419734055,-1.90498867727247,0.324361134633993,-2.31826662380617,1.89955924136415,0.570767232332116,-0.622681707827401,-0.0540094683556575,1.86653813980323,-2.39803585485602
0.494029934128325,0.759030954516152,-0.351175515344454,0.852296828998356,-0.882260394056753,-2.17189492940349,2.48284691762357,-1.7667318705304,-0.849437156095913,1.02154895759691
0.928812436991297,-0.983426998899949,-0.631113147672955,1.82488787412559,-0.513825425636663,-2.02458956714245,0.372793369304424,1.04099098609987,0.787477634515587,0.325046376141787
0.0952994221473269,-1.59954597989599,0.891004987244323,1.042820567562,0.127506773872127,-0.801728790199962,-1.37880841872186,0.0211839678719663,-0.309669121162175,0.560180878227897
0.367783905789868,1.44152213162393,0.478499787163634,0.50463395003621,0.218261694330934,-1.35444766197328,-2.97673052068013,0.758572489064294,1.60132027969035,0.172931574941701
0.062399535967586,0.994999874203627,-0.751991999747352,0.27860897579936,0.567596797945369,-2.56281023163214,0.389117099349327,0.425300040605379,0.153787021606671,2.02426084667972
0.75167596579722,-0.880152464362144,2.14436541988985,0.336280568113289,-1.68308494219554,-2.18043463606784,-1.04700379856,-0.308214465281183,-2.01570275702649,-0.750514302632547
-0.272189886119506,-0.436218838273833,-1.25069196212055,-1.29135079659908,-1.89776356145932,2.00385705156339,1.57757307615994,0.111090695555199,-1.02268507591388,0.499256709428579
0.684430175523733,0.124104840580063,-0.377426564613872,-0.948862578154888,-0.14555226669585,0.0255074611798933,-0.0360091474338809,1.1783669952574,-1.20508776154512,-1.04494092478676
1.18452273526432,0.823748635012333,1.07247936950736,1.42399951938322,-1.31018787935356,-1.95648447165207,0.114377519789628,1.74591730209255,2.86202599030961,0.384584327477731
1.22533655444031,0.134052508034551,1.08919559787107,0.837685495967613,1.03423083764654,-1.68947088097481,-0.802072952959285,0.982234055820102,0.468893358974131,0.622663293629639
0.414180860782053,1.27933645439092,-0.308893890877636,-1.13316778588786,0.127896920060498,0.8018456103652,-1.0245588854766,-1.24808006786905,-0.305413225232963,-0.187095127677408
-0.109403989228715,-1.29810955651458,1.55922682164925,-0.452106740236704,-0.307108281995461,-1.06919073371649,0.414852715438343,-0.0325880796288542,1.53332669877755,-2.60953272448746
-0.916145034331817,-0.00398722163102065,-0.0825052827723632,0.822958682959255,0.379004308816603,0.441607272599365,0.764114276311904,0.0719318596628883,0.97141999909705,1.0706734683735
0.372081470450578,0.727986672334756,0.589533652282538,-1.53313916745641,-0.908788346674318,0.439181070595691,2.53548522079085,-0.622106467838169,-0.333086870732414,1.19749037040794
-0.439757943781274,-0.520932979558736,-0.0284431721846464,0.0676568898443979,-0.692575896453213,-1.52339969973174,0.515839374755957,0.631712386304819,-1.54860787720245,0.376052611083688
-0.191547872646535,-0.251739734809748,0.522612287125602,-1.28331791258032,-0.450021938739249,0.441808240094842,0.141414024384527,-1.1175163853516,-1.60685601588348,-0.778359413407735
0.346274151837522,-1.96823696024084,0.883459316348546,-1.66566661215715,1.01317851498603,-1.07935405219066,1.86035105511554,0.179216587201336,0.996119816817025,-2.74080110276836
-0.199658953395074,0.405050525492,-0.392968357862802,-0.11251466635136,1.49131599890752,2.58383187834985,-1.92876084312822,-0.310916476651715,-0.348134309862434,-0.785837203790556
0.224872745238875,-0.923815409016506,0.321195084380731,1.70833789187391,-2.34853413438221,-2.79490710132243,-0.954113293669294,-1.31004850335347,-0.927092891376063,-1.4252241875208
-0.720289096089861,-0.691715359050353,-1.16104185501422,-1.00059095327892,-0.00896887422620025,1.47810286135236,-0.587458700116603,-0.227940385563245,0.180478060822367,-0.900001344822009
0.0777608009676792,-2.14543671286649,-1.12873906999605,1.31971992595602,0.492788862946896,0.480190531364894,0.0711582468548506,0.638933389384916,0.50415140398276,-0.511092986104452
0.495421307930517,-2.02302623156393,0.676950944830067,-0.432818405992445,-0.103999540009373,0.904920398117686,1.12202836450433,-1.53534070838697,-1.7124422122902,-1.34129074967504
0.165370091500889,0.380841638561785,-0.650393161590423,0.0648163916839707,1.22544497733213,0.51010633430228,-0.0403692751871952,0.0568509210784766,0.445964102107903,-0.401315368586128
0.344288360558156,-0.0832005540460669,0.231774978860572,0.534535198497918,-1.26539216272892,0.82894247211073,-0.281321608224761,-0.977119344743657,-1.4702807987825,-0.71978499277528
0.0630906783151903,-1.71740566592995,-1.38961429073354,1.08449074975597,-0.502684477971509,1.48072093767003,0.521609838385635,-0.0772590522755127,-0.00876993760703278,1.39919829973129
0.730463316385178,-0.294147262949715,-0.282000167651336,-1.14251800196627,0.431774032989111,-1.56222537456996,0.385136075613036,-1.42499177085957,-1.22007475418409,-0.171962528912977
0.434993257784901,-1.48658643690525,0.369671883249307,1.3384156810953,-0.731467717741657,-1.85740783194305,-0.184718294550158,-1.437974386611,-0.509052352516835,0.112002274365149
-1.28381295217527,-1.16637051235786,-0.569533106683451,0.838485092350209,0.522698127482039,-0.627995613585559,0.146276649512608,2.80594115093907,1.83194358126956,1.00550880498402
-1.28895086582365,-0.160239650665538,-1.19389523510172,1.08836004209665,0.0452781783459319,0.48793885699714,0.720719363835363,-1.93360041783847,-2.21638678569627,0.833679309906501
1.76674807019725,-2.06322437417812,1.66594712133682,0.746170331462041,-0.0320478728953916,-1.44875633319978,0.310121983879562,-1.36564324098172,-0.962493914759855,-2.73820032560458
1.31760526253326,-0.942383699650221,-0.334207453756239,0.103642114137381,-1.01574691515203,0.722987827659934,0.897461106282977,-0.110574029846362,-0.621189659770402,-2.34585635497606
1.39048538987941,-2.13454350797512,0.919891727610408,-0.254955943459984,0.762169462609651,-0.955523190587744,1.03452228770178,-0.696731431662041,-1.36768438145035,-4.35624206730931
-0.779675241817373,-0.396798475746069,-0.0693589334378897,-0.804859637639339,-0.145160611818267,0.242940586250772,0.745578508895004,-0.503409879780887,-1.19425157694543,0.24122759702394
-0.0344577012439118,-0.0201403530735658,-0.248663760957035,1.82395718429195,1.31248172397923,-1.88766821463155,-0.441730861442523,0.265929576026122,0.20088398846095,-0.846692943541131
-1.65261247198161,0.702180202887942,-0.729646537346055,0.0378068858160037,0.390932682009432,-0.89935572306082,0.151023333554119,0.180726309014278,1.29065532339348,2.98018342871061
-1.54442479367599,1.09566216977488,-1.17106603388034,-2.32254811178532,1.46645765778226,3.30392208382253,0.211788741734163,-1.14781259198659,-2.10826960199099,1.26746473858015
-0.556073876138618,0.174391827762563,0.47217101910679,1.36395574125376,0.460199125086675,-0.378227196135433,-0.856276455012539,0.291150931397413,-0.596721495408251,-0.63262499989795
-0.423380119873899,2.54504731376115,-0.467984418612741,1.03747339511458,0.91140986470779,-0.162996654266624,1.65468137701572,0.0514538949672095,0.634257266502099,2.85722443482976
0.000239326063835477,-0.222441734013551,0.177061695451672,0.992662748963588,-0.392042379839559,-1.03209640710853,-0.766492768615403,1.83675078164757,2.42616009384718,1.31504159710167
-0.721156791310914,-0.0157127052749319,-1.78550332770342,-1.20115660424935,-0.0122112047419448,2.8850560382723,0.859818106918421,0.11119271360332,-0.0368498460010175,0.26363839019287
-0.58087181287282,-0.127037922057438,0.650334768898454,-1.76693351448738,0.399437643999516,0.251396376934798,1.59109415980463,-0.111382996599603,-0.715894321527595,-2.86776030568276
-1.23357870004217,-1.10729349286628,-0.743770087697366,-0.748377460468535,0.918758195387138,0.303002779463343,-0.648556584680427,-0.858099186529664,-1.40487608706008,1.35175448234386
0.427449724595852,-0.655306912852287,-0.169387885260861,1.1117184477098,0.963514479227378,-1.46209130881825,1.40671549157451,-0.229202701779237,-1.60801289980913,0.00689337270070448
-0.728876356140374,-1.81164406264632,-0.16821812855677,-1.44841644087602,-1.55921080732533,0.365611280456617,-0.442257197157228,1.26458748701075,-1.37917419028547,-0.69266377641123
1.5092661483241,0.100191289066374,-0.780203953998243,0.640630030956383,-1.32176394115355,1.06862677862277,-1.39997482924872,0.568035368135692,-0.565813823695063,1.09666996966843
1.01829098891321,-0.996073919592857,1.58370327315003,-0.748456939611376,1.68934567083193,0.618568934243629,-0.653489259592867,-0.425687706874925,-1.56150992577218,-2.13870103673465
0.181999757468252,-1.75369737647909,-0.241015778004461,-1.07748016390662,-0.726836224949559,1.41244908113191,0.0603355471130956,1.11730074066875,0.66150412516662,-2.30656330040009
-1.76736032515439,0.433118439380895,-0.652062098727289,0.865861184889569,0.928011539632414,0.744057106193069,-1.1698609289004,-1.7272420046108,-0.156072477700521,2.43304311744141
-0.530143187155031,-0.528742599016,1.29109402294393,-0.394613118243865,-0.622939872874451,-0.378596028361855,-0.191135748945146,-1.35948773137744,-1.91817782729916,-0.801327824240591
-0.595374290655216,-0.411554683093233,0.42775970934647,-0.160618047704837,-1.11330009162831,0.673955832039983,0.303906164747918,-0.581910917302479,0.484615162016707,-0.684187571532143
-1.00788809859607,-0.6106129116803,-1.23687251494819,-0.498597837761024,1.01973208438966,1.31838835683808,-0.756109996937488,0.390175725389966,-2.39563574452315,0.935363749612216
0.130533028129702,1.59861106436401,-0.257725742974192,-0.780782603154255,1.30542516905153,0.351898855253762,-0.723084455655198,-0.925678081364603,0.537284728931117,1.57743346725704
0.17037785044058,2.30821440084063,0.709529536779537,-0.533131440596597,1.23233372929133,1.46092624302023,0.548147727920496,-0.376765403986739,0.280263087896129,1.19490642743229
0.393234080702552,-2.34068013956684,1.91531280330404,0.745274642761758,-0.496275682782132,-4.07793780369807,0.248010394505022,0.444619136491025,2.88754342178008,-3.14045278550483
1.62212816413684,0.282857858673904,2.65990875683871,2.58228097538045,0.80304107959386,-2.95110882218297,-0.0621318419493344,-0.75705214841547,-1.84528193003759,-2.19710366648485
0.202152541548882,-0.854832964510482,0.453589472658059,-1.27393624074631,-1.57127877723843,0.954665523367819,0.879152447795677,0.19930343462585,0.056092718387074,-0.152351127345364
0.494203049934639,-0.397521683655274,-0.856611473821552,-1.79262799014419,0.562854881700412,0.492526071821293,1.12216317867564,0.499503640746485,0.0160839309442861,0.167829859970693
1.42864751740013,0.0140901331009642,0.760575272769393,0.776972666956858,0.293740371456614,-1.55103795099858,0.933662561701663,0.971216704724041,0.351144850199857,-2.51415359628821
-0.355723498420398,0.683096801691922,0.556826964991324,0.554195180882781,-1.51410940714009,-1.98558508982283,-1.73242815292552,0.424787860828715,1.6932735438011,-1.896036324207
0.897078036658578,1.48753648764453,0.150558039500127,-0.313846029702663,0.801985104351909,-0.220794016439908,0.494346855516477,-1.9779453657474,-2.09029615731491,-0.216719390525384
1.3017271953296,0.860147307055158,1.21140261876151,0.894057850201793,0.843546558009332,-2.25360152031725,0.185798416167423,-0.538200588085659,0.24360137998491,-3.05689935222396
0.242645480007482,0.941008775494495,-0.440814620391435,1.36959593186752,0.249280040384258,-0.763896437375139,1.12418318858746,0.912777716289577,-0.712359161773114,0.752575396331641
-0.607370030338183,1.35489787820096,-0.430435430753194,-0.730456542130494,0.737044109047797,0.146585237662796,-0.0707294696362466,1.03834571241524,0.622218443464242,0.0805450422599458
-1.59737609449809,-0.345775202421554,-2.90560401754234,-0.041344674771597,-0.610958777059918,3.68076711768798,-0.966710694661906,0.143517273352253,0.722571005717264,0.343508791018338
-0.521254428901024,0.548318281612322,-0.0472558847724555,-1.49511128476042,-0.433072243242835,1.79497952851344,-0.751550580374701,0.279509741317242,-0.104815828964419,0.425005419739034
0.914060349047245,-0.263992474501768,1.0367594344709,-0.562774527544347,0.887755379215592,-0.57711879231974,0.618425592551466,-0.460611137207821,0.96838606741301,-0.833681630638156
0.445845739059426,2.30688272334718,-0.506011133996441,-1.01106708583212,0.65962921022799,1.09191531095231,-1.02195421348034,-1.2292721891565,-3.02771894841305,1.93200604747136
0.615849757032118,0.051755215270251,1.0348372014797,0.19555573860337,0.0764431973326784,-2.5411118410603,0.983985613686896,-1.3940483345127,-0.122698342747336,-1.9493489357074
1.60403726603223,-2.52320275810112,0.423176065571206,1.097090705239,-0.178820929682146,-0.78716988148521,-1.32687420147677,0.411054143998314,-0.0617327718319478,-3.35655384177111
-0.794326784692232,-0.907151918480693,-1.02126772292501,-0.0293266708844351,-1.29292174934069,0.734594522500688,-0.0569717866964541,0.685309335044961,0.318630880274121,-0.0118659965208918
-0.420940856631532,0.925317269487291,-0.871350102690015,-1.68442228328843,0.0781243850444597,2.41357010656694,0.671026877313985,0.667899257876996,-0.197953667062262,1.50794245430887
-0.0564466325896255,0.752597107560509,0.715994195367938,-0.78073365065988,-0.251088326565008,-0.643495805384947,1.97879713741198,0.652650619889911,0.896183130866923,-0.150772694003028
-0.175800604152589,-0.1574489541479,-1.75413097519835,-1.08644432722694,0.522414069947795,2.89821488195743,-0.316750134781521,0.649783326632597,1.49473832675224,-0.222206911490114
0.0824212441331144,1.49115169408247,0.0861608394245998,1.22657432568665,0.599041969649295,-0.793238594473129,2.41941391119221,-0.290598339004552,-0.503585868122119,1.15593536374289
-0.188891032123776,0.263810123574753,-0.670770032139245,0.286382582140076,0.079497977341267,1.87971411719205,-0.981236668072148,1.08203766872485,0.656262669088037,1.48469837549509
0.019016092775438,0.576009054661597,0.204620847578603,-0.475872808428703,-1.11422933059748,-0.655915637377586,0.28227665517538,0.291176004747506,-0.618923283917955,-0.748563149988558
1.48885302598988,-0.34174512523141,-0.515143129732796,1.49557175162131,0.726326326251308,0.649747967567682,-1.08229242109236,-0.0698081261258361,0.06562040959926,-0.155171956982138
-0.259757588806234,1.41927211243811,-2.38873122341525,-0.778477596236604,0.198733940042687,3.13959256942587,-1.505765678468,0.262364964120343,0.734175324202584,2.50589680167829
1.43070981263048,0.321090664128222,0.379692842115245,-1.89717214799346,1.45285634441091,1.90013008126079,-2.33929362623171,1.1283777530284,0.968918780251861,-1.08564653842974
0.910963593932393,-0.803458267789614,-0.289500911481542,-1.10260906404887,0.635797444446802,0.922077304025962,0.424240137008732,1.07872314992764,0.471713884520545,0.680958772735403
0.0267106384313451,1.22721594861782,0.769065095043576,0.517836927316348,0.578497127702683,-0.690388828328197,-0.347492332265018,-1.50304576093717,-0.100895001463865,0.114726987043327
0.906544494391219,0.804063595754936,-0.327050888381069,0.263520051432023,-1.02958686550454,-0.340810564190631,-0.8907347035317,1.00206407745031,0.149927426577714,-0.579553476552913
-0.20708873524681,-1.41997112859648,0.499750050372203,1.49575043070395,0.244141127990453,-3.02325758647154,0.974271619181542,-0.733120996708113,0.866713435176358,-0.590038938828552
1.33476873412089,-0.270975493660911,-0.0514342963143064,1.16879086838834,-0.29186357219196,-2.52027525728964,1.02232402681781,0.63632997859555,0.949334928290334,-2.22374896642146
-0.229523535291524,-0.289091952264064,-0.970294703104848,0.243607107198553,-0.427200081158719,-1.50223867729679,1.06700136585964,-1.997035402703,-1.8181986237908,2.89713055076009
0.0393362813930337,-1.43229850505958,-0.25125181982661,-2.70181405274726,0.0470035754943736,2.13640411808504,0.513505627440582,0.150936196428033,0.841278936045283,0.067343147053309
-0.176673623015416,2.2288543274374,0.705805850002675,-0.72899762063449,-0.164804682843424,1.53296087553701,1.22860812143423,0.0536969468991206,1.11261934328529,1.42981783033476
-1.52797971407888,0.587994942432799,-0.00562272921877639,-0.683381601477392,1.21457274523387,-0.411673619039811,1.67994204010157,-1.12173018166386,0.591537654933582,0.152994357045854
-0.545375572544042,-0.284297579612241,-0.454032976954907,0.12740263926153,1.9314947688336,-0.00582765363522087,-0.117646429917898,0.723074109307821,0.052226962983588,0.019748675103295
-0.803491324647289,0.876461503035143,-1.19844404300416,0.404366124929335,0.82024382599567,-0.142855818602989,-2.51219829894948,-0.476732122649489,0.156134903503614,3.19437805182232
-0.217649315796538,0.471700782238488,0.103735024731827,-2.07125974149624,0.562840964162465,0.722878068459255,-0.339885593695341,0.119479686586168,0.164175670468776,0.939132281248335
-1.33917291134061,0.718778658898999,0.149665468797079,-0.126587204669655,0.638827149543053,1.02623148857289,1.10309149557129,-1.23289581978361,-3.94578186305166,1.59490595278534
-3.24444656127735,-1.59244174310374,-1.85609345546819,0.295831857540044,-0.117780267329619,3.28401051919243,3.44068415027904,-1.42036750203595,0.00182116255590326,2.69950192990713
0.226349977788395,0.322495182822109,-0.364962431313462,-1.50701386758984,-1.75089021735808,2.63326834140933,-2.64216723045063,-1.34528176163559,-1.52260157980003,0.795529680327633
1.30556417083323,-1.24853942465362,0.851991683287238,0.000507428818853156,-0.819123733579051,-2.10520456612633,-0.535716798195053,1.27755126119433,2.28394349077347,-0.493076154807644
-2.33424191561532,1.08094071810559,-1.00064580582552,0.118752193684615,0.586837965762713,-1.68182671444106,-0.801427010119629,0.115184838953405,-1.30794777626282,3.82675633378449
-1.4027032171441,-0.2843289261672,-1.05499992275918,0.0466825159877939,0.763956636914625,1.65438937722205,-1.10371660241583,0.755986127758768,1.00246112809577,0.495599585990505
0.102410258382247,0.225465057688217,-0.181474638212551,-0.00811131408179733,1.23802747633351,1.382257629825,-0.998694675145492,-1.64171535159331,-1.34909112604614,1.6706675592051
-0.386059098905192,0.624156050451082,0.994279168163675,0.16058938061424,2.16847076770597,-1.26340658106245,-0.500066579262867,-1.42209567044184,0.474072627971295,-0.183251268999135
-0.0200383842839209,1.36783381404832,0.372140581541655,-0.38817768846014,0.501818559239488,0.6471959320371,-0.151198094783517,1.19646276160272,0.676428972286706,-0.312153450152026
0.288710212864386,2.87232622963542,0.663316468015883,0.927373202431465,0.257885081109166,-2.30357535639772,-0.318683861666837,1.94695970899396,0.841598162464895,2.53869919735985
-0.966710776278545,2.11976588961609,-0.591521144323578,-0.852957551716001,-1.74173940595639,3.19088624446823,-0.998897718129486,-1.13731525135394,0.387261755998247,1.57863404910984
1.46589952325515,1.53795993711022,1.44907418281133,0.222973361114475,-0.020874432883643,-0.897515902442926,-1.90927779356924,0.272484075479875,0.478750384721277,-0.720730075432763
-1.37041543661389,1.30970399094742,-1.10797252484875,0.622987130088443,0.083770466825698,0.664738187872141,0.733034432215992,-1.59708620019482,-0.305998744888813,3.68665857966115
-1.41349391927224,1.7492417012233,-0.879019491217323,0.506344689234329,-1.20402654398645,0.255735772245219,-0.267900451417966,-0.145077541866135,2.01738223994667,2.99773628351184
-1.04151657277838,0.496310992476947,-1.46720525750409,0.154060774911039,-0.129964131854319,2.2667004379899,-0.0386678845119004,-0.644134096337162,-2.94070429728897,2.32594928773082
0.174856196817803,1.10489014157055,0.846245413565733,-0.27086869771329,1.23411332833992,-0.367885014088204,0.627372514288845,-0.361424638768085,0.242237205643531,1.21164724935877
0.0749917383973275,-0.39026920096046,2.07885572679676,1.0622945755864,-1.29396744015599,-2.42512040643471,-0.625944982684548,0.890914477183517,1.36843702312086,-2.0373974218315
-0.152297252183124,-0.116586131649622,-0.381814892995301,-0.544701269452029,1.10200722279187,-0.527702957118836,-0.0225870842150928,-2.18402829997902,0.160743353205579,1.19661591873884
-0.416994785471611,-0.542020538296846,0.506457961240683,0.730037330267103,0.61573590735558,-1.37673453282893,0.105829411319199,0.0137415126563346,0.981873678729412,1.85210358459525
-0.626235683147727,-0.922861932901951,-0.146934935110358,0.716413851815738,-0.141578663904954,-0.666396393881746,-0.53452101950525,-1.13898810191431,-0.411758254371095,1.81595370079304
1.24377375079177,-1.52066870841125,1.89677529814102,-0.425705444335182,1.39902515945255,-1.14690762310046,0.557245105808675,0.468946444789521,1.61728691596162,-0.0161022166832991
-0.529479097659346,-0.729507407380587,0.297325933564003,-0.97512198255409,-0.279977342753929,0.124064201539892,-2.23371031130109,1.17935370095045,1.78178905926014,1.21641321329723
-0.327034421700623,1.17327158059831,0.224850741390327,0.170797454160737,-0.170464815992797,-0.325610710602535,-0.921931013221345,-3.21610243572,-2.11023712852774,2.40792975798606
1.41857822165306,1.58026884348211,1.41808645344994,0.818582501302697,-0.646387734425804,-1.22860895854269,0.116293948459755,1.35691958709834,-0.90702562655191,-0.757453599368046
0.44780873299762,1.20608710204818,1.19258386456877,0.0861354392317437,-0.67488608984456,-0.831783720873039,0.244074819248333,0.798750008356725,2.07444658372238,0.346208030352043
0.277412735943075,1.06453942378735,0.0827680953270986,0.0844650293995367,0.437248957201419,-1.16412629294005,-0.348254762781624,-0.989992073892545,-1.44937287178661,0.291611746423409
1.14863175822601,0.840948208384443,1.06230155069622,-1.87121617159898,1.37982628044351,1.08572655628684,0.350948295304749,-1.23617053666964,-2.19014184672645,-0.448136780811207
0.398366858945757,0.462508579104625,-0.222546521058465,0.748035227170305,0.847327773665198,0.130436326219299,-1.31323561845323,0.00799770533076405,-0.58177503682623,0.035795710767424
2.02685457639022,-0.125173364997974,0.463360784516931,-0.154465775177855,1.62667079773692,-0.282640024451869,-2.78827812615149,1.69317049555988,2.39899791529876,-1.31016646614926
-1.52372755680581,0.703188357722021,-0.855185541856462,0.487117465062428,-0.17491303202395,0.595124054199345,1.21692776448173,-0.122062675328146,0.894547115807093,3.29013600536257
-2.04394191863452,-0.480812634625223,-0.999369538013437,1.57744559932119,-0.528217194811014,0.464445662147169,0.177043236393909,0.448518836475738,-1.70469803419834,1.13160039260448
0.100313627318595,0.879582913803996,-0.736744845338853,0.488388980834257,0.0862891860260838,-0.212601470269571,-1.07751652452789,0.0818111026213166,1.24438407777286,1.28208171297177
-0.179044046800909,-0.596559720133208,-0.550605821413595,-0.3378338588819,0.475557098559844,0.878952756880807,1.57785003699128,-0.951420502251898,-1.25633663939883,-1.20284994368742
0.362629695026663,0.325907896004503,1.05152174757624,-1.26943256407849,0.478342440818771,0.824836386767441,-0.864622043681022,1.17000764139148,1.2316778852818,-1.00681386256389
-1.6488820498843,-0.718644390407057,-0.553393205512868,-0.707664302654699,-0.36964259574066,0.420191324076352,0.141521112114853,0.836430012326574,1.48996728223714,1.30294819606126
-1.0628127916957,-1.30661152749908,-0.57494984246505,-0.151178793379358,-0.115101924037901,1.53506424816053,-0.131208616532765,1.87100522890867,-0.218214014469033,-0.841884093650436
1.21569983377738,-0.26148022632377,0.576617627160594,-0.330834108249474,1.29965848407142,-0.996389160530601,0.352397494491101,0.151301025571459,-0.814433410771663,0.393535048594946
-0.707773050760843,1.42053128010429,0.174979258810326,-0.304362410632505,-0.994959494771143,-2.90174041194139,2.21031421307106,0.982702647379482,0.527908210612793,0.416371550552717
-0.60077228026683,-0.84905537332481,-1.3357828233911,1.25474067039664,-0.745194829841439,-0.122515254004615,0.304931776288867,0.828266468387577,2.07019082590472,-1.55386932700176
-1.02909031142558,-0.0589142607468324,-1.89752877206414,-1.72752789213285,-0.657334715056363,1.83773461427307,-0.244938615436462,-0.101835674608895,-1.63306877887902,1.22061637882729
-1.21267610934866,0.410009249516446,0.0242470106532829,-1.26238756846002,2.0922323484405,2.14638079971966,-0.377536232479112,0.180531087117557,0.736832787395699,1.77003449039731
0.199656075491764,-0.612719269169633,0.111132237621896,-1.127492550304,-0.876200276420081,1.44726227976324,-1.99530242076812,-0.214367839322168,0.213260419313564,0.190832461982206
0.452717184054885,1.9298898891141,0.234772201112222,0.816153131897367,0.652537720888388,-0.345381073047482,0.207440008720584,-1.58436818520082,-1.31539897346533,0.15741646228525
0.971558312164535,1.25511045088531,1.69649893370673,-0.0759231149097911,-0.447876965589538,-3.87761741175912,-0.935737099178825,-1.07825443343525,-0.213154182615834,-1.47071684532246
1.97641621255728,-1.64772279938672,1.05510894618338,0.473353721323587,-0.70984441678532,0.0847929152118181,0.80115649588554,-1.73006072428229,-0.0704423788175766,-3.08401771624916
-1.35508354764799,-0.106686794936509,-1.21803236969818,-0.363006645329078,1.65461738231849,3.34522502595709,0.596170959287593,0.137574230620056,0.406651776228295,0.174288854673405
0.773840371953352,-0.155003911318248,0.428393877860258,-0.557359530846493,0.688107996462184,0.561448036309425,0.356981666010251,0.910924408587229,1.13207291930014,-0.0265266518918757
-0.45278407168,1.65817805120814,0.480847454671358,-1.26336056605288,-0.69150160189596,-0.546344026119225,-0.341999544763937,-1.26231544888842,-1.73577689644074,0.866035237355032
-1.53935146341169,0.0155234405351693,-3.71222342401277,-1.14591533949661,-0.848577985398311,4.5132987984072,-1.64452361562878,-0.612515621063695,-0.0427422735335087,2.98289705905039
-0.258439659659125,0.332470133345067,1.11262887016369,0.110093312635917,-0.998490972669635,-0.134759250947641,-0.000410429566558263,0.287950711860657,-1.97649016933327,-0.169975118999382
0.462936454838153,-2.43311753258613,-0.092380690916994,0.207383295549856,0.648918379699948,-0.249474069826484,-1.34467578550948,-1.43432293656151,-0.876072684914986,-1.05537422195448
-0.937712552674255,1.24313315036893,-0.708374956924149,-0.339796680682798,0.671616393206822,-0.507983307588372,0.156633902866579,-1.84068928961833,0.331555083622088,2.23453805951816
0.964533635623464,0.180475234934141,0.0613633539748175,0.239333260746106,-0.0219647968601921,-2.70384784142752,-1.25599229976224,-1.57289591573947,-1.77080760351411,-0.0551397709553335
-0.125256151610916,0.160684504905256,0.513015143243742,-0.254694915109653,0.928527634991486,-1.76206514856216,1.22187323349892,0.416919593878287,-0.159260022163414,0.590523367932165
1.90493895831927,-0.992547004135559,1.46490378173814,0.39931519693544,0.0256905614812125,-1.00652855654803,1.6301867691825,-0.390823100490734,-2.23960742125767,-2.36638073159057
0.504357950107346,-1.1589938359421,-0.168887180057789,-1.47928621645876,0.143844298217968,0.266265295236305,1.81518178481088,1.77957441157538,3.34755952083292,-1.46511519522289
-0.654136816680545,0.0836529536349779,-0.78947295683727,-0.381923737962425,-0.0247419299929056,2.1034106067427,1.05031307325522,1.04240780965025,-0.983035845494037,-1.05619771933528
-0.707889268822237,0.546859492322707,-0.653301021694059,0.00833546873179112,0.950611500187713,0.887949006582069,1.46238782573405,1.36512913152266,2.66108289015619,0.304983513708509
-0.535147970229767,-0.853449719511323,-0.334242113882924,1.21049554991599,-1.50709897187388,-1.9133373922343,-0.339369606869268,0.335801413791191,-0.0237132656777544,-0.187533898649152
-0.0826498463993932,0.540972804230657,0.621806651961647,-0.649834014670996,-0.209364790973118,-1.28019091447766,0.998072003542525,0.744028358938055,1.23461491418372,0.56244074463919
0.355180908975548,1.93080851244555,0.382544983364553,0.424728786956946,1.63106681167845,0.201095364919415,0.837583409824466,0.260599342706532,0.795911895356121,1.24339689966119
-0.83963080854326,-0.617410980786923,0.280756586379748,-1.64194694736819,-0.0821513883359573,-0.489498308734619,-1.77780712463381,-0.950835913170891,-1.90930395800448,-0.164115073173904
1.34471931801576,-0.366628887228895,1.6796530545453,0.193350765681561,-0.788883008596684,-2.11077313180133,-2.27976622700229,0.26057372872365,0.529329164642137,-4.9327200155187
0.156766873310546,0.690499957992092,-1.00442330490112,-0.406982397125301,-1.68862405287442,1.50749576814658,1.27006416937744,0.614761410494616,1.38781009862137,-0.123237581090683
-1.50999531071151,0.48291558615545,-0.779699037090008,-0.416089640696716,-0.321978443542499,0.837934376835067,-0.103896377798337,0.937326655223552,1.68581445005555,1.67533688878688
1.46266473419796,1.49459663147064,-0.631801764938967,0.632942774691719,0.877929035734017,-1.72084876362885,-0.887875861337791,-0.462549223138368,-1.8101795950071,0.677873332867112
0.251372540823854,0.566913889807506,0.388988383147558,1.21696816979871,0.589519137356464,-0.756035681413346,-0.443999900111875,-0.887328583225413,-0.14494171233168,0.313387037473103
-0.516820068639857,-0.764753932058223,-0.876202048372622,0.0808497018630776,0.831270878066403,0.159438598923171,-0.209844385593377,-0.525597805266711,-0.25401420695909,1.48717897948994
0.814091413632458,-1.33686110934274,1.30770015822992,-0.13823869608507,0.932398237889129,0.150071820177875,-0.0920597828008009,0.80412996042145,0.438042226173316,-2.53820859141119
3.05090032959236,-2.09061427630481,1.42431565404585,-0.547397000060873,0.797015418594243,-2.50378659711945,2.34889443974805,0.921189809034482,1.78188567465144,-4.9879422917285
1.13470396127415,-0.633123636922766,1.03894570405405,0.2168998802957,0.546261339206511,-0.605099550642596,0.348599554649627,1.14563170151845,-0.467964832685072,-3.03372525546282
0.230973743288633,-1.59482622421379,-0.661753699779514,1.24382920557748,0.123554739953456,0.431043725606697,0.0420390988434728,0.0496630717245222,-1.83586393715296,-0.288228065100861
-0.257714228330969,-2.09657290330343,0.570696027073077,0.312178643938073,0.446725750963467,0.496887680346646,0.576327968716019,0.00507518695312065,-0.547078809428536,-0.245211485279664
1.37793255140131,0.766980125580219,1.35414724365384,-0.926517976118789,1.00214188817023,-1.33134580508395,1.4721023998414,0.874604713307106,-0.0861082900067719,-1.6568448207715
-0.0539397997001685,-0.167697877381851,0.852165264559137,-0.109077237414097,-1.12562876972567,0.682133211175038,1.54232639214502,1.4330593517159,-0.108431319779658,-1.74111532229803
0.420719508011607,-1.40139170020274,1.48996374136505,0.224757698383819,-0.0674014541045833,-2.59974163456543,1.69954150092156,0.422373062224252,-0.724806395527258,-2.03674005089715
-0.839461662693263,-0.741834064690763,-0.171320299069849,-1.09774062674096,-0.77332035632177,0.461808328531595,-6.94927628326426e-05,-0.90956083366506,-0.139145528031488,0.803334606221093
1.94658859471761,-0.349568319840003,2.25335295715333,0.30366773060242,-0.192606727803263,-3.8422206653191,1.56958108205228,-0.272835482949749,0.587514059596233,-2.17820429579045
0.0204732296211469,1.10328613263014,-2.68867818821991,0.454035643087574,-0.504893343900936,2.84027830200078,0.198158416045108,-0.457429308853502,-0.614430291245759,2.25296518154694
0.618065305208143,0.478293880429074,1.63330154158163,-1.81573109160568,0.368764896132594,1.8800859221204,1.73986108159306,-1.1505404915093,-1.11125140065809,-0.052695492245911
-0.428218389449162,1.04979153169384,0.418440269957355,0.805627491505165,1.0925780464641,0.471567154951535,-0.448021796915325,-0.521587310573732,-0.927068971721435,1.22207416678739
0.688475925647375,0.601293776643864,1.29725659580353,1.04159075062567,-0.613484060150428,-3.5136590186706,1.23846312825018,0.0652812861751273,1.62445061925613,-1.21293262386434
1.12696036293952,-1.48736739943403,0.435631765258099,-1.94256273088563,0.74684340796568,2.20594812025083,0.413291998504859,0.697008562798085,-0.863356731059252,-2.17743772148407
0.579652363379092,2.6429176727841,-0.0959280516607798,-1.50151660443127,-0.498079673072059,2.23427460557044,-0.22495424465799,-1.85602676521301,-1.75322192186022,0.815160765850704
0.109172611135881,-0.972890762323175,-0.173506176891344,-0.150970789384028,-0.806816935839937,1.05732350441274,1.44373153939863,-0.394899622752774,0.105113411335831,-0.865790901547494
0.132394222910014,0.761108768579584,0.969802250500916,1.0980174908375,-0.886465215064927,-1.68170706649568,1.16156204966193,-0.106017410306071,1.03636798324358,-0.732793809046563
0.633657998574492,0.396955874925968,1.21302980219227,-0.351562556859017,0.494819759195121,-1.20928736451009,2.53414263108087,1.14933028266874,1.3616876224107,-1.56731198649098
2.37534301541524,-0.312585885008182,-0.226152754887986,0.491384246561117,0.999603504336018,-0.502785891304472,1.76654010180111,-1.69485941333133,-0.037211158390541,-0.663175231440242
0.656056149140645,0.673458302932797,0.370742419937859,-0.988675560180467,0.00715309560153816,-0.519859270155334,1.07972899790866,1.09126818101582,0.723990992071766,-1.12464492599327
0.211109752175916,-0.861465721310947,0.118272889784727,1.22336689608174,-0.0546326462928748,0.071128864390272,-0.654983808354166,0.78810538311055,0.0933048651130978,-2.36107776008837
-0.073149356329465,0.452811263881463,0.273477996539456,-2.45092107887585,0.354096128267365,2.31190120319241,0.983893418979415,-0.323605275997528,0.0658131466761962,1.70292259819344
0.702732059475155,-0.786584677150663,0.295498887739016,-0.551160929529367,-0.0204791436319878,-0.40201048432602,-1.49001712798885,-0.0653258551378329,0.178544314882361,-1.08273070220157
0.339740804024091,0.683750308301795,1.5536948656024,-0.281407396349339,-0.455703445511474,-1.82869326914517,2.2578276931626,0.476406821872689,0.129028898303252,0.0367460939001441
0.0868975284975257,-1.52776667405501,-1.19340088888176,0.557898424923789,-0.267748593373379,1.01721204249442,-1.10145469466002,0.270821082798756,-0.909414459510372,-0.41197425814171
-0.753112912816477,-0.480798297804722,1.24366766924607,0.53635188245418,1.46230464973317,-1.42262995550913,2.18831284652078,0.586829510934563,0.403858310183828,-0.997881156134231
-0.277022510048734,-0.259013484678131,-0.374226880293826,-1.16134716416751,1.3407602180087,2.76926697314479,-1.35104001830521,-1.51021498807405,1.11444146836763,0.863208678151374
1.63732669572156,-1.04624685412695,1.7821930390939,8.53219370638425e-05,1.68244051520487,-2.84105502517808,2.5024871634547,0.595835981713172,-0.848030543185955,-2.89557337488215
-0.786087164891726,1.17908018151814,-1.2395650039323,-0.0911815625734435,0.09621511466766,1.02734497776397,1.06167852656692,0.627310560158458,-0.210615806332228,1.81875838277897
-0.100742731100552,-1.77010946008779,-1.27411574776109,0.437137671361309,-0.480381985587122,1.65035511147284,-2.38784700006955,0.187985127271547,0.202347181807093,-1.76691770443027
0.528365953222153,-0.671722490724674,-0.117887386874444,-0.0701613038876873,1.80358032654797,1.65730618437451,-1.60285738094039,-0.7906878689151,-0.209111048212483,-1.92268541307126
-1.45638089689675,-1.36113613270225,-1.68115739224767,-1.49468916329825,0.93772699653444,1.93461695071312,-0.211297278159321,1.11151580893362,0.452599480590865,0.0146701087336234
-0.814407956710741,1.17379497211615,-2.01830174854558,-0.0365171714893842,-0.27454751244031,1.44322708494434,0.481631169752959,-0.261442684379335,0.896768370730095,2.86164950616196
0.175770046307811,-1.14466337002539,0.138523076700111,-0.104606936394201,0.319109456591654,1.68959780702188,1.08575657991017,-1.13542162466835,-1.10283411689813,-0.291746243920643
-2.18234168561002,1.19791909136061,-0.897209098231788,0.644604761284341,-0.506430109049923,1.26337175977564,-0.883291224842856,0.472140469918939,-0.0509343003905144,1.76183978327946
-0.947160276285951,0.402949875492465,-0.339468371470558,0.118015337872768,0.429028780326781,-0.585563681829567,-2.16436548579322,-0.552225689708898,0.247386919488725,-0.617008555925226
0.513788646400567,0.219157210438289,1.00335748287598,0.457092042878679,-1.60460810005822,-1.01079673884816,1.18633090968366,-0.323119893987309,0.741835441450357,-0.23157521616809
1.20986174454026,1.42752492859036,0.537626413989679,1.48955737402973,-0.388588969612586,-1.42887762930894,-0.633488748415655,-2.20867670730614,-0.762944005859935,-1.55866057526375
0.376404144613174,0.649901601017988,0.31439491407196,0.00622804578270733,1.46627359079367,1.58439066834253,-0.928289260578108,-0.118897777562598,-1.97027210691397,-0.558504736400271
-0.1620944572457,1.03158838591321,-0.227949826005518,-0.169364765163941,0.0313457304089548,1.72718226219533,0.559119138465921,-0.311231854607308,-1.34640503833675,3.48931298697157
0.663139324325574,2.0804255695277,1.4274907384288,0.744644510514719,-0.677456228915313,-1.11698313033588,-0.0133450731954417,-0.221226283614152,-0.890691851516801,-0.380867805951116
-0.76087431240084,-0.517527755531242,-0.422983047418958,1.14213200769812,-0.732795242516082,0.509209302879625,1.07789319804161,-0.769757668738791,0.88127437210836,1.04442709863594
-1.34598721020183,-1.65125205770217,-2.22268667679434,2.50638101525717,-0.843762880799422,-0.530553038660171,-0.394638679944054,0.249313714213851,0.171852593701401,1.85401543727094
0.0776320329869676,1.60069450559344,-0.601013911626796,0.866210849895241,0.858439194090933,2.00780395117555,-0.895774925759895,0.314228836382992,-0.565912450286882,2.39181831406356
-0.380428886465596,-0.811089477581004,-0.913283881097214,-0.645182863677157,-0.0298928833921391,1.74362921156304,0.913005692238974,0.794631511081207,-0.212264201908649,0.175243696756809
-0.0289519999059907,0.30125076235658,1.28542650349134,0.0799996568462374,-1.19144632040175,-1.52252450152293,0.175182430596277,0.922196993387552,0.0223860705773595,-0.70941802210687
-0.325105995491277,-0.543086183876332,0.712554183467834,-1.14059245368798,0.0889904563187945,0.750305018241379,-0.280416091371375,-0.965783732697244,-1.81075305013305,0.48068193499714
0.502702730734384,-0.980089008895619,0.601497935579078,0.381356515614827,1.06495999883037,0.33102063090063,1.41921833902763,1.26107510939799,1.48862289848155,-1.75785753527257
-1.67846236120435,-0.579561900196599,-0.861051370753707,-1.13174359437134,-1.43394434895691,2.82854102367468,-0.454112831692438,0.754936136290497,1.11671647161834,1.07036735342147
-1.22915338174473,0.222604287107134,-1.23136960090125,-0.94550339543356,1.19443012439071,1.76038781034004,1.00730812577696,0.105648027754842,-0.390964141979237,3.25421562645887
-1.25567646306907,0.610653285927256,0.130704451855382,-0.964934762625146,0.166842210750558,1.38171240397692,-0.728113258135985,-0.129919015503675,2.53155839994849,-0.688079550039571
-0.883226376718092,-1.77048036130218,0.426809493118325,-1.21805323323755,1.35203238469753,0.192111888582152,0.236523052092807,-0.291048733582443,-1.03736007721699,-2.53793726565166
2.05650128892902,2.20006194288336,1.2865508516033,0.605929012043983,-0.800236248486898,-1.53827548842837,0.212132404362905,-2.17455919155909,-0.528794716454807,-0.496856895579541
-0.443264780496663,0.194759238358808,1.13508765262193,0.821563797398158,-0.932348071681931,-0.77627663444661,0.887370943663084,-1.37607357272401,0.0842487603530293,-0.756668062093968
-0.433642671291345,-0.433648692908783,-0.411840932566782,-0.638892901133206,-0.147435230239056,1.95247515433948,-1.21116039407321,0.0953561353121903,-0.397884928872922,0.526616339247903
-1.01920072145209,-1.0356502087763,-0.625320862551729,0.794106058441735,-0.116123852818915,0.203283491098515,-0.346037795444377,-1.54532019873655,0.639334939166208,0.120349520413434
1.70886297650366,-0.783972105795201,0.949135099358549,-0.12925062000501,0.213842401638258,1.64917552363621,-0.446903826377364,-1.9712757589864,0.896808221048155,-1.92653739369353
0.102115981488943,1.9128973090881,0.530013699244902,-0.397824136504706,0.647346830132315,-1.49017396610819,0.764090807708971,0.00903631079532427,-0.397603113216173,2.26190745590257
-0.198573310337438,1.45021155077889,-1.26299913035782,0.705611011232362,-0.139274620359974,-0.401922636193452,-0.628467090480629,-0.0119918547887022,-1.64724582115995,1.46584134277721
-0.261615898506138,-0.358645886864505,-2.08535803308252,0.595200610117445,-0.618565085709838,1.14131175304222,-0.613788855809822,-1.24150930639581,-0.751611167386862,0.377318279874605
-0.83201081889415,1.21402728874812,-0.982922586084942,1.72933155048057,-0.448640458273524,-0.198124558273726,-0.0931761101849565,-2.1661424585105,-1.23926567991727,3.00136126971099
0.112378455442799,2.1452532896012,0.17341814929557,-0.0303006812770952,0.494634297007079,0.936199494640099,-0.606200017158056,1.66059674231002,0.296038966122871,1.57552346676896
0.729794164885144,0.568731037205942,-0.462754282158037,2.43814564452632,-0.685443018882611,-2.02227326445218,-0.151638703308438,1.06149390091365,0.966193127615653,-0.262016324100055
-0.0815287138707116,0.111872341945502,0.353810364582079,0.0415555339960132,-0.90226462863422,0.588129185879042,0.107000804636942,-2.12400546113545,-0.746835364058497,-2.04733321250165
0.489675330748945,-0.260442166029577,0.636665272138888,-0.00501902448199064,-0.536597869142542,-0.258593848557579,0.249689866929252,0.219736038848015,1.14801029908328,-1.68954311585095
1.87910514312243,-0.285471591054733,3.52812200512119,-1.09982735011867,-0.240791618386426,-0.950982673927983,-1.38416201700701,-0.9469262339275,0.338198514604153,-2.43299385874711
1.04440671905012,-0.771157921088374,1.27881602819312,0.48375301340475,-0.365386222953623,-1.21630466152277,0.770113619395506,0.0607075598272507,0.744053597945811,-0.752428107781591
-0.296054790576369,-0.936365107151268,-0.274564546300888,1.17078782676991,-0.918870492346983,-1.91887045650072,0.886408202032639,-0.324928345157334,0.24686783332435,-2.67326661640838
-1.89758788366509,0.319600949356093,-0.906145151366779,-1.81825565391559,0.102648664647351,1.61669504767995,-0.0610533727084322,-1.15342664166745,0.058118861290728,2.28145043929967
-0.9371343995359,1.6161209969216,1.2445927708289,1.67620525502475,-0.0172715285520155,-2.82901528693346,1.26333759897375,-0.236047216608275,0.576822711272978,0.745247081789346
-0.449620034555884,0.760131305221683,-0.721111596695879,0.562240615150123,-0.151177798341359,-0.21776534289317,-0.809195577726799,0.247971115040015,-0.0194356219130449,1.21168608038861
-0.257323235708541,0.311428099499474,-1.28954529832442,-0.711132467490057,0.308490589498554,0.207707320070358,-0.630635810505874,0.0613999837756198,0.941154481636755,1.55020491529236
-1.05709049298394,-0.095512259985267,1.01320547188822,-0.956154594383133,0.290653379234152,0.0728911716338769,0.164896362578594,-0.939760089143042,-0.254635082786766,1.29168625131631
0.372698824069108,-0.957270181163845,-0.414092596495826,-0.620559343074957,-1.49314132835399,1.82865577581192,-1.59797416309623,-0.157359131134488,-0.963938390996564,-0.539080102296105
0.194275485357014,0.718456039551639,0.262550679724342,2.11588069763131,-0.262807457254969,-3.21562442719421,-0.064101537937281,-0.514858833333941,0.0482528801930848,0.338010828532923
-0.268488407399491,-1.10997430661381,1.9145511926281,0.152203194353009,1.45910887031958,-1.68837889393025,-0.260611863276347,0.636462358273592,0.743089208808418,-0.925703015776327
-0.139489775771944,-0.839519752256593,-0.266656188072437,-0.115854880703533,-0.680453946598352,0.309581504028918,-0.340234508636508,0.454399180802108,0.167726297954345,-0.661361639800677
1.31601679578475,-1.2698289638113,0.938886512529749,0.782471189791135,0.533522704557656,-2.7054647530814,0.735962935384295,0.0272831236990633,-0.612727589980369,-3.00357205098426
-0.386696432671265,-0.165581517547908,0.532901541156055,-1.6081153869686,-2.27778229987735,0.48056235298733,-0.737758479900238,-1.22844471884945,-1.60935242617106,0.353347553620062
-0.412690593827118,0.51539449247551,1.82504810009566,-0.708827006134275,0.936055600060396,-2.42692933191981,-1.04186001627245,-0.586614838458062,-1.15176002641314,-1.05735651175159
0.245542960852984,1.55570481549491,1.05605442970571,-0.44529383053732,-1.03958099833165,-1.48206686079405,-0.0695702727622732,-0.779782660993309,-1.90850542631244,1.80181157384758
-1.27903287673984,-0.193632077516627,1.34798142580378,-1.27890001264313,-0.546451633263189,-0.810961351971896,0.25403987249408,-0.638559170151129,-0.225548665639347,1.06270540298137
0.0999694955206723,-2.68403612647638,-0.776635504904556,-1.98073816397404,-0.477511056949942,1.87577653677795,-1.04085202688972,1.35259071876341,-0.276752595417607,-1.61302161907101
0.352699286669472,0.215412041256023,-0.200951391347676,-0.379448652869884,0.955154701293784,-1.15000827651814,0.861917453925023,-0.339141521220983,1.35043223296357,-2.43754528324566
-0.378322807805287,1.55051236888993,0.0902433515439556,-0.303388917951383,0.108382602075994,1.21183853429479,-0.0941345845642122,-0.82775846354542,-0.280578693186765,1.39637839161535
-1.34499794791803,0.405154328695278,0.100891434140005,-0.109871420362095,1.76073280635481,-0.0193832766653559,1.0035889241915,0.255368993970314,1.00342039121086,-0.419411469049632
-0.151369216794377,-0.431938411163017,-0.0115996183612002,0.846937086055257,0.0528032879127523,0.773006190588053,-0.934115587147078,1.70789234124786,1.27970556525423,-1.43633763709429
-0.802204625591207,0.91605855239116,-1.8893978364973,0.768472369524261,-0.0549813099541543,0.764016640282858,-0.0774879041751865,0.957704193961419,-0.316657098280804,1.77439211997954
-0.380110883658446,-1.03436405193431,-1.08487555799264,-2.5008380842616,-0.180724357237759,2.27406429477503,0.193020497398471,2.78902936798659,1.41891841608602,-0.294675930872668
-0.993077328751498,-0.0446829718680032,-0.215281817790445,-0.233835692840005,0.0239107797883475,0.522680393124886,-1.32790065837182,-1.35265167871234,-0.39051036375082,0.149375844090263
-0.160129374277898,-1.1293355489191,0.138468515150822,-0.363857727176777,-0.220795816385364,1.67073891587971,1.23352843097379,-0.579571165925714,0.168878100630266,-0.828322725614449
0.473763329191676,0.600340036037708,0.654629885126872,-0.317292737767269,1.1069932264289,-1.52022666693641,-0.431667769323603,1.08380392293267,-0.926819588036415,-0.0931287292604729
0.737844325225941,-0.101474721638952,0.738015826143115,-0.730259975993998,1.09532291685684,0.480773605772233,-0.856154801565059,-1.01973005020917,0.271648976818609,-1.54715437416489
0.250631919864295,1.47269235379985,-0.686587971241463,-1.09540061097056,-0.0935796326016552,1.07053102453197,1.66281625622379,0.127889418343728,-0.176984706732288,1.29390095257979
0.84590436207497,-1.69499104086232,-0.229452614755772,0.181758933568117,0.751163193699118,0.493245436918281,0.4518482638676,3.0056844304382,2.94178908236921,-1.31861883482179
1.37793059130113,0.134543980779954,-0.926948481519567,0.0854349350606291,0.153431053717212,1.99994075085361,0.77255406227429,-0.510527084681974,-2.05486844565268,-1.00818269252277
-0.715762096286027,0.907562993040111,0.827355491102123,-0.00149107762869294,-1.45312956718766,-0.961096003265568,0.290032255520094,1.39326537409004,0.680679971020178,0.606812026648962
1.51809044280714,-0.303688375530407,-0.207792593788256,-1.25574264582685,0.347744224534294,1.3373388173745,-2.40735280440346,-0.500424720462628,0.328883865421331,-1.80884351647952
-0.442274331107341,0.00139066271180764,-2.16252068775559,-1.91867648361075,0.581395889418304,3.30764427553524,-0.282489624649324,0.755118110954928,0.686570725567836,3.19721418989436
-0.377147114949499,1.0281003919519,-0.471517344577384,-0.69722568138122,-0.236960450914223,1.75933766438908,-1.77549706258429,-1.27683689760417,-1.32685333628062,1.22837940614828
-1.05895804111797,-0.720331292893068,-1.45075818980616,-0.289562150822549,0.871767572993621,0.925962935213794,0.355269949550208,0.458650557234473,-0.566219940843751,1.22729457535524
0.603396221888048,-0.0435326309192962,-0.610272787142584,-1.56133477744102,1.18899028127037,3.3223472679227,-0.289014051247757,-0.0736551035443549,-1.17380238212235,-0.159744005936927
-1.19490139404934,0.891176509308929,-1.36921594882403,0.514062564975924,0.161049159979922,0.351039747170962,-0.241294979287643,-0.341019443503557,-0.745021946841171,1.74061301408781
0.46016569044465,-0.169372308216809,0.0960225188435778,-0.136573052877826,0.75359883486594,-0.351998777114582,-0.526416968139632,0.333727757073051,0.676120660769495,0.383947845243118
0.654942367294608,0.166013990892708,-0.490523452442993,0.450715235446874,-0.159531395768148,0.706595917082066,0.295350211120172,0.568379919300115,0.478627345195103,-0.864646258714387
-0.10584930233369,0.0525088594917827,-0.509876630857417,-0.559380056822744,-1.62152536413387,-1.16287611638622,0.93834107412472,1.15427183778774,0.368462022146134,-0.0322469131224284
0.0465745422450371,0.925795517903989,-1.4481162049281,0.246303393301406,0.00701212355179516,0.0763627820578464,-0.857130225816317,0.732359460599363,0.550007553446533,0.406294642925089
1.42028496067811,1.97391243341971,0.698629607089293,-0.988062999415438,0.368518797091982,-0.18180308635206,-1.48174728623856,-0.0890976687800045,-0.505298293317904,1.33351594604861
-0.558447890906225,0.422739453632303,0.0554974952615825,-0.236360564474326,2.17650587971481,0.0912062722734097,0.621216293559348,-0.591421445398961,0.329234597647391,-1.81078673610084
0.173884689068181,1.08369158496076,2.1350912632275,0.772834354688943,-0.788200721715969,-1.19337787519972,2.10851638160068,-0.508601633866824,-0.763676955099257,-0.846177397801938
1.78422847289316,1.60440514627757,1.31327210290733,-0.674038355215463,0.0633176012249841,-1.78766221203087,2.00426226033373,0.087187351899924,2.36027858033744,-0.106659264068862
0.545630976168594,-0.202883193622092,0.409280762540266,1.51355881506898,-0.674835566037279,-0.446972924138481,-1.85719989629031,-0.213040529565527,-0.442301069782067,-1.8704512465778
1.34864677681114,-1.58041522703719,-0.702799702296163,-0.321736507241814,-0.183617582311215,1.27715452697449,-0.216588606784805,1.05533345345399,1.86648111279292,-2.47174198271933
0.314378594780726,1.33873152024034,-1.02218251704628,-0.724735041070979,-0.293900518865702,1.89990649894327,-1.33287630038295,0.66171339429501,1.26738931772407,1.76166525113458
-2.02705374945801,-0.445628573628727,-0.617915495347359,0.738777678295367,1.31338188587986,-2.17073024730604,0.682146704832738,0.140754105416905,0.779876019098172,1.30641328130996
1.04325919200372,-0.409082608457322,-0.769063837971707,-1.67063281255276,-0.442389649909879,1.49706632928623,1.81351048574371,1.49877295127144,-0.231746992646463,-2.26854343970701
0.82403281041174,-0.828650921133868,1.05209458662742,0.0167664532615522,0.079905176209465,-1.53101100982962,1.34162283987391,0.764123196819784,0.129310969627854,-3.0296476470877
-0.59126045118901,0.545642998649821,-1.43237812618183,0.509906461433778,-1.26226755166563,0.641633082325079,0.315360676792837,-1.59055116525463,-2.31830509055032,1.28627316060727
-0.676192223608794,0.373395329055502,-0.190404788816405,-0.933003728852803,-0.411669060953451,1.21481389145035,0.460417045394045,0.0192514044631814,1.75032485227374,-0.0241775666716827
-0.416189119698513,-0.730824597116575,-0.0339652831379753,-0.467767907521519,-2.32075793242816,0.869203529394826,-0.545501572618628,0.37071283186844,-0.599241623584531,0.666600740683475
0.12089865533448,-0.0460914549749879,0.0691833249262409,0.373191181901576,1.00553980603886,-1.79752716439249,-0.401057130821158,-0.984725423517864,-2.02821834896525,-1.22237651957135
-0.162725806355684,0.724492745573173,0.417201294931961,-1.18241498361033,0.530864162495791,-1.00057260579351,-0.203270620202565,0.380048025534296,0.667547066896514,-1.84741166241502
0.355785994946756,2.19802085893556,-0.149542196513087,-0.136768000104851,-0.205762228184789,-1.22840601110996,1.45959272995774,-0.400787596404961,-0.674073890288104,0.224090786534786
-0.350781961939913,1.56867679712842,0.458931763247473,1.38638298103875,-1.06905763818101,-2.20468371442343,-0.669324606467989,1.12209268137468,-0.143891804161196,2.07312082222297
-0.939295956377409,0.613107538571685,-0.0314145700874981,0.119524311998043,-0.452302872166041,-1.6798290790262,0.591842463596512,-1.13932512059119,-2.17934539193247,1.00897582921351
-1.23412115431805,-0.733988505261856,-1.34332690203854,-0.688553314344304,1.15977346377721,1.82690059138618,0.408284332537484,-0.795022240092663,-0.889056545345952,0.791688523521745
-0.689627574402118,0.274981701910133,0.57662233516171,-0.895796300235754,-1.50998077771012,-1.70877283414683,-1.65567894444541,0.192040434373371,0.229702180810424,-0.0616945358372781
-1.54763531249201,-0.0139319261565049,0.0837269711228363,0.587449635768052,-1.37944481205433,-0.831798081208215,-2.10378386166167,-1.40834685352875,-1.57457956950885,-0.356578271096825
-0.108632752224306,0.454701521994111,-1.10939048009007,-0.557947937932093,0.122673626487142,0.793083367160463,-2.01170757641691,0.691921166045635,-0.544116376075862,3.39910497781627
0.53848069663801,0.352507591494312,0.327051312458252,-0.0595329325180933,1.05714181677476,-1.29877354638795,0.420909711017805,0.676349146509743,-0.496442071458416,-0.454240398950243
0.103137750313799,-0.351509641951166,-0.532851251821162,2.61949691951869,-0.827467331062359,-1.62271243499944,-0.511340390735791,1.38001419652505,1.60123797845451,0.464278725567891
1.00287580976402,1.5555328115362,-0.0448712110010448,0.722616894418287,-0.226785672971045,0.414857702213692,-0.258809537697993,2.00360116137921,2.71394672173172,1.052599917232
-2.005925189525,-0.955142026323366,-0.0495421962960869,1.84214849494529,-0.305175772176626,-1.67206373801113,-0.930127143793059,1.22585107446895,0.438856885679342,-2.68223109694952
-0.375591254130497,-1.34919398979754,-1.45482149483892,-0.947570390230648,0.726390032673279,2.45566499749029,-0.700618913626674,1.94401900113225,1.23466388850484,2.70180673811757
-0.0443336449922532,1.14228111939485,-0.849836438316631,-0.866171555361148,-1.33498703719258,2.71321097364413,0.615832646301947,-0.623220956082944,-0.914220771327198,0.816003956798209
1.12453020644798,-0.843040280071014,1.14425477765917,-0.869844444335063,-0.0624308537173416,-1.01883154853219,0.488564113414323,-0.903117059889165,1.22511858136859,-2.5809580898419
0.167092136204761,0.485173735752079,0.722519579551701,0.83506847178579,-0.231698986215148,-0.719371830152378,-0.701290926892756,0.566087733906319,1.97932311170982,-1.11244761440348
0.151327400093956,1.29469207843834,0.247439253917986,2.08433114975912,0.781626716669399,-3.10915002930823,0.676518014042284,-0.647531961543034,0.129059209883246,1.5300065853294
0.687856788375512,-0.357073480042088,-0.762062033617502,-0.156509156921708,0.992187483907133,0.663005529730001,-1.23045370626773,-2.86747121892987,-3.38900737448211,-1.52059907694185
-0.183490392887546,0.169022574898196,-0.464372247403333,1.79189824431341,1.30366672127339,0.396644731545542,1.19157642339547,-0.459403154798608,-0.0933904377798858,-0.290908109499455
0.946510735741384,0.829865611000339,0.655172575355252,-0.811845529260423,1.03623342877982,0.682326615271071,-1.43828491268524,-0.0470735614475662,0.235431798946099,-0.351355789668709
-0.316986923884766,-1.09788707348937,1.05708994191091,-1.76903205344223,1.08581477652551,0.429948382195365,2.04230646200859,-1.57328929847823,-0.519127623434091,-0.645160311356663
-0.802629104862959,1.35139709927815,-0.224262686511165,-1.03631885946681,1.22437939302305,1.14983725138128,-3.11230698279873,-0.0767851984806901,1.22908968892291,3.27990573005076
0.0921460115373563,0.0420544911752424,-0.132006236683252,-0.29568447177745,1.65010597002348,1.19370087193275,0.237127877443573,1.00819349292571,-0.768209226985257,0.7746422101965
0.19228435462307,0.67180551263928,1.22111406277883,-1.51702458279325,0.710616009959168,2.43367634715326,1.45869334615067,-0.323979563664927,-1.33949744966611,1.46409173043598
-0.309887620009353,1.0025795394803,0.145333854422231,0.179297062710756,1.79216041421446,-0.229846890331271,-1.65635162615264,0.00696660559900075,-0.784503179119111,2.24791253476708
-3.05478111064121,0.06052470251568,-3.37697454411329,-0.0387167123565687,0.924340107049668,3.5888759234498,0.494540447964906,0.770677683133841,0.604172554126593,4.47036728007885
0.577785318521675,-0.211242486763076,0.568832795130613,-0.343055072045736,-0.643888998332118,-0.475501198187585,0.0118059039298211,0.0916393972461154,1.17013510729066,-1.3727517540311
0.0949603368391536,0.053458767484795,-0.73950125215099,0.485552736281976,0.982617428550018,0.0236757697023364,0.449328182303404,-0.513774020287145,0.110006298822624,-0.886417722156641
1.18707670303598,-0.592231349321586,0.00507097064970319,-0.211512274612291,-2.1710733078645,-2.00444347678958,1.6644090495672,0.644713177006312,0.347316531221819,-0.687954441652009
0.0268248355971636,0.482676540892812,1.10204941266891,1.47757215226092,0.00784608032501017,-3.3321364800099,0.447543143568516,1.58811086458865,2.33627686567412,-0.330515956341018
0.275824574620947,-0.341035296117606,0.691136331836697,1.02147384421266,-1.02642237988723,-2.1604819919648,-2.57378275496857,0.0343482952067769,0.321804026990069,-0.200977977492373
-0.38098232674121,0.315867917409877,1.04002402059854,0.497729629049745,-0.38279949510214,0.820429705666116,-0.29795949536716,0.686970169467186,-0.89593904541306,0.313780756199881
0.623049764915087,-0.5461795171089,1.60490084730234,0.536685571531697,2.25408812402063,-1.86226703318974,0.681036106301797,1.76331161270409,1.02847987691957,-1.94773342787608
0.386945512282797,-0.699793657262088,0.244756235383126,1.14479509667937,0.5858425971544,-1.50039066805609,-1.78341261611182,0.446011045078803,0.690095824830914,-0.114062938381131
-0.594793785659411,-0.388047921261156,0.861230252668176,0.110000087517321,0.0398439515822815,-1.10913294935119,-0.243666429657626,0.642798760115607,0.506669792268233,-0.607857993205796
-0.0124418953655184,-2.04324100448107,-0.740364331261595,-0.309831322328168,-0.269092605888661,0.495482447794171,0.519498690753754,0.457533973593982,2.14701769034003,0.203328323624025
-0.570707036454225,-1.76462712348726,0.382694773694449,-0.793632300281972,0.542764309633616,0.370220179907676,-0.318113207917402,-1.26413952386343,-3.37788880275258,-0.39074764235715
0.392701746157835,0.332293876408262,-0.989968990070592,-0.254037942946825,-0.0142780031280397,1.5455121303165,-1.61592459564413,2.00166178110922,-0.176584794042166,-1.44136976995884
0.329998985655459,0.53761079369994,1.80138169528098,0.850212442698578,0.638829853914821,-1.40188433795561,-1.40049048711628,0.931827303016269,1.15516022780858,-0.461344048858519
-0.027874389875963,1.27394945957699,1.242303010331,-0.677047317057335,-0.386254015385387,0.615855463778554,0.571812220244555,1.3921099370833,1.73424169216603,0.0377000921130079
-0.0404235201973362,0.0523808761495196,0.529750233876881,0.929999837236627,0.0956980341249085,-1.3487691713782,1.24358778089219,2.30676872892906,2.19988459027826,-0.236539701102389
0.733939112007555,-0.114157981174894,0.533298460259905,0.717621631143123,0.48279035961645,-0.513102813571291,1.86488323951265,0.385088756100822,0.211168772441488,1.46037813004337
-0.54963581158461,-0.784496737941767,-1.50758880334248,0.614341539588459,-0.228551262324115,0.53777597567875,1.89728699476711,-0.177103688841835,0.60744940721223,0.146622260804233
-0.121465049522966,0.0432263834159242,0.384835435284192,0.26750103667786,0.150261638162294,-1.29818571303898,-0.353578025936469,1.43493021029988,0.417724374127769,0.276884118128006
-0.156251114645542,-0.0266008020532079,-1.30698029755476,-0.605173276948876,-0.259281843030685,0.259749522120086,-0.418151476500855,-1.99352689544345,-1.62143712664819,1.19604467022186
1.14965941705611,1.75437372028065,-0.139220179311216,0.600764211896077,0.382197924964736,0.872477745113183,-1.36941854165882,-0.862148750517153,-1.09705665324172,0.831126768117639
-0.190087413532073,-0.565472607026331,-0.361712056075936,0.136052833069359,-0.0690422921911667,0.198617081649434,-0.0175220655712556,-0.636593408566519,-1.49151718778954,1.92938020139453
-0.717833380868694,-0.77186457821695,-0.788500087772006,-0.487892880915857,-0.649742313350302,0.544851830025326,-1.71472249350757,0.0579063155940311,0.888561912256655,1.81289168356876
-0.335465787689226,-0.200579798495094,-0.998207540564319,0.0194857877207907,-0.389615441121296,2.80786518486157,1.04498763527746,-0.513919966817087,-0.0356155163576737,0.52717816017033
1.23680850870622,-0.666211557784467,2.42581277555169,0.658174344603437,-0.235600823582786,-3.79339555485134,-1.21095124764851,-0.435997704972924,1.17457614279092,-2.14124483142492
0.752978456589106,1.2870132232053,0.413292384549388,-0.774258548925095,1.05778213949126,-0.0516532085452124,-0.159816151980027,0.209405799834512,-0.42007840972639,-0.534502656452061
-0.825475946001365,-0.850347433366528,-1.75309045020563,-0.723963268784246,1.11962369986352,1.97248256278952,0.460425344154416,0.509978898443662,-0.480818606859301,-0.581515229502316
1.91713301012251,1.341188878901,1.14998898490003,0.358318751330712,0.82686475546628,-1.42953626409221,-0.221401844108099,-0.272114771725725,-0.182234839751399,-1.64804247817919
-0.351733707373491,-0.328889915027111,0.759657297408845,-0.455806933882532,0.838068526411202,1.27905134275839,-0.431060299961423,-1.76602502075138,-0.299039179522928,-0.259426855097839
0.171372163035977,-0.139475588986612,-0.136873454528143,-0.955364658110456,1.78992710004737,1.67694078882213,-0.14562330609129,-0.0678261873181428,-1.69233096894949,-0.154542871239636
0.455612059109639,-0.384696564153361,2.1893758544298,-1.05598168905716,-0.68765364589532,-0.555626034581829,-0.341531464662871,-0.587903563032921,-2.23973229714385,-2.79873962423637
-0.221920592593207,0.1735267896485,0.611608144892446,-0.880307845813038,-0.0780039737174603,1.42022044440295,0.399433291130204,0.799920115337864,-0.361508821177458,0.259415426915353
-0.388400296227368,-0.808365717845635,1.20084112709757,0.338139740960885,1.09247197842275,-1.48542769161851,0.878299774931782,2.44517008676483,0.23395940291681,-0.779954556369047
1.34371082871993,0.0602371241917149,0.835015304380182,-1.12044869791872,0.328494031322947,1.57944650546665,-0.127938614125539,-1.4191871916678,-1.4509310891032,0.389143668552273
-1.05852857788206,-0.480704577936612,0.057424211785529,0.35540736179419,0.0929244020967733,0.305520352294312,-0.164834609525492,0.64805115504317,1.46347561176417,0.0493911197260033
1.64516871413961,2.27964313942318,1.2059810425391,0.801865399573154,0.744651130888544,-2.20297413661824,0.687495671819338,1.34625736856871,0.325660333626659,1.34183684942616
-0.166379840295797,-2.55196151849163,0.801246322382668,0.212501416934457,-0.276487572151015,-1.12473079049173,-0.612438115352862,0.0842776722455118,-0.675238422910687,-1.63162978236709
0.863937120487887,-2.12024269001698,1.44776212968785,0.908582318195509,-0.67392912406898,-2.96648455601638,-0.412220485332286,0.643439034699992,-0.431446767538389,-2.81335962867583
1.22827094561797,-0.348247289780882,2.35879361883056,0.187872948785688,0.424495780118957,-2.43739409447223,-1.95439252760782,-0.873921045845923,-1.23085222166055,-1.91259068958321
-0.606057483336094,-0.595282581160479,0.0583515017310994,-0.716974690200444,-0.414938113084652,0.487558632601573,0.0566850505727217,1.53565144769834,1.30452258323356,0.0915081128522982
-0.495077174696444,0.0537523287645675,-0.236929012080444,0.159620152217243,-2.01186440288779,-0.271506808609585,-2.18280705516588,0.813271214562294,-0.375821513541851,1.02894784718192
0.128889126966334,-0.594092277829664,0.588343358864544,1.28826646925597,-0.292533510339501,-1.86590304449386,0.969510945920202,-2.43270804314083,-2.09928107838959,-1.04900007696509
-0.865428206083441,1.77964761304393,0.453712393535077,0.629219374047931,0.69877952646599,-0.582274267423383,-0.731509551389024,1.24932946963713,0.13727724642709,2.97932128492872
0.426183821511535,-0.103098111321258,-1.39386335663771,0.16805154727733,-0.628720414283085,1.70536602482727,-0.342729896187899,1.60717175328904,1.79017752253962,-1.57897562071015
-1.84374488871347,-1.51899548570327,0.404967690731244,-0.219058553056748,0.483598665284045,-0.803957436380049,-0.702146492617876,0.773664089391302,0.358455543102425,1.1821707638418
0.878060115128466,-2.56945415566883,-0.488269843724794,-1.38982196601552,0.821194842250037,1.58663907865163,-1.07115133932688,-1.60830824434134,-0.841364942862993,-2.38847772612711
0.177527275731617,0.224345639111253,0.512601902779015,-0.32983271533534,-0.60743703207589,-0.430354055193065,0.69412826402331,-0.831955765021333,-1.59144241043781,-0.269838569453055
-2.56171835408133,0.542944490987893,-0.681276905882229,1.57030975722753,-0.838696831471648,-1.17986677255692,-1.59551296005822,2.12598607678178,2.56374284638581,0.476627051696749
-0.377931987127729,-0.121164558383755,0.577859477114155,0.337348737667886,-0.47932826857609,-0.731442701545277,0.862193344787809,-0.573308621100766,-1.20028877491302,-0.417145585719837
0.277724696275994,1.49508240135633,0.445451850462755,0.356689760848652,2.57698613827391,0.0749404256556624,-1.39384102032119,-1.86997843905269,-1.42727756018698,1.60871496544036
1.47322525909215,1.62358744286938,2.00433360377926,-0.127880586626745,0.939321686312805,-0.621336413230662,0.358760908662644,0.159015407747711,0.795018431363021,1.60361580112035
0.499938831331489,-1.31589837268287,0.0167500252930358,-0.593411198384613,-0.842623036536742,0.454089159046915,0.216998241016235,0.466194404421031,0.222000032259482,0.356682627594272
-1.37937571258253,-0.0382013200616237,-0.802196983847861,0.625120420256824,1.13564113950171,0.68715068560321,0.792429769197465,-0.137988429630249,0.0394017467432946,1.68081748365355
0.106332757186615,-0.626828707893274,0.14520725195492,-0.00587156842435346,0.0823716171019668,0.0147530637552028,-0.193655546587957,0.802462553028598,-0.210041288878249,-1.80924867223387
-2.19124919521877,-0.118509006314211,-0.744273229631329,0.402160462056639,-0.356709748876782,-0.327677770667019,-1.35326763631525,0.760428618000963,1.38652448703672,2.12832954461827
-0.743148145195113,0.0463384904308105,0.0601951095182937,-0.225457512503917,-0.83905309252832,-0.0720723656978205,-0.0740525704497802,-0.652611882863176,-0.642740216026955,0.877809820372618
0.562099001167557,-1.35022029449321,-0.341463221873268,-0.752772693204197,-0.78433661894354,1.10432507883177,0.77309075801528,0.788284534642451,2.2290754384221,-2.15769800375039
-0.394997167606378,-2.05337278725898,-0.486098312648629,0.740585550328377,-0.948609584243736,-1.62666160327447,0.0434115756499895,-0.619864288583799,0.994967574678473,-1.94301984387816
-0.443515129285094,0.353353441548202,-0.544590486124059,0.0887061421133436,-0.391903915430906,1.03975415861402,0.633282066621614,-0.327795337686687,-2.89232552095771,-0.222807348922977
1.35936714915357,-1.24704901656738,-0.263247988247981,-0.169314702562248,1.05955603812134,-0.860089356261417,-0.168176404506147,-1.45536365795507,-1.66125402854569,-1.08443054470286
0.0521233503660809,1.38647295082976,-0.640526547584375,-2.38836910130176,-1.92439445104281,1.85384155089573,1.32595486874602,-1.07200954844414,-1.38145856525526,0.614366598594015
-0.910375558705314,1.06928411739659,0.202753050293814,-1.37282403813469,1.32033842911017,-1.04169887614903,-1.76480420771067,-0.520793613366985,-0.241605260432768,1.31849165420414
-1.11010325970206,0.490694131440447,-2.49189430202008,0.203531000711575,-1.67727742835597,2.15602409729135,-1.46102229248603,0.670493136996034,2.3776180960015,3.08917392351
-0.49866403730349,-0.337449006086889,-1.13309162243787,-0.428413572766208,1.56268657958561,0.109680265030151,-2.15096193790426,0.868993553019012,-1.35293187167517,-2.34055513009603
0.107976129119241,0.537643525774544,0.157626373825323,-1.78307174559022,0.539813716816367,-0.0968064801223839,-1.01551446965971,0.637058355236086,-0.861035499731052,0.596351005704354
-0.342322165722951,-0.667078401609863,1.3369991280254,0.4702155445728,0.745740088778156,-0.27046129566107,2.12898416631484,1.11530021422866,1.4946048995339,-1.38394126929019
-1.42528355665221,-0.488811643174364,0.971075317284079,1.24696703243147,-0.603531551335433,-1.21647822921444,-1.10122647186379,0.865200523156181,-0.222531818732956,-1.27084044267901
0.349723321422854,1.17538082819353,0.0153220888260664,-0.214711349182479,-0.272163130619081,1.35414640305674,-1.41894067547804,-0.82032330189618,-1.33223798958569,1.03543596192709
0.7021892481041,-0.229389154323419,0.314828061901133,1.82101417898197,0.239950066263165,-2.9961591481636,0.5771188775742,0.19747465857635,-0.289605453849101,-0.67110565252751
-1.45833342421547,0.258982635398173,-0.839974181137751,-1.04473570063415,1.50798622214258,2.55411361434211,2.03478208306116,-1.67915116796983,-1.94957913157792,0.725947275043878
0.381064584596464,0.943275837800852,-0.496525695342611,0.206639102387358,0.877814361746156,1.82362468503898,-1.13352717410447,0.333936888676383,1.27517724468932,2.99504723471019
-0.721963683205284,1.67211816237853,-0.826192646683603,0.231553128325131,0.428908855340809,-0.205404307992921,-0.751494987070719,1.04986620214655,0.410439978627411,0.798426614137564
-0.142771100483452,-0.15149657630054,-0.934329614599207,0.688866386534223,-1.8926865447163,-0.700464630446343,-0.468776310295877,1.41242730333267,-0.0587832928066081,-0.67476093154109
0.773085978713746,-1.01825843823649,0.528711492085213,0.364961896904932,-0.465351941536712,0.0925236338142977,-0.110728243733978,1.23875233890336,0.519790912610763,-2.17942894000838
0.513640862667193,-0.539355886063418,-0.30313291869727,-0.29761187768963,0.663861409204133,0.775454472886398,-0.185411051147051,1.19589959630274,0.0657731335465208,-2.89766610210245
1.27555061123479,-1.21495203265338,0.780838407077332,1.0219286368216,0.71489186410202,-0.863726579525096,-0.832394651573564,0.392665028859048,0.124081761666349,-2.40980440535855
1.04551127602455,0.934459753546433,1.33645802873453,0.796977327913785,-0.339756662079847,-2.45542598504366,-1.16126463736984,0.691972807121413,-0.454491277173011,1.38338668485047
-0.137064973943768,-1.61391948857235,-0.0603622132831172,0.140748491548502,-1.49114659920916,0.696279290330715,0.674162257952892,-0.538906726827572,1.0019735884802,-1.8283022217354
-0.160312219679353,2.29246973898274,-0.982961116522415,-1.80509844965398,0.804409168222185,1.75928116337246,0.247250836133367,0.85035795325534,0.983934003259518,2.45741190035348
-2.28740886627815,-0.430880542098227,-3.77828957628673,1.89486838191958,0.645634971073813,0.991514767034499,0.383780711830378,-1.33100058955356,0.00381135908590113,4.72182738537064
-1.13234378228973,-0.492746324009731,-2.29786810451035,-3.07884581194017,-0.259953068089373,3.86986292973904,0.773960655748253,0.25138724727742,0.889756587006039,0.446723728844502
1.40215718114218,0.23510760997623,-0.480228664869482,-0.90414842796483,0.163868437831639,-0.0287185810069765,-0.563662300974752,0.656744361873594,-1.27753367218941,0.361821653346944
-0.0265696933970834,-1.19351782004498,-0.113313737550263,-0.308960740557431,-0.135635546357109,-0.143228258164643,0.181804427873671,-0.629096535696763,-1.60694449603083,-1.27674405571248
