-1.96825752831781,1.33298696506973,-1.92368768953124,0.3400187477869,0.60734955959065,2.66807563594777,1.60669813951242,-1.80652580919569,-1.88109865640572,2.8473775799637
0.898636957346507,0.723596720399991,1.70625435365381,-0.0653959119339448,0.854083128571697,-1.88534441847897,-1.90691760832705,1.15399706427339,0.99901716176368,-1.00585071469262
0.64283892593949,1.31753413713104,1.32417810955575,0.00200661774096891,1.02839756453844,-0.455097137037522,0.475776172858907,2.33132648067959,0.68123946873271,-1.09987703347624
1.16820847332542,0.868501872868155,0.759893734504649,0.737111369162244,-0.0415386912603401,-0.27066753520616,-0.333917534245705,-0.370340165395196,-0.949990055620995,-0.224492556156058
0.479042168685554,-1.91191348539933,0.851241149561675,1.36005815779618,-0.691388565361708,-0.353155173630238,-0.0483297822502321,0.692384261498314,0.731941346634218,-1.38588919230884
0.637536283680463,-0.621839409164788,0.772120220816777,0.252184426324317,0.0996052164370441,-1.56513905509062,0.759505594141017,0.756933114278595,-0.123641205176004,-0.760021384490119
-0.450179396715722,-1.25334221129686,-1.15495482333783,-1.36207607948872,-0.418493488662586,1.97760884174118,-1.43199734325212,-1.51782815082144,-2.238654787787,-0.192903070316913
-0.647145294856534,0.737223690673919,-0.715107455314936,0.508459786133242,-0.316660854860921,-0.871073110653674,0.0764219310338153,-0.332760531689497,-0.196935628141069,-0.341965941166328
-0.263510507624467,0.00802493501641437,1.09152612565577,-0.947339516800283,-0.843574248645698,1.05945744401974,0.230881139894074,0.842439699530887,0.260693670711371,-0.110452664030238
-1.36225210196679,-0.668747508199028,-1.42229872325986,-0.762071758630803,0.143504217738509,2.95703982752865,0.882676394648905,-0.676716625338278,0.283680831528772,3.03974602238252
0.305382358249579,-1.99974757218922,-0.225107202938853,-1.69705942036834,-0.170341802472993,1.60555984803989,0.382248316720934,-0.788219969481416,-1.87863029420638,-0.178315855388748
-1.50179720258196,0.848824333460429,-2.08056615185193,0.514416658387459,1.67444582960969,2.95321766858808,-0.315894553078131,1.38045319192712,-0.108572534960778,4.21079954005891
-2.2577669651496,0.168460767531694,-1.83942009659284,0.814161556979812,0.709266978901463,0.914581373689872,-1.29994893949653,0.902454592092202,0.450846279262829,4.6728312500163
-1.0842422369816,1.74415213205525,-0.451263003051,0.249403397572333,0.0213659414201716,-1.28957092837972,1.63986954043393,-0.823868334118998,-1.16064565146476,1.13375155408698
-0.425533529769408,0.815586470040238,-0.598973776897647,1.22926379786963,0.170879397243838,1.57639541767314,-0.542239863945183,0.231545880164342,2.64131265276788,4.23872222749153
-0.579666338862885,-0.242032010184761,-0.766154829501918,-0.953497122676237,-0.968365567543412,1.10511346320228,0.0358966413770809,-0.515394753420782,-0.138059311120879,-0.293951970706128
-0.714576265019461,1.81010951092268,1.58571064754643,0.1177690678181,-1.4557431809319,-2.64572184838223,-0.386946371004642,0.98945222865836,2.07764407001733,-0.281790295772559
0.830899240144594,1.27386646552199,0.680110045307604,-0.689056023896174,-0.0111768334474858,-1.25055193964327,-0.0299619242326957,2.2490095309964,1.75922044083456,0.399872788731208
-0.604652477518763,2.11549315619155,-0.608579668613705,1.4693011125916,-0.808814835698313,-0.615911342440609,0.699972618835288,0.856047573493859,0.285543425065288,-0.242535195477974
-0.592241479481019,1.46257255840736,-1.24682577553714,1.03303051817226,-1.74957397197716,0.0568563612792475,0.303987621749392,0.690245894778817,-0.415355815926249,2.0348698059483
-0.851436997347,-0.639423642629668,-0.603481373668296,0.799561438241637,0.974963494619091,0.10867512601723,-0.54662170611066,-1.23761521760084,-2.25955461942284,2.22174321246827
1.25339373266329,-0.73100569608103,-0.94124038421924,-0.328282423490697,0.0421060710891042,1.89791106962483,-0.88468232299826,-1.2266739667874,-2.41610926873885,0.630682155373995
0.999460664548636,0.949093005542788,-1.1604749549693,-1.30216550618379,-0.819048203427222,1.91691750744663,-0.495937604220954,-0.158942289243582,-1.06368890726586,1.71750331335069
0.706201016451428,0.184999746939328,1.28775649625608,-0.342911125822032,-0.655765956550499,-1.70581454922087,-0.507143331984675,-1.5971400921796,-0.338995363527156,-2.03000786179157
-1.43826964108839,-0.196202063550895,-1.95236022796223,1.79118656028579,0.70494131787691,2.48632729476076,-0.110935916057288,-0.759901266707259,-1.26673152814791,0.609037303647227
-0.961806031916724,-0.742750689353419,0.0335461753365437,-1.15501579717963,-1.48156701932907,0.513734376560356,-0.00572870142035068,-0.390121933859206,-2.60897551349323,-0.292306357894947
0.490736250019744,3.12096769162128,-0.125537276188228,0.790401001856908,-0.195524245650627,-1.0520182484428,-1.15901069073743,-1.19402425504068,-1.84931628609717,2.90091380031332
-1.36342553813853,-1.75361551806628,-0.798755479195255,-0.710556342681322,-0.208185336981249,1.55381291348063,-2.32973621552467,-0.0429578808041502,0.52425098072094,-0.218956033382754
-0.258589021626848,-1.20455659597934,0.254941403857187,0.349214122837252,-0.0617848298245418,-0.412728999004236,0.224389633358893,-1.9437823526556,-1.55945796338028,-2.38587871368713
1.81808033863583,-0.10827371943494,0.574979104336843,-0.723840645869848,-0.987308229203128,1.13963273881739,-0.831605470717976,-0.739003571628968,-0.0832899250049122,-0.96449596155368
0.813306835059582,-0.702481809185785,0.047443469093237,-0.524430952472384,0.898063911104497,-1.08779125701447,1.49149577997521,0.777065633268693,0.324667600598381,-1.43397295222696
-0.592997417882692,1.63562785506884,0.0197560966362276,1.16324812471558,-0.146113694276524,1.42882128978462,-0.738387079342208,-1.35694031127731,-0.638812199681459,0.693266961741927
-0.156456087179921,-0.582273297709884,-0.368658799542715,0.963231745426743,-1.41382412483408,-0.199254985397666,1.36248158820484,0.311428789343547,0.215205832167423,0.589679537996156
0.565014107015378,0.649291607103456,1.20800934934722,1.08947591922624,-0.735851292893497,-0.237208347287175,-2.91889425893013,1.22866038702003,0.147954424204532,0.964146117581586
-0.899550923231393,1.14212718061167,0.724099775414249,-0.804335890739173,-1.03694472244399,-0.402347060140337,-1.36053812391063,-0.847496073616092,-2.73503882139843,-1.35441827670555
-0.185315241765985,-0.222098474828219,0.229375480851089,0.146845550535129,1.97799870718253,-0.185860648219854,-0.753938685025118,0.327416983785248,1.4883607782102,-1.49261471733868
-0.93433213901212,-1.70896638387645,0.0606907234229191,-1.48299478120167,-1.34614901566943,1.8775886388222,0.570468894088953,-0.153337914343987,-0.180677463210967,1.29172403336014
-0.0164571445774166,-0.0334470076071871,0.616980661327994,1.35381701494633,-0.947336833839071,-2.32573639055228,-0.265541632187527,-1.08337017930991,0.117837207838534,-0.846672026964877
0.556389183656303,-0.355665863288609,-0.534146751579082,-0.159630551239839,0.972118808254255,0.145541568473862,1.14953401277513,0.789877870829553,0.983517935843132,-0.628742698642159
0.356158045603592,0.149526776865241,0.0895370143727535,-0.874712586558288,-0.181733061930271,0.4250960850295,0.968078973426135,-1.8413028949251,-0.898797232539715,0.607688266794141
-1.72436283923841,-0.883051121117126,-1.42623907699583,0.53206981987635,1.30691006924056,1.00799407961829,0.329237436672016,1.31016930370705,0.763581602531724,1.82118133219573
1.24818329736406,2.11642880232272,2.28393636995601,0.610036230296801,-0.998587541234065,-2.37536917637791,0.934684581188958,-0.0312906768033141,-2.99831992401472,1.31335574125565
-0.0226303145167255,-0.445253536954608,1.28016111887258,0.311263952049695,0.304880984146485,0.29918939675366,-0.733572422480612,-1.85215845175697,-2.34107485923109,-0.270507201255818
0.183059148222249,-0.347532040604846,-0.273025507916668,1.23868172179453,0.984039407971858,-2.91702725824665,0.282412551276014,-0.228196110171849,-1.18721526721565,-1.38090683561597
0.786048802211867,-0.341770455215951,-0.324940778503567,0.304383034950197,0.181306666738977,0.25938507948523,0.235294122765382,0.226665361441806,-0.211010213173132,-1.21809030324489
0.239722330165365,0.447773021312694,0.98515395221348,0.0801522021825744,-1.53056772701408,-0.14640201849078,1.27041373784078,1.14885708273282,1.08065084506593,-0.573671089895762
-1.12559280583013,-1.15807637383769,-1.24232217497132,-0.666055146233103,-0.918397383947129,3.67464617320098,-1.6240580962423,1.75193205399464,0.683316086048516,0.0529080414447927
-1.16402542226081,-1.61904207653721,-1.36520938792013,0.810824948503056,0.992526074909646,0.245350584913376,-1.81973478648746,-0.353390281193938,-0.100516769346939,0.966592410983882
-0.962139946559906,-0.348912324502338,0.580956107291018,0.116686241414196,1.17881698643542,0.540839743633896,2.00068955448817,-0.327016691602665,-1.62470788609904,-0.0870024686283478
-0.988485255668478,0.119407340571319,0.440387534845066,-1.52397094850278,0.39509201389296,1.59953371131497,1.12461074334161,-1.44861623110415,-2.16156130083263,1.09502008807016
-0.520450172169096,-1.32704624892168,-0.142656224050412,-0.202532038801242,-0.638820636002369,-0.0492862298764939,0.538408005793645,0.0298242983907931,0.409344039145428,-0.822701035442349
-1.29889741633906,-1.04563575371463,-0.284584104603986,0.904540595843484,-0.859294204176486,0.360521172688225,0.401562575853366,-0.174020545456744,0.140269452870568,-0.585648125656456
-0.266664773290997,1.92945673488527,-0.461341502259721,0.408647754447404,0.656398517435258,0.544700925529654,0.0708439354682742,0.856763772572372,0.898974009952103,-0.0343654586321392
0.346287859717712,0.342722535552918,-1.74775802957392,-1.49876289189091,-0.507874260548705,3.01162316447398,-0.61421436070927,0.699490290066239,0.0642920800386405,1.53875254263889
-0.59003266713665,0.57839658577749,-0.642610112152918,0.597212717816462,-0.27953102421726,0.478788954896249,1.02869034592531,0.632435955554232,0.0503024498491457,1.28243352895842
0.0271658467556933,-1.62370920880099,-0.607472089174592,-0.379738857096901,-0.213389902122659,0.253902602138507,-1.33086266658063,0.107696188448171,-0.851533066607966,1.26564770651072
0.897138413653251,-0.31299122875797,0.180931117687061,-0.41743121328836,0.0769430088409347,-0.861316783845005,-0.446675489691035,0.00632875934418742,-1.29574283287498,-3.81997007324478
-0.842715184127911,-0.641664361997646,-0.606429138056843,0.366949917664508,1.2916349968007,-2.1531587939063,1.31596147184583,-0.391041782763367,0.564537178869941,2.45118911100857
-0.92711197747015,0.683696745334097,0.15322549174644,-0.748327374206137,0.721625428063403,-0.0815380798217158,1.23089519902283,1.95829961236862,0.392419797063502,0.0139855095706775
0.758468192781454,-2.29265138694581,-0.417637755167668,-0.135631496822972,-0.994469264850591,-1.02475770634787,-0.333553668106814,0.676785463204829,0.823501937172464,-1.42789924005016
0.0552959752884932,0.835346998695862,-0.506826291168827,0.502766685829882,-1.6477741272155,-1.22323667847971,0.536254287620593,-0.166399800825709,-0.886685866171534,0.959390274602133
-0.0652762049886443,-1.48543259466601,0.298459382260655,-1.70875496160526,1.58420592055846,2.23770907121636,-0.635508196472484,2.24088187966386,1.49389071473526,-1.32743178282255
-0.4713476247479,-0.0201564820566538,-0.154400940386165,-0.623899804966213,1.91045352139442,0.944680629795216,1.02355835710799,0.92380491394741,0.116976712177276,0.508143387046386
0.517989161135278,0.834509832889626,0.262538893205296,0.477785148696806,1.95967162989228,0.974056279459646,2.00907421349595,1.29307528616121,0.775922788580106,1.66509274090192
0.229529824801983,-0.188986272731037,-0.423296695163641,-0.0320258611121438,-0.417595803063667,0.16527539197642,-0.1918103015654,0.437466900152679,-1.31980075310829,0.755321988460363
0.210443199432158,0.611472581409364,-0.744689091058659,0.109493254313449,0.186896294020379,1.81871504931552,-0.355196318136361,-0.153523335024872,-2.49449276751311,1.48267216456654
-0.749455875611068,1.1603212917236,-0.423055908098157,0.445934688750407,-0.363217558543427,-1.62466270237791,1.928903513519,1.59686279539087,2.64056649694993,3.17613276983599
-1.05681498059739,-0.241414213268842,-1.19272716763451,-0.764487097351039,0.0573803978614599,2.32769739420492,-0.145360955798899,1.85364439556721,0.258332022763307,0.430409035455483
-0.0452019841454677,0.736064754177232,0.426216108300294,-0.458839287332465,0.481312604617545,2.0920733603743,-0.096768216720063,0.49795770699328,-1.38028956974672,2.16159173719302
-0.129609164894557,-0.561303639637141,-0.310969508144736,-0.387981722049497,1.02215387976234,1.77627478648024,0.274524323697367,-0.265236489174564,-0.395163168051721,0.496417299993157
-0.384173181349598,0.840314591180849,0.0764983534459207,-1.11670698540872,-0.156455165325465,0.648211419815072,0.137078177060124,-0.247898237247947,1.47793767256487,0.280547550299809
-0.0232678939607976,-0.700141791778934,-0.197567144575064,1.514933783751,-0.210659722527746,-1.84304795102174,-2.60604017026301,-0.279990162400644,-1.10459342832902,-0.977397925964565
-0.201571861952186,-1.60042857957711,0.0950321892561229,0.00491811427849037,-0.678687863852943,0.351628420525784,-2.20088044219767,-0.459302780255617,0.18523172012033,-1.93403603026066
-0.0471357451179255,0.0173401846153571,0.854397011576173,-0.838507398866411,-0.995809465002673,0.315186316656124,-0.598559446345531,1.55747176688968,-0.70263810199178,-2.75150283189005
1.6593277042378,-1.21560630125073,1.41475106257106,1.31242534699589,-0.471445671771874,-1.71772583164909,0.838025408146212,-1.51161870194971,-2.66001594171853,-1.70598706145814
0.925479067709717,1.70421324226496,1.64304061828781,0.72915994867033,-0.41551247479841,-2.93797928268141,1.28989214718325,-0.117566710135318,0.562250292454831,-0.578072677286575
0.744073844124256,0.119666031975459,-0.515954615687105,1.35490760530824,0.137119740772377,-2.89387469684122,-0.634003394059334,-0.407706660812568,-0.0190474991079391,-0.0536002626969651
0.113645229346509,0.161988984269182,0.826690195786036,0.26779638804385,0.585498094581026,-1.2571840317723,1.09784093884758,0.0614312032601771,1.37067951341799,-0.133787780307855
1.0141848741773,-0.0639030569792861,-0.616663416139982,0.440331678685922,0.0454062920113371,0.0974848535018535,0.924299780148348,0.300835245797712,-0.505566533107025,-0.1400353968343
-0.927842200787613,1.02029042854354,-0.642312148074522,-0.809977676085846,1.79467596190246,3.03946185626421,-0.619445685787945,0.178134250689745,0.167472478284625,3.93936348364922
0.768511932946712,-0.614439741550833,0.166841028445089,-0.89943740967438,0.04955289450063,1.34121802039793,0.855926106958452,-0.637966962134172,0.507069004464729,0.268035580675684
-0.458946874109575,0.684266714565274,-0.141893602477273,0.807097415676152,0.0180286653768642,-0.116940837075352,-0.649092683894977,-0.662983228873106,0.233033569293689,-0.133380037477029
-0.502363353082244,-1.05725953253808,0.872603570263567,-0.130613267430684,1.76195188561896,-1.24820244900799,0.296366608830678,0.932605124466157,-0.424472218380714,1.71784417589705
-0.509065792350725,-2.15162043011309,-0.389055885932629,0.51646370634655,2.6965207606523,0.421784357774137,-0.581273063616513,0.231790793845179,0.159993674726201,-1.45314542427454
-0.20307009722337,0.353410686013796,-0.865979232584244,2.05299521197934,0.358607037622539,-2.10245564067515,-0.546924940847408,-0.5866794658524,-0.136122402909769,-0.922761904455449
-0.274008203784479,-1.71845017293597,0.151956968682256,-0.998883044116284,0.182291087037877,0.679469396627625,0.769884068499249,-1.41581275994228,0.0902187460816328,-1.42925862414085
-0.803805515488526,-0.798904423524196,-0.832673613295616,0.889701494293309,0.611424320730828,-1.03580054252012,-0.202607909710089,-0.294189103182458,0.0745565740046849,-0.627216653855697
0.895468601472252,0.64692159945786,-0.0173194881957218,-0.769341522624472,1.86161876194446,0.729221584623147,-0.642531114223976,0.909160372965685,0.421062176832231,-1.58556598020212
0.635338696125365,-2.40395457049366,2.716303389998,-0.368044581843888,-1.18869529264461,-1.7022461869781,1.37789951186245,-0.319947892356661,1.09605222455821,-1.91147074875524
-1.46837984366652,-1.41268216362182,-0.74485682489907,-0.401899322915899,0.156614049160595,1.26931920869491,0.325649485975271,0.833514732147539,0.295779415016813,-0.00621851504155423
-0.315424850526215,0.118042719643826,-1.5988113302406,-2.02836556768882,-0.915988090920522,2.50011955258655,-0.744601531471533,-0.809040909172958,-1.99761324125935,1.52723941069493
0.473346104871249,-0.828238712006632,0.137910050066517,-0.323216412415229,0.198692836565435,1.60309559713362,-0.477058177767688,0.53095631113199,1.59653491095398,-3.08620286202801
-1.08887466958715,0.866278448930722,-0.304165691370211,-1.03992694187525,-0.507824421027305,-0.00322147804705897,-1.05326192223682,-0.156210460515727,-0.17603002804493,0.961303225661169
0.932938976657256,-0.878744705153721,0.0517890138143254,-0.699391351595407,1.20416938366296,1.13133156452349,0.142454702456944,-0.441024987858397,-1.07897323570151,0.21283574658777
-0.167399691936705,1.73841431838447,0.215543915746037,-0.410511797811167,0.745180506249529,0.436609966793256,0.592138996542297,-0.931448107259556,0.29232586421342,1.89977638454002
-1.07454055640131,0.496021518550183,0.186024924743029,-0.200048705468373,-1.87451035522445,-1.62374530443978,-0.0967150175745985,1.17727438853041,-0.0496977132863227,-0.878010334823567
-0.624637826407065,-0.723702360885434,-0.242004825646275,-0.98510457227598,0.0990465683044609,1.52086942695271,0.280411045948548,-0.31759368566148,0.11896011482582,1.81421752377781
1.96178134715699,-0.267833339874995,0.721759102561583,-0.224697511249535,0.271568921515499,-1.205738102359,0.346346420496679,0.320941131174801,0.445326524732804,-2.66495355640689
0.353018462891617,0.536620817778595,0.364749717344319,0.0558833857731783,-0.166538407224077,0.00496129582635393,-0.705603411669206,2.09799661098206,0.594704129507387,-1.1668796917216
-0.14600681228428,-1.76028670279704,-0.936254703554739,0.422292417076366,-0.631202422715129,-0.113479846542219,1.53436391884694,-1.61638317051311,-1.80480401996023,-0.4925482271159
-0.311658390440605,-0.815757653665361,-0.655889553765215,1.16597319496514,-0.196203875856369,1.32570271158632,0.943646669426715,-0.384884266628774,-0.796791602297884,0.424742873194907
0.380221796797453,1.53958772070908,-0.785614268010273,1.3840945360691,0.23853644946021,-0.0895090547004098,2.51691650395665,-0.171682795389132,0.53492975070042,1.58793286226973
-1.14756420768671,-0.0184277567055444,1.5630862009144,-0.701762907399358,0.748733131805984,-0.396452213381013,-0.890462508061043,0.382263192305685,0.249348792915894,0.41278751729137
-0.497783640215435,-0.474056115929229,0.44844887722981,0.500470725447423,-1.66260186011703,-1.88368968843082,-0.178441289889239,0.492738162285955,-0.294442991323322,-1.82240947239999
-0.304489322415659,0.984337908038692,0.337304004992433,-0.237480103087128,-0.0769283597240964,0.41193757648612,0.219070477335898,-1.6882650763331,-0.217089889681844,0.42730250360093
0.912546779961445,-2.27546324417754,0.471777285685503,-0.134457114621126,1.23337702150626,-0.172236233771484,-1.34599889677577,-0.662073100237905,-0.178304775185249,-3.85448544773397
1.30213070818625,1.02040091318858,0.476009605564786,-2.39499861095282,-0.733682080622678,2.7567662717644,-0.360804933105781,1.4505837104042,1.81608889444566,0.799010811221403
-0.533993647710121,0.374758754928425,-1.31535653357148,0.155045889033015,-1.15329966146931,1.80727110952485,0.331399782855268,-0.231010128197285,-0.438857868332396,0.656585966275336
-0.659646616957269,-0.970377870960181,-0.903707992632485,0.219091027518644,0.859691991626803,1.14042494629822,-0.383590467735622,0.564848418167518,-3.04778292045266,1.17005885195125
0.616914459435914,-0.815894403372999,0.30203505099334,-1.07447092162413,-0.378201697908136,2.26954084519928,0.313844254848011,0.216241094895862,0.504309519019696,-1.23101670794882
0.0607056632713635,1.06326063451933,1.52482003634059,-1.69280651213525,-0.762787907003832,0.881016139763862,-0.12331749856852,1.62654346592095,1.67257896725499,-1.82617976323752
-0.0221051436169801,1.36691886746629,-0.746528471920811,1.83828719090987,-0.54321823291549,1.43994604476398,0.677764091260593,-1.18867598636976,-1.58297192220589,-0.167148062856477
0.266972539147274,1.22527551866658,-0.0695023514379152,-1.43439911063803,1.06654238604921,1.25251316944093,-1.49009347464822,0.0930646466042251,0.612423924179501,0.444061038807576
-0.604675571161449,-0.400307125936861,-0.143277540577146,-1.06983566622462,-0.486453569518361,1.18467254585915,0.939399423624046,-0.674051239166748,-1.38974537818007,0.461962699941768
0.859506768591681,0.815021115178372,2.51877433402866,-0.213849939607377,0.591286872847958,0.120701745732631,0.306666410834666,-0.458960964812563,-1.78433163546273,-1.37784983030003
-1.37122524804878,0.106145160474171,-2.42336732031246,1.11033441475495,-1.06871360069968,0.355885484056575,-0.906662214552,-2.64287444926608,-2.9913066999872,2.8868281950608
1.69730094716125,-1.75375062995913,0.0574110888091628,0.688458183978579,0.656234179077597,-1.85887501835596,-1.78265442348448,-0.748478894508767,-1.10398969320256,-1.09389221808063
-1.19377980637325,0.822070043210072,-2.12797676047586,0.974811196540407,-0.16049136248602,1.04783250843682,0.224264574182687,0.780964846865243,0.878758069842025,0.918004116659902
-1.21085250377017,1.43279545990703,-0.808511421613816,0.307002663048411,0.8818137686712,0.806782919379323,1.09449759953031,-0.711950469344351,-1.17302103959414,1.22560179338923
-0.41711820372645,-0.334024506234295,-0.957867227927726,-0.350099110799881,1.26708687901851,-0.642470051061759,-0.818957979931614,-0.150620809712391,0.86667181474583,0.819103334971387
0.904895825096214,-3.09810292659045,0.591234987256373,0.815406753223873,0.00682199828996389,-2.33422887775824,-0.0766293173207569,0.39416716790729,0.0956846077122262,-1.3413984513684
-1.46764948355635,1.97293114860497,-0.0512431713786876,-0.89518148561314,-0.286653678189543,0.58687348705902,0.961412722529397,-2.51044993378484,-4.22221807574409,3.26149077750202
-1.76451881231664,0.676398050451939,-0.262649520675785,0.643741484220578,-0.266998380130571,-0.138216644189391,-0.0979663068185241,0.61512145204563,2.45701176703767,1.46019157214172
0.356174270667158,0.0419555062971975,-0.0217949875382092,0.496659101259266,1.53695683784875,1.54082900491349,-0.848032261585392,-0.0976943831563243,0.157734324755663,-1.70038024668798
0.387051627867663,1.85267716290406,0.230257307141546,-0.869421208083762,-1.32587771409171,2.69111007616826,-0.482858559440361,-2.40167194072277,-1.69428017056929,-0.353776574372613
-1.00964737677896,-0.975138602291565,-2.28317699062293,-0.0698746457177728,0.846960354691843,2.13761867078235,1.91332710788591,0.551832355772656,1.05974014861245,1.51023446583363
-0.27670757593653,-0.0103212451047622,-0.299238151301454,-0.0569744456287084,0.538613450340154,0.565883628017898,2.46922073874907,-1.1466333944193,-2.1144491909819,0.831354778789201
0.338773648131023,-0.0327970686662495,0.503658498720285,1.08720119584279,1.0573188601919,-0.426978833559251,-0.612804027233308,-0.0929121701455788,0.310838561803199,1.14529039948114
0.586995159906295,0.11530143955142,1.52132112608522,0.814643028740561,1.38481683202233,-4.85602423899633,-0.970891742397698,0.0784045827266874,0.564408465775827,0.833142841050009
0.339018691900022,0.814849575272184,-1.03643048533594,-0.590102411424403,0.33497448234742,1.00245660364079,0.926492054049697,-0.861139392577448,-1.30527765015719,1.5975577124652
-0.589905696988008,0.183749782716607,0.799048798649578,0.608119191021369,1.83666309903777,-1.7223015448427,-1.95845084942327,0.455520478440149,0.178228971804695,-0.0646451740835972
0.264863778137464,0.990150750938269,-0.905364368876597,-0.480574630635951,0.937998168645218,0.587028911290558,-0.743838590795729,1.5155544912324,0.534195675340053,1.3311186980185
-0.535520073431622,1.50527684095279,-2.70865147728892,0.636816161463572,2.12719395860328,-0.0932078311272325,-0.0942189116648904,-1.19448875965951,-0.290361808699687,0.852299775710328
-0.65288476914094,-2.39387201918021,0.290909537818565,-1.15281683397707,-1.61007122365778,2.09191381057851,1.45231706132137,-0.837831602565644,0.162663867712965,-0.438769898944208
-1.44562464827229,-0.239286262556974,-0.645394332250732,1.0626265162111,1.21752526637416,-0.656353194988912,0.0891000460429936,2.17599115878465,-0.141174994931199,3.54450421885768
0.744786048789707,-1.37020815144657,-0.241043302241273,0.0179089073749021,-0.471699280911943,-1.38704451796661,1.0743890239251,-1.48019521912213,-0.910622718780568,-0.734369462469006
0.301646535655932,0.410957829582045,0.901617823147823,-0.0733125860392401,0.527845300384225,0.688460269356194,-0.700372612420495,0.725413451486642,-1.33539705753242,1.35438749293611
-0.00285528773085707,-0.98183380205285,-1.45886771216101,-0.327479293695074,0.0543423348455941,1.58575161302062,0.640716942093482,-0.724100858944804,-0.0923846535546484,0.842281492495161
0.0343415746740384,2.11181755877815,-0.923378805881123,0.565153556312544,-1.32386691936402,-1.44919912889574,-1.37962494624902,-1.05546315570943,-0.703136781217658,1.24554653469243
-0.802674739874269,1.48775490301829,-0.185595413783167,0.233477134698157,-1.8221560743518,1.0114050157007,0.657082728194356,0.0172062203143118,-0.287839388282622,1.62038520402929
0.96476174078256,-2.40692713673769,0.0570101910033525,0.191587231915521,-1.19009747916337,-0.0535499426589284,-1.3335447300721,-2.02441364507679,-1.52332569635709,-3.62544646784701
1.31699151216087,0.970034314979584,0.310673929773931,1.26443946604035,-0.482608864056258,-2.63502801380538,-1.84347630565246,-2.05974468843745,-1.01080699739709,0.25700395448332
-0.789510455897886,-0.0881250750972044,0.462806557418562,-0.691188612134936,1.35783237290798,0.490071909331238,0.239835819312767,0.750880124072481,1.17627763305822,-0.0668133823090609
-1.54838121574479,1.19148270323489,0.677410350071723,-0.654081120684611,0.38382133490208,1.01243451609,-0.231874167650998,0.527163068006542,0.931372040994112,-0.849921681951055
0.456021005097651,0.416612752636347,-1.87785296604812,0.483857732091691,-0.502687180760975,0.683010448939652,-0.702433533732559,-0.783830225516586,-0.278542006704511,0.033131285552401
-0.794136661405994,-1.71097211758088,1.75921625015598,-2.12458042554077,-0.757649026427544,1.41042343833413,-1.0738629443053,2.52088854321629,1.51439424165721,-0.808561688858938
0.528962600825685,-1.37701395102452,0.739636327096105,0.300615155361187,0.347937504101828,0.334067182688085,-1.03986626520592,1.57925571035857,0.599836739636079,-2.11994983712067
0.683257378389542,-0.40707216853255,-1.09315625915727,0.907429046297827,0.754587888366173,0.577206316242969,0.960633250035878,1.04944380181447,1.7564907471311,0.963005140147602
-0.349852057636492,0.510073790015796,0.342887871161181,0.362596030564433,-0.0893422790744459,-0.387613708448268,0.921321274380393,-0.0402223100476282,-0.937623430272311,1.45253415831157
-0.0202358989058378,-0.879955664139831,0.894054346043011,0.496460376001964,-1.19381575068556,-1.4353168375932,1.12435274883765,0.358684762423615,-0.118610056171104,-1.43216647006365
0.804699723767736,1.18788247292136,0.200228352176256,0.591202821017415,0.323486540681425,0.752556306214449,0.249949027105134,-0.318569108037316,-1.03904479493605,-1.51564581951739
-0.63106121255124,-0.0667596213775974,-0.580183552938306,-1.73016855800532,-0.902046942098149,1.71520915988953,0.844156411561824,1.33281381645427,2.69509196413597,1.06937929293409
-0.395938297576348,-0.68558754645277,0.459868624677824,-0.862031035012524,0.307174563735571,-2.67916079652822,0.254285239156508,0.0660427659696419,-0.360086567811779,-0.458829997395103
1.47811841557972,-1.13020202082545,0.0391180558584031,-0.477923763132584,0.58031155111281,1.49869572886603,0.0594358855357225,-0.00185518887453762,1.15479059043403,-1.2197205774292
-0.0122745400044826,-0.00655198502449635,-0.534165445809361,0.226585407484829,0.318878500702999,1.83197945698251,-0.649146640071425,0.38317496371635,-0.555085416132441,0.295733986752337
0.636404467792659,-1.90565723101507,-0.284733768773462,-0.516964783974488,1.23053030756004,-1.24907731681396,-1.35598274538382,0.255352627735101,0.265549037967645,-1.04357326834927
0.497103577666325,-0.911014868351954,1.69718514632036,0.0286336661847066,0.466021666291074,-0.858931948407293,0.884220354512968,0.461372709053413,-0.100625105210454,-2.93859009284753
0.112503130975082,0.640139072868788,0.697748673074169,-0.29769147346273,0.031155622079668,1.90560342355686,-0.943991604167694,-2.22356726604784,-0.762978605005423,2.34459300207371
0.124134815884363,1.79533362092791,-0.571684681541264,0.468674810956662,0.868343210788596,2.33786834760069,-0.768754457502259,0.357265243465506,0.124515062185689,1.26001904562489
0.892696218374793,-0.32205448867824,0.169569916641744,-2.60298389577716,1.29298635350943,1.58447772986852,-0.886138184990719,-1.5263494430345,-1.44840184974861,-1.45317238020831
-1.08801809229854,-0.400588227069289,-0.231007774018147,-1.53936364103712,-1.59093440243516,-1.36993381592258,-0.643753372171622,-0.0125328508430875,2.24840500791403,1.51577343602757
0.136446991894663,-0.342985724790898,-0.503902076446605,-0.027112424998924,-0.042769419914651,0.943442103003845,2.67612981472209,0.277515219352376,1.18135418437223,-0.694984427567993
-0.746835115109171,0.328524441038155,0.964415327583847,-0.51729547323,1.0269007502959,1.4933633248399,1.71120415235417,-1.62178952010243,-0.450044615606829,-1.20517299975588
-1.69511975436666,0.171154662084445,-0.979246694705446,0.0816235359230125,0.816948093425105,1.00657692157829,-0.324454520885758,-0.707561128238661,-0.142860670627736,0.234297718087269
-0.536538950082077,0.653937832653707,0.0365320962626132,-1.27467434389941,0.1182546611641,2.00091392683356,-0.4170846017078,1.2201271660436,2.05159293329018,0.969266572656595
-0.336053440472194,-0.838240716037903,0.237716404096316,-2.18096348450076,-2.5665560023185,0.228190081434239,-0.899472667564428,1.52466566284156,1.45896394044607,-1.48289426263663
0.425650187690208,-0.405724966470442,-0.670363754418431,-0.491790330560048,1.114884380828,1.39460212961489,-0.346365236560563,1.10729078644943,1.26639813311255,-0.427558534670692
1.461951877962,1.58386207166578,0.635496600882746,-1.66139992823894,-0.0669404838212544,-0.188212973430261,-0.369212824231193,-0.519865055058399,-2.03710547482861,2.58764137136761
-0.897605864972699,0.579113417629121,0.397638450961109,0.10878303545211,0.346052671818583,-0.841590760843132,-0.937339618798484,1.0931009246151,1.88584631977865,1.53445458740308
1.77434351903749,0.476153141129699,0.843595999017829,0.938902838453795,0.426711269173769,-2.94562533712869,0.0847119987898687,1.85340664703546,2.92951370762033,-2.26404981872109
-0.0684100864930316,-1.08514616162078,2.25215073865669,0.410079641474745,-2.93949568025126,-3.42627011028923,-2.20379781576957,-1.01162353147568,-0.138910445132737,-2.85545364417812
0.235954325111742,1.56658312847512,-0.927642564879944,-0.54744863179846,1.09800534625134,0.645678112326585,-0.849087506291713,1.66281259904173,-1.0545414790432,0.0540068949546013
0.027507692439053,0.888817356923484,-1.32544821258993,-1.17162323458375,-1.71550623898205,0.531775063874998,1.49692663911841,-0.222407449414817,-1.34698477367744,2.09087747168862
0.288096378743057,0.236307636739936,1.67299189220699,-0.114489005444573,-1.44518348639923,-1.82712782479932,0.543309220528893,0.682868312854923,-1.94312371771531,-1.52143819347851
-0.231614001191455,-0.669536217142855,-1.25358472847005,-0.00561797239324358,0.910119379342601,0.987674864442501,1.68490832076417,0.59690780415414,1.02906100228413,0.433359602407759
-0.714713190665393,-1.52433351891297,0.135853036851809,0.068578040076468,-0.15272059247406,0.141355223638065,1.49917882263879,-0.0673379617736301,0.725003322814153,0.858975611513657
-0.978499990998824,0.30047943561352,-0.967265742398945,-0.649391105430988,-0.104584834055914,-0.377193386179188,1.15432421153682,0.129779880301822,0.168865964332521,1.50701560734893
-1.0514446732684,1.18120394388103,-3.00980141644876,1.84855303042297,-0.0416902448324211,0.0791498147682514,-0.636545244907756,-1.01901365350239,0.229481003221814,2.11848430228805
-1.10663962974002,1.32811805617976,0.840124700805348,1.16345524781868,1.55218642968121,-0.316540027648449,0.444300362237451,-1.22345942250914,1.24196585180777,0.745634820278202
-0.370137504105583,-1.68829343375132,0.318122746332876,-0.310071927117505,-0.0428612784197445,0.660384113754175,-0.305469658991659,-0.44725714169949,-0.310675002530017,-2.13295026110986
-0.984738792088127,0.101391948555525,-1.54861211952628,-1.52490728525892,0.903760919734211,3.52600500781773,-0.130643456019595,0.232911345586839,-1.50795579412954,2.28448518844788
-0.250292977424322,1.16151103835529,-1.22354927583609,-1.97086639610625,-0.123641447001659,4.29736676825874,-0.639430445784525,0.350026735949699,1.66576947651847,2.17741245820837
-0.806407513743034,0.545398161905042,-0.352965712081573,-0.882664938239564,-0.978809493751189,1.86788362715443,-1.1168946934803,2.4781820217133,1.97838527620459,1.15734475156317
1.03564805116289,-0.280206222887696,-0.045418994996693,-0.179940177811367,0.996206285545942,0.771628531138007,-0.136795807387992,1.18673472765945,0.774654678347187,-0.883025570635862
0.306051064304011,0.0828942224858147,-1.63552100888418,1.14954022180411,-0.210482197174148,-0.155748015138027,-1.12842449332988,-0.529535006026653,1.45957062576673,1.04572005830382
0.131370558840489,0.749661192711376,1.17408962196551,-0.649921915643019,-0.91337101805814,-0.473738466015747,0.43893621378216,0.318162741021871,-1.23714876047947,-0.90228147229667
-0.291780510417063,-2.1608679510722,-1.78169532107177,-1.56171598315826,1.41806336133103,2.15354362279875,-0.404207640212345,-0.46049734989467,-0.84189654416991,0.499527614979392
0.173406404057977,0.29053428538918,-0.934396556407885,1.38158907421765,-0.299305741458795,-1.44949951096729,-0.172679024795648,-0.071306022457389,1.9568858761738,2.39418564482359
1.28689095365963,-1.23988267037587,0.927458852499292,0.907629302061415,0.810845272199709,-1.5991397738047,0.837858139677292,-2.17545410863398,-3.02536827075548,-2.89777249324559
-0.55960261875054,-0.149416035316688,1.35783209670621,1.24055408468336,-0.299090266872326,-1.1358634905297,1.29039603662682,0.654329017992717,2.03334968432447,-0.347870639153306
1.56552822479879,1.57313085905388,2.2957045644693,0.640682865986467,-0.918594160759274,-1.89986853553741,-0.351256549074428,1.06676388231271,2.46687702562583,-2.78659444629869
0.478154088775938,-1.65239954167239,-1.58985538489312,-0.674194025289322,-0.387516081789028,3.19444286781376,-1.96292510793384,-1.52176843988176,-2.73540191908053,0.561911817687238
-0.0756775948862871,-0.650482041653022,0.695551866503524,-0.0370348232765463,0.24067768559417,0.670001021276845,2.14512415346189,-0.790115219094367,-1.03160795819192,-0.963921634798066
1.098728094805,-0.417143844703938,0.964433820671314,-0.679017807933093,0.705902321031964,-0.233457786535445,1.34231614993908,-0.28058852380588,-0.477683943306762,-2.35584620116899
-0.827736267885137,-0.101555016239651,1.11711732863692,-0.0701216600121582,-0.356356200717002,-0.89835374050618,-1.03571133602969,1.00863970198261,1.71167378684859,0.798149878328547
0.27676960771848,1.69390335049361,1.19783792893274,0.207719711528896,0.644836383975424,0.928425949926897,0.876612289552857,-0.0449822797533135,-0.459673945957926,0.788832734826213
0.0358202959863038,0.412186104938899,0.852646132739856,0.999948451856032,-0.528571259846498,0.152232719702311,-0.777022924529671,-0.106528369930607,0.535107539111274,-2.32995115186428
0.036346033301629,0.195266149373367,0.608035155007866,-0.659266403237982,0.686403412265988,-0.296503291013606,1.38763391086522,-0.983779540787301,-0.56433730514664,0.264368341730058
1.39844245974142,-1.21552657455618,-0.987917825401596,0.192163495076911,0.84935493385341,-1.13356902178752,-1.4320796473113,-0.444463989459649,1.34676402200074,-0.571837730069294
-0.0521590806074934,-0.986442963376913,-1.04219885184695,1.34257744777842,1.2389200491615,0.913128836486329,0.513316000530545,0.310689593892632,1.43815424673648,1.14023976845023
-0.610790809896724,0.94201410788423,-0.788648227753509,0.00970307810557924,1.59642602991686,1.35790797807195,-0.419352598167958,-1.85819796759295,1.06155452167422,4.36858621174154
0.0350575408000354,0.234049493042682,-1.37846641992121,0.307629875544907,0.253661570511032,0.823946897900568,1.15120531476292,0.292693883674087,0.190965649593133,1.25700769670608
0.569894271803776,-0.377919943892093,0.596303177805759,-1.03397501047501,0.306437369076269,0.7078198605268,1.67024621470748,-0.859539396513218,-0.53806058973221,-0.261569283357172
-1.50074737630383,-0.326529847960781,1.45378066428494,-1.46436856636182,-0.54891811989182,1.86334193168476,-0.386052663083618,-0.887179831393832,0.114094977846785,0.311066436385406
-1.27507282933477,0.606784510596483,-1.45703721308845,-0.96077431185005,0.741299186714125,2.4827350032883,2.05863288301649,0.387653949207839,-0.651899756599636,0.0198093825997876
-0.172828707919154,-3.78205756691522,0.396463681737333,1.10044520848445,-0.537893075437078,-0.444359665311101,0.699286255316428,0.00899815748935492,-0.0465684994788575,-2.11058491723769
1.49928563144746,0.348199341244162,0.694522487871692,-0.326418945164897,1.27695095419427,0.0213667739822013,0.985274431888823,1.75583996659206,1.76885769136111,-1.12481742836173
1.35488204555823,0.65190231638452,-0.562073793867381,-0.833875530628008,0.163672089425236,0.980597933282261,1.05557966395444,0.0981284685580929,0.25452239788325,0.255419527242911
1.35911593684822,0.9254843209303,1.74779979808947,1.90223273541186,-0.150666816716785,-2.61557304141625,-1.97949756658043,0.15066686246869,-0.196299212422258,-0.438612613171004
-1.04955672628065,-1.02116063502275,-1.92188589444402,-0.237905461717367,0.711018825363145,0.909780135366082,-0.930654938170581,0.283361359989862,0.293215618462265,1.79685999886638
1.81429768779604,0.506723030097663,0.618755376252351,-0.424556057696729,0.431301495719158,0.342582605775084,1.17902395081754,1.57531854776336,1.68410962154943,0.614940731354882
0.863864366656619,0.914456346482424,2.62264234736463,0.0280560212160823,0.993600908623893,-2.10345830606785,1.52323718477125,-0.0701568914356065,-0.807988823037246,-1.67493912440535
0.50581280438534,-0.5269035683789,0.394100568626686,-0.273988136900374,-0.827974631567205,-0.411410520663037,1.58162989206694,-0.0698169118372459,-0.836596434649095,-1.27681093847386
-0.165494394153696,0.804445574586446,-0.499877109268154,1.93186541339677,0.502981089520711,-2.44318486829379,1.25351591768331,-1.26264464592048,0.956488017576169,0.173086556666479
0.126905226031218,-1.57374654834165,0.282385312459157,-0.0614912651984929,-0.842260840929507,-0.17535898479014,0.74488885361155,0.576612587905049,-0.591896816975845,-2.1693478705818
-0.533918492228803,-0.537591194288309,-1.65719837522221,-0.853304051782377,0.32449151622153,1.62082761357881,-0.301947610566216,0.769125096726534,2.57055653053848,2.11705277088956
1.13339344881267,-0.281105261980254,0.311591043871105,0.481917666057766,0.699282323804793,1.78249304874437,0.795582250647849,-0.350524908651357,0.21481618935925,-1.21335962445734
-0.720322441502601,-0.941305730340285,0.0977238471082759,0.142831001297484,-0.0497982675659904,-0.285057969093519,-0.0184614264389446,-1.94146034542251,-0.690741055161196,0.61803218792481
0.236725507268619,-2.46069108540049,0.772245092754965,-0.157271200619526,0.363896826774092,0.412567164962429,-0.0472441616320055,0.230328100301319,-0.620960685927265,-2.60025019620804
1.48244127264451,-0.633987240986516,0.685494043949905,0.267572505255787,1.30286072704227,1.0640330624367,0.193610551709588,-0.224269660093491,-2.04966482689045,-1.17522008476392
1.13960922726051,1.26642566683739,0.302715480932193,-0.789427105867209,-0.268334757134122,0.00470161954043571,0.0420972894724025,0.595111098227864,-1.48393118397829,-0.465601901519828
-0.987599480053299,0.348927332824324,0.742007135087834,1.38598586860445,-0.30250503045716,-2.05378497021961,0.358892914453914,-0.590060010005027,0.897244879683007,-2.00012016517974
-0.565107853553161,-0.328588017375253,-0.80989336945134,-0.51124587692708,-0.237377555070851,1.62475572165806,0.963683354446892,-2.38200946013982,-2.29526241275607,0.897692310841652
1.83028207880643,2.3336751713825,0.903269014641987,-0.635286772223104,0.449709113792293,0.347295537487764,1.59541276954233,1.03692967787891,-1.85309692191085,1.78167005737188
0.0900889629203988,-0.0537667834449146,0.501595597913266,0.294470232779807,-0.396841325362739,-0.69355838680108,0.259755330094323,-0.241895680968383,0.254740313528086,-0.776532232512529
-1.11379220860196,1.84886805157167,-1.81905595476493,2.11874420499966,0.267783155701022,-0.178753463656158,-1.6816260084077,0.199371007631901,-1.10111896092326,2.65637057540933
-0.118103130199333,0.00144365967923203,-0.602735097599091,-1.049775039177,-0.751625928140958,0.433965373171809,0.858364997159115,0.0434594653309778,0.306454210915004,-1.04979707450383
0.388244791434914,0.389894032164064,1.39303380239162,1.10534223461421,-0.252021142404345,-1.84013803054061,0.419740422694002,-1.19553346383591,-1.13427551701495,0.19125974083639
-0.600380298128386,0.662404330884071,0.813967769621612,0.349216491039619,2.4892061988308,-0.983971224147642,-0.0574396086172911,1.64551073911729,0.401596210170313,-0.259781505315212
1.84120273723677,0.446003360527352,2.30036575729796,-0.303020421650699,-0.482945668865804,-2.02073258047419,0.136024668979788,0.597418727333373,0.941183820124198,-2.39720636048076
-0.724633830587153,2.23770892723718,-0.772865501563573,0.361658180292344,-1.51575519656495,1.26311631885336,0.299923721903632,0.788333975908319,-0.769416715686256,0.828074580074574
-0.140752183003831,-0.945040398465159,1.00941356209913,0.627504982037271,-0.195223050397186,-0.759681659671057,-1.43806706350316,1.78532746092441,-0.164588962273608,-0.0942167312856345
0.594286384899855,-0.00196583026802435,-0.379725299278526,0.249949663493492,0.635798174566803,0.277688061703041,0.933791104737419,-1.65322441831196,-0.735387422703288,-0.132810406584777
0.306848557482136,-1.7125073449886,-0.638679968973581,-0.958841939981648,-0.387563122932391,-1.53880149274829,-0.234386947307256,0.125054571288086,-1.02965217214031,0.455974388829694
-0.353013273285145,1.90163993482619,0.125017847784663,-0.85044110759395,-1.11573689053933,1.84836864317551,0.625481452872139,-0.0356385017084129,1.58944251769021,2.56648962526719
0.61615325490869,-0.37294783208129,1.20914896976244,-0.115300372520243,-0.831920565657246,-2.70921646564369,-0.679476152894259,0.207036271648231,1.52299975045585,-1.32652997309392
0.960361268995864,2.11550541492513,0.846989565521145,-0.177269765028037,1.4955056054102,1.24165192500756,0.395255560507095,-2.19860611669666,-1.52834838666563,-0.79678942111817
-0.0451883532256967,0.474029966195412,1.48588008055585,-1.1176676676947,1.53249021257311,-0.223183537398341,-0.668320276767358,1.70403970705214,0.354631663603658,0.779283372908828
-0.387250384943265,-0.722147178739581,0.0525032337618405,1.25195413576033,0.290665027093471,-0.155846925414523,0.625914196589473,0.421290732338114,0.932890055837353,0.441614430090675
0.300187596771617,-0.172171075554303,1.34299422644345,0.96596436703173,0.171538871168756,-0.862894390310715,0.756365434236868,-1.57294991173406,-0.779377292917878,0.51388312116615
-0.693099603432498,-0.658194586287766,0.817258354210967,0.925801523234053,-0.654451537414138,-1.2839800255137,1.31789884926923,-0.551806063392214,0.0643443024624401,0.381763671040274
1.95626011067533,0.0908095599762417,1.44913336198752,-0.404660747518844,1.10181200119209,1.32985544152385,1.34899744805386,-0.591278628019779,-1.06640030964646,0.834464572851693
0.0177670153507711,-1.19431988638528,-0.391879983096342,1.27053755221382,0.143115623260943,-1.09929014572135,2.68275022613165,0.331387514718564,0.68922612674121,-1.82555425926876
-1.07119928015688,3.12691734625495,-0.154116340565728,0.455080931592718,0.0500599568211782,-0.722990438363217,0.870328312206428,-0.731107665868347,-2.71444167616679,4.457985025729
-0.88115266935149,-1.29822616717768,-0.905461295006006,1.22412411711158,-0.277588642835717,-1.21497004714648,1.55572254329315,-0.434788226605549,0.0114288640737637,-0.434328672051359
-1.32475840757624,-0.317810338212406,-1.85065329012508,0.149142661686037,-0.262663295479977,2.62909567026251,0.103867759734079,1.19976699071149,0.831867244725753,2.47304074625827
-0.069331264913135,0.845850077796593,0.0755883221473294,0.310877981707876,-0.421649490689608,-0.695570498409204,1.05957505197773,0.824345461719096,0.106846338841077,-1.45294477796243
-0.422729120814562,-0.629984145968617,-0.786578310512215,0.606569528537334,-2.78883904425844,0.916532075550113,-1.62312787883093,-0.0243350219596199,0.174182206638276,-1.40519821513379
0.954219497001941,1.57315917941785,3.14968999680305,1.58627819219127,-1.1074177374611,-3.51331721820437,-1.55568573558884,0.244458911185885,-0.0157196765955104,-0.58131927809807
0.121694672895348,-1.61892684545168,-1.37514094741274,-0.322474142275457,1.20106017356257,3.00537799084518,-1.30516542571251,2.36540864026057,1.52069849309041,-0.512160696855403
-0.625946607908306,-1.73645790340541,0.320708850793736,2.09421099019882,-0.660739818290111,-1.53254836941471,1.35214619618487,-0.212701350660547,-0.400101591984345,-2.60017257729578
2.90976543261754,1.26653538115732,2.76078109692205,1.84513998661637,-0.728970531742684,-5.10430049670881,1.02036603016572,0.0857664195106103,1.31614895021395,-2.18117893193042
0.93340261989677,-0.641440223359767,1.24564312922887,-0.0223352954278058,1.15450775881514,-2.77590476674188,-0.425635914031242,-0.443822693636482,0.391278933719888,-0.613366482858461
0.695080732225948,0.0546693761484583,-0.683352976838629,0.968184403688651,0.668288084018489,-2.40650433657812,-0.133380073257362,1.74316319488672,2.06001583810364,1.32920336419973
1.28597969374541,-0.578611571736756,-0.56432513446113,0.426286416129024,-1.46260736320729,-0.578990496236045,-0.53534590945691,1.45872329545874,2.25512627215396,-0.322485669307997
0.0199772628090813,-0.426953119116467,1.54442190993029,-1.45690042253406,-0.409238846005409,-0.692478457041147,-1.72843745254181,0.0898291070012778,-1.27584233570137,-0.621443752066993
1.48584690503668,0.573121024626971,0.0230602599807233,0.413649361080961,-0.722739781173498,-0.760422756967633,-1.51724701750417,-0.156779262076917,0.0446409215938807,-0.865501873105914
-1.53599359214256,2.02283678343759,-0.799134902297578,0.766261552242848,0.80163508799805,1.02242709171772,1.58962788081822,0.613513558635441,0.258814227469854,3.35547196184431
-0.690789540062634,-0.778612211483755,-1.05323982273925,0.608985653555328,0.581767946210789,0.443830134159146,0.746563811102182,-0.990342564867415,-0.773802543668684,-1.02894784138557
-0.316274788900288,-2.2411140208215,0.510703862914435,-0.158182449986483,-1.27769234907248,1.64164436051907,-1.69805664360074,-0.00718091078034755,-0.554037597826204,-0.2900739063544
-0.281354194932677,1.32585428338208,0.456887250049437,1.3288945710677,0.956190898941261,-3.0516532325984,1.51916966332339,-1.96769419181842,-1.43893165366207,0.378301992092168
1.64630360624189,0.0622803407273128,0.719962519598816,-0.975757416250519,-0.127683590819322,-1.31754289181255,-0.498476270389801,0.289741953315792,0.87547893898427,-2.95676308736882
-1.88385113011757,0.874015196508193,-2.31365902660235,-0.669435541252328,-1.77937987314667,3.14047840998204,-0.637614708256865,0.6044958443096,0.471958356258028,3.61201575861057
-1.03041887916531,0.626379941380016,-0.222283192129066,0.184822510964942,2.138717809715,0.557588082240329,-1.92126933956833,1.90435889580812,1.65163366811408,2.22375007056085
-0.403182660386486,-0.244623024454098,-0.245419502680731,-1.86514292915268,-0.582485923783616,4.27370632524762,1.59661958958855,0.768078521301845,0.0362568176912063,-1.45564996378263
0.105505385234023,0.418010643967712,-0.215738981409636,-0.0965407078182931,0.71829916182101,0.856999178125989,-0.080907769098656,-0.46388650389926,-0.396028119178166,0.550638199634404
-0.0659947382102628,-0.804685497820487,-0.877168930292367,-0.182256273342763,-2.3974937767025,-1.26556479773462,0.598026356668937,0.286330372908734,-0.659097338991891,-1.25503250827399
-0.824827513355162,0.689317637604038,1.30742375921487,-0.480143401887409,0.917887068547028,0.937722421578564,2.18886372828315,-1.10245229091485,-0.279362284105823,-0.509410774539871
0.388306339015578,-0.247221277419159,1.06719745138194,1.57108040709647,0.763941589449116,-1.69690483770772,0.142065496938624,0.947826277987856,2.06217811070215,-0.232520864892605
-1.63074681210872,-0.606796395821982,-0.183403414673528,-0.601224247156738,0.675560952118012,2.07333483846296,-0.586718958288458,0.652422625869189,1.10812014728775,1.73179746689491
0.210366933115994,0.286452196838464,-0.971881211810185,-0.36428234587655,-0.125885471474794,0.948189492210274,1.55095044864227,0.163205747063383,1.72483173356906,1.11239067445665
0.13780654089329,-1.52826532683879,-0.282280839684753,-1.42955157752768,-1.36946209471733,1.10892418509554,-0.510415918265081,-0.18247713217974,-1.43891584642439,-0.0161224103951634
-0.683907712932806,0.767124456389239,0.783607416192713,0.325520699890065,0.703482354582136,-1.76169882929686,1.4393470996127,1.42848191907875,1.07703337252025,1.01994812859341
1.52525829860315,0.708612406598344,1.09480098397273,-0.744367564965727,-0.0615037332364528,-1.82015039833437,-1.16688427858948,-0.343385016584715,1.47740509164763,-0.963461853755468
0.823138443492621,-1.37891924592972,0.0829318017380284,0.257041437615723,1.10973045809678,1.21762330853695,-0.178477263639381,-1.64048027269087,-1.66270296512834,0.137476933140792
-0.746221272033181,-0.97385308225294,-2.79382738973077,-0.13530340069993,-0.0313589992808892,3.82316830047112,0.936270717986879,-0.924876176134346,-1.62118418703904,2.79540315116267
-0.964153510331867,-1.59125763750735,-0.793331996719069,-0.416509432683714,0.341460353884416,2.35087036585179,-0.358267184397397,-0.385836603036251,-0.414517627281671,0.327218758892523
0.189616549736408,1.08052572408344,-1.29509754732319,1.08942135259948,-2.4453666354548,0.666583317643969,1.9007925762805,0.167287300952739,1.60142512240328,1.08885918720507
0.324473237638383,0.592963563900171,-0.59500913506759,-1.674929110049,0.978738483837251,2.81887325212236,2.09880517508453,2.1369167271726,0.850759636912866,1.34568271839473
0.850803925390987,-0.136906447525052,-1.56214464340921,0.222390612854479,-0.0231303184058065,2.00443650630253,0.143448459403921,-1.01579364677093,-0.386239260422185,1.74512744399411
-0.953061304741931,0.985093706124752,-1.2723446233855,-1.42703002498056,0.0686581635757462,2.35723974425326,-0.93682810147736,-1.64768540048958,-0.939758070347871,3.03508027135064
0.427313596565098,1.1226522122273,0.991188418947521,-1.29585586408104,-0.185051203993239,3.80819879509658,-0.503701002727615,0.33409501047438,0.469853974346295,-0.858305783653358
1.54771356617343,-0.423542509338311,2.00664402867988,-1.69260868586809,-1.44893958299683,-0.934684450595958,0.997378137366548,0.890686361014145,0.149712322313368,-2.38210906102323
-0.75514721990271,-1.23728252143226,0.992520096451402,1.68961934668234,0.207323671686966,-0.462699594316228,-0.411700699964519,1.29645708701014,2.72207567048855,-0.557327093821999
-1.08579509299603,0.658874455876796,0.115833780555917,-0.61087198221378,0.167710237652459,-0.194925905354019,-1.17318369101298,0.96592125628228,0.598634462523344,-0.0198545345918349
0.701957886335728,-0.43363460070512,-0.126379523318028,2.17346518679017,0.45214829378198,-1.2278914052349,-0.893417360611968,-1.07619244579724,-1.29112673268288,0.200545916937702
0.189944088421831,-0.753294254980756,1.74267299141943,-1.58009518398877,0.26603057514819,0.749984627094917,2.19644764440034,-0.382725582537326,0.255818707419084,0.755136329981598
-1.42553696618229,-0.493637869152566,-0.956190741745135,1.10207236530111,-0.368743271154086,-1.34579753854115,1.96086753042233,-0.334318274178852,-0.42089353870781,1.82637829662504
0.508985651319734,-0.41496570393771,0.94628133232545,0.255344968997057,0.252136774275974,-0.987837168656346,-1.76750459927972,-0.353193453135583,-0.368238080947167,1.24907012795763
-0.613034936521928,-0.786181871811054,-1.80458354611792,1.14876026039313,-0.585003568358623,-1.27766812027283,-0.580127099558084,1.02020194018451,0.477530298767644,3.36275229957867
0.328446939757135,0.801547610027511,0.999127205633146,0.709610100438089,-0.632920966787136,-1.65657962126281,-0.415653794884583,0.0611541882330622,-0.317400063392774,-0.0155712231144594
0.232041367454964,2.88132717232525,-0.427905249986905,-0.0663704946255014,0.582752420881744,0.188466439265362,-1.18248316886286,-0.934713994063907,0.0301262185592421,4.24348631185142
-0.215825525908074,-0.153912326376314,0.418740256119471,-0.483659792973132,-1.7659351071474,-1.82618401559631,-0.481388358235705,-0.863400753413883,-0.273561975153432,-1.72124939178833
-1.21118333466283,0.371869149238252,-0.303839044780255,0.548532940901902,0.988397941049991,-0.0180807475232408,2.27298702193872,-0.0577380962146204,-0.44212087317915,-0.642509355149707
1.14228375580931,-1.68343957469873,1.09659359853964,-0.241590663038167,-0.780336533526303,-0.615556074751432,-1.13059435935462,-1.0581245019435,-1.19322551133848,-4.00555427026499
-1.36644293823373,-0.884309699074688,-0.745163402379774,1.36904484533608,1.05468072621135,-0.30134683283874,-1.30267333467827,0.148960269543446,0.352391673597283,-0.155414633056884
0.435495689393197,-1.63891139031594,0.404311125335422,0.330894651859345,-0.913177020191116,1.04249074688216,-0.422685210475667,0.183455855700303,0.298380501560907,-0.853746560324098
2.61166621037072,-0.92475270397135,0.854415876359478,-1.60601584278869,-0.178240690808531,0.492756259058034,2.04454559188611,-1.31690989702699,-1.35969261176398,-1.97944508788827
1.43504603832526,-0.559763879175097,1.69387323458813,0.749142019034089,-0.153840879163033,-2.69829461343279,-0.141897704582781,0.724001510760252,0.656629019887094,-2.74680831769301
0.470338988712437,-0.159548999748888,0.127043747198635,-0.317287373462424,1.72339161882992,-0.44587841461043,-0.901450742809513,0.271693620750242,-0.522495553904881,-1.45827420587273
-0.575118045139422,-0.121523032780801,-1.84497000730153,0.18340345664502,-0.756888287613053,-1.37285991700468,-0.320992061694351,-1.19168647018818,-1.04709879843304,1.65218315252449
1.90547437923545,0.132420569759179,-0.602350996423434,-0.494297982244601,1.18989415845979,2.72754541988528,-0.976139321119632,0.0496082690559206,1.62384446026843,-3.01826938115055
0.577355245482288,1.16893147508092,-0.0629773458150975,-0.266234814114782,-1.65818861324988,-0.0247391975012759,-0.706918684945589,-0.946463807814861,-0.31459142219421,0.0617593928264135
-0.134552990114175,-1.68116315546682,-0.0351054310046662,-0.478234977611784,-0.301947653544441,1.06217505091449,-0.710788957872363,-1.29302661871014,-1.33334672565042,-1.96379526296072
0.239629712360774,1.6218903216704,1.10283026398204,0.00123890717432052,-0.246639989152369,-1.28641060638578,0.309004483036432,0.898231156321262,0.453827226121877,0.160722526099786
0.0470771301305802,0.229344073972727,0.572660968006701,1.09915858072552,-0.0818211689513621,-2.46062559204487,0.558524614190239,-0.740831312811354,-0.83672765223369,-1.03213378239109
-2.77285284586419,1.04628844124877,-0.299241700098466,2.35742930594153,0.910629570625127,-0.301576330291407,-0.0793757934517096,-0.783386761787317,1.08262975617439,4.82210525481056
2.13385071240472,-1.03451278124453,0.533630030131251,-0.837787611889709,-0.372550410699126,0.509575066467241,-0.335354350204644,-1.65511464502513,-0.545007318133145,-0.0520481085952625
-0.0200371331591953,-2.14441260091759,1.07140585572793,0.839972300127181,2.16982041127629,-1.94612705682106,-1.5178600537828,-0.823788326837956,-2.06592504861311,-0.119314795501585
-1.65012576829733,0.310643682990844,-1.53062672424896,0.864559512756815,0.67611943955931,1.02511031281977,-0.0980344397890317,0.577607352240892,0.457206526296801,1.22663129526836
-0.519656961787191,-0.769322628267986,-0.0938605423178094,-0.108750667103926,1.17400118234353,-0.599568408208639,-1.88527377721766,-0.223537561317379,-0.697212458446613,3.53787820001328
-1.48017275099568,0.292932533325416,-0.548433270628484,0.943717336174188,-0.00642247042869633,0.541159606562903,-0.273624345544965,0.896328106125178,0.0234604985655496,2.77936382156934
-0.919884511505144,-0.460705917277381,-1.37721990067963,-0.797602891643722,0.613694002021135,3.20391146743273,-1.46349587003044,-2.86316004454803,-1.67399658667077,1.6432303190283
1.88401606542148,-2.32407740244423,2.74534142704567,1.88285780415751,0.0633882117172645,-1.94610494103974,-0.836850451371666,0.55187166872916,-0.671998588271995,-3.6062104744262
-0.151098310621584,0.84380163486801,0.506157699155549,-1.22339542482748,0.663983681619471,0.381077980038387,1.3702274120687,-0.455357115260808,0.742255528304947,1.56130803002854
0.176701193107426,0.137125399790105,-1.30920652077059,0.393269819379175,-0.712591174352566,2.5800383283053,1.05539236291983,0.0326857059833776,0.0970994982076448,0.864584921349814
-1.06816748676085,-0.190783640791221,-0.29209500964924,-0.117797663820394,0.158146441012504,1.00200602456795,-0.272188425971081,0.674758175862624,1.38170502345764,-0.191220765482232
1.56108591052418,0.305222896495566,2.32378182781917,-1.84035386538018,-0.542825651893439,-0.888320471083664,1.47410545266937,-0.455026764552638,-1.52819006938122,-1.51797473678313
0.0540279639067155,-0.162848111475815,0.319796934668522,-1.88635133194764,-0.322551715204041,-0.145278595435168,0.655040019006835,0.653677674090912,0.846393562548236,-1.16597694596497
-0.109591246794122,-1.17985011300357,1.36576166257671,0.136429680996634,0.401942006462669,-0.936985336700246,-0.423759138572562,0.906039378093173,0.67942914981429,-2.81335798706329
0.937474018922132,0.97107758735778,1.34294570247304,-0.823728770092575,0.914277042292137,-0.25073343186424,0.439061520445741,-1.1981861592396,-1.32144634458247,-2.51631477914789
0.862418656685384,0.51778418921799,-0.0589588585095075,1.2609591329049,1.50510471064481,-2.91663946159956,3.32130796696718,0.196754841998625,-0.613882711975052,0.90997535229954
-0.654869194542188,0.994041729465881,-1.87171528468743,-0.830709812270349,0.968747507672272,3.92542849712168,0.84649748086922,0.79138376207072,-0.0190500907037865,2.0409669864889
0.0988305901754446,-0.852228929331043,-0.0152039576316359,-0.19263520668483,0.056640297218418,-0.130822266034949,0.884063999780511,-0.581770764278615,-1.50733793544788,0.580655795885685
-0.839933554558793,-0.791103583743083,-1.32037941981501,-0.125478761867239,-0.169317095437754,1.98262243240537,-0.767514370964144,-2.81784647392011,-0.930081455382009,-0.230040407091742
0.163185849371577,-0.645253176527343,-0.417396834216556,1.01461593775808,-0.0997247514066043,-1.12502944400267,2.45064476881919,-0.0224550559616686,0.271808287972956,-0.791211945479266
0.349575891733979,-0.416214495670976,-0.337027415454164,-0.796230827154847,0.180496798116384,1.57827044285076,-1.76186223837221,1.27063371543562,1.4271082204915,-1.03061674324004
0.319300777912267,-2.44076621036341,-0.0930688510391727,-0.387350320465863,0.212736419391379,-0.0769427014703542,-0.0242354962713495,0.00875114753878777,0.0605989504288937,-1.27621836740799
0.905652096748991,0.932639823159428,1.40270292517872,1.11521390600288,-0.385946744176266,-3.36216337272803,0.890149497713865,1.38493926831679,-1.3750184145309,1.07395011259259
-0.311948402753356,1.12161356809958,1.06057985215128,0.262020302856219,0.51302190600078,-3.23433727628018,1.67468602098131,0.414010746540446,-0.67024427297971,1.26395232307587
-0.104595638451143,1.29713715238965,0.0928070438233047,0.185865213003199,0.428662313434626,0.354461769441933,1.40297108634075,-1.19802969490774,-1.46837496252675,1.54455052036574
0.183969606604984,-0.300873130559458,-0.393500198025661,-0.906604788117838,-1.05601839624889,0.318354057619527,0.303739071444902,1.33550497225309,1.18706454459535,-1.48818309103647
-1.51122234723816,2.81211894119878,0.195804541120445,-0.863819375382444,-0.000456307815078779,0.309666864434707,1.10615192830851,-0.135803649291872,0.251985867627321,1.31506794748899
-0.604757603055487,1.07348070877284,-0.21140668668799,-0.992503347770016,0.294346054610644,0.848252461849652,0.205853419809723,-2.1581404616584,-1.62242563763172,-0.924722999111375
0.673690229910083,1.81941922432197,-1.67271842476563,0.871923527771472,-0.57577124709993,-0.62586528576096,1.01344986063396,-1.25204953306973,-0.0396276619384259,-0.561044953716578
1.17894281221594,-0.0289589264304166,0.909350158666025,1.09154912736398,0.147212093216193,-0.598833408505335,-1.51664681462659,-0.271307945726472,-0.862926431543241,-1.15098480889194
0.466667812632391,-0.155568850162623,-0.281233120708261,1.02140389072787,-0.273969466234337,-1.6845521743117,-1.54002160534806,1.26187632292368,1.99222068033031,-1.90629810771371
0.163541293169394,1.25781494840843,0.173633925233395,-0.511518951564108,1.40008964344272,0.296955236296716,0.261236548741975,-0.562537044681282,-1.06063110022258,2.67720923746962
-0.870390927657673,-0.101057003503669,-0.167525406249066,-0.273275746639498,-1.20720021200751,0.954528685492053,0.499633542770089,1.23487573999039,2.06539933349,-0.952799220301925
0.140843356305894,2.20354222643645,-1.40339272877394,0.925724988633632,0.314364174581054,0.989548075974882,-0.521168488648855,0.261500015606415,1.180673501198,1.73527408199992
-0.580169437035819,-0.135564940326195,0.944999595132989,0.698887639290102,-0.152214869352927,-2.40972458873088,0.314059363551913,0.518206144879913,1.17862835079907,-0.294191119465248
0.98674757226938,0.706457014792391,1.20408576053307,-1.33177701069034,0.21593405905964,1.05268650968132,-0.612270829035015,-0.316771870744503,-0.173408237295397,-3.81157438555732
2.53629478951281,-0.315412218653695,1.22706933082013,0.544323586059297,0.862192221251762,-2.68769972912295,-0.183994444316134,-0.544437178716998,0.449958378044356,-0.973225259316603
0.893098662013148,-0.278984086571995,0.639896308184487,-0.326247338851226,1.45830147124697,-2.25701737140323,-0.206250599607415,-0.919198598216254,-0.867069572311429,-2.47120954881962
-0.280754592566979,-0.145624585916241,0.87278535865552,-1.5143035245721,0.705043506770102,0.448219652779081,-1.62821018165392,-0.0815856735651578,0.849843105002479,-2.95854504962012
-0.721967754182993,0.255787376706237,0.243542882713698,-1.20174871743617,1.64469935987308,1.48291440638099,0.497349904674292,-2.13029209265816,-1.24327320622138,1.7419957323729
-2.399652545965,-0.96943861591345,-1.25021212201412,-0.588664013285638,-1.25754104677768,1.33898077844137,1.99869884463298,-0.0593211878783879,-2.68236788011983,1.20479790986985
-0.165655126118247,0.549732209155736,0.242948512299485,1.36072719088031,-0.0322698459072785,-1.31594440499653,2.03710893723306,0.254559875639047,1.23181315269585,1.94446173575604
-0.75994703590751,-0.763189703668176,-0.545051801166489,-0.0273210804207985,-0.805489189004563,-0.354256534251097,0.324309671819623,1.6667050152391,1.05578093590814,0.250578437237936
-0.457553805799007,-1.37793147568941,-0.647241638965044,-1.3239433001346,0.209818822151207,2.33304117157852,-0.531366938790507,-0.646491256544009,-0.125029089897333,-0.785283005163067
-0.204038068720064,0.107187107594407,0.250489621047484,0.00161365426402643,0.44999313789614,0.991109726569563,2.06099645818044,-0.152071165939782,0.716442904923575,0.743639851900679
-0.307802588617737,1.51008483126531,0.213360135993723,0.0426753626355035,-1.64012300637103,-0.408880916078072,0.712902253804473,-2.07976712700549,-1.66554886856152,-0.195698805593667
0.741706342273472,0.638850183700287,1.81053660274904,0.539468825510602,-2.42704841631429,-1.36840470543488,-0.267000580877839,-0.449754713537734,-0.800360151973837,-1.80673141732025
-1.1864748152247,-0.304614877580066,-0.475669325576865,-1.43351091892625,1.40582643169741,3.11028089862826,-2.87820765189225,-1.87519954807174,-0.717132099684028,-1.1496415258487
0.569097818777799,0.567371351041348,0.564019497071034,0.0482551552665288,-1.12019037190245,0.771492944519195,-0.185382352300788,-1.0169625543107,-0.86051828934436,-1.27039167457356
0.540454482521427,-0.351312864057911,0.405761449910711,-0.0551985402450296,-0.456453795677912,1.26994496178234,2.0936986245564,-1.58941290228338,-0.805009505428178,-1.74067182801013
1.31864236768093,1.32031259920542,0.308990584678771,1.28287249877261,-0.652766873270177,-1.62739008477119,-0.398043375697937,-0.972213133959567,-1.17073267933958,0.459825715710083
0.415350249356832,-2.23535734071789,1.07114746078417,0.791465503001887,0.215406745471244,-1.78523921345502,-1.74129265143255,1.72038538618121,-1.0303107610834,-2.97647125234859
-0.114038353965203,-1.31343495024747,0.972359145086518,1.14860207407111,0.667709814958088,0.294435672053433,-0.828577298604299,-0.276617348129472,0.707559517676352,-2.23860438683643
-0.457101417044902,1.20954816254252,-1.88056764982261,0.417293506095855,0.647117778218257,1.47161189520414,-1.05133494453559,-0.965517645633215,-1.84675280866483,4.51587685407423
0.611323635622739,-1.07480170199818,-0.588473590536782,-1.41425924530901,0.172415151722051,0.370885712676725,0.374090460458403,-0.0268887401628,-0.00288987107684984,0.1678582455385
1.18309029092755,-2.81329627320694,0.970981594297538,-1.01891332717654,0.370120279495676,-0.852234226141479,-1.30382056489561,-2.48485732505757,-1.76144799097123,-5.1779004293118
0.189698075085569,-1.10890866671495,-0.543056218362277,0.0582092112393561,-0.619866812398082,0.253209654185052,-0.696232004787821,1.22725360316306,0.27290456480364,-0.379197746133568
0.577985384737824,-1.84463196049523,-1.03162589353594,-1.26188795641472,-0.71862980241675,-0.0173761527227001,0.466387054092127,0.425497156979031,0.689063878434787,-0.00117206620163801
-0.656828729774434,-0.168946570787728,-0.328921469458442,0.224475816920253,0.859257172989033,-0.168455435620717,-1.16412386937535,0.733706825750881,-0.547539414494801,2.05786248512082
0.398903864761603,-1.83389596214869,0.0651293735937125,-0.140545628484591,-0.161142294439162,0.830955153241046,2.79551255603795,0.83960581357513,1.39994328804217,-2.03980326949787
-0.0517288872143484,1.02024081453289,0.372655636671184,-1.08954361019265,-0.0361935675205762,1.35317046603657,1.39728992492235,-1.7503434002034,-1.31888303460898,-0.500602392666504
-1.64912446548879,-1.23854068213208,-0.896149103180767,0.748957280863653,2.4307797404135,0.048171418788289,-0.950532073936165,-0.310950171698004,-0.0528885889514846,1.28721488862536
-1.30599960641082,-0.314783744173573,-1.9739788836636,-0.0860379064590563,-2.06179427240627,1.59011519387147,-0.311548339989189,0.762961825074526,2.11939199934832,3.75527457556681
-1.72398401486405,-0.0232259400526545,-1.0145130239169,0.166356779464268,-0.960299387862111,0.114968021836067,0.75206075962528,-1.95505604470982,1.2345689631485,1.60899499726196
0.0341686617387246,-0.0522480665444022,2.83912915108668,-0.850779826544461,-1.10690509363221,-0.446799417266866,-0.849622838158791,0.512490976594754,-0.633852464898778,-3.13890148937473
-0.934247897302248,-1.78806806211409,-1.8721383712904,-0.229004794957305,-0.842668941227863,1.58429256688499,-0.658131391310185,-0.421053312437825,-0.29916919870069,0.688801411241607
0.688724911153843,-0.37692864005996,-0.0283642798683757,-0.94225867758949,-0.00168829141564044,1.75481703778924,-0.76833270178395,-0.693334240746355,-1.39029418395863,0.134101228166815
0.217236882164227,-0.355694461466627,0.0172010430575762,0.0587823886899135,0.410229306386841,-0.719447031220225,1.04387422068879,-0.330149585367183,1.13080802523141,-0.127708074474506
0.175457838753482,0.383390999844552,0.0906229199358849,-0.536917130129337,-0.434288793491239,1.74858655163338,-1.1870578472036,1.57184888712461,0.994040200446105,0.9949643822589
0.168452272924408,-0.282801920883768,0.354132394969541,0.0303227963503332,0.245038430410651,-1.02354222575145,-0.135557645687471,0.580586771589726,-0.931052721605529,-1.95636630351653
0.0317206741426984,0.183443830065009,0.571241937232306,-1.84481579820153,-0.335192136374646,-0.188898554079051,-0.91282357445505,0.653047156814568,0.662491898482093,1.83833779962117
-1.4599199099736,-0.0626698463410498,-0.734058067151123,0.682347505347626,0.481977929671435,-0.995381383597101,2.11620964980015,-0.272032474844247,0.841738967633755,0.927729617591672
-0.704768865367292,0.217831809461477,-0.339018617399525,-0.776129117578783,-1.09553821223455,1.09612881580588,0.193977004098432,2.03430678939165,-1.03629405784081,1.28274027122547
1.93303711762805,-2.36088030296892,1.75148657045533,-0.234995888198286,0.284756978981821,-0.559234386577452,0.96162078321098,-0.514723742308633,0.939624701835886,-2.77698772217963
1.30990913089331,-2.51161565581649,-0.1850320417688,-0.626725855108164,0.93310101952663,-2.19503486144804,-0.856471691328962,0.142776655548287,0.878894750994189,-1.9561570476111
-1.48428894346698,0.76593628967305,-1.25544718463255,-1.30345766349211,0.657410754784614,2.79369619336376,-1.46241637432249,0.117308692371623,-0.717377471148558,2.91651748331934
1.60931980935076,1.47017932167987,-0.374709650055963,-0.462589084038197,-1.0307610740316,0.969785348041229,1.97446690748608,1.74125927812521,1.45641525013195,0.361836505689206
0.00123314931946821,1.82942002740865,-0.204058651268753,0.46129146374299,-0.171988284306565,-0.0142851378805494,-0.174891125911754,0.0998715599682841,1.3184220191946,1.68415249033035
0.425768836768549,-0.619230963670327,1.04526280297041,-1.7205114543488,-0.152151163895323,0.944219058448288,0.915502970655386,-1.05247216284901,-0.146498919421642,-1.15755543505264
1.11136526536707,0.61222439039175,0.447268949525612,-0.482503588852342,-0.071156821372351,0.013954136517107,0.469360364347304,-0.793694970364982,-1.41471393322178,1.32512721612031
1.58694467896104,0.30252376776358,2.73094632483235,0.276829159961989,0.959906093468142,-3.06044313346995,-0.567951456658298,-0.748068431329026,-1.13449171634541,-2.38512708863288
-1.21672220148886,-0.956812966460834,-1.04520011046274,0.988375938789108,-0.119230090885231,-1.37926871930754,0.489678556204033,-1.18366168436678,-0.98473363847666,3.45974791007948
0.693198553663856,-1.33900012856296,0.852917448310309,-0.622942754913568,0.0140377189492558,-1.65606676719982,1.23767439258046,-0.0509568483200231,-0.191346696247062,-1.07570803855539
-1.27932862938708,-1.56749667220867,-0.358820788268759,1.64636586163579,0.0110882083925354,-1.19619900266598,1.00496989378955,-0.492167633232691,-0.949150905209215,0.357680809587352
0.901472479652865,-0.72402653349331,0.560954915729147,0.0446259058924972,0.853277656307052,-0.650334594365413,-1.19647033712196,0.303320064470008,1.14933774119099,-0.919452651888513
-0.0736572232492174,0.70265780791197,-0.719615593131263,-1.74963382126294,0.0736115774071715,-1.31225961518333,-1.30163718789592,0.655160863559359,0.258064072439088,0.852940591438185
0.754404192025668,0.162970412932302,1.74697833857016,-1.62633994544873,0.503227537252094,0.272911119524843,-0.606315279204588,0.186605589528055,0.514823188340598,-2.31091560787337
1.04287103849458,-0.801938106876679,-1.26481028456415,0.199672222961232,0.573012646761348,-0.660526247944616,-0.425921068371929,0.761427729823578,0.418623675417471,-1.50406562209559
-1.11760740399498,-1.74382979808654,0.0973958033579033,-0.313058061531125,-0.0806470463522882,0.763285261695116,0.51520871978136,1.24794746294566,1.28697185450975,0.0635402016047033
0.373794631527103,-1.53323925518934,-0.172897288505953,-0.187069559304566,-0.16849080267542,1.04475624859323,-0.295994356771531,0.671219198822441,0.620063873374718,0.630190375577071
-0.596438324482574,2.12492371617642,-0.14301041378739,-0.347782771741674,0.318786731163379,-1.93886530589736,-0.118157308928599,-1.70056716652177,-0.325684863217324,2.83234378062181
1.85783273449563,1.9633874520614,1.56648173893109,-1.41371544736579,0.614202057378712,-1.07771307939929,1.11251486731668,0.462473768729616,1.47330089542016,-1.59438591335441
1.22955685567572,-0.514859100088269,0.594799554772559,-0.544397497096307,0.536083495290397,-1.04062033726526,0.3147219307377,-0.886253559312329,-1.08742946692118,-0.52121818204927
0.686397492251105,-0.156800964109828,0.658131943132971,-2.2075244617854,-0.866428127984798,3.10374672090419,-2.3509588884846,-0.340768257182828,-1.44498845299273,0.399602465156018
-0.993078614041958,-0.771819513593648,-0.135124310254195,1.90034309373724,0.416661740760222,-2.57240473652957,0.638221335091319,-0.502628759290524,-1.70292605417499,1.34703912769914
-0.325391465429015,-2.11610099854848,-1.05084115299561,-1.27960528996159,-0.166038236032445,3.53498157646862,0.481971611258321,1.30230096600852,1.92235774891312,0.0982446249888899
0.51652762549258,-0.580948246656665,0.157138432574744,0.12329499237468,-1.66346201446737,-0.903445675586842,-0.265841117260242,-0.422599808880615,0.0754431413354648,-0.74228087744403
-1.15703583435872,1.72679450612862,-0.403710836940503,-1.2979155213801,-0.99810604966938,0.63283691802591,0.327617353874484,-0.604275233013888,-0.650614853645917,2.0793312441448
-1.49423376637959,1.05312297941029,-2.0697377883146,1.19819103899717,0.521553782032207,0.379614877848339,0.494790225860152,1.22197462860063,0.464713173070236,2.49381433582987
-0.211961260691864,0.710447540925121,-2.15526819552082,0.290273262715139,1.09259585400141,1.75846219787283,-0.230946212721359,0.78991454501318,1.18713522636626,-0.548971311891434
0.547589386475011,1.2079986939996,0.836495076257332,-0.983686335887248,-0.525456645006249,1.63508680173707,-1.03409275414785,0.433353429870717,-0.731134924124171,0.571273366679558
0.221536695538346,0.524812551160723,-1.6058777467575,0.485562322133083,0.0452513639593304,3.18664350314013,1.66358527368283,1.0459439075216,0.608620853207246,1.45005676646027
0.136076984033867,-0.0326577410097841,0.28514115308226,1.68693177435631,-2.1618873960628,-0.837816147302703,0.146626574024965,-1.90934336711398,-2.16550023444578,1.00398654084779
1.32839397224469,-0.635632211097684,1.37707987154464,-0.743647577814249,0.178166727001967,-1.7407726484255,-0.225405791273188,-0.233534158544421,-2.54047326029268,-1.79623399030962
0.656878286609921,-1.14853514236519,1.13854867923169,-0.503701573774687,-0.263646259813068,-1.60860807085489,0.946589602894044,0.725880944097635,0.146749463849766,1.66830234002177
1.50040244968579,0.835811835003347,1.8546786153183,-0.740883679637378,-0.945585355297107,-2.12423546971836,-0.779492527949905,2.33908919160165,2.86837242630703,-3.31821987852905
-0.234558959038634,-0.261466826828327,-1.48945535909172,0.646481281373514,-0.435077986799758,-0.229191466122195,1.48440911537337,-0.310766795189172,-1.30973485597756,1.31541848339765
-0.00654942204090997,0.77402480262971,0.998090900834691,-0.983769742783327,2.23212277309487,1.35609688018863,1.32239471516418,0.504862693527679,0.999038289536931,-0.48317237662962
0.459736528230871,1.09739693151545,0.27381995537176,-0.483621399310202,1.17024795870343,-0.408447003582111,1.30821220407266,0.380299333390472,-0.403028946768762,0.706962796430225
0.024361458557703,-0.163225478505704,-0.740513121272008,0.0419305548569701,-0.565912085779348,0.886449253047604,0.585257922782905,-0.259197899031348,-0.339009275207342,0.674620998869634
-0.645489894889824,-0.692401546617573,0.824226439324819,1.2685491307871,0.234851022456151,-1.53932053384298,0.99709993472307,0.0641959093671939,0.278574346354549,-1.08320237907281
0.936554408843097,-1.02041475710313,-0.474151491862386,-1.11724858310793,0.533575578540674,1.9796444956919,-0.01106036286265,0.198681400660742,-0.669963020838297,-0.632395112739909
-0.246362105828113,0.177372617401781,0.0307162781705206,-0.239676045845728,-0.239963443546568,-0.111453641227158,1.4453678032196,-0.528738734869862,-0.0298883540388275,-0.627324731388365
1.2943211818691,-2.74737171590109,0.444701158203322,-0.1372766936235,1.4464326556881,1.04810545873984,-1.77921154558817,0.064981060390385,-0.365870829329587,-2.47271679706965
-0.289553509777614,-1.92060073497749,1.54480562927387,-1.06761443876519,0.981539098211153,-2.29053630398764,1.40274433687901,-2.34430026802089,-2.39325081713463,-2.89438837507175
-1.02809659296411,0.213583577757326,-0.249515976864735,0.213342980814649,-0.419690970062529,0.780864298706906,2.64059543874869,-0.880699193958246,-1.10052642356851,0.903930835446367
0.0640722171660023,-0.731436702043139,-0.255988599000568,0.424424858099221,0.0451785942887256,-0.00344788775544016,-1.51795499989671,-0.648701272949418,-1.38957147679612,-0.211847749550574
-0.972942056152361,-1.11013009551852,-1.2484072825001,-1.23701243827915,0.758159492014962,3.31647843036777,1.24571763341337,-0.902745053079521,1.08763942588179,0.984027521689636
0.733851698370004,-0.0588825445754469,-0.0121422619699045,0.620784473729263,-0.35917376903118,0.36205521307438,-0.583412426637249,-0.492738436006892,1.2597362751144,-2.59705331820307
0.0228734639009914,0.0887302438293185,-1.4874227271274,0.12742129685563,-0.686897252968403,-0.189244076635871,-0.277703636543189,-0.941752681587018,-0.39358419660301,2.82698530164746
-0.185230274128764,-0.193273722727106,0.077537640564104,-0.165168580151668,0.393216691383907,0.676825108693677,-2.99927471280274,0.00470796626771591,-0.828836577952946,0.350429905191999
0.79948836515559,-0.268276408868383,-0.461707175307013,0.781524955624256,0.229350596641418,-0.967725594456728,-0.128219332846289,-1.27691276531963,-1.57998927307333,-1.36585987761974
0.770758266294887,1.15706442828598,-0.639926899269804,-0.139270415088845,-0.875455910265373,1.36137407554813,-1.82230982915911,1.80260671526721,-0.713482069858361,-1.68564360874801
0.221071658098273,2.59460960975031,-0.849457481860148,0.252281405169075,-0.495695355805214,1.88024160189249,-0.927839067205701,-0.401350012462522,0.134157234505033,0.946924563529012
0.0930273084607875,0.963820936807579,0.289507702459392,-1.87516340902347,-0.27522456126222,0.211284468269547,-0.202426863243129,-1.16744676551907,0.5292457949694,1.11943380494019
-1.18315437023357,-0.167093936106527,-0.246143675700659,1.07300495616456,2.09280206105351,0.0654484760202241,1.01674473545807,-0.00709677472938225,-0.572478152249301,-1.56323293310797
0.991420082163819,-0.117629754803827,-0.30606213863903,0.366926497772601,0.188221797119287,-0.669860888214211,1.3060797855137,0.0504815529693983,1.47881610596185,0.565462923208035
-0.586362375487331,-1.15729703463111,-0.960376236447217,-0.420442267903278,0.160356544290531,1.82552103228347,0.161686109985767,-0.171528230377911,-0.328429507986794,-1.14851102014643
-0.524753785259343,-0.674308520545607,-1.04557681133402,-1.49793325094981,-0.116990199350807,2.60795390325948,2.22115476518868,0.954276853170942,0.875279315696092,-0.675166525797337
1.68382827458968,1.15101061899637,1.64130468115124,-0.460724278873137,0.999493677989156,-2.00409875600438,0.804934190990119,-0.0131448888166087,-0.0949026134990454,-2.37152203467115
0.203728567454313,1.09428001427066,-1.33080901071489,0.9133356686148,-0.896040677326305,-0.126030146914354,0.758000069844731,0.384220250902904,0.463150186483962,1.48603839313945
0.162423035934024,0.887472438831164,1.16299511932888,0.831993937374136,0.728432084202693,-1.2025685272442,1.19298917500069,0.112572947861935,-0.1070652997668,-0.765591222552294
-1.51464324892778,1.42840750721124,-1.62033695270323,-0.344981835705597,-0.662013277093448,1.39745605598571,0.423994500572305,-0.769837041328128,-0.859156455794767,1.72149029782962
-0.382046117175347,-1.13038884350586,-0.0791718710203612,2.35781783341115,-1.52328171625808,-3.13210264282296,-0.211656449906022,0.063697124247218,0.676138909805187,-1.44507760042284
-0.424436909846742,0.988895293469243,1.25912676638499,-0.74633343332849,0.0643474257406677,-1.29385384712845,-1.86594719494107,0.130691706357299,-0.169581471101626,-0.827424962367203
-0.364060996280832,0.392778612821859,-2.71474557045031,-0.198516120009159,0.933428462412297,1.54986238006235,-0.281069039539466,1.15876640252371,0.303343148407442,2.14086702893235
-0.598137281010484,0.211373831583404,0.447529139216833,-0.686777708423786,1.02930450817762,0.568512101969703,-1.86920848482179,-1.16386711964786,-2.89909756785445,1.2921772531554
-0.315304686433184,-0.0637601485739429,-0.40641655980333,0.652805185297643,1.20978914587269,-2.05663586372729,-1.18125185205767,0.500228904437414,-0.418986759736465,0.855593261573003
-0.69196777264945,0.0570144974528527,-0.0673159468501718,-1.62075162897283,-0.342923387798541,-0.511118664911266,2.47308193050013,-1.96434210002886,-0.74627154418027,1.72099739668478
-0.859810164582887,-1.6852969531183,0.65388659535639,0.905705468231643,-0.741243810497843,-1.12336577225693,-0.381642118024315,0.710456918149654,1.31022476648705,-2.1000580186775
-0.114620377613043,-1.45303047563081,0.620014812187524,-1.43415126526539,1.51432251777877,0.362067921145081,0.110237329484538,1.33086988563785,0.39599601058057,-3.69670949367962
-0.453901268105423,-0.570076906109936,1.57473718845756,1.37996419270389,-0.518818261180654,-2.01509978090602,-0.326448040406844,2.46576064170744,1.22438619361791,0.149225843150939
-0.136507820518963,-1.04046820321238,-0.357597307419495,0.304723127293738,-0.247231357908639,-1.76448989978566,1.36033657495162,0.545372135242413,0.379958019772439,0.755954354943701
0.0976450997566512,-0.513089258124745,-0.705370158900863,0.136245899852582,0.0665391344469404,-0.56307583589552,-0.877843859058312,0.0522106525493558,0.992011496366075,-1.31354432390775
1.13802193738521,0.794606590753036,2.09975564764103,-1.76347700834273,-0.765032849744484,-1.25816159852977,1.11284609807232,0.446911517070441,0.521122088799745,-1.95691328164747
-0.523177497287685,0.907910636658112,-0.4072830009638,-2.34486170375769,1.00932531616019,2.84711847350645,1.62179930990578,-0.767445024219273,-0.562876610106929,2.82843103138144
0.824394091903542,-1.24465012517067,-0.533079332719099,0.589213611407002,2.13858929890685,1.14581491022553,1.17784800691738,-1.17472209938899,0.629368768431565,-3.00295829084703
-1.2422582758984,0.377381189553923,-0.0153109250258647,-0.619013972505771,-0.750539756524312,-1.79436353777933,1.44606784403537,0.592596140652544,0.80676957452907,0.0903516620127478
-0.979058011925985,-1.08675620458561,-0.826328935152143,-0.942996472240026,-0.244664335543852,1.14113193035065,0.567812173662727,-0.666426644652368,-0.631928025930251,1.6936483860692
1.18678883618413,-0.283153755496148,0.300329251896769,0.658209106060303,-2.13272336835372,-1.48921075242375,-0.0886862476481754,-1.0945494256358,-0.174670051468563,-0.876731516648621
0.587585258582912,-1.10068042082117,1.09752541390206,0.394726449828536,-0.51471108699328,-0.290710362169036,0.698792006040379,-0.91485744901641,-2.098396978626,-2.16702956112721
0.79224378936162,0.448954490274558,1.1798069021403,0.379975585901887,0.391635528383201,-1.9960438006553,1.03696802523091,0.63953469770999,1.10989456919781,-0.0974249140555393
-1.00273789499421,1.08519845964147,0.863233515766846,0.482243899965156,0.429584961668235,0.0882759276573702,1.11611896507373,2.60215461388655,1.04018473322915,1.53811242261791
-0.0618608997338335,0.395175842420243,-1.38329581284012,1.58335879016553,-0.621773071845887,-1.91243831899911,1.5959613570225,-0.996314342656539,-0.897347082710909,0.0106245545278961
-0.0325345723854877,1.14735700265259,1.52734166466034,-0.729313812208095,0.484612131210901,-1.08529832358663,-1.69885995365778,-0.654195672977501,-0.117868259270055,1.34278682915119
-0.185793441581323,2.82211581166265,-0.188708244170251,1.21525408508093,1.14568517188371,-0.735531645653057,0.549818398811696,-0.390528517116926,-0.312285604933891,-0.255333844809929
-0.283258111909132,-1.97808978256869,-0.424066760276263,-1.72139681883833,-0.415347937839239,1.94782594892618,-0.679127536345109,-0.728836599985476,-3.11832306661006,-1.01710449192839
-1.72840899531021,1.19122452648676,-0.365849216317218,-0.275068655894614,-1.01339765184631,-0.197731511864632,-0.866108540511001,-2.79436982702043,0.168857325095834,1.53263810814382
-0.447382057610183,-0.0248913503593163,0.721229594615077,0.890332809305487,0.874244122024907,-1.36379344503011,0.837763727282334,0.464655265328652,1.57037790410509,1.51815136901677
0.405618237931731,-0.306445500866329,0.802644312203048,0.535981945424581,0.275121248975452,-2.60864344632595,1.16446230242598,0.023808919838492,-1.07654503458208,-1.55849588277635
1.38059741600599,0.186897052861299,0.256493015638614,-0.519909118574754,1.58982296947809,0.477399234283156,-0.219649226392917,-0.483679119052372,-0.814571008965676,-1.87793998598067
-0.572659390866523,0.184154602053299,-0.270866253311045,0.834357455385436,-0.220912663606222,-1.7216582917305,-0.741324270780709,0.312903624874738,1.68023631557512,0.721133655312308
-1.37382307919878,1.19658121643305,-1.16306919912469,-1.43842518333355,-0.0603469512769628,-0.538095709760231,-2.52296375512641,0.224576323689294,0.883964667642776,2.76174317643204
0.412351645955185,0.946862450911116,0.675749748687888,-1.00682018968182,0.0654368394830304,0.80398752663767,2.14374590274782,2.17635618992851,1.59745409478723,-1.39944615793788
-0.323376249548721,-0.701529173976326,-0.268900979959891,1.64147257365416,0.970151722687043,-1.40485775149169,0.253049605096244,0.357428576232617,0.787177999608278,0.928821729338885
-0.12674848104804,-1.51049576722262,0.802082557340146,-0.822684980930246,-0.731680923378746,1.58235428306613,-0.433057790669488,1.02566664192781,0.455340507492037,-2.16627403751135
-0.402212810849568,1.00187401648199,1.08321486509485,-0.844710064170444,0.4907899605344,-0.647175373097132,-0.145056760878825,-1.17688407213388,-0.248821799956018,0.452683204072841
1.84923621515592,-0.548544129872217,0.57083002408058,-0.292663798087505,-1.17254833327869,-1.2146975995333,2.15203463789865,-0.783697885378397,-0.30587149795273,-2.43627473490589
-0.451892487575737,-0.413530395679957,-3.20215743711327,0.626147509640558,-1.13134857226851,3.06905924976886,-1.62539958300181,0.572263078530964,1.45241435909849,1.51075725816108
0.176512264552289,-0.122140678783362,-0.598675374711599,-0.459735449561329,1.39119254189556,-0.133154408880129,0.155051552609273,-0.345061620703096,0.747644181462054,0.142155806121922
0.379438361724957,3.00748965527799,-0.64617182792354,-0.196440597405978,1.04275383199843,-1.39199793702121,1.39344146939634,-2.00012481732451,-1.72331133532376,1.61042869572483
-0.369995743415854,-0.0491421644366995,-1.91992703505131,-0.0247302670952913,0.69487780603387,2.90069673441069,-0.615895061767764,-0.312867603259708,-1.50810259717432,1.24049786947761
-1.28953063631282,-0.39591637608903,1.30530277987692,0.944277722067811,0.841819320911539,-0.737288130045444,-2.05926511361839,-0.0422224981019496,-0.56846449202849,0.38935524780955
-0.030548731425375,-0.742896817217495,0.893319332755004,-1.4415827319788,1.64185121449276,1.78246906490777,2.3130911847803,-1.52913971749501,0.134054756925373,-1.36839253276234
0.121431833669945,-0.881811700738463,0.0677633763557642,-0.0541550298686243,0.923912911744679,-0.153919924546174,0.555371388251289,-0.754864143334301,-2.42661484572406,0.341445628535798
-0.704387397627994,1.14693196497782,-2.36881911741722,-2.08470823941083,-1.14106887868136,2.62042951978437,-1.01825967020909,-1.01819936176572,-0.319346418796272,2.79642852004866
-0.212633286033923,0.306093437682694,-0.338119451484911,1.36738969044765,-0.493267734975687,-1.58023468543048,0.748571556674817,-0.24502514377809,-0.511794328714731,1.00963824445237
-0.404775875315271,-1.58906870491679,1.53802477206085,-2.19061929609025,0.478003762368244,1.85336961287933,-0.743872323750949,1.8752973911379,2.21438998531622,-0.454110575672265
0.596546814666544,-0.360349438566886,0.489291747700287,-0.454442044519908,0.32156899023274,-0.257979892961593,0.926039610350408,-0.101179955122373,0.440975841908383,-0.129978899957578
-0.451476900230111,1.67623026745756,-1.39778606779113,1.01185301008388,0.57619065748651,0.797373311763747,-0.944392394094467,0.589866203132591,-0.632582880477058,0.837839797752135
-0.986263911767498,-0.288260101988147,-0.959142903724644,-0.223823698611067,-0.639963359926673,1.91520353250848,0.156165444421346,-0.453040997580763,-0.555541885520604,1.89864700205902
0.662549784064956,0.0466916456495021,0.362171332735891,3.3000491428463,-0.319404362486882,-2.55173592268362,-0.0889289549173494,0.998050229584352,1.30327955895887,-1.61437534482217
0.66330772636487,0.435607365610677,0.863788347818832,-0.65194799736547,1.15622820829646,0.257605242601825,0.486843878473404,0.342061283377641,0.220569806017801,0.841108465889667
1.1970432490614,-0.862434405684033,1.75799313061661,1.28123014223986,1.12305013053083,-2.33393581138733,1.70011869026085,1.22802952463023,0.589290411213225,-0.804851645794622
-1.77231686484998,0.0185602997828939,-1.22243791855438,0.507291311710807,1.9848210639013,-0.964436374673675,-1.18178313322531,-2.3864322937812,-0.593899574784836,2.72644771588732
-0.397231536992286,0.57419461168724,-1.79664058798312,-1.67117208393777,0.33027690089908,2.35723210157946,-0.792086070015283,0.864581928564627,0.129424625798649,0.221588315890197
0.171629878705194,0.142542793987945,0.781714712266499,0.395157642280063,-0.846786282531436,-0.911690362634639,-1.09430232381162,1.07696708442537,1.09342558477688,1.25900928866334
0.965555726591897,-0.226303698793708,0.0598852928713744,1.04411179141162,-0.182338392997825,-0.577987773038367,0.378680517296479,0.182337726438473,1.02819765920032,-0.122728558601578
-1.22495347082824,0.196022092581622,-1.37231292855691,-1.10512227774434,-0.561050220823995,2.78300885457844,-0.88421631980026,-0.0933289079142703,1.37973767455502,0.105536930164703
0.795454985086366,1.22476473987912,1.45113999060773,0.6716343416174,-0.5629647429109,-0.634688164103653,-1.04573270197096,0.995539472373703,0.542292474946534,-2.00112723129989
-0.0614718168476314,-0.502671629803133,0.506282530044395,1.93203944295785,-0.211050911694868,-1.65633531113903,2.02617759942512,1.36381177769893,1.37059406151048,-0.423070899575408
-0.56824957604217,-0.882746750919314,-0.591992910691905,-1.60042553961581,-1.15766804358958,2.02194252301236,-1.58447068185324,0.330136587978728,-0.626780336124307,2.32384457783524
0.221431063770725,0.687151091976473,0.666919609594804,-0.595665567553501,0.553011637755426,0.275933457630782,-1.41101315008335,-0.221839565340157,-0.364596423700417,2.82772843062199
0.554059265940798,0.35643241630164,1.1553759893148,-0.548520758204736,0.315525239558974,0.49977617219184,-0.115940294995625,0.0796809229613015,0.389252531403696,-1.20616883601659
0.433930060643028,0.661268578052641,0.128135987241449,-0.311464850263813,0.0258265220055068,0.104719577745613,1.75490162908412,-1.70381058120813,-3.05373263100285,-0.724090558204053
0.876857779309721,-2.09644899750432,-1.17828830228035,-0.959363597286015,0.358892230464191,1.42616111010099,-1.65471117763374,-0.995703356517597,-0.144452099829881,-3.19893125220906
0.985915599042183,-0.759261527440204,1.44649161452574,-0.774312445643267,-1.07724490893985,-1.40138519949065,-0.273884276665901,1.57005576863255,0.279668238873278,0.279225999846253
1.17905489917127,-0.440753365855727,-1.58699834504882,-0.353623423653018,1.83510405640776,1.82079422801701,0.308179801949672,1.04899703474421,1.35235738598506,1.17902390077561
0.055280970399638,-0.934105744443246,-1.40582312640617,1.21341744472225,0.0126649195024107,-1.80872474602221,1.34275442208691,-0.0120863850134411,1.571420051263,-1.21159115310201
0.581925369506443,-0.830823920598903,0.975456926221125,1.61637633081661,-0.0730400632065602,-2.76992797159771,0.258032491995189,2.74194123837478,1.89527511999034,-2.61806285787245
0.987668482143896,1.22690258166672,0.791824446414573,1.08467635245467,0.480817883866019,-3.00044723904612,-0.859396732503547,2.40424876622527,3.39036906302136,0.522480413293222
-0.744361456472388,-0.378957907744493,0.331618773807138,0.510271447403063,0.988971286706143,-1.35293613304401,0.586593056942697,-0.235517431071331,0.755895388952834,-0.517231875561045
0.395284676080422,0.486279602418017,0.933340695325119,1.07729746333227,-0.508280144566986,-0.708485203094784,0.29417511275322,-0.641810681660546,1.41349807587804,-2.46027474528993
-0.0942783825630047,0.1388456499478,1.36445837302524,1.23359108718275,1.19853934477353,-2.51599942764347,0.94498897498559,-0.454437387999448,-0.248166660669824,-2.62779708344597
-0.711260016140306,-0.586956739150498,0.753127099923742,-1.24801761112958,0.543299868617876,-1.23062246697053,0.919599560378697,1.86150703612689,2.73206160863837,-0.165393561998963
-0.892013781656726,0.934319365405948,-2.1840827433234,-0.314609890949057,0.543280106345498,1.57019315444926,0.579642034737961,0.691335398046422,0.0682811994418715,3.49517698815952
-1.16672116665387,-0.254271496829983,-1.61171665818511,-0.271213120497178,-0.540444406105068,0.901878704304518,-0.589871449838807,1.59795739346468,0.427507185298662,2.34025036812906
-0.699514333407024,-0.966886355224119,-1.51906201348055,0.487250618098887,-1.95571269284706,0.744072791679498,1.24028458434631,-1.49327508947675,-0.0927073448614866,0.318077262882533
0.795200856275968,-0.0189455665339517,0.711147596541341,-0.242559274512783,-1.01743141213742,-1.17217412840623,-0.338767128981646,-0.0687301866215624,-0.660870991716835,-1.75083720780718
-0.696847950114029,0.393479873094034,0.287808764227887,0.00693669305337841,0.824592324989822,-2.49597405096632,-2.18039769502129,0.361425500848801,0.255798479389437,-1.01575998072216
0.0162301891820555,2.01739668327369,-0.0676691526047787,0.693209791048289,0.359561007417167,-0.237729573150916,-0.251526040534383,0.6279298797717,-0.791574183499348,-0.923040219360865
-0.99576932284712,1.16799619314406,-0.390381262126703,-0.303685622247292,1.0630502972675,2.04335184273418,2.45367271970353,0.0704177405288884,-0.900281266986373,0.72808983566598
-1.26646982080922,-1.66024569322237,-0.213280862770518,-1.06671931688633,-1.74959011432809,1.58924064604163,1.42927982577196,-2.02998320739384,0.0262614879608913,-0.0739435748434499
0.112247354338597,-1.31630123477001,0.694380966880931,1.38487792451524,-1.44556872585566,-3.12370433897325,1.16069625744255,-0.195955572343816,1.30143725791902,-3.17666825068075
-0.835880620821092,-1.69253575640676,-1.75234949621579,1.38406906665718,-0.509271746865434,0.858952856207851,0.876050923317469,-0.482502945240771,-1.95973660061402,1.38364176707057
-0.318604435621705,1.21935429741338,-0.396182808967592,0.126959047083935,-2.04573592585727,1.09688890329785,-0.068141007006577,-0.810782940610603,0.485784215381464,1.12328130335744
-1.43115346157018,-0.988226101148134,-0.652549446647656,0.875259052101249,-0.663708615246,-0.567473403556438,-0.171710368530692,-0.484276466013501,0.431606135651055,-0.196648123839996
1.37262309622029,1.42202655945243,0.78349624458455,-0.741606698350086,0.436256760023554,0.0128726935211644,-1.45622237272926,0.450086125031457,-0.422226714563929,-1.70788203456692
0.551870159638014,-2.50201265181157,0.279088321963895,1.8850737273231,0.625465146004831,-1.86590866643045,1.10729045680214,-0.92217975992841,0.994834599372949,-2.89463414804753
-0.43607261006206,-1.07978978168158,-0.819550653117019,0.370823159305739,0.194112456622393,0.600840293052581,-0.893114882621055,-0.119423783887147,0.656270462065941,0.055047901159167
2.00431526895465,1.73123322912435,2.22068653846228,-0.393391795345276,0.0904473641761942,-2.16959273149514,1.01639021083216,0.374346986569875,0.180464002155734,-3.70228797394071
-0.773857728918096,1.23673726356664,-0.416805279701093,0.605905088366405,-0.522304354815776,0.0953120531509552,2.4189843425164,-0.810502199616809,-0.769024801518969,1.5636211677661
-0.723007749925925,1.09368659665538,-0.617250595283928,0.89349319301324,1.77710573185743,0.43040849020784,-2.00939574189205,0.62936607579526,-0.455843847677195,-0.61798946213221
0.263415855404153,-0.823488068660803,-0.0533957480286665,1.01220102826064,2.05643710448978,-0.95779212568458,-1.56449239771927,-0.758499134421355,-0.566175953560106,-0.762153141792684
0.439287590792467,1.32513698708273,0.57573480168393,-0.905191992744161,-0.213448533970685,-1.38358257832495,0.140393517351418,0.987588095439568,-0.823424437501365,-0.567602201041366
0.248240124468946,-1.65058352636493,0.0489413603417814,-0.542262619981167,-1.2774892903836,1.59546632047235,-1.68489029919521,-1.13086304087549,0.281228263537381,0.0602779042604659
-1.8354086810041,0.285139258548164,-0.40424424146515,0.0258410257356659,-0.308212413409354,-2.10096561044548,-0.910121857856572,-1.23292430305249,-0.401357423921011,0.933178711772797
-0.673341718473826,0.546995752320837,-0.640458370701429,-0.600292778402839,-0.678116248629786,1.16066523234566,-0.599686196929215,-1.96369734876598,-0.665864519181189,2.04900326642657
0.202255210721223,0.945177734189766,0.873378775005119,-0.649384891509676,-1.21967743017603,1.38945402667704,1.86892985100368,0.869756695921873,1.5279558402282,-0.805608061696142
0.528935605679277,-2.00984015105528,0.565429309448773,-2.53211947646902,0.0691442348125087,1.4914922657124,-0.47908256454248,0.695439501472517,0.36637257302966,-1.31097443091891
1.15949735711789,-1.90316440635067,-0.749819008064848,0.178672241699065,-0.276724839994847,0.642721897656851,-0.718593157833075,0.807565377402102,-0.367902396368389,-1.96859450537883
0.851628140589122,-0.563159392260245,1.45099377093157,1.2665974864345,-1.13740782180102,-1.25226262584376,1.04916527140721,1.05636802769393,0.0442030179206511,-1.35768764850316
-0.835519527942852,-1.09033918905661,0.135568250342419,1.04082351846083,-0.391382854056403,-1.84014351019243,-0.195514446311113,-0.0291783022654259,0.0806092519828579,-0.349436439752571
-0.0209873479628289,0.832385194309374,1.02178096845109,0.465724532250278,0.0675179301783747,-1.07210726514773,-2.30970497326388,-0.244840209278874,1.48673144981507,0.913872291945841
1.61098003599812,1.73655108417894,0.917671761389339,0.235456763023929,1.69715028718038,-1.27454354441427,0.25047076641868,-0.543579912620172,-1.12961572787504,0.534280671332816
1.05585683065766,-0.122202863967114,0.197807040209981,0.497665234691589,0.212120366536753,-0.727376234329086,1.06947962174718,-1.46484746414341,-2.16330207522113,-0.550640251383164
-1.32344573963406,0.363012147381036,-1.37376020287039,-0.90076846710558,-0.356394680415941,1.18534038790535,0.248279681034154,-0.899642279136498,-0.282501299408827,2.42507235742605
-0.160708313605079,1.10016867423087,-1.38408603661386,-0.710401111500297,1.12393041211149,2.44108376709669,0.129493890461092,1.01415701401554,-0.293514460427805,1.51283254489706
0.440229276663758,-0.724897638285349,-0.363336628265012,-0.404883373894992,0.0171809468587673,1.00952443184533,1.64565703312628,0.568199245381348,0.287443500062191,1.40458697771638
-0.346120303769891,-1.59938977696646,-1.15303402079575,0.223174054695507,-0.059742908446688,0.914123811242524,-0.0541130989260141,-0.168242300486512,0.224983941634481,-1.4011954153246
1.19617849303286,0.809317632358029,0.447303952966486,-0.221550800485647,1.75729229174317,-1.98861556545401,-1.02696559175385,1.69044017984142,0.997785260093442,-0.125671468880508
0.398220989433664,0.554739872491286,0.903429060671985,-0.0424501572659754,0.763419139166388,-1.32751817383741,-0.495256684876161,0.467068190218458,0.682628669535375,-1.59584195282128
-1.05587897537526,-1.18135334478575,-1.19171835593947,1.4959143048319,0.0471787216411906,-0.759285973492996,-1.56260236821455,-0.812460155938443,-1.09430926376028,-0.802770518083421
-0.56923325082383,-1.6899064630099,1.71228157245023,-0.47126057892954,0.250119376370444,-2.17446594617864,-0.0131631504717049,-1.05404840025908,0.389969104820975,-1.64274221242166
0.770126281026863,-0.378186446025621,0.115393850211309,-0.860543304826322,-0.107387545505826,1.31587744927725,-0.123842807017587,-0.108792922509104,-0.607024514074163,-0.968632831183947
0.272762279433753,2.45345543623612,-0.655961324254903,0.909083701803386,0.814273576545144,0.647636297878731,0.307555195020457,0.52447485519829,-0.419176684106653,3.78043325696733
0.886709301188258,-0.106160570127654,0.944940948316582,0.370682764860305,-0.338711942755564,-0.688098828683913,0.0722012906684621,-1.15160016831826,-1.55915936031197,-1.56584203686625
-0.270271783876218,0.127541022236723,-0.196488422366575,0.299266529119009,0.349003827731308,0.283650270685686,0.610684203614157,-0.244861088091438,-1.39139294545791,-0.422620348670536
0.0193733820737671,0.748212844815411,-0.526213295308567,-0.254511981611529,2.56196544121633,-0.514886153381837,0.69952072538996,-0.0677406533728387,-0.0711299015959636,-0.215925426478969
0.189901928885264,1.09838708145315,0.918313267255997,0.247317095224263,0.628935682616179,-2.44612569225137,-1.78194698527214,0.457866965519653,1.31619271571315,0.355434106687241
0.538064493477978,0.248952604351123,1.7425545412344,-0.292843863231397,2.42034818678874,-0.14798127826323,0.44331994150429,-0.939843745909473,0.467100798177157,0.821806874101275
-0.146156080525175,-0.0968276967450457,-0.631655812815319,0.306413250569989,0.79659474748656,1.0018490772258,0.617890679612518,-0.817541269465727,-1.42722100903661,-0.722938810002963
0.41655687647997,0.537966477930126,-1.01817275818049,1.37263939977549,-0.987958021230656,0.565674951891199,1.2005539558933,-1.21882331545132,-0.75705326341137,3.32619040795618
-0.63924512220815,1.27091458910039,-1.45897116306892,0.385757609416262,-0.54691754671184,0.797359575014579,-0.568840966811144,0.731179744245699,0.242042620571759,1.35879361855161
0.767556532236235,-0.635855415407009,0.830512388360257,-1.04960849804543,1.0650129214732,0.816180277202128,0.131697600926179,1.16107934989303,0.738845095794433,-1.19665360556094
-0.630367096916807,-0.85198466918763,-0.0883393754182497,-1.41431836473797,0.276977403412643,-0.257698261388543,0.738041734575283,-0.695620846817725,-0.576533134008522,-0.504776100547203
-2.08902435699379,-0.141973277899774,-2.72385413216074,0.330274361352677,1.64343295453875,3.04251860324712,0.991051352689057,1.19283342131545,-0.459792496499263,3.01571525093758
0.203475476762137,-0.876077911035289,1.19607856131658,0.544540547451949,-0.365997152270378,-2.83186428495342,-0.412842112921214,0.628309835959314,0.0384288239109986,1.09445450708542
0.80286197502525,0.499862104700003,-1.27437020644416,-0.343559044987662,1.3328097509621,2.1537703594687,0.865022038507587,0.53553714171557,-0.160234356518936,-0.0845617384838941
-0.810497940657731,-0.957302161556874,-0.174950628598553,0.525923057221501,-0.016039216662773,-0.647698648889771,-0.00878582219125281,0.08663085503492,-0.672711447233097,0.552301695845706
-0.493299937601896,-0.665111569162884,1.57153110677359,0.926639485217487,-0.07711066050167,-4.72951680770438,0.289504361326415,1.5027135489048,0.566392640123029,-0.0533742369585556
-0.438708458534024,-1.26626745297911,0.259603431067063,1.53254719971327,1.30596775930775,-1.32012275291674,-0.234862686969159,2.18360358953915,2.73945707234957,-1.09210116578868
-0.618790970111205,0.553940764611786,0.472389713774131,0.506477328449935,-0.440587066371236,-1.21079243475318,0.850890331481886,-1.01270843205585,-0.107593400706945,-0.870606395178384
0.157566648518378,-0.354153774239111,-1.14902025411331,0.654155401217741,-1.50631518376513,-0.0478916853127127,0.73324191176731,-0.00694939764528957,-1.52298793828737,-1.02913466440528
-1.41468513759402,0.340087791282872,-0.378805776899368,0.0345533931902045,0.617822127817272,2.53326634567061,0.915159948545146,-1.50440867361641,-1.30307717956365,1.63614520676855
-0.691964773068266,-2.08074295886487,-0.54142859341282,-0.177140833729969,1.05622560078202,1.10294640795811,-0.0478875405018423,-1.07898502739042,-1.00406048330346,0.377016312606456
-0.720384617941797,0.715285101995759,-1.54384454993556,-0.0896073261945494,-1.82563121009905,2.92655868651776,0.279617046826084,-0.53079842300541,-1.25956799891968,1.88170414245694
-0.544881156093369,0.461827593975823,-1.14444906489472,-0.487957264321332,-0.158354202079723,2.11572001691718,0.597174162609929,0.822017254944504,1.1451220201467,3.20643804301271
1.35225168947271,0.217768276678793,0.665304687433236,0.921602735992207,-0.338231702253918,1.23332976776185,-0.0432373512742056,0.329199257195048,0.297319051763051,-1.74626016137776
0.931660690824633,0.461139772647181,0.104384724175905,-0.0521873895441444,0.663832656035925,-0.953591500277638,-1.04404868669562,0.93164868778686,2.57752287606303,-0.0891493243753776
-0.715823892810401,-0.467017250880641,0.779685523426273,0.533706922208436,0.402306734909939,-2.38496770506468,2.94224427937877,1.08125074214557,0.0738321912080914,-0.268431607972492
0.848909881245781,0.632690597300297,0.603090525929777,-0.31294155635945,1.35920132453649,1.02347991943985,0.96009494730504,-0.976935685107802,0.539369824429293,-1.71265192867633
0.0596414424956793,0.419971217956285,-1.82014632365923,0.452667375523665,-0.215844738651312,0.659246298214114,-0.466623900360727,-0.398190596935835,1.47671254881921,0.298120104532361
-0.280423760586598,0.7209292629921,0.505174567896994,0.455615328850306,0.149894841178199,-0.301571152439617,-0.545331045433536,-0.319244340764324,0.440683018082794,0.642155527215353
-1.68282281287711,-0.60452975480956,0.501244106540118,-1.38638084814186,-1.28396018562897,0.178613108014131,-1.7391487521399,-0.256270076558073,0.614559310033116,0.381776215556159
0.934453945342969,-0.975845329286431,-1.54069360647633,1.14818013112672,0.516057806454158,-0.730477782219388,-0.785923615744827,-0.0746540039087045,1.86096360822998,-0.900603204148019
0.450378476529303,0.526046158010612,0.581216241207758,-0.410654154134092,-0.0672069393172201,2.34703249045609,-0.796838437564952,-0.0505363503000732,1.34779494459678,-0.605047160466378
-1.11315653796153,1.72313670591027,0.0887125456054132,0.978169348917581,-0.860413690811723,-4.57865031144464,-1.47847667377831,-0.469721251635571,-0.997277855672407,1.79828566935243
-1.31940136668992,0.778028890446169,0.176431114634238,-0.675044116369949,-0.0997005306907933,0.653655695686947,-1.69212983012839,0.36700568598068,-1.59383530613921,0.569812024806137
-1.16872878713244,0.919384852698771,-1.74858251301106,-0.0833953356135354,-1.35771491679649,1.19251843287377,-0.695035960173995,0.576857548313846,-0.262572505672463,2.42854753991012
-2.240617519159,-1.01027978654109,-0.641099214263114,-0.0659008845061363,0.125240978328692,-1.01928712013857,1.31716944591614,0.124635832669664,-0.170085320086781,1.28639816440536
-0.907592092166392,0.633271346743676,-0.0640542165946602,-0.458572171248074,-1.36784323319298,1.61827164986557,0.787720500605821,1.1413201881275,0.772197169982007,1.96012124950608
1.31563822525776,-1.09936650692599,0.581313794139006,-0.477101706469121,0.280709797337205,0.0404596920462117,3.18983947987293,1.51276587844561,1.02137503533062,-0.868648261768453
-1.18237791071541,0.695144478338395,0.346565024240618,0.615871586706859,-0.558592197878945,-0.270319936117073,-0.699578652766034,-1.13160010431993,-1.084321062875,0.957998529183624
-0.151189161151953,-0.526763244481934,1.35753335467713,-0.386235565166722,-0.104540677072571,-1.88212758272383,0.563916430389555,-1.18910457166767,0.475018141153114,-4.57612687374416
0.142962029707955,-0.80366968093652,-0.652870396982263,-3.44733583091132,-1.67337265995757,4.77929437754493,0.499009844873658,-1.43280273644283,0.058032179564667,2.52520207497313
-0.635842729507757,-0.126090411608393,-1.17578964710632,-0.785928402258151,1.28744132410648,0.114280849362637,-1.04396890261733,0.799596667326408,-1.5925591506368,1.9531335216901
-0.591920666565993,-0.84293505468436,0.979838006275147,-0.214664891315579,0.0592495199314975,0.828139787571077,-0.878955831609192,0.215842930390858,0.653106088778752,1.72686007439269
0.217660039115693,0.648325288972036,0.89107196118603,0.206182976182697,-0.491412883104803,0.381322980872249,-0.344978089116478,0.652108109141514,1.35150273119289,-0.84434393087553
0.814112988670876,0.287567155720317,0.25890247349698,0.849513619082265,0.38788693990932,0.498497659662234,-1.1368062225128,0.703548311210041,2.92899016835542,0.884669943064406
-0.12045566123756,1.3045246453157,-1.7990931659966,0.0243763980599773,1.69753287282209,2.99233516887131,2.03634394989974,-0.476469141632132,-0.238841220555524,2.62176742845118
-1.6158139919065,-1.04492115015116,0.283601666857193,-0.648544832614308,0.915788748570748,-0.951583028496131,-1.21486846779079,-0.846999299418813,0.833962677451287,2.56041479377383
0.622485597647302,-0.714033199763179,-0.0486276785030598,0.195845972682847,0.117344545737268,0.384089309073922,-1.16244782784983,-0.676873786951142,-2.02638789523105,-0.036193042268712
1.52131301213891,0.821696010993677,1.26531733220644,-1.16232928943979,0.0161695209552898,-0.803074828972357,-2.01303885536966,-1.32197999917188,-0.301482520629862,-0.654357532900643
1.85168112013154,0.12748558733133,2.0027848237492,-1.03898096318636,0.425222099435267,1.1623336349083,-0.741942212035321,-0.212498221531709,-0.292047825503598,-3.30500977757064
0.121909164448872,0.161909098373355,0.987305281631772,-0.618433515445933,1.89102515730376,-0.0476426851566747,-0.597113113895263,-0.947870133086391,-0.377070298246765,0.927461557136802
0.0726424964841659,0.0636391490999805,1.39590756822336,0.578489663016007,-0.801518285353131,-1.5318451627272,-0.264339132445711,-1.34545499691087,-1.77899590390063,1.10176370558647
1.62364579118161,1.07915668947583,1.28804175536435,-0.680666025289055,-0.470311116251575,0.453807479080913,-0.324524503678841,1.19226011951347,0.0483951789141058,0.722813649452088
-0.670485918780517,0.876389700140635,-0.0934943608665522,0.106406537380779,-0.223682104745146,-0.668693006463796,0.125956934512608,-0.214377479720975,1.76719690014214,0.549358852139616
0.509938618508621,-0.124666421448254,-0.00113421454366862,-0.619272608693603,0.149919955034173,0.712560875424907,0.605252207037063,-0.183191533562062,-0.569415495170606,-0.192934325134334
-0.119589317634702,0.781392334782018,-0.123612562909038,1.03538914196505,-0.308120844758194,-0.260329738806496,-0.0114188600581302,1.04770465423836,-0.367710267006305,2.07588844665147
0.806860555999376,-1.20683657326355,0.353189653232503,0.43954661373476,-1.38658947154235,1.5723272638708,-0.758005848300939,-0.465124289528394,0.124727178096372,-0.868248066530233
-1.29424420309837,-0.530228572466777,0.640562225850939,0.641873510645969,0.632652363516443,-0.758554613638269,-0.300540640828631,0.0119186407770627,0.142332726863097,2.57966716022749
-0.267151113831926,1.12998246064301,-0.119544635697884,-0.507844276509763,-0.581253345865515,-1.30698345632918,1.76052287835375,2.88474420082211,0.321074383308605,0.741293845385635
-0.0100908448744684,0.870799315477009,0.396653061590585,-0.762216903375148,-0.653384800730081,-0.303013751211917,-0.158221498116862,0.746446428975563,0.000383881742931136,0.336579206721375
0.255077409043782,2.25944057663719,-0.388899129091579,-0.875605990420428,-1.42200448834164,2.3083423156242,0.0657840708492537,-1.44274834314514,-3.15635544769385,1.83363401268341
0.303529997822962,0.0790410435892094,0.822394983516949,-1.70143279946326,-0.553251360878698,-0.465750797522616,2.2130502902074,-0.278468732430114,0.707523564230836,-0.88150056351524
0.730013185124987,0.0174205286949574,-1.14296334892727,0.477092972193388,0.0889543429764188,-0.666888300668019,-0.462763117966379,0.551386575209,0.00865991969838531,0.825161339076874
-1.5358208985841,0.585371366501534,0.0212188400165632,-0.356320907553517,1.6155482470091,0.0693054974127014,-1.5533666252817,0.484956564413755,-0.803015687464983,0.120246435469393
-0.355763379383722,-0.0394881023796156,-0.945075497638396,-0.134128953225154,0.491405355537602,1.10348874486423,0.665684701404084,0.985546287851339,1.05417004530226,0.856932717183742
-0.3221994075985,1.88849113812463,0.498232641296001,2.85143096584301,0.8907437088659,-3.46011575547063,0.0284603187310675,0.682270916633765,0.933270257697834,0.33466768693123
0.655558652951753,-0.836607116078044,-0.934903993225978,-0.308690219746097,0.51124160145827,2.15760150919346,0.547728483767342,0.712020944981667,0.67529675254302,0.838528743602503
0.226482216258413,0.03977351969081,-0.0721578214263006,-1.03053580256435,0.746189145692132,0.365294739103803,0.258345847960417,0.292659837053973,0.13656453118867,-1.58925471053198
-0.20889650135208,0.317996684230017,-0.379772476850683,-2.39589480057376,-0.614493739683626,2.37185110492854,0.817174892628087,0.381067689038267,1.2008289710065,1.93413184028383
0.641754054710274,1.23444302162448,-0.558871620931899,0.598212252722671,0.552513211240287,0.190497797784949,-0.411210011014022,-0.620787580156414,-0.696209572781079,0.846965524773714
-0.109658536416754,0.312401081131816,-0.735112479590406,0.173593499108964,0.0117473176577284,-0.178876143788933,-0.315710905625636,1.97641888091644,1.96650929473776,1.2375383364844
-0.638113484054018,-0.618917945241707,-1.27261774562979,0.351164139315898,-0.677219858898855,2.03964194312311,-0.109773810962926,-0.507777251778634,0.0445391292755394,-0.504804836093021
0.4268363920019,0.715983511526412,0.846191879377169,-1.33799755993632,0.878909910337148,0.59081480713853,-0.121403362281601,-0.220734225261894,-1.37058503426573,-0.444806425343591
1.26270463818879,1.8424207267926,2.15293901447293,-0.683771443927601,-1.71346894872734,-2.30906179506323,-0.504774936791411,-0.160177444785047,-0.662998060310364,-1.12999796398593
1.22201119233778,1.24881636932818,-0.777702897529416,0.402067180092758,0.558351179659783,1.32112486527653,1.91571435673479,-1.36434207104929,-0.889024068476274,0.555233383410795
1.07766808422304,-1.12081589032081,1.2366964030636,-0.495083902403301,-1.1323627362058,-3.97352244573895,2.99279395142176,-0.659558200338383,-1.19274605833227,-1.57485487171174
-0.774990710988914,-0.952207393899055,-0.328202302588252,-0.434342298417701,1.00945527905039,2.48586935919322,-0.153074202502521,-0.203701443363219,0.279971708358399,0.38751731779888
0.261254545001283,-0.205212329348582,1.02660859449209,-0.653868202553127,-2.2112634477533,-1.97484555507409,-0.575889200982392,0.175223520309039,-1.37026450701383,0.0135039500341105
0.929452587967199,-1.19817361301779,0.179568086256348,-1.18417050884409,0.660326788782094,1.0131049701251,0.272565320892745,-0.50617380289189,0.73955727486941,-1.1015645016768
-0.567086498176491,0.712544224912819,-0.108947781269851,0.515085856919331,-1.20559576653168,-0.170946365155086,2.10217533361111,0.346409961058685,1.29131583372239,0.783329043139687
-0.0176614076286303,0.638434384216526,-1.10112830508279,1.00812109066312,-0.982356769261797,-0.104266617991529,-0.943855374132225,0.0684396662701034,-0.0693302198172632,2.68515948600476
-0.98705988555299,0.411019686889296,0.829093165259991,-1.14329747436244,0.175973680873171,-1.77592381346677,-2.3605951694717,1.814854337229,1.96575870233213,1.08730371857124
1.30640031126388,0.705637840566402,1.46213401753511,-0.671616735721052,0.523682205485679,1.40273543654234,-0.221425720127208,1.15661685027846,1.19930802355244,-0.208711448982497
-0.424282726895228,0.419242440129097,-2.00539374953731,-0.366351284376698,1.88804865054638,0.782889056155715,2.08614762047419,-0.792598262453817,-0.149126638660278,1.01827713186911
0.870783204289355,1.85367894088982,0.0545816622395196,0.245467000554924,1.45714154941666,-0.0780957730092329,0.33500283126358,-1.55376840006391,-1.35012574331283,0.878577615072615
1.24434391575428,2.09681011487222,0.777699339223705,0.772757490684319,1.51053793244341,-1.3677926395597,1.00072930170433,0.605049526849288,1.25565462839136,-1.37135977748211
1.03587509265229,-0.450386483610285,0.408401196785676,0.25208235366988,-0.580326443391069,-0.545731437486148,-0.893695366730228,-1.14947683717824,0.636649414935896,-1.28437534241904
-1.31421436754872,-0.511517551336343,-2.0031751441826,0.760871117359517,1.83085383903257,0.933189642135221,-0.940496911550418,1.72143198162346,2.07095722677695,1.55334826391512
0.388739911345087,0.72341010312199,-0.589987992625701,1.48559198398464,-0.104605650766554,-0.323065360840379,-0.562715397684343,-1.19964247850036,-1.31238022997157,2.87286462778136
0.780448142291823,0.146470389494115,-1.51705763245513,-0.757658892699639,1.50109362069738,1.23052571556023,0.292292652736476,1.88672868325735,1.55194273753835,1.18312499450567
-0.967764661407777,-1.53239985613193,0.818816851922923,-0.136203124920457,1.18836552301378,-1.42152011045297,-0.49100218197638,-2.10286120403986,-1.14120620345175,-2.33691062761581
2.50991798748179,-0.395369732853803,2.00474790475301,-0.467686164081194,0.812740610292124,0.193349946959272,0.106599669862936,-0.0627672995867929,0.436915922167926,-3.10321302720765
-0.13829092999562,1.53184106286391,0.00798962799831275,0.498281244696778,-0.249642780635192,-0.506216137914585,1.57345682754372,0.0746610406549553,1.3410026278376,0.0793527421630303
-0.581774244170532,-0.446059358177974,-0.430832150391219,0.40646699410869,0.453541216929298,-2.25890779223599,-0.361080124839295,0.0765616853592502,1.03416009644117,-2.04260124213466
-0.625047253338006,-1.61765351421712,0.198655141642523,0.854701185323139,-1.60527452378111,0.36829639828968,0.0706463037762473,0.816133976045685,1.41436528625496,-1.65601520815483
0.256069281137351,-0.665069076434541,1.27041284261456,1.0621908710298,-0.234460447273417,-2.52119778251988,-1.45310623056259,-0.083043793885633,0.364849523973191,0.101634340992427
-0.768416887324644,0.240023988747146,1.11416972846198,-0.110159680183473,0.0628455485818736,-1.06412762638326,0.0606344413856252,-0.986839371585461,-1.89898268235805,1.25282313039203
1.03429637137382,0.939298614334712,1.63554066763975,1.19033864952993,-0.299174142053013,-2.69802337248061,-0.242744864040401,-0.725920068440802,1.18485332090965,-1.32120225165528
0.932950800538181,-0.628931975401977,1.3212622906518,0.790925268137423,0.585744807639693,-2.54459213940571,-0.231124450630731,-2.33083355226199,-1.13540836455795,-0.0835293177123519
-1.2035879907659,0.356222217372001,-0.127479451740088,-1.03235567551876,0.469102134895112,0.251218022698107,-0.786276123848014,-0.446502137994226,0.241695357291413,1.4492397870051
-1.53566233408609,-1.18132741801473,-1.43716062190212,-1.41957901818013,1.01728054604695,3.78495816408809,-0.513936765701514,-0.579032059099892,-0.389498843109814,1.28027433372035
1.76786218396236,0.949096084555357,0.801326043480875,-0.404817414682851,-0.412458429734147,-0.271342901808449,-0.536252637443212,-0.8536312038531,-0.976784322951201,-0.228746235117129
-0.609859361386424,0.204818773234589,-1.18861929011702,0.478531319959823,0.399073372198721,-1.03519957142481,-2.21762313565978,-0.128415421936131,1.32854753131311,2.19981249685123
1.42337413562887,-0.572962523489935,-1.00107949268417,0.815213271167192,-1.0035517718381,-0.437307715750854,-0.394344477497316,-1.20075400485712,0.500472794798888,-2.08187898866573
-0.398320772246401,0.51497796791177,-0.411068310020797,1.40473026043941,0.30261499055694,-2.28594996663272,-0.340657624756169,0.569194347342723,1.49159826107654,1.40314970820285
0.815905530692769,-0.311590199099127,1.71324952001759,-0.688616913741029,0.0787369928705963,-0.442760291994364,-0.265483084907553,0.71449838546455,0.93844129273773,-0.660443646816128
0.370256604093405,1.43510202454178,0.00820162132790245,1.59200274687531,-0.173751429450944,-1.37887916565592,0.563377048124187,-0.0284543526368271,0.0581371836440244,-0.106985894190402
0.551069718966675,0.0217184955409225,-0.322417469231111,-0.0812373274022136,-0.585092498740302,1.20428470217847,0.639287705600934,-1.81959950419821,-2.0016162349073,-1.22533928872164
-1.42635068435799,0.814863466810974,-1.73090446686522,-0.245018716510096,0.00613115094362266,1.54165554613148,1.80203460568184,-0.449540769440622,0.0437427977739747,2.75265165822854
1.34190716157795,0.571898326681205,0.330130674730493,-1.63276645528695,-1.28583359308838,2.72200680886593,0.0934191461877693,0.848250917604444,-1.07419735817318,-0.292631587538491
0.288740585025199,0.469467604146297,-0.460150733187537,0.787299021399779,0.110387583965397,0.771100308177153,0.365419913359144,-0.743643695646332,-1.45049890954867,-0.489334819767408
-0.109684664587847,-0.391004179388962,-1.65388971747037,-0.529453267938484,1.11816868798199,0.702352005339793,-0.747539395310013,-1.8648764540562,-0.58941949065313,1.45519229470263
0.610482004582269,0.0171717711668365,-0.398894397614459,-1.02747911730004,-0.197986134781601,2.92333058531218,0.127028209709587,0.357007064055005,-2.25641245310078,0.542333677764626
0.110031222683944,-1.92088426249691,0.567772255725977,0.165648951324844,-0.391449314975084,-0.799454361095499,-1.05317499073535,-1.56998417111244,-2.12806165164974,-0.447215076414326
0.664435347021592,-0.542344042588851,0.122937868375436,-0.912727979707458,1.41644639554885,0.336156184950824,0.145505923551367,-0.163736068920096,-0.118802044837388,-0.215667110707584
0.500317897099439,0.0966858865376003,0.601132698306561,0.47725252700568,0.170953522314294,-0.754868065291164,-0.0560446567332322,-0.294465661635296,1.3071465854755,-1.41252487008767
-0.330832294388562,0.321860941288733,-0.403449193511514,-0.217328659541116,-1.30653759121206,0.256268850142741,-0.920450646295043,0.0882135112853135,1.81985640104068,-0.109769866674179
1.26713331220158,1.98365204466112,1.18628664188499,-1.75526174733925,0.727584061843574,-0.738700755476228,-0.541684249533692,-1.51085247726515,-2.24487474386259,-0.369759303804757
0.522592960864262,-0.887080817011603,0.639029837288866,0.505683240227725,0.483126253753284,-1.5246278723343,0.852597105218068,0.0248643767160188,-0.253792584571265,-3.55164316288529
-0.00165817596017197,1.94825195735329,0.783772442023167,-0.78968036300666,-1.07504468406365,-1.1756323631846,1.12899537429428,-1.11364958835343,-1.50235151429289,0.326129936682414
0.5740745041277,-0.78909802198437,0.881749224437515,1.235179655904,0.0167063427645573,-0.519991889784079,-2.28174428945505,0.791274587502675,-0.871257105048168,-0.72222731417245
-0.456413050698603,0.00153054334577052,0.0658778434969897,0.136467534143661,-1.63574470128753,-1.94013790032075,-1.27485462897223,0.132994430495959,-0.127579947808928,1.58168771059911
-0.842953463107204,-0.346603367223951,-1.1189413961747,2.15847517419621,-0.848309652715558,-1.15127209643632,-0.0109157328186611,-0.644318197351823,-0.952856388537074,0.309056352022191
-0.543760080054668,0.753914707032852,0.283913671051573,1.00211097738923,0.619653690206067,-2.31105876049139,-1.55377481548808,0.283061008436098,2.32281590829782,1.39424993389717
1.92248159348003,-0.953717562641049,1.46104510682745,-1.17318071490771,-0.617526733883083,-1.79213404631295,0.171031290921604,-0.910081706505826,-0.701244702264037,-2.19375645778134
0.992158499484588,-0.889023330615134,0.0587395436294861,-0.359612503635461,-0.867009987409136,-0.574518872742571,-0.341331980125903,0.872364919005259,0.440488971705518,-1.92046452232865
2.05462893894868,-0.0831543369107452,0.498882285763859,-0.590700135293582,-0.119600946667086,-0.4197073486322,-1.23331946024727,-1.4844012482509,-1.73415570449151,-1.05089700057155
-1.28199661394645,-1.38101090363078,0.713139032787037,-2.30137142546838,0.7397774255588,2.36835559797303,0.985872004351819,-0.217885288981971,-0.155409941428909,-2.69313081788359
-1.31484505667294,-2.42357325287807,0.397312680335946,0.387565823488447,0.210020194671024,-0.273374604419878,-0.938374700284933,-1.25536660619355,-2.37259846535542,-0.911406989287671
0.214150847088964,0.119374794526304,0.689740299336104,2.25782598808838,0.13638893731065,-1.57114004437394,1.20284839544635,0.796353000497018,0.56309375230417,-0.455809670481007
1.21422781690243,-1.087171763144,0.929682769259243,0.862769268655556,0.52690677381441,-2.00238506416043,-0.0271543594023371,-1.73284662511156,-2.63242749340714,-1.81915713914966
0.500677948295002,-0.590120380769606,-1.08117485055933,-0.377204627625746,-0.847678615739913,0.185652049130847,-0.179511283688685,-0.537235524103567,-1.84238525491641,1.15809904572304
1.41293553610959,-0.654233299641648,0.116645695081182,-0.271556597931501,0.110371494762146,1.40397874981897,0.532960987274073,0.728744383253223,1.45683509820202,-1.75431337047416
-0.0268044594429297,-1.82693370507215,1.61936597507532,-1.28407894873554,0.392363269550963,-0.915101832200101,1.3695871416786,-0.826217054542424,-0.645454576294788,-2.73306886918528
-0.824076380924604,0.491873218656079,-0.759082313242797,0.954297044998653,0.256432949094017,0.653021507141237,-0.238866453377935,-0.353774347542582,0.772515663425578,2.20398074231792
-0.0916553067134609,-2.23981278712678,-1.65729464959687,1.55117989299756,-0.222517691332069,0.284171673222992,-0.463935148048131,1.25981215896276,-0.104514611904418,0.7913173283497
0.620226078858844,0.213050843702864,1.56646527336667,1.03541811144934,-1.93166449374306,-0.384534539563443,1.15964660746717,-0.314076112485666,0.35869047906154,-1.51335841278279
-0.509255929605565,-0.236957558612914,-1.97172308444194,1.07061322205293,0.903176856988272,-0.463364464179713,-0.765139990317479,-0.3146810652468,-0.984200073402963,2.85215731449485
1.20665999193644,-0.212880927126853,0.214210263011957,0.400228732766761,-0.557773036326416,-1.030811355129,0.428458415599508,0.834008730000845,0.687279077638322,-0.436327052434849
-0.264400790396201,-2.01497513637273,-1.02065877076997,0.441805412503922,-0.365280069080743,0.450557350383701,0.671981091606835,0.67800020490181,-1.16122968833286,-0.555590441975042
-0.0707228854049213,-1.85740772714498,0.33384751183133,-0.238622583962184,-0.745651060754857,-0.0355430874084161,0.183599277801809,2.50195770697511,1.69231629668968,0.140992462566099
-1.62532197999219,2.08571895137857,-0.0878975192825409,-0.254388034007847,-0.223813745459074,0.124860489475804,-0.180000790468289,-0.715822565643151,0.605300504624636,2.82746715271347
1.26287075857453,-1.49261292038072,0.76118357799024,1.578827455802,1.69660280618793,-2.44311366667461,2.70838327027389,-0.815920462332438,-0.296390528468175,-2.32416053124499
-0.0481106162682218,1.4872395689526,-0.0601492409137174,0.011785208630759,-0.0882211434393188,1.62283155372283,1.22691447355015,-0.547712710184527,0.289525604885385,2.05961121924191
0.928770569506389,-1.98168983387481,0.0427271952902134,-1.73882516138538,-1.33825336360658,1.08138076216317,0.544265877676235,0.415609891519367,1.40802383744225,-2.3668678205436
0.31342960173573,-0.0622629055740304,-1.42854457704984,-0.34925577768821,0.721110319512167,1.73943222672802,0.56538108748257,1.72174640964478,0.568410014792081,-1.21656062514517
-1.02888166449388,-0.167567539820851,-1.49254683228796,0.706616101589628,-0.529760925283348,2.40155358535608,-0.11632136516972,-1.12930949158194,-2.00343822923111,1.40096652110909
0.691859777701673,-0.545642014192189,0.748302136116419,-0.283090457678704,-0.493770447749857,0.904635210103734,1.82589351698322,0.275383801751565,-0.0107519539276271,1.26942605431847
0.0581298121476517,-1.19326351798432,2.14111716038102,-1.37710362714428,-0.104698444085639,-0.870200256412627,1.22183610544226,0.554161196917208,0.0943007570763524,-0.368739935366798
-0.527678027492342,1.40496177713388,-0.309683338371975,-0.472632030823954,-0.715016604283485,2.25692429409515,0.893075624522552,-1.11120879327744,-0.475984396654808,1.50551286757035
0.595008641057285,0.0458768573986935,0.0523193444953293,-0.517959234883663,0.202524710535715,1.27391309014525,-0.952081521161264,-1.18364729340607,-0.189658483819922,-1.56873068987005
0.354644431768033,0.292547399602448,-1.1361460564106,-0.00440627263118029,0.988034165937392,1.91347742024582,-0.120991687080518,-1.35693391353244,-0.871018258819245,0.839455523968174
0.83721087901463,3.16892930866869,-0.173584066276463,-0.192882153284588,-0.0694456809367271,0.466730107792576,-0.149525277539046,1.10871553255234,0.919271761585459,1.99633183239433
0.793847949040432,-1.21929711930153,0.606315580015641,-1.42646649612955,0.8146004204555,0.661676759640961,0.0836031881557585,-0.222160804014433,-0.858513400641859,-0.104284659230124
1.16183515975138,0.47253202811263,1.45024610496045,-0.0617270282338249,-1.57329928831489,-0.665733708498777,0.492229728934125,1.67515874937331,-1.05998741859474,-2.82778286723641
-1.027237136608,1.22911210432564,0.18985461591326,0.000298802474246074,0.255135964905193,0.658685070153294,-2.62549972004049,0.852585160829893,0.360172337525116,2.21085333375734
-0.978232686920971,2.01866845395114,-0.459480853913389,0.0779884542496067,-0.669916481327967,3.10387064366797,0.340336876006722,-0.0529312956003443,-0.562964769100678,3.34473407129732
-0.612135043050303,0.963384056421158,-0.57633645271322,0.370166752449005,-0.887208330675678,-0.854418221505708,-0.223462020982056,-0.974935649796435,-3.6797516276204,2.27287733103909
1.26458511784144,1.33391272295529,-0.0450861550505056,0.87700513303794,-1.03504585315298,-2.13956514913012,-0.947398975543605,0.477122476198951,-0.943509602256579,-1.52646023281015
0.622042392404747,0.113329062591076,0.57947368573569,0.339198056559104,0.174086531231734,-0.718104663812104,0.377074276616753,0.0048285173695384,0.223831620717161,-0.325837318520034
-0.563990715102109,-0.374978431982316,-1.02772007525907,-1.16498584510984,-0.198405477112867,1.0098880781531,0.475791403584762,0.551446643721427,1.34074219014576,-0.975694065358318
-0.390611383560084,1.11159128368676,-0.0810282614379818,1.11000896881593,0.571089649134193,-0.763659006824738,2.26158665229338,-2.79877173165758,-0.997768247260504,2.73995630630772
1.38780334409002,-1.37198999849041,1.68489876721727,0.619689019318997,-0.431232618374628,-2.72546479687726,0.206881667734325,0.0546608041378115,2.13137223251731,-2.55579343860083
-1.14689111298253,-0.6260346852617,0.90149760719193,-0.53834233770897,0.191900377422689,0.899077273958371,-0.807636893314049,0.399585042922734,0.471006772726024,-2.13003593558834
0.669130836222497,2.02782070924671,1.3515446763968,2.12036316956656,0.25735133236685,-2.54202824877607,0.368165197301089,0.0477240656269126,1.13850137335369,0.144361548371608
0.260582638631919,0.541500060117984,0.732258373903738,0.48718637770659,0.443805334770102,-1.89748133825198,-0.23251357253916,-1.16976803620373,-1.1396207270177,0.457346334980565
-0.399386632632294,-0.835345940633162,-0.904678733339857,-0.631009027755445,0.561132951547523,0.219199829924409,0.285078617372133,0.333131256709112,-2.6991819866977,0.168857889377816
-1.07100405629224,-0.875469762242098,-2.01415176261528,1.37511864274128,1.19559041119774,-1.06688132450737,0.753370866543484,1.90166466073646,-1.06224281582141,1.18353319387676
0.73224212111108,0.751304821652161,-0.635380002485781,0.842243488804524,-0.330103382892073,0.830093787619162,0.855979587656713,-1.75500339603463,-1.70258440328084,0.595878861193937
0.41611434799456,-1.33045275142826,-0.325326870873902,0.805663350671121,-0.31320047480412,-1.95840754966929,-2.97368301854272,0.914670915437478,2.7157157892267,-0.98722697977722
0.822968576912332,0.921361638865766,0.666156862736999,-0.149080858239037,-0.594348388993667,-0.475246339792874,-0.602785912334437,-0.851034997464508,0.149541569098405,-1.24739134195208
-1.46834467752235,0.741957139521152,0.801495277323951,0.764997708602137,-0.410938268134788,-1.05543482669913,0.124273799774386,-0.11241700233628,-0.132625312471381,1.62409575335289
1.74651777790196,1.70343126265751,0.518292276245466,0.438885311048338,0.398285749292345,-1.6010211825918,0.265019614734984,1.17660104758921,0.449739792512376,-0.481498383328904
-0.5602057671098,0.447293522639154,0.155394953068972,-1.36177636147429,-0.00521270786206709,-0.675338683568396,-2.72909373456063,-0.243913164437424,-1.2823226250674,1.23621339864615
0.245097739447569,-0.468982359143611,0.427924358489989,-2.12345649487544,-0.400233602496783,0.521481757897014,-2.11853621897959,1.97485761488654,1.38748568362373,1.95400881099814
-0.163787504330672,-1.33700119469988,-0.270880278867328,0.253841461434666,-1.26173670378159,-0.180876013404289,-2.61680534201222,0.468602587500533,-0.707117930130586,-2.70778633542449
-1.67775544488645,-1.02583947820593,0.122101862163065,0.800894272711354,0.21636088611988,-0.621075268918656,0.66785731223156,0.0175625014810552,2.28654066450724,-0.635401526906076
-0.273518026475768,0.675661434069437,-0.463201839087788,0.717431163435947,-0.680596274178196,-1.32877130275648,-0.14376950597999,-1.1153890120678,-0.373361630426177,0.526378738852817
-1.80304490343559,-1.83883810161623,-0.165149017942147,1.44225075162481,-0.221613290640493,-0.652531002308621,-1.24017131121781,-1.62324647773193,-0.116926169733449,2.4843686567061
-1.73047004015286,0.849475190028546,-1.70615009755197,1.24985674367683,1.60997360726173,-2.35483664143727,1.86647677228514,0.428474321887446,1.65061842761659,1.65962875016019
0.515373136591497,2.52754584317319,0.865034858732167,1.23804013695176,-1.74156472357758,-2.89558634626391,-0.0523385028207532,1.11295046648214,0.50660281737779,1.57533106801604
1.0938138919668,-0.181114135814839,0.278135442629216,0.439108177766619,-0.898080532245877,-1.77735453957101,0.102174628245634,-1.02880990474979,-2.28480968489,1.36173961119198
0.6035568762399,0.850305191316031,0.750543718727372,0.0905085538039329,-0.739681491534744,-2.18849004312705,-2.07455166291113,1.02337709655883,0.222050931990652,1.19562906393286
0.006145710914283,0.618822363791092,-0.875369834942741,-1.42093110775236,1.51010664574044,2.40965405975174,-0.352950108380497,-0.604404294236935,-0.341691205067315,-0.127129038751873
-1.72740480344643,0.10399752641971,-1.44207393748091,1.17623900321519,0.100210553791301,1.07941019574458,0.221577350589643,-0.101911961124101,2.0016034318655,1.01214763816988
0.454328899933881,-0.588206841742204,-0.927700343372572,-0.402834478020831,0.68360425576358,1.83937451506594,-0.803331381255221,0.832342666402274,0.896085566208705,0.245559868213568
-1.14683553019339,0.522516180047328,-0.929034556408451,0.42930529909898,-0.906301422446021,0.522774866058599,2.30939017355302,-0.940627631379986,0.720875254387714,2.87697360469905
1.0519453048564,-1.20870939613101,-0.447618350066827,-0.888493214236284,-1.3322728444027,1.30744909805767,-0.549291606571514,-0.159272199234248,-0.516929224116155,-1.62357356732803
-0.0235586565673192,0.560155329529168,-0.498748970946118,0.382273259867874,0.0336726241790257,0.738022765174926,0.33235297857984,1.53801683698971,0.450644536120737,0.92811559186356
-0.097404596631501,0.142835580344031,0.0481290313302418,-0.223975822494339,-1.5344799517508,-0.826719525867862,0.328246599067474,0.369862946909641,0.738722859755021,0.181593141206177
0.167068834310357,0.407151299160217,0.0771930304341324,-0.31916243480117,-0.997272173030962,1.24610047226448,0.521642668469014,2.30738319285396,1.26431501390995,0.819527654454933
0.36213646481775,0.566523693146428,-0.561225530987231,0.504385012311913,0.397733041742631,0.982810902291983,0.501852528203837,-0.939725171598734,0.445704185560809,2.31010617895949
-1.9872725311387,0.238627012121838,-2.03235553130746,-1.49672171737036,0.0323189958510593,4.11920497022326,1.18894333906882,-1.03870739055688,1.25267923494759,3.52346318897975
0.306140606440731,-1.15279010284178,-1.00529019069927,0.629436046243229,0.608621333492503,0.517531546846263,1.98655938726372,1.70746605013536,1.95336518427999,1.5436328461359
-1.46898279066079,-0.385132624398599,-1.09944989446012,1.09183448765575,0.366743958783695,-2.13664604125971,0.35985112976684,-1.21253658342997,-0.857847751164819,2.09336482505012
-0.0933256147076532,0.429997245539154,0.910766823716047,1.40667036604502,-0.822860368069774,-3.55402496535586,-0.589739723799084,0.668757962122904,0.929903042496991,0.44907324928541
-1.1991389396808,-2.13958626932998,-1.07169392215632,0.174617388599998,-2.00937152751401,1.12393994432737,0.380834185315241,-0.80664287005407,-0.62252468091242,0.045431837483202
0.528366194043467,0.337902608171863,-0.456591986416582,0.423045986725773,2.16617131725333,-0.0611657041181695,0.703204523558939,-1.43516388845392,-0.780892567555712,-0.423932160288127
1.87775890208194,1.13086067563975,1.59669440094402,0.68318150779077,-0.590855129518762,-0.165652823964028,0.055983166886294,-0.00400903201925357,-0.652047379063957,-2.20178150903665
-0.762988883133183,0.173396928336484,-1.42929458313232,-0.972617655221513,-0.267366470966918,2.00420001405671,0.213721857435723,-0.972703192387583,-0.0249290551252851,3.21014419695765
0.302188302686921,-1.74687464642977,1.67990990851141,0.114037625986222,-0.595214189485677,-2.39008671718819,-0.184639940973041,0.758479502905327,0.336406808634784,-1.95784540726898
-0.239898302563692,-2.87160171937998,-0.899590847861887,-0.954189381927173,0.361725120207945,2.07729010220225,0.102210026778831,-1.87038827554511,-1.50804472003819,-0.955037718468842
1.76408836407077,-0.647798472089209,1.99291420537587,0.528047672453626,-0.244562771280802,-1.65550656213206,0.515797369303041,0.891943269294326,-2.06466293650342,-2.76573941819563
-0.162606763137331,2.49698254804747,0.0736368358648054,0.51194648827252,0.407152335429634,-0.614878389139671,-0.524859572433667,-0.279013973557362,-0.517843555958624,2.37460452164771
0.567440953520969,-1.08087438471777,0.332710535157739,-1.19083444607185,-0.501157620425675,-0.0961784286342298,-1.03190905233489,-0.762160139026622,-0.399900159841038,-0.731234344166115
0.343755444426509,0.370676961995448,0.0537121324038148,0.718434325960006,-0.115881239434824,-1.13926673643283,-1.13257678324596,0.630372334837566,0.662647607304784,1.03865404023569
1.91324971869061,0.243276916801772,1.61771979593767,0.931187553407268,-0.465960057786911,-2.03597128994223,0.936792795953571,1.21593629896716,0.730675414414404,-1.0287860796039
0.994128031265407,1.79435471790601,1.28220959568887,-0.196851978014886,-1.11616522990519,0.56407720395258,-0.260515949960825,0.479132340697353,0.760170629704284,0.537260854353114
0.622614396480109,1.40019313766647,0.300534355356396,-0.0212654260406767,0.109966951978116,-1.23577835062415,0.113280579473667,2.53516455163878,2.07367045919436,0.725887693757037
-0.569212281608687,-0.333953311326748,-0.488180217872143,-0.479736255646731,-0.702204068071864,2.93166736458134,-0.224608430647582,2.2864257482378,1.40231356704744,1.99931435597741
-0.376455353178926,-0.936101620108722,-0.868950330293008,-1.6399421966707,-0.39740814045546,2.92769172501252,0.0302476677257445,-0.695693144969351,-0.423357529973046,1.29883361040276
0.656728840134804,-0.0320195479717576,-0.331668986721467,-0.00571592675139042,0.397733916032445,0.705252589086935,-0.273617581235405,-1.03730300301446,0.308857178141337,-0.768776529038214
0.877804405733694,-0.154784473170728,-0.150480481660515,-0.276508821423633,0.444824832280206,-0.73905439111261,-1.57036905017702,-0.344208902483072,-0.881515019695659,-0.144821326932261
0.433862606980664,-0.758558631069452,0.436986883371265,-0.174236854522807,0.990172206034379,2.5739492084029,-1.86924343637876,0.156496025420172,0.618911004262067,-1.75873642180669
-0.635396852006714,-0.321910631544698,1.78073471055017,0.429394553282487,-0.0658422216037524,-3.34684650384798,1.68039060051028,0.47921773226491,-0.194294331189864,-0.334856586667841
0.902305325829027,-0.388090317560489,0.523631777863337,-0.123227779947831,-0.358870450538406,1.00611363905127,1.52748049804642,0.811305655651883,0.897672972031383,-0.986768970295278
-0.90343613935103,-0.444353555198592,0.730164547251032,-1.30924566406226,1.02876569425049,1.58386750112448,3.99479966138369,1.51791437103673,0.191239342259458,0.0200805726979733
-1.35241729529993,-1.54017447526713,-0.892413855244102,-0.377273233333691,0.64283341636156,1.50268871048726,1.27465143495679,0.555435852025912,0.0785133804763768,0.854432353099956
0.364663299582701,-0.824708735910436,0.384591715927662,-0.433230601785863,0.253218949505605,-2.10772063052887,-1.88742557694979,0.615824769589625,0.130289617654185,-0.415239044369354
0.976789651959893,-2.4181137722754,1.37305098906018,1.04141253820113,0.486112300534483,-1.42562505113153,-0.649516264750155,-0.521163425662255,-0.340984115819916,-2.95002995488567
-0.1328516823012,1.61855003958501,-0.335738344323766,-0.836476228440969,1.02622685694096,3.80670001862025,-2.64552903591494,-1.71617812353128,-1.95825657622407,0.856619267063725
-0.207512049353157,0.976365656125393,0.845449864935245,-0.0265799225244471,-0.32202533038991,-1.60550057487957,0.237010643829133,-0.641654543861023,-0.35922083446605,-1.62390099416258
1.00187509862733,-0.664464724685771,0.56886255606625,0.209469549831418,0.46489715224461,-0.663818307717236,-0.325876389000583,0.494165412895993,0.217166420120891,0.0939392975363189
1.69790997152693,-1.00520041759321,1.28579455580462,0.737816451503469,-0.166804102454976,-3.34943294960641,0.174741332950625,0.111355968921416,0.121900300315103,-2.13037729161012
-0.36419780903857,-1.96593999431348,-1.64380076602262,0.64608555513979,-0.487125397420966,1.40519248861526,0.68020736848922,0.717856653727984,1.01677006474227,-1.59416902467186
-0.0805710242821252,-0.579679269955931,-0.884885916941508,2.25110870959298,-0.0261304021789592,-1.89591178929566,1.47115506532043,1.50385721450597,-0.0163478477879875,1.01832196468148
0.652750436260051,0.93714538618947,-0.529417060000193,0.951339194822503,-1.07863515641212,0.349757789356568,1.07450702541968,0.337384271261699,1.53836832024913,-1.42057759212327
1.47923573834877,1.17533653631296,0.410340582070538,-0.168759265125507,-1.89220115667159,1.92036149007966,0.0985998520702608,0.684829896118083,-0.480173664742499,0.107143621145502
0.594706969035455,0.120529558102416,1.10108653477189,-0.984399986912732,-0.15936986489071,-0.92017684266418,0.418307074735886,0.292451850120003,1.65529188147566,-1.85704860910993
0.838780213984207,0.852266934120723,0.716090908203962,0.622971764102986,-0.548168324872394,-2.40785745271178,0.30801427616236,2.05312747626552,1.68673706186606,-2.11845301444446
-1.85618661711678,0.24629097473419,-1.912462835944,0.153233261617405,-0.294410215905608,0.289441931940995,0.44576227466656,1.16898151574185,1.64805721036706,3.00276731278351
-1.2157275026054,1.29609215793464,-0.16731995454061,0.324250160865015,-0.21341198780737,-1.26000055697005,-0.319543239657783,1.49449438518417,3.72955068201463,1.54299530206203
-0.26416494436784,0.942034103683504,0.29254020280948,-1.51104300145728,-1.00224221275942,0.866195977342592,-0.601802975913076,0.424471177978085,-1.31036955703439,1.63581099751939
-0.365009720458916,-0.661267613296773,-0.69120732029452,0.125785606672114,-1.7391060521918,1.61340511629562,-0.853694668617845,1.56481855516734,1.08318458484019,-0.187733115185532
0.156841744734438,-1.37283881576957,-0.577682416594943,-0.354975329709015,-0.964455494415196,0.264160113656729,1.12428695859507,-0.0883930192430222,-0.725266658613901,-2.09614757181651
-0.436941298294747,-0.445962673306892,0.965472467080971,-1.16605262872257,1.16782014051787,-0.0759043592921897,-0.721467262843113,-0.715939343046313,0.984431505469407,-1.79854489744461
0.990921547927626,-0.0388034301822797,-0.87129579895013,0.970453313015124,0.0380754164815392,-0.962922539067295,1.45250124431506,0.148935952017528,-0.331523626394738,0.13598444191088
0.31268625585248,-0.192069341084655,-0.0686780477680994,-1.40675183481852,0.979651548712297,1.96493763972436,1.24060969279761,0.641881386682633,0.145135425922708,-1.08866148282319
0.643806666542759,-1.14275416122841,-0.606619934051007,1.41039766452375,0.457813896854976,0.608343776668871,-0.890964466027106,-0.0891567637837686,-0.371065387052165,0.65245168937315
-0.290125148279341,-0.189611409953922,0.542327646211817,-0.936242134860771,-1.24958720242975,1.57372808416152,-1.56954371825838,1.83508176265673,2.87392346560329,-0.457531656312883
0.517570217007191,1.43113852443559,-0.690383832445373,-2.13031708506508,-0.205265950602842,2.06410128691045,-1.56183141140508,-0.312483066485337,0.326622168318854,0.636386108504295
-1.38560109709551,-0.726146754406851,-0.00148631002968913,0.569812097520678,-0.223361964387954,0.835801503277919,-2.04951053592921,0.312941622675379,-0.00768676361342313,-1.8946026664289
1.40634028539752,-2.14342179553707,1.81349502616241,0.939043019109756,0.665120019101644,-1.19475688729386,-0.915731145047254,-0.813906563597966,0.0284898721762502,-4.26914138541381
-0.766390498871479,-0.611837391908366,-0.160517307909083,-1.12131192800987,-0.327003562242181,1.32621501763786,0.299605717123172,-1.42212254117511,-0.765352780003426,0.249828993972919
0.785872015177169,1.6593127952659,0.708623699123949,-0.249966538572105,-0.387749882057079,-0.450966429004291,-1.11038315618382,-1.18516410536399,-1.22225951670718,0.549113472525612
0.81713483859229,2.00048383949669,0.50250265479748,-1.32799456935745,0.277255649292008,1.19883958343186,-0.582044018139407,-0.121921370059612,2.94389626809479,0.844310400756268
0.19357455733578,0.904218424739544,0.170532240803759,-1.21462157353163,-0.130010039051145,3.00339478936254,-1.02655724108808,1.42602268665044,-0.512195920742913,0.736878972942768
0.435945925138705,1.13202234113855,0.722678594507742,1.58306500340178,0.831853446439915,-1.53842612488,0.0948554186863037,0.149890965420256,2.27927989046944,-1.44375475301345
-0.598254487193016,1.02965202444473,-0.0745174055942488,0.175941077251672,-0.703461143536846,-0.615437539950354,0.583699221732767,-0.9333517830245,-0.738179325078023,0.134866536398562
-1.49057094070209,1.72834154796436,0.695761612888414,1.16210326158269,-1.22678564198745,-1.01828327569211,-0.635981823414275,-0.058117428603736,-0.145887965307794,0.976210060715102
-0.122248741507409,-1.25549198914797,0.36941278470097,0.663215385150409,0.0212531218666941,-0.579814659106777,-1.10401755164069,0.760355627221526,0.479046147944907,-0.654490740603693
0.560218252465357,-1.11785313358193,1.63990671745196,-1.77439062406627,-0.506382323699795,0.302395108813163,-1.65593743249467,-0.940507705883135,1.16878255397475,-3.64270252013692
-0.715635226619056,0.306869799980691,1.66860873945088,-0.5831887212478,-1.00643409127069,0.415427373848833,-1.62808621322649,1.04282425299675,0.912984778116485,-0.318839058358661
1.98714772091514,0.0465547496496465,1.50384354055091,0.0209724369469376,1.62688770793088,-0.749387139683285,-0.489508347639045,0.379328241870683,-0.561629076205195,-0.77171331417441
0.883495019403639,-1.45549155318272,-2.27105124335413,0.114132127554844,1.90271222208829,2.74677787403188,0.513257528247347,0.39536923123206,0.0565795438888613,-0.458674309026044
1.03825915774622,0.0113999128454674,2.59718047339489,0.698923102967832,-0.597175077800652,-1.49678109206835,-0.693479373481994,0.488684433017422,-0.523087107264363,-0.653738410311227
-0.0379590565801592,-0.451029439613298,-0.907282095658832,0.965043076283821,1.11217022446619,-0.806558841593857,-0.618647212623937,0.76504922001292,0.342852777322901,-1.344977470466
-1.0910293612875,-0.808483717404687,1.31602416205116,-0.592343002869887,0.1619931711255,-0.510492281320025,-0.186179917128137,0.231404755031725,0.130634618860303,-1.04869015336779
1.0813060842152,0.443495519983948,0.629232948527546,0.6602122543752,0.905191439172401,-1.513499731944,0.134821907816908,-0.814373777028315,-0.785299237968985,0.136935898358922
0.451078738109572,0.51629471000735,0.287796473306437,-0.281278974159793,2.00086173907595,1.43864999642071,0.914015601421532,0.0563802227339582,0.624273988010865,2.02436641831573
0.133240773856257,0.562698688714121,-0.0916938948102169,-0.354542840859943,1.01951919845936,1.24430384131707,2.03170758915316,0.630772824856126,-0.79653377944373,1.0154312687639
1.18337742369257,0.24897215895958,-0.379501885325873,-1.29024800268879,-0.0722985736933336,3.53880498434998,-0.76386811585538,-0.836020056571302,-1.67631780216404,-0.864110562901855
-1.61625935044749,0.918681935420581,-0.0818222342660084,-0.688730937662639,2.06543816934155,0.659296491686971,-0.689970372230288,0.502800856570181,0.194376236702793,3.6633160956836
0.168302096224098,2.02691576522698,-0.117409787699758,0.261142036405463,0.22651718091935,2.14265468199886,-0.421541704993616,0.407651554349699,0.903787731394726,-0.332239573979616
-0.369969601479404,0.892905496279882,0.00795093801741825,-0.433307290231957,-0.322026808893577,1.65296131558126,0.037998260858444,0.581252926454526,-1.85298683322361,1.54066573839817
-0.188149520251716,-0.21638556303778,-0.905288117762965,0.982915443039582,0.627008499773934,1.25233179899911,-0.210916060147562,0.323010238300107,0.284468328534404,1.5020437693316
-0.274542626130087,-0.295970110431921,1.09298360996127,1.39693289022106,-0.033807491118221,-0.968267580097219,0.206812224493031,-1.50824093517055,-1.55050290667078,0.764656878298621
-0.0222070999156591,1.27783684310468,0.320166979091346,1.32107410645398,-1.73322369028882,-0.0404790883256848,1.53751612535579,-0.328110514378295,0.957010142916577,0.104752268000432
0.195583727660167,-0.102848059294461,-0.0242053200838133,0.710343920928754,-0.218940125330649,-0.684268810121129,-1.46373731844057,-0.747546165960042,1.64399393501848,0.569806792826602
0.228930912029237,-0.544989245311851,0.661371499999705,-2.33195120084858,-0.70926332606023,1.75097903935839,-1.17836045233084,1.29228536155397,-0.559754370658252,-1.75776562903344
0.310148886229233,-0.090372387102796,1.75287802892224,0.341115559018866,0.472288447237177,-0.333516066882743,-1.17650120267095,-0.415240580015287,-0.849235662856906,-1.92138998664054
-1.49187083321523,0.215023560200472,-0.978883616497374,0.641957786332225,-0.262440677818764,1.03162150191651,1.71185012427097,-0.811991939987702,1.1900454767226,1.20854516092788
-1.32332721127528,0.360039825552845,-1.31467450757344,0.170854425413895,-0.344022197712537,-0.126019191022359,-2.31843791370892,0.7171519292054,1.72095539318432,1.53692186795608
-0.0978676702612396,1.44881952706211,1.04016027978299,-0.526135318521629,1.84237508614093,-0.253323815392056,1.1473776500563,0.720213632088049,1.62321639297612,-1.81356277404468
-0.136795123493877,0.343880678239847,-0.487607211454503,1.09174452321537,0.460499157387656,-1.60787430499445,0.0700430189912627,0.830557884063511,0.696737426917464,0.231647122432365
-0.378078989468394,0.627504053606118,0.0382813126727509,-0.423018056787932,-1.58950705351532,-0.550308762727615,-0.329352878596059,0.917220201131012,-1.00879126054936,-1.79762007242342
1.0810491669534,1.48063960212613,1.34685256663904,0.191685846278358,0.50200226445545,-1.6766144574679,0.0744479661661559,0.439818625212096,1.68949546101405,-0.93554704132402
-0.204617335563417,2.22110191837746,0.218595333176422,0.0464588404936142,0.521246710581982,0.399278253348855,0.573523945053289,-0.706928677762138,-2.03612174747225,2.7378939125152
-1.01898753280541,-1.47337045540365,0.081014392229966,-1.76346323059697,-0.876594109310743,2.12491648549049,1.40226699103631,0.464181225897474,-0.142515599386571,-1.66925870605852
-1.71203910714595,-1.06291179017758,-0.190959111573458,-0.408838719374787,-0.140122104931029,-0.682657939507315,0.944123804785679,0.731294959384489,1.3722552411658,0.0703580957875795
-0.250867990274517,2.83958785295118,0.110810762419454,-0.741176049475462,0.141198746542536,-0.164160976649084,1.07817437342457,-1.62940132541959,-2.63717847306008,0.786920091778854
0.288533127539575,0.41866837334329,0.893368541431563,-0.777754882873471,-0.150731211460689,1.49126173779763,0.747050595015904,-0.696641191919697,-0.976467114693353,-1.68982436333237
1.47824286528311,0.755641744908285,1.46517790518738,-0.756221084944234,-0.146444207220403,1.43943271937757,1.35535871101338,-0.0786983895377731,0.554281508722771,-1.63027034838981
0.849219755367184,0.197609908997815,0.726085987212534,0.496703000209053,0.180014617599302,-1.97029092942459,-0.863377935012317,-0.843173096894375,-0.670991602519131,-1.94571214439814
0.353207247866756,-0.50546737614576,0.104625828845844,0.797653954849819,-2.13159613900008,0.855312749074494,1.59799456961478,-0.610885293749689,1.04945847582528,-0.113400149906222
-0.193362308372655,-0.660327490841917,0.0389492053275415,0.251036446871094,0.32657898491989,-0.0343021360354452,1.1492929872119,-0.259818342736715,-0.879921433794503,-1.40160855621879
-0.275477226293999,-0.850499827386224,-0.123935875527508,-0.495890820282208,0.657073179057365,1.60980775791846,-1.01876090676066,0.446377349758545,0.653781735221836,-1.01773718850369
-1.13745798777746,0.643914706369794,0.156344070738733,0.994976688526271,-0.242770342210342,-0.964621071362359,0.741671978816785,-0.428901103198893,0.205282719651649,-0.11093176563273
0.95746431649818,0.265611501490121,1.26707993623406,-1.65180006744065,-0.258412452828612,0.866611787661194,-1.45973492308822,-0.88550498320525,-0.604457580723423,0.0905826664679286
-1.1358061019974,1.78787661313704,-0.92647702060804,0.912288316485392,0.403901004350492,1.85859722081409,0.18868638883753,0.781726862611218,1.79560164446049,3.3976336939345
-0.248447815285751,-0.0958714152371839,0.33333161315733,-0.673336254765647,0.698955181103918,2.0109132688011,-1.7121369697625,-0.334856491004059,1.28261865363986,-2.14625243089281
-0.00698276386181289,-0.982101882928372,-0.179497612758427,2.09883241164147,2.69451328371814,-1.32744903823017,-0.0619102900102294,0.0595861081886143,0.438238869715976,-1.34167531774738
-0.217815372241649,-0.349785927818525,0.364341153171434,0.997156320321133,-0.660663411665559,-2.74203786460497,0.142232921911379,0.209527700586844,0.25103822166056,0.341246516322742
0.468155207671136,2.7738047509622,-1.24614382388693,2.03602026219607,0.998219573848366,-2.30547502819548,0.423168361506704,-0.832545739321054,-0.340643718547163,1.52700869858444
1.47504011019912,0.751501776489228,1.49148655997164,2.32876672395418,0.17207355889421,-2.79883278565179,-1.4174860456218,-0.294158915366295,0.101931398319495,-0.481747064784118
0.802681913587241,0.19217956482852,0.616554316245657,-1.34205295308179,0.991892004620255,-0.561673044451396,-0.927279758100936,-1.34349641177697,1.30444211456739,-0.321761302363089
1.08966889070299,0.535037395199773,0.997963737722587,-0.746642472238766,-0.926000737733962,-0.907242532787255,0.468664175147863,-0.729134318390101,-0.228588908248452,-1.67452401223625
-0.0506736235941298,-0.696903790450108,-0.675260689716276,-1.01657995243279,-0.541833599548722,2.21383984992268,-0.460231483183982,-0.332717799018771,-0.770920275357893,-0.640120571585592
-1.09742910513706,0.648724921451268,-0.843307423215479,0.086525124037623,-0.746032450144578,1.00849917779836,-0.862427529680566,-0.443339907724636,1.03228017652568,4.267759654264
0.128139265091911,-0.866097840630369,-0.0482491572110812,-1.36731326032762,0.78598886524071,0.722700501614362,1.11292352629648,1.75996328532556,0.719810228177465,-2.13003602853134
-1.06052305307567,-0.586516577254099,-0.928373062425971,0.702977092552351,-1.14594856068648,0.676080073924537,0.684762879577481,-0.597022462718001,-1.49317419022981,0.752171078256649
1.84694064537886,-0.295072042064447,2.58289297333144,-0.22149953109825,0.319963158037451,-2.74316714917939,0.919530407252262,1.14085007483003,0.605677635085665,-3.72744961190441
0.653465272294411,0.101309561975984,-1.4789494433349,1.11459646020211,-0.287189311369346,-0.165897915988657,0.628436149946858,-1.71314578311226,-1.28567532960012,0.681597325564856
0.611657770359025,-1.63597936472043,0.337353627985152,-0.0738706460158424,-0.59670534509566,-0.0726391250351884,0.459284060308932,-0.363480528036562,0.239949830503501,-2.50373939547622
-1.0113531021229,-0.61708796959849,-1.58797043588047,0.534103901253947,-0.382842643272389,0.412905010562506,0.820032824399337,-1.62418713886126,-0.989111543532993,1.85471646619341
0.632846279855853,1.11909161688348,-0.38544285359812,1.33413206009965,2.43250680322444,-1.90803871354977,-0.0193508436889515,-0.0641356085110127,-0.630959361307788,-0.0851745215391508
-0.0631216053684687,-0.432043832058782,-0.345381219288165,0.368153082759601,0.806532791661845,-0.290874192472582,-0.280630857561657,-0.527151734626523,-0.347795357557357,0.432296826339802
0.872513181074926,-0.623343020395071,1.60013970461939,-0.0244095772946801,0.590870534191559,-1.09909368354088,0.815025298250817,0.0721290960391767,-1.0341186195223,-1.2628563564896
1.28205667679631,-0.236875353259773,1.76524676313456,-0.106601167802124,1.47413830125296,-0.829743014763117,-1.90038389993536,0.557718469542393,2.26536401642648,-0.570565828167839
-0.214778996177453,-0.654267320642131,0.141740886317783,0.451621466283398,-0.85225552980256,-3.01098498664794,-0.284503191911178,-2.2747143371013,0.390826943245521,1.02066458460939
-0.974993001314618,-1.61590905632402,0.184310047844145,0.601823110553928,0.78055547614761,-1.00357667599283,-0.737451082651695,0.33724859440506,0.247780633010853,-1.36651780349641
-0.74517781986577,1.35586561757548,-0.347191335399851,-0.00534817553416997,-0.504286544667811,-0.22719444463644,-1.1595219712631,-0.701230377666832,0.0349043373059676,0.0959889783880402
-0.575733556178468,1.23930285616304,-1.00017330461527,-0.497475736169209,-0.288473204989351,0.834214865222887,1.29365379870359,0.866118269787611,1.26567919236148,2.21722821579287
-1.18300726460165,0.266963541570587,-0.335381270721363,0.078771640397346,-0.927362511776863,2.03805532002906,-0.148651592512581,-0.443037546136421,1.07276927159642,1.05957184543992
-0.580877298374574,1.34374760786932,0.619641220691487,0.380905833579801,0.785910209507025,-1.45572904016798,-0.815522144878068,-1.08869115876328,0.216805454098054,-0.823104686017191
-1.0875200463101,1.20370501422922,-1.80951376355599,0.331761583042461,0.831441882560748,2.08555149283435,0.634093862470554,-0.231718055530268,0.00690602345542975,1.65560237390065
-0.529290367357163,1.40000895257233,-0.360640582628596,-0.721480576423958,-0.817447099747463,-0.296717104774102,0.127423626525303,-0.20664472123734,0.405081502265755,1.68363712213804
-0.321839433108192,0.878527857459592,-0.152489833630704,-0.626296219355158,-0.571309943413426,1.08989258134172,-0.267311674708146,-0.49175667788013,1.31435383099832,-0.24158999229745
1.1899841303711,0.512452816599505,1.91715401056168,-0.013064107417759,0.177365520170527,-0.214186081524754,-0.629452913775738,0.878286254804553,0.760605672200899,-1.85540924871247
-1.68308675021643,-0.0479554869230335,-0.717158733157786,-0.210413307221589,-0.236361255383147,1.0189541646289,0.480610692656613,-1.00083300526803,-0.207251427636062,1.1432399647734
0.266560598217679,0.0797792192938538,0.891966330842412,2.05584187560343,1.29202249045751,-0.368685796062071,-1.05825390061258,0.898580402026571,0.251784988408068,-1.42321411280087
0.59332964510116,-0.129776567012713,1.22764145123211,0.26014151925764,0.76725895506896,-4.39623716526934,-0.976801290628909,0.650128586688778,-1.33409189890301,-2.26697705749188
0.313664969793723,3.00467404424116,0.45147215293321,-2.07862342280876,-0.334944475110281,0.00784273575058703,-0.761803641958567,-0.238785564266933,0.554194829778645,2.20201817636236
0.445734671152119,1.14789805292064,1.13138526302853,0.115517546682829,-0.804292533127015,-0.696945773491211,-1.69467454751777,-0.24457403831117,1.05960458395341,-1.18959297923919
-0.342184042872798,-1.0648320187806,-0.0496209608496155,-1.07613074944231,0.247562942130881,2.08492754964693,-0.712832706252136,0.24165280419828,-1.58037136337301,0.216574741579299
-1.1794975051274,1.72802631920496,-1.94902052945825,0.214207402772162,-0.935748356141195,0.90268646617133,-1.00811324501377,1.65533713949212,1.20952110002704,3.83753613301942
-0.120653435607609,2.11110551429204,2.09803375327257,0.70831027684581,-0.490453405054171,-2.10676102096534,-0.749984860726254,-0.199503106812632,1.22360402757045,-0.818635696599875
0.925068622548522,1.40821267362976,-0.896558956884033,0.313993686041437,-0.504648908963202,-0.923913225670074,-0.0365802591078933,-0.155480352693456,0.509454600454231,-1.10752340683443
-0.104685730224658,1.19144283943293,-0.85130537986758,1.21308554267408,0.356150127111638,-0.206113039449166,0.626262139788406,-0.465850194935586,-1.0381171383001,0.216974778045508
0.60817604065935,-0.287756462027879,2.12503052633146,-1.23390930099858,-1.44562598856015,-0.617259620269168,0.306307728092766,-1.3776646983557,-0.916623324925498,-2.65235280721824
0.204137245850867,1.7033521270518,0.789817114196081,-0.325765072834133,0.172621796735375,0.574911356301847,1.21287324603481,-1.45155746158883,-0.981712837598938,-0.318547682474133
-0.1128007516905,1.10299161066097,-0.308477498825182,0.754429152277427,0.0408031478948105,-0.661546769141033,1.36933445986396,0.980628371784707,0.436870938233521,0.35779090117902
1.51542445775333,1.38551916424758,0.884749279925257,0.522923188638758,-0.511813946544662,-1.81648479149104,-1.04386600071871,1.28696065329463,-0.822479405675713,-0.160965516937364
0.322814887564444,-0.962326819170993,-0.249146759178938,-0.544793498541181,-0.376005338010903,-0.406998923638392,-1.19919900354871,0.84276863845239,0.591506737289488,0.499896112815964
-0.0779256440301097,-0.820099550935043,-0.288244770278187,0.854770945694586,0.146529932215503,-2.37013853842264,0.80414835018912,0.665904322109455,0.834039945243626,0.303484984716151
0.429119568377708,-0.637744411523587,0.230580544497016,1.65961066273629,-1.39065660893948,-2.41582750740596,1.23515116311859,0.39261514020384,0.267567061131345,-2.06386370906515
1.17371670878583,0.652671651071002,0.75791820536919,-0.0199850759387361,-0.671084902837582,0.523170848925134,-1.38468041408731,0.814388682040532,-0.159011870190321,-0.232714791344884
0.0278455725027579,0.00632589588519649,0.181999841615631,0.957673132343423,-1.34622420144442,-0.754305875637326,0.622309261449275,0.529719501419956,-1.05597481028541,0.191386624239807
-0.382501698248381,2.19127816069135,0.905472835267286,0.641898858204571,-1.3750616271928,-2.48651653107373,1.4298037399886,1.06990917451269,0.942311480921767,1.73036121447716
-1.66917606278661,0.12946947015481,-0.566743599050757,0.5188359295306,-1.10091413403175,3.51890199231625,1.08326563557196,-0.498832696746293,-0.0189595619142792,-2.15214466416865
2.07012735311195,0.0658609284719883,2.52025918032235,0.685506510560932,-1.43557393806007,-2.5222238592889,-1.06664368626302,-0.74605089960151,-0.0921282754940485,-3.15118154239521
0.767467186328031,1.34048624342434,1.66482451323267,0.652787422420475,0.477151678728018,-1.27153687750994,0.343855694346841,1.58676148261651,-0.751784004184004,-3.56610546109747
-0.281105565265232,-0.809174455518395,-0.414280236975297,0.121686556205873,-0.916520411217787,-0.500122709848893,-0.14210087949479,2.11068794102694,1.11330370267089,-0.522912495896785
0.438600133991727,-1.97949104880264,0.536683814170699,-0.0836673192361538,0.454360412480897,-1.8553367051363,-1.64962847269597,-0.286733430057095,-0.570481738552706,-0.273769925430748
-0.721984652859457,1.8705001870714,1.71567912658335,0.192966492633153,-0.322778120152519,-2.96643928140634,-0.430295454270476,1.52273142763824,0.729560938818063,-0.36184128198789
0.271982734948559,0.582969240188828,0.789027703686815,1.18675700283207,0.0100467672800888,-1.97419730872895,-0.187501128778081,1.65323880671002,3.61334326183991,-2.63360350932019
0.391658541801542,1.16640721367113,0.378630523755944,1.32669130022249,-0.394869220633502,-0.762557771271897,-1.49309848907862,1.63083094157236,2.95959743525143,0.924226271865594
-1.40926986592937,0.979693405257076,-0.794191497947075,1.24250800100804,0.442944791771818,1.07797092667498,0.427994886108092,-1.82167499181571,-1.06853095946984,3.09979147140439
-0.0733440899404844,2.73343984515151,2.11797324087281,0.407519362628381,0.247080797048123,-4.2613145222412,-1.51891754242846,-0.651002227254137,0.413124566069988,-1.33833481137366
-0.663212105579657,-1.06584647984391,0.763934067598302,-0.124222335592135,0.527485491164429,-2.29990708633413,-1.30410604574447,-1.26184527393379,0.285694082669788,-0.795031082703916
-0.0895976780006274,0.279296686135263,-0.426792480360547,-0.00527883496359638,1.49445250136245,-0.343082443573414,-0.785157315382167,0.826187099452859,1.24136014877473,-0.297932640079964
0.688042440907506,0.72014027535283,1.3589194587099,0.489716380453904,0.0437903622440185,-1.67939210393128,-0.287834120648169,0.762741951569169,-0.649170148879574,-2.15461913931022
0.987220019979279,0.596484631913414,-0.401040606805415,0.217026067753057,0.292789656652797,-0.166482038229531,-2.16900381644193,0.203837956985711,-0.363957895461789,0.577436815997329
0.38188587714924,-1.52282088204956,1.6972308406732,-0.725025910534404,-0.585899778183357,-1.65395702536157,-0.472304721707766,0.720462829440633,-0.00124835151525715,-1.0706854407156
-1.33233578717245,-1.66087761877962,-2.65377630311953,0.338391195135921,2.23012321980251,1.76033238318005,0.450505923015761,1.65616781177785,2.73059022110673,2.98518085312839
-0.847841188963052,1.724442203342,-0.0646362493425813,0.574484446953245,0.99955681266105,-1.82644706614602,-1.97221426115083,1.04486112294012,0.434825005818648,0.623519627037361
1.69372194391888,0.674360817141249,0.352929293671346,-0.553413937297409,1.77047030413852,-0.327030176164847,0.726697754713635,1.41958183688356,0.603819848213547,-0.675861116075213
-0.216000092861149,-0.303228174269448,1.50514273169371,0.84056134432367,-0.478293256695681,-2.03086419498276,0.291979853451379,1.24181689497152,0.566979431510992,-1.2589868333087
-0.687606652757052,-1.07448180261593,0.440091385463309,0.135940467903594,-1.79899635056956,-1.38579955469232,-1.73876175126082,1.35803556818858,1.03213830550644,-2.63874101290801
1.1702800279311,-1.30439614584806,1.96777998577883,-0.0598439371958387,-0.815130695243153,-1.19963850306623,-0.399476179629351,-0.943027887023589,-1.27301699519911,-1.34429918239259
0.528647305756006,-1.15578833767857,-1.3095771803757,0.0783352137655543,-0.384033048351691,1.06741597555335,0.840856692012653,-0.499931877047599,-1.06834292147654,0.0564189505861056
1.0038292455268,1.69306078055613,0.268939543581776,1.49191166637435,0.541807447846849,-0.129489118253528,-1.08355192964023,0.664085901006581,0.379176455476582,2.28880513980169
-0.739330592777089,-1.99599646362254,-0.0716832655123485,-0.541801642572299,0.736034174265039,-0.746064667741091,0.321863579004269,-0.480266989253648,0.452859572766815,-2.19278456542909
-1.94055737209454,-0.821038717546571,-1.55601894521241,-0.18985828365912,-0.463820263688489,1.0332176731812,0.373512942830247,-1.75825610917097,-1.50498279096437,0.976873427160746
1.30645043223216,0.498493341423398,0.0848735653752223,0.41051402345647,-0.8603940565712,-0.121632991049758,0.475722064407021,-1.54613704075394,-3.56882547726566,0.41298916942915
1.24084515381676,-0.609123384449483,1.86058384917856,-1.35279941544139,0.9415225424204,-0.128392819658637,0.15824458532617,-0.615524989018815,1.57000462760319,-4.77355985045379
0.717290261515494,0.271060400882277,-0.94098124691136,-0.821644842256979,1.32445715176815,2.13290144786525,-0.238237796359812,2.09460360977391,0.831747475870247,0.256486299521743
-1.45745349956767,0.409913588327357,0.494341897641758,0.404574497564844,-0.430222156248052,-1.31787883517949,-3.38024008537247,-0.463654038067574,-1.90506645890548,0.702743358422959
-1.11603319052237,0.377073528162092,-1.39162132217025,0.419907679988316,1.4784808656795,3.09512217282417,-2.9664510447652,-1.3853535115496,0.391846142644914,1.18672061222346
-0.405304410773276,-0.992493392208019,-0.912467216240924,-0.107747731740004,-0.894118149846012,-0.23675724346964,-1.53025196492629,-0.184857312486721,0.596100020830473,-0.727980415887862
0.519487583864078,0.423545506690983,-0.212350921325315,-0.327495712270773,0.764104711756056,1.56495511780441,0.491115907213275,0.210981789683221,-0.190432286172407,0.147302075577016
2.36725108436589,2.15343113374357,1.31093556958761,0.823379286407609,-1.25814320482253,-0.418721252528381,-0.998015045548522,0.569628041623137,0.437791009669116,-0.382614710220713
-0.0362013535686261,1.13924417331616,-1.44774581827319,-0.112453036084376,-0.820709347609646,1.62465216617277,-0.166433730080927,0.014251453311393,0.543216541742736,0.327697595639144
-0.640681501848504,1.8834388195471,0.196586506639208,0.0762352379509361,0.00667516538045472,-0.563837874587921,0.183106264809669,-1.853048489695,-1.19116723554389,0.933568874247013
0.492942820024633,0.947667960011981,0.0761006385514092,-0.695460779687781,-0.625540144754993,0.660612483265631,0.0880266595092307,-0.29293922514168,-0.213892370873984,-0.821728454301508
-0.756295140934832,1.14642270176457,-1.00007716521977,-0.796524988501593,0.465660885885208,1.19953164425167,-0.58443836072508,-0.910670645617642,-0.275010458980944,1.18427951623609
-0.311115487841095,-0.36149792838736,-0.609679961367317,-1.36650396730473,0.185204700246231,0.014903923022077,-1.23042479435751,-1.4275280854917,-0.373719478501648,0.569700204763814
0.47440474024325,2.28434031663413,1.17566625231549,0.00451263810387564,1.31168411202745,-1.99989817326461,-0.201805906351793,0.0914928626335194,-1.02843134202035,-0.583194680192154
-0.428088923520602,-0.546201088419985,-1.72247204593978,0.178898214983855,0.864075150581306,1.1515601955561,0.372267105324689,-0.241973495071981,-0.998526828575799,1.76634293143878
-1.36818413459741,0.826329451149867,-0.265104747275552,-1.34415639149681,-0.263897329959811,-0.445694437836612,1.51012999566168,0.225814513228034,-0.252209634497858,-0.284726319814337
-1.37317441765866,2.03023294556371,0.128973349134805,-1.10120813385729,0.338562584890368,0.677094929680416,1.00205554924026,-1.13964850112242,0.207156411828025,3.17129196781434
0.499368175554994,1.13917539754672,1.3417835780193,-0.713892932994584,-0.321788251345065,-0.054055192819053,3.08158390941226,0.610129521154412,-0.327108172080927,2.24433681456633
-0.406866381204042,-1.01855851891098,-1.06892453121188,-0.299596348313379,2.09416597805815,-0.354952305491118,1.49667985330423,-1.05314721524688,-1.67273246737228,-0.107261697054975
-0.751014033575648,-1.07184123645557,-0.797799323136843,-0.0167491717764533,-0.103211093441494,-0.770390224184976,-0.467186858946628,-0.315999125680215,-0.551103440461155,-0.773495976123687
-0.254280020309827,0.240805909045009,-1.62287225482107,-0.31382229738246,-0.0998040995368012,2.08028698548549,0.262943012855509,-0.438502874910117,-0.791489114037009,1.18630106295671
-1.02367391446834,0.659256128670393,0.105886483812775,0.0629958902350485,0.187060140346231,-1.29201677740069,-2.08362420599581,-0.352677133679746,-1.44423155389457,0.716594152807478
0.474134377529219,0.543452602007591,1.39447469131375,-2.43676022494329,-2.08055042499962,0.0588522747832355,-0.24642027071199,0.058032061065547,0.62699755613861,-1.45904229203515
0.68896426368278,0.71276437685585,0.307700746351255,-0.183806744041112,0.353154542203524,-0.277662873433659,1.04046022919687,0.128521575118149,-0.277868302163816,-0.304980352067783
-0.628574731840856,1.91065542377087,-0.69720941065313,1.67026605778893,0.0553227023627768,-1.44152761358738,-0.323490710739108,0.992752664451025,-1.22026940767979,2.273113428268
-1.0780964511023,-1.30438439689462,0.438944306758185,1.51433095930899,0.190521780715493,1.2909713157206,-0.292078288380274,0.0878521801353508,0.522878661350504,0.157700264641429
0.843325816760443,1.33784170136208,0.157354463527668,-0.528641368410217,-0.328901084108739,0.333160555636996,0.411754132721734,0.00235785175119141,0.736801135571947,0.339900779462688
-1.73678110428228,0.599077491702651,-0.775541578544291,0.417606713420925,-0.191557711333571,0.806098983910682,-1.72073164061486,-0.519010462855913,-0.405182547523829,2.64026312505764
-0.357835761093967,-0.0804386110721017,-0.886862179232748,1.47857765965867,0.258119886805237,-1.16782720237039,-0.000974358429683076,-0.47021274363508,0.322237842658278,-1.07148207615285
0.454023175135598,-0.782071979488186,0.251908460595506,-1.06633091397682,-0.40715578376109,0.411930165972541,-1.97194098510599,0.452792419424394,-0.515322442832164,1.40390325911715
0.895575386059358,-0.850325159469711,1.15021809414673,-1.36330179257041,-0.28925097197093,0.540045318445293,-0.38109618488938,-1.50975244118076,0.00924172005242241,-1.15726609677467
0.553985213020614,0.300916888720748,-1.35479261711262,-0.247038409995492,-0.118709010425397,1.48508451580161,-0.0682909814576888,0.647574051394739,1.42577646938255,-1.06027191968
0.116816181951813,-1.12779693926562,0.937094983912399,0.6735154955292,0.441581590470382,-0.722481467216671,-0.42915513073399,-2.4918033741461,-0.686103062116151,-0.821562739658574
-2.81968347836598,1.51266127555485,-1.3828428475967,-0.763054198505382,-0.971506918800093,2.79195489978118,-0.176409114385014,0.0439907158031419,0.956770287572125,4.62171483184368
0.0854680271203573,-1.22377187911447,0.175974603394113,0.570317407545218,0.578491334025578,0.165307579068726,-1.61888668932826,-0.0204362754544806,-0.233323482234091,-1.03477613123147
-0.317818632416102,0.181011744481562,0.153768901012053,-0.200591673701977,0.640607835820624,-0.419260904657926,-0.490966196636127,0.410989216204065,-0.262556781088035,-0.999409699103222
-1.06592716711813,-0.000233764791799686,-0.693847687798757,0.98283591376303,0.434802341042642,-1.2794995119353,-0.4574618845351,-1.09241899849999,-1.4775272854044,-0.0971214732177902
-1.34816697595795,0.384140445882675,-1.509474314917,0.478773389287881,-0.96996465752498,-1.06318184071688,-0.299116424972744,0.614265821141067,-0.7981998691644,2.51351283335037
1.71824162823253,-0.427348430155964,2.52241188961317,-1.20570140161526,0.888575781431236,-0.132513724190327,-0.167063225177568,-1.30070960953847,-2.33758903456842,-2.68858546100224
-0.620708811100285,0.34562259922264,2.31799416170128,-0.00581889686539772,0.871620530017615,0.804304011031384,-1.21160982852823,1.433580597304,0.450254881025554,-0.439485919293679
-1.4150079389371,0.0155302982274303,0.578967195038466,0.0406044468033303,-0.294740278444923,-1.22959119248467,1.435577954573,-1.17139788625706,-1.00776925246903,1.95022232760905
-0.905252773302559,-0.932706362636514,-1.45023946056515,0.598416019928289,-0.186516699060858,-0.375546895582203,0.293535271490083,-0.0745887774078541,0.32373051322738,-0.38096504655791
0.381801422306702,-0.161455787931095,-0.742535238813897,0.351779519336949,-0.912383713280439,1.21843670483798,0.656579444851277,0.0284790588342422,0.29287043472954,0.631471497310939
0.116685321403541,2.25995400407075,-0.914343226104364,0.821321748832516,0.967787561305144,1.51135078867658,0.943632680905361,2.13219126961335,0.609654739766475,3.2410593846646
0.203289248636566,0.966254159656319,0.191142870368855,-1.41036089086362,-1.22266833283864,0.905450681226711,1.18132010769739,-1.71928704606388,-1.43557818676042,-1.16141343556545
0.688018079575034,-1.29011334607083,-1.01162095650619,0.892569985215903,-0.439395382894444,3.01804476224823,-2.60552365331137,0.0136211914041579,2.10425980449549,0.305160159798954
-1.11574226823414,0.00765708952507432,-1.97672432848994,-0.333040130937282,1.5133591188222,1.92898503942525,-0.0475411016128807,0.2306810244099,1.07170561857358,2.88583937891719
0.179511935488284,-1.56900203662885,0.377773674984664,-0.89223561624329,1.36460031207732,0.498594946501753,-1.68204056346022,0.0130281473414767,-0.795200196922457,-2.47791695483125
-0.809405986129046,0.693269783648274,-2.07721733255251,2.96910231569785,1.70163120747539,-2.12927344883052,-0.966538807590786,-0.061809699262239,-0.229622695450612,1.33867397448845
0.337306177319025,-0.539321633548452,-0.298812938838791,-1.00516114799463,0.604796512482037,1.19613733781535,1.39934436357403,0.88015844902443,0.238434328036625,-0.984010133940173
-1.04584800104406,0.212312518620722,0.969029706092028,-0.420324528763426,1.05435645711559,0.484077435298464,-0.983700810580714,1.17170727527242,1.74480901157192,-0.592046475944819
-0.0633441720025041,-0.950567754555829,0.369820124075674,-0.345779556773378,-0.882065254752877,-1.21877118485644,0.570987495615519,-0.716514362857635,-1.12192474641114,-1.5547500681905
0.839224427425205,0.213760685207485,1.22648960184354,-0.586941178985173,0.563046212930557,0.403329855684295,-0.454045035109836,0.140515306304919,-0.812806172717877,-0.474271714783282
-0.71102583462572,0.629118499209777,0.27494461018472,0.282379734274593,0.596469514430155,0.0397555045280474,-1.58712195140174,-0.441329659529425,-1.9695944737985,-0.32555592609734
0.491470145951336,1.28803950963469,-0.74868172422567,-0.950013818959963,-0.253608207914656,1.26170973968589,-1.37907999390156,1.10985710987547,1.54002425110624,1.57476939657737
0.29450795584318,0.274629268472666,1.15454941399041,-0.0582366039137763,0.379528737986546,0.364052346960991,-0.523598114077052,-0.202007643175336,-0.138281291147243,-0.659163212744058
0.34109159501118,0.956217369073218,0.341449169442331,0.393785523199258,0.286313229982493,-0.759668320252699,-0.245808463673558,-1.12265162526661,-0.720198896437021,-2.76736439775012
1.06813159969178,-0.870399445130017,-1.07856960812754,0.665394715514639,0.361790799725979,0.547007234357735,-0.0710100998021335,-0.0657833080410546,1.72797468443198,-0.870831896664276
0.364192386780658,-0.695418585847723,0.248529977006517,0.241297977029986,-0.586532213389821,-1.22029538268855,-1.62481733824934,1.39168122378789,1.93576906267817,-2.0553044283472
-1.4396618788612,-0.281169689274403,0.18985404773913,0.713383679205787,0.775688603805572,0.643866202856199,-1.15463785868199,-0.987604813625941,-2.17051932567525,0.242955787609014
0.320129530998657,-2.0830032824777,-0.442393144829961,0.733333994207665,1.21395530415644,-1.46555573540586,-0.0737926209824068,2.31651452375896,2.41962658575116,-1.98302379234386
-0.834666642552434,-0.612440509929707,-1.34550155835307,0.40315291488365,2.79827415607126,0.277163133300245,1.14302871272857,-1.09281159685201,-0.834231027084645,2.35461054145458
-0.158071381480628,-0.498150245492846,-1.1507568775035,-0.326977323404719,-1.26978322877568,0.914535805145156,-1.56458500273312,-0.379772090904314,0.29285593690178,1.05137449286346
0.995288448814171,0.915616757462265,-0.299708175758113,0.463861431996607,1.01861016308624,-0.339076557536802,-0.241274428028681,-0.420994323579063,-0.323465762673189,1.28710338422019
-0.607529441867098,-0.444031479280063,-1.56871109662822,0.98725353898341,-0.103447374836405,1.61186330108554,-0.495027931662756,0.247523342310622,-1.53527214343515,1.54328083612678
1.24951151555501,-1.3104320831566,-0.407533833753226,0.426832546879434,-1.40544383577658,-1.73561312525768,-1.37393162721819,0.0256258073537307,0.800921833038658,-0.716721487545387
0.392676898846466,0.51184424645414,-1.45376861599113,-0.674156249801109,0.370872065552704,1.2716163719218,0.987008228654878,-0.95125742783348,-0.880771188124148,1.69490006474324
0.349403305769735,0.613230977908874,0.537745942623883,-0.451349531780835,-1.08054858742329,-0.918612952966604,-0.81790840521841,1.99274013993159,0.987879213403616,-1.17945041568208
0.756923157348952,0.882217219089667,-0.172887518321555,-0.300224640473242,-0.607512579298044,-0.803625285422995,-1.36390060217297,-0.736775020138844,1.73404840176367,0.321574786365755
1.84573376801126,-3.3254168759216,1.93734227305877,-1.13215031526038,-0.686681555402863,-1.65652130013084,1.59980729839092,1.37928056184131,1.39334244920481,-3.52775832851408
0.268897565571325,-0.130146283355661,0.289064380483344,0.0214751021997285,0.249042279254811,-1.2376369761603,0.259387179104641,-0.560621205551639,-0.430448440593742,0.215304885339093
0.604899346562512,0.295634049767723,0.683781889629126,1.14561065984555,-0.0872181228663728,-2.5829220828727,0.195609008251145,-0.433622505221748,0.644724702827597,0.346682813267612
-1.42927156991099,-0.0392280582203421,-0.810435163003016,0.0403567080489273,0.291592100236722,-1.14971963544997,-0.247364209359126,1.52722488560836,0.686601189750444,-1.37037121308125
0.471807310265175,0.414796857859239,1.26712597127135,-1.79962155196974,-0.310869737730786,1.55316294194192,-0.653388521792139,1.12111345899089,1.34175555245747,-2.17779909375497
0.271683740972602,1.6030823984168,1.4810299059421,-0.845829734249681,-2.60075208860941,-3.16571482679065,-1.24551123357973,-0.546705169206594,0.19921429596725,1.09105876068761
0.75744913250632,0.299962989716781,-0.532009621015848,-0.186161338204804,0.780860710707621,0.57170445901949,-0.418515688748371,-2.18358705839588,-0.441970218098767,1.15732722887309
-0.463302830667724,2.76791442739619,-1.0554226191431,-0.381371329009259,0.438098729940398,0.0519176547554323,0.0015881287454489,2.29640371342144,2.32746577568659,2.33437977775665
-0.597488772978364,-2.0276011048805,-1.01869964011394,1.70234460184881,1.02515855323081,0.165012916047903,-0.411942472217442,-1.64780834115439,-1.83054509043464,-1.97864640111663
0.875791488550978,-1.97073558996362,1.15113460148244,-0.241152110835305,1.49519830097016,-0.131418129075966,-0.17846782510829,0.114025053911754,-1.29885369363207,-3.65967104272134
-0.150374979600237,0.18737999501991,0.265183441459509,-0.598750899595648,-1.44682671053809,0.567846363717552,0.943790992070697,-0.584987196183632,-1.60691672460434,2.50161967030403
-0.704203731171627,1.10861288944471,-1.19012314248232,0.305812013573932,0.749063679393206,-0.316740156882076,-0.129997062763986,0.0692871022296517,1.55156721639365,0.256948300580659
-1.18553257135624,-0.780496001469024,-0.240061894556879,-0.745717834681343,-0.393063282773172,-0.98038597341789,0.75493149923461,0.458703748848788,0.801025128079628,-0.596257397024025
-2.16048903720957,-1.61594020700826,-1.31293884442135,-0.0548535690830432,-0.185565485204286,1.33856870853306,1.78973474419868,0.51748556224718,-0.98130911565974,2.35659736625003
0.345460814320383,-1.20161216280546,0.831074585613015,1.27603617621805,0.67445671163607,-2.01835352462698,0.342524238229686,0.584344866669413,-0.234074597700574,-3.12649675240207
-0.966637254976374,0.933167222057019,-0.92615858489114,-0.306687220178502,0.737328283036662,1.53920161470596,-1.103138490601,-0.0670278985086828,0.854931245988213,1.73948978686591
0.429353390262733,1.23832413544569,-0.505095374364184,-2.12898104951126,0.567223534179678,2.33734927066182,0.912203962977602,1.53811150733451,0.722831421506176,1.07610170651636
1.59958447399505,-0.102605938061743,0.572853176485511,-0.172825529234571,-1.4867876035443,-1.24621379650408,-0.78667514985759,0.0871794043725895,0.889036475875397,-0.406503489948536
0.334278034726313,1.38603450190896,-0.303493439688438,-0.0707717121417646,0.649241875309585,0.607027000890128,-2.03519014024462,0.677779881395236,-0.164931179486964,-0.220889923306704
-0.422545360070022,-0.785322118368677,1.05204283155917,1.31489819343421,-0.964638982336525,-0.204608004958316,0.646912521151316,-0.0236163370514542,-0.817497832954318,-0.0805727944328442
1.44671198944585,-0.79419758280894,0.534731253011673,-0.949160306298368,-0.660882787580688,-0.669533965942815,0.666792014528935,0.0459695103496599,-0.714340410777986,-1.17677468110547
0.229855886510941,-1.09072919572023,-2.11056725508753,0.533558844644116,-0.488756174132867,1.67055999807368,-2.02863198711949,1.45679104891184,0.68669303430088,-0.382265675607104
1.0033790850121,-0.601012710950915,-0.407304998770972,1.2418893393188,-0.483844895447442,-0.770244819379726,-0.853371788983856,-2.04657923034125,-1.75620193914876,-2.78227363599047
0.670686871666598,-1.19517470413139,1.03500339160646,0.780557883099276,0.286601407540226,-1.80372484184524,-0.350906196356448,0.567929909502936,0.622787060036358,-2.02361764290805
1.43857414565609,-0.144398651294859,-0.229222760825635,-0.710471252680539,-0.175831375103321,-0.666720782216124,0.539819832806871,-0.616322264079979,-2.79933630904288,-1.14627146436303
-1.32430346082547,-1.46490804930376,-2.22160891646174,0.364815422102724,-1.12768180220416,1.32151861447867,1.64453311122905,0.186925926537357,0.653294150080983,0.326324625331996
0.496022560132454,-1.58669137519358,0.759498023555097,1.11589064111266,0.0112776972691298,-2.30097881655967,0.823099444362085,1.20348364578079,0.861979574076685,-2.88137303863102
0.687280004804398,-0.724716521965965,0.349663191270706,-1.41094125789649,0.393078922883388,0.496820483901579,0.105716316116537,1.54644820622935,1.09873192294609,-0.119427252257525
0.120550962480371,3.69008327341664,0.0473749700366365,0.318298229529974,0.320802474208463,-0.362718873573173,-0.672607807163513,0.664279754340114,-0.702873296203829,1.96873075008716
0.13989329339963,-0.575043131252987,-1.1454980365664,0.0486672378424958,1.55038978277314,2.01092881200193,0.683086931756095,-0.00313483296134451,0.232043909254186,0.433507818291439
-0.526062433329086,1.21573789255252,-0.12451638637197,-2.01039079029293,-0.473037914371948,2.24142395597785,0.444339317028091,1.04318816031696,0.70623941191264,0.891078498403655
2.22667970412571,-0.409869551516681,0.935293930298864,-1.20981070949701,-0.652379563833505,0.667339271689244,-1.30168323112154,0.200366961729193,-2.36647702116617,-2.44863887344153
-0.522834314891311,0.362183618973109,0.177741728118808,2.35113251740024,-1.46591766688286,-0.731162832592125,0.890813818956521,-0.137512974581067,-0.367865960827824,1.45888623698533
-0.755470724612363,-0.95311333572189,-0.67887785697161,-1.05725762588654,0.3076563759234,-0.135856583248883,0.00029809691829403,0.396042479597628,1.40625313441535,1.60878502940391
0.476413712562937,-0.143862274593284,-1.36493970375496,-0.543164022093381,-1.58844528485192,0.278131458966888,1.33072906232125,-0.715084444710818,-0.298997561510284,0.458348523415072
0.027471625138943,-1.69245402514758,-0.337268097343356,-0.384372775561708,-2.3511539754244,1.94505597088518,0.292697401310544,0.264176944419548,0.946464307712069,0.47596181925029
-0.57699443517988,1.00419043618813,-0.256966876414378,-0.738998876353616,-0.142785850409412,2.75364833804129,-0.365679930778428,1.01039674124491,1.74911611281097,0.830143160280503
-0.980853107173424,-1.43416287120664,0.231444711859917,-0.711647364049592,-0.990113182001615,1.11543469776118,0.435539880981833,1.49369955506376,1.26063857899337,0.342342220926533
0.627722487722324,2.01995117092485,0.151349295668019,-1.27789422311413,-0.58764007372718,1.84481666894946,0.161395191865066,1.40032568634044,0.989896349267957,0.204580099534116
-0.490563384490863,0.655644179090576,-0.0853198638137776,0.839597046026662,-0.73946356130939,-1.73158242485321,-0.625482559240156,0.970168554040538,-0.131435972453015,2.42013595247246
1.2504807953168,0.48980206644977,-0.640163824737593,-1.56512860443144,-0.200293127062042,0.609041255551191,-0.616033622432657,1.15422563905381,0.16211483310854,0.503544328321658
-1.10816828580721,-0.21657278452285,-0.507444483299898,-0.601078039441626,0.729003121418102,1.40535079577474,-0.0399360536076978,-0.437436039525278,-0.584593795986322,0.839406151975063
-0.284168211707011,0.512389897825839,1.32538040296002,-0.912527064248862,0.844228526374694,-0.489504915976363,-1.40785161061268,-0.574363337231069,-0.523484639088161,0.0874304253246624
0.00155877043499739,-0.125790940126945,-0.442333829380059,-0.57340965406798,-1.33166679618534,0.715749196754642,-2.16257435408777,0.468520321850676,1.07584325672385,0.548504440699621
0.367338928287277,-0.585362196783755,-2.24074217045311,-0.663361623025964,-0.661930491066861,1.8970720333901,-0.0550485342854774,0.78981545507557,0.336034188862699,1.82341955922179
0.804685840974768,0.741095858391812,-0.251318174116123,-0.436108815481447,-0.0891477260990738,0.203947940985682,-0.769734968259277,0.303556163787054,-0.0949886289565077,-2.3176937761518
0.814840936707799,0.686274394780509,1.09166319319288,1.32880400886496,-1.06798584506762,-0.261282946937934,-1.35123457367243,-0.112677886764484,-1.72012106110271,-1.60916449448574
0.756653947634123,-0.981193122777396,0.616811194633914,1.0219480392167,0.674123360815881,-0.270420863884279,1.20491110025885,0.151194622227788,-0.349189582213808,-1.47213729962101
0.18231411081221,-0.725232979855877,-0.0655241803677145,-0.82924305815707,0.378493967675165,1.91036040226789,1.06100757361104,-0.918823821011418,-0.490367128521801,-0.34984028470747
1.5293600668043,1.38319544319383,1.68088658303661,0.639009281977204,-0.287885944014876,-3.16001228653553,-0.66145906000436,0.365564279189718,1.15472093013987,-1.52122031925756
-0.0852538014472567,1.90626811470376,-1.08390942539914,-0.578504987814044,-0.314665168801147,-0.873658274483881,-0.74022779515131,-0.143542799854091,0.995770800616304,2.0124211357261
-0.374370659646566,0.899467155105827,-0.531558794055918,0.899848218609218,-0.412650703019695,-1.50642810160214,-1.64765424172776,1.18808767206484,2.81171265841092,0.681476321693322
0.81357698477967,-0.00354458422844398,-0.703510550610838,0.708260643306033,-0.477657128461378,-2.2894966436554,1.67538020018094,-0.253831334565086,-0.223145597873672,-1.26521167972643
-0.0398075436552454,2.02552439550314,0.904743885260772,0.197064494190322,-0.85057222090731,-1.17098590141068,1.72638918753805,0.116706438681784,-0.161317781205332,0.1050492428805
0.710378282743035,-0.451920101747654,1.35117261314511,-0.88721245808738,-1.00710229465472,0.269243204884162,0.559951844034336,0.190325807892894,-0.457480313310091,-2.66051791160416
0.0148347154344038,-1.29329168544078,0.353361670321559,0.98559656326607,-0.493729464076251,1.08617994293494,-0.378708730443104,-1.26655587512304,-1.12348792082349,-0.905580217665632
-1.70456654233002,-1.40843197100841,-0.427531105180062,1.38787474714972,1.0906361671202,-0.97464727483664,0.458228866515744,1.68306227828068,0.742310085418949,-1.34560082533316
1.06982121747746,0.174632854909043,1.70125350166192,0.601693116829543,1.08967939754896,-2.96716060395646,-0.310762427553277,1.58234954959054,1.13163712821664,-1.01426877564366
-0.672681163578946,0.0377826014418885,-2.22689760082365,-1.61601379767815,-0.188755365928589,2.46614065893763,0.279937335316838,-0.948525891342016,-3.00529630820448,1.65623191512123
-0.0540031300632653,-1.64494214185973,0.729633212457491,-0.614686222421778,-2.18007837271564,2.19861671267795,-1.97949544614835,0.346550993170907,-0.703268700457185,-2.23125473637533
0.153218964461325,-0.652591394298954,0.221605577964697,0.566093639020163,-1.50323983367632,-1.34298532231385,0.311508768414921,0.716635150107054,0.711052633390187,-1.27816509594222
0.0306852263133926,-0.0872088006559098,-0.296341702737126,0.834316650835919,-0.00624531444683148,-0.580716283171008,-0.776915530174287,0.293560749039623,-0.410635416540911,2.20760657448403
0.383920372016735,0.449060283141119,-0.107757127730056,0.329695217301787,-1.40745549490612,0.900105162817516,0.616989433062853,0.512225000488362,2.03037145575536,0.756390463477374
-0.372945991434438,1.85285374499268,0.658094014368473,-0.792984050471572,1.12236797082925,0.329706455064012,0.687931516869478,0.391842047915207,0.266936036515987,1.76502621108387
0.0252055981565345,1.52269527181435,1.16274924774607,-2.06442589227517,-0.181641820521023,1.08936843401324,0.50833619292569,0.12692827924119,2.48148362102094,0.106355991229852
-1.30413885645576,0.554015141861025,-0.221546411270456,0.427427495567969,0.1161905671865,-0.447886227998452,1.03569931730311,-0.684012636682205,0.357584083547053,1.77888386678912
-1.55153049911633,0.498326533970695,-1.66912173742985,0.798406301261994,-0.804723029834214,2.3036912604944,-0.398761735571134,0.744419245456678,-0.708714859661479,2.23710551769293
-0.501989471182236,-1.67668527023378,-0.0616273920227,-1.81536955429068,-0.825910721340898,1.63604629306738,3.09699178921143,0.194151662271453,0.933572610258265,-3.22024097200224
0.285809332135718,2.02283797596049,-0.495255600023335,-0.967431554771288,-0.0558436119626388,2.1495450129479,-0.0303906446320616,1.59489987011282,0.711427163927711,2.74772010755426
-0.140316913545617,1.33023518528019,-0.0735515223372097,-0.0774890597865215,0.107394422696013,-1.47839630462962,1.09731011997837,0.361759240353881,0.00260712931571555,-0.272645502456103
0.250294848198698,-0.323586997512805,0.595079325708852,-0.500830629285363,0.600293319311042,-0.637788569394616,0.638718295143219,-3.00448523579482,-2.39021825371045,0.30166767748547
0.202570512552669,2.0858528914941,-0.103945650200409,-0.804887095467276,-0.587686566052633,0.794874614896804,-0.459409599254682,-1.88523355301411,0.227742761636479,1.32334982098693
0.923255436180324,-0.369480585746931,-0.213062888911066,0.859679815719856,0.329651389545585,-0.292813766911329,0.558985278597644,0.273628914748242,0.474866606671218,-1.64841693381976
-0.182469817418055,-0.796354699806715,-0.51600451365711,1.21152540977474,0.225423341447706,0.467684369977102,0.545816338502644,-0.766383875450225,0.9461589084239,0.198681442026768
-0.628329517175252,0.114775177729398,-0.658494132061067,1.16273510132052,0.234410350839166,-1.93952062020929,-0.651302737887178,-0.32981968118331,0.139033689905328,-0.411628295796884
-0.236189728596947,-0.700661987615514,0.376035280739013,1.25141418181681,-0.568096987659582,-3.2148935197402,0.227867090791215,0.102731953146539,0.455176499351859,-2.33965063565018
0.52156561128207,-0.971275770131988,1.41190719259099,-0.0315027657804592,0.620317515620061,-0.981830736314524,1.30997884386738,0.670186492140511,1.49443684077462,-1.07766053077757
-1.22999267010256,0.013800634611724,-0.785337557359024,-0.669974357251597,0.00723428515084046,1.74322802546026,-1.31100898345252,0.592533538037733,1.6319946608558,1.42857400386223
-0.0823751737302316,0.542035791394862,-0.564474982606591,0.0872512432690057,0.891979081257418,0.0977624879178434,1.3633632150214,0.0145672621695916,0.517510656190672,0.641883525158158
1.57382930569985,0.0455720410189373,0.867563149970321,-2.1886665194698,-1.0089407081622,1.89409430515797,0.933856849745964,0.819719575525935,3.45656152527446,-1.42538373439527
0.570615262873834,-1.63188166486388,0.369751126072557,-1.15013457972233,0.199026903196812,-2.26932313891856,-0.0678269987222088,0.610855909742471,0.708239799962473,-2.65387070906615
0.0973685655402955,-1.73878787814597,2.47111412928949,-0.981430851335787,0.45508452823019,-2.83684792959318,-0.0172179864518263,-2.59200025722786,-0.354724734745551,-1.49937869579178
1.68174836055754,-1.04500615748223,1.50085091784562,-0.123901152014131,-0.125666587928163,-0.117905907901633,-0.642883114887936,-1.00791346642314,-0.387353020766764,-1.8572712427803
0.0343065329370331,-2.43993946724437,0.0223364526521884,-0.494674325723553,-0.0331480749558533,0.553877970277451,-1.02381502845419,0.594887468558925,-0.0276769509179566,-1.72166277755924
-0.58595854360859,-0.88033114152961,0.773177832010976,-0.000465607571251248,-0.638567271026011,-0.344912086403373,-0.262547120258404,-0.613695532197952,-1.98736607251426,-0.784158718890444
0.399618279233663,-0.531342451734559,0.976024235397062,-0.311015345293768,-0.399970519936832,-0.441161979612756,-0.254770151108938,-1.08696943660601,-1.42984734719517,-1.36545492596722
-0.871304519502894,-0.696815544275686,-0.878151975969169,0.263869326462136,0.273536230787159,1.70257431487013,1.11184464845195,1.3923135025175,1.43947144855232,-0.916728509576076
0.838551251390289,-0.450886741736489,0.951812914135538,-0.154166133872416,1.55069007179091,0.43577247306393,-0.299999648583814,1.10685625494163,1.91419474396751,-1.67219891090691
1.3692374617101,-1.07184660461515,2.31082122897732,0.233583204816659,-0.260480384830164,-1.35373744811296,-1.25953317863902,0.465519816074252,0.0474440875754291,-3.1487159222799
1.10956328371774,-0.702650870343936,1.03516229601038,1.50120527052699,0.417270439209898,-1.67137793628573,1.52553511131736,0.0677813765614009,1.47971158300004,-0.163851877508887
1.14570455128347,0.817813659076871,-0.325231293338235,0.313431248095735,-1.77019009786746,1.02195090143027,-0.165220913589781,-0.392458011936868,-1.17787531361169,1.05989414203647
-0.0675747796899492,1.06927852534811,-0.23960908198443,0.115749605493915,-1.21359974359938,-2.57572741559452,1.12537779935622,-0.99541904818586,-1.01879370824772,-0.0102050418977568
0.454368027144737,0.124262525607013,0.645486282149253,-1.70337783202729,0.110465613042406,-0.720644273945773,-2.54198730899369,-0.833319696935535,-0.72230222482402,-0.457669613146729
-1.02865316089301,-1.66893888749445,0.878288213209755,-0.44946127883088,-0.255182079685259,-1.43576799374629,1.35288010411183,0.463141751685673,-0.45037977990556,-0.459526525811541
1.09776548351728,-0.593574452247629,0.933093937083785,0.760709355468879,0.153069038733817,-0.102281121876882,-0.882782701914276,-1.0491805695805,0.335766369269196,-0.991742345997837
-1.17514839150784,1.55162223073662,-0.407928253624528,-1.5008428810236,0.326199366744469,2.69931950541813,0.0393311085971293,-1.43820459550794,1.00051967550111,1.8601297746578
0.723123006078476,0.835113033696609,1.93300116791297,-0.204757439524987,-0.478359145367637,-2.28140306971266,1.4922554837261,0.0541028770104967,-1.68615845419162,0.463118631549059
0.135195477971625,-0.266277817156297,-2.76618036871542,0.41898884496069,0.0375930332403572,2.14449058667199,0.138332355089745,-0.289328235311947,-1.63400788616908,2.47657660804164
0.607611218028589,-0.983429521578314,-0.0870170984026838,-1.26369901635707,0.546379745259053,2.40090076588308,-0.971429598429608,0.565040535169431,1.42520320905244,-2.21373632491759
0.531119326710173,1.27598109670061,0.875612927534598,0.843161637948469,0.323629230611875,-1.91792544786913,-0.939847258779686,-0.352912275877986,-0.625730754213994,-1.28306407708702
0.153669041266673,-0.0359409844457648,0.875558592266538,0.222781926522847,-0.480158368352163,-0.845731726953487,-1.60108849784403,-0.726944809119758,-0.186014711663211,1.25015377620055
0.267797593188342,-0.708557376754238,1.02677833968632,0.477349295087572,0.708939084653929,-2.63078865063734,0.50324357113948,1.18171045807987,0.788513992482283,-2.10255250316912
0.122093196390248,-0.582709807165613,-0.776600221196319,0.185108341876367,-1.04378247513278,1.12608920297176,-1.1719040340765,-0.593141387920271,0.638597257741229,-1.22034304567764
0.264393221618,1.27316031468027,-0.428648046875534,0.791452463109594,1.09561246101465,-1.41685058484752,-2.4447545403187,-0.590531597322128,-0.662436913434263,0.133325744809639
-0.28318640279567,0.0494415711431709,1.27471140279782,-0.726238104820907,-2.40816023950547,2.26857215888174,2.80357135691117,0.617268471540868,-0.434213994845799,1.18993345372289
0.274677573403271,0.616169155284699,0.751008420447254,0.921645387130768,0.768476754208753,-0.843881520312868,1.85991767610673,1.39847080899178,0.915504099819887,1.91614869567434
-0.227215274903055,-0.812413793738984,-0.851717121662714,1.24174496899052,0.153892027789623,0.0536969436644131,2.47628470812922,-0.776958715222392,-2.27262682104285,-0.476399163775371
-0.0373957448969708,0.0564425866249109,1.19838263363194,-0.756009333890994,0.717580546157121,-0.209027139730346,1.87102474404623,1.32599166729273,-0.438518680624931,0.243195181680522
-1.2483674260368,1.37002135580263,-0.229708202509301,0.710739797417473,-0.586007752988836,-0.347039680535099,-1.11622465902415,0.734214447063175,-1.34727576153703,1.06893688938962
0.509880687691852,1.0100040466725,1.20292651994833,-0.401766287853072,0.347702451889343,0.684214886268622,0.922059091077654,1.04269952664582,-0.72723396054706,-0.879337124308862
1.59772775282805,0.770985459236663,1.32328023722059,0.271968431211758,-0.901567230088806,-2.04060473975726,-0.572327817815738,-0.52885643996267,0.0782327575407194,-0.0291204189265967
0.527211732192976,-1.66700740636337,0.881547710096613,1.13662862826864,0.753647490182461,-1.78464479519993,2.09581743536451,1.78059348702126,2.65217609303788,-0.683938547499111
-1.72323667472209,-0.367489918189576,-4.13707461963495,0.180202199965184,-0.651642624733602,2.73545309294723,-0.533540397978816,-0.578601619412024,-1.81007201603475,4.67707513616994
2.14159875817781,-1.73106012064323,2.1592229892621,-1.89900979094263,-0.049916229986701,2.50012172315176,0.844946360236077,1.19681901545507,0.64838679780426,-3.20333301912624
0.301865348614183,0.00493526796370855,2.43527987522555,0.549533222530145,-0.948455314974874,-0.584322420554548,-0.915518551559708,0.817384170263241,0.42530100783115,-3.71373216212387
1.52786098886937,-1.64168712967328,0.705301862408229,0.630961999407753,0.43601275041172,-2.11607445667592,-0.544761460734096,0.341108402881,0.1987575898439,-0.71520323723744
-1.87454857608246,-0.971806659921197,-2.75807253325162,0.307254382338573,-0.660223628215587,2.9236749643317,1.18042632117663,0.0213570528594137,0.257232028647343,2.30137859171484
-0.606951167431976,4.2520222452651,-1.08665257651158,-0.129029322398914,0.599836088986692,2.01210488597961,-0.406569756257146,-0.539131888806433,-0.30097597049308,4.10436842731079
-2.19236445008657,0.229182929274557,-2.00137275767088,-0.187742209002676,-1.72480416088373,1.86818165839013,0.808338551499011,-0.649734465258888,-2.08236999896283,3.31524142766605
-1.27283285794835,-0.444983116699047,0.466014267373534,-1.14577046655002,0.471720131923714,1.20750089372046,-0.383229703989891,-0.489708642948662,-0.465522772477019,1.49027505137071
-0.741704223928815,1.03680539450145,-0.962316221200596,0.638229436992326,0.0119124157086724,0.962146125530885,-1.00465376085155,0.194805017236237,0.140615566395739,1.07232515384106
-0.10544575893966,-0.582840123877227,0.322742713127828,-0.397012606965195,-0.601080520295013,-1.2668637687833,0.57814772987337,0.761659500930695,-1.88098420898281,-0.992049533157515
0.373285518190172,-0.38453724071141,0.00275507773292993,-0.446281408716839,-1.00551671718872,-0.790494304533541,1.47600577299222,-0.498848338687114,0.571091052758515,-1.58702692714634
1.30388654252378,-2.27826318016869,0.699293709202208,1.43154553743373,-0.417725452968556,-2.55591002569982,0.465047510323882,1.95287852692741,2.32980748441025,-1.80309532130793
0.488213989220838,-0.688634155425751,0.957926194325988,1.63778259197787,-0.677429454864335,0.558885146787972,0.824136326983279,0.305844001841467,-0.294724319750084,-1.1879501500461
2.03569796133247,-0.451816647876512,-0.601289373227611,-0.934378716074885,-3.09062403414672,1.57261224626609,-0.919501836761903,1.24724701884609,1.15005273493175,-1.91721572836125
0.536342686179628,-0.499933752378394,0.151613581833915,1.47312626653187,0.0397281202036672,0.169614736332846,-0.403087692604056,1.11879555060234,1.42754386378775,-0.928908766153606
-1.74032649734331,-1.51828009147169,-0.978969907764679,-0.720528762080705,0.0857102571508236,1.54825855886632,-1.27506723284112,-0.868384589350061,1.34282315273987,-0.429159443511578
-0.88649700179253,0.612049967572926,-1.70182466685456,0.662761936062008,-0.657456984524831,1.24498501009558,0.600473066395637,-0.459135051414077,-1.01013983432338,2.43000434052279
-1.18529236495512,0.457744858463851,-1.86269334744852,-0.0991471671883605,0.0106997084469786,-1.36596091654287,1.28214827396241,-0.848066372640241,-0.0991080980863731,2.56909353921069
-0.301576880066673,-0.989677155514471,0.414360991324759,-0.569515026885659,0.051131208364484,0.119617765692907,-0.338905174400935,3.03643211495308,1.16140087696676,-1.51388323632367
-0.0471229774136173,1.69844625380192,-0.450851422695381,0.777025798920064,0.301804107280981,-0.559685283799969,2.67434743784687,0.513244947499956,-1.47719407500825,3.06017118420215
1.2316438493568,-0.913928166078202,1.1415193472968,0.0463138584988802,-0.10622274831369,-0.540949473994274,-0.278822415501783,-0.511422224284619,-1.24288985026405,-2.94648784347881
1.56970314441516,0.248658167653362,1.07506985132669,-0.910500390240527,1.50045480461437,1.03916405303793,-0.695315979448169,0.00956605615347927,-1.94100955427039,-0.650439577834764
1.81176143626713,-1.12803090614833,0.00313479605938194,-0.87671857560479,-1.41120437215391,-1.46812912646586,1.2333272541287,-0.25197788828451,-1.42354111899077,-0.837363140342869
-1.21615340269859,-0.542542724267553,-0.823757455195402,-0.924013542103629,-0.45268475050601,1.99911181362275,0.22029873997192,2.06207291528605,2.03816950220282,0.157959368413899
-2.52573913148471,0.29389803343444,-0.143334442206131,-0.634373199346438,-1.10220769215687,-0.353100070100005,2.2936201396127,-1.56050808874459,-0.516060890875934,1.80085619974184
0.285834953875509,-1.65753455793153,0.803414377543211,-0.0429461362124441,-0.166456777219159,-0.555937927129957,-0.0365105737678324,0.395798092077755,1.33644797347171,0.274965441488047
-0.195106649884826,0.379899495078182,-0.971434223028525,-1.15781565049447,-1.27991090814453,0.314275837356088,0.857631827704597,0.703676878857846,1.60380990103819,0.561335995277054
-0.248551970323136,-0.717551414670584,1.87983296106558,-0.142205236291768,0.207994231138528,-0.978274276216342,1.33007938042851,0.121707382117853,0.358062332005187,-0.729714362737794
0.602598144740212,0.735596009492488,0.286683911341693,-1.40601125489146,0.874954782187803,1.13722854282413,1.5230540641027,1.1736451345826,0.259676432356774,-0.110246428155822
-0.573925907974881,0.955579833959814,-0.00333774047262258,0.177964864299781,-0.189624546201112,-0.898118387153744,-0.0624635161930602,0.612698157498387,3.58586217406552,1.23226675622335
0.754004580157974,-0.0533673849147273,1.19395718397124,0.12260845877788,-0.480487750279502,-1.04139255715857,0.497199627800378,-0.411574966427026,0.55086952061867,-2.17860580326154
-1.92087976167734,0.564578846106826,-0.72576991082007,0.0277615851881049,0.0847341751586582,-0.450347818193418,1.01062544492963,1.07643072719308,1.11044392628306,1.48992202334477
0.286081423762296,0.676789230881451,0.685266784661408,0.542568276165123,0.682784908301137,-2.12974909999717,-0.182114439461268,-0.391889189904586,-1.61747979070612,0.990661005331717
0.58481386847886,-0.486764507792878,0.897682844001373,0.353482940427348,-0.116242825308367,-1.80799202959759,-0.322087150324537,0.45050673926089,1.03271588998348,-3.0730263128026
-1.60669137370744,-0.84469237852194,-0.878255971007017,-1.0027502492469,-0.511366198961317,0.545580338094411,0.32758385895815,0.785828449862274,-0.497918263830135,1.31641803569962
0.244990741907841,1.21633308709219,1.03580065822057,-0.0492748696880334,0.773361554967775,-1.74721196312987,1.07149906637787,-1.77244589158499,-0.75364409175777,-0.877345577103656
0.16494795150707,0.60839639483313,-0.185194039261959,-0.154188800276599,-0.733246430288641,-0.197332239718275,-1.54220224735254,-1.18090959466367,-0.108503610768822,1.62293545075592
-0.00578622296957232,-0.179203220851202,-0.0167096027213033,-0.279610481652666,-0.922585483836312,-1.575687948097,0.283334253003754,0.0538285663532425,0.985113735675323,0.192632992383004
-1.937050304916,-0.974393870709303,-1.64586305693817,0.773004852773898,-0.606063404932705,-0.8213933429036,-0.256623315249897,1.45498813580675,1.90874475022666,1.07464199518575
1.19566488251552,0.536502848039235,-0.315235870291922,-1.93380331268279,-1.70728001676706,3.71065910896127,-0.887434772923274,-0.191092972255159,0.793166483489957,0.742605592297218
-0.56685233110995,0.294421694806118,-1.25770531632917,-0.662611625603109,-0.580955950305209,1.69306403473721,0.0369115407607674,0.756300117947818,0.822689791979557,0.957666135116827
-0.993441716668344,1.17909643465411,-1.39518585961619,0.436884083869501,0.677851611560337,0.57380153021775,0.560683010139394,-1.44885500236149,-0.510430510639938,1.25400348957128
-0.681611164155682,-0.587367520764887,-0.0477581858672794,-0.184466102267233,-0.0337119075456735,-0.457720039554636,0.531427789137211,2.02638988397776,0.918162003287788,-0.0283616037348438
0.657276535786021,1.57102842262528,-1.4919750715789,-1.76260036930353,1.10723569039627,2.11332740778378,0.884673611213227,0.644874661877646,1.73309829210926,3.3215988796104
0.394814082038887,0.205800881089183,0.33481149631374,0.974779579198078,-0.323867253495858,-0.759476646036068,-0.351727210910715,0.638395659236389,0.808581614721213,0.524936960405435
1.76518476117381,1.74378722960776,1.7530613473538,-0.315112704225,0.28126926857248,-0.934171474116462,-1.00312155248689,1.47159365283913,0.787516396822047,-2.00165639345135
0.176394302171389,-0.288981239051344,-0.876766464892163,-0.639115570015032,-1.41157185090309,0.26255060928037,-1.2513543009207,-0.676338994017995,-0.250112181767531,-2.02664095717334
-0.670539575773922,1.39442221361628,0.0221089323870285,1.33607313379095,-1.88793268549578,-0.903558608678506,-0.348743412026805,-0.166818050787252,1.41072505973614,-0.742084892184551
0.406932182115171,0.223128792365638,0.266618494759491,0.204500839096951,0.646555081416902,-0.761448360504385,0.36418223211031,0.066328540261505,0.547359362660786,-0.58808819530396
0.170104406685386,-2.30760283870769,-0.421715229618409,-0.242357602671573,-0.519113746033813,0.369553672730169,0.121562446292474,0.111097590628636,-0.397608271588714,-1.75669744796176
0.815386556434112,0.0854235330202696,1.42385436001474,1.39150484623606,-0.899588855381809,-0.595090399368219,0.203487191399793,-0.888330521440271,-1.48297163741476,-1.25295832419435
-0.0771220360516715,-0.88056996743012,-1.04952016945296,0.853783613387802,-0.842826864384641,0.411978397586427,0.754191521655731,0.0499143285520537,-0.457307851459984,-0.0381205094683659
1.13015118015153,0.694127741645061,-0.353174230586803,-0.00281466293349389,-0.857444924721569,-0.0713557538845658,0.0243417295116639,0.404289109397861,-0.321169132121473,1.68424662932477
-0.0332974116764773,1.75886859084454,0.746115737954946,-0.846825605128218,0.706184664927269,0.770088996461978,1.36878347318205,1.99692204908641,2.27591319951792,2.28889352721557
1.80784250171664,0.377947809251227,0.81069986599286,-0.241191996994971,-0.755779151450651,0.128477304654672,-0.481731917417167,-0.0716220323062537,1.08585440178952,-1.20764362435758
0.357294174448808,0.984059446601975,0.0857026804944455,1.13621582246678,1.67358603932715,-0.382250690341853,-0.428871710886767,0.811172148670173,-0.950616368766402,-0.0618424403147852
0.824257912321627,1.08697422430614,-1.05882580327574,-1.34609258740523,-0.0814986679878182,2.65926491556756,0.957091683497969,0.892632428429014,-0.409747322706087,1.96354194502368
-1.22942661141484,-0.912271622239259,-0.496857850648747,0.315350508933239,0.587813952676053,1.45284763752611,-0.443154962244264,-0.124391233960623,-0.0799463562366263,0.841944748378014
-0.70202879995328,-1.07173416295749,1.15863270940079,-0.704871285791243,-0.37545555203369,1.47068075664981,-0.647475303118879,-0.245105726813687,1.08991181522751,-4.26965790477859
0.77443412856324,0.335364398327152,0.0363298751089593,0.688316489531558,-1.68010357279397,-0.564147265684613,-1.36814037169799,-0.338308476227294,1.10595306456442,-0.463404815649237
1.62057204003617,-0.941430531192699,1.40349089389256,-0.262755041737557,0.402451366353045,-2.63773534390378,-0.485872048627378,-0.501584714448758,1.76475921820484,-2.07237656035069
-0.0178735274677351,1.60368931210794,-1.04738369496891,0.454703885809009,-0.679852191326698,-0.674774518963441,-1.43645462681131,0.755732304139198,0.675509756273147,1.28744384152968
-0.54770381996339,-2.68925863020618,0.156271790856628,-0.874795945433563,-0.945418723774302,-0.0653756800185779,0.414961814409134,-0.501944759003597,-1.68155038067965,-0.529641829755527
-0.929074665673304,1.22021361351465,-1.04807277760694,-0.556972315529129,-1.19677251840718,1.98259724800563,-0.434952934877475,0.262016402988821,-1.04525693299512,2.39210178719226
-0.432856875720439,-0.952600824177635,0.0731004461114245,-0.651077635536222,-0.305437465722998,-0.0959505788901602,-1.66800055854485,-0.0316919165754019,0.125273886946408,-0.91354086616172
0.36929497296236,-0.382726260746972,-1.2633279132618,-1.41600900714733,-0.135391437498736,3.36086012701093,0.374901034239118,0.556930332685841,0.904997293809211,-0.0228024322679099
-0.630028105260965,-1.04776273711893,-0.364063538792216,0.102753841673688,1.6091806299514,-0.479401239390902,1.54334302965525,0.196992967262326,-1.08500584772375,-0.572995182800718
-1.49922355607544,-0.0138430855562403,-1.78592113522704,-0.414843182116687,-0.632646435477069,-0.317025043915792,-0.109448768155077,-1.2633869295082,-1.7456703316801,2.05545932126067
-1.43654819841545,0.265405744883187,-0.122159200009645,0.293638056247511,-0.167557875998945,-1.57817372193663,-0.74754744248829,-0.232085218380976,0.684702149556218,0.0300032931705625
0.958270778876931,0.707336042717747,1.00022379077729,0.651491557229763,-0.419384978678015,-1.22329620336506,0.212557358027614,-0.195135291592853,-0.101126821907116,0.89395720951511
-0.206049183647157,0.368782921343943,0.436476083392031,0.542348322490871,1.06669671924975,-0.431411685176875,-1.15580618008755,-0.305726031323382,-0.134471393109405,1.1183310525945
1.17671780403707,0.291653285193052,1.42149262573641,1.28766697993136,-1.21142677995568,-0.796114167097858,-2.1837711176256,-0.866772201562289,0.10291695372865,-1.64590862483572
0.930351001248838,0.821426760958907,0.614690396686925,0.632418556462933,-0.676974650936981,0.411258142930006,2.24987499453413,0.0245428980218954,2.50602887379056,-0.496105253343821
0.956870741833766,1.06316416148397,0.432672087259861,-0.602334068183743,-0.808226753247269,1.15520653618205,0.971371221799724,-0.677004728406339,0.153653983061652,-0.234402417423058
-0.786278399709597,-0.413040567916847,-0.244227263161268,1.78692740368106,-0.969278629279751,-2.12518273471516,0.0829594556300297,0.165018360324754,1.72478142965771,1.53645917379065
-1.77452889188382,-0.608095821044337,-0.474645233409535,1.78613516964735,-0.392234585898042,-0.125497783202564,-0.643261058797633,-0.426889481997767,0.401030101672504,1.14664454554268
0.933591336320484,-0.182901980798976,-0.176383872856913,0.102630341068108,-0.455749102988809,-0.404309876819824,-0.309306614702827,-1.0205499200634,-1.22758879215386,-1.2555233873839
1.41353242119383,0.168549101791795,2.18972420884237,0.0255092624989682,-0.653788399131729,-1.38211429081454,-0.58651727607206,-0.750278733142885,-1.24492578406272,-2.98270005157476
0.368000301276752,-0.71490228572474,-0.67930309000648,-1.55752671476793,-1.64759609475937,1.73621170844277,0.353709726175205,1.72503425331729,-0.850827966871708,-0.860148383045442
-1.42469235870267,1.32401538401515,-1.57996060033235,0.471295466850002,0.736394331808826,-1.12630341789493,-2.07658619437002,0.364298427557581,0.927571203903799,2.69375708139344
-0.0683582608142885,0.141231871135788,-1.13182961732588,0.310378963270372,1.35591880515618,0.841187760913796,0.744355429744619,-0.692750246208532,-1.12224425258889,2.68381747328475
-1.48410590494927,-1.27988183521496,0.804030457779033,-0.76950488615051,-0.180030019997641,0.822459554894165,0.631594531394828,-0.872030999613506,-1.55239751742567,1.20859566906328
-2.07192325118322,1.98055400001016,-2.03139498599277,-1.80767997701734,-1.07644331975578,1.60358744696458,-0.340083035138652,-0.726443570512076,-0.50099751201343,4.72356212694112
-0.87363757564863,-0.523786563122021,-0.147437561058886,-1.03802179869086,-0.412286455553138,-0.219315913126125,-0.656573631035379,-1.20987400969604,0.52603995769806,1.1781402862612
1.05717222007682,1.70127302525024,2.7674674200824,-0.00838597046594375,1.30614792615337,-2.03728421686736,-0.361018614492751,0.968072705593929,0.659565929341396,-0.905778939359096
1.11112456091681,2.67695945204474,0.235400982691658,-0.41307798448117,-0.302027272408246,-1.65534474028172,-1.00621814050073,0.106038305831115,0.145340726052324,1.17919441014495
0.326991219062039,-2.29098654289937,0.3329776330561,0.421847671750791,1.21783641922935,2.40080806753688,-0.344152209114539,-0.697875211597657,-1.8695332162573,-3.83712380100028
-0.366537481412953,-0.841734811754329,-0.740345518273465,0.11022444673195,-0.946399929052677,-0.254230378931368,-0.19784977737596,-1.84167592282476,0.19073178006269,0.780455984139796
-1.50845392475547,1.69023149895802,-1.34113192198979,-1.42669523394452,0.0741497424966252,0.560270425479175,0.652207616162909,0.580131312073273,1.20813406484991,1.92887109598851
0.511950578552852,-1.23107780522645,0.626140334530012,0.936228145162356,1.37060084281656,-3.57555845822235,-0.206626524369162,-0.218343746769417,-0.431490531342654,-2.52377234628016
-0.625733362948454,1.0520649898972,-0.258117267429533,1.0272024317804,1.20306050595132,-0.773170452232614,-0.16438922362463,-0.163357831383505,-0.615025564814829,0.823404304863862
0.3241939776238,1.87652530466982,-0.201281979874752,-0.0563487784315446,-1.06640544554057,-0.640031883675785,1.16252896348875,-0.280674095104374,-0.268630368167331,2.04596613590678
0.0382453573188047,1.12005566690406,0.896118325087273,0.779971527870869,0.0870791237575262,-0.76912202369652,0.23991285754026,1.02547944656959,1.6501796363236,-1.18368329759445
0.543816526287435,-0.930659043816391,-1.24994525077653,-2.18401109992503,0.3890239774203,0.734819282062177,0.335847842226972,1.44005297905764,-0.866364202914747,-1.0786584717954
-0.268079190324978,-0.029873474940151,1.5433037309828,0.150731570478687,-0.626544527111552,-0.594304858778935,-0.916839842523565,0.0918549778378176,1.35757414296453,-0.110300642956247
0.548755003598167,-0.575541105238448,-1.25975945193046,0.225207616113094,0.18337257957583,0.230283418111174,0.164545492679915,0.449165596460082,-0.409962930549345,-1.27456326982533
0.240905744786049,1.66454474628492,0.823558675205883,-1.83047043316216,-0.376504924646756,0.406564573245326,0.409049520277216,-0.573621225156351,0.180716495219293,0.282411251121622
1.14871794440345,0.982204225614404,1.61494283185829,-0.0266187319463716,0.251649371571078,-2.05010339185449,1.55891367532922,1.58127660115081,1.69215932735117,-1.54907780076611
0.580444772892606,0.767585167583089,0.209379465620092,0.559200898313565,0.603706661565438,-1.13395416415919,1.0090080361826,-0.219480733321899,-0.103110113652006,-0.619438215475658
0.406626501214752,-0.977767821493265,-0.727819061873798,-0.412798970419006,-0.426446893372391,0.510209308783718,1.13391159139928,2.04037834730035,1.2563275150224,-1.84915321136294
1.80196539822646,1.50277029778933,1.86776725765006,-1.62274440935319,-0.574812245329254,0.0442145871046879,0.341590681661313,1.81570977790905,0.319253960119483,-1.78870978908239
0.0153772990252671,-0.317536356458145,-2.13306396223677,0.342672678633054,0.176450646827421,2.50654881811533,-1.47523546510448,1.14007288493818,1.5517784092692,0.635701270436242
0.709246350163854,0.800241307362359,2.37707184228042,-1.4935497616811,0.0973886151346919,-0.564708397136671,1.80045273253906,-1.08223187256135,-1.58248116704525,-3.55688742657484
0.128219157494139,-2.13904175448214,-0.868118321518447,0.632048585021844,0.424230726719625,-0.023932194735963,1.32199623249125,-0.201861348637155,1.49702571220654,0.175302929306893
1.36905766667104,1.3051525956294,0.408939878264995,-0.344282011285781,-0.341980772798385,2.88624460130417,0.785254827550519,2.22772987685864,3.19472530525911,-0.645003880324011
-0.376575781293483,1.58472245551144,-0.643593042629686,1.58397019903905,0.48964886143988,-1.11717427487445,-0.840771829241474,-0.1119880370122,0.228467451958492,0.773206257993869
1.99905054462313,1.20447977466882,-0.786020242418264,1.72242111509264,0.842555463445944,-1.53049316606658,1.08613534016591,-1.52332010886534,-0.531248548582854,0.260766606918301
-1.95098536419676,0.0761787067129482,-2.49586832028251,-1.95294356897332,-0.539067380218255,4.72406240564195,-0.215568777367612,-0.0241106837187946,-0.972253925410221,1.56437587821664
-1.03410125007123,-0.0185498123267335,-1.38004935723689,-0.247422131864716,0.297286533086447,-1.03356213350734,-1.77586028577595,0.0805832102928131,1.15688226375417,-0.240396275476274
-0.750819255339755,0.878604460734527,-1.8951924443701,0.0801404647835467,0.910292348333187,2.719426092159,-0.919170582296957,0.236089568706924,1.25925753450855,0.365376011205732
0.0452351584030624,0.858977202759385,0.399975862030749,1.74992895120169,-0.971496845092801,-1.05697343557395,1.0710844162373,0.33334397135685,0.0670846319236039,-1.96034942966421
-0.583523859281837,1.01798093641633,1.15717971850839,1.40332444258928e-05,-0.7587701681953,-0.403169364156086,1.9720123500586,-1.21524594071992,0.124837367399719,0.883693105231619
1.08308306214568,-0.632445841934992,1.17658493062049,0.38593315164682,1.55026784588383,-0.633854812827008,-1.44408760698107,-0.319584023669615,-0.901448055946708,-2.67376784644879
-0.0663475515001544,0.314073469416461,1.52121964301382,2.36706253298461,0.359190336216479,-3.6479946964152,1.91206108528817,1.38528826455207,1.3329755866198,-0.160598248899705
1.46383527182419,0.78999698500762,0.268922542285981,0.618861845041474,0.495002832671851,-1.53133441139777,0.476339936828351,-1.44938952344493,-0.407811127133575,-2.3530198362695
1.02894560969477,0.684219679044613,0.897009722385387,-1.03197830638526,0.937195358128643,-1.02327326724207,0.406235575844023,-1.82419831983233,-0.171225716757914,-0.596249074551355
0.38142167894497,-1.59644550568434,0.902480099004975,0.982637494892104,-0.812252921645864,-2.87961566005938,-0.511876098387803,-1.51881537845867,-2.1912731828343,-1.69780785973459
-0.415414797141335,0.800890119842483,-1.81127977959008,0.927549102702232,1.61863755844861,-0.607369680927835,0.396993938800509,-1.18772475088513,-1.69229240053592,1.06858776140852
1.3399679451506,-0.0890140881373587,-0.384173593196531,-1.47765680525843,2.38557740894035,1.44355355940145,0.894661469055469,-0.455042745318377,0.492435214864524,-0.398360643032191
1.51494595742674,-0.543063628116863,2.08163054245654,1.16417788807222,-0.325336053542009,-1.6995134887771,-1.16610077081889,1.26265319355735,-1.29963629524283,-3.0662625701398
0.125755193609133,2.28434841215125,0.292577669888791,1.04632508794177,0.822782749646412,-1.34371646444799,-0.481256367292342,-0.472250277640631,-0.327495459818435,1.38569237151188
0.743332545271422,0.891586816138427,1.17276888383943,1.01800577762884,1.41526742460255,-1.88045975950725,1.41651511051998,1.38145772415168,0.52101009167134,1.33676468703468
-0.451563281756403,-0.0527369818908609,0.342201006270834,0.664615642378455,-0.40263925166553,-0.858473496185115,0.570126178743613,-0.188133115105588,-0.139436976006015,-0.49178574100539
-0.0149299505805651,-1.01606689356047,-1.15571014639345,0.689558133206471,0.756123159359336,1.69618228957657,-1.3644063452699,-0.824495122037731,0.478895847374979,0.68938207914855
-0.12845491341405,-0.267126320125136,-0.272708512313557,-1.1647291247348,-0.0730734700046527,1.83082535566011,1.5565438118359,-1.29822635994585,0.418865942229927,-0.495903008926148
0.768193054348251,-0.255729585658279,0.302999168636904,0.144317034629029,-0.612312603783997,0.678956098059812,-0.45136564330627,-1.22224172067945,-1.99202755453826,-1.31058001620415
0.859739376282796,-0.1591755089886,-0.322595399317649,-0.759489020412721,-0.497047015537069,0.485249672315752,0.217736274574114,0.561764184031051,-2.45224237313836,0.832871242650771
-0.0653787116199032,1.19645724300642,-0.22414317886589,-1.44193849743316,-0.566753268624404,1.67937953751403,-1.8629145512656,-0.372473056202657,-0.200739231245417,0.529888369442325
0.117310766446715,0.193174252158741,-0.0562260091645616,-0.0954366111542172,0.636601077637478,-0.0581802192057332,1.70797897257552,1.81640529417172,0.358178563060169,1.13764338141851
-0.492152398534561,-0.791169937718628,-0.562009333102684,-0.401482755750138,1.3318500310393,0.106247289003802,-1.56729972023075,0.726337661928052,0.161471616626095,-0.227797052923852
-0.914895682408182,0.199315090728106,-1.96907068006814,-0.277314718074823,0.0706769531285453,3.30579282617952,-0.495966856112465,0.16656648031946,0.574131288210311,0.459830532239175
1.03891829089018,0.243800111983016,0.371705875313806,0.891911074320093,-0.183236384444199,-1.4835504417901,-1.06162886818767,1.95339276202366,2.86193914332604,-1.5507830714378
1.37758298967355,1.12077740420176,0.381728985920415,0.197118635540436,1.06217483160305,1.20584863201461,0.509830248702738,-0.440822722077652,1.91171436169396,-2.673920000339
0.275229564184844,0.189891060366777,-0.687185259689131,1.53159043840164,1.8045553518406,-0.364721642599147,-1.95537379307561,1.35196646591373,0.63702802127296,0.509442222154373
0.461039347394132,-0.268737827238731,0.274350690313158,1.74657794676305,-0.903010267147715,-1.23858215960111,-2.11558903646657,1.0480327570977,1.53783561361565,-0.0743294767496726
-1.29505707805402,0.791749804073223,0.0765646738932242,0.421380991201596,0.195898340453412,0.0393130119008552,-0.271807401523131,-0.621026493476754,-1.53095794630304,1.15812123261357
-1.10901353818312,0.984764589232831,-0.544390310419644,-0.228208113364355,-0.018955640124356,-1.08276387990554,0.344920649815452,0.577876704769675,0.480850771388178,0.790171847206311
-0.103897039659211,0.115389753744444,0.573368966984548,1.31598282142758,-0.143549582192174,-2.21772426000434,-0.531384260497875,-0.355717681405901,0.115072295923203,-0.630257957076891
1.70090393136303,2.09063391853564,-0.548177455196704,0.673607771915128,-0.126294989894867,0.705914043821664,-0.877322786338366,2.5289487845952,2.12574744148354,-1.08449294795054
-0.15609129871501,-0.0454874155499022,-0.343080910296281,1.9311535306397,-0.120160546774519,-2.17294602522296,-0.419211531718804,1.60067268377836,2.09247234330266,-1.83834117750676
0.923259522334103,0.305533146308938,0.856312047583985,0.941537337858681,-0.920465475802389,0.529473900090662,0.911471714754191,0.373238226103182,-0.217754361256039,0.310555517942194
-0.721216227195449,-0.950569893804238,0.00509849921903072,-0.473232568355992,0.115588759277361,1.55146992280456,-1.24765858122498,0.176056610309182,0.0832290004868261,0.121663420542341
-0.428673222268644,0.408466472998125,1.51011210366728,-2.67815136067806,-0.304294183246663,2.40458895093027,-0.127843083399258,-0.788479264493401,0.0211122790453488,-1.65957358643454
1.03605573755425,-1.28619773578584,1.14601373100695,-0.208094695083376,2.01740221036875,-0.275972307615591,-1.32490696344874,-0.374336266236301,-0.440127572556231,-2.02605026806689
0.454713759661769,-0.0820717031540442,-0.425201753511289,-0.606247605850191,1.84276426055329,-0.11994629749142,0.864512095652329,0.615600846336363,0.445727066121337,-0.0151976631482804
-0.512804425806714,-1.81229319141283,-1.03162694189991,-0.215643647834476,0.706500121539964,0.438365851288678,-0.733345457170273,-0.343477179793333,1.76643295908164,-0.2346911146354
0.211922160746833,0.15085985617957,0.669919656409409,-0.394853225246781,0.456639827226622,0.224176578433933,0.366804876969218,0.775937260106481,1.61764848729623,-0.356025882006667
-1.55487773923723,0.0826703157840597,-0.859942314965416,0.607848734116617,1.02352729007866,-0.664165622771957,0.172550787647347,-1.09467919273818,-1.44302059420099,2.46642538392647
0.590458982775015,0.417665466528676,0.077288088500201,-0.608790026330972,-0.610015524366686,-0.97415545634666,0.999510907747189,-0.247577246412808,0.0535644465060399,0.6170202398996
0.17689421603729,0.140748504436066,0.837721928488406,-1.78945265200911,0.214899048332147,-0.500032510908296,0.218157637672222,1.43108708888845,0.85604533652714,-1.40247813939893
-1.2987972516943,-1.62613676392916,-0.367566585093853,0.31103036028016,-0.136296508629939,0.530436342541412,0.370271755841206,-0.307330194906787,-0.515141490095711,-0.857657864780952
-0.379302615978222,-0.0892844568981397,0.305983357911748,0.255554286251104,-0.0227147102347714,-0.355799259859385,0.32113581616709,0.784861225721939,1.27733234132979,-2.71932340154023
1.31750631658633,2.5105994074128,0.53921277174554,-1.11159643031724,-1.08489191311144,-0.366638003686723,0.121260306761018,1.12116755336066,-0.28670646992117,0.636563260263071
-0.367423437532159,2.37059163931127,0.254892342862619,1.05675475274262,-1.23292957109457,-0.687675976728635,-2.31286518744,0.0656379091578903,-1.34036414868995,2.94256114722002
0.782258703728225,0.668460464634586,0.271720257816812,0.58478956499504,0.0331697504360563,-3.05869071753734,0.4704237814696,-0.564941117356818,-0.627768303101741,0.92648503054306
-1.00370471958258,0.927876760182064,-1.11215784846316,0.571336019643925,-0.687204889325221,1.00278032853298,0.1273034607047,0.285283521243553,-0.85662247143287,2.33392849658152
0.711784584774762,0.448737960020453,-0.870869969271659,-0.431025092267162,-1.53713471561505,0.471552742926508,0.201619793501303,0.709452287524599,-0.179061037684603,0.802109370653491
2.49870542437937,0.0768356480105626,1.57182488895788,1.30779072953571,0.713609356433454,-1.34703220737418,-0.408887709357167,-0.771284090559109,-0.463223016729164,-2.15263203663632
0.0209575805857589,0.168849878440001,1.39212424288997,2.30449613056869,-1.19379224367754,-3.86093058929989,0.257167293547594,0.0844305478169821,0.634708517324039,-2.24474328481146
-0.630372965651297,-1.69213323337758,-1.25930424354258,1.09951338392633,0.851441733796741,1.14190885114685,-0.54348594663446,-0.617574690773262,-0.951724514815149,0.709921006321
1.42780227601759,-0.752667637606045,1.06611166572488,3.09294452456046,-0.301391144470508,-2.30800742901398,0.34370051942672,-2.29419732207356,-2.67987414327722,-1.95037192159456
-1.41816075874377,-1.15267130025583,-0.423625774725171,1.47059480920718,-1.87983545275717,-1.15134049937237,0.0087956389506711,1.44799393401324,2.0646849985695,1.7205466426789
0.847618694003697,0.0817722841981704,0.553792154602137,-0.364553800485903,-0.394596013449033,0.263348883710279,0.0843631384813388,0.468423829534678,-0.475065376510059,0.942634042127769
0.288741568823781,2.76056505976569,-0.173522016544708,0.738024131326824,1.51052020137044,-0.0347722658617907,1.09801346046751,0.439634292686524,-0.343065738829023,1.54091519784432
-0.538460048522483,0.575870170558012,-1.59485305300124,1.92899664172688,0.71108901906836,-1.81169815894271,-1.55802228242403,0.65501518439342,-1.20973010311449,2.71142225211615
-1.64444219655556,-0.201720777822708,-1.54909762419171,0.28918475008891,0.268763230787763,2.31873295565954,0.69674505948903,0.679106314502137,-0.466855885481842,3.06381791475335
0.311698710894552,0.709035214698139,1.00435995272331,0.473744120440924,0.0216369225568728,-1.36056853954704,0.0237837544858678,-0.938968210650478,0.00984691018916101,-1.14507960386374
1.06500969513051,0.078404934504769,-0.496623328626422,-0.149392161366577,1.53549639247735,0.0121516373084321,-1.4818301161328,-0.0490799729751774,0.782299641175793,-1.4128731448089
-1.20876616753158,1.85523145714481,-0.0691472706814238,1.26138147446786,0.750878271846239,-2.43172093071182,-0.963018567327038,0.119722919979069,-0.539131520986111,2.10377243684187
0.271214570638368,-1.7954511031225,-0.0665614078216261,0.908909056910078,0.214368891656331,-1.77243859700291,0.8184252461193,-0.172795568114792,-0.321064812640626,-2.09865967663554
-0.904729966474749,-0.300818651270882,-0.342184283937632,0.526677383715943,0.0258047652367208,-1.8128918348533,-1.87084391177856,0.395914399156087,0.343929970119536,-1.38513515677651
-0.271582450872634,0.609073855646222,0.647430743028847,-0.143691385420047,-1.29848086217268,-1.25371270427193,1.2859210421234,-1.31140657588376,0.78262139751758,-0.558351816115026
-0.582649849189149,0.311950611364364,-0.652119973463137,-0.16380834077025,0.386556241041492,-0.401772592111942,-1.12562647414624,1.70157228114988,1.29100879563599,1.65835514701907
-1.08923733717108,-0.935079629007351,-0.113684737981052,-0.446602851170196,0.576077271746648,0.445212534718688,-1.28439324905236,-0.154440803182923,-1.18811782037287,1.29973544540296
0.588179551416509,-1.56835535852553,2.58230255995632,0.841009499642759,-0.338615731097284,-3.2596897437027,-1.72893741100348,0.0526628171808025,-0.597533958434328,-2.49595418807233
1.19556426198734,-0.734578159025457,0.659592660408604,-1.5218113052977,-1.01313861421392,0.532248649114156,-2.81615956336092,-0.394894981236816,-0.676842156934171,1.54166756237599
-0.362250500844053,-1.02268114770675,-0.371346604109294,0.604263857616851,0.348129287705712,-0.0504261483684811,-0.489176626676163,3.32217914184323,0.83726949599911,0.427546987970375
-1.40575233028157,-1.79438890948767,-1.02985783121484,-1.10589334691431,0.774061318171813,1.03238633463544,-1.80464940180593,0.764504292566895,0.939260983903805,0.262360219047333
2.51093081151584,-0.473711631668902,0.590184485356317,-0.38997867232561,0.166452828997113,-1.2752684357484,-0.138852434639509,1.17948864016363,-0.171183206826971,-1.60729697086694
-0.292707331605646,-0.525177076185275,0.176409897543617,-0.30028613154979,-0.09036968055137,-0.983260155915766,-1.71797054315388,1.13814892976497,0.665185732016121,-0.129729627225363
-0.58161649026217,1.67134170867446,-0.768862673359335,0.341451936215967,-0.262565396345869,1.61490558397854,0.566014516381747,0.686029270341806,-2.02421285121266,4.45254042228879
0.537131859511676,-0.740720474129323,-1.38093306919702,0.816831868082953,0.668226697018391,-0.738433838197929,-0.429797167739538,0.954458276303364,-0.00116972269118049,0.635731988301027
1.39718943977167,-0.991348294833774,0.0316031735729914,1.62322144913962,2.3692667913506,0.63083836616677,-0.217668713990831,0.0927074043849195,1.1720499174051,0.581634222434793
-0.944598107862375,0.457287278958132,-0.773776030944003,-0.644559688269621,-0.670378594213181,1.338498729941,0.0838662220774283,0.399076723367825,-0.578000137699183,2.71727617999717
-0.122257755442494,-1.43919046147445,-0.329774075497966,0.503345407880504,-0.268947682179006,0.715062004395974,0.247632420298091,-0.905790912319254,-1.60538098993352,-0.65063412058936
0.0475755206965902,0.772447476599843,-0.411123854000355,-0.2095183581841,-1.54202518072632,-0.105164131313317,0.0415601022887068,-1.67568240351283,-2.16116567230604,0.614665873405272
-0.795751040186845,-1.20108970529195,-1.10136610267946,-0.294136591354322,0.211493452044583,2.44435169281673,-0.0369189753934831,-0.959433157406372,-0.695838099618034,1.17392931251047
0.63023985427227,-0.283899175424293,0.557700997152147,0.115538461973579,-0.45602259777277,-2.22800412780018,-2.67887255737306,1.39671087231669,2.41629742356806,-1.79143177801916
0.881232314689603,-0.537940376911424,0.0726991604474535,-1.07507832128667,1.55728351063956,1.78773783206477,-0.198626919498392,2.3931018994062,2.4595122929007,-3.08026100920182
0.304606254864814,-0.0823073089555059,-1.00520651513954,-0.602481348217863,1.07403620209817,2.57662608994426,-2.11547505211572,-1.47376125156316,-0.339177738090576,1.27080090651221
-0.013993501445461,0.970068289699911,-0.529775713819534,0.116694417100129,0.823805027518366,-0.477795519584752,-0.589944883359615,0.934844237630157,0.445588692177898,2.64706934944789
0.773155471590063,1.77349207746049,0.377602604545793,0.440640779169477,-1.23494907726489,-1.43383144652857,0.216464985819675,-0.688495605107874,0.466886185439812,0.867299228744036
-2.24321273611309,1.14734983618793,-2.43850657160895,-2.19382496449545,0.185350361489776,3.74174276152743,-1.72734452107218,2.25260440559191,-0.223423657730693,2.65068915783536
0.666395849042918,0.254221630715915,-0.18021227211591,0.145452312725072,-0.29292279352351,0.682211812622392,1.19220196642991,0.854852678508201,1.46577664129604,0.776945778627623
-0.299126515649302,-0.50091566625782,-0.273283027114689,-0.320526721094069,0.128830484973239,1.3517465806823,0.154774051406229,0.0945002475603145,-0.28493570430553,-0.216929600459335
-0.778274207810539,0.611627460542051,-1.02170174124015,1.75676302703823,0.700334270153447,0.601750489140913,1.82245672397635,1.27254346323009,1.35332732668614,0.858249435556962
0.711073735803909,-0.514622448876089,1.63649302074391,0.0865005803747211,0.708194979455678,-2.05197467728409,-2.07306302939389,-1.08481118861955,-1.252467988324,-2.94226588155113
1.7164290658293,-0.532878392983674,-0.690921496371409,-0.915911846229943,-0.882716682149243,3.1254367536534,-0.582661202338682,-2.03988409752344,-0.635632274518275,-0.554899033378215
0.24809294343197,-0.130872546483847,-0.318589861242318,0.543437521371054,1.19691947691121,-0.16963548615222,1.24264092954334,-0.356802040263382,-1.23668658871708,-0.125407110354662
-1.30051295427952,-0.0991328435574112,-1.42105897432135,0.325027929555732,1.11487884260459,-0.377703783332714,-1.18706627790243,0.676421891380552,2.41856295943868,3.25568135235288
0.466639784430203,0.779732645823025,0.0814304309021664,0.17485552466723,0.760711657126038,-0.881862050202639,-0.591949945817396,-0.833803961799582,-1.39805695593527,2.70146661014306
-0.794150764397966,0.104740042670533,-1.50305356086187,0.687627821797771,-0.247599876296121,-0.258412836536655,1.49340400655296,3.03681763194349,3.19871393549026,0.754362890033867
0.274312963006678,1.68214333880185,0.634786817429394,1.64613628031666,0.66606490641705,-0.0461095817235274,-0.158164586053189,-0.180619769064388,-1.31393057193751,0.846793689317884
1.74583647649639,0.502805532448958,0.143199969651611,-0.0450269018879204,-1.72875445772878,0.612566717838837,-0.486578884459254,-2.57489478708939,-3.38181126864836,-1.83553956452509
-0.156486944927793,0.518371927643419,-0.992548960168234,-1.20633148421757,-1.03724890643978,2.28561440655787,0.190079901204927,0.377801174891262,0.466249355012065,1.38186068149252
-0.623652049129508,1.98100697144168,-0.548089017641177,-1.69417077605472,-1.00883116921297,2.05113647635529,2.68844195348282,0.0329081641026072,-0.841152204755712,2.40553152705266
-1.09048967988885,-1.74331259210802,-1.03422241775767,1.69443415925353,0.635606579345765,-0.840512157305283,0.764753512405062,-0.505971573420631,0.0215302191172257,-2.1028079638034
-0.125626568197011,-0.519083755535746,0.320910692221778,-0.59941066163576,0.187897058461219,2.065774335534,-1.86104206789526,1.73149137304516,0.785924968588868,0.0849249141871889
0.303925548618872,1.36962566395744,0.784312236447094,1.01518078521847,-0.847907528053917,-1.73249417319084,0.0662197084702704,-0.31397154990123,-1.60900444280086,-0.748536125744861
0.183814759049349,1.5983550643792,0.60696460235474,-0.917095904986767,-0.615254137473357,-1.74267239230229,0.987682023680522,1.79868323104614,1.30697974334286,2.19230256329449
-1.42050286190088,1.4396363270357,-1.73815521835393,1.02910374457115,0.943942528908092,0.997868549092751,0.74015118831939,0.792626423004983,-0.144197675932749,1.95109880732661
0.557232369437858,-0.121381374920108,0.681636345015682,-0.701288630595652,-0.0193283866448476,1.38204611285494,1.25025296057322,0.513828193436014,1.22156063980009,-1.40277054221774
1.52592879554631,-1.35856258064792,0.68255622597974,-1.9810972667265,-0.955851420309583,1.55551791751413,-1.40871986376615,0.194735976297149,2.90916020822246,-2.00116593639325
-0.708316737817818,0.954166498892132,-0.145701043037483,0.808453833290868,0.447736457872428,0.76437579100561,-2.30669709755575,0.482878297992928,1.91431878135049,0.499354205422538
1.38460340725481,0.834633443100751,1.7281302529579,0.486953891271022,-0.698288714422122,-1.53920405742907,-0.270577294318653,0.520483954177329,-2.84456401397869,-0.867916664991246
0.442320561182963,0.351003327840886,1.51932383598404,-1.4259497132958,-1.03387190184141,2.04959866092416,0.673014356822484,0.0955465501821575,1.17972430541505,-1.57700484005224
-0.529427879625838,-1.14019432570605,-0.610998026734583,0.306940881518438,-0.187663605092999,0.187277481766132,-0.167018968830192,0.0870345662802027,-0.739251816605073,-0.671296190606217
0.442702173813932,-0.7097129073919,1.36199702930732,-0.252975733927842,-0.243230058354967,-0.953546436378476,-1.40738497507989,-0.100051351957976,0.540961201068365,-0.677940855462345
-0.452510034839432,-0.0860016737826365,-1.38748126377313,1.13769199074709,-1.1525225510082,-0.687130028006789,0.360981530933908,-0.605668949959088,-0.319869542027768,1.75546024488591
0.14434609285929,-0.601991095632941,0.554688448479742,-0.246157286028496,-1.521180220445,0.680205035096313,0.0617498380495027,-1.04102161153858,-2.42994668082367,0.150323056069927
-0.916413390336419,0.0767913980249459,-1.05025666383209,0.431594876252315,0.454669845090703,-0.577891687381646,0.0209986306850763,0.344067942462718,0.666534868697371,2.92024842378752
0.77028300444605,0.317332822936432,1.2496864392286,-0.401795171348131,-0.693160695127813,-1.17002194394721,-0.377987885877659,-1.27007852253243,-0.359171776456961,-1.1369091382631
-0.674115118096389,1.24570594518975,-1.41126054231539,-1.50922732629985,-0.254250450683015,1.51910279603723,0.781129696161218,0.662115891113934,0.522483051882369,2.86625455356087
-0.606412293899548,0.0845487106616361,1.34877666230216,0.597125284975682,0.177041532022832,-0.711622591298376,-1.64612305139858,-0.672347123056918,-1.40008954590326,0.446214480537356
-0.633579972009849,-0.462652051778397,-0.276616556410338,2.01351534191876,0.964133829910421,-0.912169409699208,0.790228698340294,-0.763987368824493,-0.248263535391271,-0.420217419111819
-0.671562145472554,-0.0692684689080847,0.125228448151552,0.150190043696375,0.688936350064654,-0.135855183522282,0.244420385796176,0.302530369428828,0.663327859623256,-1.04067261397463
0.400314371605521,-1.29469844420794,-0.578212393168501,-0.219300874259019,0.160416686704462,1.5034568447224,0.106942896568272,-0.874035939048366,0.856998553933233,-0.114445786996378
-0.741193587769853,1.02747833204124,-1.01214761013093,-0.749248455592196,-1.14828584431028,2.03227736520779,-0.185921983702726,0.364515557061462,0.177885238186047,1.8900285180282
0.882614441490154,-0.205153639616455,0.769017334014712,1.81078697571304,-0.941485074117863,-1.71722523708948,0.181020920598243,0.681757719789809,0.972747826412427,-0.769246271101956
-0.282506843415818,-0.422112641984469,0.103154666053422,-1.84036359391229,-0.198304223470245,3.08769936435192,-0.570720325301655,0.286123204356834,0.630770815370713,-0.932694476147775
0.767377220546536,-0.334390123391144,0.50584702009031,0.92747452277172,0.650877962351465,-2.1476087001277,0.734629629038248,0.326785673337937,1.33574636596059,-0.871022201808887
1.63509569953958,-0.397103871489114,-0.0263836458142273,0.755017766549063,-1.63961878473218,0.254848351715631,1.38079709106022,1.78312951873969,0.274230011848961,-3.2091347031373
0.637893542677423,-0.788310655078262,0.217724321243524,-1.37550757161182,0.170534002491357,0.157699223298701,1.27041068045797,0.915184848758033,0.522986833943278,0.1604316410911
-0.307013564573521,0.136859036977645,0.0533872869297117,2.85807567275823,-0.462075265779012,-2.45908371991234,-1.1970304254638,-0.529844869424929,-0.275273459084872,0.0262983948947833
0.0835209603304218,-0.505320888105164,0.384150011507548,1.22511664358305,-0.818254639816598,-0.260912447972598,-0.474114273852163,-0.940302466435642,0.886690789338494,-1.06838791712088
0.465871242011977,-0.918946831501707,0.593146089628792,0.901730572122059,0.111785534442573,-2.21385762823555,-2.13411510713431,0.21951646373275,-0.222206023382673,-0.554330361604672
-0.174081612653338,0.518037659071324,1.25863376087074,0.409618414422892,0.72213380666003,-1.16610230655287,-0.144259179572517,-1.89682151890493,0.476544285482312,0.0960492292917943
-0.0729576300136148,-0.810274486242965,-0.145505835375652,-0.669345153194144,-0.499024377725861,0.535247479115831,-1.26221562970712,-1.3690548212813,-0.976309059997419,-0.977995590994621
1.438043703449,-0.487600812710468,2.03136616469602,-0.197824294764079,0.0332138737795185,-1.18508307102589,1.1229055466562,-0.128032201866361,0.573773213390647,-2.72845377226603
-0.918584033610495,-0.114468560361054,-1.77447523873474,0.0288465187593167,-0.169119116823375,2.22762336678426,1.50360037418956,-0.903343943779626,-1.08622815469322,2.26525556338476
0.972245090559112,-2.231958583075,0.28409041759551,0.468280265805879,0.0268985694801237,-1.32843381486552,0.0825879372331051,-0.0345353680563321,-0.308207902631493,-1.86986619378435
-0.892032197826447,2.26041250058624,-1.31992960013413,0.773866747827125,0.681752644359821,1.59252381745583,-0.928298976786926,0.923864265874549,-1.84394033659003,2.72141321891514
-0.730882425320799,0.231401400038318,0.394352337230556,-0.353493924789315,-0.0292057888095731,0.784932606842478,0.537199866232375,-0.529870652556207,1.56552438022278,-0.0974605527138069
-0.66556892464231,1.21072321792648,0.201341656180663,0.631404152372005,-1.49963853494707,-0.573644000489865,-0.298652709230583,1.14673825871254,1.43228932578437,4.0932405101486
1.38603972910119,-0.804821418945941,-0.125085993241228,0.201175573968822,0.315675761403645,-0.670917925408956,0.855685682603136,1.25966291111962,0.349409984332259,-2.82112864289552
0.341614542152919,0.663331401690539,-0.732848531745216,1.18481044562756,-0.70447156453173,-1.54705310724964,1.86563999245892,1.90435754512146,1.24411525615157,2.43110169881442
-0.893303927545941,-0.79210425066712,0.0931068499973255,-1.4563887707238,-0.168412299111809,2.26822046242736,2.08384435498685,0.102754812827817,0.148296917346884,-1.2912887886232
1.17174571911186,0.75846165391755,1.06478518548291,-0.555953967762275,-0.953724537839048,-0.624843772274822,0.139357629984473,-0.233213922556127,-0.90426132101204,-0.249342032701676
-0.0757421494382948,2.394806976771,-0.330918460537133,-1.24997847175127,-0.937998247822635,1.29544826871295,0.463904830723924,-0.75458012806782,-0.953315711815157,3.21497651659784
-0.0398915749864303,-1.03243181671289,0.574738177307189,1.91109591766675,-0.416606250827377,-1.95045973197068,-1.03978937563963,-1.92365958800418,-1.82651290067049,-1.36253698477379
0.907483121496076,0.432664731167724,0.759083655930141,-0.0748445158493604,-1.26692069269451,-0.902385379935139,1.6537236691494,-0.557601570453965,-0.902543824452311,-0.405721886152974
0.582424370038789,0.10853419818594,-0.112047702203233,-1.38592406785472,0.751528835317464,-0.187192079806616,0.963582452841818,0.340829408808341,-0.18554270212377,-0.432039032878058
0.515839097826131,-0.796077162522264,0.250991579710355,1.30941920987502,-0.146645116305724,-0.244426346764501,0.724705352271058,-0.27651017431613,0.519939511912407,-1.86657278057216
-0.475737326186693,-1.21009853234956,-0.494555518886879,0.362968532916565,-0.30055360744248,-0.234448142788985,-0.71183927094996,-0.6823070530078,-0.446391252817811,-2.70212323484527
0.960805797997349,1.19553508964602,0.283520600591318,0.80635585509544,-0.884090389352984,-0.504196729685289,0.932425424902012,0.835716029099394,0.529586535093899,1.14870956940446
1.48255999774927,-0.21130923755687,1.58911960017565,-1.15878189299067,0.190669652808373,-1.21859579928785,0.79516010992263,1.03516767707324,-0.29427183942149,-0.946703852951195
0.0743921912256336,-1.4216459734181,-0.110966027605701,-0.541653938512016,0.183398860468635,-0.136918951075805,1.40068563564943,0.0365762288913672,1.02421608018265,-1.54657810665559
1.34772685425315,-1.48976506371154,1.09593054996992,-2.01203095941506,-0.40744628525729,0.600690408679212,-0.960990993742783,0.0997282307968899,-0.167599309386445,-1.97832877609043
0.819636977356749,-0.465930112689362,-0.271994978356865,0.173036560866019,-0.361209150002739,0.789639097009364,-1.72501071392756,-1.33759089335511,-2.30554282402775,-1.73981536624667
0.393056757918219,-0.367322730230433,1.50953975606773,-2.02394325671996,1.35225068726858,1.00704620845275,0.843865031191565,-0.64771521549262,-1.53521644125542,1.0625532498878
2.76986997781858,-1.18765744372053,1.71158755824702,1.44976822917381,-1.5385284302834,-2.4160284088299,-2.12783208471661,-0.68989985510344,0.601047757229393,-3.78993688943295
-1.05019804230646,-0.362645885523296,-1.21927254637714,0.926085349133555,0.4750594418361,0.234995826843271,0.186254103039358,-0.298529895242549,-0.421730405350678,0.430529144028621
1.17401180064206,-0.95052967398964,0.205828556734107,-1.84351438282854,-0.427573119604951,3.52314494604084,-0.774668539001761,0.856397507570666,0.584510723252364,-1.59240586160711
-0.905272081823391,-0.464189270332553,0.901314167432398,0.626098917807417,0.467242980798076,0.639308158887718,1.40514067870684,0.706015602386388,2.34583916524656,-1.27861552864536
0.362588020365735,-0.474017623408099,1.33151331782104,-0.388814655183516,-0.110489689070385,-0.0591878253906078,-0.891717013707946,-0.279476719997587,-0.531983731849229,-1.16473272022475
0.216506343680749,-1.57729687269557,-0.216430911456466,0.804780942471918,0.457265848474648,-0.868327902929183,0.057075143058607,-0.491774919610183,-1.14871886334584,-0.776028618485646
0.448437844844868,-0.0916516086775101,1.010170463055,-0.370437286128895,-1.34917593901939,-2.07765840747607,0.346838312429207,0.493482886857911,-0.0918993662633567,-0.0340902740853014
-0.163506194215947,0.834265490111815,-1.71238463182975,1.21161991646187,-1.34340395988829,-0.172994354472714,-1.41132885192484,-0.183305307149899,-1.57076396517871,-0.630510806802961
0.602349540808869,-1.15945201650776,1.02303370194389,-1.28689210313918,0.502874536737232,1.41568468089788,-0.445782448880502,1.44908044871187,2.08678016073054,-1.46108174731085
0.150761225935247,1.76389468163576,-0.519523033944676,0.764366766615579,-1.53316720750489,-1.72077337676043,-1.41696041228793,0.353977222639615,0.284845290356948,0.851084816311246
0.781203856794061,1.04902039927106,-0.358068752435826,0.712990413046642,-1.18650568480751,-0.469601126409537,1.79360480347519,-0.165455793398343,-0.0392825034003388,1.3023553866552
0.356625087161218,-0.738521238959102,-0.492699319681894,1.02787702106641,1.05022066282296,-1.60655844499991,-0.877590591533399,-0.786543504698549,0.679677019551131,0.283033236334893
-1.09115539214398,0.779054484471264,-0.989683840855135,-1.69766222431323,0.51656726097759,4.00711606026182,-1.18888162439514,-0.290958960605412,0.926591444016259,3.57166875843256
-1.50039419573473,0.115541296311168,-1.27224168490654,-0.715722564347629,-0.178804445143902,2.93971242516447,2.27823252123908,-0.681613535088989,-1.59747016712125,0.428497193694446
-0.325110367572199,0.516052539149896,0.88555560534222,2.09415430674151,0.0261816959638433,0.0645058752902697,0.917535250244251,-1.38430956101504,-1.36744633092098,0.820470659785712
0.0476559154218252,-0.747023466356871,-0.857167775507774,-0.467080156824934,1.65038222595381,2.0210007817955,-0.201321559051479,-1.38113618715229,-1.31180160043704,-0.373377444449955
0.573707056971768,1.30989737693517,0.66756162566661,0.114945548757433,1.0669082675829,-1.46074936943777,-0.802164780805807,1.07855813124506,-0.10968059229251,-0.797413582268806
-0.24420782811553,0.878487609540046,0.960051576663919,-1.74568904024156,1.75949975227317,0.260630426141034,-1.06474316137902,1.02359800129717,0.502018424442775,-0.842858276946666
0.470657111846722,0.0336076545354683,0.826695761610255,0.746745188635439,1.19067910035191,-1.35969225040711,0.153708657424322,0.635837274492904,0.873734877577946,-0.808445293665365
0.138534233179694,0.824092589656051,1.50139207989145,0.680514026339191,-0.107694912486751,-2.6457352827889,1.18227697490498,2.194563102605,1.47108580260361,-0.166337231275114
0.864292996568949,0.123037571848151,-0.561574545998605,-1.04638591188731,-1.13478304022172,2.61177371532228,-0.716165637879426,-1.38837019647626,-0.901392258365013,0.737823611763814
-0.328831695365212,0.598259220653462,-2.12844180045867,-0.6024392162752,0.144403374584318,3.36404456197444,1.08988713469766,0.694593348832688,-0.396520118580127,2.50146348939998
0.392498025924869,-0.401430289781473,-0.939683068612504,0.0210270525503417,-0.508931789567534,2.15922408278235,-1.33318623519803,-1.18275088820966,-0.746522927358058,0.707426091775713
-0.0245554771539928,0.215494976966217,1.76358285054312,-0.232306796343089,-0.0143948298310206,-0.580325625900796,-0.0643814110896089,1.561385440264,1.9037997848948,-1.54827782830754
-1.29489238240096,-0.117490363715557,-0.628918880992452,0.561781155109038,0.385916813958883,1.47656699149375,-1.38834387242735,-1.94443171438856,-1.23753809588592,0.362918883387502
1.70311285329312,0.00834765384302724,0.541237717764439,1.47948774216255,-0.42744624315509,-3.05481738186921,-0.0821288709869077,1.39587473324173,1.36391984961622,-2.72767468851206
-0.493060000360079,-0.54754561449754,0.00443416352648848,-0.959968117580412,-1.15469441453552,0.107138134645868,1.7952515350365,-1.49815957634746,0.539909155723262,-0.302420217821358
-1.24334173852938,3.10091495081638,-0.228617306962569,-0.156413481465586,0.131931718254506,0.0463249265975445,1.57646639793954,1.07050660001693,0.414962069498686,4.13439107716057
0.934360818208615,-1.21000331557069,-0.804443571119706,-0.249653555956768,-1.38834311595263,2.73888954208736,-2.02998438278459,-0.883300773038214,0.272715409101503,0.553338800954602
-0.233278078956748,-1.55777667622433,0.890107421832896,0.20759536685361,-1.27497097145512,-2.2482110462673,-1.62399643723965,-2.30535021499787,-1.4877570275565,-2.34809948529356
-0.765747296879385,0.523508223593603,-0.00586650025231461,-0.00173289148649985,0.170563802938027,1.23091254820169,-0.533586011957312,-0.0214105973678218,0.132978861299554,2.37137068852978
0.751068348790882,-0.551907433674153,-0.618317793122487,0.331157008504411,2.07495603632172,0.368700644909182,0.442454393108433,-0.167719997151274,0.730465245351379,0.388406490888604
-0.00466032981908535,-0.988283923760965,-1.16732655608848,-1.88701893059712,0.457248573241026,1.59554725428814,0.712373853486808,1.32350587596909,0.0690886518859729,-0.279364681526038
0.593614548258384,2.17498062181734,0.898035439665693,-0.450491202771126,-0.408562824313148,1.32153793814696,1.07849664484108,0.566439970815666,0.50007235449918,-0.805855563218358
0.763231485857402,0.940586259835229,0.600190298000117,-0.371296068590245,-1.36811269876763,-1.42041171794422,-0.107272768786254,-0.596297160369389,-0.739405861768508,-1.07908438343381
0.492042401927057,1.01643795183663,0.965811733544733,1.80982216916077,0.21639147367656,-4.49877939631419,1.63867913963376,0.880388073736484,0.0718003602648017,-1.73466500773938
-1.13764011448244,0.67950238519215,-1.27535532701611,1.6022902260578,-0.551932921052534,-0.328491796283205,-2.14118187359019,1.56158101791519,0.640877604830496,1.50643323055378
0.47158237607222,0.641579278728116,-0.648029428215095,0.530850290604013,0.160422482813474,-0.785253771193493,-1.87141648742065,-0.295659322460179,-0.235803637635254,0.662875324374114
0.675365122082154,-0.662074639950964,1.41953625212132,-1.35761727444074,0.784398303987501,0.158971987161995,-0.169424853516381,1.29329073298383,0.301989691425313,-1.20440055171566
0.830924102846297,-0.175497484254834,2.36791628082078,0.451205557060504,0.629872471884304,-2.30762550171169,1.80692339152158,1.51685692648454,0.642850831994618,-2.18256810289428
-0.422383548076908,0.634822309949846,-1.08507412369188,-0.917328162577468,0.344118700570227,1.36402169205775,0.125469342228159,0.280310080658156,0.372039058282263,1.82917480259832
-0.658530370950449,1.05950270506523,-0.416541786595232,0.262305385754453,-0.855432603664107,0.25457371293768,-1.87356087318325,1.42502078586585,1.22433769692794,2.21965110344059
-0.791054569447312,-0.189120929730274,-2.37038675151567,-0.110058426242375,-0.0489193287791646,2.44282151534735,0.989215011657703,-0.0433957801403164,-0.632646915189736,1.89615333516049
-0.349814776577743,-1.68168011969282,0.110168575585788,-1.66178089696592,-0.627087513058909,2.48437169654006,0.519036416911016,-1.9393817442211,-0.554033368826248,-1.02024326790888
-1.14115699602317,-0.619594765660519,-0.356077892460226,-0.452057181642347,1.54284000964971,1.57584102849307,0.928199129600717,-0.146053910397016,-0.644428528542348,0.931120544673547
-0.951167879777845,1.10404635598138,0.368976124928834,-1.10371216985722,-0.911167103388366,1.6146431440833,-1.21128511087923,-1.68633614825429,-0.896053404732902,-0.0835721705704457
-1.80134438862694,-0.211557862402527,-1.26253174371034,-0.443233634948386,-0.0171119996382019,0.424083659624249,-0.60744644290398,-1.29376810176067,-1.11994521587092,1.8614357099161
-1.22626908122556,-0.972428126594294,-1.0489118682333,-0.806341773455762,-0.154611841765559,2.39232147260363,0.868112683645102,-0.274248526146218,-0.954996050138905,2.08773470252848
0.163575064748234,-0.311461171808242,0.746979016567292,0.879945265709284,1.75134723042151,-1.30169275888518,0.610176331381958,2.51004202729186,1.43256634989479,0.150531416440507
0.332710929999684,0.619336654626341,-0.960581318883162,-0.229984854380444,-0.733034841093097,1.00337782429753,0.279560107973799,2.11217648547745,2.69207064560475,1.1351429976252
-0.783984968429588,-1.21254681685652,-0.226098525795509,1.65968224179622,0.385061030407119,-2.43913532672505,0.470924454943257,1.75457683008271,1.06084968998792,-1.27583426553791
0.755843474771775,-0.22598688371585,1.62551368732089,0.914106048666221,0.750759393814497,-1.05207124292368,-1.45802623166432,-1.43433685117765,0.260003112484519,-1.6758631663499
1.98474212500174,0.568646930808323,1.28333622591387,-1.92710613339206,0.949340682316594,0.636652395644215,1.17549807947228,0.832967494211594,0.313251846659138,-3.55878460524587
1.54013407433968,1.43498444522085,2.15376432280092,2.50574729676756,1.89864078546726,-3.81275909711651,-0.533491186826996,1.42848798831955,2.4739941793427,-1.2306303339024
0.159623524001688,1.06385374217855,-1.20362422264913,0.657057490595154,0.456933483135478,1.22661478203897,-0.360841397409169,-0.29382639700524,-0.412664172127272,0.279102027004123
0.801872005086246,1.37169391137591,-0.358795771176328,-0.323292808650027,0.906297665480095,0.359028421351192,0.186748854079863,0.452552566683662,-0.8759630501908,0.795172808069879
-0.716992990561702,-1.85501444467293,-1.58201681272711,0.966255131294178,-0.677853996583099,-0.327853410837324,0.392487917203447,-1.66632290967186,-1.96191736432726,1.54315061150256
-1.09754092759157,0.123503116081779,-2.01605110065058,-0.715701484423517,-1.0807379316657,1.08167884404979,0.637707372562947,-1.4418924291398,-0.0475563944379548,2.46432032057702
-1.95073994409138,-0.184605490494514,-2.9452700783786,0.0261655199269882,-2.14421183999266,0.138559894281001,-1.70944120986504,-0.726665371465046,-1.32783594762727,2.82606166995993
-0.332580211380169,0.642008113058739,-0.23416171818716,-0.951525377445418,0.396478318780332,-0.0306765854118263,-0.405579282926361,-1.92371200835892,-0.835999557864767,3.46431056626639
0.897176205008941,-0.695384049426891,0.733012869752612,0.208558819313668,0.478186247454031,0.404696023054858,-2.04005079949772,-1.22662071340224,-0.537026456155165,-4.91807828959977
0.905356271335053,-0.680045890521873,-0.209619250736822,1.53748147908517,-0.157913753600805,-2.51082281972082,-0.195483569967794,-2.37992902082869,-1.46270853121533,-0.335587521204628
0.734081050977115,-0.324460561807203,0.955528908062345,-0.0987852872354365,0.725328695982046,-0.773609825970326,-0.0987191776458694,2.3712176372529,3.54976225420166,-0.652949310543211
0.224694664749134,-0.693877611891431,1.91936717873493,-0.875868001494317,0.822346102830815,-0.336371147207345,-0.0270620413178455,-2.20451171197585,-1.82279814621135,-0.982471983954133
-1.4115919961416,1.67635251435923,0.502959627187161,-0.574532030850437,-1.2781542932934,0.429217885928237,1.29630799976534,-0.389311733553681,-0.133735944722359,-0.568303217788669
0.15123263060972,0.00886301183603604,-0.937592659922586,1.48821038634004,1.21087897567319,-0.577272532726075,0.025625242327901,-2.25355925344161,-0.640000246731592,0.362240980139102
1.34734378421352,-0.300471881324076,-0.112362586625933,-0.499936952980804,0.114147133501133,0.31158322261833,0.347044990123019,0.472311894838206,0.193464651666939,-0.703858863497355
0.042193893524394,-1.19281250356811,0.825177301476384,-1.18263307139514,-1.94071255279547,-0.842949805383852,-1.14418607975836,0.623844308457023,-0.623593033959958,-0.544724509682648
-0.436874711067535,1.06135628264643,-0.305032489841698,0.410049909315963,-0.457197656367579,-1.08894313945474,1.55353387536204,-0.147175944228451,-0.492120081249484,1.59618144595299
1.6212967284736,-0.452510442344164,1.03647996662425,-0.585838772792914,-0.324664542546882,0.074622213650534,1.9198111059447,2.0192237189862,1.26158658004476,-0.812219654695914
-0.159653674619201,-0.244175127937017,-0.417411333084682,-0.64599669326878,1.24137150799574,2.12918840582456,0.0742336729893835,0.0467658015905333,-1.32981419417806,1.59091055681732
-0.451922985966674,-0.05482865207965,-0.22712245248892,-0.702795593515621,-1.19163508288418,1.85227626058116,0.143406047179272,-0.10320875958293,1.20550527445694,1.91879607625079
-1.36954964685204,0.305546240451902,-1.27692396985405,1.46280099964771,-1.21040805160745,0.896226785744442,-1.91927099416505,-0.341529637469613,-0.212432672502042,1.23819594367295
-0.336583877091518,-0.424238181174179,0.434294722776484,-0.464935825134092,-0.79790625696035,-1.32442955922428,0.415745224419734,1.35584180353507,0.824809658594522,-0.120165235141482
0.0200981710322421,0.882547751737002,0.370809970131881,-1.23444720337246,0.844049896452163,1.4405921050381,-0.239115457660043,-1.57533918150291,-2.07034047867437,-1.13684797629311
-0.0056519486014146,-0.0940094164805393,0.430564360628078,-0.571769618974799,0.677867351213013,0.488759034120621,-0.096799142431064,-0.624475460887439,-0.975627628963553,2.39981792130046
-0.112796046957307,-1.72917236896169,-1.27931162449031,-0.911378690335562,1.76855587280106,1.80369657858705,-0.119028383106362,-0.472618375720128,-0.098861280787438,-1.31611851205092
0.0614120185732499,-0.841189215075264,1.10228995253807,0.579909576319684,0.865212582308812,-1.7523923714046,-0.0200676144180359,-0.894637394075376,-0.0388274475114338,-1.48721214567804
-1.07373825968233,1.99740120577067,-0.141553431682845,-1.68756511398,0.145056400779091,2.76190943934521,0.476267646890052,0.400482774391921,0.432789072249099,3.25207504411098
0.408254793150727,-0.242849958634615,0.809019891011998,-1.50852676140071,0.140978216966764,-0.234834498960796,2.23716692980306,0.0834817208079258,0.0862665853647834,-2.76604688151804
1.95510417689754,0.623080128651281,0.665148049619884,-1.31044561710731,-1.03766091355779,0.0677902466862876,-1.26339725977047,0.380021738190038,-0.233626582377539,-2.01722153704061
0.827497244565995,-1.27079134523956,0.509414298934245,-0.827477962568285,-2.08274679890876,1.20690736645053,-0.772078636939717,-0.881854491989197,-1.92745849093359,-2.23698652116452
0.418475940236216,-0.332606921290515,-1.26553176366465,-1.73367839377336,0.714573807137645,3.80208679053811,-0.227279575038038,0.469912513377355,2.46851860540352,-0.220572246801772
-0.525686909825391,1.5911724259223,0.275594904090456,0.357671112200732,-0.83715144204741,-1.27901094149679,0.610924418782098,0.407501591332596,1.9297536622387,1.8448839066
0.881949386047973,-0.406673667147734,1.50697090621969,-0.95240603964584,-0.175418701723589,-1.60639495876307,0.956321331410241,0.426224397133467,0.630378304474051,-0.822086931776705
0.616258411853361,2.76047146295477,-0.422596396644592,-0.19126493227139,0.948479585770746,-0.517639269635174,1.40859790534278,-0.771495873822686,-0.279367117797941,2.60504294839823
0.118320780876362,1.20620555753332,-0.527206157002077,-0.738092866022649,-0.99747255154582,2.047030596947,-0.160131302537262,0.531907799082303,0.840956657361227,-0.581109889578685
0.523671621443256,-0.825331438861966,-0.029691488584058,-0.588610315013082,-0.87822253286967,0.271467113208254,0.130839731701839,0.402738459878468,1.3376189054467,0.807688437458546
0.336022169653513,0.10804324801185,0.735113760560353,0.357853777682297,0.546150968090216,-1.34652511754179,-1.56126675867429,-1.95618094217671,0.245298843138437,0.73168275156209
-0.0798019664217385,0.753125775461002,-1.86150092237566,-0.256816354082458,0.763413438050052,1.33651825300505,1.13784046883045,-0.890398960385622,-1.81036816564978,1.53545883246507
-0.446892725647066,-1.05679996215792,0.0824398448522634,-1.45242240877407,-0.389481701950984,-0.622263045533552,0.211262469246607,0.368260467306255,-0.294093691573425,1.20265726877281
1.16162782531652,0.350003982217038,1.1980302967979,-0.211276749174346,1.42400098444368,-2.04055814481799,0.337490203030548,1.25286932764395,0.17000345646224,-2.45578945012433
-0.307527287070481,-0.652808467731729,0.588968465273441,-0.312388950817482,-2.11836573368042,-1.19824480597172,0.19768448048389,-1.43335030073562,-0.917380496467625,0.318743090063369
0.416463393601169,0.765523273776194,0.772781104280148,-1.37759950321311,-1.00041637898173,-0.227721425205027,0.370229922515301,-1.42670281241634,-0.6844848899027,0.122680772278859
1.06441023839549,-1.28824263055383,0.887852806352015,0.462360241981661,0.16193649720041,0.288009589471082,0.338108538100091,-1.81567328943568,-0.309548935467137,-1.54494659768853
0.856085554548111,-0.130515520736704,0.961281122608393,-0.943557507821589,-0.523847910502234,0.423254324178286,0.43296407792391,2.06300327616853,2.23721446069599,-1.59381542180424
0.401354061085432,-0.467882867373262,0.170362198967565,-0.168899599776873,-0.808810519519395,-0.553212459741533,0.430431750544015,-0.195265527267049,-0.197985648755296,-0.252148544569281
1.1417170731941,0.297192775250404,1.22814859087481,0.783533969558969,0.465977568453009,-2.39340362462712,0.592833911947144,0.555336044495255,0.236662121801622,-2.02318226199079
0.393252369607384,-0.222182112779694,1.24300136036683,0.373453535280275,0.14404602710761,-0.79789556259992,0.431458848058883,0.0748640734375864,1.77856130779639,-2.37991596186741
0.299492516784316,1.53433603618445,-1.00799329683268,0.0397894498173025,0.00825596590162084,0.514297820777581,-0.112710921668856,-0.120239625275556,-2.64332429592747,2.0802224749273
-0.283007655836921,-0.724260107449377,-1.07061652357095,-1.02643053603176,-0.060566944751013,0.404587773609539,-1.67144455164248,-1.0805216439286,-0.489506945927014,-1.7118948114391
0.0153201490784328,-0.870483844856528,-0.688918841205814,0.463939638404376,0.465516303840669,2.54848213105913,0.00467346432778881,-3.22286309936794,-2.5853315156685,0.679989990563923
0.493685294624481,0.884896383994312,0.136578589291855,-1.29694602255902,-0.0491525313151985,-0.249038000975301,1.01344219512636,-0.613998320145062,-0.697969082182157,0.855126579265526
-0.902113595790603,0.705599597220284,-1.51135147171125,0.927959972769569,1.50257258279138,1.23863628481382,0.385543093358708,-0.339270724034569,-1.10895474426413,2.90423407509215
-1.59743128618137,0.828103835081454,0.367223858112741,-0.678767176120839,0.462820756491297,-0.282508304822789,-1.61758160728495,-0.181483237849143,0.50918705404878,0.182077709136363
-0.749061014624372,-0.686062373727171,1.63529257151676,-0.808186249095806,-0.479167737339231,-1.14566123547666,-1.24961074666645,-0.454792534187332,-0.634279449587144,-0.323582385253878
0.919138349852722,-0.213320719675761,0.259133400950046,-0.413565667713062,-1.24611414409212,-0.771241966714324,0.143302184900632,0.463553842058698,1.89337312030834,-1.86249585978249
1.30790047625946,0.935330406874067,0.95843424490766,1.0254710794564,-0.404768024662519,0.540429183684296,-1.78001890763252,-0.269196517846014,0.829490491674146,-1.37470756394489
-0.375576485790442,-1.08168030599711,0.936053633732173,0.81538775693832,-1.3224554364643,-0.767740956844928,0.124152210475675,-0.471945956944119,1.21732442710269,-1.52968947252407
1.58263567800134,0.222537732119984,0.869464863505009,-1.54569746765893,-0.676087368074963,-0.0615222803241852,-0.468318008186433,-0.0266013034599952,-0.953768911348058,-2.75249298031181
-0.191167242623137,0.956871581162417,0.701835108516814,1.28764308772255,0.314038438412311,-3.12693672297532,-0.465348988906478,-0.0121182016793475,-1.22806143912705,-0.522311566659507
-0.216820604999945,1.54300629454295,-0.0865566745244193,1.40939357131125,1.4991573466951,0.00247551093756912,0.144525977508194,-0.158609753852904,-0.750306194302174,1.19968226452459
-0.241190275855699,1.73279559493538,0.207369379332996,2.05352528746113,0.019507916510821,-1.81111421910853,2.16523106930236,-0.40308734277176,-0.500543521641947,2.2428218037341
-0.418803607893513,-0.64708546035911,0.17082740178273,0.826911014606774,-0.264510092896533,-1.14614926587469,0.25444744792703,-0.652575598477733,-0.18678283770734,0.656004837397895
0.384672879291609,-0.299520474133743,1.15087195334255,-1.47415513221996,0.242673887313642,0.143083240588985,0.0356569724854699,0.389660121699972,0.455355598891813,0.102422353658489
-1.96345393472381,1.83044065888833,-2.4779579376673,-0.970275878843377,-0.861516713252412,3.28216196651176,1.85681901333047,-1.06060056244491,0.39902492428825,3.19028738238822
1.20957699830907,0.653146319751955,-0.298745331304478,-1.0218715709822,-0.167523259697623,1.95718382292449,-1.26563416510138,0.311565793766713,0.322349710774944,0.0765226656801471
-0.10983290278205,-1.40710699498208,0.472757169887577,1.33955572916685,0.225726885985489,-3.01465496009843,1.05350402861454,1.54640559142051,0.855765792676263,-2.77757266301144
-1.57024829344465,-0.668745531637738,-1.26561154388889,1.16347062642282,1.21188082874206,-0.362646860734853,-0.813465816436999,-0.86421198190321,-1.70455120763701,1.95085059428811
0.725569433598463,0.303436231169247,0.282147962098257,0.292843590430961,-0.194171756073116,0.354082718156567,-0.196331636954589,1.18487387017025,0.259454304453848,-2.57308618606249
-0.833452716524498,-0.62292902091277,-0.354213651138281,-0.994492687265247,0.348099728016973,2.41932502306642,-0.379310772883223,-0.549191245295508,-0.146667444337845,1.37576735836846
-0.660972583008943,0.171112124533479,-1.28457514631412,-1.07525483183579,-1.34685351801007,2.0352584227087,-0.765040203578274,0.817230333860378,0.0299150772871546,1.63900833956693
0.18627204598842,0.458869194845626,0.731506020884893,0.0373698664190991,-1.02612127045801,0.217503096568361,-1.07156320173533,-0.240038708423212,-0.726556783283384,0.527651497982625
2.05234911197919,-0.853421602730468,2.02053535505586,0.13269433677116,1.44226964555919,-2.86590501949643,0.83651090195417,0.0295043094161685,-0.252983270573992,-2.06148464665035
-0.544955038578803,-1.55104908510285,0.753414926854482,0.900630493378757,0.986942599472709,-2.80723395746548,-0.873209234556349,1.29016921782534,-0.462627923873101,-1.12739399800348
0.359396220577507,-0.213644020057266,1.64447507747204,0.127526244590149,-0.861746993831631,-2.20688559240593,-0.740755559768189,0.928608201155146,0.324723221450381,-0.0269475994672889
-0.901960370755347,0.335395628258489,1.47609935837972,0.205354433197354,-0.281213381472267,1.15983031086592,-1.67423400216963,1.0658989175361,0.994760722198072,0.573854182330435
-0.97625354259552,0.761932395636443,-0.0935406741225155,1.4295780175857,-0.777859349892198,1.18356971664398,-0.695006218665539,0.457126287896048,0.134240859686792,0.278541185954363
0.399491333045496,-0.898760018732505,1.01182934290557,1.39435651631134,1.93524986373736,-2.66646711708179,-0.740287394329005,-2.16795201533887,-2.13018097504006,-1.58612641415077
0.0231887749176577,0.477319187102805,-1.62343384282949,0.0562145700400948,-1.5337306724624,2.35349745336442,1.60076668964491,0.307634779172339,-0.588637497126181,-0.765601979726247
-0.597516068814694,0.682830171258505,-0.400701348700995,-1.04317430841401,0.827793801050938,2.7056026135708,2.54207222379965,-0.391306230026293,-0.193288679732839,-1.2285253873898
-1.61188700845974,2.24288393197247,-1.39014352314962,1.54315229174516,-0.230986240912542,0.0252056339551578,1.36560614370467,-0.282974849475002,-0.29322898618741,4.60016567585001
0.322895123470867,1.34269997573719,0.443380748220909,0.0595649038659002,-0.0920398470504741,0.622568101109465,0.492608727502315,-0.391697162071784,-0.855419678143794,0.985837272765549
0.350938359898834,-2.44242599177829,-0.414272786666159,0.0016166211220881,0.0697195870468172,-1.93636901456473,1.57156587119621,1.70312553663619,0.687312914329936,-0.43319360539331
-0.522844811260516,-0.0416315587608209,-0.828737323133438,1.14613485017352,0.493946015719364,0.596268372952628,0.179648270764431,0.446742619232546,1.71744972229042,0.900779917266314
0.093467579857505,-0.0344264845781687,0.646705440405681,-1.13322278916721,1.4313639732143,-0.425483182711089,1.07122599350643,-1.43629788857963,-2.70909612907533,-0.797106872451702
-0.316529219370443,-0.281207363448115,-0.865520694008746,1.70874469356554,0.202298794909491,-1.10852737047185,-0.685209902043742,2.07992036886756,2.71035109367188,-1.4144867942789
-1.26517586123379,-1.43251526490708,0.640317506112307,0.603308215264598,-0.188913990841076,-1.07625909659732,2.04123660257402,1.11758880434503,-0.419511310617907,0.478653243982684
0.565483791207746,-0.179600076829171,0.140259610468816,-1.20654718118182,0.484683114459494,1.41949806968338,0.476659176682257,1.92117877770072,1.34524442430466,0.502399207121149
-1.74884215409635,1.05106880550001,-0.809042981253074,-0.6361130417747,0.418956462354604,1.1387174537103,0.0786273184707565,0.355992692832262,1.77706650741844,2.51798908343113
1.85034912333896,2.04324991100227,1.55100577650066,1.59954485485472,-0.522521780015021,-2.99167840332831,-2.76896154836934,-1.65664624065009,-0.000412432162095633,-0.245771667592266
-0.363407267494392,-0.152194239270805,-1.51523684391521,-0.915596311917153,-1.0649906195022,1.88413337225812,0.0732515228167672,-0.990802054914379,-0.954158920394684,1.83520718072116
-0.605464506366782,1.42673986154021,-0.490345782677863,-0.273057288157757,-0.415551671786015,-1.06497779250386,-0.742918894713448,-0.0600381055114834,0.533043821829337,1.39417267018741
0.305023533315254,0.521568519896858,0.241338135031445,-0.689254483532552,0.662015428892117,1.7622525609562,1.53449222656406,1.63379251885911,0.776414864199362,-0.0456125952695563
-0.752007471722262,-1.60448892867692,0.21260737386366,1.39450270147636,0.366601393670803,-0.230415341951783,0.0249213233604684,0.0180975562982938,-0.288624057835893,-1.71509885230635
-0.0797193895670956,0.589083145563702,-0.245302161292314,-0.306750382164117,0.00698406312583948,-0.446059688641147,0.343027916597254,-0.276779038289885,1.31732976508042,-0.642106741163579
0.444127090353308,0.933668109465911,0.319649151275687,-0.821950691019362,1.15632123856907,-0.168497350731634,-1.24235924948575,0.309311504891242,-0.712522536286135,-0.532399724193418
0.110026905721979,-1.240610939581,0.326813655383452,-1.27848940870102,-0.441888915450902,0.112079434943746,2.13641840265229,0.796281285470055,0.150857502088615,-2.06632303793196
0.439161603284999,1.32470440885939,-0.359599452086582,0.880005547833167,1.18583662331211,0.883546992765476,0.311335074817559,0.422272088788743,0.455719070337992,0.534203311550129
1.08866775552763,-1.31242421583488,1.58941237269809,2.12927430714218,0.74588591616776,-3.8806015617012,0.562311443589897,0.820357698280119,0.473618789835062,-4.70981868478531
2.18262234744494,0.0461193718723497,1.33276397832958,0.73052209034997,-0.204027928375775,-1.67849235929397,-0.634485400900284,0.355519274629418,-0.301881771333237,-0.912857741786746
0.214511807288857,-0.257065574668915,-0.765211547339492,-0.738930283619145,-0.663300570212502,2.32908488286909,1.59859042989216,0.0122509332668165,-0.0946564477258828,0.809082584186495
0.0324393745499565,-1.54213347111422,1.26961191112816,0.175294345501124,-0.0581738615390239,-1.48381810420901,-0.684673555295724,0.504466720765313,-0.575053197321387,-1.89950698200271
-0.0492811210265584,-0.692064213578391,-0.262665221926387,0.999084298851983,-0.63686336314629,0.32268228196345,0.168270743014795,1.81735951019141,1.5995042162449,1.82452846786174
0.0633511842812238,-0.276831830230111,-1.75959315101637,-0.379834877977667,-1.12269279560563,3.76594823112593,0.588769284729702,-1.19662305102053,-1.32151781810991,-0.315497243516651
-0.200097763523135,1.25636762766095,0.783091120398369,0.645684214379203,0.145504035010845,-0.618101762049898,0.332529896151606,0.485151545383947,0.0788804537485411,1.54438018208816
0.112678853989393,0.873721512473306,0.374706820956631,0.96962316615644,1.66757270191322,-1.74831025038318,-1.18717140477516,-0.461039422371207,0.747173244305142,-2.42540820342892
-0.34241309217802,-0.313481642780841,0.356949983051154,-0.55124823865566,1.2161934775177,1.9567782636425,-0.10374176839116,1.26807692748912,-0.497334031930787,-1.08865474388658
0.121275538908573,2.32318996966708,-0.932989552947541,0.576880844226644,-0.433121993017225,1.77797864253995,-0.942752640039181,-0.209582517311094,0.480515218592714,2.69151197811747
-0.352630031074581,1.46673924804644,-0.495758350910924,-0.712655735785561,0.502188173098538,1.64539243675606,-0.695555457499115,-0.285614745609911,-1.61401555916444,1.93049797610532
-0.844480016183522,0.11801350559334,-2.4988089987371,-3.62381130244079,0.663792660431894,3.70887445517147,-1.27303960720363,-1.21044341206666,-0.713864705634928,1.80027489341048
0.827145096745462,-1.11350943794037,0.387762748530622,0.10196528273883,-0.442531468574307,-0.398676551768945,-0.999269367538586,0.995830669866507,-0.0514276029150775,-1.36096425170214
0.0354010418672829,-0.278511257108646,-1.08318008708234,1.24445554905652,0.464569485256996,1.50806419719931,-0.459698380510142,0.678226401571002,1.17032232198026,-0.145197800173493
0.0432450066434315,-0.0763714368585793,0.730595827381328,0.14856795304474,-1.00199645837752,-0.91027666640105,-0.266709271146485,1.12161123730523,-0.109822960359519,0.351356848223306
1.70345714021903,-0.392058132423352,1.0671830303595,0.0537649761553898,-0.433741914995416,-2.72516016804199,0.893445215868838,-0.406798639504248,0.474340993880361,-2.25340413446368
1.20935133076779,1.25903228598797,1.83028563770816,-0.314340370667567,1.00066903997025,1.12064951751816,-0.474063814846921,0.130997243369594,1.67806335336965,-0.2879133915107
1.15494780568743,1.9263591073317,0.222413858287918,0.257985268468548,0.991483242673588,-1.82112831849537,0.5062150329848,1.83851811780067,0.930553891317992,0.45538366388086
-0.821067027274128,0.532090851397019,-1.77459563080366,0.455136766568516,-2.08778008667262,2.9347846967375,1.31346614676459,0.114259643498539,-0.40071875981873,2.53487750158383
-0.744070117427832,-0.0896635881056323,-0.282777975220515,0.662973154858898,-0.791064840156626,-0.596147773696036,-0.456412480537453,-1.91283886427209,-0.295411112593537,0.736001347779314
1.24749460472663,0.844256488387189,-1.37310253612697,-0.367506135108264,-0.453038157958541,0.966996571049349,0.165566692740309,-3.06145754426017,-2.84974008492659,0.494351922095207
-0.0202647927967619,0.252785930936927,-0.990771129018415,0.925633408578538,0.818559912655454,-0.329425104098234,-0.425836464244147,-0.39780821464322,-0.41312542098498,2.25887074634401
1.1022151498021,-1.67225486174214,-0.29194248244881,1.90426160621787,-0.50318269456171,-0.883793713278719,-1.57035344663182,-0.706940838233185,-0.419182162946924,-1.21080558246206
-0.561448307243073,-2.99500427253432,-0.406055097241592,-0.819410364634077,1.35032339569557,-0.623611097535625,-0.414120524262967,2.95478157512416,1.1733206620159,-1.84079014914822
-0.848656914098806,-0.717773219683301,-0.417437403934837,-0.872446659825937,-0.682721324271581,1.98055092152684,0.364759549798038,-0.686324709516096,-0.913468312987191,0.965918967814319
0.422333649047291,0.441273699981933,0.63026396292633,-0.965855653518272,-1.27169516478998,2.74701881005836,-0.833323734390992,-0.358589822692961,-1.02387959908732,-1.54420380723489
-1.63920764510241,-0.0823006942065685,-1.7043817472573,-0.188294729712239,-1.33161559113397,2.13221794654857,2.0779184407541,2.47728495876041,1.70640716942393,3.07228083815113
0.261503415176169,0.260363615927398,0.809916239796166,1.46556192379923,0.841468957242836,-0.95471527104241,2.28563094985986,1.03294608092718,2.16521229707036,1.23660128549763
-0.49234312304692,-0.00601756656610714,-1.51662584879027,-0.13155378898476,-1.21945817256038,1.63015374168062,1.06243912966506,-0.127818144291343,-1.81181484697595,1.12809772243457
-0.0482636308438721,-0.381260439207305,-0.349594843257724,-1.98171147418666,-0.229460757737769,2.31109543648009,-1.16726000958945,-2.12636827148055,-0.594021796071533,-1.19283415725132
0.807910007750087,0.335653565255267,-0.234840806433142,1.09430772977317,-2.17090473838579,-0.342136754280308,-0.150103424070573,0.0843879569129156,0.884982514288284,-1.13768054034451
0.470835222470678,-1.57865131923151,-1.52307893546783,0.00922091310813528,1.64619334658163,0.238971488254625,1.3110863465131,-1.21662015945016,-1.69147398467173,0.135602353911294
0.512769991610369,0.61707351263905,-0.763627310942624,0.0812199299887099,-1.55647461594817,1.51426831291843,0.578938249638666,2.48274686274782,0.654245197939744,-0.158405942815363
1.0101058787123,-0.348113179873483,-0.26819468562372,0.237782814432734,-0.231446751575857,0.0266710658114282,0.53228096845133,-0.133610313488327,0.861124219288647,0.00374683102269854
-0.16866522624349,0.280672151691835,-0.638665159615696,0.904591363840804,-0.0395223025048577,0.0565703473439267,-1.08609612341904,-0.347171449835532,0.177286718268987,0.674237296070156
-1.62479505030842,-0.811021063747425,-0.462625771289936,-0.186924934168184,0.492367501900939,1.83561173309663,0.255070283005654,-0.0295081290779197,1.16442661346606,-0.725135600565242
-0.441116145589771,-0.185179930139793,0.509992856110125,0.731475287403911,-0.361215484217913,-1.17537838455011,0.682119811346242,-0.513634980591664,-0.437036695070537,-0.256207984388014
0.413762641229741,-2.10490698928407,-0.570873710916221,-0.252254398316616,-0.753018120952104,0.348205642840827,-1.40115815458422,1.11277181299923,-0.558128814272719,-0.680176027107479
-1.20310461335163,0.953826946395087,-0.0215281730483152,0.512587908979918,-0.806450022847531,-0.732161695560779,-0.562112253281342,1.62966297897497,0.686309409215076,2.48381892796655
-0.81949617469268,0.038297253608878,0.632756673093777,0.310311805549458,0.974900748206815,-1.50638882381739,-2.65638472999142,0.068844340649006,0.368680487121649,-0.419606965095523
0.134728401941496,-0.134033447090874,-0.673640924856887,0.0317569930970439,0.732702726077205,1.62628483128464,-2.90238629996978,1.17433868087779,0.468466920630962,0.688909845823566
-0.485423894848521,-0.985697989999771,0.422049648324558,-1.3809530232246,0.773730415537367,0.587050769532469,0.266976770661929,-1.0937459784635,-0.416061836558655,-3.97020118934223
-2.01846654527437,0.620337392893138,-0.215429124120387,1.35853975311704,0.205127407210146,-0.891792731222439,1.09322453913576,-0.137818111788189,-0.564533720940293,2.53820610753641
0.190154276977825,-1.37507690007158,-0.894439576171942,0.367048402453434,-0.157054490257539,0.108943680009945,-1.43666326236948,-0.183620352017996,-0.410636623341393,0.437877652819201
-0.267432012642374,-0.228054421274749,0.423070211379375,0.179953777886804,1.35056029562895,-0.868216166141275,-0.708779407390826,-1.69212370648492,-1.62954651220917,-0.257397870432559
1.04105677502375,-0.137007734668292,2.50338410963488,-0.647000743454123,1.37181317100965,-0.864953591767694,1.42353811318632,-1.13935171300348,-0.301001668379911,-0.624041914587488
-0.177926389294041,0.0994176935986725,-0.82748710657723,0.437601591635847,0.291934114091095,0.0509989040942132,2.56403523755211,1.18938729955039,1.12425205804152,0.0627316296690894
0.300455026895853,-1.04806400873948,-0.968475849191975,0.226305213174801,-1.17535592644307,0.866282726760766,-0.984957218015695,1.25851316060159,-0.198036748950054,-0.84965360750952
1.90007817264461,0.151037086927959,1.95538427983065,-0.853946222106844,-1.10880493998225,-2.77933624618852,0.106819256633842,-0.884358734365611,-1.30560388468848,-1.45794656438976
0.186777838110437,0.611010949159366,-0.102384891454443,0.869235688481847,-0.0592695086276969,-3.01542756627206,1.73885928333131,1.18691267247213,0.938304422987991,-0.650333339845415
-0.16381222359136,-0.875503705414978,-0.611988146428288,-1.65565274495694,-0.238431882561697,0.617681947611691,-2.32719909107823,0.386105310062407,-0.576115471198099,-1.40090757110716
1.12535258858566,0.770867795311757,0.321298982125278,0.358234154499739,1.57451422818591,-0.577560797466758,0.14298530440443,1.47929377743625,1.39601293832192,1.10484436527054
-1.54545356441319,0.875263993248696,-1.45996534591323,0.436181319836872,0.835809592726972,1.26528166762667,-0.868327700368762,0.344106045220317,-0.404599916962901,2.8395743906171
0.942279185279603,-1.68181953693893,1.88877082110589,0.1591180919674,-0.769441332571678,-0.503726273156108,-0.00374140452781172,-1.07421756133754,-0.748287765523929,-4.11000543915711
-0.977866206794714,-0.195637577691407,0.688407004664977,1.36633426054105,-0.438401680086883,0.552019182114029,-0.214053280210275,-0.35619104485236,-0.392248360198165,1.30973451735052
0.705958337393067,0.724586092745624,-0.701362048139715,0.0960103388483337,-0.154123399752053,3.67068906173773,0.00021123926534251,-0.374715228532255,-0.405779522550935,0.731099686298697
0.810110154456923,2.66259632892516,0.715287194979749,-0.566235332461744,0.332295118575901,-0.907258820605235,0.611774287465632,-2.66891845415254,-0.517169636158152,-2.16796512944391
-0.685492122825685,-0.689947097642195,-1.10202237993122,0.637119752524517,-1.66479916618956,0.0239068022265453,-1.29045197405311,0.278681093137124,-0.104721295660563,0.0424317892962311
-0.201922423182387,-0.15407162430685,-0.777181140287737,0.365550766283528,-0.296522954051955,-0.811561878644948,1.06108387510329,1.62693622581001,1.83646126002594,0.117348654000149
-0.253615323192517,-1.92984313767143,-1.77203228183108,0.257105676741978,-0.603726922228408,1.60984576928656,0.035821169279424,-1.08534338549935,-0.145172622357199,-0.586541932940887
0.683430405046283,1.59780341858414,-0.29397344456693,0.456658369145134,0.770679177260872,2.11570645232629,0.230097375129633,-0.483773245054242,-0.30892322323887,-0.464649706045715
-0.924343521665468,-1.01054144009895,-0.260756886415409,-0.52865111657363,0.543485466929087,0.0549361050579526,0.770031061162274,-0.729190778592012,-0.59617200226513,0.135343672993891
-2.02667844727951,-1.33004145151347,-1.66736127440506,-1.30687593008765,0.131839257212407,1.33360083757432,0.883087561622108,-0.39180206722097,-1.24090128520441,1.57413925463116
-1.1434683850433,-1.73462139897777,-0.784932625478174,-2.37761482542737,0.19234276019275,1.93238966621306,-1.72109683587611,0.898692436181662,0.0695937241602698,0.348368361172658
-1.34188217568048,-0.561817578201488,-0.663661184966197,-0.185611878932206,-0.245821970672105,1.30508218105868,-1.10207159327283,-0.770017572402262,-1.44310870570495,0.721940831039847
-0.0449127088752167,-1.47724218494652,0.675714124789442,1.17501436863571,-1.89685400997235,-0.345498010620259,-1.14661418005175,-1.60354935504917,-0.954480944889752,-0.465850322370675
1.46591571899134,-1.56412823424449,-0.31232451537157,0.163247925021061,-0.752445661015307,-0.325017105610417,1.69724687423163,0.488238143149686,0.17215779998464,0.404071710009682
0.982524011769059,0.78535268316359,0.321672352845289,1.35378173834759,0.578500683488987,-0.72911920126983,0.141964388349818,-0.458269733358894,-0.277490253485884,-2.03453850925409
0.317023760302209,0.876216232932655,0.543711785005634,-0.698996363599118,-1.1076801873067,0.549521717755842,0.572017340679338,1.043197176766,-1.72654725389524,-2.45151743521744
0.281386431366173,-1.31274216813923,2.21673127861211,-0.446277100593551,0.645128416505428,-0.874740402814997,0.0808673309907081,-0.863287037033326,-1.50369006884352,-3.27014521476014
0.345471043321435,-0.170166443898401,0.618161381804835,0.519695293970883,-0.567273589690565,-2.61642301001644,0.041204527064852,0.309420139723626,-0.636685290313676,-0.674907069687273
0.413819539636281,-1.32825674446434,1.96492642417969,-0.536741067910417,-2.10061139462651,-4.07117869283525,0.797071374631027,0.26018775028928,-0.489143522118468,-0.0829217767347698
1.47665912048449,0.347958509254744,0.048666100242941,1.73757359112294,1.44179799099094,-1.27533575377111,-1.41120720740067,0.794917763438472,0.0236618262962657,0.173233353683218
-0.629553449206056,-0.911573830535952,0.0595535743943483,-0.907085248860086,-0.587343727433474,2.08524814665036,-0.0285217433739554,-0.0137959762792476,-0.572292089151938,-0.441692504776937
0.664683998571189,-0.781094108694827,-0.713179283510794,-1.08082095225089,-2.42059917264277,1.690104529374,0.866349453531532,1.15467140072804,0.359351123277549,-0.516990830591032
-0.12423475560732,-0.297833580696633,-1.54889372470547,0.926052731536048,0.552421108812741,1.00861599482638,0.842657277551364,1.03460554433719,0.971598128183125,-0.636751677799685
1.30553929595515,-1.71967129639201,1.59465093143348,0.0548417749858622,-0.110256985686598,-0.621158075588791,-1.25798831375207,-0.678976064898051,0.532779609247563,-3.69443880947115
0.00215575901299453,1.32479986524002,0.510318151558502,0.876923003897106,1.29326321597897,-3.52433960719291,1.5066961244,0.325817102545726,-0.867357223558798,1.29918598928129
-1.26277362592235,-0.639929476887786,0.218411006148242,-0.213275208416417,-2.43664109459745,-1.25873332572322,0.688605892547345,0.0832199682251711,-1.34189022025197,-0.611332786874911
0.800169338227676,-0.485562556676153,0.42989610307525,-1.08204943004698,0.0481882534849567,-1.06585246627868,0.329807815238938,0.636648437001737,0.421044137261011,-0.220371025412313
0.552511986777062,0.722609321821796,-0.689013824804875,0.542540744705476,0.482687738718086,-1.47370365540338,-0.0581339886759236,0.855231922254883,-0.042483748083006,0.00792208734269725
-0.327714013170842,-2.45618740944011,0.456094467673085,1.21134720927912,-0.546032914517858,-2.00893162376721,0.86116633582385,1.08913969453581,0.730660714489219,-1.78339293104788
1.1067270970753,1.23591256459082,0.968792888793895,-1.57174419468607,-0.483765674530691,0.413392574331383,2.20657269986657,0.844058550871276,0.0353174790607582,-1.88927974274973
-0.0968480332467024,0.968581870387376,0.0801272001710629,0.994642565745069,-0.740237534767234,-1.82652326324056,0.327294469435405,-0.0206991849491476,-1.16855291981941,1.18492227644157
1.64382358610606,0.197904973877471,0.954315497147215,-0.680660282248135,0.597585163380524,-1.26912808895163,0.509562016229362,0.822813538050091,-0.465225936520669,-1.51702243309105
0.30873437440946,0.382690118803341,-0.452280591887859,-0.84836829465284,1.07890925267953,0.889267149373385,0.407297011172754,0.327597816650461,1.58469335806165,0.278633718010598
0.438706652593131,0.32201769525886,0.466931622457486,-0.917317737188435,0.137514359456981,2.10322567875469,1.18259765780513,-0.560200432683764,-1.60507705869475,-0.798644377280933
-0.539872703732097,1.34933226100672,-0.803624976283255,-1.58139185996463,0.48029717571748,1.50242405499811,-0.0365199946503913,0.683775895144534,0.564630044400972,0.989283938843204
-0.192667138448288,0.0654745199419549,-0.843942821656134,0.534213977635405,-0.350301942607219,1.70355951206755,-0.225960101142264,1.28573681662207,-0.137714648661361,0.278186491414648
0.0621903009513421,1.33083233172699,-2.55673245277318,-0.626598297706024,0.297802438760045,0.86384779446873,-2.43466589188072,1.10943508664431,1.82713016189546,3.30211814751122
-1.97241129171669,-0.219689860272224,-2.29015844702954,-0.496796882830305,0.293624358909966,2.86847163313792,0.25535577533831,2.17237704438834,1.02744956544862,2.63278153712116
0.377028095829395,2.8583164743136,0.0363353585718047,0.423177694783417,0.610239146856861,-2.11457786414977,0.551317962056667,0.751743444662034,1.03134507618131,3.35915377799325
0.6816777386225,-1.39490050421467,1.99120912543446,2.16401247757382,-0.232965519521123,-3.68530588960171,-0.853495523303908,1.26668986929531,0.873152349249556,-1.4251414511567
0.0417695017194204,1.47718451864883,0.752952639302216,0.503206423690216,0.4058245854858,-1.21590240463768,0.157685403287836,0.37727566559446,0.0843539933288575,1.66519923547719
-0.301203646213541,0.15659323159198,0.481977351189972,0.666504974602042,0.0349578451450956,-0.928220135250905,0.94305144780074,1.87698753419601,3.10105763047164,-0.371431627144005
-0.12505983638875,3.00326069138164,-1.56912347629463,0.0963302126306602,-0.200061409306815,3.16409537731282,0.418765840758176,0.475686481625431,-0.574869384968344,1.47103694895805
0.528142764218191,-0.287587011563209,1.54004863629007,-1.87146361316205,-0.683950584529186,-2.00881767950058,1.88275876084557,0.324679915935231,1.05305063251926,-1.39542642626164
0.522488486091233,-0.62521856147434,1.12042758041734,2.1927346312082,-0.993180807957901,-4.04932820011347,0.292533935088926,2.00264831571394,3.1002120991327,-1.09214096944956
0.648107376505001,-0.188553513998626,-0.00292692674661416,-1.6485462229447,-0.178150129589673,1.14212628854595,-0.647654048734347,0.316429820952362,1.96299940638227,-0.631005366429271
0.142476394579797,-1.11324574494938,-1.00281219778891,-1.22736520892751,-0.784179113521176,2.56771764380341,-0.25006584480724,-0.466285634965424,-0.471703620217031,-0.621385013604979
0.0130460896009134,1.06482728049699,-0.3679951479927,0.108811545956715,0.466560730811107,-0.989179635588242,1.86847419742213,0.684708639085255,0.214599988677811,0.580847070111488
-0.342348641986085,-2.2888447482383,-1.27725417235853,-0.954094146566599,0.265611093469929,4.10768622643318,-2.79983178419932,-1.5777313927421,-0.9455875954877,-0.64077086334729
0.90737106409944,-0.407824917394707,1.8438465893341,-0.221564379303813,-1.28468482390078,-2.44377348237715,-1.08151978954085,0.328865826483346,-0.326296193716182,-0.554480071916821
-0.624124646033071,-0.420912145529871,0.594391564888199,-0.455086601415241,0.13900150127318,0.272505172995842,-0.569237739965661,1.69197540761819,0.866144475243547,0.341231057664795
-0.535274663291479,2.34109431936527,0.164107448777649,0.965332032965879,-0.0894245590078252,-2.4376468685316,-0.688622394832392,-1.76422152948753,-1.33789592598966,1.48656974931055
-0.0312461042399329,-1.32100903520059,-1.44282927945237,-1.14577801390242,-0.896761370949546,0.897640145029003,-0.692142358908352,0.673294254421751,1.05158347203057,1.41709063950953
2.24999875857622,0.153351084412734,1.23793269666203,0.563784089027703,0.530460443013341,-1.3204362574974,1.96838612863856,-0.0327283462469994,0.852989073521908,-0.031987908093064
-0.196545844769751,-0.15629567142589,-0.247950335874278,-2.73909709082931,0.960168393306604,3.46231814256187,0.00675069511016794,0.768362692532538,0.264934899219311,-0.630594139012366
0.325044010380966,1.65613195165187,0.734582596485809,0.176232987278683,-0.841577115919393,-0.112877063266733,-0.578830375578991,-0.75561746787077,0.512128555450876,2.89299339814725
-1.29280925257937,0.424032872766765,-0.206075045677419,0.57919013905886,-0.753414120219111,-0.255497499309935,1.9422332913104,-0.29700285757619,-0.568263766920923,0.799894612912937
-0.00599761491533682,0.12620074388632,0.194033267832122,0.608922784646672,0.25971292276928,-2.68550813233409,1.20334489826845,-0.148903619712642,-0.490719516282013,-0.540050387237348
-0.0125003200235234,-0.0440698307192093,-0.0960363368064264,-0.465726981099737,-1.05160192298484,2.32184206097547,0.956913479989183,-0.729700537117853,1.52687423167332,1.16718527443275
-0.90946010870563,-0.572015769875583,-0.893848758902613,-0.771799886636358,-0.0438539910777744,1.70156586985498,0.969155857882158,-0.217081830731525,0.198544293841188,2.4457620600101
-0.745602877716358,1.58070776985714,-1.18655079934078,0.943459988130123,0.80001594083987,-0.649876403338329,-1.63415744833313,-2.06332095765074,-1.30677146057487,2.53074650223142
-0.543528864203087,-1.12729559115263,-0.628232014360995,-2.02281953968682,0.246915153586378,1.01132959293206,-0.421533021368211,1.42971791051997,0.282837943935566,-0.0429073362148924
2.0154875515796,0.345670739648225,0.479929350473067,-0.62570827932066,-0.534601628262383,0.981012737801604,-0.295906366503094,-0.945973297758539,0.579806200761549,-1.64740972489218
0.253313541808086,0.769187736831144,-0.0643592618098275,-1.0719801251762,-0.88136141496858,1.31434444357072,0.197214369764009,1.19967070290891,1.10229460797293,-0.909565215075843
-0.862062015285698,0.643941312375464,-0.315078956851392,0.557752845447166,2.11566943855656,-1.68684370280892,1.16358199615385,1.77198013969511,1.60069081387515,1.22425450619161
-0.149056782852947,-1.25419575869909,-0.548922665425785,0.302731780254742,-0.689087960082113,-0.148513351278688,-0.604076572221523,1.25387152324312,0.404539846990516,1.81855075692935
-0.259238325914663,-2.16206823454557,1.16354172014756,1.97775191070388,-1.24466186218021,-3.55858501428815,1.70929896744671,0.0841012318355866,-0.893260308204809,-0.635401002285191
-0.27400717837727,1.03484159126661,-0.618078328104813,0.0961735045097994,0.317296992643924,-0.078988350135839,-2.16086449304718,-0.597304998233847,-1.51468835816771,1.12013251939737
-0.759826930104073,-3.31362027361264,0.0520803430313603,-1.31126368909575,-0.443276003790907,0.345595601878255,-0.0233915421411382,0.343506285723192,0.822698646662621,-3.12527975794275
-0.520471511623325,-0.914338986978637,0.300755387846953,0.552578031539948,-1.96292880976537,-1.96370208280915,-0.0628221164945785,0.338539433618215,-0.255047413147491,-1.61444818673415
0.112937274935676,-1.30315437256749,-0.427360485568833,0.0705645004119647,-0.210722423601942,0.556538659446485,0.699939987622076,-1.48907293408217,-1.22184520735534,-0.232784294387378
0.685560012707251,1.61316658757907,0.350133654254894,0.801071063514637,-1.8459513543694,2.32465900605078,2.90254865212863,1.82464689466165,2.14621471891061,1.06548121469726
-0.907920092138879,1.14664620308721,-0.530945089443882,0.291938169962212,-0.076450274398923,-0.124685486423824,0.149111556763248,-0.653035982300548,0.0240819735023166,1.83772771123347
-0.255181866313554,1.06622076380653,0.655075103923302,-1.0409104194329,-0.494435339006677,-1.23317498381869,0.919022269849277,-0.528198227345559,-0.429276523456104,-0.787020601167811
-1.3637708799269,-0.725029017054864,-0.962785738217347,-2.29338811081513,-0.684728310617902,4.07470672770132,-1.50281363591484,-0.903904988245825,0.601683717709088,0.550917381322413
1.36057226471507,0.600508629685453,-1.90181579131798,-0.761039886871637,0.0356128683255752,1.38205073001806,0.728383419905826,-1.70198449556965,-1.01233844154352,2.10751165185035
-2.24448041884693,1.19539624607157,-0.318933822975266,0.981658038209702,-0.402535577819516,-1.27350915986531,0.435816713109661,0.219569857768508,1.10940900808261,2.16994467703927
-0.270198859075514,1.34733387170577,1.18325275218529,-3.05086455077297,0.255751809498586,2.47609785297533,-0.335691539986913,-0.45870471607216,-0.10820972683366,0.917177935936117
-1.10561874700135,0.646010431417219,0.324586958181904,-0.283206945844845,0.679911874156715,0.0765242153366437,0.0800996374312445,-0.478646316042923,-0.103027050097339,0.461030505305346
0.440361509035853,0.651858088873798,0.172800621675075,0.337544976651537,0.0943541765744906,-2.16602877339992,0.307109119406268,1.18126792345574,0.580370643231794,0.221559992654778
1.86858673536413,1.80185721590695,2.6921968522681,0.708792288024352,-0.656557768130627,-3.59012278123932,-1.70604313373937,1.22193759160511,1.59015039185574,-1.9814696618114
-2.22922862700843,0.624256742776025,-0.871600319717347,-0.690141347581654,-0.152469868651063,1.11353126980107,-1.07114788350187,-0.70765020516685,0.0569399990524677,3.28684700863115
-0.289788591985774,-0.0163749437573023,-1.33210988359698,-1.61064267274297,-0.0471243087645664,2.73514942404869,0.207064406189054,-1.23866063817662,0.132329577757193,3.07287303541405
-0.596463245025056,1.15894500062818,0.60740509490992,-0.46172747120147,-0.19050885808663,-0.194157624725908,-0.438147313041115,0.718738364238421,2.03853986923535,-1.0284454670684
-0.59049536108515,-0.423799311062125,-0.5617508873248,0.0254491015535507,-0.183302310856991,1.09205446752305,-1.34687602248648,0.121421581171677,0.416837633743236,1.57825068928247
-0.35078710808402,0.133016571304933,-0.169418405452201,0.764398942901127,0.0595566741546204,-1.17618181970183,-0.628876085776175,0.228904546596011,0.11969870160483,0.259670410474977
-0.0685494173669688,0.34332696630389,0.77400260290719,-1.56060883787145,-0.804945457906111,-0.313069945062072,0.244385719999669,1.02588090090429,1.59837236689499,0.185771571128391
0.435095025659663,-1.38327602499379,-1.32462038410726,-1.39688511535249,1.24156647586153,4.17417176543198,-1.57045002778218,-1.18585123429137,-0.786725323400767,-0.458365161819625
-1.00177033693497,-0.0716651364269262,-1.47946031761958,-0.477647321450649,-1.70438020941227,0.724010241227716,2.27772168977946,-0.485990771059858,-1.57807653503098,0.124031339603318
-0.792306400746651,-0.406817420540222,0.630953763188806,1.80922712450492,0.719322639505417,-1.38648793153208,-1.06230287098595,1.27680750920043,0.929223169270656,0.607778689198005
0.165320269996423,0.57115947702311,-0.24018970552976,-0.475971646716064,0.567993159387255,1.52705400276272,0.389670236799017,-0.202064916365907,-1.12193771762102,0.627956305770937
-1.01364007645927,-1.13513352260579,-0.814889080325261,0.476237555553097,0.205893562506339,1.30414805371158,-0.965688156643209,0.453501094229009,-0.189875547288333,0.852756052785291
0.0908759877432917,-2.87359642226666,0.749810747605169,0.794847451058776,-0.166190378898674,-1.16685306825241,-1.17481494925857,1.72605947726647,0.437879384496587,-2.68370896251315
-0.583747467814506,1.26043318363469,-1.461962679403,0.101226878022231,-1.18692588085018,0.299125373125609,0.472425424155314,-0.712387575104398,-2.48902885355331,2.61761453919606
-0.138444445528276,-0.134883388605937,-0.463626173168604,0.0179588891193762,-0.746539319796843,-0.119874922299642,0.733965004872855,0.0350186058066707,-0.600222522326428,2.24173404656418
0.242824048581706,-2.95348795809823,-0.418063561296769,-0.0939825039149171,-1.31344080593709,0.063280528259767,3.57334504001352,-0.298054607135064,-1.48937131920461,-2.69841563753442
0.0106416346984355,1.81755618506681,0.415773406627504,-1.01398123133571,0.400168067819079,1.74331732543184,1.11286409628223,-0.783204484086729,-0.0266626053663019,2.96352611185844
-0.107133993185665,-0.287905230275497,-0.573818472151644,-0.0356224800279195,1.0585385362615,0.580212572342233,0.924915113540301,-1.57020362949468,-0.369965275037318,1.30216023088767
-1.5941091594468,0.197429742105273,-0.802204045115733,-0.622977254422209,-0.0312945815843309,1.64707916985703,-2.17751974666191,0.473368525468374,1.17775494551248,2.44794484365094
-1.00519061439613,-1.20381220443268,-1.6082492040024,-1.07108720440409,0.160994335038804,1.55544654399811,-2.95108398195019,-1.30065381921397,-0.864501258881664,2.11027050633314
-0.229455737058392,0.995800348298881,-0.186561861146106,0.891302962672055,1.11582573823648,-0.857356751473246,0.608955350053985,-0.107316149774066,-0.481764179582206,0.847772662247503
-0.269489335674551,-0.0270149775005621,-0.395254608292408,0.198443072021163,0.307499433439887,-1.18883480615541,-0.514475709087246,2.56359275805339,0.777464770633159,0.639357866754073
0.0307194994925287,-3.26288275436623,1.40462150209211,-0.289304944148602,-0.843966188744423,-0.203123057350356,1.99703632698912,-0.187721129182631,-2.32398052540517,-3.15593778856437
0.657461515483022,-0.25705626347703,0.126414406363119,-2.10057377607789,-0.932851674812299,2.4292650545532,0.257140105051871,0.0534283094325943,0.614473736986622,-1.09034974692717
-0.185142374414517,-1.54809611221026,-1.27422268643226,-1.21472789511274,-0.0617948318271459,2.34968084522117,-0.0403199246270785,0.820849757029938,0.524304530030507,0.0550485585288704
0.00610422155407751,-1.4736352215361,0.444496116058255,0.641926482881537,0.357229948326577,-0.883978301308339,-1.94716513267733,-0.550704905637271,0.145889103570423,-1.23081612962454
0.736059261859854,1.11366168771109,-0.249549445544544,-1.23076171147968,1.30555309504835,0.20750032269348,0.595180549590001,-0.911824091004694,-0.640157667241709,-0.667418283641182
-0.10153498939324,-1.53696006910183,-0.845899377585337,-0.640413003557662,-1.21595222190815,-0.390235420796469,0.746397114046049,-0.112366859781496,-0.449396971699655,-0.551632292020176
-0.296044229638818,-0.861625227365992,-0.164865119349695,-0.165513593261692,-0.744015550943821,0.854387870985742,-0.65928882342186,-0.659024521817527,-2.03912671958538,2.00788537256812
0.872270852328353,-0.208208224778302,0.0274982639223588,-0.0794817474942821,0.447577106787792,0.866984763048323,0.48365694473358,0.533388649242676,0.546394066385898,0.237195054111538
-0.851222513188554,1.67578258063102,-0.630489884851239,-0.587037112752265,0.1589352710435,-2.46018909226787,1.82096570713845,0.330980846690859,-1.11686020655396,1.43044777995864
1.03084802005992,0.436011663772942,0.872281631094831,0.529370860767022,1.00695919477502,-0.444366563769929,1.10460371574128,-0.23636784458038,0.256594956127257,1.48351556281755
-1.29038333874503,-0.0798273701142248,-1.13731943001639,-0.611243468519556,0.187338811154548,1.02533387802279,-1.21904799968927,-0.752965794311218,0.0445899280865379,1.09929424189288
-1.76625723687658,-0.481194335943785,-0.798346000249254,-0.127017894710472,0.318372107861271,3.00150576903697,0.892757687048149,-0.516328404995011,-0.169121518569359,1.26060559362829
0.230303788798119,0.664168745809134,-0.701389361644071,-0.882133366205706,1.71360284639139,1.90460017001019,1.23915010187942,-0.69409654099897,0.178236046214607,1.77784327257689
-0.376488541094658,1.1144895809665,-0.318274355172727,-0.880235620312546,0.417790032825948,1.46725403434157,1.43300452842318,-0.13917427774812,0.277891892747675,-1.49057286018378
0.450584100444641,-1.4292655294709,-0.189577401955118,1.35311264681822,1.15652571377644,-3.64697966989037,-1.79256846008223,-1.2289030867038,-0.0464080192352887,-0.266181236732449
0.40476761162987,1.14167512059824,0.815126644968708,-1.77734274130311,-0.148301948103132,2.70526583080545,0.180745381206646,-0.412915394418328,0.642770013899914,-0.832244852611981
0.194689561199514,-0.200724647224264,-0.346410853132078,-0.441654949786123,-0.171584260989123,-1.1069496229028,-2.54323900330672,-0.856836273258231,-3.02940907934023,0.716690568267297
0.939189613937446,0.323198739969164,0.0896681224144662,-0.252699837993993,-0.307691653027441,-0.13491629026441,-0.305564439801486,0.48505859272172,1.36272755185585,0.18005265025856
-2.41753264596122,-0.913864711824778,-3.39910197506296,0.0875723774851885,0.440261255112519,1.63590821951975,0.0615258553051364,-1.2771079843241,-0.143234741771775,3.15451974727114
-0.200519241117195,-0.902711555163273,-0.717224855617538,0.334982478766885,1.00881896379041,0.770617268172735,1.34762392957226,2.37510888662219,1.74756190841766,-0.739548183431981
1.51132943428087,-0.12505037144977,0.608712641816679,-0.716409195007541,0.811608757051038,-0.875357861503518,1.07729531295025,-0.822475759581151,1.06150054669417,-3.59081088101625
-1.43180336003027,1.07026395623029,-0.175370188920643,0.579540894354681,-0.355517626071719,0.0725089423280777,-0.174656320340584,1.33369134171728,1.37183701744836,2.97487331031455
-1.99814063565168,2.07722357070434,-2.64451867614928,-0.709293412050275,0.0216209199538328,2.741167788257,1.07583294174421,-0.447712272131372,-0.681174980537307,3.17126783842066
1.65108537267499,-0.581203204204673,0.0693994574708645,0.175464448731724,0.632756905869734,-1.15096402694482,-0.0386562092626601,1.34963848065676,1.64852651948414,-1.24401402210194
-1.00724473507463,-0.844997431747956,-1.51990269240276,0.332465894497369,0.277324106655496,0.238332942750218,1.93200963667149,0.534542876930428,-2.05919139099721,1.03343701519488
-0.371960809077795,-0.413875046192749,-0.290580636789868,0.709093567760596,-0.317129241745048,-0.297395234527274,-0.247537921925858,0.272023092517961,0.872466713086694,0.837202302274831
-0.952698180935571,0.199837003109746,-1.79133001644057,-0.421038023430835,0.0306626838535056,0.975510046948019,0.634772951787659,1.17263549890264,0.250120296513675,2.86677751635487
0.135009942774731,-0.313620919818082,-0.361370336873983,-0.0912771719943851,0.30997668724952,2.44285293662288,-0.55209353298343,-0.986733258080656,-0.445028760950589,-0.922747685102558
1.28526175948535,-1.07224970574571,1.40303614309402,0.387827165529266,-0.51579634741804,-1.41296429715871,1.32642251859409,-0.397320606278092,-0.507515407902927,-3.33273295496153
-0.43699606393352,0.712739192330363,-1.48091135383492,2.09024693865917,-0.506217269624455,1.08871591542562,0.106906155240913,-0.511142526064116,-1.545291334766,-0.151392698189874
-1.24609868262223,0.837616081220924,-0.0748514085290681,0.848686427985265,-0.961945905730613,-0.529899181193556,-1.15779699618044,2.1405884538896,-0.378981002482919,1.80392066234126
1.08541756349081,-3.09353446255423,1.71402803410712,2.06607081635575,0.778373316819146,-1.55234108807159,-0.932246075105226,-0.037252575364928,-2.80603005491349,-3.69193091547843
-0.883394223938873,-2.17198206851435,-0.131878994813961,0.700144268617964,0.116119502070895,-1.46864957936672,1.37580938750085,1.3264768527793,0.445936714273527,-1.72397885010991
0.733441704145524,0.40715802856745,1.39386339380003,0.268462487985842,0.574563817136881,-3.13988692816226,1.23136707462571,0.0211079872985691,2.72927685391469,0.477408142308303
-1.82851372764452,-0.214170495667199,-1.06987557283728,1.52846488300546,-0.100981597957438,1.36619017229968,-0.337751064862923,1.25991552078193,0.217329175467025,1.79161755013008
1.08621860230659,-1.6201763834092,0.531518341804105,0.444613305832284,0.669935826300518,-1.02782782519992,0.66016650138814,-0.983973195129799,-0.991960872249619,-1.91398149673124
0.213042923068069,0.627642188709067,-0.0138505873557077,-1.17516868240018,-0.871632562707954,0.378972403078422,0.287716825070032,-2.3595541640428,-4.82961060848506,0.129436447168274
1.25910310304796,-0.295658459909732,-0.265448073706107,-0.0655873860683093,-0.231072909398476,0.445554853204257,0.195744531115824,1.36975651584994,-0.677345235838523,-0.38781676840735
1.08827910603242,2.26742048804898,0.729403647212401,-0.344553826516117,-0.796602211359243,0.6956880578896,-0.449576642411889,-2.21976248532613,-2.08428039894829,0.99757475275385
0.39860711798582,0.354476562682204,0.0524497201935498,0.0646661740377107,0.889656883107448,-1.19450873304727,0.607901420662969,1.10552708712069,-0.926613744727596,-0.896819020354109
1.64101730259853,0.0269111948696983,0.258736426850705,0.218510785697685,0.437724017699098,-0.982344957163006,2.27917293312658,-0.84181299882102,-1.21989540935064,-2.66190465386465
0.727756596231605,-0.897425518382033,-0.721556000174799,-0.870537820795039,-1.11149014440227,1.57089931774366,-1.87308268167594,0.342109336412074,-1.19112140007468,1.34812965845016
-0.414239463111285,-1.17532601384539,0.453787933649407,0.0627107873359358,-1.50411330765917,-0.756938075095709,-0.330041309597239,0.158608520270331,-0.414674793214465,-0.975679639457041
0.224194760122367,-1.84592790988315,-0.574226680429005,0.640501216455845,1.0707729419946,-0.683496662174,-1.09263179577454,-1.04729960386347,-1.05801992150185,-0.879192361826185
-0.598599336351125,0.560505755901054,0.721872949660125,0.592759927228624,-0.0114221665226443,0.522137644544908,0.272256549362376,-0.908235178385394,-1.52473746197049,0.51957875534708
0.929786996270717,1.14492003899623,0.635711032497046,-0.755395176682569,0.247348915667053,-0.632108674265646,-1.64400886763576,0.744692607978108,-0.579820934247632,-0.42886537073266
0.242064132338265,0.812476902305437,0.529395349000326,0.218910076282069,-1.17122523294399,-0.568919317822292,-0.102138435568648,-1.35451269830863,-0.289289123447556,0.3802166379228
0.992880876561982,-0.0190037753126112,0.472618354157457,1.86096180429843,-1.59794980564279,-3.10883075306758,-1.38723981668089,1.45122631533986,0.760369557366684,-2.04894455958536
-0.886392426953221,-0.996219048055452,0.0203918941076623,0.773751384796379,0.293712088093351,-1.88657313185763,-1.59457429133313,0.432932559838676,0.543929828901801,-0.134951756300831
-2.7502876861635,-2.5208039584212,-3.67401709710644,-0.403808674908552,-0.209982607920566,3.96635747380577,1.27489834293187,-1.30377104674249,-1.10604496789348,2.61131761544641
0.93815989660783,1.38859411540096,-1.12654432728967,-0.846138725050874,-0.651374666726963,1.31803651039174,0.379156981238494,-0.306225410496166,-0.653418593026053,1.54559244675168
-0.622201593928176,2.22925294502549,1.29089949775896,-2.54049702353718,0.0624544312998854,0.555025376415958,-0.699868350766754,-2.05291602845449,-2.47852087342696,-0.788480156028024
-1.03856791202509,0.0639841208533691,0.311346503909241,0.77826170731586,0.703989093139513,-0.298493734321673,-1.71159505153924,-0.381273159231912,-1.41521605038499,-1.58779567092118
0.772773359552081,-0.251439974568812,1.5461432463894,-0.0184489238265228,1.10217665161001,-2.37535416923104,-0.232888265240123,0.0535988296176084,0.565079614525014,-2.54042182189056
0.694581237836653,-0.290443885308451,1.09066072039335,-0.0013838085951392,0.351791946654245,-0.974586413718118,0.402877866920702,-0.666935067275785,-1.06843407064678,-1.62892378135055
0.777240817005354,1.21078137390386,0.831351377632329,-0.600248054329693,-0.415827005134986,0.936306055589265,1.0354563286934,1.87911440870737,-0.111888361600437,0.580574376279537
-0.305604337422537,0.717972546574312,0.85400577142834,1.96789530606223,0.688865901670335,-3.73546173908854,-0.500615537412728,-0.429479921820359,-0.354025046267192,1.03222972652968
-0.549510601834694,-0.636514974304939,-0.124291183952157,-0.868773877210036,-0.101139806132467,0.601688700227138,-1.67973431911936,1.24482743836331,0.544610203501346,0.939906317546661
-0.429018669022088,-0.986495092546699,-0.0252684049548073,2.63548296647369,1.26066989345223,-0.752179555773596,-0.617211911548569,-1.85074660295755,0.618093183274871,-0.875187320352323
-0.929098697837933,0.168031666961647,0.298971981647763,0.862862870767753,0.915048288433569,-0.313172996121935,-0.192873643673554,1.36036350871848,0.431018853812383,0.392942391125174
1.2428724370043,2.16440382059263,0.686684432804212,0.600883320454634,0.413258104595821,-0.271605914229405,-1.14746958157612,1.08360886444528,0.79346605420636,1.40462744278093
1.63636120655945,0.0215498504934153,2.1793754785096,0.854013169749203,-0.644342943651096,-2.42354761065401,0.867157054481827,0.271323978590519,0.960225445304445,-1.8083335202155
0.367470065007745,0.82387030801501,1.48447304578647,0.0910405468230097,0.732951406383788,-0.673664771405873,-0.734511118030801,0.630681033141048,-0.509260299853674,0.259036837662004
0.354916311230581,-0.79484968644157,0.783016379478954,-2.32449799537236,-0.358849423702684,2.80642059175635,-1.67674347309912,0.00172051223995334,0.530278472800709,-4.14739165348521
0.763320850872391,-1.10841676272702,-0.0740760705331366,-0.411181984183192,-0.331949853523956,0.710385116152739,1.19835868701377,-0.134486349052716,0.00243270805080976,-0.674842569040529
-0.00571239301519469,-1.10605311345752,-0.48275663810856,0.297394293477901,1.68817212380465,-1.0253311380634,0.0825210108288501,-0.492350037863602,-1.23593585204706,-1.08518315220735
-0.639279972021667,-0.34484103942021,0.404682210295515,-0.404344462018173,-0.28103743592559,1.64306582714571,-0.884810703781954,-1.89554402382615,-0.966568763120038,0.0129946344555084
0.480079914618163,0.291244585493154,1.11524847608885,0.348632269560406,-0.000250644436759511,-1.22050929432532,1.73077089911152,0.281406874267729,0.933120565389147,-2.23179979493415
0.393894585573939,0.85976980954428,0.0449389265812179,-1.07266280818048,0.305890288664192,0.462861086283593,-0.252915613929597,-0.251332700513931,-0.0173069512853801,2.0536281590957
-0.254363004742071,1.71512285087799,0.958759433379117,0.0352999945857085,-1.01679497057364,0.120132640670258,-0.214710182062119,-1.1340888960807,-1.0767459126875,1.18002291493648
-1.02256272916893,-1.1174228696203,0.0373122167874387,-1.47636855312698,-0.173583257319208,-1.50514781355776,-0.514716882322356,-1.33693514789927,0.299945326437551,-0.6597211352166
-0.788884281345631,0.882848257841855,0.517704316310182,0.851762664692496,-1.13491819297374,-0.632696211108596,-0.278167897444145,1.7641088716826,-0.390646355422488,0.717955969845282
0.374329099811903,-0.0398984235551759,-1.43921503658806,1.34924216350958,-0.35521292535039,0.203515554787058,0.0150717864208171,-0.80722881122425,-0.725389137547118,-1.62138875464668
0.0263058869301962,2.13491977999317,0.0556189528907099,0.0910590412333162,-1.07625513786664,-0.0817678056314395,-0.981724191672196,-0.190412857910254,-0.0501081592768785,0.927114920160953
0.711437587376814,0.0632547452582495,0.0631440306435629,-0.584210660210902,0.585807241669611,1.22378435847552,0.727143717787637,0.327973320137636,0.70244473916835,0.0317990314543546
-0.168751972371772,-0.104511316635749,0.398757820124666,-0.200909423386858,0.799585099021487,0.731439819789493,-0.273051040681105,-0.128556723706088,0.0868817761107376,0.212084425680629
1.00856226493361,-0.951057746563554,1.1733362856747,-0.0705992213727463,0.412103919539889,0.745760209445602,-0.397950845682788,-2.12991931357545,-0.729307332611702,-0.359970674675266
1.17258513696901,-2.04411486165588,0.17305539488802,-1.10838907561663,-0.411558399490199,1.49469568824278,-1.10777161552075,-0.412209882545265,-1.14956206963625,-1.14704347519542
-0.788992253618347,-0.784511622807216,-1.81427155930881,-0.229717744678632,-0.839427007438917,1.48352924411925,-0.40943673137046,-1.77348574653292,0.88379323014611,0.582594337506891
-0.506313057437469,-0.104398729071259,0.908786125730573,1.39273590579891,-0.34362038924873,-1.19781879879641,-0.247283644945816,0.529132536914869,0.500260961454134,-0.67187911257898
0.456298384308323,0.386013619220901,-0.355633331716473,-0.748136800597736,-1.04809058026198,1.64505288452534,0.525388323411725,0.631611151095025,-0.398403655394316,-0.549438437369858
1.06462372202367,-0.491104726885653,0.73881856643633,0.0522764425967956,-2.06994425403401,-1.6604912465724,-1.28053099476343,2.27187744285349,0.449122956196292,-2.04249206529495
-0.611460488671778,-0.211573160947341,-0.176103352856455,1.0579544552552,-0.0746127467601534,-0.717203157135804,-0.36189733189916,-0.0846939634415941,-0.440861528912737,-1.42508178109488
-1.37903119333474,0.321909025031673,-0.820694112034482,0.416192147860964,-0.479687537934776,1.24403611230356,-1.18975898634505,0.175122856422813,-0.227012765565098,2.37064815151814
0.327888263889187,-0.23644166082168,-0.82366565558058,0.524651482931215,0.790900980527985,0.933076562405694,1.85519292886013,0.513170736016658,0.623514896353728,0.333701366685127
1.3384787795867,-0.156860857073201,-0.569512944883498,-0.35082518291764,0.000506033665885799,-0.0841502684815398,0.312736687592306,-2.00732449121818,-0.38917298616129,-1.04449374483578
-0.826179153227394,0.629347612498008,-1.04019454182996,-1.46204481352828,0.158357902889986,3.59607810964156,-0.242808685934171,-0.656525304574255,0.527652667090973,1.93780665691039
1.69009384343969,-1.83211405934425,-1.03557588761446,-0.278209754529297,0.0107012808779296,2.23767946660191,-1.14723643036574,-0.134903170745597,1.56152009787568,-3.08889012870644
-0.345366207915924,0.996630446473934,1.74687458846259,-0.460525780371044,-0.55169731407666,-0.55372156800415,0.626407097850827,-2.35463628786993,-2.16831512829088,-0.817927458133942
0.290926349845042,-0.0508820311637363,0.656527537004764,1.32451761862344,-0.384355900478473,0.311453117129136,0.502761162405937,0.731399196486106,0.977150752531386,-2.02401653032054
-0.068462890433844,-1.57138369766909,-0.434989039653065,-0.885844092033514,-1.50063739445469,1.46341621742645,0.60850503518026,-0.612282895193207,-0.253433410322898,-1.65838945144808
0.559906263816868,0.286326080490246,0.413703266511234,-1.96583384757511,-1.26802126947354,0.573382089128549,-0.126870084337455,-1.56952743837172,-0.139432683890867,1.03176718187735
0.78884780941214,-2.75451391267631,-0.194043349801162,0.903836250180698,1.6699905240847,-1.59058103723568,0.00169835265525359,-0.929224925484794,-0.661690474235981,-1.07975900268575
1.21315107776936,-0.292775591916056,1.11268391380344,1.65226261715654,0.192105558219256,-2.36432136648917,0.216902170206524,-0.552175782715012,1.17873031604724,-0.908222559266342
-0.181496834301405,-0.408666560304608,1.03063386363116,0.704185827495635,0.48468251147777,-2.03481209846201,-2.72253739661744,0.190711314725058,0.485178299152316,-0.716382296332104
-1.0579365991578,0.277062848228194,-0.259364288362147,-0.89070370722322,-1.52540808666069,0.209145466549477,-1.03827870142068,1.31893995666679,1.60312539743226,2.89559955536981
1.11255782075988,0.917559654481337,2.21439505338295,-0.320105868335592,0.181476689152533,-1.76652955565673,-0.889010620841557,-0.923872555644693,0.681018772414989,-0.326309107145768
1.07403071049985,0.347837817537368,1.82297360821542,1.18103301096852,-1.62061101054185,-4.1931075130775,2.00772452255135,-0.73182318274259,0.306980756327594,-2.32813041978141
-1.50515765050497,-0.611853395642462,-1.35267255890945,-0.81009048106197,0.446578918308209,2.17659198163533,-0.3158037708586,-0.276134706673981,-0.519107240012539,2.63660323900088
-0.898323874418584,0.590877879030722,-0.901000175315534,-0.100689369959936,-0.288141159141597,-1.26443306688853,1.74722289873442,1.68461267396631,3.05462530085081,1.57792793541956
0.726110188264298,-0.883038299329086,0.170585671515424,-0.500785700362217,1.69914825965027,1.7982660720521,-0.373569385173175,0.772392789917512,0.81978621228175,-3.17788971247858
-0.900918661818311,1.35642745137429,-1.16551227584505,-0.658431498461764,0.0583928679370493,1.31004011379184,1.00281930214834,-1.12706221095555,-0.90239813427224,1.02897553705803
-0.855702282140197,2.38398315765988,-1.20956146557973,0.435701635235682,0.716205426699926,2.30294449765909,-0.332929282674981,-0.303681645506127,-0.996360511553361,5.3142427974325
-0.581344945647082,-2.34054765915611,-0.386013717911498,-1.43350930805616,0.964488556184773,0.480120759697388,-0.759307132700478,1.75520055370312,0.432454194231539,-0.863298229990406
-1.11328982126765,-0.271274606406772,0.167876719501422,0.0070244523390072,1.38372578198755,-0.823717600708884,-0.346074453633595,-0.0431601361403601,0.841914210472713,1.27625250313682
-0.16241260771782,1.75165795836537,-0.672436660040217,1.60449039233621,-0.499451704179374,-1.05790320494651,-2.41966912129454,-0.43960407040454,0.0514739300089926,0.276598408393404
-0.250121042376229,0.410669017999209,-0.562802477646223,2.97370594455757,-0.873168807881396,-2.98177312108858,1.40447965933251,1.15484609460699,2.2170901467485,0.994580320306712
-0.745715859283637,1.3945629645659,-1.40013749008243,0.354498704331082,-0.692180503477962,1.86779098230596,1.58894088093986,0.71263661969797,1.29628768157448,2.49654892595666
0.233409469749766,0.342286840170683,-0.259733293474958,-0.269702812389258,0.0436464601070457,0.327094101546069,-0.723619819400773,-1.61893942161399,-1.96861674977346,1.94972254906666
-0.891672939503012,-3.22435106217696,0.520584280401879,1.28569000659055,-0.540291047427196,-1.97826646754436,-0.670898656577035,-1.05067786851069,-2.16954734230383,-0.937993411690881
-1.33683934810266,1.62716537798464,-2.49097192348128,-0.989994208056846,0.532158523118088,1.34577474298084,-1.07084325343365,-0.253591884145202,1.72014821843399,4.0898793730801
0.161131702522209,0.620761278620252,0.880468877538551,0.0463885458143097,-0.506149351377734,-0.644446456765133,1.16224460388919,1.16782544074075,0.109676187717522,-3.02231058761354
0.30520416745145,0.405271609610455,1.56173381202896,0.429056087580735,-0.264837357394909,-1.41320159474276,0.861478584646372,0.701148936015238,1.46963962136628,-0.869381856196538
0.746533737430705,1.44606830220477,0.451697824232662,-0.722132422903507,1.16075723350915,0.698742026918585,1.38997717810685,0.449008655844057,2.22311366711504,-0.463527791544786
0.302276954259561,0.838458038747397,1.10534546557757,-0.177846412540473,-0.0485152540867011,-1.62349174066092,-0.180649035309158,0.269515990703922,0.753242839778082,-0.910039466233602
-0.236316040910482,0.672614625057491,-0.875025536516793,-1.88440859827897,0.6340434866567,2.91493595384009,-0.999734816375225,0.620915516758318,-0.0790162592655294,1.55378260359185
0.484403528259353,-0.852447344703091,0.722850640918245,0.321808024645499,0.121953288409824,-0.164102545816215,-0.126260306699014,-2.01390507077022,-1.38318488799109,-0.413738794813328
-0.329937605846583,-1.19985967700331,-1.33307775702154,-0.562283894934734,-0.740638370465476,1.5411377133388,-1.21997176854217,-1.07900462435846,1.40994772040984,2.04384551188691
-0.976189589734955,-0.354441933907212,-0.545985260600656,0.936363710587641,2.57188910571593,1.37603894614049,1.05545190418163,0.0913531020633877,-0.512225262541127,-0.325724711521081
-0.656818024432733,-1.47971634359112,0.0993818208923595,0.29906994541077,0.0475982086385159,0.257063138601742,-0.00266086431149128,-0.253324585657017,1.57605463029439,1.10855501396538
0.274572519237919,-0.815430092521777,-0.152817400510293,0.466222612466755,-0.0886188765954045,-0.0468629436994104,-0.360642874518733,1.04304012341749,0.766112019388263,-0.123508401316647
-0.172494422971592,0.565181110901737,0.46014396075225,-0.944745866795914,-0.199555380909163,-0.0631826368879283,-0.037815057061858,0.501164925092783,0.136151784370236,1.3307784582812
-0.775092713968959,-0.350858010852623,-0.878580343772457,0.0858959765048111,0.797766028661395,0.673880476064444,0.189090888249078,-0.0838999185345239,1.10837026183656,1.90710165107998
-0.643747642142075,0.554267281682923,0.480289233569277,-0.348140398988905,1.18973349767113,-0.634516159455857,-1.43683831586617,0.0173911686419743,-0.571284823763,2.37333147589411
-0.596170444440835,0.202336583692237,-0.285279937913255,-0.47970111083337,-1.09789754875181,0.36761304429821,-0.489062922621973,-1.36496907063824,-0.494716095643257,0.439663068505042
-0.15732296090226,-0.879868240840643,-1.49903489337685,1.75071933078294,0.72897057636611,-0.724066926235321,-0.591265686717461,1.02734078252349,0.645154410429962,-0.594770649752469
0.585242067232345,-0.487028531228446,0.152895826094359,-1.42262902635544,1.32351954860151,2.20739931762879,0.0272590869537255,1.21880908878112,1.4974320332234,0.31249861385543
0.282039037686692,0.346773844535895,-0.464967247129027,1.05194007490809,0.949082990831195,-1.55000520648041,2.1407624507602,0.113088397927576,1.50858670913726,-2.05923910672468
-1.72780361351407,-1.06720439840297,-1.06696454553853,1.98838359752588,0.0312154056105521,-0.604024953148933,0.213932785621359,-0.361809308101232,0.749747320434433,1.5252159175388
-0.215284383966561,0.00866022426351682,-1.87363767470785,-0.23587412838952,-0.058334848864563,3.45997107116031,-0.398467516579388,1.29826564058624,0.515656630791532,0.834270505265498
-0.0432139992248836,-1.31326104866473,-0.999733705336812,-0.0220239859089458,-1.22824118553533,0.713564556826533,-0.93260020573266,1.05294864989922,0.452210418810047,2.14819419272968
-0.0741152274734036,-2.39065241217721,-0.128735274046718,0.743729799090821,0.0104417453578194,-1.15045579412339,0.78167408153902,1.03433641997082,0.241243984833466,-1.0896374190973
-1.60460763452755,2.10287124058029,-0.196123764258698,0.94504113471939,1.06780127802483,0.0969135445043484,0.94139886933805,-0.178957352975901,0.348342906368133,3.05070355154672
-0.417548010167593,0.300973331700805,-0.719723981126147,0.869506149724148,0.516232360588154,-3.3710768192515,0.588966558833747,1.26120939516979,1.17748783111371,2.11318242851235
0.966366946620013,-1.13005736974375,0.715460359301658,-0.707954404581599,0.0763837339795967,-1.19438713827364,-0.0014181081971053,0.576902802729715,-0.255013447691403,-1.62307549591774
-0.493297524852071,0.0153310493021138,1.9070909757711,0.655822118443964,1.75439665114138,-1.4843926829514,-0.853037131830507,0.610006200634777,-0.211786597312589,-2.95881598359101
-2.36354564691409,1.35225893375631,-2.08424877464633,-0.158207156745262,1.21956079836538,4.65178641347827,-0.527504034430619,-0.894009750360448,-1.20302376736639,4.22624514793145
0.384859240020576,2.36890773098975,2.05850953769964,0.567754010771989,0.277291243318847,-3.46175664035947,0.507536794856559,0.702752470486619,0.598754525632774,-0.322360705211238
-0.5105569293218,0.368842201182625,-0.260332237470256,-0.607288492786084,0.805905509604563,3.49402121603635,-0.63789258071963,0.640882987265747,0.0233878730974336,0.912242402054713
-0.550384607046748,1.00233630773192,0.14419928082155,-0.271036609006299,0.509965032123056,0.340729789880456,0.78050153689207,1.91208224126445,0.865797009922003,0.962893186433395
-1.12079784454979,0.419437789692179,0.191209856914208,-0.548361046640303,-0.101313160508992,-1.00408054790136,0.320176607979154,0.596136846360778,1.1644812781745,-0.0604029383373385
1.43280210557978,1.23306109094567,0.343167125590032,0.52386646291043,0.925642693224896,-0.630998422694984,-1.35492744766869,-0.352741463316317,-0.124567687142738,-0.410784374733916
-0.981993819195424,1.95985476523795,-1.79781707956855,-0.515699562757795,-2.78823170529969,0.186977579592164,-0.446586118733166,-0.865741413575511,-2.21663196925483,4.2324128217728
-0.391057280478993,0.369834748728378,0.141373223532686,-2.35529764776147,0.455272864116967,0.848995831282269,-1.15923345695702,0.725842096665036,1.19644681444944,1.98879014421117
0.818329406176066,-0.713281050121152,0.655803170873984,0.471443123491635,0.120275670195284,-2.78996890065541,-1.02980159572219,-1.4261713107147,-0.544349707574464,-1.5653568291227
1.49711432385509,-1.62698784808011,1.01069747874604,-1.46837499288671,-0.392032070503458,-1.70864718655463,1.51796737931468,-1.56967549757132,-1.19352780706393,-1.99342000589622
-1.74762568489043,0.946171648077898,-0.01600832818114,-0.48857857553504,-0.963757311344851,-0.819404331994187,0.644348492584146,0.845145747647114,1.70016420690588,1.02693610220363
0.302151307528955,-1.72944257097476,-0.153062941809595,-0.8725700599527,-1.60561996810736,1.03639773162788,1.98981383022765,0.279326087408224,0.833724913245011,-0.362584714118355
0.919089722633984,1.44924771750352,1.06899769084866,-0.0313185983721555,-0.291204415654272,-0.561048439940803,0.0743258490476784,-0.87430360691582,0.689932287410016,-0.947858069722006
0.0626054665000758,-0.0690162431303855,-0.343759200032313,-1.15318400401544,0.19577012521162,1.3783759126069,1.51906487477082,0.279144454825689,-0.430619011797318,-0.626748833358233
0.510979705184203,-1.32953021528516,1.16217327250501,0.268716566088663,0.0238350197656466,-1.59220910380634,-0.506154770073833,0.277667089913993,-0.316973361128169,-2.34836542586092
-0.495526221734822,0.581235110265406,-0.257648261005792,0.015269843698306,0.36219516668278,1.28887213056198,-0.387329386900263,-1.53152617624855,-1.83034661524619,-0.480199430953928
0.972720374490744,0.690705249470017,0.0224141070632583,1.16007777576353,0.872676409997093,-0.38910179326097,0.674130126190336,-0.368867559970786,1.04161868962424,-0.192825759421904
-2.28235339990598,0.309740821737605,0.347822494188878,0.164701673576807,-0.26725906961837,-0.796506712086593,-0.337810481158335,0.990532458021264,2.28149559096455,1.30289353179607
1.46066052873241,-0.549173448566121,-0.473527207879568,-0.197760671703026,1.25226011516536,0.0613830168633561,-0.2229225824989,0.614013143203175,0.955159299864379,-0.843444632356801
-0.505234848978232,0.476509757074789,-0.062262518991788,2.88284448874479,0.771717868709186,-1.71670678895729,0.707232729688678,0.0584961012218385,1.96320099360399,1.28174246641488
-0.176029303160028,0.457301384964576,-1.17223642531511,1.94841500079362,1.91122357392072,-1.59486960363354,1.49461185938429,-0.782852261894674,-0.788983680481647,1.75463350270872
-1.54004708986955,-0.0396780222984274,0.884207091615172,0.0246333958960155,0.897053160716153,-0.815555381202381,-0.05713197202657,-1.80430811568339,0.679299645980957,1.06775695014263
0.957548424696996,0.629486666424425,0.00730324278575956,1.69424913128863,0.0218417255305071,-0.104201494976819,-0.196817976616301,-0.481925222586029,-0.797238519335127,2.09212067919777
-0.163197302419193,0.394480424217014,-0.0103830146616249,0.463760018307376,-0.568440437161849,0.436477323622257,-0.347366355894265,0.757970893070709,-2.05409291263167,0.0988915108479193
0.209258016927142,-1.20252216483779,-1.5846151722412,1.18373287903062,-0.711374746058796,-0.466252798846895,1.51618399121471,0.725560559660832,-0.62556033104217,0.253686170288933
1.3513468587256,1.02359022013393,1.2439686420688,0.860492704735736,0.981095606486227,-2.78590679141893,-1.67852075255862,-0.176681327438955,0.577809820463899,0.112996410250464
0.000201300024378459,-0.165032171076285,-0.20135778172643,-0.542266077987106,-0.858429171224381,0.9247943167502,1.85294213746841,-0.0564778838690493,1.01975069856876,-1.75434611595563
-0.263808892450606,-0.155389473056717,-1.7085535660546,-0.0277794349616423,-0.0943172633687492,0.825019869371574,0.870081557809134,0.400669970233285,-0.804356459410155,1.48325950302697
1.34481229996127,-0.498050003697213,1.25778380156178,-1.47561139680151,0.409747285140722,-0.817844083902394,1.0766867921298,-2.3228716715549,-0.702347756337241,-2.22571656602311
1.09218616921939,1.67512665030243,-0.131622741208712,1.34007681274748,0.0160756453618355,-1.48868105970581,-1.86863315334623,-0.651361526720281,-1.99469829261553,0.731780225847574
0.404480237600892,-0.422095893976631,1.64296893622298,0.913080287492306,-1.31798074140299,-1.71110299328471,1.14938991788631,0.561654892237653,2.05977211236655,-1.43601951216319
0.948283377493017,0.184364867580923,0.190207622456218,1.6330175339802,-1.3249635610787,-2.75580840251104,0.432821346135938,-0.51240143878242,-0.646098785324207,-0.413808867040846
1.16455392453613,-1.84939978428592,1.4575123115398,0.261423364388261,0.236351884986339,-0.579735138781341,1.17632943817173,-0.368841253914936,1.23934524455249,-3.01295731787023
0.275306446473867,-1.35338245689867,0.28178997347518,0.59347238556947,-1.87903605752621,-1.45603205919153,0.769704843053595,-0.0583002506498716,-0.485721348472636,-0.986567276108017
1.23070942096738,1.14722660123215,1.01781793378516,-0.608819347178243,0.4125792056159,-0.533571656927396,1.02352788731938,0.909193723171311,1.05238686010769,0.494587067129554
0.175283142854153,1.24937797019081,-0.210325398826738,-1.5297609642342,0.398039560176191,0.652658316429037,-2.16278123874452,2.05800828818306,0.392105548636861,0.707154017025318
-0.230350020634533,0.162538549914752,0.523593486001819,0.512286052399365,0.926452989702377,0.310123686118359,2.06162339602878,-1.26291699648597,0.608427272564802,0.872938813666467
-0.744898809410013,1.14431239158638,-0.283045307173596,1.96364567605413,0.627111990493859,-0.804237236179188,1.54120362740217,-0.645977348192596,0.491997581003078,3.18029643052382
-0.652607458020713,0.378804436718793,-0.368995036740766,1.83693497110639,-0.86178736314283,-1.35705640266089,0.579976880880305,-0.391159710560619,0.0360432796607432,0.835136926262206
-1.07496984264612,-0.803695647068955,-0.724989621589081,-0.482414103159759,0.458430122948938,0.551472274359118,1.77974711716917,-0.566811816191589,0.436613247231398,-0.936609787848367
0.508473500454097,-0.505665252927323,-0.12093067924854,0.252140690512132,-0.39122672179436,-0.226239370857454,-2.84456907736126,1.17829968067513,0.48622709342384,-0.0473553732618614
0.507833785668165,-1.15042348549973,1.94815321783796,-1.39634214223055,0.485577324085653,1.68332543542544,1.97014199436694,-0.759689287558498,-1.59103156626611,-0.878755156168005
-0.983467990340448,-0.42745145804551,-0.975503561074899,-0.499605982973053,-0.473572402259123,3.94511699689301,0.560053871911223,1.34566414017134,1.03225735066436,2.19721950843721
0.0493141593181282,1.16584309871266,1.86506258417038,0.22491647458314,0.0600833993990731,-1.399325708305,2.08727002574816,0.0263108609911384,1.18525357118088,0.411963378734652
-0.566699327833487,-1.15169585272577,-1.55590356139245,-0.315391219368078,-0.154102407176162,1.52591860822597,-0.335632608780417,-1.57373478646515,-0.524010404574066,1.1961301271869
0.358783813491698,0.796371992355057,0.233588900040237,-0.926892885407468,0.644074826674413,0.607241966431537,-0.505231961573411,0.814798017400989,1.44209510670434,0.572242927781334
-0.362309181920011,-1.68126074406297,-0.875308771362499,-1.29305383835707,1.2952234267985,2.25289622600806,2.16885803551028,-0.368740483780719,-1.08674828184166,-0.291936232627715
-0.149239074587382,0.150045802109816,-0.584067277201892,0.657720649660691,-2.17723741184278,1.85289572148978,0.629990373837331,0.646399910216259,0.153949806585523,1.42460069847347
1.38765172943431,1.37050278125701,0.78062826342717,-1.04734772408248,-0.618254074805079,1.25561609849191,-0.848748203768792,-0.15229674420261,0.00222219341867066,-0.533981905495667
-1.01545308994528,1.52091055999947,-0.170525806258847,1.58438039271415,0.426853762201254,-1.59241403965427,0.0395519429172566,-0.0232135349619654,-0.741338592199831,2.53536874837853
0.277415903704796,-0.151229110881034,0.726184529312971,0.256833683464917,-1.16437638426144,-1.0346689565103,-0.288032623663395,-0.924730396787382,-0.571859342188045,0.0194168023659729
-0.230145251303299,-1.5186925456996,-0.165189177784945,0.876164544800825,-0.112519545499663,-1.13425408776829,0.40518065516424,-1.59893121221019,-3.38869396617566,-0.886369537207127
0.235958299572725,-0.918604362743751,0.236030350172445,-1.39505178892653,1.34283265835214,1.17240841590338,1.31694029846917,1.12381912253518,-0.203282765307091,0.105411283386582
-1.15624728230497,1.24024782938808,-0.419017899213075,-0.294499701879701,0.0585038626801703,-0.502847158560534,-1.16506903238006,-0.242560721200123,1.2788663757771,1.34497125266545
0.220962485754488,1.17064617855898,0.214279769420015,2.2781268594381,0.116495162154275,-1.88983918899903,-0.0579534392798145,-0.258914925204977,-0.612103572302348,-1.29317469426296
2.17410895551617,0.833208314688636,2.34102246823241,-0.135459345348377,-0.0266111368723991,-0.824914649079065,1.09249872168488,-0.0528992288757582,-1.2458518387018,-2.34740949372065
-0.132312726599902,-0.552967317402402,-0.369741917059299,-1.68234783680845,0.906377489703179,0.515377157489173,0.259771263117196,0.977999413352129,-0.383317918532679,0.416088735523679
-1.15752977862356,1.07041741215582,0.297454144292368,-2.48742787126931,-0.352069865258032,1.79138531522872,0.455207581717185,-1.46298747385945,-1.22324968648871,-0.707661269424986
1.23838755343294,0.0431817320813375,0.766177159445375,-0.745366211347836,0.405715020506553,0.942203604650074,-1.15643837164949,0.0571570397765843,-0.855532253434525,-1.66875382668671
0.0225465392349047,-0.93530341405232,1.78081502087117,-1.19425128674689,0.325646185716221,-1.18488653181331,1.42810330588586,0.778297320637199,1.94551924836894,-1.82372196703995
-0.482725998443247,0.439520696998923,0.818716802562312,-0.36052216906259,0.171056811706018,-1.55154238721618,2.00705357152923,0.487940835986628,-0.49006729662139,0.0533728396930316
-0.762204627620124,-0.779990934861425,-0.126137784389869,-0.474445685659791,1.15049446051382,0.411732324931637,0.823373711961291,-1.00364309549909,-2.06358387873518,-0.0416566700575797
0.492135806874881,-0.449553889206276,1.75190200452286,0.207441952356373,-0.0231321075963649,0.0923629200832725,1.36194607892804,-1.66621030783604,-1.53356281031773,-2.73123586911154
-0.893999923233557,-0.435119990101048,-0.215691178566,1.87998939955038,0.589629832863053,-2.52702912262495,-0.0923572666027046,-2.2367555258318,-0.924435741185034,-1.33354425400661
-0.176710414815626,-0.168160717238367,1.19168608358622,1.62977170935019,-1.74738517599418,-2.25480201642195,0.746695148670348,1.88453887843533,1.00336836338378,-0.794602521894796
-0.0166165175570708,0.500449992052806,0.761851273525084,0.277806852110775,-0.352925502480879,-2.15473754293943,0.291044474936062,0.143718876767204,-0.135468646516997,-0.000491544212911043
1.10240866854996,-0.136073730107179,-0.682703007613061,-0.898912325946344,-1.75281148565046,1.93392385779433,2.31813031959547,-1.23102203545442,0.359906429861709,-0.202732620336038
0.185219485470989,-0.655251403803122,0.202532651390569,-0.963023967723309,0.241651112582073,-0.0716398192986189,-0.0102421720253079,0.437040663474868,-1.61273128717611,-0.255428274435048
0.336110132093039,-1.41129144224874,-0.943185306948214,0.164356135627446,1.33498935762244,2.00443315272305,-2.44062545331347,0.437778253090101,-0.0908625961267673,-2.7296633329204
-0.233572408015419,0.00128504985428933,-2.03505590395135,0.851549469900122,0.439883443270759,0.735521250811773,0.93958672541668,-1.24130833866329,-0.534815059242864,0.157916177464659
-0.486613292317438,-0.88734154584392,0.862825867110995,-0.275953597229346,1.05422032714467,-1.82558156437765,0.046359076173884,0.770211948377622,1.0146947108904,-0.851993234959137
-0.118858883382809,-0.530581460810876,0.629766564775652,-0.860132559154662,0.276274509865222,-0.7964311430646,1.29924272491888,2.31383579832777,1.51898198526904,0.39117615320577
0.831308597729967,-0.313640531407876,0.760731480135554,-0.329891483408577,-0.572376376858456,0.384695175445892,-0.246712303735286,0.394521931011529,1.02104116385887,-0.838899160693495
0.259804145060551,0.900623653443247,-0.521043248511327,-1.38166262446283,-0.515096514291889,0.381370957243648,2.39833926860549,0.558725393154721,0.751208864694866,1.05074930386346
2.08833959640357,-0.698545759128514,3.10039479299546,-0.145334638430062,0.617893709211533,-0.960822175572329,1.93510429559724,-1.77034347148322,-1.04344551403851,-2.73398443242233
0.00374855244576033,-0.202787892917483,0.0274354812086247,-2.54264444341122,-0.0507896396252127,1.58610094686302,-0.322650393880871,0.0109043284630527,1.09214323972627,-0.892379986113866
-0.632222128502322,-0.583378552267482,0.145570072750544,-0.15507809771898,0.376172953777494,1.72243623772783,0.284060375568925,-0.504642635099189,0.298328341223095,-0.166013575809827
-0.0283616579688737,-0.747637320069715,1.07486027559773,0.841877148210773,0.812132454310465,-2.20892116431452,-0.319728372152935,0.742524312172187,1.69915035833369,0.144257221271732
0.749807931775416,-0.894596774790567,-0.572099226445898,1.73181927261377,-0.619453017123549,-0.0181582155584464,-1.48785102427225,-0.582929427276782,-1.66402194406449,-0.789824188490457
-1.34326406023843,-1.05612704439833,0.27821334876659,0.884931172432372,-0.259396881609063,-2.0838095425039,-1.37894440732462,1.51574064099451,1.43182517300541,1.43673479812369
-0.249681993034924,1.26289972926781,0.615215112910544,0.0206217909833737,-0.487410801222232,0.0820138504995543,-1.93083762301997,1.31750354818745,1.07621839518459,1.15342866837931
-0.0261435225282645,-0.0185474588544658,0.870420011124172,-1.46584256432494,0.886846589324405,0.536235789604449,-0.813536243610094,0.991956315371711,1.43387972523123,0.327361285606854
-1.23276842530914,0.937214237406237,-2.06256178406973,-0.657597302953373,0.673890845762654,3.67614670172918,0.56033208335764,-0.305822313940886,-1.6702261969816,2.89251826054593
-0.511482472548926,-0.212754590099591,-0.322147617402465,-0.5208608938438,-0.451751867179016,-0.0104319646727177,1.54993419022318,-0.64854571926334,0.324274461483123,-1.46814827044279
0.292973091732307,1.77281467763122,0.596274404251553,0.414887235168588,0.908109014644291,-0.159187474723497,-0.824209490942268,-0.69742209747901,-0.985089274372227,2.2841959370527
0.0833603709022015,0.346842969870192,-0.46385672692589,0.825956431497225,0.932719991845854,-1.02959378795148,-0.0608254137407117,0.668679123076372,0.270412985448963,2.52515557544037
0.141818745886597,1.1920338418237,-0.652789641696618,-2.04696799797572,0.56911685937548,3.46322478021371,0.901835827901171,0.071095128136062,-1.03194703399151,-0.101086558982038
1.32201801629679,-0.827541498712505,0.394377089911544,0.778202056617154,-2.05797568441915,-1.87294005392524,-0.418668246239541,-0.137061797051754,-0.154547110164996,-4.35783829617614
1.10914271211412,0.137390734725301,0.489011061935173,-1.66729603522042,-0.0594153349944669,2.93623844648827,1.80730738476343,-2.01407430386788,-1.50980217522237,-1.28072398415433
-0.123530891708466,-0.137759483372373,-0.493544630820574,0.569304321074125,-0.125381189856925,-0.0977753386334621,0.436253937244085,0.282215696741913,3.27071059653551,0.375143438474224
0.666125697207418,2.05136826593492,0.373724579053154,-0.4328286132348,0.541930473253398,-0.841754624019913,-1.32427593715936,1.35738469354096,-0.762159464851714,-0.549868086570685
-0.136060769647158,-0.263128788786978,-1.20085709188157,-0.102678816630545,0.943873130988921,1.75293480077774,0.264045907852496,-0.467001597033659,1.92496794541849,1.74144987086857
0.445114610528715,-0.981403611119905,-0.122695071530068,0.16179087150967,-0.845827602997965,-0.741428173173727,1.0330154107457,-0.0984432055384628,-0.300434986198064,0.331877955828336
-0.426162942727197,2.44227298241198,0.0706619071104814,-0.113057779622526,1.33628163126365,0.827497418937631,0.0835176341652656,1.28704519162575,1.81778245422072,2.2413609946263
0.0063423656011371,-3.05598588628938,0.696422265670164,0.0541356811091271,0.950626423114457,0.28445295219157,1.15330111920536,1.67605286011538,2.40946008904241,-2.7642412734135
-0.926715814504414,0.522886379905859,-2.60205186790671,-0.798342838874457,-1.61904978262412,2.82298141244489,0.650797706565081,-0.685105799249407,-0.189892703223788,2.39120297867402
-1.05217821869852,-0.817050024227566,0.261937482961677,-1.2970293680371,-0.0137018904676116,2.72278089133741,-0.273269264634056,0.762043060770906,-0.552716237759409,-0.962946212720808
2.0428610130231,-0.120529228509546,1.11671750303782,0.241218810516259,-0.719625346841745,-1.34402405554127,-0.841756036909969,0.647015481710294,-0.456065691229251,-1.21801507323419
-1.0382447558357,1.36589716093455,-1.28233259536485,-0.946301540868713,-0.221603220509812,3.62350524974157,0.536679173141972,0.43585950646786,-1.37158642662635,2.66240773173035
-1.2587007196861,-1.6199338380687,-0.915462774851937,-0.0694200880105685,1.79711908075555,1.78633242551941,1.33412400541885,-0.324719979446859,-0.0718232972796849,0.799006837411402
0.68591181444634,0.542484576682468,0.266470019628804,0.684318808841243,0.245611174518878,1.45293557929381,0.249201266760693,1.4214620337433,1.14138886485612,0.0319478051993734
0.569857692505725,1.50239776207138,-0.100265395297364,-1.0456671388239,-0.814649207877979,0.942523290826752,-1.33823563498225,-0.109302269852591,-0.471512717842467,0.274211630253519
-0.416363760944479,0.480512562699778,1.37242501907116,-1.10646095613171,0.199969007634413,-3.17820993376625,-0.11819741874191,0.131884310390043,1.07197445455812,-2.10910442153617
-0.16626608174805,-0.521987116000269,1.26020232204629,-0.28740494890112,-0.413797771865703,-0.655846981524481,-0.77080064713543,0.920922590218041,1.1045374216192,-0.818785324848493
0.0724339980235992,-0.604557623348182,0.276380656487343,1.35356657935786,-0.532810689419187,-3.82189818394667,-0.59934155532885,-2.1522577787895,-2.9398212424007,0.159283020250668
0.85411219629182,0.152735954813607,0.25231529168651,0.437747633837293,1.18749005988476,-1.3225572305578,-0.163707450119051,0.856528244515916,2.64580376560749,-0.614093712768967
1.07946717001126,0.971513644288013,0.417595782834537,1.36428135904375,-1.62657568103508,-0.879436453120876,1.2542145920397,-1.37851490684324,-0.51339336641744,1.11317042640478
-0.163241806095317,0.40071315628132,0.530945834355207,1.03419731663983,1.19613417684362,-1.22940982109568,1.46678664426226,-2.64261196073453,-2.42031220798933,0.0739058893647049
-0.501896407789644,0.853868251175479,0.157292583399138,1.24089622967241,0.153899559777556,-0.63187814549586,0.400656691135586,0.345681133144811,0.767736591763717,3.23815209187356
0.0707538430234479,-0.132481824680804,0.515325519163625,0.995333687290075,0.0796341571958219,-2.56757239581068,0.509697258304448,-0.556425889557453,-0.517305523828408,-0.557565036483221
0.0264636964171277,0.491035238156589,-0.587987523027568,1.44178936542319,1.18736403852003,-2.32316797205366,-1.16054481483217,-0.21129842610549,-0.115098107825092,1.1408213803634
0.241038188797443,-1.8688712689036,1.809641398438,-0.0948919123612664,-0.822990602106191,-2.48569126532535,-0.984350402913767,-1.0238332753935,-0.109967886436795,0.499396958196354
0.347007750826531,-1.14776601155286,2.54803224816102,-0.524960794237546,0.905315048045501,-0.870792476760339,0.160610004816427,-1.01324559832278,1.12677555629903,-4.14903775445726
1.34562140070612,-0.477925323795005,-0.845140706374527,2.22024213158245,-0.621186108851474,-2.90794835235574,1.81679039778384,0.342391352652897,1.10545391160853,0.424000733195967
0.121215319926146,0.550055351236814,-0.353259469087804,1.15645842018518,-0.511784309321009,0.455628115029809,0.373062528617858,0.954158067369014,-0.584517546139336,-0.53427781629726
-1.04923182943553,-0.788069245041175,0.600369942912382,0.0983166889573423,0.64491372613417,0.856172454329492,1.43469303465988,-1.01800176488828,-2.54478205465107,-0.0299523298082216
-0.493307990567656,-0.197137210490712,-0.167727015969552,-0.148858242641246,1.16521897310148,0.138759277382666,0.238175522413942,-1.52052473071146,-1.90328507726745,1.01543588369106
-0.20881599184647,-0.569115445131974,-0.0846756653278124,-0.778545491371965,1.12444988723556,0.088876370297881,-2.2525751059065,-0.306941312067086,0.898731546721176,1.64818742762062
-0.137218014027295,-0.0467557418717711,-1.1428947225608,-0.675147809493534,-1.29387296089847,0.145369430043159,-0.387722971947926,-1.33067254568842,-1.72459658777601,0.781676148645328
1.22880782970933,0.906750150122289,0.276183442971398,-0.880770001468656,-0.532029202716399,-0.251557571071542,0.234941027823308,-0.298593804592911,0.64712565178555,0.705175826100583
0.153070796434624,0.470023096606839,-0.156798083217703,0.961656480640566,-0.414744428707194,-1.59579055501133,-0.181893716399645,0.97823182814288,-1.31815161863519,3.12210629972057
-0.896529445551012,0.516553569074371,-2.5201333120332,1.71697820240614,-0.240048931790526,0.0471971435268703,-0.492237138560393,0.037491385635721,1.412993535716,3.09876562098029
0.524053523481014,1.35174189430053,0.671606061129402,-1.54840782193407,-1.88877464452357,2.02600845060231,-0.365544645497124,-1.55026174767284,-1.22999299994101,-0.645084459025086
1.4453399752472,0.59849584626614,0.442658667982065,-0.706029113713751,1.20215946545309,-1.47982504036567,0.239979956908004,-1.52257062770238,-2.85216320584524,-2.61655323104963
-0.741113453005612,-1.11088616099949,-0.0537515765420202,-0.0682416314607276,1.13000722062007,-0.668749048161859,-1.61506603684896,-0.0157218375049883,-0.507568047924955,2.33926211402973
1.95521998501394,0.420029274500393,0.580903916598903,-0.450674678302084,1.04726728562006,-0.14452938770911,-0.616723933903714,1.53590638128509,-1.17389235291426,-3.68083304219815
-0.479714226418336,2.6054312728595,-0.923781780442897,0.28028103543933,1.83435650027478,0.480754858012675,-0.103463715263486,-1.30256788447147,0.883889288887184,4.30630352695275
1.13179893194488,1.22418517704658,1.26748446826039,0.730573028491447,-0.368970885309575,1.84371396468898,0.993765737380345,0.751955122885448,0.823377451911403,0.570846828933508
-1.14596665459406,0.808727601500183,-0.436567115955782,1.68148163688567,0.700627983182283,-1.54342547967476,0.13353910671271,2.476785567188,3.04699937411228,3.45525002109107
-0.371406033449267,-1.08796249096331,0.638731412615757,-1.11247057397834,-0.306946544886137,0.521339341441079,-0.149574440092222,-0.644031349029614,1.09480500800862,2.52835608150164
0.851310035366795,-1.33673001842161,-0.113457238870111,-0.321857883357392,-0.501382630805956,-0.515731555133389,-0.181091073981523,0.678008879735318,-1.91547484198152,-1.80707465004254
0.130650294249718,-1.35430605856192,0.171475804709297,-0.073271536597664,0.688460225474946,0.215625537740648,0.240994873671747,0.540534646927168,-0.0860350087538491,-1.18459447992045
-1.59463761170088,-1.74435190363881,0.267449418929998,-1.11386280221076,-0.695925978505255,-0.149081252491531,0.25933201694177,0.881194210803055,1.6395853684008,0.227444226207267
-1.09661241112243,1.44240000327727,-0.721019329993401,0.903066948403445,0.924835534045475,-0.552846635340543,-1.63518997527106,0.945426881435476,0.393816618230097,2.45019776506304
-0.356813669968626,0.137782733999745,-0.176085973311757,-0.304059299825868,0.825892523846418,-1.65964626818435,-1.12696764396454,-1.01064564019495,0.237990614812953,2.89644967392047
0.414152294452532,1.3313358011617,1.89816981365267,0.0882893831301747,-0.454000409239275,-0.645034052911636,-0.932018736290034,1.25445783029283,1.70237733993413,-0.399594582089131
0.998157984360739,1.38264851772329,1.38797855034193,0.0652993086177254,0.582683090449137,-0.406264447105988,-1.55830679710984,0.311739559928007,1.68658248542255,-1.62086590337291
0.323414700862701,0.775809456070367,-0.331911968583421,-1.52979360693827,-0.35726448302339,1.86383300859513,-0.992453716002057,1.53938367535386,1.84201478167113,-0.443316399556705
-0.792289272515694,-0.952318304827023,-1.64194951607,1.52764239286348,0.979060407718541,1.29036733403921,-1.15402788788407,0.0400643603314644,-0.351193260500292,0.797413298140279
-0.690637964079698,1.35473335691224,-0.761527936730483,1.22791141746445,0.873162736962778,-1.68950597296061,2.29392617986862,-0.502803428707001,-1.28202898786496,0.478539919462929
0.249176152264034,1.55595426956751,0.925042706585097,0.570569142875754,0.241880304152324,-1.24826210817779,1.15530335354193,-0.0944335940628015,1.240418604145,-1.21623076799652
1.15553977693233,-0.517753976475224,1.08137594502417,0.702606616516281,-0.904541954483032,0.524362825499285,0.478988311038383,-2.55763344090029,-2.45528183654906,-2.63017931478249
0.894370377290235,-0.82678085214098,0.706710328724813,-1.5050787095076,-1.36025802922603,1.51167486143613,0.114859200817516,-0.320303277484042,-0.177912997345014,-0.155433306733306
-0.298904251098837,-3.76941362555024,0.287511176906855,1.23591412280439,-0.459673624581143,-1.76994354537813,-2.27251535084856,0.275266946955165,-0.0532287332999626,-2.76314350460367
-0.143021728446935,-0.449546424961987,-0.455520420717176,-0.0457162024188313,-0.487231137038016,0.290878759074043,-0.0125394227471012,0.489222892434046,-0.813708902684358,-0.350421508427003
-1.10131091043119,1.29332495864585,-1.34870369693157,2.12416350527851,-0.289595548795138,-0.386457228483983,0.0750328745408046,1.10715140421471,0.565972375792875,1.53985431101552
1.32436022503629,0.268929816673617,0.724160161093698,-2.12092025483317,0.951453128444156,0.384174799291064,-0.633077643525689,-1.19602812113028,0.151695532656077,-1.88493986549964
-0.504496900523863,-0.438761379667646,-0.0199483928945279,1.08398694337122,0.296627447851744,-1.81777986460464,0.460667038634379,1.66806454461383,0.356906308290088,0.390302360622748
-1.59605693883995,0.200231250168859,-1.95627756470444,2.11312053693134,-0.254215334078673,0.402648378477864,-0.766628039013145,-1.2578769240087,0.0265099900449235,0.435014744690222
1.17668409007858,0.195727729502547,0.734546906990646,1.75555679233311,0.846104873931848,-2.57438030046583,1.55574625680896,-0.571974692868865,0.16232647198316,-2.56942513108819
-1.07596621550519,0.559444595618945,-1.47562158589145,1.13500238776096,-0.82968328071163,0.299436738991258,-0.565292309450503,-0.593465715169896,-1.45007245193682,3.15653898254393
-0.253890556406776,-1.85141766826417,-2.41912907890772,2.37717888263932,0.0796037926703233,1.2112604971238,0.880623409215478,-1.14634386551603,-0.497635134814905,2.80653730908623
-0.938875691978879,0.387122793364064,-1.68472178668578,-0.697432809594584,0.168023138087333,1.62855364247695,1.06174363640395,-0.200483275674895,0.813327236541692,2.61524684245387
-0.248794258104379,0.75888382834641,-0.0638142232558638,-0.22748586643194,1.88415709505017,0.122167617734036,-0.9073859920501,0.41249611622473,0.626486069214641,1.91085960249311
-1.2211147185309,0.363289184963737,-1.11443697269911,-0.722345953554722,-0.136142280107476,-0.27757420224572,-1.12329039221733,-0.730063569976182,0.0209343442706526,2.11555996642863
1.31428421597035,2.09803314665113,1.58454131488877,-1.64547994063309,-0.525459731194261,-0.234014100333602,0.375166723736401,-1.48806201954205,-2.84591952054078,-1.84026910337047
-2.55146598686972,3.88100859338165,-2.53319911928114,0.682817640401571,-0.0657334519183872,0.928040241126165,1.6238106169063,0.766965604370126,0.482230159946551,7.15068399463773
-0.162629685041605,1.26999029586234,-0.433351889708085,0.450922533631815,-2.98419090703401,-1.77669668608268,0.069949730347445,-1.56297898701398,0.321166631279085,1.42660851648592
0.0053905430759176,-1.04318443399781,-0.645721332669923,-1.70728652436279,0.302342171768949,1.97533687436317,0.783510556482253,-0.618780069438986,0.742697024726033,0.344875290450164
-0.245735770054896,1.32306012520106,0.368070319340922,-0.450604665511894,-1.08456346592364,1.03781922062196,-0.115226778063077,0.306091017465858,0.656127165751893,0.126666129057932
-1.66614113584296,1.79020368806232,-0.261684721014568,0.880034498762884,1.1423740301039,0.512349117905746,-0.687427019541158,-1.60606994678694,-0.293350774093418,2.91547001390107
-0.913382929812913,1.54259192423627,-0.398193272764848,-0.151346816776023,-0.132219548255141,-1.33341103894503,0.885985037169839,0.0442320115202697,-2.1824597796145,3.61102793389388
1.1194098187929,-0.6046837729329,2.09630188736786,-1.71236080069177,-0.476200362702717,0.77130649041435,-0.967310100438208,-0.29422770553119,-0.816697082987964,-1.83831034931481
-1.10708537632507,0.797365414753251,-0.00818162954170656,-0.892153449040149,-0.868014910917454,0.161302638322856,0.153291470734076,1.53205823717101,-0.0229671949576887,0.574422010238659
0.722808076237739,-1.28596547652342,0.145739648453556,1.49668957094169,-0.91487250874723,-0.347417628512873,1.01232694469732,-0.511745331183809,0.932693186306506,-0.153043225727193
0.857428302530345,-0.685006798659383,1.17933012564033,-1.44613458125444,-1.50809771272532,0.869091251106615,0.59060622952391,0.847839002566486,0.0629985198182114,-1.14677906292669
1.73884349331175,0.154657411346046,0.766888660730106,-0.697620720370078,-0.76665162565123,-0.368469432197278,-0.226604138821198,-0.911632295149017,0.0868234824645939,-2.23992382115283
-0.599738794724085,1.03855861167691,-1.10708469203374,-0.76196292291828,-0.321660451509193,1.06642180415087,1.28450200406984,-0.460214612409404,-1.54482640403039,1.86157989259342
-0.759534082354161,0.000897310102413035,0.686137153725574,0.623547490032148,-0.167622041752221,0.66923736030081,-0.812374457363429,-1.17843403796199,-1.15803495806104,0.524996333037987
0.483729361218893,-0.671341243671285,-1.19318365492268,-0.657308803176168,0.857954649129986,1.7376217804202,-0.391486611528781,0.344786315955988,2.3078901566585,0.809956969597952
-0.825020846884253,0.162710007969522,-1.629211281365,-2.15026358797723,0.891629479999884,2.68925302939837,1.15994716252008,0.121265091511713,-0.230870027455079,0.992913887029316
-0.431901538126154,0.883609787065589,0.162875259484644,-2.02190659448053,0.270745415411689,-0.264226732314953,0.514284516365481,-0.05619095669935,-0.888625003316035,0.458559893841859
0.32191290829394,-0.438245506141898,-0.0602873400805515,1.92941263834841,-2.63783121972745,-3.36588022597357,-0.0551637800268683,-0.755510025816314,0.567380548870494,-1.38131061339338
-1.75037138598365,-0.130251191167097,-0.803026627144968,0.770319587219717,0.390162247204537,0.0446599259420437,-0.798285874074666,2.22851150282098,2.95175978072058,1.89708168218888
0.879081441869204,0.00671790325608314,1.06708118323046,-1.53613440680038,-0.461008758053407,-1.266528572854,-0.10967488727841,0.659935253959329,0.311176246190195,-0.00690243771675195
0.23573012773609,0.430635459454461,0.148230204222743,0.472251850422067,-0.18559678342082,-0.0114268498401099,-0.608989370557235,-0.62979051394092,-1.9535575129592,0.545399542680497
-0.201728602414914,0.658751154937527,1.82999581642712,-0.508647316172517,-0.54487314210164,0.205129976169533,-0.31036747607984,-0.176302715311758,0.278681198089279,0.320634795221644
0.694481630035962,0.925105606796095,0.426284789342977,1.11885135448339,1.433107227376,-1.70215651355762,0.59159786852973,0.020241458119071,-1.91443832018144,1.80578419956546
0.21835944902883,0.209048343982589,-0.869801204666124,-0.726430950512954,-1.50621354196653,2.7779074230125,1.83300333600884,-0.689571280807541,-1.23770860891264,0.388764958117151
-0.76517036881825,2.44852811145228,0.424356772638456,-0.00579355984508345,-0.0639010906155909,-0.358198715924928,0.410305563284506,1.75279655253435,0.453414513225633,0.518124857340339
0.283926265056523,0.731967913240141,0.0591495174347715,0.70407502113567,-0.870088696679954,0.948010185109605,0.66932843062506,0.290632231967094,-0.159394532563044,-0.984897670462309
-1.20986576383532,2.06903597652796,-0.334179692980122,-0.482472154527629,-0.227666858552369,-0.189295870360935,-0.113446491341442,2.21150183397648,1.6495716887721,3.01269653990978
2.19925338421429,0.640995380485165,1.00207990609785,-0.593601578064466,1.75697688251138,-1.01047585472306,1.21032753434404,-1.37680122736437,0.175912785551757,-3.68698749163151
-1.74451864598796,-0.518562060105113,-1.96956053813788,-1.33138873902214,0.257110208048951,4.10905424382946,0.939828164136426,-0.446483710607647,-0.561995815374052,1.96981789044188
-0.228692568316615,-1.11031533602763,-0.533984445235119,-0.521270060063519,-0.875796178422563,1.57850235245047,-2.63371999168309,-0.887761643331815,-2.6529830039203,-1.43960008043061
0.810990832570317,0.810953259239899,0.0882340432097123,-0.232112033118671,-0.394560467920917,-1.888004735476,1.46154692777906,-0.120378750044628,-0.836946693843693,0.645650319653492
0.409086492806107,-0.198924903039659,-0.216011888579309,2.21168830844093,-0.202436416831592,-0.539083825925869,0.782313052563985,-0.830833932891925,-0.0483175276047194,0.568681348097126
0.995455309966955,-2.07624724174749,1.32462100481194,1.05568976479077,-0.408475767306049,-0.9237284297863,-1.91668753070457,1.20053427276817,0.0460299820334854,-3.30724129139445
1.39027685257486,1.07943076625819,0.530405165656546,1.20386659058408,-0.990027556797346,-3.28289661137591,-0.287602519341975,0.586139994823975,-0.24923177151001,-2.0574671783177
0.990414170423196,-0.494526408441116,-0.925245077673356,-0.725593257130688,0.0910640953254664,2.11779922197134,0.598025375858189,0.563368922596533,1.84133582602164,0.0120192342369034
-1.30010235913311,0.13170455578418,-2.55164950569164,0.558610881656015,-0.209657946269558,1.10392046990582,1.16953639641785,-1.80143299087551,-1.7809294258965,2.16262621336246
-0.355511328713068,-0.206094682626108,-0.541007829006516,0.0161031572976656,1.78541803712969,0.497890985460589,0.341822057389976,2.41231903003471,0.306897462451814,-0.182836512841508
0.119880272864211,-1.2976411128828,-0.151979687428437,1.1074151585724,-0.0862333033061349,0.112829930918587,1.04143063553815,-0.0914120006511177,2.4521207313812,1.66812572204847
0.480596765658553,0.154728006727225,1.22473241937067,-0.832142278384959,-0.165291852555166,-0.160277758059591,2.03951179871812,-1.65153409369015,-0.716674002762521,-0.82424820754885
0.911692196971679,1.64094787787424,0.146156302140123,0.48010572466613,-0.412349166647184,0.562602765325684,-1.05806625196087,-0.00240556474617881,1.25560028647721,0.992306551748683
-0.260794396670281,-2.64841327395531,0.654450594873048,-0.486475814138095,1.78709403656292,-0.400454256749009,-0.665388173623889,0.64980606223487,0.681449134445833,-0.197793846091467
-0.502596184801622,-1.41619414092802,0.185505726250285,-1.29772695330377,-1.36765027938135,-0.788374583605525,1.65435566997927,-1.58742753178912,-2.24985149245988,-0.591148189078039
-1.96577634003974,0.262286222815874,-1.02259380093228,-1.06491987885884,-0.0362689109987794,1.64660651825691,-0.845574643611906,-0.382192817957344,0.352716808281571,2.60362192638991
0.341097996792332,0.291216973362266,1.78712275364219,-0.0995686019873504,0.11668683560922,1.01258342756251,-0.371431221927998,1.00162145253393,-0.578991283787243,-2.78932069399227
-0.326389602827872,-1.0583365470672,-1.21266906210397,0.26342294370674,0.0364711927222513,-1.11481986550054,-1.40267225040366,-1.56552302011325,0.324761984015192,1.86368803540553
-1.368150003132,-0.115850322977508,-0.618130540441689,0.108714315416854,1.41385063484037,1.17442909538771,0.919293678364047,0.117227431425862,0.093095848616388,1.25654208449949
0.077546324760361,2.84513748667664,0.565093183067598,-0.252484644103041,-0.00206557326655129,-0.200445094986764,1.12545404365092,-0.86789984333503,1.02734999464742,0.627574838086826
0.148754732780899,0.542446395646437,-0.857666981224314,-1.0241970843078,0.499253857603281,1.52369009355359,0.746459723890158,0.300272207839086,1.19645110669775,1.43679660158928
0.636287494083042,-0.480027331106818,0.370481160330479,0.0748069521302229,0.155724632403482,-0.315505372949363,1.35567207249527,-0.204531227864615,-0.0541392461018967,-0.943026268660765
-1.85762412324118,0.356207034711152,-0.514466584920466,0.211385300944746,-1.34196006132472,1.95004242796751,1.70669646160118,0.176090361312061,-0.720158509178184,1.74870983258067
1.1487362972784,1.91303804941178,1.23757570775933,1.24397124890892,1.8332336441943,-3.92759623180832,1.37346708452246,0.245108167371757,0.95445752381703,-2.2853139755616
1.12088946818534,-0.722640029636938,1.94675951914123,-1.1854108319377,1.18750511490443,1.30328698607061,-0.06192745632452,0.176355854942302,0.963590359831818,-3.12228607985318
-1.11951768747727,2.09131401946076,1.91875128038366,0.0864279327091643,-0.205534723960537,-0.628397983542081,1.48279775786077,0.694245010800635,2.32936563635094,-0.414760621177701
-0.248653675103619,0.359327862618521,-0.00195202092071384,-0.197107012993456,0.0938747116475446,1.01873140582375,1.25705924123862,0.0711427978547572,0.186872534580371,1.30091909196034
-0.735789327708752,0.718786408137684,-0.0536754293004835,0.719792220949306,1.19674426369062,-1.71761661600587,-1.18484520051544,0.428334049735492,0.574765300130162,1.74600173396057
1.4879032113077,0.803936724585167,0.849377680952561,-1.17941934853561,0.750490588833214,0.247387098076589,0.375991596936959,2.24299505712388,2.17069229460098,-1.34351882865694
-0.305266334838616,-0.664819148380017,-0.151024877421028,-0.121394011984669,-0.437267002192214,0.328620467248693,1.32532953584608,1.63402686311398,-0.169237634021258,0.357434738098859
0.190741220719013,0.575299704893783,0.258145004546984,0.496175211386005,-1.74778008543142,-1.05479007872458,-0.560315955773492,1.13737844535705,1.30718329109233,0.349339507104721
0.208900309599582,-0.049703796492996,-0.484735191944516,0.74136605278552,1.07881213672711,-0.800772624944379,1.18639732069526,-0.362377006537076,0.134370245407128,-0.653319101326505
1.61351270587849,-0.50384879294639,0.431155474468459,0.237752956966106,0.373812092378944,-0.366250104197411,-1.51364229068325,1.60161118937274,0.306606042184589,-2.21158443305425
-1.68296231622083,1.02738895642152,-0.234724569386357,1.3511476017766,0.784124690837367,-0.714729828384408,-0.867944284942549,-2.09730334982396,-0.162412969911222,0.48811456104573
1.05398654332907,-0.666000248835264,1.64814057543058,-1.97864917317353,0.284787281508092,2.60927780559298,0.928747727646704,-0.371218379772963,-1.06817953585924,-3.30843723377757
-2.00764861529618,-1.9585483999986,-1.36496132011097,0.347759398757362,0.186656785532359,1.31253753371055,-0.856337868328205,-0.885541877910447,-0.839834889709868,2.80083403643296
-1.57140930200823,-0.28860754789949,-1.87653177352125,-1.49325223197205,-0.548332750480056,2.66720712216467,1.60218189573658,-0.928778663041825,0.419853082807423,2.71779194635257
-0.00534639195558441,0.127278032163756,0.567253555658413,-0.0219433696408475,0.958402410789202,-0.964883082395905,-0.719207787295338,0.941927052043188,0.761577653478326,0.339001146128925
-1.01334324020572,-1.05231480686223,1.9654481086595,0.888267462680073,0.496374932328965,-1.51333060082428,-0.935143180972189,-1.68096648576638,-1.57528835803114,-1.40235178781599
0.0342562998800252,-0.807894601407555,-0.416640494022973,0.694513543188326,0.28298804185159,-1.1294310170564,-1.0538737895205,-0.879587904521785,-1.11799807378632,0.786979670543369
-0.731244736554018,-1.21000679926562,-0.913318585757507,1.43315174344549,-1.11849758247964,0.442584666409317,-0.633810884607709,-0.612086158048126,0.0563943244602956,-1.13605178669619
-0.32431068445724,-1.79942964391867,-1.58297971182467,0.40302406157773,-0.349154014309865,-0.739750352345689,0.347579243671402,0.349271028237458,0.180541816800951,-0.807789013645367
-1.11848916170334,1.66019323435479,0.444018721789719,-1.11002692008887,-0.617714676677716,2.82066647394415,-1.55279890218488,0.313249617247233,-0.227798539472529,0.939759692060856
-0.465792344435169,-0.949960021168686,0.609414258045595,-0.485019378175189,0.122346898077504,2.05927653564173,0.140509290945005,1.52989825070519,0.341439117428873,1.01109174252114
-0.00489252543475835,0.672387960945056,-1.1405937658258,0.394532491148489,-0.692570216518939,2.02351981557696,0.963782481434319,-0.671390911537297,-0.80621047659413,0.27749047966891
0.618040862562762,-0.35722025110405,0.0824017027138799,-1.89709949586047,0.641600257701524,0.641542911496662,0.195958293741019,0.707030226108785,0.573066013618719,-2.20857288600004
0.192018384377774,0.0946033455252208,0.559147170111053,0.396563159423887,1.30731028692538,-0.505753127934375,0.674234436915434,-0.210131984057031,0.38873710390192,-0.979109985281639
-0.0409744753337658,-0.173891829936205,-0.955761917534093,0.520172651923947,-1.06023085785168,1.72346890274143,1.68722702245448,-1.21228550066668,-0.504482178366469,0.372986981733663
0.229149508906939,-0.894538208372508,-0.14161196292567,0.497915046005071,0.227617378844755,0.0808738384210569,0.265005179879076,0.670165236255665,1.30005622966343,0.93232315288539
-0.474163203597724,-1.40257066561434,-0.619812025059956,1.23805442239156,-0.132454375764214,0.39378884641283,-0.609456478218319,1.4573135471998,1.00399963381436,1.47647778714166
0.38260842715527,-0.887841088513438,0.253107166265137,0.926461891639263,1.47800413696577,-0.199822745724552,1.01565466468012,0.505412333736102,2.43868484805214,0.27664547120667
1.5180894410076,-1.5036169922601,1.05071393362178,-0.997111384567475,0.894647951169203,0.643024777219596,0.172456160513817,-0.111902094222803,-0.933445755921935,-1.93358734512374
0.23795123866387,1.76367585153503,0.362295679485721,2.02882880504526,1.58544836410843,-1.54438832500185,-1.76751608709931,-1.23785179308722,-0.516609204869145,1.43155599635697
-0.153416120215974,0.577262743405668,0.603445594031711,-0.107835833588779,-1.48779297471977,0.240945421644661,0.730433753158239,-0.332612333229852,-0.0345114611177711,-1.16819929369568
-0.523168279960572,1.41668147067378,-1.36249998244562,-0.501198440776053,0.0499110016684916,1.07106923912291,-1.0833896272719,0.836145474448112,-0.256453592821799,3.30670220443269
-0.180909114220948,1.06333717971373,-0.693753252651242,0.970378480980848,1.33792734592566,-0.753007247308523,0.282181097135961,-0.599594330296849,0.235234771589108,0.746119397388784
-0.686858537836892,-0.281830177188473,-0.77997013734762,-0.112191363761344,-0.639349499840688,-0.367948237800988,0.909343743748756,-0.701709951835346,-0.00997268490127645,1.40411064958827
0.136085437988888,-0.29566082044767,0.277334601757306,-1.5428404262596,0.0334500489323155,0.106908930184244,0.547139861693705,-1.47389069973169,-1.58613969782901,-0.988640671691639
-0.104804501526711,0.534446510616533,1.36811579255627,-0.555115433828667,-0.84898161334403,-0.307611257072024,2.49485418561349,1.35406613722339,0.45588731120545,-1.85668396665467
0.269369264375339,-0.129136039423586,-0.358503881171254,0.795495056753656,0.592468124437896,0.55562567220862,0.978574056102833,0.0541717715815855,0.462907183514904,-1.90675646658095
-0.558238039177629,-0.294560137941383,0.671841434670625,-0.195321635897444,0.443462472972107,-0.0426238507155448,-0.372495404323227,-0.0837723676011284,0.228937835971149,1.32350675392393
-0.591870406399864,0.117702863977106,1.00873173170902,-1.78521402699645,-0.774134097870341,1.33907182033044,-0.0164900595888284,-0.522014092963636,0.475411483008696,-0.627712024382041
0.893352221249614,-0.289509351451256,1.90627080883694,0.516739369100259,-0.300796764832849,0.326948598366316,1.82102707587103,0.792761095991325,-0.712181228948071,-1.58959941390435
-1.35278854276367,-0.758886911971512,0.10084403069224,0.826430951178664,0.197972784381831,-1.54324882787484,-0.470371453583034,-0.439464983536057,-0.791472281652043,-0.6874726527661
0.307681611046955,-0.0432293718054067,0.957010840154154,-1.41707001994539,-1.3792169217021,0.0223898950419433,-0.269170806701868,0.897215618786132,1.38005003810242,0.712557628491411
0.166000981538413,0.482921462909101,-0.356285696126448,0.218378480158994,0.0440836198633222,0.614234561858447,0.512851190616923,0.816554766647599,1.80055268146483,-0.836672022451863
-0.988158609664952,-1.49371875535602,-1.54275067301557,0.857149197770057,0.767321305993578,1.50318299615434,1.3612584583964,0.155830020226517,-0.134585001357896,0.492366530614439
-0.353779295715202,0.77296831326669,0.191291856242344,0.721142440281665,2.59409509202451,-2.42430158632002,0.266408841397321,0.557431275145604,1.86773597110206,0.405578635290972
-0.863680925186515,0.274109988012309,0.105931162349572,0.262483244266873,0.517992190304389,-2.46880866149246,-1.69741155652288,0.56299975540452,1.15947459834496,1.8001873717409
-0.502394644221472,0.487914694315839,-0.189314669621545,-1.5811094115008,0.253426089934621,1.96714266539084,1.83418538124144,-1.30379197338646,-0.94231639430727,0.213142778298372
-1.29794079707505,-1.82672193585296,-0.506481340108756,0.113649105101899,-0.237864153212921,0.450437960525671,0.507228226338754,-0.709946991270267,-0.575608621925862,-0.612877258201053
1.21401891867153,-1.53893785659904,1.00991453586329,1.00339641851655,1.71654316957016,0.812824034681382,0.322177669994413,1.55453092285832,0.322720220199965,-1.17075498358836
-0.0394913602491148,-1.47651910282707,1.16246637364468,-0.48223331202895,0.959052338539634,-0.888218418840835,1.4617671957634,-0.0184697659849579,-0.944862307313975,-2.51228548516438
0.913235072896922,-0.732452057877643,1.21263590342194,0.430078150631549,0.750492485431824,-1.02468818635888,0.865796129068849,0.387004427371231,1.0634012778206,-1.76904367495198
0.726638082594771,-0.764761242207348,-0.428621752077966,-1.45880528191932,-1.08212451720543,1.38405050181201,-1.18656406199479,1.23450689153293,0.994866928038757,-1.98386112860587
-0.0503407689627763,0.655838662162685,0.696470959000836,1.75731282010285,0.48155643697681,-2.36411045974708,0.304586776861794,-0.0515607273480083,-0.896741557810386,0.777093038717692
-1.61773479019609,3.49927912091186,-1.25767270741282,-0.979635378507746,2.01319214979655,1.91802586432684,-0.36953226777463,-1.16245246096286,-1.56489661762833,4.56477615667084
0.597379383267359,-0.672925474352728,0.069678035064994,0.634795525445046,0.550279467768513,-1.73565763905159,1.17010720394561,0.737240117792997,1.6081969329446,1.21835140806613
-0.85184377942262,-0.132382626215825,-0.895998041093538,-0.644737810297875,0.123467874862169,2.92335603394203,1.26161871196549,-0.220658586996874,0.199778963096947,1.70800748192653
-0.0849786156521333,0.408631659193321,0.922095442897837,0.0984640868486163,1.45246904792793,-1.16661305954529,2.48504437739028,-1.19232825607835,-0.338697117439402,1.47255984583111
-1.38285824159275,1.91900348636623,-0.89897797115643,0.196347223415482,0.285372436689718,1.20970550949092,-0.857321045061534,-0.602874909649426,0.963638191860231,1.41587970070334
0.436076026047139,1.0958108832225,0.632359665828941,1.1962144250178,0.226752012636014,-3.36956778724112,0.185149135627696,-0.590717924637291,0.176083408588488,0.247287274119821
-0.846148301156995,0.691146816583287,0.394910524633632,0.0470051911388969,-0.993074279004912,0.152450810068599,0.0490634727134488,1.32338117378019,1.57475731917753,-0.308214481666449
-1.8411207770371,1.23848576452192,-3.05517289827953,-0.865657969742465,1.21166323533947,2.45087287725507,0.239062192728489,-1.31134178361151,-0.302694716979037,3.78498904404171
0.671440798988505,1.50549383297571,-0.500674453322166,-0.99681855772403,0.723479709157435,1.61724728035335,0.704589836764857,-1.13707681601936,-0.0329883693259569,-0.920801422481784
-1.32897160160118,1.66257084942583,0.344815905384377,0.264871221540679,-0.185738667728702,1.0038460816969,0.283764080681016,0.680565553948538,-0.0990573989980904,1.37459808300667
-0.871809658045796,0.102327616157956,-0.842910346585918,2.61263508555175,1.35472746428494,-2.18372906052745,-0.697916615425479,-1.45306979319482,-0.0124263886256017,2.71339767666436
0.513282857797414,1.62042088577567,0.476102007306032,-1.30906623391207,-1.23063246926482,1.74287630020952,-1.02582434276222,1.79025162140993,2.1097642434028,-0.0808479504305995
-1.2015830184816,-1.33971479806915,-1.04604645759913,0.679454093557318,-0.672844085482904,-0.148608271799414,1.33394876312982,0.228269471712335,1.17677701112607,0.910672776795282
-0.685749501856933,0.239689722231948,1.11863830310459,0.423777564293769,0.135562328433336,-0.791073522948651,0.283821159275338,-0.181088609976812,-0.599969862679733,-0.365738875012424
0.632515039859307,-1.19455115489785,0.314284702639015,-0.0517379812279971,1.97062057340349,-0.985034114430517,0.826152324726529,-0.835224531551307,0.480551022828339,0.169699919821427
0.681956872342156,-0.548633748594418,1.55993782203189,0.206408237699891,1.03781565358663,-1.02822863659577,0.935446871159708,-0.43855622395549,-1.44952394808116,-4.03164808119979
1.65225064808808,-0.571630364594228,0.814118283797825,-0.535805247979695,-0.169105352701463,-0.145278163945803,0.0702577820183356,1.69992118752067,2.35009896963203,-3.72914882713879
0.807094760876184,-0.591244014922107,0.328772560187597,-0.43974144810348,0.61846246405172,2.0238493609867,-0.669502012102778,0.425080536969211,1.22548352689,-2.0796160033614
-0.956370053899048,0.328530787558117,-0.354090958046592,0.102355444723985,0.772658224095567,1.31943108309671,-1.29094636981215,-0.34547018069714,-0.049659947444368,2.51171091085806
0.502995815649301,-0.986720226518348,-0.482060473211599,1.00919771407489,1.06230757075695,-3.09115050192953,-0.657294016223746,-0.311526961009755,-0.206830857336443,0.785659914507643
0.1568125032231,-0.0116735330739784,0.263225424340145,0.488736505990436,0.266214813280022,0.168657537109607,-1.66852443127163,0.356119346237167,1.11322201935623,-0.876678768208527
0.456264343711275,-0.969492742550321,0.431735898840043,-0.879072808936003,0.408189501248908,1.85480998891236,0.268761697109559,0.478713303158739,1.56369480082618,-1.79915534822849
0.890096137972418,0.417878136149081,0.428755527844908,-0.583702462630331,0.486862876138034,-0.336936888437019,-0.828489229344483,0.758351593687867,-0.0625865924963484,-0.31260434421137
-1.25391880256428,-0.495869758960379,-1.79173938697254,1.58325607797409,-0.580592942683317,-0.572832098706964,-2.43676261253376,1.1759391326614,0.138492628011822,1.32596727203328
-0.0888939417279247,0.269694040903446,-0.121890593551835,1.04542807264963,0.0375665199217594,-0.827117710922851,2.19586953805944,0.321368160772871,-1.01123285599219,-1.33992223953132
-1.56168644414168,1.18050067103825,-0.705447599931772,-0.0230791712186334,0.151433000121694,0.524595036966102,2.98548509102857,-1.26117733378769,-1.73767316048449,2.97019141930072
-0.305420839854479,0.227936099596938,-0.843972162548017,-1.02473498770693,-0.163697285915231,1.89159793926689,2.14851143472744,-0.890479448691002,-0.450394154001848,1.6515783641986
0.777041734953456,-0.0193597739456827,-1.84449440395394,1.70031877241183,-0.125143903471824,0.90549128212713,0.988584475923337,-0.20344233093204,1.5218246438237,-0.316803744302647
0.888298372028161,0.199650002464672,-0.447273846475803,0.499124683688048,-0.362525784335956,1.07226045829065,-0.679874220177426,1.96771591042145,2.41033668557295,-0.187021479696757
0.152410704269798,1.27277718627672,-0.75896403056337,0.0368612072414746,0.0119283351911198,0.590997810947832,0.7731742916933,2.03807050924378,0.171004213125749,1.36904048059735
0.958557434877945,0.465021746008711,-0.0959548203691205,0.616200231285687,0.760493382353746,-0.763555669598004,0.287429240418802,0.824312329314297,1.43946252900362,-1.41789804147603
-0.852625998440075,1.31694075462313,0.0931535749259762,-0.197466926327372,0.597331488339047,0.923724347395212,-1.35144927334601,-1.3409460354559,0.336550473829879,-1.17821772178302
-0.674654544008108,-0.196202852581371,-0.849650163650071,-1.1658629479624,0.50832633163827,-0.529172292764535,-0.354978569333055,1.35979786734005,-0.232167004305987,0.919057768965952
0.0530733737538938,-1.30168567890211,0.117452354792671,-0.0179816602924053,0.48157720072878,-0.581546846619665,-1.57221899445369,-1.08463507726533,-2.40659173639321,-3.07056580771822
0.638496476305195,-0.267358579142268,-0.960680964391596,-0.483638507812853,0.843370680584557,2.46191218971929,-0.971695835877055,0.532644815943253,1.89453974666307,0.281599354125172
-1.11648742112734,-1.21776548721103,0.897520137828454,-0.500056736329139,0.245323264732183,-1.25068689957923,-0.832683016986237,-2.17733757721704,-0.12797528286314,-2.70555558831173
-1.38215725522695,0.169094309821938,0.257919472303257,-1.02119935324875,0.772498363531525,-0.2290698578547,1.00529012386303,-0.373758902076686,-1.58510634394047,0.275651751899062
-1.60538300956454,0.950244260722714,-1.84454199607167,-1.31672950406675,0.810914825049489,3.34828968373577,0.74733918692654,0.798443723976221,1.8154429021093,3.65540914200859
-0.879952172234175,-0.725403088659603,-0.153345771109818,1.1432974806163,0.337166223813306,-1.13181285820589,-0.619333678731526,0.840979908719539,-0.0744315612668674,-1.23535950212614
-0.615251126444834,-0.107925099264353,0.978504964027011,0.666236427865557,0.956883507546746,0.620226536032275,1.14598521869134,-1.12118508236738,-0.453158329051925,0.645888327272655
2.26983027268778,-1.63580450723753,2.64783871032643,-0.43455374165664,-0.76453661766346,-1.70744322162079,-0.242007302128953,1.0179359983232,-0.139811737840582,-3.4315879688695
-0.0601296838494701,-1.25971499343258,0.111991195406181,0.847233449611382,-1.1168955411781,-0.764546031127934,-0.0230296807105607,1.99115058132999,1.81109982883828,-1.56952251506401
1.70014536390257,-0.312786528482131,2.15043115452255,0.383118274207046,-1.28439785091905,-2.33632531238265,-2.66711665238388,-1.49055886356531,-1.78365488063707,-5.15859389067432
0.343451563744315,1.87291369455299,1.01715315805896,-0.117505468481083,-0.902171808592975,0.861928172048915,-3.06303726676319,0.292216834566114,1.2011261373289,-1.46081430504783
-1.24003409222196,-2.44780852873781,0.0962273048420957,0.244001386554371,0.334684075167009,-3.17822033588461,-0.224719859859219,0.454083908236071,0.982579015428726,-3.23425307834103
0.325269912176608,-0.144965197881308,1.04786205154232,-0.0875865436006345,-0.302018282216455,-0.510378400425201,0.0551316069249606,0.747972517563491,-0.248041199322338,-0.988354674450163
-1.25440123009865,0.237096121082334,-0.205065284724932,-0.0782179610452081,1.29108327317219,2.04139672064462,0.0486743888473976,0.291084161150692,-1.26873157879868,-0.580499111070762
-0.0692533941719473,-1.25509660320036,0.738089493515173,1.74927518089078,-0.309491215898385,-2.78283107063005,0.797301190284033,-1.48269847042251,-2.28271920234603,0.915667790080601
-1.30274761040762,1.46628571681493,-0.642216257310574,0.90920706686633,-0.406633432560338,0.00274327040321191,-0.122412219320537,-0.132402998439967,-0.531961020870304,1.68588119570462
0.381688544473335,-0.818712958877874,0.217773915631682,0.836572726013259,0.481322922701913,0.162541450353207,-0.0214054109184409,-0.946268428448721,0.0981972204761111,-0.11723157997107
-0.655982545971025,-1.24912384679879,-1.88217794734351,-0.491919917866968,-0.023285312696989,2.74137183436234,0.993122832795768,-1.70474576517475,-0.638592486940098,-0.0482967071117968
1.28437650084086,-0.550992552387279,0.132030061637379,-0.343508657124345,-1.95640644240995,-0.352636741845178,0.257697646913461,0.0553019509234912,0.446788435568846,-1.35781763146445
-1.05610733068622,-0.526388114970779,-0.0625430448539824,0.720269352986832,-1.47077414735678,-0.362152192085461,-2.18900727987033,-0.235295673825723,-1.01150547118129,-2.17396873546809
1.16293857248536,1.95549910650101,-0.0183046011929096,-0.392057575768374,-0.870719185217234,-0.138373185294922,-0.286191909551091,-1.20176506036456,-2.42739956918527,1.53957151885779
-0.417849028294063,-0.338459438320976,0.318399419855915,-1.07899957574776,-0.149885124865967,0.988570015799204,-0.875117482671326,-0.660446587444874,-0.170438430311339,-1.94223122044777
0.660201424806179,0.738880910782217,0.651227292143176,-0.427504232173345,-0.195317983369007,-1.59733450949808,-0.102496656249062,1.30660330046129,-0.121622054044224,0.467918158661604
-0.536032495253771,0.526088573390987,-1.2794620344364,-2.33175287433169,1.34424161898386,0.621469990883789,-0.319311120324228,-0.503375742031694,1.88402634477533,0.233741260768728
-0.614108848241337,2.08053057773353,-0.664146142214503,1.03945229108255,0.701980213226035,1.09539815873865,-0.625701763327455,1.04811850330398,-0.0892003304171038,3.53355430464717
0.292864284551841,0.44235930759119,-0.171988810396277,-0.453945107159557,-1.35156929853982,-0.565809469622141,0.187828539655782,0.123393549251357,-1.06335975642802,2.37307318570318
-0.232466197591558,1.90193295355968,0.448523371980907,-0.952665775210027,-0.449767886026823,0.441370286009109,0.337894931260944,-0.161208068670399,0.82847779486661,0.365800099693827
0.0218291149484146,-0.823570317045876,-0.0952361383820305,-1.29328690089268,-0.0922281844743378,-0.667331461290975,0.431785966014474,-0.673463468182331,-0.416813730756278,-1.08125058851041
-0.288711904159755,-1.52374732146831,1.34478920311439,-0.871561697071604,0.1305119057996,1.31245293241689,-2.01399981957739,0.480939706654905,0.0901855602918929,-2.34146270351134
0.70708799208966,-0.701180807347507,-0.860753564777474,0.442417395453542,0.442748084400206,-0.00529565946595562,-0.582497674172294,-0.486612173895266,-0.952514379628762,-0.863276686731416
1.40958028637373,-1.54076582562558,0.990204261498551,1.44965161771795,-0.978751392047498,-3.12838465744338,2.65461456612052,-0.856143290739845,0.0740191382580597,-1.36050820934465
-1.09328377356282,-0.324590887853829,-0.386430425647474,1.99688373433057,-0.0728373154460212,-1.84591225507432,-0.624813213566644,-0.346086898545193,-0.284923577043374,-1.16918623266559
-0.258859249629189,-2.22360565781435,-0.552208702881345,0.721865928050406,0.644497883638689,0.329378020356022,0.860923173939826,-0.998883492286721,-2.77702569999518,-2.77218908523098
0.0919210492493842,-0.291131491456264,-0.513124852181945,-1.03446151125402,-1.20272693170733,2.44132645263905,-0.142103181950798,-0.408141510685943,0.17882326903376,0.555927540387967
0.296734001193212,-1.7203146901784,-0.289928155508805,0.967928470729437,-0.406665482744641,-0.136496679661228,1.67115891642021,1.42242469937189,0.850460326342701,0.625175217258603
0.945553316627677,-1.37067207619485,0.354474232931899,-0.724845664051426,0.971762129276329,0.559853091943625,0.312727618729631,-0.525644620466602,0.486261415843599,-0.613973427106571
-0.101388964864084,-0.863119723715379,1.19214041348775,1.95710712565497,-1.02090177014846,-2.72608288672824,-0.608015701942838,2.5757077203484,0.21467249183221,-0.104908707013882
-1.14965595525343,-0.370015001236265,-1.38209108912902,-0.81416360072403,0.743429540947155,2.18553496303978,1.23068603862791,-0.0985325060198944,0.471988233229303,1.05695372205268
-1.2253073980232,1.3321669699952,-0.836559066667411,-0.138203642316068,-0.245397883073295,0.103658370437072,-1.89680049311659,-0.049712070876345,-0.689093374971257,0.551734052096035
-0.898502045459552,-0.2335249418408,-2.06274418527202,-1.01993698245606,-0.772050385829249,1.5586488060063,-0.999968500741867,0.494560134181522,-0.689757562631603,1.89391916453943
-0.584187531148188,-1.05590996969088,0.410253524837234,2.42510483175747,0.893096780266906,-1.4034964712967,1.15980161477081,0.167774867998001,-0.0178563368534775,-1.88463241148668
-0.869116026968043,0.36116257818346,1.27626633752218,1.54555966019222,0.619186130458145,-1.52881395590418,0.461328787451421,-0.729021905528339,-1.83445128403353,-0.503254364707416
-0.0464577151248873,-2.15165433135302,1.97397327609232,1.50810778768008,0.228023961231217,-4.27002266092183,-0.158137202190019,0.516937168906193,-0.456275353996422,-2.51877218376676
0.453092094093416,0.95473131512276,-0.860468811785528,2.11055117243569,0.425156889280365,-0.69634410413362,-1.39485507622391,-1.60058693931829,-2.53049575804374,0.47484179500869
0.996995027030289,-0.543061498872458,0.443725015971706,-1.09400339835955,-1.37051212991682,1.9208053403444,-1.31679634889634,0.668984469253511,-0.992666659889514,-0.784371623379407
1.07044041582147,-0.429829875955825,1.27765571593919,-0.214281730465263,-0.264617564681125,0.370805102839386,-0.54830725736735,-0.302144325232861,0.191095266797279,-1.55031137844988
-0.0553609941452872,-0.427446882934226,-0.693047925281982,2.32117795255262,-0.409362517942004,-0.511192993235826,-1.6730342795725,-0.597240719963233,0.667714909754158,-0.200487533948382
-0.170111771200426,0.237306044291814,0.313387835466852,0.00825675682985505,-0.836507224782596,3.35565099704232,0.357995707170288,-0.0330494994517652,0.278535705146039,-1.5562918105603
0.883574950263844,1.04603479706429,0.154896927466515,-2.1973140202878,0.197710497809729,-0.772110182898686,-0.273643721893651,0.27845194854034,0.434093221235171,-1.55346383698204
1.82121154599292,0.406198501031473,0.696298607075175,-0.210367422788179,-0.45628322761938,1.43724796846226,0.365921078760086,-0.182329581568345,0.383193984010124,-0.373463763102945
-1.08910472335475,-0.409957499573385,-1.88443694490617,-1.54473707729574,1.28886587719386,3.14501151529607,0.492007476293413,-0.124045463426237,-0.303941942256611,-0.188965301034922
0.190268229943841,0.428261518124945,-1.36852114775477,-0.595748632896727,-0.190068696578184,0.769260777093263,1.90100291311601,-0.666966140088664,-1.23665123349837,1.8926243149728
2.14249766133947,-0.180631193477724,0.402364357400921,-1.47418082216669,0.448047179155641,1.31192873710929,0.719740034100085,-0.00748636361127675,-2.1913299665262,-4.35900612545866
-0.252925658806053,-1.01254804977146,-1.00374589562477,1.12913473786124,0.442609862399483,1.25626337765555,-0.804726879480694,-0.456078401180206,0.862995480690071,-1.1789175804989
1.06209093768973,0.497629552701308,0.114981459852236,0.587644497452188,0.0709394476026262,-2.99920875197809,-0.433700305792353,-0.0296155122407551,1.22861458870914,-0.039805395684688
0.0345571833028384,-1.28372094193008,0.133181048392337,0.562791068739044,0.447973437751282,-0.66643143557175,1.18180820244763,0.608464927439312,-1.9487848102134,-0.405504845702126
0.513083850504589,-0.304898589926318,-0.472526815665398,1.28230357401962,-0.0484804003515423,0.264881454559101,-0.2392327589318,-0.422034903198215,-1.48614251239994,0.762591826449705
-0.0492675024433515,0.168826372432815,-1.14185082243609,-2.08176990536192,0.581169438374866,2.09972239680078,0.536805360147681,0.00975089550518012,0.177409461406302,1.40080687771553
0.0154710458999952,-0.0989858405960003,0.886310284448607,1.25424299074058,1.12027879303593,-1.48617411143968,-0.532263696158117,-1.45519807692646,-2.10530937068219,0.713939271171926
0.950501087499608,-0.375222143344872,0.203706915340419,-0.262171673710889,-0.724117505156096,0.0215529689072259,-1.31955390841983,-0.223599473039589,0.388210689539452,0.567169188029165
-0.00419995804674031,-0.083916833894665,0.675099221548167,0.630466075030995,0.148983262072602,0.445138281710305,-2.5820490655053,-1.17980939992716,-0.455755867784238,-1.10936534012703
-1.414197853889,1.3212020674625,-0.308629990220456,1.42704296976536,-0.831086308616836,-2.10779352881119,-1.47376325165117,0.983517973037002,-0.388679309080308,1.00232304356704
-0.250075916709196,-0.0842673972459225,-1.33855305930997,-0.754072173157239,0.605211574148719,1.35516287066705,-1.6143511967632,-0.753055615418825,-1.90237429915026,-1.10737187196328
0.77371295644145,-0.72121246353548,1.41780789227475,-1.52441329793913,1.09319090146339,0.0493874792014297,-0.449535930174932,-0.0652105214193594,1.00558567099447,-2.74143527355247
-0.306201827895226,0.0101453803202616,0.456728835957207,-2.08079464432039,-0.603196913380162,0.572064521709749,0.468843021591948,-1.32304011207536,0.107063118690494,0.589620128802122
1.11981570548346,0.171650435675178,0.914040272901197,-1.1815316488071,0.146524421527686,-0.704550811414162,-0.912777517808367,-1.35871398505757,0.172535887104128,-2.40759730765178
-0.931828832176022,0.718672386602105,0.335506406938678,-0.235218235475293,1.13369288716737,0.329103341912752,0.0801560416474785,2.06566261861728,1.17928662424977,1.28898326103939
-0.988412111492975,0.944573217241494,-1.48994941449777,0.561451348976076,1.40123761388893,-0.22709901589669,-0.488004217571702,-0.970350218560205,-0.732510417458674,3.24246816256267
-2.26480708822303,-0.169704786075788,-1.87742756248274,0.326970836832781,-0.852151740628479,0.291175535232729,0.810049136684063,0.250825398872217,0.133832070083633,1.65006302539887
-0.278098224569503,-0.235278113193923,-2.82925894425358,0.949931822799602,-0.100927129636833,1.73376148118967,2.09084343179168,0.437840645871306,0.111690299884137,0.0480594756302801
0.260302731630167,-1.72314116925781,-0.515866332928087,-0.949647238380714,0.547406404361062,0.0381689205424954,-0.387966155631492,-0.0416650078143691,-1.61408949012691,-0.837554563295982
-0.865568739444846,0.188564327023775,0.552324847728699,0.992535478491095,0.738834354032653,-0.858468982547616,-1.87256711307635,0.471682389826245,1.14867736632416,0.230279934562408
0.26812784579087,-0.455962516653159,-0.222056372130474,1.28891430446622,-0.450503941796735,0.101482863123687,0.406632469604728,1.02626941000134,-0.766394007468826,-0.908507523597323
1.07018314967115,-0.0171450776883254,-1.11095633720393,-0.778896972804092,0.892184767723757,2.07069082050895,-0.446913881147617,-1.82388404452758,-0.894327562996877,-1.47479974173247
-0.368703062159117,-0.323854446908341,-0.0691412046328936,-1.37412077611481,1.87826337468247,0.609164806129804,-0.344879233262317,-0.183087003506186,0.147451581859218,-0.766169652482288
-0.807907645711466,1.30773628813411,-0.8310489983098,-0.0282291819910699,0.653262400467089,2.52891733639526,2.47117948503593,-1.09653254115324,-2.63004099732326,2.78542892011026
-0.4868038945664,-0.484780093481779,0.0519661618845559,-0.98575049313253,-0.569224190854687,1.8472911744624,-0.200507004692079,-0.127564538631587,-0.591105686637606,-1.53019433739957
0.16565816179412,1.26272552002606,1.24245608908257,1.3099623239051,0.288733788498623,-2.30522456815172,-2.00003334506558,-0.859761790740763,-0.133308943167538,-0.971623047850921
-1.11736786261523,0.29649667641102,-0.561987301129035,-2.0249923387623,-0.344101182750548,1.67582892975556,-0.197308997086032,1.34025650822332,0.657709163355819,0.189908364528013
-0.246259398650694,-0.288524718155854,2.63355612544676,0.490000614463558,0.777902058287775,-2.04109107290918,1.34410851743313,0.538869200408957,-0.68950252374279,-2.93304208327311
0.78790673565416,-0.0228558206873817,-1.28968709641743,-0.754775330721177,-1.15361033521324,1.47226989903836,-0.778569051277236,-0.224306771722359,-2.37545589487276,0.439255589828041
0.812967752700969,0.652535551135853,2.10127444531888,0.56855463803818,0.849767249615279,-1.10094619799146,1.53599369749837,0.293391408456614,-1.10636094360412,2.08415239514193
-0.838207724866813,-0.26217273801961,-1.85619917321795,0.12738335895743,0.648228593957888,2.200159865773,2.09419697840891,1.25357367774332,1.09681134147062,2.27630414685196
-0.113206026929149,0.602832520862421,-2.23064548743333,-0.335105719826241,0.984818288730996,-0.508872800319525,0.282804338699475,0.864984406486071,0.32557976045299,0.360819859184949
0.59763080734356,-0.145913521853461,0.791973416318807,0.153670870190542,0.832020301035033,-1.86417334618158,1.08721654386534,1.02973882526101,0.38582759809457,-0.820535345124911
-0.186943523634586,1.0317225175146,-1.55341495864045,0.122231449694225,0.488828831041008,2.3197108591545,0.172748515417935,0.0637006860605334,-0.486952499128928,1.27247215387995
0.0945798500952169,0.183249433866658,0.251788785714888,-0.792768145364984,0.920872547449563,-0.633669953989018,1.16740864320404,-1.42568653851137,-0.538173007408143,-1.70627913043428
-0.915362547403098,0.31978577350649,-1.29680315002171,-0.407154318586169,-0.829148945168555,0.654996680971119,0.46838431352302,-0.326784384377924,-0.464553951945436,0.148999232537845
-0.277044880564215,-0.12958987993819,0.042647653205911,0.369470875061502,0.261138313313115,-1.53841733290099,0.614555552657787,-0.521460998886256,0.366979746558694,0.0268003907731266
-0.572529954610529,-2.96367725709166,-2.5932434982668,0.0983639396299842,-0.597342857632349,1.50282804623566,0.542073852064411,-0.525258952251912,-0.464294237058409,-0.434713952593781
-1.19978109922325,-0.194910606339757,0.187111360018277,1.7179765039755,1.47249693558553,-1.68301778358346,0.2654257640041,0.569447416412172,0.53286629765281,-1.57953056253795
1.21571977941749,0.534428314103858,1.14507806469133,0.229698894875682,1.03711577451489,-0.752483100628371,1.17512967698519,-1.06328646904589,1.83991778486253,-2.23775390683614
-0.735211145669931,-0.357655273724846,0.122271839630891,0.449389927187061,0.302724003651914,-0.305285012225105,-1.23569542369922,-0.50379296833273,-1.2900367749429,0.179965967363622
1.00146980818659,-2.12448120734117,2.12653126437511,-0.848790434077849,1.40865581003799,-1.75795133223642,-0.660184334815398,0.60849689847578,-0.835718284692637,-1.95995046922165
0.233749930339572,1.62100532004865,0.141677836410735,-0.796421355772819,-1.06569961603166,0.734440898144305,-1.36149239637621,-0.874334135891129,0.345944732374213,3.89500631382802
-0.566988370392863,-2.24450579544576,0.184805453875245,0.185326740408571,-0.719449478467506,0.818076498185994,0.0400235058886874,0.101425225282291,-2.88813003625666,-0.838004688602138
-0.28300002036834,0.64173534925443,-0.150789042240849,0.202767586837589,0.427122946909983,0.414062379344457,0.974203493794573,2.11991398141393,2.28798243325177,1.04155502571485
-1.5684891553583,0.862560796632528,-1.37065700219246,-0.974329544487463,-0.69995645081312,4.39375386418612,0.292702518160177,0.202846950962291,-0.652653713838185,1.77777060425455
0.535222119314096,-1.2306345025333,-1.51481581467884,-0.540910875645461,-0.111467107148363,2.35931197326252,-0.262032074315287,-1.45451937823609,-1.25762384428193,-0.467116898724308
1.68826145188121,-0.161451612793294,1.17215686754176,-0.86151481453506,0.0762565072891919,0.459479163066907,1.06943936540408,-0.485914813121174,0.227429423982376,-2.30261030231946
0.853675910458155,0.939383543703999,-0.205812155583085,0.82050761825328,0.00924938931036748,-0.539605314302373,-0.466903243129519,0.725393509902646,-0.533377331074314,1.49305686455617
0.985081332924389,0.0756467686970991,0.666343998320344,0.708484148003991,-0.354231503743708,-1.16982079925941,0.546305080374552,0.865163868684732,0.946839689955448,-1.37766441381852
0.300879955079364,2.24337754088988,0.275744223651516,0.749061776849869,-1.47294747386059,-2.30432566576415,-0.983402759114366,-0.961271172106553,-0.335853027383931,1.40625733173125
-0.186392551056335,0.508119654615505,-0.785077955529608,0.286529672844103,0.264479259408354,-0.590605292536283,0.112756282772418,-0.373348005722467,-0.700182790049752,1.68162253941004
1.65158285765059,0.751669048919666,1.22858558590922,-0.159012918893489,1.05929663027502,-2.61546049484257,0.94824890817396,-0.264441938320106,0.371938538125894,-1.68673021820782
-1.33620317830072,0.226482006333465,-1.29732434365515,0.711362692555459,-1.41621889004315,2.41593155732255,-0.237955122723387,-0.380764965241019,-1.37681973924184,3.83835253978903
0.282173440885989,-1.18048676756672,-0.0872264008079612,0.630097632163459,0.020721423919659,-1.42326296940303,-0.316434971861108,1.45572658909678,0.328377398366872,1.80365689055062
0.777485098161482,1.66382627226005,-0.173358912094562,-0.222603449504116,1.80266114783432,2.09018844165038,1.06651607138947,-1.17639865126526,-0.14000845549077,0.956005769092935
0.189637097903113,-0.0733775299582839,0.211143728441771,0.0116499717682627,0.129039120050779,1.53469282908405,-1.56304698266803,-0.708232007245188,-0.478053386166712,-0.442233609391501
-0.151457216676438,-2.9793722637504,0.515730583082595,-0.0946760040707524,-0.269226051982283,-0.348143570679847,0.671091666691761,0.722737149539501,-0.351209700244857,-2.31213041628433
-2.21889721055344,-0.363435140974302,-1.93253995457374,-0.1843334159673,0.109369867313626,0.557462046903887,0.15737850213482,0.72696916517894,2.09181924169079,1.11588576835109
0.348161446120401,0.843168954589012,1.56140908406523,-1.39681405939199,0.718173047740936,-0.367716708034255,1.09239243119505,0.587108517310212,-0.00144689815069499,-2.79265443999807
-0.355626208340966,-1.13802676302318,0.571989599303861,-0.49745708900256,-0.0375616342220212,3.30538311216612,-1.09440068421286,-2.53084729382123,-2.13655666551081,0.0320620612687597
-0.6418987516661,0.428463497256307,-1.12343913235374,2.25985327191871,0.00632711123079746,-2.01922214192669,0.765254793074846,0.580169526977511,-1.5710909101881,0.0484932905018884
-0.613898781182976,0.358352547802303,-0.943144164430004,-0.830218175579628,0.595262746373595,2.2958278980185,0.668194892099387,0.0289336232223121,0.349192398360826,1.22109721916851
-0.823209186794725,-0.0919380510895629,-0.226702593282263,-0.118969132105856,-0.383088531777415,-0.627023040652671,0.943727286409788,1.01652862884285,-0.158964077666449,2.69551748211097
-0.363574471622318,1.50936730893525,-2.17754534373241,0.839254871059389,0.124401906143054,0.0667296766050205,0.24336713733803,-0.248996462768236,-0.417316870882546,2.81938774690178
-0.774947443983629,-1.41620533423787,0.16891638848204,0.219734883279203,0.564199986072313,-0.466775819022147,-0.133754408235778,-0.883381129223865,0.364162664246733,0.641109035802268
0.331880450573485,0.0248721052958511,-1.04088978332289,-0.0905254685971921,-0.715075287500599,2.07337585100772,0.341450727756578,-0.600993359360527,-1.7359288130339,2.29381842694685
-0.323367817223102,-0.63038476608751,-0.525560626944294,0.252960660480865,-0.412403833203533,3.21439845682412,0.258410019807071,1.00312074526758,0.148632026361244,0.567375914338648
1.53253874848466,0.518965799286162,1.41789918877542,0.642261128684408,-2.20844718552389,-1.35366767024263,-1.35240213530328,1.41528311835916,1.20654368196594,-2.26425783388442
-1.51279509699537,1.04822619736446,0.576083948272769,-0.929555115631889,0.225377119197386,0.62791967876859,0.116434611135418,0.1716135795734,-0.0145869128664605,1.89444445028582
0.26199727140737,-0.39023530234194,-0.816333616665103,1.56717217753717,-0.0937994000635142,-2.70831431874211,0.435266559142467,-1.42789274784165,-2.38154597319026,-1.1480447739614
0.0294601941923834,-2.21037347483007,-1.00343151292842,0.614172789203817,-0.243764690580387,-0.669705818361129,-0.298181176134505,1.63096926674402,1.63621911620677,1.97588242697715
0.722493727012419,0.00563285350248283,0.957694214583137,-0.474997490439118,0.430778710191847,0.610644736853046,0.148094659927122,-0.236048745770501,0.400001329967932,0.052610072451627
0.261210357875148,1.6742090185711,-0.404888016511218,1.91765265152524,-1.20220580266735,-1.98422193001204,1.00651860551483,-1.03731771852574,0.39248344442601,0.537103217470731
0.825882095246546,2.0129475240323,0.682292145278801,0.53725984216406,-0.919317984609644,0.676428225869972,-0.939564367360757,1.20650885097474,-0.474485745207141,0.663478577772779
0.474014899698783,-0.238066252650269,-1.54975135352925,-0.842692707958483,-0.609149167999988,2.13834142974179,-0.364858210204339,0.653813097701045,-0.0579956425236704,0.448308516428056
-0.0208864989528822,1.03567308870711,0.936250698428187,1.39801162679656,-0.633316951446336,-1.64714814643232,0.856049208826656,0.509074194690988,0.583014288513672,-0.890331035573317
0.701305800944698,-1.19790099481241,0.085590919135075,0.370560301329527,-0.358758360534136,-0.22499501232356,0.597211124488347,0.149416202438699,-0.125727304605831,-2.45838549323789
0.338057867283475,-1.16118354908227,0.894056601522558,-3.22625052945398,-0.927497077416792,0.679532411417776,-0.755686967504477,0.0238814358856156,0.864403996560322,-2.41825721096548
-0.135703984572632,-0.543021562378977,0.00784675945341574,-1.24144721178042,-0.116302441190098,1.2181995607248,0.552938094671999,0.73040358237744,1.00948416887169,0.158851476417395
-0.561529085122763,-0.496374978360469,0.193426035438156,1.02124138583349,1.4647414827239,-1.65836547076911,-0.492699891932706,-0.268019561834318,-1.38580880245272,0.266747800843032
-0.763989908070158,-0.0496816443325319,-0.693739052504249,0.0581678955232506,0.650271701811029,-0.20660248494022,2.19978713306578,0.128000790000636,0.768377762514981,1.21733422626952
-0.255932733232607,-0.0890733595160357,-0.651066290174494,0.787201144074541,0.585283459853336,0.196014740817705,-1.08359966165136,-0.718104801777522,0.575749778246681,-1.66056314921284
-0.484292840816545,1.58011913008231,-0.873019134653304,1.32065545086796,0.446198161780369,1.18174871198864,-1.71004263768552,-1.10462512763432,-1.72488978676066,1.15878587734724
-0.807647422302703,-1.57492949232431,0.0345350657188041,-0.766787277012355,-0.175904482334925,-1.48918763638611,0.140607415781316,0.4286613716639,0.801664145089408,0.0751245005600425
-1.15189448689996,-0.552030767271066,-1.01005843028864,1.2862274750759,0.899792091735674,-1.54913382122746,0.0502209488992576,-2.51584780080186,-1.76468997516757,0.808641777941784
-0.188480989921889,-0.947215343140817,0.182941700220463,0.567454298174717,0.0509699913732256,-1.50720896024984,0.365799154842317,0.830397954547088,-1.05369520837915,0.445781408378215
-0.576600248918634,0.92841949447487,-0.307878946595606,1.16516021757332,0.63587557084816,-1.23818809314671,-1.19054144291528,0.553835845924269,2.04806931770973,0.404115722954657
0.170876300642,-0.0360425574804926,0.559732647471919,-0.30127984995777,-1.01173981104878,-2.01319631946547,-0.389206932167861,-0.753078902847685,-0.95250239618724,-2.02579847879714
0.806532491537396,-1.1822113267146,1.43615711318297,0.774607339119255,-1.18189842092072,-3.88352305028963,-2.24049166174789,0.825818182667303,1.0965266929205,-4.15513182109561
-0.0590953863711157,0.948550950243031,0.0528221866457799,0.886006765604436,0.210677314886214,-0.174145688218183,-1.3370564177943,0.0474635951243864,-0.658342435919038,-0.198894378071784
0.708610152919124,-0.112179932527598,0.132169808239368,1.03761471065638,-0.672693199148449,-2.06018198424989,-0.68260272860315,0.549764573372974,-0.373994511075138,1.39680500407336
0.583357352516184,-1.29800305807754,0.501576007350516,-0.439462719526831,0.980803872432467,2.36962440100292,-0.83814417312791,2.02328449579285,0.963058314397894,-3.44821964332013
1.0077769763755,0.489636911435853,0.883720078100596,-0.907621455839508,0.811019066446488,-0.666699958793518,1.4960154366402,-1.27113429428999,-1.37063139409619,-2.41124407099444
0.88665292585287,-1.055725889256,1.67394519847773,1.57347659295361,-0.669432696360739,-3.23608117454969,-0.89949745592691,-0.158616341952693,0.972674510280423,-3.0562852521716
-0.353471696369914,-1.40268863788251,0.478393787042198,-0.676817515351059,-1.10231847264453,-0.895800562670456,-0.179823895340403,-0.484011289620433,-1.94361720555878,-0.147449562492338
0.0798250005609531,-0.0353240375348279,-0.858741611632751,-0.929227895979308,-0.2431836897966,2.76645003120284,0.769854998406588,0.994131972244322,1.57384672745067,2.28404334671199
-0.377818790106013,-0.383339705059568,0.134839187973571,-0.540030505993374,-0.10502022467869,-0.759558541934389,0.0609348803694713,1.65647197228122,1.92623672684827,-0.929181042255912
0.64693216114535,-2.16366853115019,1.17658230891176,1.18039099681859,0.256814362801134,-2.31624532823092,-2.97875678283159,-0.83130685674729,-0.125843100261029,-1.11836091192929
-0.939385203009737,-0.00271185401581636,0.904413158203483,0.958168928370196,0.756964615939019,-0.843951316389856,-0.529001233344941,-0.760007596206913,-0.164102334994787,-1.42489904987668
-0.804558681742846,-1.31079880471956,0.361326573984283,0.5603872184054,-1.07970724753161,-2.03744201523921,-0.835078204407074,-0.691063454218227,-0.562510692314811,-2.038431787255
0.0508134362174684,0.0879461761297218,0.0674774502458799,-0.971812955396727,-1.66767612689971,-2.60923114589396,0.789880900802146,0.14614254082263,3.23289774068484,-1.64456418704441
1.22194424446829,-0.609602909762041,3.63739301292842,0.0583342317189959,-0.494492841810329,-2.84926997445051,0.943333851391831,1.18064776022389,1.07584677449655,-3.64233106910525
-1.27644039227392,-1.72584510713102,-2.31742488302178,-1.03241779821681,0.175877905721769,4.74608688584106,-2.70421046424949,1.33484620797849,-0.563919430503021,0.132522962587314
-0.122589624198626,-0.0273250354962234,-0.997938204090532,-0.689057416306169,0.793235477376696,0.109032598088877,-0.976083751108854,-2.17391385254945,-1.08497581117954,0.036350687634715
0.572410779749543,-0.167225875889429,-0.0771395011345135,0.693474738343396,-1.00094167432145,-3.44710944319733,-0.159137053787079,-0.0793218357323814,-0.537146401367572,0.910098314229429
-1.43025451735747,1.49747066794554,-2.31874744107401,-0.063135492341272,-1.57742379415218,0.167058583716255,-0.972824696775224,-0.595456928737656,-0.487952905618014,4.30978363275763
-1.41137178366285,0.659556828207342,-0.0556665732218061,-1.12587058797249,0.954101828466028,-0.744956934075707,-1.94926241915397,-0.240402096964357,-1.576576530451,0.901379643270039
-1.25355894204217,-0.23830409334022,-1.31630017302934,-1.52639158301711,1.47013387915181,2.91594368739515,0.487886472480693,1.22630158919642,0.735273476198012,0.681691095241482
-0.664674663482728,1.48871844653838,0.800953449240837,-0.657299776835167,-0.773772376509765,-0.872571670444456,0.0567618938484489,0.658450036274932,-0.988454792268475,1.63635291285698
-0.503166600176704,-0.867999925262438,-2.49105422760439,-0.49008470957815,0.461461629158057,3.93812488780323,2.26446543738669,-1.80049158099999,-0.899179007805398,1.57828014909574
-0.873330457328502,-0.0317309398453949,-0.191668054942844,1.04588351998551,0.675751724193229,-1.14211079328361,-0.928928947649006,-1.63705749051331,-1.8422381078834,2.70980219744784
-0.0937855335780214,1.17537559694316,0.650290452336682,0.152541423255137,-0.694593620875369,0.456045508637912,1.09950100013004,0.477840490373255,0.293990009367265,1.96699894713641
-1.24989760478795,0.179351478353016,-0.504745350001324,0.17147527509781,-0.689185386209255,0.542988138490435,-0.852242750193816,0.233521782696934,-0.47699671184666,1.40417939490635
-0.839921955410574,0.583634642383194,-0.188310398482153,-0.0983951993822299,-0.269318284629569,1.39216034747783,-1.3651729391966,0.542549654494256,-0.00786215125431161,0.857788253197012
-0.548047243469391,1.18316472303488,1.2842168746693,0.512556540964742,-1.03536199878263,-1.40115923808698,-0.187487293936438,-1.42963622014345,1.57585340062017,-1.82533120757214
0.402676730958666,-1.25584013262703,0.930525365179957,-1.58856006896221,-0.162865214656286,0.665510967235631,0.514955175109509,0.73245627901216,0.871365895909055,0.561397646359231
0.347245359593703,1.27814881950603,-0.864485297508526,-1.47504727449769,-0.0898492051404935,0.215797997101943,0.0708184787879767,0.232075472567174,-0.365967518777629,1.23112272574222
-2.2124344927664,-0.624329773279121,-0.060384772905131,0.077923352116948,1.16237496669161,0.88374701507042,-2.46023081559466,-1.2053612905167,-0.963791890811071,-0.249990307815258
0.393594178712117,0.137853133697516,0.629969031515309,1.45179879582665,0.0986881843331729,-0.126319827688083,-0.92392899797025,-0.385672303248536,-0.058665584319785,-0.123890089632746
0.235352527500719,-1.84731036900502,2.1510702816182,0.516766424134523,-0.561607705348304,-2.49824464149597,0.923648747008517,-1.40800317688089,0.842825749352702,-2.97401411014166
1.34994182197754,-1.61435147221468,-1.39794313020612,-1.1982653102116,-1.36243786676057,2.85383599057873,-0.103674902076913,1.98992499487302,0.661367029353974,-2.06004026716401
-0.796956879655011,0.682876338309412,0.0650905758815227,-0.332886885049343,-0.942357869128818,1.35194947770001,0.447354390248452,0.377239260942398,-0.753883886225002,-1.20811246865018
-0.487605506149539,-1.41339580570683,-1.58121578525138,-0.986860669546253,0.309765829453751,1.21724726418313,-3.2110819567369,-0.396149425094001,-0.147567793804704,0.0271277569650141
0.876217061454725,-0.931804918436077,0.0894812339979023,-2.49166595050209,-1.31830268911098,0.97669777210976,-1.32317232723743,0.25727848691751,-1.55418810544265,-0.613184613822854
0.240069797862591,-1.32126556262651,0.418681714315786,1.36003921991961,-0.661032399053192,-0.411734652652615,-1.35313627721425,-0.707491164593944,0.188174451084192,-2.28435985862539
0.656671303872286,0.0667200356956836,0.483905056143402,-0.0429364704830934,1.40030483248104,0.328614410970686,-0.968652003654454,0.652447561929975,0.759719470475148,-0.914607082091175
1.38696557495866,-0.499165120812435,1.54273692794713,-1.88992024607771,-0.109552160396251,-0.618742520888587,-2.49269326731749,0.467204039066999,0.203795881673285,-2.88972884010477
0.0216029916991181,0.937680752662568,-0.614529515743422,-0.256588189272975,-0.959544403326915,1.33771087136245,0.932643810903898,-1.07228894223781,1.93157480941078,0.0591733758478409
1.16913651645858,0.776165843072414,0.847460289021628,1.25550751284248,-0.148023906698199,-0.0990901234732922,1.19763651205804,0.129854911827931,0.692373662353338,-0.120789971195654
-1.08408810002762,-0.469448466528047,0.568299778621379,1.24836022517125,-0.460718688025044,-3.33418858418114,1.064662966216,-1.00858087414517,-0.770641893592654,0.152354805985737
-0.816128695466053,0.0476447742259469,0.1496223074774,-0.787154623275593,0.367613225300077,-0.246164523522394,-0.290667651986361,1.04556118015952,0.74855782678608,-0.1119417483847
1.02468280401368,3.03547609411021,1.06971762166447,-0.553972379768014,0.738643860400417,-2.34093885300741,0.941785767230684,-1.88025294178401,-1.38834980237173,0.622045705003068
-1.23282172662546,-0.251507043351728,-0.509621394104925,-1.88854234525464,-0.619655853030058,-0.0961687048283532,1.43595130393943,0.903523934616977,-0.175417453493291,1.95810196124325
-1.07989102404889,-1.09458555841568,-0.14297795314337,-0.481609775369602,1.0055678587579,0.475082159571772,0.0595522272375557,-0.770033878139282,-0.970573154386239,0.24954290114407
0.333039920832807,-1.26191885836541,0.25990944024251,0.409166590268695,-0.597831317331171,-1.12098859374279,-0.558824641137589,-1.7506550103454,-1.63536311389595,-1.72323918099808
-1.14304872899663,1.37613787599564,-1.16291192173673,-0.440782134433627,0.641878451116504,1.37567821054255,-0.53607508543431,-0.896841024030186,-0.388130497765202,2.36513921112014
-1.33377536078432,1.6499135482112,-1.656408594567,-0.684409392984733,0.321324172731528,2.37768011907881,1.02989923531779,1.65320204359953,1.0344967772969,3.86379420465493
0.431903578329429,-0.237722467890907,0.378263323242241,-0.755844744602625,-0.223655185598256,0.710529770820963,-1.26665120079658,-1.87586996531573,-0.933746876776807,-1.46537890730983
1.57924294499162,0.965128493244452,0.101236794149733,-0.860003369017274,0.414388604975654,0.164338522565024,-1.4367491227786,-1.24545609807827,0.752143145511498,1.01894529123904
-1.30111643107383,1.32993959291592,-0.452250197715513,-1.01442931792428,0.436248991583685,1.01788644139061,3.25693786759645,1.16724957370638,-0.143579450686043,3.45364908161234
-0.52654991405099,-0.151117333338165,1.08572745385994,0.492492004535016,-1.0300840844462,-0.429089632703343,-0.160151950231505,0.91228138509789,-0.570478532990955,1.49007964958856
-0.159958903271457,-1.61918591803684,-0.281819769619738,0.0137365133698131,-0.985481863034606,0.235519888638314,1.2408387405593,-0.3475425635107,-0.107691948289206,-0.842442073365248
0.122357400462467,-3.27635739457742,-0.775016888085725,-0.5332391919024,0.124614374819261,1.36342928470604,-2.03637917357706,0.600952420044662,-0.154667139384133,-2.41058846840591
-1.54312132341632,2.45721817343952,-0.742860182265049,0.0968445353043776,-0.836787412547009,0.624015214290807,0.547878710617766,0.583997219839225,2.8450775089186,1.73820063980661
-0.119679085077304,-0.544260367613473,-0.086946406818947,0.323801527728377,0.867098613862524,-0.756929079272311,-1.09238681693908,0.46101067727871,0.17555965804031,1.37832833365064
0.247710653513596,0.180624007829724,0.567934338018844,1.83186775234263,1.57432408499947,-3.45084915722489,-0.247117973353754,0.644267803428762,-0.235704929755473,1.17550216436182
-0.234025684822329,0.23165449403611,0.779593225822881,-0.16356307411543,0.141455380449834,-0.043655908304849,-1.30566828630079,2.02460238382009,0.277037154669757,-0.573377010310958
-1.1280175165494,0.414695406975906,-1.93317555452296,0.661515400830041,0.415470176501123,0.23457055046252,-0.430781499320981,0.14053507874749,0.0105022382507556,1.68352706500051
-2.36082202138821,-2.26252014845659,-1.91577351110249,-0.566306153142921,-1.52606907596511,1.24021097387222,0.802298816474448,1.8108659075934,2.72249401013295,0.704957106451428
1.70778703618982,-0.578345579952743,2.71030815288406,-0.907505006323251,0.807128627878539,-3.8075863886969,-0.935438866268701,0.865360567317927,0.818903151805539,-3.80524222998019
0.334681422263853,2.03860525179333,-0.501839349978914,-0.103873895323744,-1.19474856928176,1.48697781967718,0.0960668844839352,-0.115809601556262,0.627841397757154,1.39380086335879
0.177086926510354,-0.880916912176139,1.53241571513142,-1.89190010053965,1.43571197090048,0.563022060185794,-1.2893440411413,0.0608142271407424,0.272688098599253,-0.711070865596795
0.113803107196674,-0.733401544462778,0.531872711091843,0.0984310242111432,-0.319501389547798,0.804973718458789,-1.02813535882561,-0.416603762249851,0.882205107447297,-1.38223378067965
-0.547940286086849,0.761933512054867,-0.293411293458346,-0.0611046921400096,0.0464020569931395,2.16856984970301,0.0629403338631024,0.850428109301107,0.252449700499041,0.663753692894979
-0.47845693646671,0.350927410593532,0.881754447534085,-1.50779097261255,0.155641523900397,-0.821286143341811,1.69159677064856,0.201088874743838,0.807769432681985,-0.655549852765036
0.9441434826737,-1.41388504982342,0.58092282395375,-1.56582415582334,1.34553493927082,-1.0450193441349,-1.91174442360106,-0.808178973697374,-3.37814545460782,-2.23373927983851
-0.785464609566924,-0.76148661184687,0.814357080993095,1.1527133169168,-0.69264241636408,-1.29911317562076,1.16085392833563,-0.183385187443565,-1.03781657673359,0.741991352868803
-0.364797994318088,0.9177442856578,-0.464955469193564,-0.355006039053159,-1.76078359894622,0.397412630709526,-2.20551624951224,0.295015316971919,0.707061602377191,-0.343138888302052
-0.205591859514832,-0.240979993540236,0.161078145886308,1.42149477966998,-0.961746438552352,-0.74910349530916,-0.195812961598324,-0.935462277263989,1.17585112054214,-0.510716572472121
0.375908254503607,1.24525036493937,1.13834261157386,1.1974121112353,1.08952993236448,-3.84636104778223,-1.20261802833631,0.250334367718473,1.32039211508156,-0.796041101222484
0.554903204048509,-2.15558383954598,-0.614504936462343,-0.567505227409295,-0.869501825384177,1.75484741930637,-0.335697682216405,0.857321433773831,0.853945409881205,-0.55541860886202
0.888418351147952,-1.50753760656291,1.04898970278269,-0.193209072804036,0.455433332855659,-1.77529058203447,-0.407052808537466,0.643441798427935,-0.124101826430957,-2.17082575452033
-1.48420019616401,-1.38229440144064,0.124717401634613,-0.939638430679381,-0.209751021312985,1.10713230567234,0.64335312161532,-0.653578141014137,0.145347860198751,-2.14738967797945
0.554583500274494,1.40192841748782,0.394872470899971,-0.624742368492616,0.453164349534663,-1.1651870970658,-1.23242255842082,0.809039112801258,-0.00565928573758512,0.096112186589306
-0.911358044171389,0.388769665263672,-0.695345474433714,-1.1644550331394,-0.513484238683881,1.96591640816673,0.172534370147999,-1.08892155228149,0.19646208393303,2.0384166747083
-0.883280724168686,1.705121227096,-0.864943019643084,-0.0446339212259825,0.308502463270982,1.14537534334021,-0.740943869531353,-1.78518890731072,-1.10295693173544,2.79297021679633
0.136186873634298,-1.69915969238134,0.192185014331375,0.21697353445693,1.42258174557344,-0.488690622216474,-0.399155101521654,2.0975426335929,0.257129927352516,-0.311590439795434
0.0256522969496433,2.62971930744299,-0.518560656024941,-1.66714694172856,0.357406400382814,0.210213123349005,0.263175105228,0.462873475443382,0.883303364417806,2.45570311721968
0.0825053314160734,-2.07878941580989,1.13338799793069,-0.982031349841224,0.171150458345363,-1.97232220206253,-0.207317815108733,-0.970503099466851,-1.50215844635897,-3.39962421531971
0.800204893512106,0.374206927248979,1.69840878165822,1.05816099152808,-0.640342022501072,-2.3034207784722,-0.87238679295678,-0.389114361502895,1.11476931358429,-2.49123866578365
0.189207450856398,-0.0286817804592489,0.495877271940104,0.150059968563685,-0.351992096535196,-0.682481428343718,-0.308127248189385,0.861827285080892,1.80161898930379,-2.88900174948319
1.15748761594266,0.694023556398012,-1.24267870124397,-1.8703974250136,0.0987994023947144,2.61946612181976,1.71925220245627,-0.789015882864646,-0.18782464187474,-1.76488950322887
0.192825216494275,1.00399928503828,0.809962634705653,0.173427831317505,0.371626341393285,0.386598427337774,0.266185560061914,0.257765168494303,0.665928629010344,-1.24238275672847
1.29354019255374,-1.41425566824051,0.900600895727799,-0.406144474115909,0.241445133733404,0.126380284084773,0.734004107899682,-1.3138118883594,-1.32997480368291,-1.11120441915446
-0.241572777248217,-0.0729018900415073,-0.190367512286336,0.634098516393464,1.07155742719961,1.24450148695169,-0.529183948627535,1.32313859534961,0.391326913356502,1.09214927435916
1.27779394510999,-0.564026936288894,0.335360076391496,0.185757974426892,0.153599929116096,-1.96490737383932,0.392950924036331,-0.698741027188498,-1.84470936531764,0.292033406225409
0.907396747389125,1.03481264486541,0.161827065176395,-2.17316992375869,0.265021564071443,2.95071266084501,0.638756924476066,-1.56862080583694,-2.11441774901437,0.837639392025865
-0.718096338513523,0.00725452898694551,1.24088272918857,-0.969139335693947,0.288300200256654,1.30549283957869,-0.180667078673488,2.30735012861764,-0.167843599393904,-0.0450286406930042
-0.882453694386909,-2.41688290974997,-0.803473307857125,-0.0367356831273312,0.387510652631299,0.362335102467319,0.725971855744559,-0.223176430819061,0.072773383474786,0.494116689784934
-0.022825793433044,1.16109696768526,-0.0883839311091033,0.30577953915894,-0.542236760281806,-1.74360531653609,-0.0108572164901692,0.112665645516275,-0.290757757307747,0.163324946309343
-1.02348056225226,0.280245740639505,-1.94403836481334,1.58479296185944,0.368777179068743,-0.908831029760728,-0.230906008767195,-1.13883092359663,-0.634439200802104,1.74959399195102
0.108800411823349,-1.33440499909281,1.29619680935808,-1.36870015870426,0.928045731273826,-0.164341142478314,-1.80128778754614,0.187804593262821,1.56704717402172,-1.88875345663551
2.65253033004222,2.02942298860389,1.43928220774366,-0.461805519268577,-0.167483493118316,-0.431192715120652,-2.83603344794386,0.178706864156903,-1.0064918434633,-1.52058341485002
0.50180224686759,1.00378137496213,0.540976656926763,-0.488726289961419,0.0191474364806422,1.07481180726183,-1.14815023009966,1.0730696380832,-1.33652516388935,0.318725275683657
-0.205923429804808,-1.11740579914795,-0.499790024710373,0.536012265615222,0.723954621825461,0.237408012225448,-1.26005089444668,1.38967527309671,-0.721018192268685,0.650872443606988
0.294041051170646,-0.909609635423327,2.3364949728725,-0.85527674652306,0.312489389791351,-1.1144484838881,0.115912283584607,0.321689587551974,2.56059902630222,-1.18180880327282
-1.43629352581399,0.906629455675639,-0.787872996783759,0.896525634239811,-0.289674677296577,-1.14905430443695,1.38721121392212,-0.805367059767049,0.10503548143788,0.99244317803227
0.937882278218527,-2.0551164889197,-0.390769861261419,1.59634747696956,-1.928699008312,-0.89655421847536,0.191885365766908,0.868413463907352,0.85121755450129,-3.06418397634638
1.63458552880439,1.61361281827502,0.67513094728588,-1.39933260967148,-0.0637161704931743,1.32856523685963,0.834827295959214,-0.0526067570981791,-1.01776700167223,-0.477183865518032
1.14798420222328,0.79341614961717,2.20764477371999,1.78324693899634,-0.568098700599269,-2.84751816430631,0.931760368510418,-0.66184646882902,2.20181416645507,0.290022996026595
0.630334112996464,-2.38575854969098,0.360703792913589,1.48315904625754,0.538840603385771,-3.78508588647146,-0.708003287531576,-0.41493842836702,-0.666039345712792,-2.58608996173831
-0.0338228663277324,-1.28211820520372,-1.79168756016428,0.069737323251879,1.75747860846411,1.11030719661181,1.96080587241988,0.0847508078546944,-0.260795724121855,1.2833824503643
0.256159507095315,-0.45175853485373,0.279848969477854,-0.497830922886702,-0.188124333366696,0.870792423151567,0.946655121520778,2.09104437060398,1.96384279520144,0.30808758347044
-0.00420768256524581,-0.792832254466985,1.53657542155067,-0.6868026104286,1.02352610982699,-0.278677330115142,-1.70291631173656,-0.116654071209847,-1.41125679498327,-1.05604513417883
0.106899029156822,-0.241819977299356,-0.274123851878371,0.0982865096812172,-0.615566009521262,1.25343381414292,-0.634998093976571,-0.202684588649134,0.991855659210648,0.322327467915505
0.446497231797216,0.328195948868524,0.396647752745684,-2.26094313763998,0.370144750111656,4.30579909301011,-0.929677363768566,0.327496956532717,0.844365244480475,1.90796550353941
0.615984429272584,1.65201979175613,-0.901729977696618,-1.20947459296951,-1.77146105329216,0.835043457175155,-1.36520105446866,-1.09632833798729,-1.27256414934949,0.633623888187732
-0.242405587335856,-0.468578161641219,-1.80973260257567,0.721167737394614,-1.06727837384684,0.748940835168434,0.536273619155004,0.120105099983313,-0.0255506662727104,1.54589237767039
1.14914974776273,-1.3735875542609,2.06856551135609,-1.25262471806995,-2.11388182767107,-0.00204531251428888,-1.23155778137971,0.634288187521485,0.0268467589253398,-3.95496382502298
0.328682451731961,0.753316382574371,-0.157029585991831,2.09482523920145,0.363861363915989,-3.3139137805478,-3.25446111765212,-0.778063378283934,-0.45157726605467,-0.590162306252074
-0.0655519866132916,-1.00920750007222,0.163921683211755,-0.0720248143963782,-0.430170052273531,-2.01095815774976,0.198145894141052,-0.264531003481159,0.0106739393069236,-0.623620377431033
0.779029904769825,0.332165578016605,-0.517852713354512,1.16775653524015,0.233053020579723,-0.978263109702623,0.731232211816778,-1.03694634607085,-0.90143611427792,-0.848217504628501
0.0521712310582091,-0.777286238477974,0.182031626908412,1.50637267205057,1.32000986493137,-1.30841962248035,-0.891338339953982,1.7408366866343,-0.389305762816639,0.00895672865576048
-0.509121477341198,-0.871882308803156,-0.989659098116376,0.388263474658223,-1.53165481550096,-1.08276725855252,-0.496030472879409,-0.660513371808451,-0.0558674035286685,1.98614732507357
-1.69311478193561,-0.57376789181047,-2.15456805415462,0.709749738106885,-1.40820897156907,0.1034949350163,-1.0099293299299,-0.104585856460977,0.544524431192731,0.709481520546148
0.883492269093644,-0.858554129464865,1.0611986321262,0.877039246284278,0.835904681638523,-1.63704540902865,-0.0174127091801369,-0.0762759090329311,-0.996107895849075,0.464286947996854
0.51623776413344,-0.0231872464816554,1.84764977697793,1.17686895943422,0.254107272027091,-3.22435280258727,0.756187909430024,1.12296861936081,0.584240699797641,-1.99514490076821
-0.584395778737292,1.07630221367124,-1.32820421128609,0.00342242803834683,-0.00336932915226274,1.37522643592316,0.843569905592147,0.521489237588277,1.46407528305618,1.24753324830197
2.59111196449371,1.84789783203978,0.464114192213173,0.484194408070342,-0.2400130293134,1.3724868932273,-2.34179404266887,-1.89849478537095,-1.32269494058497,-0.428973000746715
-1.77900243828897,0.0414454690215009,-0.382370727438887,0.144254896466677,-1.64244630150905,0.154655891654217,-1.20657549155797,0.604531765444886,-1.55897952257302,1.28527729831337
2.34431497332591,1.69169381306191,1.69481166041015,0.705663500581281,-0.466069495036233,-0.507602339397423,-1.28066635344546,0.672860452394427,0.760638367664876,-2.02425039558452
-0.422579233502507,0.483709543884776,0.733686033564653,0.0802650849355838,-1.43240975618592,1.8003966458958,0.718734792736832,0.755088777947788,-0.0264207077658192,1.21526972177935
-1.25723287365141,0.302788221355332,-2.17186376444089,0.460240201790409,1.00976726798138,0.971300911673949,2.30754421672201,-2.00159612577425,-0.00403895042714864,3.23913178954689
-0.869510800883859,0.614300155333653,0.475861060572338,-0.947428244833646,-0.454025585003424,1.75156013318372,0.484050040383783,-0.145975683934688,-0.723064886562632,-0.350516863104747
1.79853434538327,-0.603693822858726,1.57132226564036,-0.783368065622004,-0.477251062070481,0.388231674695871,0.892155590158613,-2.85181415352386,-2.07069078376558,-0.508035739093731
1.09411449165254,0.742183560942986,2.23406650824576,-0.539202880451223,-0.243961462751014,0.0355712510411752,-2.31186466063812,0.375146546219944,0.869717338401695,-2.90424434848244
0.101787604841208,-0.57608836084452,-1.13761591808,0.330369083123888,1.12291182929721,0.370188790097002,-1.1432459812542,-1.45074247577317,-0.313648723805668,0.550143343432849
1.09424829606586,1.01948872046302,1.23476088766714,-1.21859833524457,0.465966728764225,-1.97187833350865,0.331157286072823,0.13298557891427,-0.324854497250296,0.389511539114956
-0.107166925069306,0.837607846446854,-0.422706998370487,-0.217168311471454,2.14058356546356,-0.866474098714317,0.332680787741918,1.08117331913195,1.65999981381737,1.24505363940655
0.820986579425032,-0.792848638670834,0.0627571934334059,0.968226121216891,1.23574244240152,-1.19287316250563,-1.44065341155304,-0.589146344428403,-2.00335222178224,-0.164117061990621
-0.566298041375588,-0.630240451012983,-0.581398076491348,-0.630719648852895,-0.556600000962963,1.06566950954271,1.2513864106205,0.671292407147696,-1.13707966466546,-1.56719186093231
1.40036259455157,0.241845206413179,0.9936795887501,1.87974123961477,0.957247744476633,-2.29078638749424,0.347522794313052,0.646212726990335,1.53851481498397,-1.60289720325081
0.768591139825873,0.481405127953174,-0.833571837917256,-1.30383662129336,0.667077328730373,1.21687565025842,1.05801069082747,0.0528297688500479,1.45452956648924,-1.24180760482699
-0.802624688935185,-0.168131657080895,-0.884944859806752,-0.847794280579297,-0.504357992744652,2.02815830726837,-0.898074582691402,-0.339460805567576,-0.84977999888623,-2.01265753291167
0.308869288136173,0.650721027677473,0.753877711612453,0.167086734417878,1.85187175754324,0.365116623432908,1.16787807393268,0.177426340465972,-1.88730040233022,0.506316853764233
-0.58504948334709,0.514683898679299,0.304062948062311,0.777439209703041,0.108992561626829,-0.80101459738157,0.0892997540110803,-1.35783825003315,-0.0616132033661452,1.31680014400969
0.333673784223839,2.88149652674886,0.91964646126448,0.455144530746559,0.800905582930863,-0.0627556054732092,0.791671196489726,-0.16021322106195,0.692212242340707,0.922577009516958
0.633396061307754,1.09205985718751,2.46390815862687,0.069955165839956,0.174615991821751,-2.49463404053885,-1.86322570879486,-0.308175498277648,-0.346233044877061,-2.0076364717046
0.236437938228138,0.853394811649599,-0.278076086126499,-1.08364905981639,-1.35986622143225,2.90794072034241,-1.54532631367435,-0.382416726235355,0.186761525814158,2.46514402539392
-1.01198708068358,-0.712042448351424,0.769395687636309,-0.471709408622454,0.453172092151831,-1.34010975103114,-0.394184746723589,-0.50586897447187,-2.12783234085098,-1.39022200055608
-0.889569739806561,-0.494021227113414,-0.690138245592199,-0.561138448871137,-0.528121666771727,0.77706345235082,-1.42351953009349,0.00611954791248873,-0.486362858979875,1.23012119592275
0.767755349807514,-0.812160205271222,0.485326052080751,0.100762889468338,0.0593045432766347,-0.661335322477013,0.620938964808891,2.27781971250313,0.618937230431432,-1.47802867606813
-0.243297272601296,-1.15031076692532,-0.164122058824558,-1.27397483782341,-0.522120499261219,0.629657652780778,2.04360455784118,-1.80237487019455,-0.331430617716826,-2.37752487651231
0.232454582737816,0.818790700110411,-1.28555046854339,0.330894441567835,-0.152089346589962,0.72381102152396,0.304416497942856,-0.686473637783502,-0.85421985103073,-0.308225830336568
-0.622278387018085,2.02196827636888,-0.843867358321415,0.190772314299351,1.80068000023573,0.45808900095275,-0.601461469873164,-0.684290783506362,0.0947232857517362,1.3039783209326
1.08727576327018,0.504120028415295,1.35417307850721,-0.0619773331716085,-1.3644966486016,1.45737689769561,-0.16578325555539,-0.708053643381707,-0.836166409826905,-0.46587101566711
0.245595955953175,1.32602834675179,-0.504233592115876,-0.413974105355564,-0.0066397022059466,-0.160808205712551,-0.76175526884165,0.00618632843571737,-0.652794936288394,-0.273506102707143
-1.28522506355186,0.914660061712327,-0.969204583495203,1.22329114288686,0.524514259963165,-0.331794353976937,-1.33871283411608,0.41585796631789,-1.92796227780712,0.458377939392882
-0.008898652804742,1.81838810057394,0.807328506064794,0.366792003110228,-1.17187463960633,-0.284080395676815,-0.494320442021785,-0.280416152975072,0.249466764478962,-0.101185600974258
-0.299974920631137,0.393920905541186,2.20273386939844,-1.34130322360412,0.384282444084813,0.413293000344754,-0.681256052180317,-1.22744260461187,-0.358886960433092,0.150142950651843
0.146037490456512,-1.79851215441466,-0.591237961096893,-0.354032684571868,-1.04476393654935,0.192093701727225,-0.55424977094421,-1.09610540388395,-1.18113782952832,0.12029205218341
0.594239413982767,-1.88443850460334,-0.410816656795119,-0.671502157255804,-0.362775233569431,1.73158859220448,0.0471736677749888,-0.364015425658389,-0.696411884540536,-0.634983244560996
-1.49329452920623,1.0326958756796,-1.57754673309372,1.28320034080827,0.997612738375377,-1.04153898582063,1.26212085745666,0.797691723370684,2.01667939345426,1.6577551846669
1.57230595936242,-0.184093999104534,1.58985043168924,1.38547808855123,0.75071282653577,-0.279785321761435,1.69256051034949,0.340412417003365,-0.669388069025245,-1.35503796476767
-0.0429152356391984,-1.91901468769082,-0.467298295067841,-0.108440442208618,0.0996599724122214,-0.411384178036661,0.218821609759002,-0.110283468656959,0.947110944273867,-0.263286449039219
-0.542707073126331,0.0853231174301362,-0.853017445397006,0.30743142857978,-0.0535193704487785,-1.00196573316262,2.19329992957334,0.0356943749565977,2.50052829370487,0.1758609621656
0.691257091784098,-1.43117820143014,0.590841869327485,-0.198657967366595,-1.51975767295982,1.15260908711322,-0.408322013727756,-0.348445353326073,-1.25232397738815,-1.40653117208814
-0.829530879539502,-0.468056846288684,0.300863404373401,-0.982322354819407,0.17417303743712,0.88195768777558,0.708654374854727,0.0613175040695965,0.869075543174398,-0.662929526076863
0.341653043066299,-0.259633404956973,-0.971954120717191,-0.405445990729543,-0.566696608543907,1.87840796720067,1.67340909194221,1.27154649594841,2.51922433292195,0.331303736013522
0.951752187587357,1.19410525196046,-0.595494416307571,-0.839978584405826,0.82007556184082,0.46680334593875,-1.24977133478693,0.583633854728091,0.576594124524032,0.903481196190751
-0.324197971454567,1.42580491285892,-1.79649433001143,0.967091454039586,-1.04367622873879,-0.783909146582002,0.109616453796063,0.324428233701458,0.562125332927987,1.53706462413843
1.02036491606152,0.997623959549421,0.666249666797951,-0.805773121751395,-0.203441016154284,0.776234819646374,1.05511495620931,-0.136956432251101,0.49076220717635,0.0531543252491102
0.0974157775097857,1.21020681098352,1.38341440457385,0.138398601447012,0.334726542525901,-3.08687367477983,-2.15535576179779,1.00187564094712,-0.795194199247239,-1.01472095493417
-0.065997003336455,1.98303577341304,0.62413314741751,-0.89236945254239,1.20813782243697,-1.46387662078651,0.314833891773304,0.289026898127062,1.27569850185283,1.44445801695861
0.166462280782859,1.03619642385978,-0.57183428526151,-0.985331144124518,-1.25553137908333,4.38448994847941,0.334726726484604,-1.2050787576438,1.38622292585855,0.865745888819194
0.499997140362938,0.74490731556037,1.31621525825925,0.46386700067774,0.620153044949497,-1.26048469777355,1.44262292188841,-0.201946260969083,1.35194090255429,0.979024449356184
-1.40987159708507,-0.227543637033981,-1.17590224016459,-0.363874699657923,0.0250089064524184,1.04860541559661,0.893522756771085,1.68084791567034,3.36187731641587,2.79342907868481
0.820725743935242,-0.400896689329534,-0.594281484931393,-0.266065613227771,-0.577818150802703,1.87391227722905,0.926987794377524,-0.255274192137464,-0.647497061616777,-1.72605803893959
-0.44664694240437,-0.37986048695172,-1.95084018122806,-0.164368761791817,-1.76717272213479,1.52784047218827,0.0442250287654395,0.741296040740348,0.530828650935134,1.63387264039317
1.35770308896962,-2.90572068627728,1.50775358696691,0.964751007313255,-0.486323773926919,-2.40076459252292,-1.48676714306586,-0.0571882173594344,-0.104263476730466,-2.2717631883778
0.224556331235248,0.134044942039653,-0.915560120606479,-0.337338004032726,-0.33470263191317,0.122423341727762,-0.414110723963486,1.08982650328145,0.571486734405312,-0.160440394894059
0.0900297679171659,0.609302000948462,0.82377440685145,-0.787275190007808,0.301602810338139,-0.339349233702412,-1.47533699486601,-0.645834253187662,0.455707355256249,-1.20582434347334
1.07662685027204,0.580736987916006,1.67549729248672,-1.01278756529369,-0.255435326114744,-1.60974639142737,1.94665673298618,-0.186352999413701,0.0416241658138414,-0.601008982473244
-0.204575580155289,1.44086887765859,-1.04567616904011,0.548066970581527,-1.1112981193291,1.09306457451589,0.0273227898631167,0.19249929899888,-0.497864183398108,1.96098741389411
0.358114479012682,-0.820830307335978,1.0146702314273,-1.87939973914533,-0.386951424148379,1.94460127760076,-0.333044928462041,-0.832698524224389,0.28710845182451,-1.91268202648596
-0.307514650947143,2.29895073747102,-0.694844988645298,0.333048845981306,0.404204600463993,0.512336803717404,-0.403584514652536,-0.546852946923022,1.24580912410207,3.40572152396648
0.702088334529394,-0.727724009001406,0.183784921015951,-1.04415722535589,0.478311383841875,2.73911489701724,-0.378374198039599,-1.41139692542286,-1.06137668476909,-2.98001711387209
1.77282975103915,-1.47946982902769,0.454909507626841,-0.840075717534268,-1.42667332781365,0.56757976164359,-0.88799955299537,0.945600777070767,1.2087892615851,-1.88773474995233
0.239185971886482,-1.06249518226403,0.751579150542733,0.983365657177475,1.06344478626417,-0.827480020265471,0.455756753896045,0.433067920226817,-1.4065455733336,-0.409480488570535
1.20743353716183,0.450447077205521,2.11573109099585,0.555738365991857,0.147251437184751,-4.18942174192886,0.812163669383641,-0.851154895487154,-0.931481115105451,-2.49436971496438
-2.40029738282852,0.740393112474935,-1.91429818978316,-0.17590211782279,0.307356612035127,3.29191925467093,0.40541563244126,-0.386043787129687,-0.734492280561681,2.75503121869444
-0.210303399235995,1.16801257898279,0.403096541552348,-0.687527428401336,1.48178218141584,0.409259257348277,-0.309460447765506,0.802679278639373,0.765535730582711,1.33370066030778
-1.3899197720263,-0.687232437674679,-2.19614182877151,-0.527674849382157,-0.218956283789608,2.16602126597931,1.81587046222218,-0.463160150563933,0.144118605735038,-1.43370018796492
-0.00518731096993885,-1.01477203659021,0.0744224959269178,-0.630388364291295,-0.795404684363676,0.0338499832858129,0.476282520615936,0.355683166474237,-0.858125274413399,1.1497477678347
-1.74433753394132,0.857096768887211,-1.75931143079707,1.16465695363659,0.880642448049971,0.425174305701668,0.410967190944709,0.347573424674349,1.30512616327014,2.67481718432583
-0.132047170488886,0.250964791128515,0.403125392992043,0.042078724396956,-0.794600929237537,-0.0760908235618658,0.959509904615168,-0.0214907914856215,0.943312036580293,1.31757540244815
1.84253154663624,0.71034446534774,-0.72855359717189,0.445026747652176,-0.625436917600072,0.33027101146395,-0.684054951897651,-0.127998308961741,-0.739231558544068,-1.02217933781501
-0.312032951604948,-1.71649213617506,0.452253846609558,-0.380709889617068,0.450634383629282,-1.97817140268008,0.31459130363744,1.85560279650641,1.49539962015564,-1.74036356155036
0.663770873753581,0.162060373061831,0.886379060166927,0.064999192999261,0.989790059804013,-0.833253474485782,-1.86557786008807,-0.549483934592435,-0.575991602244769,-0.865488258848585
0.662966794439934,0.24551099174567,0.0106611964104694,-1.76463199495055,-0.975316571561362,2.05252568979222,-0.246078743371238,-1.46071546756554,-1.95869197217412,-0.830453612789723
0.316779843221811,0.827695235483833,0.377969579140463,-0.407503888697611,-0.605916668155048,-0.316772193364153,-0.816252044654875,-0.339219707466382,-0.211015664698154,0.276708474282926
-1.70409487248302,1.5118099893608,-0.0104462516869933,-0.252594225364764,0.814137600024673,-0.39724979356852,-2.7338002773314,-0.205257210461647,0.928236909751025,2.67642863693808
-0.136685621742298,-1.63358376142787,-2.39826666694333,2.08203097070328,0.295861903956878,-0.101657519950442,-0.930631593067906,-0.00432735735611181,-0.500288680250626,0.346098926255149
0.315980665876221,-1.49950747364302,-0.27670525259689,0.780617553078524,-0.852776757576911,-2.61692508948016,-0.507776835859812,-1.3759248840189,-0.699159408298067,-0.388673021675338
0.374991965389895,-0.442220312880425,0.246093280492764,-2.06396680268349,0.304689490662156,2.16731508614726,0.07136461951659,-1.05715413736684,-1.1018069521751,-2.38013878154147
0.10229622609875,0.729327343127179,0.421071308157974,1.25015669096365,-1.63148569688729,0.0587212075204431,0.566872650655947,0.489665034521486,-0.443185673697067,0.199898529477243
-0.354295742079355,0.0746727946637598,0.150643351404637,1.35079539372541,1.02086984901295,0.515851908203224,1.06991296610725,0.689059346440767,1.52841341434489,2.86296650075694
0.0576533926990264,-0.547637640729266,-0.583839970159876,-2.0125537302873,0.843282133972669,0.665009601909274,1.38232435082497,-1.12926085199819,-1.28743349193254,-0.0819520816904694
0.054170884524825,1.29821593594843,0.101855898930128,-1.00581757757494,0.262519595258636,0.537510583988014,0.0935800855522655,-0.454139291039539,0.527975837337889,0.0946735260891546
1.0155044609265,0.433981809750776,0.138442641065289,0.666100198190414,0.211849109060512,-1.13539462452696,0.654304027023564,0.943015415803521,1.47983599833184,0.743789468238967
0.472841428805678,-0.766312746313678,-0.00284980212076902,0.417006713121483,-0.591262182164905,-2.20376055676097,-0.701412525898027,-0.000705251244675464,-1.2079998944731,-0.0769936494881961
-0.560957727717695,1.01933190780171,0.00793673504051129,0.419597593107995,0.284052750030142,-2.31361174651676,-0.974591031093138,-0.59347508019064,0.184754356126159,-0.715429654383852
-0.557142911896266,1.24395511604609,-2.35275429096189,0.292828331153848,-0.0473085023012172,1.8166187535824,0.416781303666581,1.80662718783443,0.11450380235085,2.48319938252446
0.349649344203438,0.159168273225949,0.444195905044981,1.25388660034777,0.571474349827659,1.41469049367479,-0.316941617528147,-0.0143555719092165,-0.388090373725165,-0.461601078435855
0.044182572341683,0.154194012299771,0.918631715240964,0.105678186000287,-0.403687338071452,-0.270323985410864,-0.325800225227835,0.694887484253773,0.0942070035135862,0.295804627920978
-0.996870679161535,1.40878305874824,-1.09843061103148,-0.0390366542811059,0.79004251224701,0.156225827242212,0.78806238483125,0.775424587981879,0.7465452116382,2.22894480561674
0.332784029402951,0.826125449073722,-0.824594225748179,-1.30220971451792,-1.54404787543696,1.54078336632605,-0.612329061889393,1.52997384618124,0.619595428907248,0.441764784643779
-0.585966015295469,0.164582258496338,-0.357022451180838,0.49752221050722,-0.056467533591719,0.659072859673637,0.607114712628352,0.460603140673656,1.05285558080162,1.23833597748708
1.25608503043849,-0.345359383254994,-0.0942809333840436,0.727598110355112,-0.496628758747241,-1.51574907356439,0.303650138572603,0.343339066062558,0.065034839941181,-1.52129990346742
-0.0488832132210185,0.492153279604713,-0.748161655237246,-0.489801063782589,-1.2064110072845,0.713034388343443,-1.79212749847468,-0.826135157013792,0.551711468505034,1.67408874932455
-0.0152939153049053,-0.484327628548575,-1.11687156504423,0.0108673166494123,-0.389191397403843,1.0268445940912,-0.293681963465432,0.615937624493595,-0.855687362113952,0.668319369061508
-0.219906120951216,-0.202040661760708,-1.88319052021798,-0.94371853306638,-0.152322024460907,2.34425060262098,-0.106296000208194,1.53110142783527,1.65819963601585,1.02849132467697
0.0415607696293958,1.43939004684955,0.473035469585653,0.028415989201006,-0.334679836212287,0.535240428986216,2.19429850663082,-0.691706476149855,1.14273031008879,-0.770851830526851
-0.0560291558981292,0.630578504276766,1.17914901939997,-0.31714017514653,0.284186607642643,0.263891857412795,0.405743041855049,0.778888354681098,0.166234119142642,-2.39914548932163
0.004801999885719,1.92943843151107,-1.34007073646828,-1.47899440225617,-0.30646935776342,2.39116932461314,-0.245899693644638,0.473105813375,-0.840613122858723,1.59543427592723
1.13045781999007,1.13067102263978,-1.00361854612767,-0.086478362532971,-1.52939224318652,-0.33543854056554,0.849269177203127,-0.737789027431687,-0.447764173774695,1.41331579094041
0.298710549206547,0.739921072747537,0.140395946607262,0.014210592194689,-0.0433635314149134,-0.929693380182578,1.40521283800933,0.134096065350223,0.794763126928256,1.30492409410404
0.152257744645843,-1.26332715704994,1.04032864027271,1.30059759083034,-0.144053473979804,-2.47915333362056,1.97366092457835,-0.00457786548125388,-0.593686121570867,-3.28583354396929
0.205667718374774,0.216327893155671,-0.428556249516769,-0.0260798843354017,-0.0938446097333148,0.826906500312068,-0.601033574619857,-0.480444671671699,0.941515664085917,-2.01992374181735
1.33937897821012,-2.01075093976286,1.77831197194892,0.750883430163932,0.119541185513588,-2.66549160408584,-0.992916356364653,-0.103367145591312,0.470510499200064,-1.79114555322906
-0.514271800696365,-1.8134021273102,0.429971722826517,-0.940289749939922,-0.383048051475916,-0.659449469677518,-1.23978794793522,-0.222941337885581,-1.16308969044993,-0.492707822181969
1.60909380284404,-0.361605182719316,0.507372314234617,-1.37831750635477,0.322582970097019,-0.00449389586446183,0.273402606118868,0.0128907328578194,1.05132369361133,0.167348512401566
0.940174690639142,0.490112507554142,-0.629687334076698,-1.97084673531289,0.57754673537633,2.00933474502724,-1.84615277584917,-0.0024014610876284,1.1157909776937,0.532943277778271
0.842400246516391,0.816571466907478,-0.449627460945002,0.399688743420117,-0.271556992319019,0.164698929327267,1.67689822765412,-0.391542761156753,0.937030268101432,0.0926301089187541
1.69656793813962,0.665998329097107,1.80043889141643,-1.52618095318252,0.771781229017084,0.14568643995294,0.09662497593673,0.949114032857612,1.29235021039029,-1.12783094661382
0.898666458839486,0.639717634281914,-0.973058925403052,-0.0753345973819078,-0.118001002960595,0.366669530723161,0.638532172442192,2.03499145055777,1.08700025207309,1.77639064640446
0.122362519916211,1.87474039295166,-1.24366129358204,0.839932993400527,-0.595584107706927,0.482295567464254,-1.56125949109068,-0.670669047945692,-0.167433171067297,0.133030202623897
0.462823786311126,0.233215814295836,0.336383958625688,1.06053111114546,0.402085339699982,-2.35915130315857,0.911504892825676,-0.907570953541252,-1.07330017411805,-0.0243151794648971
-0.836753428656238,0.147871572257711,-1.49068849133547,1.61720721302085,0.591181061514547,-0.916464064779931,-1.549550502495,1.21123369472611,0.930744175976282,1.92773005956437
-1.05020631095587,0.587795545891512,-1.18456605958144,0.389835488984657,0.359297460169873,1.77673277200045,-0.683589659175159,-1.3837388873868,-1.39256162178415,1.64839375204658
-0.582210630337949,-0.51405763282344,-0.969231590729842,-0.712337901388008,-0.909853668598292,0.642294613243669,-1.97333424761445,0.943110889796925,1.03754066152986,0.468860676246583
-0.585640511987955,1.04228413784813,0.0961807515923592,-0.298484874949519,-0.708307365516964,-0.747828106367446,0.0846372171818084,-0.60669496142631,0.599759539207405,1.98285630064084
-0.0553024757697341,-0.73764437700235,-1.1217424702805,0.335212351856954,-0.71856233727645,1.39136790438117,-0.717474005981374,2.44649282103792,2.15428371039801,-0.447805472955476
0.382041137581121,1.23788308709192,0.292312902466556,0.584608439923596,0.678056240852471,-1.1623225533228,2.48788900294495,-1.23288969515183,0.160937353767657,0.29184731030855
-0.982888709618214,0.45177310769261,-0.947835531303737,0.69257186567211,-0.232749248509645,0.00559924256477094,0.856511598769114,-0.567346361474886,-0.922903111430033,2.32014291061261
0.306234739272826,-0.33700346919104,0.107136100275601,0.396031674946218,-0.71359664096543,-0.299953597601688,0.551668002774054,-0.822369818251345,-0.569580507877801,0.13019322920876
0.191269591608714,2.09142845860647,-0.0209959378850973,-0.258755776977055,0.452639257360014,-1.47778723079396,0.595029925930126,0.97787621879209,1.21164088174234,0.562115369136752
-0.0044315258219907,-1.3496074036825,-0.109028465314143,-0.141568242517522,0.5320801517949,-1.26538793144856,2.85480408847659,0.0913350063545771,0.493493694204628,-0.493331467229378
-0.640092727734787,-0.386816388633157,-1.10272245075278,-0.229401631708497,2.01151594917192,1.13464728352875,0.183422130862108,1.37848839463839,0.389952709130216,-0.129232957712589
-0.503804520334295,0.718988613493637,-0.813124756703534,1.27516173715659,0.761656146183863,-0.163958883251398,0.126141394037336,-0.625577997994456,-0.989270895913239,0.104420232215144
0.861094479514706,-0.100281323791861,1.06610156049559,-0.719063824100882,0.0772217861322438,0.0684252451311292,-0.993472662214564,-0.643449328975704,-0.621012205367215,-2.12701406279665
-0.73975935686371,-0.357340186356695,0.510455392296738,-1.67920684687806,-0.0468357471732751,0.785919591003163,0.391875754096865,0.946455121680836,0.00896129364967763,-0.196492280615624
-0.247472957795423,0.926492812948945,1.28246079166396,1.06858547619805,0.819861916299605,-2.33505993446034,-1.05044743513732,1.33919332211095,2.59066694927577,-0.623382408434625
-0.591408061307677,-1.81215321768932,0.459630844183422,-0.0995705800817873,-0.300943171791098,1.16755878101665,-0.393055247315395,1.41408600473484,1.64875100534683,-3.67774301619765
-0.939894458980947,0.678170726972838,0.548035758520694,-0.0497607830345081,0.69443420653925,-0.902444631821869,0.0548103378183126,0.482561435152374,2.91132143523809,1.63966996910177
0.541075562549289,-2.49138372927701,2.173588640592,-0.497843391806085,-1.61032694308707,-0.92231520761863,0.646349035373663,2.14154885839728,0.248080025067035,-0.461445095271473
-0.781616714049673,-1.7979935887079,-0.487473119307783,1.30218681057157,0.129751019548833,-0.791430767835583,0.907383223578224,0.771713111329508,-0.0105556655622163,-1.8792861352162
-0.52893460357853,0.199565343124854,-0.279068367099763,0.324539998472766,-0.0780160892877746,1.32375693367034,1.73563610914551,0.927502699060846,1.81696996462102,1.5627868265628
-0.0271230844771453,-0.0120323724294549,0.124916552321869,1.02434498398947,0.273227571457723,0.640736114386243,1.9016171482775,-1.18179904506605,-0.841734621290341,0.668093693023851
1.19684794740935,-0.304731313300338,0.80945978243572,-0.310779433288723,-2.22228124564123,0.673239143408676,2.03159340109229,-1.09843809218084,-2.57907498823267,0.637077499880836
-0.124834620105302,-0.873279050489331,-0.647140950136315,0.534078630760274,1.45735835547151,-0.639471897246167,0.0728792500006318,0.668438171947228,1.28214137749851,0.700793320170521
1.40207557738025,0.384377489951993,1.59591151005089,-1.68608687853755,-1.53533447561314,-0.606049319716231,-1.20076726257324,-2.05261997541302,-1.79851778115938,-2.24643505967814
-0.304784095373431,-1.4991343609347,-0.712900511551112,-0.383793450278577,0.10370447586574,-0.33052133846811,-1.75606672451685,2.00736320148224,0.846897693609433,0.758344658281957
-0.690606338565004,0.800973353070982,0.111351731864431,1.42810220475851,0.177616841042099,-0.567221583483855,-1.04699684711945,-0.526921314016801,-0.371468290111787,1.83969355692731
-1.2521172881479,-1.15364032124342,-2.3354407284856,-1.26056659712767,-0.392386854481306,3.17510582248427,-0.94798996042901,-0.502096850348924,0.648592378947788,1.03482031563007
0.345189794522883,2.4755810016669,1.10185434836921,-0.112867553089497,0.88571969670028,-1.03818124255419,0.346141066867853,-0.918668315126572,-2.39537250895349,1.01076278702942
1.49792496788827,0.794990076196325,0.748157798340213,-0.0135137383050903,0.996111158916625,1.50574104561102,-0.845695939354642,2.02645847133678,2.06171127347534,-1.30530615712336
0.357154086177333,-0.407656685796111,-0.952990897200933,-0.167157795905194,2.51122608172594,3.67141088982354,0.385829371718323,-0.813985623987117,-0.870387730029932,-2.39003325205702
0.492892055252947,-0.114977740567869,1.10667281419819,0.154107589750211,0.170451844204809,-0.680085778039072,-1.76486520685272,0.568595208903464,-0.312763135541306,-1.2171087787083
1.53862247578805,0.143262791360794,-0.615317912140099,0.860775254402794,-0.354883443723642,0.382197151863967,-2.24431774621779,-0.766495701847929,-1.83931682080219,-1.0189143007464
0.177836992185909,1.4974735177471,-1.35217271113841,0.794094392643377,0.187044596967876,0.513963595002582,0.158819157380485,0.276675008642703,-0.386481952472235,1.06598777971782
1.32902515155633,-0.566000009146669,1.46059245913046,-0.674736111462058,1.1292308098649,-1.55579414929897,-2.02326545477288,1.06220174791934,1.75998212395222,-1.67419500458489
1.0620986699078,-1.2386511057226,2.24644748555683,-0.919907556338906,-1.05437435844558,-0.515803476863647,2.66562528943174,-0.0809408496128241,0.568209093573635,-1.63024502643429
0.489096199275944,2.03538536340745,-1.18697539087197,0.0272505769680283,0.413550194706308,1.62296104939123,0.261320599492491,-0.763562059719611,-2.92305987984667,-0.609703282180007
1.30424474792346,-0.432330266691498,0.62312694291943,0.130822442052723,2.66223275808945,0.134811485354785,-0.0411496333691827,-0.96140997268712,-0.312036166483943,-1.07012258881837
-0.993196223788979,-0.516825810764486,-0.646420206218489,1.04785369238148,0.871924000044836,-1.32837955489024,-0.408733060272146,0.00236818840533115,1.97488401724403,-0.320550807146294
1.39247205636712,0.440114327892414,-0.780241461675042,1.33274165732806,-0.549663391575365,-1.04757887130971,0.666007642279964,1.23927623727858,0.67566309598231,0.374875639195318
1.07750574112538,2.14035231149046,0.621585799008965,-0.691362424075814,-0.248634076023645,-0.614294514506729,0.23474066863111,0.0435893532117648,2.11879066998193,-0.768707629130666
-0.319331919276916,-1.28091230244829,1.57226624211147,0.153603358195518,-0.592292264412402,-0.550315597622009,-0.980591885146314,0.747594558445482,-1.48870098054296,-1.33755434074306
0.174428071499412,-1.60651327712856,-0.29621949697289,-0.529037722541153,-1.06084367852496,-0.812680303572263,0.382669534319641,-0.139612698926811,-0.876586476574387,-1.8374643520004
-0.92621322107116,-0.49291870558592,-1.76375234990428,-0.328132093953852,-0.845941947540772,0.755835002341511,-1.37517305554756,0.104498781412572,1.52853692879937,-1.18004657499935
2.58298707695082,0.517996582306898,1.06467939180952,-0.952889739452068,0.661637049941209,-0.396898640317078,-0.18705283930515,-0.247247049793371,-2.24107649634687,-2.34535886430361
0.247484629489741,-0.530862801904625,1.09451366558162,0.883943000389374,-0.447825742916307,-0.962535211108942,1.70238021109041,1.00917094347584,2.26876759575372,-2.30070710327526
-1.87143281743121,-0.0204228252103898,-2.46762420910473,1.48026704265375,-1.87173085326424,1.74915851219465,-0.782122306344723,-0.624177426043121,-0.0898750766908209,2.03190168791893
0.801159462696192,1.60934147709255,1.70112612604471,-1.61007887922349,-1.2537340386258,0.0481915019960362,-0.140156359465922,-0.999565434451424,0.0247221811049994,-1.08196170915573
0.449748954689484,0.338655548167647,1.07385511026389,0.972166600420099,0.296787093658135,-1.992792287304,-1.02573105716339,-0.0133640533923495,-0.759793896165965,-1.03598496059993
1.13650778679023,0.629220228099012,-0.0848259227033019,-0.38286297213875,-1.20881150829545,1.11415142881091,-2.34448462535518,0.864285063119038,1.39498808627051,-2.93245958476534
1.09881243872676,-0.334809842970237,1.72434306591376,-1.05527286442662,0.366829781287261,-0.0389383940989983,-0.475197791117318,-0.713009351803976,0.870116986895056,-1.29257629425557
0.497618129792668,-0.397417276324823,-0.699910475090699,-1.90513449403652,0.229521498385119,1.42881597466469,-1.26336365311503,-0.297106935710913,-1.02732397273728,1.22717433247477
0.522320311184705,0.00494598480363689,2.5243139477467,1.29520149240944,-1.16167962988476,-2.12603687972135,-0.0272108495253019,0.643563984518683,0.364385947808381,0.184667550608379
0.588428309938438,-0.799289852258509,1.66163938990988,-0.475824420913754,0.107141062571776,0.966248599636801,0.553780905475884,0.348842738184412,0.501249695048003,-0.979516515284785
0.871092263512185,0.542848368075851,-0.752123174867297,-0.603248275710497,-0.821709300409166,1.16801352369267,-0.786133269611984,0.647572497296527,-0.883496488181736,-0.715871695171362
1.27865542316732,-1.03591256439884,-0.616564522508924,-0.534104817631592,1.16341624126851,2.90882786192539,1.15742699408558,0.183378060923807,0.697232449967107,1.0597922476698
0.984638935132568,0.177820467773442,1.52954161081447,-0.205024410928454,-0.553862433784676,-1.30181186105967,0.855178492565901,0.64177554903865,0.303971519814108,-0.677993497708791
-0.907125713651939,-0.27620629848285,0.595367773738287,1.36066454526795,0.397390173358842,0.518369030053278,0.639275574926538,-0.139240266844779,-0.106035780390848,-1.20133110471427
-0.634048220628529,-0.346738952675799,-1.053134117672,-1.44509752997668,-1.59764610920096,2.25331780964136,-0.808540599564258,-1.6556181545924,0.195679434408871,3.17156494793427
-0.999270951373276,-0.754364132682253,0.126277768492823,0.0278977995404412,0.464290890606892,-1.2845281031758,0.144924780087635,0.598175853270461,-0.241164084703165,0.351452011746327
-0.167714913358895,-1.32104954393101,-0.429581188675954,-1.47916119498598,-0.807259645196862,1.25512581111729,0.206018015818899,0.563977266517149,-0.572425743051592,0.204527280500731
-0.509144345795499,-0.965155396371013,0.273174230498739,-2.00241700941529,-0.311652031076567,2.30212897503819,-0.760851898107458,0.86833382385272,0.772669082651091,-2.1855960276673
-0.77945887699907,-0.704225545184952,-0.119167059669798,0.841752772082683,1.6798862599736,0.00789277502658797,-1.1878921102963,-1.02028844413978,-1.66583660853085,-0.741354560181194
-0.429578217129767,-1.01677786949684,-0.923812313393735,-0.851071322416635,-0.342959769091126,2.20321591631874,0.417389482129851,-0.833519199789966,-1.364241881677,-0.663580473456058
2.16557013553277,1.91817952215433,2.1517991553749,-2.25626645556579,0.0483152279117124,-0.366680173510718,-0.0618646086726701,-0.356543704483836,0.0656850772142271,-1.66368987779787
-0.776682535406779,0.374083857797379,-0.68574185689671,-0.142776287617445,0.270147300968801,0.434004545493549,-1.75637857857994,-0.0654111228907823,-0.327602847033797,2.65533864073221
0.431413201740766,-0.0461894084686212,1.05112576209867,-1.3816356612766,0.337116937989836,0.968376510166665,-0.273521771893757,1.52843156182556,-0.211716517189047,0.0794370423016256
-0.818826899262524,1.10736744102602,-0.582700022762376,0.942308481904354,0.888586542068026,0.66596253794737,0.878441046121987,1.60460578205959,1.03810156259675,2.02017131244316
-0.188370005597459,-0.416451738116909,-0.400191488915265,0.828418688834469,-0.501456013845496,0.641557135924465,-1.4099557760887,0.401460326600051,0.156708324664066,-0.670201200184414
0.202438522766928,1.28607939710781,0.494352936464701,-1.44591823543334,0.795061851323004,1.22484200873235,0.239325160075742,-1.50164248056568,-1.42232306986737,-0.0627122134944757
0.021010879779524,0.194191520135757,-0.977355816500532,0.848828552007197,0.665629782768581,0.717072303803471,1.63515521341514,-1.05065128320469,-1.34240889624839,-1.05752028786467
1.30955518192222,0.338255523033809,1.5642353033594,-0.556106429809616,-0.195028896050939,0.896364691474429,-0.00555611084018195,0.137231974918775,-0.351860832230596,-3.28774646704338
0.786387519421732,-0.562393529419372,0.361131815328191,1.83822563868348,0.951538870008379,-0.239926960256499,0.31397259611105,-0.277502048140762,-0.310658849812092,-0.548825215931028
0.148390172291138,0.14677713127624,0.0776901989358303,1.51035646272078,-0.714855715307349,-2.09156382113401,-1.01456420148027,2.07433082886839,1.16553095161179,0.284531636763227
1.41368120834864,-0.596781181382473,0.631685740753893,-0.31887990274107,-0.379106836097618,-0.667207569555978,2.39684833438942,0.45338567425294,-2.1212086816073,-1.07071319812605
-0.0812623324515124,0.146635119802803,0.934012050328958,0.839827148490226,0.524490702183514,-0.928952022231479,0.850426155495041,-1.52330359933026,-0.685130084728176,0.0538988133374843
0.829717837021753,-0.632493168872946,-0.171680390368181,-0.846665344487317,1.53850526571384,-0.454921007829611,-0.970565118926702,1.20648308521957,0.21213633058185,-1.60648298178671
0.687525139991946,-0.33586861279723,-0.637186594878989,0.347383212399303,2.28930734917209,-0.702555585463518,-0.0044942602296511,-1.34212991223408,-0.0441205620662554,0.629202644430677
-0.369586762307426,0.181235409788331,-0.392744818242026,0.916816943125608,0.457855446444272,0.186633103684414,0.734046436956698,1.47490441235881,1.54053129829634,0.455007871164862
-0.239851642430804,1.81396148715251,0.275921230079121,-0.159621193861822,0.451197976641007,1.94650476170886,-0.0500999886890597,0.238036360240991,0.714941231289025,0.27311193322098
0.334838689891783,1.50783444636005,1.49660279947835,-1.00587664047461,-0.69984356354754,-0.672367420108417,1.78508030559908,-0.674999567810311,0.601279330536881,-1.39464920859695
-0.368351911274864,-0.0786534124837397,-1.15482940809967,1.51796495394396,-1.15014746857735,0.056505316899409,-1.43289979174867,-0.803524765265431,-0.531027593399718,1.33013959927177
-1.93928478510024,-1.71438292163175,-0.639233191161333,2.53741996211662,0.387076135835758,-0.826024206917523,-0.212735382055299,0.619510229211938,0.800002180550508,0.725820282069973
-0.812536371264549,1.48764778647494,-0.366471924191408,-0.440839083895887,-1.0231214130202,0.706927394548122,-0.480714289264925,-0.0499427532265,-0.947232283033592,-0.358202206371055
-0.745817822850895,-0.697247563468016,-0.461450787775257,0.272281889269103,-0.811099701868272,0.290979933114159,1.59050140135175,-2.73322686951753,-1.38625258038743,0.698922374936292
-0.896937587892599,0.565512636680541,1.43089931824688,-1.27552365812415,-0.546521421481423,1.15227585582383,0.516508517772382,-0.641166197026503,-0.221582797624632,1.0025469750931
-0.852009259072064,-3.21784804079315,-0.651117857462379,-0.131535826983236,0.172627656729224,1.24443912044207,-4.34928672150335,-0.950453361678615,0.546209787888126,-1.42908045677363
1.31934119697867,1.45750400003022,-0.948739367171372,0.623776536561848,2.4043691039177,-0.303936018300524,1.51559668138393,0.68758374934434,1.25531651883442,0.155975566346182
-0.0768353194422686,1.46917589035654,-1.43017600779185,0.403385398265357,0.101968315864148,0.812752923051761,-1.91901946323528,-0.455751834940642,0.381775398168162,-0.875893432497454
0.31721519048039,-0.606519353469282,1.21554444745682,-0.968264380181239,-0.547990364326753,-0.906383545865791,-2.16301621943992,0.242441586838879,0.726219216766306,-2.33130347115014
-0.541025624096804,1.05693611058944,0.215788448607812,-0.649365999983815,-1.05060102353078,0.984761058399976,0.160163470123095,0.203993485087402,0.281624648458571,-0.299542466712753
0.187985778321553,-0.0412948103391565,1.0777857661792,-1.08847237148401,1.92692722829215,1.68053758653594,-1.12765077538651,-2.27758298707727,-1.28024909978782,0.811386208430933
-0.797943443422498,-0.806826704705084,-0.885197850184672,0.64743638249696,1.03830364189792,0.619349875511722,-1.05283288256489,-1.03798199019924,-2.22693665068918,0.509563431755792
-0.729955530071322,-1.21065815284259,1.23017322004424,-0.553181415147998,0.0460632060052584,-2.09095351211708,-0.399965505949461,-1.62761213414002,-1.83646780614315,-0.359285755291233
0.630635605851042,0.970247728633834,0.674718628677689,-0.220216709236979,1.13570045233541,1.88930054100618,-0.585038272290294,-1.31805739912629,-0.0475864880340967,-0.42277850287341
-1.9979159381499,-1.08352502209467,-0.667382486987637,0.175206771505653,-0.792510910397767,0.0872333363140309,2.3345093225142,-0.0393700655629222,1.14902569549668,1.58173442795876
0.576788703368473,-0.80531376970293,0.135525073433745,-1.16466488963673,0.347184477615264,0.582626300305181,-0.882914014791672,0.755019612604184,-1.35795956598835,1.30948103086527
0.258055991342474,2.26969057901368,-1.1143177124571,-0.465224231944203,0.32409882219024,0.0106885684372869,-0.320249533914737,1.41687879387302,0.168723423120213,1.93857300245324
0.239830654124058,-0.168113916574381,0.901035447788967,1.01217296324001,-1.3521730817939,-0.239718163200422,-1.69474769070393,-0.433459799643356,0.377807362762074,-3.14986643507503
1.64752044793113,-0.46974662445116,0.331929508914246,0.338420800974807,-0.201702265045306,-0.465907194400091,-1.7714094426171,0.13211833629825,0.0883213379260263,-2.04791397617545
1.95380212420189,0.487359647148086,0.641852754139825,-0.198286762397035,-0.702898638923302,-0.378461992366865,1.26661591490099,2.39658793137193,0.680647136308741,-3.69568760892696
-0.454270336073201,-0.137090723515356,-2.29457508873016,0.943172305500752,0.570893606915915,1.4587867431697,-0.783788004293516,1.13351176603072,0.642983231634981,0.471604772998623
0.327353176493987,-0.470513349158428,2.04332376681466,-0.307254639776202,-0.290585955934875,-1.19902848490339,-1.98025950991254,-1.29007645408478,-0.421973327677635,1.10683761644577
-0.838160558906445,2.34483970893188,-1.44358842602949,0.39925674647789,1.02940699746699,1.44136449590497,-1.08392379303524,0.397265910950768,-0.491132623109762,2.05272137601937
-0.136171760604286,-0.542980815535126,0.0475323407619239,0.615847825455202,-0.435121314930689,-1.04705763263648,-0.576064685190964,0.970746881557478,1.69212213876978,1.09834947800003
0.317191113884552,-0.669923641046357,0.776900099266943,0.795089890550166,0.835111189636097,-0.318397696204925,-0.556051668362793,-1.21398309541166,-0.88232277985176,-1.65754359482881
1.84310156518838,-1.85721718942132,0.813671322391339,1.77214789553159,-0.0699035239484449,-2.46473028020673,-1.09697602309879,1.17022767420282,-0.788813018242923,-2.91158375325046
0.0969171669909872,-0.119714136427519,2.26249046282114,0.110127869831897,-1.79574419176276,-2.76963628959863,-1.28605010850085,2.08682752855954,1.54547384803125,-1.38534876516802
0.0282160460702414,0.426401850363709,0.961724077411113,-0.419543282778768,0.604393359147797,-0.49481480716196,0.513906404699735,-0.643523825416182,0.425173105870745,0.185529060431615
1.22676485878785,0.208908471369324,0.574044783297068,-0.66065877681113,-0.0919840496967352,1.449342721377,-0.110534121788929,-0.524764577548066,-0.117332429776484,-0.676591374673634
0.231550108217411,0.934408938263735,0.292393373921778,1.63658234768271,-0.396731660181199,-0.733895128453975,2.15525750721813,-0.218218105597408,-3.24215104065314,1.38134861675644
0.154298729949857,-0.583965468935725,-0.382504754136557,-1.26162905092023,0.628496447842187,0.677668329626152,0.81676118719016,1.65935304056253,2.043378288472,-0.338056751309699
0.0489392470831826,0.0873361808843294,-0.17143447776506,1.0252680718007,-1.64561611002823,-0.324932046904308,-2.42063175030764,0.028207395079864,1.61287034650798,1.70161630966375
0.23441728930727,-2.41839120946848,-0.0362226217049244,0.755276332233913,0.59636571853659,-1.22144002885292,-2.28280770465704,2.07102275460882,0.159105737275979,-2.41305257198507
-2.59106033641374,1.59413610571009,-1.46271062844713,-0.300134269943556,-1.19791527824804,1.67922081837268,1.06896000827553,-1.01342496484425,0.707164753684148,2.89872358376383
0.935831283892877,0.558540826585278,-0.457863845258735,0.299224818716052,0.00377881769775118,0.707942759323184,-1.33154650235172,-0.827921681662802,0.534503710371525,-0.668158451788111
0.234333074946419,-0.0427159842602221,0.791288449393439,-1.02179554103927,-0.0233064230027595,0.467277750735291,-0.192319171472302,-0.365151802806618,-0.711481606734918,0.733756669629252
1.26043424253187,-0.427215364494504,-0.0886032958275303,0.0791618832094562,-0.617341510870795,1.52327717947371,-0.624525510335406,-1.22111076260542,-1.52818866875142,-1.56176904099081
-0.704772535729438,1.84088871827081,-1.13644517572925,1.03427002394953,0.261327164084097,1.68472034226044,-1.82963963520431,-1.53567940274761,-1.19488427318758,2.6642147923044
-0.887676498262761,-0.678187060621368,0.220132851368124,-0.121221034890076,1.18031144455492,0.293336316384341,0.825538494977914,-0.373936591271254,-0.95019275874084,1.40296808633165
-0.253618473252696,-0.873865635800619,0.412515357573108,0.507332022110713,0.379273001988336,-3.24078362736544,0.958200492325082,-0.423964865584568,0.345824632506331,-1.09296563462729
0.86225543942316,-0.501213999590884,-0.920813873970186,-0.523379103923627,0.378621841897452,1.29933105992667,0.21540391912774,-0.126782934612273,1.11497144521978,0.132019756981748
1.2042021407127,1.63596533992883,-0.984319620379789,0.440749445583337,0.690933335498869,0.975230497084011,-1.0872725995881,-1.46198129861891,-0.117123235922601,0.779187569758004
0.837267278793899,-0.141356157343989,1.00308311731014,-0.68635417260738,0.861253957349481,0.195032698919497,-0.577144526225261,1.17414672252995,1.40550983052177,-1.49777726589712
-1.14726219943917,-2.15569587796921,-1.1513733055321,1.28533899564308,0.0575063795690257,0.115893149060815,-0.856793674120795,0.872697878373478,0.760377336695793,-0.874550658030293
-0.758257038089703,-0.0270827176598956,-0.500462506012118,1.00778612635485,0.25944697434417,0.381370248987588,-0.418902158798098,-0.937256900988839,-1.11961349701114,-1.11526290178419
0.308168816115178,-0.306422636824935,0.835777670701247,0.86582099767284,0.675893291191347,-0.233069864479564,0.869204761980199,-0.370839659818634,-0.0895101194088565,0.351438470657258
0.227939984931588,-1.38427842734437,-0.578005966551119,-1.11672916402375,0.768975888645753,0.564474063211414,0.953459936573409,1.42602609614862,2.24111648956676,-2.51463660323178
0.276067120189425,-1.83041066310739,0.0847319766061627,0.669365857954428,0.459454310785306,-0.57026967300985,0.425279188185234,-0.755743453543282,1.21310199641872,-1.42847141792692
0.261743308543146,-1.78401494721928,1.58847817343757,-0.814241731586574,-1.0402209215952,-0.742164319333079,-1.22258765275151,-0.590413604769311,0.682729324994804,-2.75717902632533
-0.00669905587916597,-1.10622600983728,-0.247140716248596,-1.42974949245542,-0.491119282037849,0.436024646200076,0.293628649387918,-0.161852932837923,-0.869592368027178,-1.46279105134178
-0.35119226388866,1.31924725258139,-0.526490035351999,0.690984000046595,0.880798251617591,-0.637572361731057,0.267554037868395,-0.713628281634956,-1.9040614890514,1.95112029679533
-0.555295840200852,1.11187638075747,0.5952013967304,0.529274733170685,-0.413678465818129,-1.98529810217226,2.62874830707467,-1.66033070388532,-1.73806991247761,1.71034801947709
0.53177862574632,0.786402549305434,1.89218005840592,1.21172318742052,-0.645202741712414,-1.95334987290072,-1.50472491420602,0.468106639226833,-1.00204452982209,-1.29617768247052
1.44347331230622,1.3761318320383,0.48965901086875,-2.3045967477168,1.14197665622274,2.24930601789009,0.20766945421805,-0.372787169909353,0.288794441939351,-0.498214204516828
-1.50481229750554,-0.427938776090322,-1.2853021606752,-0.259471362345201,0.30491483863631,1.3178049670479,-1.9936035207518,0.288134530844337,0.89724958946318,2.46139727393368
0.0864419671672129,1.19040011790823,-1.90296465582275,0.282243825118006,-0.161482084020572,1.59616681631605,-0.150299953520545,-2.066213076901,-0.491937052723361,1.74768592145408
1.99304501815104,-0.38906735403123,0.627890323034918,0.969940893160856,0.511085548842824,-0.815215442138012,0.404052292237163,-0.708433029097719,0.0306578860582621,-2.58204153700703
0.985191223801938,-1.582126821716,1.47488477178912,-1.45614663921678,-0.818417878919774,-1.57793623405162,-0.405735707987734,0.116720750643636,0.898544399679349,-0.583000799017074
1.50408185233335,0.535422733086067,0.386297601690328,0.953464492191768,1.53596922649843,-2.47998664955382,1.25711753990575,-0.448424303301411,-1.45763657793462,-2.78135513758827
0.712960113619599,2.36722207065872,0.546065721832255,-0.447372302529923,-0.140234717724407,-0.47064407814906,1.06090584596068,1.19159273619522,1.28195244008315,0.841874058579796
-0.107502769898348,-2.08677226248113,-0.291487994605165,0.670885288767155,0.585924691827239,1.29516006122242,1.86197136859272,0.477868125308926,1.29936451702504,-1.73950431188686
0.374903753715278,0.481540555687658,-0.0888549841143844,0.000331017361064223,1.08627530671976,-0.804952884114084,0.0167577148301981,1.25449005113738,2.17882721240609,2.12775050172488
-1.41010966088939,1.23201359993577,-1.54966023911202,-0.0441143406700238,0.985685747100686,-0.235037132283331,-1.20938134488338,-0.164923755543103,-1.90251182120841,3.3807985741619
-0.385549860521727,2.46991484541359,0.052744902378515,-1.50402468936582,0.280571979333647,1.77643207544841,-0.0907835514899044,0.547077720863522,1.19049238797042,2.4302372551847
0.211719633463661,-0.23970665742328,-1.80815776747767,-0.214449081342012,0.932418302533838,0.900699289688238,0.729107965466573,0.195263043122124,0.0138505720294057,1.11358534425873
1.48109955619632,-0.193121554173196,-0.683610528716838,1.11172567363574,0.180638003940867,-1.35226178107623,-0.95483309648523,-2.6139907225898,-1.59865166948369,-0.562180541965171
-0.873761728125545,-2.29283057292623,-0.0595221817477065,-1.12767735987807,-0.67070839107172,0.854684777722824,0.8776800664438,0.694243484245201,-1.21895623893515,-0.597031985879901
0.0320214952137134,-1.19598879278446,0.469080493469334,0.768120969186821,-1.1496062452532,-2.75139615856323,0.8379661233358,-0.865161768222253,0.832904152613444,-0.911412899898428
-0.389736099419766,0.660397731061528,0.267453122633555,1.32904020605435,-0.336418046647919,-1.12841037174839,-2.13227520787541,-1.08964867701947,-0.403466989321511,-0.408285584672267
-0.924586078930064,1.13215184750822,0.59939280506283,0.907750703630022,-1.28448298436979,-2.02280897894066,-0.553586936036472,1.04895560278575,-0.93236956110904,-0.285894996779985
-0.263226780255493,-0.470257835355017,-0.762170881362048,0.0494478544987175,0.106243463488071,0.308908773693008,-1.48124342278763,1.09741175589842,0.297838913059834,-0.609565086500916
0.279151162957859,0.586507097200506,0.830193948177885,0.367503942343752,-0.711071726011497,-0.448620863789079,-0.750612255886774,-1.42756513072361,-1.53384176533845,0.296984517242376
-0.838322130167654,-0.722676443876579,-0.686115825430387,0.213565583410381,-0.453722450948264,0.816544791826819,0.973116602345084,-0.139461301811508,-1.64505300953585,-1.64029832049326
-0.143011784370053,0.62412336347162,0.760340070340434,-1.87833221949574,-1.07923503980106,0.231007557511942,-1.23441490467441,0.20351354935137,-0.160117044781413,0.557854822549167
1.72584924337753,-1.95741965288013,0.624176529624007,0.909195461925795,-0.099278179455001,0.170880265007038,1.5807057880878,1.06296171266329,-0.526070771087373,-3.83694085218985
1.33354551784374,-1.30237493676374,1.61801934261246,0.0843637179580392,0.032382435466429,-1.71604493257606,0.512432946192845,0.560219028534143,-0.433537962928411,-1.88128602013788
-1.99742582039864,-1.65580559913214,-0.0650784351785766,0.896762280660835,0.219347973970463,-0.645685714874729,1.14711189255146,-0.357219914312549,-0.596758028442432,1.32440680916563
-0.0621696069304106,1.37867560332562,1.55206326580879,-1.69164655814824,0.1783984241494,0.0200365319684027,-0.764397407605026,-0.313432849677384,-1.56925427254277,2.16746207775821
0.200934583778313,0.618934908729043,0.603147703744162,-0.539016957539978,0.616457437200273,2.27053011556725,1.4880695736311,0.245794093576532,0.666560296997874,-1.35883792332324
-0.0711078816876716,-0.476116238082178,0.782309067172644,0.24404980189873,-0.0630305043358727,-1.242059568419,-2.15614718729448,-2.75788132423841,-1.33939141671643,-0.102172721186879
0.886153629176843,-0.121254290299026,2.34718647960922,0.0423695039615629,-1.62498378980671,-2.7415418983145,-0.660833057177104,0.0108383290320005,-0.740874499834642,-2.15995815309255
0.80052610445423,-0.432760580661174,1.32940051849823,0.892491981637146,-0.116060940323567,-2.39038945809881,-1.74607617119813,0.362933121339338,0.984818989706262,-3.55809851989048
1.29153626278579,-1.8733453500426,1.69743596077707,-0.883562328887655,-0.513546048816361,0.0822194192579873,1.50296563641875,-2.25478915748034,1.09368671343572,-4.14753263313447
-0.621265401652512,0.476700851792261,-0.164514684360114,-0.136956319898874,-0.221535132202882,-0.240029442823375,0.893789646375537,0.732948673865968,0.256058498931293,2.80713539706593
-0.0159378227885851,-1.44251255925392,-0.709503326217045,-0.480315831433043,0.193402561868214,1.23128619421782,-0.620262943709527,-0.45253507985413,-1.07840013908536,0.243417620681721
-1.37530542317147,0.111499956719441,-0.996946714538583,1.67593077290888,0.141801999833535,-1.81630386720209,-0.484380395771588,1.09899114572706,-0.228908902492809,2.92845339785209
-1.44699201072603,-0.152609940084193,-0.409481980212606,-0.204915350058536,-1.11771848067458,-0.0875567483757715,-0.662542945120953,-1.16385032651326,-0.35707507935264,1.38605179910824
-0.0167641206421725,1.62187913203403,-0.357543509704611,-1.16680451093972,0.817374759145441,1.78129894648123,-0.334900334251827,1.55736390070224,-0.143273249720865,3.08339631964124
-0.0898889667111368,1.59637338042676,0.518219290421334,0.399390650378044,0.776584419975048,-0.753389661024219,0.347515786001645,-0.66039268313688,0.161731466869397,-0.414654935391007
0.37740488125602,2.16833499323336,1.45656832063753,0.662006080163674,-0.333811919060589,-2.17035493574488,-0.456739347239015,-0.516409644264612,0.0739455458074365,1.99416326876028
-0.799713024473637,-0.520160136613668,-0.00331123821963109,-0.278123759186626,0.508953944920647,0.701351817759429,-1.23538106637927,1.35498081997176,-0.444149400423446,1.88545466859931
0.366626126846874,-1.07293716702441,0.807824078753166,0.479656437340454,-0.0990919101987862,-0.888437653753927,0.121777116592126,-2.98943084725022,-1.52588284802513,-3.22131994524215
1.10087796122065,0.877702982847491,1.0691751934308,1.66190069019115,-0.611401421620687,-3.017263241994,1.52887481721556,0.731476849367646,2.2178676202709,-2.39794075163125
-1.88106423614797,0.167882897709914,-2.24084697438614,-0.00422206109513856,1.9147544671962,2.38566506202175,2.11914834757263,-0.804559131500101,0.831188273281089,5.18421430507242
-0.476275056219265,1.87296646515653,-0.120031831699489,-0.244128217315612,-0.926749085434732,-0.817528752425551,1.08041648670002,-0.88208447686777,1.23867643293501,4.246239515006
-1.42177653863482,-0.815297265312885,-0.231701579754615,1.09464352005227,0.568918887761202,-0.467111206205814,0.534658244016456,0.127544046589595,-1.54569778398978,0.939557665920529
0.924430635940464,0.0976898282371385,1.42300926287262,-1.54305905087061,0.485930853478357,0.326839458254242,1.49267820928403,-0.850070831446288,-0.617429525679262,-2.42367361173902
-0.743795170589052,-1.25767333688953,-1.94806866871025,0.0131249661482434,0.465584757667197,0.896595464848998,0.629474710180905,-0.967105375438635,0.214265157048582,0.389033315520003
-1.0557930376362,-0.110843511481134,-1.80875916069763,-0.572940282156965,-0.474036527084353,1.7064949980206,-1.4346236241305,-0.646706597058886,1.44553175935589,1.02913795066351
0.603405689763318,-0.393314215484167,1.03208274527284,0.691457042152429,0.0200370542756349,-0.988695015513376,1.1174661942028,-0.834999116556497,-2.47696615557207,-1.33933667691041
0.323360270630531,-0.140797051742054,0.46166696254919,-2.08820689568459,0.412137470553465,-1.27665610250049,-2.69644020714165,0.279904906074021,2.11757633853545,-0.123587870405935
0.853013898885446,0.991173622120108,0.71569204768763,-0.746882008216632,-1.09385959395889,0.671310374186287,1.64673578399526,0.358697067830449,-1.24638873985609,-2.68873613699925
-0.305910281752977,-1.01922775963209,0.0574849252387066,1.27881403332388,1.44948972419385,-0.968365237914623,-1.53428911576052,1.36321601031354,0.417425849376712,-1.45299362166514
-0.33984432150008,-0.635625596364707,-0.147646195940606,1.97264439534637,-0.225604034835658,0.583669404308202,0.716875728465263,1.16789595342817,0.688858513976406,-1.83269149077477
0.115097719079904,0.401403736054078,0.593094252320985,0.790863255834768,0.25777354438915,-1.36234955249856,1.51573445054577,-0.423789636602686,-2.51050732600824,0.606687876969899
0.939031148377505,0.629614525296722,0.211549411680351,-0.835099403238964,-0.957121834693367,1.53131792002186,-1.19375817538182,0.665582564426287,-0.860162242710191,-1.17062343963915
0.223480576799213,-0.351643215614561,-1.24013265175824,-0.23236760530804,1.01500876114797,-0.663279675415074,1.66493382302175,0.337054928700135,1.40372689498851,0.250689362020851
0.136166061581538,0.772107450989521,0.401642981943677,-0.206465473174878,1.04250211306652,-3.01672730937573,1.81056334552861,0.838191178499987,0.866376785140322,-1.41817412166063
0.855983400676597,-2.26083947340741,-0.141755841789193,0.448640020184417,0.546501354316011,-1.12122172101326,0.229819964962243,-0.0830042321682338,-1.24452861649316,-1.31390472045303
-1.92599942190126,-0.725426389158117,-1.50612173701451,-0.569317910718338,-0.370259275222295,3.46144477841845,1.27066602233493,0.75344199478539,-0.0518053046425418,0.367469388056361
0.628096439011765,1.21320216456877,0.834223240058396,-0.264183122196247,0.466450549743262,-0.243164015213481,0.0135387876218928,1.95570141295476,0.862642705665057,0.0577361869874875
-0.13505011559305,1.19267201535967,0.427990136023589,-1.55692604078475,-1.02793507883922,1.35794011512479,-0.416438014412681,-0.0485312879301165,-0.224555153230588,0.636160042244241
-0.12788181521934,-0.779815899547492,0.669680475857664,-1.44938532036537,0.20868678704834,1.04402941417797,-0.237128854795452,0.18041688388405,-0.880194888892777,-3.05424046818896
-0.771490041208809,0.678314913369381,1.62606367011378,-0.0765692891976082,0.47202605724423,-2.47343967945222,1.26047482865214,0.76628669381397,2.37243582595002,-0.0595713333217113
1.26626492715386,0.986890795101017,-0.623196706724801,0.31512628454764,-0.113790831924196,-0.0507864091932381,1.96172279461892,0.747972675904008,0.762343652013843,2.54193021695088
1.0575814698975,2.01380100538099,2.94148474367751,0.570678110615384,-0.36996404070338,-2.59236357247964,1.12887632246644,1.0323855141212,-2.24807323589448,0.311262936311515
-0.0224514205048601,1.27616536667081,0.403951645447562,-0.671362786953762,0.22012050297676,1.5402538583874,2.11641530317375,1.56795135190062,0.654665211444637,-1.45570140857906
0.0358960778862349,0.186985265127819,-0.587039903458998,-0.559564819254103,2.66220278209117,-1.46888025800636,-0.868802218747395,-0.933026866322108,0.618193368146905,0.593221581428381
-1.50353639828241,1.24518671421267,-0.920203708208538,2.69442338488105,-0.420944757398894,-3.36356278192727,-0.129155100257006,0.642308367538416,0.580090123200144,1.22018797169551
0.205114385319696,-0.180194449252203,-1.29355188050415,1.85464686927485,-0.0515026078323484,0.77842499646309,0.889901608295435,1.52921527797823,-0.0978224014991188,0.0787643809950591
-0.119288143738977,0.771366780604105,0.433530688162354,-1.30815389755681,0.239783347530041,1.11966731549233,0.168597847379409,-0.0750055716579759,1.7962515345754,-0.225383188784109
0.746105371448001,0.0524671785343351,0.360422845901942,0.00962964231855035,0.832926282972085,0.838954355591805,-0.173751787610674,-0.352856869465209,-3.63736002624253,1.04635908052585
0.971939092641951,-1.48255677840709,0.322976680055998,0.380027162417832,0.0954748160844447,-0.848238626384722,-1.23299846092064,-0.423440739794336,-0.978184746905104,-2.11929854236611
0.569363932024915,-1.34717600673746,0.343250381946364,1.54646078250047,-0.144631605139043,-1.16017500472034,0.156268864647675,-0.903739443551379,0.594773064527504,-2.54991909596582
0.247020614570507,0.0776884223252837,0.611131274851017,0.774491069543283,-0.570704252191798,-1.44749988458565,-0.497936144699858,0.0643138978950478,-0.243193306090538,1.06355722426436
-0.206509207665985,-1.50885185290312,-1.55892934801705,0.395068831537798,1.02087589178972,0.87138328183023,-1.37185184495984,1.54701513073786,-0.186524010255303,0.576284272438994
0.284474582120598,-0.714808468054355,-0.463746773041306,-0.373132482870978,0.814256694674587,-0.395667935075792,0.593028775381788,-0.702460509392093,1.76015828197347,0.318289785546215
-1.45411244899047,1.07174939875139,-2.11052919068718,-0.360456459057655,0.1315108424182,3.8316218870619,-0.942638213006182,0.0168194205768115,-0.193466963520371,1.86216561900964
1.30766110760854,0.0905284005749077,-0.509376056355942,-0.0886031559008564,0.510056335366904,1.05269517212592,0.609327703675466,1.50438323999153,1.77815799780247,0.308900670248119
-1.05995707523938,-0.717153732945215,-0.312182443206738,-1.14289226628661,-0.294739786893699,1.64511686690054,-0.263318692155561,0.0945282592001837,-0.482436515234494,-0.368993015642376
-1.11358771436294,0.173695262522221,-1.26102998760782,-1.49491297363092,0.262109710587008,2.9387867157067,-0.511662868717701,-0.0246440735668283,-0.139366076825368,2.61071573854288
0.969291482246951,-0.128387752556971,-0.121294049154472,-0.383957597302596,0.153263890697918,1.59006105610566,-1.04424021401697,-0.0459116026022449,0.173173521502757,0.245212409390192
1.06436811746649,2.22833898383942,-1.71668157604752,-1.9488332735687,0.7859522141122,3.82688631103643,0.625416239917649,2.64359441242482,2.53639839635526,1.30708897360733
0.0507331783764698,0.774182250204442,-0.884483400596334,-0.823019885483669,-0.290859459105432,2.29752221443745,-2.10937975863807,-0.686732336462072,-1.47836702880545,-0.407678939585257
1.20269607328983,0.130133396962784,0.28917517651186,-1.79344183205555,-0.848935953553807,-0.628967757189849,-0.546042464901582,0.559581060149023,-0.239848983473416,-0.628084901659259
-0.699808781857235,1.34974511424718,0.783583943645714,-1.20640276062793,-0.0857838624331671,0.446404179397939,-0.648109334756662,1.99970517825829,1.38281135129178,1.92947316204475
0.152554612707132,-1.46178157900474,-0.426056467904293,-0.481044568318925,0.0670972052762933,-1.14355847932255,-2.06707255824062,0.914790423161659,0.965312740292808,-1.35596488836161
-0.459828693797556,0.970036981915847,0.553667778299998,-0.247204766911084,0.305070289111556,1.1353281224267,-0.977988045094878,0.0255180209577022,-0.0910562669100781,0.177757369805288
-0.0206354750706673,1.22561784125338,-0.517123157544576,-1.08794893628455,0.134518937693956,1.1256844424689,0.461249583619045,-0.777259604397612,-2.11308115319797,1.47713236016787
-0.486811471212697,0.386190718662739,-1.24652579190071,-1.7678736731144,-0.835539768739587,3.84549523041124,1.11384159247982,0.12581453741204,-0.411226424667163,0.958056614713889
-0.251598646604983,-0.474980321147547,1.16179876114976,-0.820659028955198,-0.431153609781313,-0.231472794316575,0.523262093251974,0.501020172625023,-0.89864089296218,-2.39647865167851
0.0787604056801381,-1.63301236386938,0.572358150091902,1.71736549059861,-0.495776653965909,-1.56945702154732,0.571205311267819,-0.982238913364616,-1.26698786232025,-2.83143701080018
1.18220956960002,-0.850654257165674,0.969498636262957,0.540782331688755,-0.749814190339566,1.22969959868075,0.266588037411684,-0.549196225203221,0.163236997723502,-1.55421547934423
-0.483655378060216,0.446647037340096,-0.101260545973501,-0.205398156761311,-0.129572182093476,0.183539867226956,-0.801734679965073,-0.634932951225878,0.0529653115243942,2.38060513099889
0.724324537721836,1.11108581519996,-0.207734431348256,-0.367306165046297,1.09272240443078,-0.401260828141786,0.253487595339671,-0.717953158716126,0.527899645413499,1.64643889813577
-0.451646513856991,0.324651120064302,1.55099821213257,0.820279613360393,-0.282429507883087,-3.62914401828948,1.39368402513279,0.730708036092816,1.965617068185,-0.630608590011235
1.44300512784499,0.778879566378972,0.546410937416723,-0.140752861489504,-0.984970292353837,-1.33104323454455,0.339985479234928,0.499713833300672,-0.483431823162512,-0.879640839888956
-0.705354886905377,0.733886284615771,-1.95669644143758,-0.357446989128093,-0.397070397827763,2.89782137015926,-0.452000017235292,-1.18709773486085,-1.30884923942791,2.34044055736949
-0.909334726986253,0.114326933737991,-0.521839306032625,0.85087190159507,-0.544835438064062,-0.505279296942024,-1.03364664412667,0.855018447720025,-0.229424357585728,0.685489386754898
-0.955480832590904,-0.869849273507177,-1.00306865244467,0.93473995879191,-0.139022726464987,1.22495764803927,-0.812537431283987,1.54843354903139,1.20373221365681,-0.836540545993618
1.60766403480235,0.489800763249271,-0.392141369277291,0.973164216695255,-0.627571080719548,-3.37629481782848,-1.18353122396731,-0.542964879946333,-0.986539340036458,-0.120216163256899
1.17846155569986,1.76804157616229,0.24613901864257,0.750322431130442,-0.915763807536131,0.960831865083356,0.794146921512452,-0.682498284689674,-2.0783219989088,-0.67268008088157
-0.61397329408675,1.59439532891254,1.44690052033742,2.31746271406447,-0.0336653134089953,-4.63551122650868,0.402446772693143,0.45715747372517,1.1418000979344,1.39561905136886
0.594606849032159,0.72737497429274,0.269756976154714,0.283962570652305,-0.894621344464889,-0.0173117304679894,-1.81864612284268,-0.147081196547779,-0.00658557295725136,-0.196686922876604
1.08699834101306,0.630652252043556,-0.0388410089928671,1.39913208128177,0.729696586533689,-1.15499621638878,-0.973471158199125,-0.476926717355194,1.4935830364465,0.488131020120245
1.83460237462699,-0.130826236303781,0.332544638963836,1.17965731829323,-0.447816498302713,-2.51992931614467,0.0800965875465314,-1.61258568475367,-1.56406078681412,0.219793718942926
-0.946249964100989,-0.659245531637828,-0.9680396707031,0.358807816189559,-0.951289703147133,0.499532709421487,0.319454145008338,-0.107645944361563,1.5220333711311,0.542794607407871
-0.253087269574849,-0.336148465524595,1.31589211717983,0.904306405403874,-0.607781870813082,-1.21287185352731,0.168934750538466,0.391470044311429,2.13900880459908,-1.18254920489444
0.459212189018435,-1.80267432199061,0.0377790950281586,-1.56571807930311,0.131630556320105,1.4057055368399,-1.86634641350271,1.27647254675314,1.79236531944155,1.25701850655884
-0.863608540271724,-0.354721995553276,-0.282726839566919,-0.375623311740152,-0.440618388252147,0.611664627048659,-0.282452666491479,-1.05892336379256,-0.198080682790538,0.208308992598224
-0.41044626750977,1.14652394339402,-0.252580761119791,1.77426292493562,-0.825413475665094,-0.393524733256008,-0.509225931827617,1.40635399710388,1.36824276765713,-0.0207805297852633
-0.310406156591,-0.575771361111561,-1.68112401966093,0.410474538514641,-1.61844955231513,1.17593769527136,-1.16618152180749,0.356287606168171,1.32794310722499,2.65959803527186
0.652599563926419,-0.856583909592845,-0.0323343148796377,-0.0775529719436222,1.85616245008899,-1.50755248746784,0.0143581937000912,3.97582408040147,1.48709577141891,-2.65869678809788
0.0122341766824218,2.01143818962487,-0.548898844978232,0.154726563193768,0.174004147291589,-0.62938280310732,-2.51487274489191,1.86450468666344,2.11586248063723,0.0488239149864746
0.283710884906017,0.435864512325438,-0.895474666713497,-0.505061210732267,0.580842254626063,-0.293969673359436,-1.39002482402213,-1.49501790051418,-1.19628914968188,1.42320525964737
-1.6181894610852,-0.775658497716045,-1.13454747348821,0.218310434965564,-0.649782240487034,2.34271677944567,1.40295186198921,-0.262888743975145,0.578104933073804,-0.111956126583933
1.55930627617859,-0.629474349955497,-0.277035612878828,-0.514279529015365,-0.386803169111891,2.49593799564018,-0.62864106202949,-0.492834344871888,-2.81518874128867,-1.57769457155727
0.34949372311675,1.75831424969713,1.59124624093617,0.0282986243440161,-1.28547477932916,-1.32620417732653,-1.74635250322706,-0.292892534777901,0.369599090825139,1.51344147660352
-0.13038245151755,0.413139585565936,0.11123452477702,-1.76830697602973,0.165529315376635,1.63578693111488,0.681760849558015,0.535390808892295,0.0956260488171718,0.416859201297907
-1.06171243679296,1.2564814795155,-0.172111206527422,0.553743136390784,-1.76793467497605,-2.04718827009769,0.381763804409116,-0.413006100001365,-0.308443165301958,1.19303940922558
0.912031030138296,0.376703260916,-1.94268910258859,-0.379981240429237,0.44883488130779,0.992461533393016,-2.22011732464258,-0.539700223980147,-0.888425993896942,3.09262125260481
-0.388893270465775,-0.325912954369652,-0.17266132491782,1.24350233560278,-0.582098096171635,-1.19296745285323,0.234112161206456,-2.04104198352918,-2.58280176873562,0.54177350019506
-1.75285441882809,1.12280696239248,-0.0772553790342952,0.297379633356005,-0.477850150227202,0.120749974260646,-1.41463996197142,-0.425460083839718,-0.910642762212412,2.41059101125381
-0.84253498993195,-0.443163267884105,-0.432319298203945,0.377823119872339,-0.211636522846494,0.768051135348041,-0.573483382544178,-1.57441767536243,-0.986017957173314,1.69291659734143
1.19952531251628,-0.183752735469782,1.49251277451647,0.70130775221223,0.00379452688607015,-1.80422156252665,1.37841424831756,-0.939589979341793,-1.27469069805309,-1.94046872264653
-0.106480963427816,1.1290741843619,-2.55204959505729,-0.302109302889779,-1.45488846325188,0.487101338403366,-1.73623151874965,-0.347629403945809,-0.152832660876754,1.99615424974078
0.133202843232134,-0.179992830749699,0.301494431637506,0.343856073417649,-1.33622316455003,-1.6750534202685,1.05746789408531,-0.640466187570828,-0.435098613846043,-1.96066154986907
-1.13667681633707,-1.1587398131809,-1.44018102850866,-0.204471178586624,0.33994926695084,0.559222727478391,-1.26564789799957,-0.0995591912284348,0.708451320612426,0.555738390179235
0.384572938610173,0.961321052629995,0.00486203949991376,-0.384816208224654,-0.181727066932694,-1.36504791076883,-1.61723601920279,-0.834296288197218,-1.05221317048123,1.95317386435833
-1.37583766425571,0.359531272405006,0.253087943680903,-1.52492543223687,-0.830274547609931,1.54794425629938,-1.09530892647594,-0.167358119959073,-1.34997478035876,-1.09000064364666
-0.171794534374352,-0.956607890154573,-1.58939213241666,0.525385117784916,1.79910074990985,2.04280104338732,0.680222138102488,0.598301576051727,0.585304221351326,-0.612284698137831
-0.372665576361771,0.0650804909291106,0.419374441313484,1.76065515256691,-0.221679910035661,-2.3752992343994,1.27426016647201,0.216392461719206,2.05345528788505,-1.82261166866707
0.370014856177147,1.29066559015,0.624319419201315,-0.325156924415554,-1.99947095661162,0.641196518855401,2.26419945328681,-0.431224291997124,-0.300514087341746,0.120471264442716
-0.196762262408171,-1.75037147338943,-1.80937890486609,1.37395663151953,-0.526901508153156,0.719165751765417,-0.861344367419282,-1.12287296603971,0.712554707219475,0.592274574072862
0.76294725078807,0.584425125723578,2.68976036665936,-0.514597988788428,-0.259755318237805,-0.754596067683308,0.643073822323938,0.960612056611062,1.26982276596312,-2.44763700783163
0.146955968238232,0.531387269976152,0.445507119738282,0.175867993305087,-0.695895244872995,0.126056016242427,0.606258046953685,-0.551273258215157,1.08405298714677,-0.191407520469429
1.31847581379715,0.766959447833682,2.23335208300245,-0.773425951507252,-0.441773084626071,0.323776360238087,-0.103572199957493,-1.07537759992701,0.690956999616968,-0.666489763761871
-0.928754648467865,1.37456849142747,-0.0754060566632574,0.329065280897247,-1.37273482010057,2.22688124456779,-1.51197385421437,1.33746039373056,0.00332244262417125,-0.213212302343296
0.137701751483735,-0.337754393564393,1.26700865798074,-0.0180563207362155,1.95995485663866,-0.680841581612447,-0.0783992373402959,-0.648292928986986,0.108730918270212,0.261029146280386
-0.182631724581549,-1.16597739663253,-1.781584324408,-0.196625889153909,-0.432418494168908,2.27777522210898,-0.670341866079142,-0.0979512357277817,-1.65133991508558,-0.0555929903068558
0.434909952272003,-0.866238934212604,0.996259746987345,-0.255180812189926,0.910945764471633,-0.296190365684063,-1.17424201147174,-0.209569731215058,-1.33136721909627,-0.0414545502830586
1.19603924406146,0.0516309991874545,-1.11706703374609,0.795177024445781,1.75072668625163,-0.0878021795134173,1.42046341264885,0.0102704492576063,0.143350923809973,0.267527702964071
-0.256330473947122,2.47905893250045,0.657032439043644,-0.503949685284524,-0.623400683852811,-0.190835822728097,0.167227975552798,-0.945407618529718,0.659573006897427,0.890167723604948
0.124497692793964,-2.48628474526509,0.220950530147877,-1.11923822939323,0.521638783249296,0.893569609475873,-0.0498649307492998,-0.627057984261224,-2.23602554226315,-2.08688940438109
-0.973410293173423,-0.907601941012992,-2.23653090254654,-1.41661453777896,0.0899519935247212,1.50845907147872,-0.223169405775841,0.524787594531712,-0.399918901693657,2.52978313844771
0.651120020638455,-1.65808092784453,-0.31621728935473,-1.65785704238238,1.18938182786449,0.634934073771118,-0.791282535247523,-1.87210153434531,-2.49443920334222,-1.19581313167146
1.11876304899342,0.116456703065381,0.0124800204319808,0.94459279923933,-0.129152990196742,0.214373015655139,0.278864380946655,1.44366800704012,0.581828326906205,-0.553970706265002
-2.16045356467961,2.38651507347759,-1.90451893827227,0.29622805179644,0.0469202260025952,1.62361476186501,2.71673389342461,0.212745436366246,-1.26262365304532,4.84584006149049
-0.273252959789504,2.11209872365932,0.70328320957318,-0.280548322555933,0.109679811762825,-0.867789637914839,0.107248861309236,0.870143002085457,-2.18704377975236,2.3421435710233
0.00476397893405422,-0.0756771460637856,-1.5195225673573,-0.0202700668805505,0.499592799639526,0.992223162035991,-0.940932331181284,1.70269281831643,1.58730143113183,1.26413427485207
-0.0330768325009621,-0.49617471599197,0.40842849424618,-1.06634748034952,1.56644116038793,-0.672583818932663,-0.436224930750686,0.372960715410441,0.975544827181725,1.56122864496665
0.44385940817195,0.633927251993872,-0.0835948428546974,1.82932389886679,0.446970762319779,-2.46344646627078,0.548531350169714,-0.563780815051482,0.450023474072482,-0.777004610183642
-0.298967604196078,0.234749217964383,0.847724706559,1.97147171504983,-0.636704665412138,-2.87143381110074,-0.692875919991256,-0.457958158489032,-1.31427903295851,-0.477679952106933
-0.519159718837628,-0.905930620132668,-1.01830049485367,2.33426167234365,1.53793198028227,0.621473863958021,-1.72852447810212,-0.513594139016355,0.787361953477911,-2.46796993705512
0.433614001989283,-0.118500116445641,-0.148074673132718,0.0706808758010392,-0.740836603078444,-1.22841619278346,-0.0501503343458769,-0.943052955364024,-1.17041307103619,0.736240718029218
1.06026486782155,0.820589829811598,2.0041580523772,-1.7608438229649,0.467855767204232,-0.353044890656683,-1.04468099551214,1.11072166006551,2.03503019515847,-1.50895664525812
0.302639342879099,1.61279528182865,0.729895205863422,-0.0840190307300295,-0.983294328939577,-2.00285640886076,-0.53550839279309,0.311353271446742,-0.329292361994745,-0.369809004449001
-0.81284578950233,-1.06187420786338,-1.2906442543016,-0.822253171835705,1.60432423811222,0.988593761398836,-1.43685509871278,0.0617631752572396,0.727588400378575,0.500957130418577
-0.546992199423687,0.746411872499899,1.46200924209417,-0.818525048737649,-0.18078937633951,-0.234763099207431,0.267008374763562,-0.49006047305132,-1.08910004157835,-1.88398945627259
0.109930204848751,0.3387599026119,0.267420676040778,0.555595688785289,0.364911963548198,-1.00887649410411,-0.850037481219438,-0.68617343213841,-1.05736348717467,-0.702214383340918
-0.0946229900765399,1.52849610126995,-1.25235909706719,1.03385992766157,0.308927356984403,0.617046807560484,1.3302821512918,0.788791624690206,1.44113326546644,1.06644910601042
-0.86344214645847,-0.650877114841717,-1.40929840888572,0.978403470174326,-0.593518606520706,1.77083938698146,-0.918626742829856,0.460641327306984,0.0260175027008903,1.24643920257754
0.93405592274444,-0.0844429630845925,-0.0584183202717925,-0.646213851140373,0.121300847679353,-0.592788600950263,0.262323647621482,1.05938279931415,0.933776170855402,-0.45298586293039
0.840871119641316,-1.47530520376097,0.861717040501655,-0.355922922715132,-0.285997590973796,0.70562510702176,1.28653497174014,0.83039766701392,0.92405446776083,-2.11735117702225
0.0533157609865309,0.856455500966336,0.103296501939897,-0.0809663112926208,-0.856216372481141,1.65132402040961,0.0900261829323263,1.64652068442996,1.77587524487237,1.23937200777068
-2.02867941481219,-0.728176035815787,-1.03237907415803,-0.907816958784257,1.31754120262001,0.895976813260193,-0.494822888568868,0.1128011137767,-0.766895449941553,1.84545033688749
-1.39169248805734,-0.870826467120702,-1.6050238925175,-1.4665783501566,0.224472646402291,3.47313021035405,0.85809259455957,-0.41746839507124,1.30114307086879,1.92374160511631
-0.675962205903551,0.435776548379233,-0.685198090203641,-0.178099498865731,-0.599069563153823,0.42084169281234,0.780355441678412,0.624276156336605,-0.961689869542596,-0.257076061637541
0.377229634470061,1.36786373023222,-0.979767049909855,-0.818602832452163,0.102695317402801,1.75357852000882,2.27756715283419,-1.02979406868654,-0.89164326055645,-0.198975613369321
1.07566856452464,0.244429670495034,0.592934360734555,-0.307467585863743,-1.8956827935728,-0.758699553747789,0.770964955056946,0.381859400792284,-0.880835865882144,-1.04046914807128
-0.00843226152082893,-1.73558305577373,-0.248892676119632,0.820523565845532,-0.721893599041954,-0.328684289161344,-0.484979515041531,0.0131788166062067,0.830377659409669,-2.44937967074468
-0.260352946542516,0.573329189551295,0.710897451747256,0.731784370894614,0.499760693421957,-2.35477575359414,-0.22197208635148,-0.459064467822749,0.943075889911292,-1.23459012956869
1.5391327471037,-0.744689506461816,0.931536109940722,0.733651828286736,-0.891448379061547,-2.8622955188862,-0.3391236189877,-0.267630684630729,0.105867605899269,-0.296132973213366
0.80468057776252,0.325450101708763,-0.0927169351706899,0.463516641695838,-0.476028522900032,0.856021350093187,1.5996014660184,-0.698806919203018,-0.139773172116409,-0.641703258639066
0.615719618521968,2.65553688094797,-0.0690723636627022,1.30981801748927,0.481099676580522,-0.54636061054694,0.734985794751293,0.132263241621532,-1.56679095014991,-0.437924431804334
-1.3681222758081,-1.71381404890437,-0.799480725845863,-0.835051170622611,-0.339609616760209,1.01598938889359,-0.47154211793525,-0.092483998949321,0.134449843573454,1.63838009405159
0.256074977076283,0.265243548849889,0.873715422480052,1.6300844735086,-0.256208421244555,-0.788274831195308,-0.188673644596629,1.49931378627581,1.53200566367588,0.448677697454801
-0.658464093090339,0.0509924171300853,0.589696111543981,0.399690918770451,1.42543199860422,-1.75793482471243,-1.5579146131056,-0.376348795671615,-0.68722913355843,0.949515436329543
0.922106716684865,-1.32287467533037,2.5112012793478,0.297271619077865,-0.758708074408809,-3.75425092699267,0.928379423377117,0.971540058877509,1.39180140321877,-5.74600269052671
-1.40145593340269,1.1252154170564,0.310989511455279,0.581060641521513,-1.5525759173339,-2.94874824001036,-1.72545233355862,-0.0198087530976634,0.784282885153716,1.05103953496903
-0.55206779961912,-0.463150358956105,0.309149678371331,2.27580117209169,-1.15582271459957,0.317868444229309,-1.08255475612353,-0.82924502719038,1.37828184886325,-2.38710343223417
0.228916915717492,-0.358163167347539,-0.0128801524795652,1.27057315967418,-0.884878454661969,-1.08510890231776,0.14944375709491,0.0202110137357636,-1.44499638344816,-0.0504144865145166
-0.60982833978427,-0.0256255145003304,0.0183405977277228,-0.286954086655543,-0.12982154399375,0.718766051221421,0.313537697280185,-0.448876706445114,-2.54724426367653,0.10671047415921
1.38293222184231,0.618877537129909,1.28218364283276,1.30188894867351,0.220245014329476,-2.81429000029143,-1.73141499198108,1.05445853586535,0.840006950596949,-1.33320585565237
-0.0536006040796085,-0.964144707398637,1.33329102577677,0.609773418817416,-3.17443755631848,-0.169151052605395,-0.0232897060666919,0.805706795435931,-1.42281105920398,-0.289738202274107
1.45952115069322,-1.47149448500911,0.0760720323616777,-0.573685980521548,-0.105776052164019,-0.289548558694613,0.228735097854735,-0.450898205933164,-0.247861164946794,-2.67533619982878
-1.89326551698212,0.014812423069589,-1.41820428731613,1.44406655567617,-0.719304331990238,1.1254704284572,0.330391513301191,1.87360001112752,1.41820219800256,1.73125800727995
-0.225692917059875,-2.89908282749322,0.0122573917725308,-0.9621036129089,-0.142564908880925,0.21686987802337,1.27672825978213,0.987639407746007,0.581642125860533,-3.24462487395196
-0.625007079578764,-0.646539258499625,-0.766531200159841,1.20638980047961,-0.338260473449344,-2.45278587472853,-0.47838062150316,-0.55584811567987,0.212742053544908,0.0520836563238543
-0.621062431969083,-0.507145544312437,-0.219386124326171,-1.8202388939871,-1.37751409686644,3.71661353410183,0.251229747675088,0.725210809538445,-0.956954839400585,-0.230955734017371
0.344429751226204,0.545540236457675,0.287386164395922,0.731555033786416,-0.175222101862635,-2.77998213440992,0.864987916110363,0.0384602259751585,-2.20959626834123,2.21106729793481
1.90106081851709,0.076853507261817,1.17230118633779,-0.491475939594876,-0.776898558039115,-1.16188671291273,0.0232284806723872,0.795596795372038,0.190225377547871,-2.23536612349543
0.535414742611426,0.877579597622973,-0.90373034204958,-0.568731199613402,0.0335251277196701,0.298613587513762,0.520082989737937,0.131672366687019,-0.393720295479371,0.439571401900829
-0.809724805999708,1.02848404567523,-0.181512480583609,0.220683965150561,-1.52436164220017,-0.113998089672369,-0.474942421279112,0.545515010531375,-0.748982950970812,1.64407493616717
0.615299992005085,0.180661765029023,0.0837393814701163,-0.613788867921182,-0.0213652789330157,0.369722591305843,0.776064419134616,0.726958922034446,1.67129756065268,-0.0141027489543622
0.107325838660917,-0.937884039731144,1.20598003680621,-1.12656617809337,0.135632383145107,0.66002024588913,0.430139770865145,1.24310380791359,0.570529906063633,-1.31783911880022
-0.81722363664517,-0.460887523188072,-1.22688832578999,-0.471503034900906,-0.3240690885841,4.31875590169384,0.798453888552269,1.28648726480069,1.21670252378041,0.674317599121658
1.01985765354441,0.0553206287045954,2.79587332404332,1.89269288664368,0.302176721048072,-4.1562126485601,-1.33757884715273,0.691474903339472,1.28555188494071,-4.13589337029679
0.636532656371398,0.987229825494279,0.97685736239127,0.67082777302372,1.30548388502439,-0.354443545562694,0.146130273743339,-1.22098838894987,-1.55089633629631,-0.0228765373901372
0.353300912396488,0.906946676900979,1.24024159039363,-1.33313623112597,0.842723670654341,-1.34042593803179,-0.146839355312252,-0.364944641501479,1.13202456141777,0.778828151545498
1.71947153911354,-0.750921675906472,-0.558218782566484,0.393826608575736,0.343075385296811,1.7573872313592,1.8435642920299,-0.73429982172537,-1.3137444699429,0.580570206372542
0.474435933634032,-0.495037981466535,0.12525059025252,0.64627018791219,1.55189925464925,-1.70785932712564,0.310519331042747,-0.285592901059265,-0.219429525409493,-1.85585278611068
-0.478921493866744,-0.780325106439592,0.832299759699868,0.866661640798901,-2.43290267573284,-1.56548277159549,3.39034882671187,-1.88429360094967,-1.75671439086909,-0.175934883439967
0.607259160928646,-1.9452319458652,0.000451320869776228,0.199812774296155,0.357260760997182,-1.05740361884928,0.851832272364327,0.930622415304661,-1.08595594685445,-1.02021697273024
0.666880845069557,-0.091604248737441,-0.374521308888797,0.0427956375065647,0.210681026842171,-0.629736294716643,-1.31607492210315,-0.544448662052601,-1.25957187458344,0.15378005549917
-0.534870477061311,0.838073022889676,0.183988855425828,-1.86449979067392,-1.15831276943984,2.1956640521312,-1.96820314559348,-0.974883669857582,-1.03061400763811,2.80640682817588
1.68138167004002,0.516738473380398,-0.706988885489092,-1.0905703984719,-1.95766516878535,0.389288977136653,1.35347809663057,-0.0113551358988205,-1.80263199599296,0.397344952783472
-0.337745228218817,1.65447062041038,-1.49043578732365,1.57590309235688,0.380108582315076,-1.30960795471108,-1.03754279538247,0.259873947262798,0.120455440020971,2.01219604729211
-0.868181162364875,-0.95440433039895,-0.454247609381172,0.361254659447679,-0.298734696302841,-0.487919951424158,-0.300595820470819,0.592909885725359,0.788881195682073,0.870382233010202
-0.943758472383815,0.722427017552703,0.279981491544513,0.0525041515440445,0.207642357045685,-2.00767442243544,0.917554967115686,-0.384579006018192,-0.165033565670081,1.78368980701484
0.255501002789282,0.768123624738086,0.424665884231571,0.770639256370464,0.29178637461208,-1.00137104255446,-0.38365037467704,0.513049081391204,-0.787072200681501,-0.133607793600943
-1.57401484624945,0.410051489253521,0.20175383015844,-0.679177178773493,0.147636957196982,0.791920967497271,-1.0746955006863,-2.02363210157367,-0.810074632397558,1.58809648081352
-0.298271761934651,-0.314396888406335,0.580508283485971,-0.113636565412743,-0.647385889905031,0.035252896714207,1.85086820510445,0.177146908327433,1.18276910307883,0.603105738492377
-0.54744599455891,0.419887003537713,0.406192133236119,1.34834018016696,-1.23132674725586,-1.10763561219187,2.65331439896005,-0.214290595416602,-0.167851624720001,-0.00126535967634267
0.0461856781983043,0.477658897820893,0.758435672726061,0.258229677211108,-0.893137924766043,-0.586663095916175,1.40087021173456,0.539833036366163,1.02385083039256,-0.536154302087771
2.35685047682753,0.670572944919483,1.66261705028345,0.61381136786679,-1.03660032515508,-1.69270776307445,1.02557271752732,-0.387430027160557,0.828162580918153,-1.12631950672307
0.362186866400976,-1.31655961260223,1.27566929441606,2.17059161088728,0.64908396337949,-3.8248180393396,0.0953671746478464,0.157059545241527,0.441416486445286,-4.286536740873
0.788881471802266,1.34429880866443,0.502433532411318,-1.56533286685554,-0.0426378132652401,2.07178513814575,-0.862020272478496,0.951335070712423,0.0853418921750063,-0.398749136955906
0.0497753910026998,0.0212825803861196,0.284071291248175,-0.4275075157708,-0.517141976248069,0.170018900076283,-0.832565764294807,0.436218622916241,0.758586079879564,0.306639650199065
1.16110521707519,-2.07435257518868,2.44601579677242,-1.20873125573839,-0.297393261538194,0.684046173528141,0.182270566444953,1.20252784679011,-0.120307789108565,-2.90107939180267
0.0442049746577778,-1.15875098796653,-1.19564811989367,0.017106022296194,-0.0390315404587774,0.65068340806752,0.222875810623258,0.395426114227048,-0.204960235707254,-0.915248064953513
-0.510786740459834,-1.59862947659081,-2.35317370155998,-0.534310751350512,-1.16654186667818,2.34420703478355,-1.36612003728606,1.38609304470942,0.825385311302137,0.0818131585091892
0.293472279229357,0.705630339712306,0.040138449589486,0.721630630786069,0.894727497080897,-0.188788643213129,-0.0887121999906847,-0.784315962981348,-0.431831468254109,0.74745238088326
0.42120380663095,-1.09880844774404,-0.791837891328274,-0.641004556167339,0.161943461005212,-0.626187481446051,-1.00976095057243,-1.15294870639445,0.83976443285493,1.44583233365216
0.333671507187986,-1.07441539399625,0.970337900744625,-0.749635267911228,-0.876202963743977,0.901666698329727,0.0788094507438457,0.215685747882044,-1.12086998087337,-1.52176915824255
0.870246557215374,0.197103995348312,-0.744022298946859,0.88776403866343,0.424701390297689,-0.419729937869257,1.64347567310803,-0.639976763233305,-1.42789042908354,-0.0585443700841897
-0.788906786318123,-0.873921962061688,1.12830385810187,-1.90391919653494,0.36933087001039,1.06477605190091,-0.0985515433341279,1.58650084688623,1.29449103469082,-1.36977782097939
-0.849400006776463,0.925604645190901,-0.0151956921876653,-1.40894710502311,-1.27297724039084,1.86527718831001,-3.26988045125581,-1.08408989025848,-0.312331236669323,1.3199577200365
-0.372739345876501,0.417825253735679,0.10632169737168,-0.71471169350523,-0.0629247642846964,-0.87711732357271,-0.24104781264838,-0.920149120045099,-0.176611201014104,-1.14351809090664
-0.279555337741587,-1.24129416157185,-0.715144723713119,1.1968001362021,-0.325153817693143,-1.53235722967528,-0.456682267079768,-1.57642598510246,-1.34577526875738,-0.746878612439015
0.0321577379739266,0.726211053901237,-0.160525432933406,-0.895375727389754,-0.850695152235088,0.379974084842161,0.709465157758421,-0.849833720736076,0.531846001274712,0.500662293655497
-1.28249442733421,-1.02965296890609,-0.0231621464963727,0.474500893643459,0.172770302674893,0.630312148879872,-0.80992673879198,-1.12569981186025,-0.765103742836544,0.559707004445599
0.863742887615297,0.336594460846288,0.847692149119175,0.603574765705004,-0.23135331679767,-2.34777323971071,0.247990113473629,1.00460660797835,0.00246516908733579,-0.336148214560788
-0.478486879636598,-0.898114823625973,0.0618942971496346,-1.51196615557709,0.752528491862141,1.5630177457978,0.866004564300969,-0.89763744558521,-1.46059180326436,1.26080703306496
-0.660898095237335,0.188634207317718,-0.173137856688069,0.353006823211914,0.576380709111954,-0.235825037601782,0.129831847912389,-1.18518758726796,-1.05640678966554,-0.627360050069447
-0.394716993245685,-1.32563224069408,1.58371035292206,0.734700246650152,0.108234677245644,-1.49938615618548,0.853695345802561,1.38212185848527,1.13341735375778,-2.99417321623767
-0.087883942429661,-0.576241037051748,-0.453099897277286,-0.938895451466197,-0.980311978917127,-0.54297159605615,0.717298856382439,-1.02047752006995,1.124290052127,-0.75820453113894
0.338799083868964,0.268531217707901,0.65264298848128,-1.13282773727898,-1.03072319842786,-1.3547437654607,-1.37808678268522,-0.783345254124782,-0.307656833563927,-1.62967579250559
-0.193513459040777,1.00603742865596,-1.81516185943795,0.401903905684018,-0.936340499504052,1.04911546717928,0.801089813395322,0.0638827901574023,0.911308714512849,0.626874221333117
-0.917377667077743,-1.20620968038627,-0.645064237190919,0.140748084671699,-1.51862977154366,0.854644552191476,2.01460475488133,0.875722048503603,2.55181581482825,-0.639507591056799
0.416026627098474,1.27874139067676,-0.376825212287524,-1.34549025482013,1.21073198410883,2.81495347069094,0.576633919314312,-0.048245977197415,-1.29068884165397,1.10546941216888
0.523822064608153,2.40854525420418,-1.03813105952854,-0.713676296387898,0.658143327883597,1.58361110001463,-1.35237420770817,-0.466333386218177,0.40235131605775,3.82224868150268
-1.73183077933523,-0.202721220648246,-1.62005007583307,-0.442664135890485,1.63421679337452,1.82995872850368,-0.449972498271501,0.995902888386819,1.18837407478348,1.68217568813497
-1.66712437264968,0.104787450730466,-2.23295439711712,-1.43606610400327,-0.532377494031687,3.22296936000455,0.432578260767051,0.422424963925607,1.07965175675262,2.20492459441301
0.863344064190634,-0.694462936950957,0.403234350203014,1.81536699749505,-0.772082704633272,-0.61242146806239,-0.929463798132161,0.923101372892476,0.583208027931859,-0.539653814402411
0.29389159071229,-0.351189523228663,-0.0717378651378932,-0.781264271122616,-0.113339954181923,0.50647121411888,-1.89376576851121,-1.13221299955571,-0.116994376706365,-2.45988906158031
-0.411854397251452,-1.00670896661157,0.148309793723338,-0.5232333599532,-1.53689299865833,-2.10578163855038,-1.75687928741278,0.34913669202136,0.79045417618925,-1.29923230110945
-0.945445920468479,1.27860421173184,-1.3433758601149,-0.340612275467194,-0.285031825058638,2.58876633267962,-2.0979622564159,0.0298920593305452,0.332426840589283,1.32113031911492
-0.0562949889444731,0.343095672354885,-0.561443136605509,-1.09777877325062,0.252575799113689,-0.254689523100372,0.5006308783892,-1.76574417951021,-0.0667842702927186,-0.245776364691323
1.01982880242359,1.21501981990624,1.10632282982057,-0.895275096427129,-0.143594492279723,1.58696663975116,0.248601046170676,1.47083049489072,2.82696909793595,-0.851538358379367
1.04625156682914,-1.06809674407308,0.276950977469731,-1.05801040450462,-0.298132058945768,1.01322625927091,-0.605190062933951,0.8590114082098,1.52486662812701,-1.62274730192649
0.956770181666366,-0.655242688690768,-1.65213411754296,-0.38204747474885,-0.451212527215115,1.39601471174296,-0.659837020118882,0.0796390015107197,-1.09790640558115,-1.45126400709443
-0.0241769857724485,1.45754927791572,0.0184693451379861,-0.863484319700216,0.508265280520216,1.21229074473182,0.999575000587511,-1.68540544163114,-0.771036536122194,2.09909382847933
0.657468888870922,0.86580631371487,-0.990503410965108,1.69246152404844,0.703175366764246,0.404253414956486,-2.65257167960305,-0.820785232224589,-1.06632280780179,1.50510055887123
-0.61064623869688,-0.692583514788833,-1.02154959267492,1.36926308480461,-0.715229938669025,-0.684752356926908,-1.18881969144291,2.70371536470954,0.680687982591378,1.15225570099554
-0.410695303038864,-0.337724592177197,-0.1408184250265,-0.0161486614997439,0.547110893608813,-0.0303472629093723,-0.633319872242605,0.991921723860719,0.190106369150591,1.78550259141111
-0.948155132016471,1.41133121549251,-1.77052700006594,-0.65246989318779,0.953173086748498,1.93411908359034,0.214030675224701,-0.0611918340819996,-0.555034031979647,3.11598302338858
0.312167057022783,-0.666178491983608,-0.665372282610487,-0.56787500658528,0.756969324675883,0.470250521961633,1.3139591671618,0.879753344310576,0.0265234234024436,3.20027266000997
1.31802760964551,-0.350324864281805,0.752365751575858,0.0947037865338723,0.763362332083015,-0.69167062418787,0.994212740725248,-1.5951715879755,-1.71653967880203,-0.622393706063581
0.991322936627148,-0.207529050055205,0.208809808343595,0.266070663985846,-0.582113885198779,1.18535279195833,2.72266119540613,0.567570279642648,1.68330489298138,-0.660072749091624
-0.394395626363762,-1.02965305145834,0.90869624281286,-0.985666685043757,-0.512785899655516,-0.52596987257762,-0.816096515727534,0.43288881425857,0.227272410418089,-0.850101554794735
0.243432147561909,-1.51759360717191,-0.297332236506704,-1.21179162574093,-1.23871484386759,1.64921557517469,0.783191429309755,-1.16762354302085,0.0509202025777415,-2.46515733430676
0.251822108107607,-0.152034088527292,0.594434654833851,0.436151625466678,-1.23524572777072,0.0309999352825676,0.403375396575509,0.928483349598376,1.78474026714657,-1.35034010087806
-0.0331266522376194,1.27430680034757,0.0196940129142155,0.336809613734747,0.356237772938389,-1.2854912631317,-0.305042098336683,-0.137264812110003,2.18940079820807,2.42889975032061
-0.712373388668684,0.408699687585308,0.405155904646584,0.599393643975468,-0.636340228895289,-2.02002007779453,0.747418557843604,0.400367432217588,-0.672964623463607,2.14993387363247
-0.765732733349471,0.395414230950049,-0.158713706635679,-1.31758522101369,-0.76292607476206,2.23742858700343,1.44568568571699,1.14832052014919,-0.828114006779067,-0.117964639395205
0.258767010418141,0.089586575530388,0.844641615555887,1.02642727311368,0.64091718764377,-0.90443520678498,-1.11305363554206,0.2859788258306,-0.367671466593417,-1.35612651182879
-0.431587971933227,-1.8565919523936,-0.653358338601466,-2.07698334098871,-0.715366344697361,2.85426556911932,-0.7053372944799,0.279196329119628,0.27929647992956,-2.6991023078474
0.390323000762896,3.19608709092194,-0.418344093372996,-1.13352291573892,-0.208847151226534,1.13288120847186,-0.8174222390698,-1.27416332066067,-1.94131895706081,0.882251605918962
-0.855041174008938,-1.12610784314995,-1.59748392017209,-0.867978515479615,-0.798160382435608,1.58185520603478,1.66719502675724,0.955798264695494,-0.448358211094358,0.0546786638874138
0.080397642067626,0.841287020713831,1.54476692358362,1.5161383054317,-1.06563790563731,-2.58681467929846,0.192980087592699,0.424561012043046,-0.11493323784406,0.545526483569786
-0.810222503952173,1.78332083666819,-1.67915576695823,-0.0741741908224622,0.61814225291262,1.17694960521689,1.83747642875662,1.50520904914462,-0.464037931940842,3.47034383233053
-1.47799705196438,1.5354439799655,-0.261226678179894,-0.748842814633811,0.7122278799415,-0.82465134275076,0.239154935042672,-0.381449524031758,-0.264447558396156,0.565411160104955
-0.389960401715702,2.41627660895157,-1.31338248604288,-0.316002009230893,-0.179248006403734,2.1923793790152,0.739067088875833,0.40700426592196,0.471826080668277,1.31504810745658
-0.329471833079855,-1.80136337756819,-0.365541983329333,-1.45593282580551,0.175900125042283,1.09162371631957,-0.844143794917813,-0.446723005740213,-0.750746634144068,0.444521126889723
0.241491590654961,-0.0281959265496268,0.870525730306726,0.197330313439515,0.528688449246922,-0.555044283016401,-0.67270701761884,-0.874293135307358,1.83602752271597,-0.588946149125571
-0.200586376451277,0.656384390156386,-1.17736167982954,1.19033735847743,0.0720030429580333,-0.621616676006198,1.43527924046461,-0.550641893621853,0.440351753669834,2.92460342224834
0.766783876782747,0.451310994590555,-0.393369510593011,-0.275111184497422,-0.90480091248073,1.57720855963903,1.17447705205812,0.453404417432512,0.473164477852742,-0.463324325157736
-1.04768467834257,-0.113029882167804,0.619789312048087,0.473385098821115,0.60322047798508,-1.58345900271592,-0.353695144629854,-1.20948257583204,0.1661043616218,-0.284644580170496
0.153679918421277,0.989889273102964,1.39297069170816,-0.196465809250259,0.309876621971407,-2.5970914631938,0.102545747527893,-0.184401402069619,0.94596315858034,-1.615735873755
0.139638349277525,-1.71463788937556,-1.70762183797634,0.478122666095225,0.807012542738354,0.739382447705462,-0.838821652784257,-0.422225426721253,2.34100702662011,-0.434231814115266
1.92317454566866,-2.31411123881494,1.93157509765112,-0.242984099545662,-0.958440389791572,-2.78577535900104,-1.45632536576966,1.60848162257744,-0.0847399919126721,-2.70936973940848
1.25106163611736,0.451848431051561,1.23461803238772,0.376113667517655,1.10828187909447,-1.92470378022439,-0.206295035822798,-0.673811023387887,-0.195552523501861,-0.886251267556022
0.705224791219977,-0.27443971423,0.529010908448766,-0.323079015567117,-0.0362117781862836,0.0174877098272979,0.333975526546399,-2.60656948154217,-0.240155394038496,-0.618324387359625
-1.19005926203737,-0.881897362391078,-0.999309102694575,-1.11546977588689,-0.726686155592075,0.815049844059642,0.449888579724246,1.55873075442367,1.71911137489933,-0.168253492871836
-0.971732743424422,-0.756115122546122,1.43185287193095,-0.704632094789394,-0.810510741105461,-1.36077965411024,-0.0395660476976703,0.519484466986418,0.889046507370947,-1.00923529588317
-0.00596141615903305,-1.25110438145054,-0.179980172781635,1.36258284702744,-0.70241901911837,-0.909276019037204,1.35659431934508,0.756945379242492,1.4886716133651,0.0177174979878301
-0.60447482376414,-0.104466792456845,-2.35488780219668,0.440421123425539,0.152037926654344,1.84355100770623,-0.571895574970944,-1.67249449259207,-2.55768080758301,2.18455172208177
0.385166440487422,1.66343502429657,-0.0918945741775676,-0.473426766336083,0.46813233934773,-0.698617776979634,-2.45963681815626,-1.30292990966725,-1.89892212893235,1.3751059443798
0.582809844923616,-0.991453679018046,0.985764097215341,-3.20459673697231,-0.387730556773826,3.26017833983364,-0.462939414354822,-0.791722561441269,-0.0312197041445992,-3.74383513159768
0.363660769675868,1.70997599359332,0.20193512289482,0.56131134772785,0.926531836314827,-1.15100644156182,-0.602703397311158,0.473201096539761,0.142719326691701,-0.834509863188215
-0.317193755370619,-3.35090864434775,-0.610267478939746,-1.13907926905866,-1.21940935038515,2.82714255844012,-0.681637968171614,-1.31232642896051,-0.38373296745579,-1.07921279847686
-1.06357044961784,-0.211540584140369,0.554808784180161,0.455150961732159,-0.131146035472934,-0.524239866748548,1.2785786916598,-1.06134489136821,0.00439892325136659,1.86325270695971
1.0472762798149,1.25427966258436,0.674641571672319,0.171708137535307,-0.0576777779051809,-0.0534358373894612,1.33889516878226,1.22276798452606,0.613457656061619,-1.00294941669339
0.983173662517624,-0.635426047408619,1.47553196114804,0.0821536637553398,0.0316678818576754,-1.06777672155257,0.853193774932378,0.166588596493806,-0.542755875305153,-0.606368860681634
0.210878973723882,1.62651190820554,1.32517766246578,-1.54123734767112,0.783180954936571,0.410187380099547,-1.10027801509478,1.82170074053254,0.0988334349543462,-0.0805180672838003
2.0397067898043,-0.136565050355835,1.96791916908426,1.42814080129977,2.109278289526,-0.885921886620674,0.210746605101743,-1.51918006285315,-0.512312955298873,-2.3345639934204
-0.163208294674555,0.506886404567232,1.30909257410536,-0.760367093767926,-0.282406591117304,-3.46084868459211,0.658568802430141,-1.99177178535307,-4.26660053154741,1.34045816072932
-0.128666900826663,-1.70205310248982,-0.66191481196609,0.630046206068445,1.00475502293763,1.86111371261731,1.40382298640558,-1.35948348676113,0.959116367697593,1.6463874764384
-1.56951946666081,0.00854535989688615,-1.15692769111158,-0.0397976635233321,-0.594999691605516,1.0951432635215,-0.974908771896227,-1.64108914483671,-0.825677580534452,0.847372945468778
-1.93598249295617,-0.15844034877911,-2.25593455475725,-0.899754840775752,1.04236487538981,3.73621605466808,-0.279897858050077,1.52998842308566,0.812003195197557,1.80926927991901
-1.22700064939124,-0.462958723820065,0.940006649973642,-0.377681211409296,0.62150399395389,-0.133360585071535,0.469525707116814,0.797176405201991,0.229066074113186,-0.883172274201469
-0.262209146663771,0.607590927501444,-1.10847926898605,1.59984083811168,0.35881136718379,0.271068724718323,-1.3031645402081,0.11847557956369,0.237828568759338,1.08738335025823
0.186693577029128,0.0772286072222952,-0.410060893621629,-0.534379317786623,-0.408698768334314,-0.888819786497244,0.140076104965737,1.46183403442421,2.43732717750297,-0.159295282176728
-0.886156939874174,0.399669095769131,-0.959596121197811,0.2182176908994,-0.529430143858823,0.29195637536646,1.30133944874717,-0.378616722816798,-0.962624915977219,-0.0169631879150568
0.09497194315106,-0.72407425409951,-0.0841128761566977,0.949274691890846,-1.12208253910356,0.703526693720219,-0.313100700646952,0.330695160150434,-1.19545123773926,0.416487714364242
0.502437383979852,-0.224062150444973,-1.22195910404603,-0.404585565207114,-0.52832875200999,0.513761652714934,-0.0808014012531832,-0.192559258824567,-0.613299309507661,0.151080030161042
-1.76737580622514,-1.2520636234314,-1.63611187437331,0.183358769443488,-0.216269671439189,2.35948991858413,0.0416215991340439,-2.13719586950937,-0.621582409136988,0.782238971979095
0.37353128755131,1.17645207626559,1.41373804411387,-2.25212304640215,-2.2527842763576,1.79457307429733,1.51295964984598,-3.00572673551002,-2.10969573643222,-1.15934960993229
-1.24014567667055,1.69132788327048,-0.672472103847762,1.50414923262058,0.424997541086019,-0.26065597671992,0.870597174413149,0.293044010655576,0.214755561554822,0.836866273764666
-0.187461310310344,1.06979114509089,0.242957939155995,1.59771545799727,-0.83401666389939,-1.1543898947799,-2.29015884132397,-0.270653578980679,-0.0900911220759505,-0.0965331166700707
-0.427537085616272,-0.850390364605349,-0.587485635419662,-0.538355182068086,0.369609812554365,1.32828162998446,1.29839133636777,-1.38135926114484,-0.306471505102179,1.14954047853493
-0.591056986696563,-0.411244847485633,-0.900917786686604,-0.54506300642125,-0.207668512739332,3.38481081015454,-1.50222407589848,-0.505059681516788,-0.252209991893614,2.43032085451893
-0.838951471889009,1.07496905523561,-0.841404951447794,-1.64127455039163,-0.729698279705475,2.9333721398552,0.0944815679850706,-0.752201606956816,0.0224501612704195,1.66894473428658
0.213305956340824,-1.06444601999909,-0.631020847840356,1.10874818056772,-0.591340856013967,-1.53155716033946,0.929764888978137,-0.700072142125763,0.368597774901889,-0.921879327100214
-0.0917105392309798,1.88023098947671,0.417787677188002,0.338563279222357,0.445705864259727,-0.795355191282466,-0.101456790696491,0.560739602674329,-1.07824360725435,0.274598654002793
-0.545237391921886,-1.49400483871034,-0.653985980163209,1.09228044245479,0.529714603564795,-0.946229654273062,2.87264171567891,-0.09875427308388,-1.80491091298317,-0.762574306893483
0.543166474923562,-1.6769830236821,-0.0534436381791589,0.20793454783496,0.819123430860648,-1.46204933728815,-0.0883944946217265,0.481004536240966,1.89001873224886,-0.741015712507377
-1.09127656636564,-0.251081572209452,-1.71301029166237,0.870556492465199,-1.40638068736184,0.686574942588835,1.17133510651413,1.25457909318977,0.909401260979346,1.61469494995907
-0.607304044061561,-2.71179494059687,-0.0347275376683847,-1.08854253319912,-0.999036898721813,0.864568753208172,-1.03669384647701,-0.0971889410623321,-0.885703231864925,-2.33739801438146
-0.644338599103964,2.24777989608929,-0.208066714931499,2.26707275832092,0.17825156611251,-1.18996066744796,-0.690617612871281,-1.21098788239687,-1.30520247325097,2.32693227321684
-0.0969355022375528,1.19752466395058,-0.350189023950363,0.97556243901477,-0.223721257691843,-0.123000974845345,0.485384482446954,0.968941384402724,1.86434342428371,-0.896357741864189
0.106812388528594,0.473073290567122,1.25463232467322,0.433016563555362,-0.264653907328614,-3.14866579883372,1.82449898677407,0.126523996180988,0.0252115874522321,0.238895287051077
0.153108159093583,0.251147381868021,-0.50321636172058,1.09956385983899,2.19498352801717,0.248249988101896,-0.381689922647597,0.799852744588771,-1.51190537254432,-0.280943005299105
1.24375381929278,-1.52218297355229,0.443726592803626,-1.13044932492533,-2.13229098965623,1.60007658037182,0.697682998419475,0.0894614688767389,-0.749464642628516,-2.0224887290415
-0.467234247027736,0.141816582397379,0.381331430150495,-0.797285330735491,-1.06596110824783,0.486309067734302,0.204057993048464,1.53075397007654,0.96777873110919,-0.763644865256576
1.60300742987815,-0.721749961469223,0.786477807908028,-0.106066780388433,-0.397689988083323,0.308376743211639,0.66808794812802,-0.590959067966513,-0.546523176292881,-2.0814071301638
2.23186088483032,-0.282767786845789,2.45190523253448,0.49437649099908,-0.22620835184792,-2.24894729121877,-0.264861611648726,1.3333911980179,0.587366852525128,-2.73147526393308
-0.404012412580537,-0.322498260437168,-0.351171836958127,1.37457972307883,-0.728738597893071,-1.56335640676431,0.112299822746957,1.40583152737361,0.952487019931959,-0.523950073984904
-0.675211135971861,-0.785770805309479,0.130423102762423,1.62421314016869,-0.478020874247834,-0.194619672849569,0.320397107894255,-1.19142672419567,-0.476275819959645,0.500040507859663
-0.928093548723639,-0.138274010598842,-0.539018925152578,-0.577220042783132,0.876258451524185,1.32013801419881,-1.47771859299477,-1.6556756243534,-0.84600586094505,2.63832155279906
1.0755112633822,-1.4384773125154,0.541141810017407,-1.52458778470152,0.442335411213899,1.10013322197314,-1.11368587584473,-1.21449715286423,0.161960689952309,-0.373764538364144
1.24911652331118,-0.238028404500777,0.0508600191764716,0.503497561421603,-1.25445560642573,0.904777342112266,1.2049870293189,0.363690137894735,0.526860220246348,0.966778907982494
-0.286558470464136,1.56432565827179,-1.03683050676394,0.17147379534636,1.72622458159735,1.77026540464382,-2.2518916598947,-0.898782597313232,0.192068523146627,4.70413671972618
1.62014077446112,0.563576521546199,2.43405620007827,-0.912645213735434,0.14921581948271,-1.33794605216358,-0.517750162594065,-2.2064764650562,-1.82778612243021,-2.11298176945362
-0.606476093283658,0.338200414952576,-0.402661081701478,-0.490036534128382,1.24545736917514,0.639952673983399,-0.83609805097867,1.80285097367064,0.358268782246065,1.22639082919697
0.0828375097698289,-0.414887724446146,-1.47401062428657,-0.958368429027215,1.11040089423933,2.43200653565053,-3.77278277067652,-1.60522251903305,-1.13844537085102,-1.39077289361363
-0.0136902013859167,0.431570404037112,-0.905478591782795,-0.723472165675179,-2.52505280531563,1.60193754610983,-0.717187493022585,-0.478156833335075,0.453985437282474,0.439234622410887
-0.38498134105188,0.457300566426502,-1.3407123763861,1.80968224065729,-0.0777590304641042,-0.927209561690335,0.209624797130415,-0.49022722918413,-1.27521426256256,0.99990674293563
0.915528720089065,0.0760404467677366,0.0521110578837789,1.11980568158895,0.00320335988687987,-1.2477388210615,-0.467423371407169,0.830210062456749,-0.621983225946551,0.532025040077462
-0.340081958167868,-0.641129908393938,0.123667413071439,-1.00994598488231,1.09630936238646,-0.312956004309579,-1.36052880999055,0.333788716327031,-1.07420622090726,1.12380447617842
-0.188415957047758,-0.283896998846942,1.05044089264988,-0.104976076417663,0.0163984398912648,-2.61170281063179,-1.03256540655086,1.36754954915041,1.30696336826606,-0.850284096611183
0.768509425887211,-0.361644764965525,-0.141217702316019,-0.719342812133037,-0.835995686259922,-0.961605213442723,-0.588250501535723,0.749369613203497,-0.211189336358075,-0.815030318248138
-1.17613519856585,0.311911036543479,-0.28962886187548,0.0428507774320849,0.703312729126761,1.26726468447764,0.448635540747331,0.480270948856553,-0.910318592268252,0.669102876373835
-0.335875634059255,0.7389673903659,-1.9187254969371,-0.466299322480824,1.36257460720096,3.5428108551325,-1.85115792251419,1.08252878999987,1.43293795116708,1.78930617713204
-0.741191070413167,-0.640731343569108,-1.02720524191925,1.48768690044274,0.558505308249806,-1.07345782911096,-0.996614114537727,-1.60369643306039,-0.276668148552728,0.568120877764611
1.24585934802497,0.0330390870320265,-1.0089270608906,-0.263382821374562,-0.708718817589461,0.873130994001329,2.17769660528933,-0.638907252169699,0.135126300716212,-1.67346121881027
0.345158949447618,1.07652685445462,-0.163724957604725,0.295895612641972,1.8586529334904,1.33433894094644,0.607223039433687,1.5567581237675,0.936936915617718,-0.551969927021308
-0.55345482678336,0.915733595047722,-1.37644319123934,0.160543052761623,-0.144908930621358,1.143028337106,-0.893719964273598,0.166599681321416,0.405897882838948,2.24814361032982
0.00862080809237556,0.764701800922777,-0.0477434659464537,0.658209129569753,-0.710117950142405,0.812482706660727,-0.197987320181935,-2.05582917093161,-0.78011546397755,1.06296785139867
-0.448486364023462,3.09698598502352,-0.859622569602417,-0.358908448614092,-0.863659410659372,0.884068644510081,2.23521051694469,-0.576891749164085,1.02639617173418,3.8631774883938
0.654482098878044,-1.0533440490444,0.968103431235905,-0.438114426681344,-1.4953968666429,-0.938390295766664,0.23573795181711,-0.456993300353223,-1.79172694141178,-0.489455566936319
-1.67953746269553,0.567657280365463,-1.01366804004107,-0.304223097215623,-0.913628710073599,-0.27446449778196,-1.18574070892155,-0.706119897801181,0.996066354966462,0.958941031654115
1.65752333696156,1.56377749854406,0.157596537500776,-1.27913399727017,0.521047134466255,0.428756583061093,1.35023735525101,1.53445490780631,1.90382482923242,0.235921485569341
0.0771783419215191,0.61823405564793,0.365738738178803,0.106412408684997,0.314100559750446,-1.23693552688157,0.12388531658295,-1.47136307774311,-1.52978271316392,-0.733080675118759
0.495812973482255,1.67929007528231,1.88379556479631,0.64914796190745,0.0133816279368417,-3.53098796386484,1.26735004963871,-1.52263094966533,-0.244332839361538,-0.0721368254190286
0.992438897842051,0.535272902127448,0.441532816256459,-0.75146255105075,-1.33422667115628,2.45686310162364,-2.27067009554459,0.839133961022259,0.770138362858974,0.513748282591811
-1.17039212694739,-0.749720864063083,-0.985950961677921,-0.42875735140112,-0.29154460030385,2.55834815991425,-0.305034089314043,0.497374995846553,-1.3884463019774,2.5813654382654
1.09489327081858,-1.52977474924281,1.15965439001816,0.581400234712179,0.58731984856006,-3.6307510947001,-0.0208165703359857,-0.762645290041715,0.82535174622409,-4.02477044387513
0.457590349005524,0.0594041864055727,1.38188293595494,-0.579478607676085,-0.128776058005314,2.08042882546081,0.0390908723032419,-0.310343609689418,-0.553275508381317,-0.713319608405386
0.461164927694387,-0.1737866471585,-1.25417032832807,-0.0803282486683582,0.763568593934415,1.83923030982167,-1.11508158554695,0.830271609406085,-0.326337595678189,-0.449136608494719
-0.167453191137416,1.06668811744984,-0.25083493437546,-0.303337131435842,-0.283643331254846,1.42966748472157,-0.0498537147089804,-1.27577899547649,-0.399518411349478,2.74215811433552
0.878216263074628,0.520434316207722,2.31293043278679,-0.117094321841254,1.15146086310668,-3.47156138949627,1.82704116792381,-0.348624854890649,-1.08389346205168,-2.69813158089203
0.116671270756631,0.811289686495916,0.163264519351575,0.640793388313324,1.53235883649861,-0.99607884595678,0.0519320940058737,0.617392110063817,0.148357104833454,2.32908401122654
-0.31838482682055,0.524646865192568,0.0275048036357534,-0.559807078425985,1.81029489064915,-0.538322972375917,-1.55014587880866,1.61286761457959,1.214531018898,0.158630654830787
-1.49585934043121,-1.162056594688,-0.940244080496947,-2.3830080838385,-0.363495948828302,3.4077808643693,-1.57110110969941,-0.161708289515884,-0.0447443735425312,1.39540807806116
-0.260120006486495,-0.324528347698157,-0.10249093251307,0.19188451161329,-0.282463125486035,0.587790983084426,-0.333360921078563,-0.271585375702322,-0.556776628871801,0.00236524255893306
0.26867491266347,1.16210550429439,0.607500226470982,0.801570306807727,0.8842886561334,-2.73025643999433,1.15703874415842,-0.149285169318255,0.157399441194926,-0.125061270935291
-1.04353193986363,0.172962049825967,-0.406058395876515,0.78647547242228,1.71464797649747,-0.625083110256154,-0.658624905769135,0.0609938521885025,0.600860354306351,-0.176632042514894
0.187862187916356,1.40713233597122,1.15191426494468,-2.20571961052841,-2.51175268240908,1.89061990811015,0.861530612829223,0.462739694638251,0.287363014031695,1.12482005269014
-0.0894166770089025,2.53127279362956,0.209853111069023,0.992729517025549,1.06971215722447,0.569678691306725,-0.238942473557541,-1.3500938314042,-1.59293827796922,4.28474387302319
0.248242901264111,-1.64215575665804,-0.448514938689793,-1.14094360080383,-1.73486326424796,0.335211360767363,-0.490423334196733,-0.163864249808034,0.191074497582438,-2.74184142669201
0.681046248195213,0.325583293164834,-0.166510614871762,0.201606770489571,0.880328043430097,0.291954587524928,-0.672089897640553,-0.15690900014275,1.89293779043308,-1.0280041415394
1.12189040574228,0.2003066783665,0.651272592071799,1.66731911767885,-0.0547752611430605,-1.1978026110226,-0.516545027686924,0.476611080283949,0.011400219019574,-0.49155207849573
1.03144603903205,1.33222332514041,0.671634766046415,-0.742812968854508,0.237645694601976,-0.563785129035852,-1.90748634975651,0.367044128570517,0.207245531803399,-0.129681780277898
1.41237704071134,1.40674293595098,2.01320809842508,1.50131551772826,0.593476704142699,-2.08412211531818,0.202834934990529,-0.635801908887815,-1.46836885012446,-1.78534739388429
-2.2128040497855,1.65689666124449,-1.08158620018157,0.861933939142189,-0.374542147578381,-0.000984537654870971,-0.263693351185781,-1.48184451781698,-1.70209333082609,4.68383234065571
-0.0528900318391669,-0.578676410110937,0.413103976945471,-0.992054330013953,0.200885080060399,-0.0554332249534384,0.599051978545857,0.477069240657675,-0.201795340441133,1.17140354091432
0.0883328498042779,-0.391699891909328,-0.944362419889622,-1.18846185951691,-2.21016497368866,-0.715410765961706,-1.15516342398945,0.720488091919852,-1.31465477845319,1.54028383767313
-1.2542666723487,-1.55183270447396,-1.80828231140259,1.62428544646368,-0.302468502866221,-0.135003832967875,-1.13263463666339,2.11216056351654,0.884231214592875,0.731761820693629
0.275387746811495,-0.75517108665258,0.763176272778264,-0.844029595771813,0.778500577783275,-0.740480538392932,0.60460181057748,0.630384082995982,0.853037600290754,0.516387912355712
0.191635200726156,-0.827122282387629,-2.04412094406504,-1.55732928805792,1.65451698629065,3.09867345771852,0.589698140831626,-0.754484442108177,1.18674426444844,0.468356316259182
-1.39540701391948,-0.319692675922744,-0.308971538517728,-0.639368544916647,-0.0439685668551004,0.536755537964251,0.966761158693267,0.0571723731083569,1.20098445490401,0.601301025687239
-0.028450713233999,-0.510341889238244,-1.36743081858059,-0.845931894301244,0.96211567821076,-0.748949129324605,0.242482372279667,-0.684816457528535,-2.23280349679362,1.40776881763769
-1.7111303583516,1.3630650107432,-0.62782027660728,-0.797691682281711,2.08055492675636,3.07344282772566,-1.54885039066513,-0.98622523450702,-0.760234838676215,2.30894789554915
-0.514017720808836,0.924483237349434,-0.0519589501328777,-0.601059167140823,-0.147552913416159,0.392966145947816,1.78151144556648,2.1182240695552,1.95600433913144,0.983864371164867
0.875279449880149,-2.00521460089284,-0.241071425508021,1.24332725076266,0.0116804116992374,-0.376519814922416,3.59047626368101,1.82314377410982,0.802829146730797,-0.828673074296905
-0.601891261690097,-1.13510457421269,0.901690301913258,-0.288949472970823,0.201876271841895,0.883226385702833,-0.409644670494794,0.549108298995603,-0.329619080398881,-1.06648619207566
0.393232183224134,-0.132225336063142,-0.254972395039701,-0.477554137143299,-0.34362156990976,1.65591107711006,0.759081292695524,-0.321417879924851,0.582280480041874,-1.07747054210761
-1.21636153377613,1.36431591296573,-0.0857707247972866,-1.59328117268048,0.598327129749284,1.39983501708515,0.488761461194258,0.266281652235289,1.37919416970394,2.27523581491974
-0.81430573635372,2.64533518334094,-0.621768435991287,-1.09463429811855,-0.543794264114201,0.800516627654092,-0.265092887954045,-1.34843819532887,-2.68595405783208,2.35026539771469
-1.5546132844267,-0.651440624309025,-0.955136753076106,-0.362284531849867,0.630618385884052,-0.173729617723665,-0.506248585951342,-1.42004504017369,0.137074849150993,2.04268393745642
0.908239329435723,-0.97524517121145,-0.533428426152951,-0.23812703733479,0.279273803958265,-0.453958673972177,-0.37651966066931,-1.54965792787817,-2.28572658479472,0.00728569332713458
0.272983863240413,-0.791731006652642,0.569244551660986,0.842174797379464,-1.88802917785781,-2.12574247213216,-0.720962364267348,0.218356951102641,0.707787351378829,-1.2815295105874
0.581180561696551,-0.436080958267178,0.434427855091977,0.782099804843648,-0.904185854791338,1.13237373616277,-0.776491603813229,0.480047779890367,-0.620878424739033,-0.527594385299639
1.89945617566086,2.14837012218043,1.8543210811384,0.29850514149638,0.0178556812694935,-2.0693746586131,0.291743378464714,-0.164942142722454,1.44924128619223,-0.723420139452736
-0.698906341985754,1.76295543653987,-0.564141623228741,-0.196253881698317,-2.02753025612621,0.84933195181868,-0.205908570305765,0.341646982224134,1.02294693568424,1.18365531650596
-0.993270015898603,0.28791660376985,-0.173420409690878,-0.315605429448846,-0.519482795689833,0.65709669154787,0.283640204870864,-3.15299188245796,-1.97112621812302,0.072595732901914
-0.154660269506128,-1.39583016709878,1.82655548424595,-0.709720516703302,0.247625349712492,-1.08163600024608,-0.240206376678299,1.45652758991335,0.144388245980377,-2.5128446782111
1.05695489621907,0.681178777784237,1.95815843600275,-1.04313892915859,-0.0608446073434728,0.30407931491478,-0.421059103811657,0.856308691142631,-0.257170321824545,-0.839882398088366
0.944956511157268,1.04454603112855,0.605190047875419,-1.30420592892798,2.22372723739077,1.19247683311948,1.38796081019109,-1.17092239877101,-0.0383825609452625,-0.661169959511408
1.55864532882057,0.177088520727982,0.279671553556751,1.33659753520439,0.593632381392623,-1.22785356275727,-0.438110903133902,2.82981237011787,-0.104407668809562,-3.02973818743441
-1.5155239955872,1.17806983650958,-0.645800389342619,-0.427438206719418,-1.80390999621463,2.52081571699455,1.90290022066574,0.337396724768132,1.07967778047241,1.55107659493671
1.02686831663717,-0.64999064257071,1.53890277146613,0.671889334157134,-0.93817023899082,-0.103373765507497,1.42614092902122,1.11410989615907,2.35279765318244,-1.97259229968891
0.619930478232772,0.961909590188839,0.71305165074681,0.747879714673578,0.804532639503449,-0.988223707312866,0.194817315086004,0.0968512026382282,-0.582813460848045,2.63349951616077
0.50291740303314,0.171633466117198,-0.459188191320636,-1.33090580591873,-0.455182121118128,-0.220014040841862,0.606371039267441,-1.36054133770799,-1.25786839867987,1.48300713204776
-0.315363678676751,-0.877388119963766,-0.57026318914552,-1.11422617043138,-0.491101836581916,2.11175293271714,1.34318153291141,0.447679813675781,-0.163826123522159,-1.04127538556634
-1.25350501481636,0.587084761627062,-0.655253375028968,0.127034069876169,-0.585474236421015,1.94619831828708,-0.044238324922984,-0.471876392093571,0.722940608862885,1.71893672243696
0.249368330196552,-1.08624479378709,0.179347515756912,-0.729770620567907,0.404778185058189,-0.196014632695605,0.809027752802111,-0.629235155704701,-0.026776236921399,-0.518067778517955
-0.419274391547881,0.97895290060404,0.445548349256677,-2.80945951305222,0.348131299980178,0.322935784971246,-0.65000501631657,0.345354475103273,-0.294958141433231,-2.5676821385049
-0.523448212192201,-0.712768691614559,-0.778149726028205,0.468584519894474,-0.399768732880339,-0.853741539693138,0.0519928464840842,1.65948361928701,-0.901935454083857,-0.53606178577083
-1.25630282847028,1.13967989269265,-0.701957346520369,-0.0390430002164603,1.08380111646238,1.26365068228739,1.58109196900685,-1.78489352308828,-2.22849924769709,0.905180566258249
-0.377714860288494,0.233633095868423,-2.12300391513272,1.42363066799259,-0.411063875405738,1.22091065323148,0.441872845839433,-0.63748604339585,0.534503063321281,1.6344168890334
1.01424749592778,0.414519513669927,2.01678081746538,-1.2864515249982,0.121753871029612,-1.48545237081982,-0.79245808285814,1.69851169484245,1.41714642518593,-0.887833479129958
0.752108561544463,-1.13398000604613,1.38267637370176,-0.367992348488321,1.0617210360146,-0.383084568982993,0.728793222331811,1.46455287403434,1.82228688598063,-0.583500834100782
1.53607317798322,0.672856265879411,2.58171595384127,0.599484328160819,-0.0925222171908482,-2.53489662860485,-0.279149035844985,-2.30014945646089,-0.0395292726384542,-1.63687565982717
0.132860461112284,1.63920537622027,-1.64755222237765,-1.17375603713194,2.01885441302319,2.32195490440577,-0.610442757428627,-1.16932213461185,-0.353848129098816,3.42976436839554
-0.425266513223622,-0.337009898837651,0.29514571961784,-0.783217506200439,0.996844738658699,0.616625227682104,0.238883241341902,-0.724018597350575,-0.00724443620043114,0.23501249866044
-0.662599972083599,-0.347871086857506,-1.03851009106532,0.543556233200428,-0.692147810495047,-0.0134957834147132,0.798791312154682,-1.3217792949173,-0.574930304542995,2.10970431076079
-0.549207175654295,-1.91780015079354,-0.000157778321178359,0.567774230124408,-1.47203052920782,0.992493625110734,-0.907630071755966,-0.983852776525654,0.329801758464876,-1.60322627708833
0.383104249269099,1.19800303621785,-0.1048388508599,-0.919982382979283,0.725277358632327,0.449100029603604,-1.86984084333509,-0.287876068202351,1.3374548879766,3.50417180156971
2.49718012523603,-1.81917726217884,2.28082492176512,-0.860314044565585,0.624028410625794,-3.1229219385635,0.822801782016267,0.515039773629763,0.626094860149214,-2.92452334591871
-0.603384992033371,-1.17637852780436,-2.51251514334682,0.407733926223861,-0.212188380352697,2.66416018001128,-0.0951159456196512,0.44810377436178,-0.317313825998841,0.923810335054886
-0.25043966901953,-1.75017300141641,0.819116119871134,-1.359594634582,-0.471539866266562,0.578652405667507,1.27634090145985,0.244786281741032,0.65070515985647,0.373653524062345
0.159906179117604,-0.6693390666731,0.846573635345539,-0.443545849052946,-0.675170233649545,-0.789583182942491,0.407638441256592,-2.85457552369813,-2.90791850657293,-0.261154627577405
-1.09224905383115,-0.705231109640342,-0.178647686841535,-1.24304520957346,1.62190999391044,-0.462335881669214,1.01680319219269,-0.798974947603344,-0.455101791220728,0.565155153064324
0.644417543606629,-0.573909441662532,-1.6377031933863,-0.195181399773767,0.208862578920942,1.79529882455928,1.68369387080929,-1.20587733772616,-0.0700065958337167,-0.581290962481083
1.11454254867646,-0.901987636046727,1.3487673032284,0.103973218415481,0.195749322627937,-1.76905143466795,-0.24506748556198,0.114704708875991,-0.56221290373962,-2.53688186462404
-0.826016281391919,1.26960214465159,-0.758703378225789,-0.0302797049127748,1.05003748465262,0.234087904185817,-0.775269873504257,0.0686411152386787,0.152433356870993,-1.05336673428884
-1.40547299087473,-1.13506467065533,-0.977231504563231,-1.00779688719606,0.925929408255855,1.13121374066322,-0.28569459180217,-0.910332339185224,-1.52841855602189,1.73269098460199
-0.0547047161746456,-1.35646961538442,-1.02059513665681,0.0784344776087668,0.676369819497026,0.998065354808651,0.493612111671894,-0.219216513362299,-0.830523631315937,-0.367108367892004
-0.0250458179665969,0.578376433995614,-0.296917953199039,0.405738084418132,0.230275603945487,-0.357084030930161,-1.3385770328943,-0.0890216326549037,-0.463171658878599,0.169834430254213
-0.262883773176424,2.28754762417218,0.0179466450257012,-1.07184077320356,-2.05147361368791,1.59918404283257,-1.06684776555316,0.877290097244127,0.977304391872737,3.24992890058047
1.12497295082949,-0.199308973510392,-0.365887689164929,-0.276358723293372,-1.36759391306811,0.329131187619118,-0.246503452401654,1.20392272167605,1.64350124000783,0.882399263137494
0.45848528011538,-0.206234057780489,0.883918608992965,-0.342692753812209,0.982058949567619,-0.0330361057154466,-0.826252068058677,-1.64296201253236,-1.06231209691326,-0.733619538387926
1.21017317173659,-0.205498932235385,3.15892765560312,0.229635444126015,-0.268289360073894,-4.04365811832513,1.41207627895304,-1.92665980665645,-2.52944342281244,-2.00393604656379
-1.78079855333044,-0.397665566442648,-0.412599828883245,1.7630085266996,-0.121621474502959,-1.49366454377032,-0.954156180812441,2.19984351248687,0.862331814216864,-0.282033619038972
1.82854890666036,-1.43802452698511,1.34441612190069,-0.793293459165057,-0.491442772764046,-1.8363273385128,-0.526923047569272,-1.79405889623698,-2.62272149322488,-0.955869499987973
-0.920507589533931,-2.6898873509147,-0.905477983349238,-0.43117224603397,-1.72992255339562,0.336952099191085,0.906553253833632,-1.22535943963201,-1.95843140781763,1.02010235887735
-1.34748456093938,-0.834801617249342,-0.405334369177404,0.132182023537386,-1.53025605281711,1.06764046103689,0.381778931546581,1.34570462265075,1.68817945118943,2.39940342397952
0.906126670882814,-0.62727770003841,-0.132277784793762,0.251258392044555,-0.401720758509269,0.14717852935594,0.0544127209361603,-0.777775623394425,-2.08877054417695,-0.708480428292526
-0.170612813124441,-0.14697373797827,0.255365068936453,-0.37707843887272,-0.36830360329222,0.0155974594570549,-1.21863891903955,-1.97707851946688,-1.48343191358276,0.809671569040849
-0.155449950093281,-1.35530551833692,0.0462622507986547,0.171847456886667,0.927879008186136,0.381454785774055,-0.490679355094975,-1.00825353744611,-2.27950656183601,-2.25713007767027
1.87938483657405,0.77630935490761,1.46360205561374,-0.43247320498311,0.289009528980855,-1.90429063051451,-0.295306449230496,1.08264930717666,0.316106595115943,-2.25495488229636
-0.395154285866457,1.50394112353184,0.219043390470305,0.422559306312715,-0.0292740875821838,-0.562838224930916,-0.395701750040294,-2.10466569906645,-2.36031539048992,1.4623249660133
1.54802137195786,1.95075067136809,-0.477435927866289,-0.223077056420558,-0.274887865403469,0.0203995517171535,0.679662196882369,-0.367496068993212,-0.449538159800417,0.438260662087789
-0.199850308953326,-0.127504276645131,0.243047361329045,0.258816598061337,-1.34090721416173,0.613322369128932,-0.133319051137282,0.545691494222684,1.29157451352948,-1.60001946912702
1.02603794187424,1.11693477837323,-0.498471995886078,-0.812375222107544,-0.355503896126383,3.38755433464614,0.405285228434595,0.134684495767943,-0.149946704954346,-0.461937011844365
0.916576139095688,-1.3062155515777,0.233960412392204,0.77680310742994,0.729735996650205,-2.28978761101154,-2.39752792492448,0.515817088649325,-0.0326546423044215,-1.79551460892971
-2.27650015514681,0.578170153405751,-0.372932300865233,0.0872420005325391,-0.557296056741749,-0.348808771406377,-2.7180397194056,1.2812631983129,-0.0811728134954561,1.41223118005352
-1.25781935753204,2.13663194598526,-1.0267042401935,1.17929474517402,-0.316012932953668,-1.01097068629797,0.894906293335809,-0.0331026222251811,-0.300243726672998,3.63377672292401
1.04860676011361,0.0356404097196956,1.63465963878091,-1.62307391079001,0.993110959540199,-1.88511441269725,2.206927341764,1.20297893807729,2.06252190444325,-2.9108489440809
-0.332882488212656,-0.314918020179273,-1.06587148315099,-0.704546078794843,-0.292964974905168,2.24040249817521,-0.511836887925156,0.232410644040912,0.0320597932973032,0.541636543237458
-0.136666998451476,-2.39054499524473,0.636505153235133,-0.357545188777125,0.155045242541382,-0.231186111882592,-0.301645572098361,0.167172684493179,1.25909240860416,-3.79956580929307
0.238770356115266,1.31291783104962,-0.401096624922342,0.892494013052818,0.116724124945162,-2.17995566207057,-0.6048648074812,1.42902603811347,-0.822784504867303,2.12394642485095
-0.461258009145793,1.04691825616326,0.164635734088796,0.13998336851698,-1.58413754108577,-1.38590732428788,0.244218318486048,-0.285136712107972,1.31395255102514,0.252018136378097
-1.72928503439845,-0.631706903425593,-2.14163179881969,-1.15240323415945,-0.208433368812745,1.7207484830708,-1.13218419608695,-1.51652866091303,-1.21686804628206,0.0687288210702264
1.62178080693587,1.32142496707381,-1.87288507078445,-0.122764965741687,-0.78133417411083,3.19578758456604,-0.800770378977641,-1.34813673385348,-0.880069632125484,0.151763049764098
-1.29526437777206,0.688940325639815,-1.43298046512838,0.0875857648494275,0.124680359266464,1.39828219117731,0.640593696870529,-0.264795722261949,-1.75337893932383,1.30357426741528
0.254318867158372,0.015942663045964,0.0398690447611305,0.212266251533715,1.38376039006333,0.732136780289215,0.025600628466753,-0.859210968212239,-1.17128683087686,0.0711466361923696
0.94793092870762,0.123498908253375,1.8626400279635,-1.43842779470717,-0.639488396731968,-0.648474769305041,1.19952306488237,-1.83378311807028,-0.605444339927213,0.473741285778454
0.96194402757749,0.166780536734476,-1.08293604434387,-0.63214915967189,1.15554002034976,1.40338843672338,1.41376200097854,-0.566045951262406,0.924433447587836,0.819499896659277
1.2587877043917,0.686045605902042,0.3603133765348,1.62860289829047,-0.434516688844801,-0.975123895523942,-2.08981010641275,1.20037667649279,0.235679713908425,-0.743636531387256
0.963296263280491,1.50306036695518,-0.00484391003603432,1.55833309899143,0.615704109277451,-1.61048823762774,1.87998453700994,-0.718445503259364,-0.729775315168056,2.18436181149838
-0.790564894920417,-0.931157618076278,0.384731808455707,0.403935638924966,-1.04087302744512,-1.71580717405343,-0.400378467235394,1.21481350338242,1.06371761256937,0.892971771569001
-0.345794921705062,0.464285322060769,0.54827905776328,0.490768339564308,-1.24680515295382,-0.685314860573123,-0.0834474187504723,0.535435253419502,0.101820141156415,0.567063997027628
0.659113319519457,-0.698648022736595,-0.197009239705128,-1.57225659466175,-0.210232991301503,2.83426418546218,1.05633987433698,-1.17065127507371,0.286069808504868,1.34162164566675
0.423876679234434,0.111539674931148,-0.0248510172230005,-1.67095997967716,0.65797524647978,1.42699532703383,-2.40810788779132,-0.631508095467501,-0.785899477380233,-1.26920439549006
0.282017115447435,-0.611875449238413,0.158650436883242,0.65704712817253,0.989885265846342,-0.820930560201923,0.450140981092386,-0.0692780015819177,0.419010420208887,-1.01857007399984
0.0656728563585042,-2.37507921296725,-0.0506264123834749,-2.01113846304412,-0.0544609135480433,2.22950355470934,1.57849932921647,1.16416965180158,-0.00964725527001842,-3.62701284626723
-0.463126517440644,-0.990392802521272,-0.0220756700334668,0.0169038609844624,0.527275990417532,0.714771892032231,-0.783546264439671,0.834085742459053,0.701675949134483,0.183223952588406
-0.229448366036822,1.79034593612676,-0.0962297876697935,0.464654644018535,-0.0518703128498219,1.47349788205431,-0.43719761009396,-0.169937785918063,-0.454052776909518,-0.854149284473052
1.07899092852602,0.133313195283709,-0.370902719815356,1.63924896028337,-0.508250787884336,0.523972176062946,0.562768861591948,-0.356171608020601,-0.405711569259588,0.300135500807555
-0.326280664141458,-1.37159983027415,-0.241394772053883,-0.0858801085646331,1.9960005364782,-1.74108098820674,0.55006388716849,0.769121845749717,-0.713009630720097,-2.37492345345347
-0.919083424567343,1.16050580562347,-0.722182350332772,2.3749022333004,-0.545367608747431,-0.415480282427766,-1.76809681727847,0.309696759527747,0.946694990084331,0.63651491254246
0.409813146365173,-1.44201993970274,0.577507403108703,-0.428484836642488,-0.803359439647212,-0.311842943877833,-0.157685943905785,-1.14608976139238,-0.779459223762501,-1.71547636355604
0.489865421770597,-0.497958702925649,-0.518441624434212,0.743605350457048,1.48644553120402,-2.82372144145848,-0.425306839767068,1.86511625380383,-0.750854865857266,-0.178500006469438
-0.400940044425762,0.535850144536563,-0.237105279863327,0.791631466105201,0.13286219960648,-0.587102003621783,2.56652493709491,-0.764778187367528,0.326368914288187,0.150233239835388
-1.55337153469157,1.22295375132571,-0.11055917697724,0.939971538480072,0.86074407915386,-0.047582194086679,0.76520202330816,-0.482872507385484,-0.323864923279454,1.69271534971734
-1.56779847074245,-0.632214558337822,-0.626585144815876,-0.156508267826553,1.67064379126439,-0.567267080035817,-1.43835594345936,-0.887405330864408,-2.12639748494196,0.908016624632211
1.39850960711718,-0.372902921695571,0.389856376091087,2.02058309239453,-0.791168016520512,-1.9587506020312,0.714229090402153,0.264872814529924,2.09691209819221,-1.96555088362974
-0.670455116247555,-1.3232620334288,-1.02479743224963,-1.23115867411674,-0.519532132782562,2.9781219024273,-0.0891783947709884,0.891730743431586,-0.713890961396843,-0.598660855275706
0.0224633698357758,0.319659239632412,0.213700094585783,0.476779725772227,0.335569143334627,-1.23908812629479,-1.16693921813418,-0.130880158320404,-0.332116625236476,0.482284018167975
-0.729974885030438,1.7412346871435,-2.04116744363407,0.681379574785621,1.54502774512235,1.17433703522793,0.109187568213061,1.45935943324149,0.639068202387217,1.37666820729504
-1.41265478558396,-1.1871866463283,-1.16730480696605,-0.230022051750886,-0.273636870002503,1.95530539926911,0.400163199638932,1.8368037712011,0.290507733693525,1.7655924205964
0.917406849396677,-1.40603994260272,-0.0322028648718327,-1.58388817856347,-0.354763845508421,0.765691344272031,-1.34713822791742,-1.17112014961009,-0.896872913438954,0.629050206138133
-1.05327482909101,-0.592010902627454,-1.45089795432189,1.60975806534944,-0.61055099660418,-0.491409973103327,-1.09773653415378,-0.16943784121821,-1.33439488984171,0.431698097569894
1.04275788367869,0.350752475442503,-0.880747485147102,-1.19603873642246,1.45820010618182,1.18842584396565,1.7023809876932,1.65159911935597,-0.385550654292641,1.32684346579055
1.50569527933764,-0.446044620254585,0.632516315084861,-0.900411254140467,-0.351306434973857,0.743102769212912,3.06930245961837,0.532542045611546,1.0482256986251,-0.410469324294045
0.106245172088487,2.3715965899677,-0.0375766124043719,0.587402173479723,-1.10245263947832,-0.151640190819631,-1.08732705272869,-1.20442656074794,-1.69419027115724,2.12299145781036
1.35871797824742,1.18969731144848,0.777320158456973,-0.370069634624162,-1.07022000785537,-1.31843191823102,0.858474984680368,-0.372337242290197,0.5836841410772,0.300962410116498
-0.477094956712731,0.388861224236799,-0.148070321963649,-0.996945464267843,0.242731119354392,2.00746791235877,-0.206963365174788,-0.459648816484459,-1.29961892670268,3.03149770758565
0.833375706836595,-0.501202208301232,0.0420612095412267,-1.28482179594748,0.28953669509725,1.14980613105895,-1.00063747649936,0.6272611315691,0.790371621153128,-0.984096337739936
0.657417363721581,-0.771595984304855,-0.908265406862141,-0.220873259621183,-0.257393048969519,0.829797202575434,0.41962054981982,1.24613990965072,-0.0810241423163839,2.36108137960187
-1.74380103251899,-0.756317264593417,-1.09984749359462,0.846118635474308,-0.483998868444078,1.23127881035973,0.162305843864391,-1.3021133289469,-3.52191947390652,1.81089675608684
-1.08121025161254,-2.95128612299779,-0.18612919736213,-0.558602433258568,-0.11090214059977,1.68825221564079,0.569759760336825,-0.271357445066913,-1.43671261663317,-2.40649493969259
0.339714211321095,1.72990805429508,0.0245061992436565,-0.133255434637194,-1.6884048427177,0.0759897299377686,-0.328910640538286,0.020045191800969,-0.236821058952006,1.34110557713049
0.556665978203082,-2.01724176230679,0.678068563349675,0.401734892073323,1.81476212107017,-0.431152369818974,-0.333029119347208,-1.28335615485987,-0.125130830659885,-3.52734454794287
0.313025415766375,0.105708657642071,-0.30859913119226,-1.7907104950029,0.129748155442821,0.350964559411871,0.437636733293265,-0.393176805719233,-0.508139036936675,-1.56523228273095
0.448279479812535,0.272657292997651,0.399258687753476,-0.818626481097949,-0.276231212166564,0.313591731466221,0.0213894666042878,0.453566090699495,-0.474254740064776,0.845887079263275
0.516429900935776,-0.57639844407391,1.14249474776946,2.1127091058249,-1.3075652859245,-2.58695829551837,-0.165929480563423,0.471127390061345,1.14408668124892,-1.51369650904931
-1.76247587899712,0.0120545752858911,-1.03290362486966,0.758807611787447,-0.226671779769446,-2.05445332456688,0.707530404256305,0.613384159895022,1.23062851442298,0.351419489299209
1.2502657766349,-0.209249899705557,-0.879224727674588,0.720277311137946,-0.0331683089766665,0.869957469783484,-1.03407864999119,-0.898506522893983,-0.661200044187018,0.207197479308535
0.94408228850349,-0.13160364210832,1.86225656395087,0.34016607664936,0.809749521886961,-3.22126722838317,-2.27775448350754,0.594021684804343,0.00446448844974118,-1.35996458177918
-0.319307662248593,-0.899069286699141,0.804487047940492,0.0936838511255555,-1.44886899028439,0.0655502226048737,0.0581200625359142,0.638471463401153,0.478316848838911,-0.930884663724629
-0.763157274815196,-1.03262772778036,0.060113157597838,0.613013085340746,1.09843711333866,0.462074726497054,1.62395356365312,-0.743889377396772,-0.209815486794333,-0.629439326663374
-1.46508647133995,-0.888762047917441,-1.28563483053722,-0.184304346713542,-0.0264269415509421,1.9524378030002,-0.251656896233681,2.03087013295861,-0.548987013689136,0.955959102227349
1.22161195753126,-2.3611565097462,-0.294141620613136,-0.0501628170700784,-1.39810756854133,0.513293819653681,-0.335873471332056,-0.569291600318993,-0.688555697498657,-1.28785672088622
-0.568210989832516,-0.24681989289227,0.0780154677104334,0.765811614473556,-0.0524899445610096,-0.542184772406829,-1.80951602515029,0.367566905588473,0.0426830927535489,0.804862093441813
0.0538392923679682,1.38072604868314,-0.115445971926034,-1.14322109315472,-0.400724435981411,1.95493853467177,1.87318231871862,-2.64263526442108,-2.00437059227118,2.53240177257264
0.316266842976805,2.64791802633046,-0.297470763879866,-0.576022936040651,-0.560822992677802,-0.00826626159891219,-0.216354635598168,0.212879456120319,0.146777432769668,-0.0290874195643588
0.0498264497032819,-0.732111593204497,-0.716401581575599,1.34372876105771,0.865384060309115,-0.706425777175261,0.893170841205642,-1.75818469471269,-1.18490739228539,0.550601648556918
-0.594211968671692,2.35486313274252,-1.56251625746722,1.22238314745699,0.602591238439363,0.679453468686553,-1.36258272507254,-0.384074443768158,-0.472999573796708,1.50865341259431
1.75657810739314,0.90224828508208,1.85903639020151,-0.161600362562444,-0.0108362195173697,-1.10528890241035,-0.0118433896903724,-0.993714450467438,-2.54947900327541,-2.41697671323362
0.0816731237414544,0.278688605673615,0.199383232856264,0.893921599179725,1.87938257487232,-0.507941111731609,-0.464881918339185,-1.28785230423201,-1.34271404658123,0.772211927484697
-0.00731246368800441,0.208034022132459,0.890143857386885,-0.681812188232963,-0.430443166985251,0.311597488647419,2.42895383326661,1.60352336378773,-0.40458554832468,-0.375759348442715
-0.966521361153012,0.192281500306369,-0.522788680739053,0.595407151595388,-0.00964022857214353,-1.01624162279759,-0.35627893648968,-1.15376397594868,-0.720692204277976,2.11425806709209
-0.0288847351187431,0.134672631356003,-2.253342676946,-0.663697060520903,-0.595764484200066,2.87589383084792,-0.954599363449392,0.951236327347342,-0.0566634774121253,-0.387795252388265
0.16312058084368,-0.3680309809252,-0.728110867349059,0.761257353178463,-0.183677432684656,0.0219781310940545,-0.174342342825705,-0.186392459522264,-1.15615245008696,-0.76379574558085
0.502393642608085,-0.167796124108304,0.455631628547104,-0.200108870481484,0.253022341928855,0.0584709484246679,1.25759411223508,-0.262932293227579,-0.34810381760546,1.20880661198939
0.0558382626430317,0.73701525619217,0.848336192483207,-0.636249735559268,0.59379539304916,0.375644925916737,-0.710468739676702,-0.46340078201201,-0.105468342012471,0.00932201954698817
0.313023706530522,-1.5715461991479,0.311604497111708,0.666482283227654,-1.20930755100272,-0.132091341111383,-0.549151589754822,-0.728759807249375,-1.38295991839163,-1.48381256994331
-0.551798829440118,0.0892761078741973,-1.05676810980049,0.906007127313686,0.824228526969739,0.39337676387373,1.26990345777411,-0.355989492644051,-1.40370086499656,0.860994186217225
-1.16178718545542,-0.75385261257281,-0.106011164224861,1.58655047109865,0.221638334247887,-1.3529836884563,2.96261482898521,-0.46048639634209,-0.933672886823101,0.0587179823715442
-0.918330554444365,-1.31336095452631,-1.29011370415285,1.01484320046627,-1.37168113687152,-1.3145240652964,1.38735246931974,-0.780766813062141,-1.37779207755062,2.07724918721422
-0.411698639052577,0.363928125766186,0.191182423777587,-0.836085779280753,-0.0781580774012561,-0.65563666616183,1.28657214092161,2.25706086579918,2.29389415052825,2.47591624831149
0.225393220067329,0.393308918291303,0.928137766963125,1.44053911502124,0.113156582270785,-1.23174107030368,1.51092706418548,1.2203186772596,0.704893660734673,0.0964467786578746
0.144770825428545,0.825645468188343,1.26541855952813,-0.0419975221184551,-0.535839866246015,0.165245883472399,-0.694847653540053,-0.0189721428512244,0.289870399897187,1.11228141439933
0.206095874356513,0.630314438878786,0.311579630807871,-0.682678684597805,0.604593128767462,0.0769534644927038,1.16323570128551,-0.447055320178914,-0.659031099873895,1.20262461558784
-2.00957365539122,-1.29604227340728,-1.72697982678825,-0.737834602470249,0.197436715288555,3.21871863396065,-1.00100781584119,0.732599955853518,0.649125947390755,0.895905374968767
-1.19660600361748,-0.88251310045591,-0.789500775631939,-0.123866446082808,-0.302619303736735,1.63949948749347,2.03857141793343,0.0646838505955101,-0.865512730759824,-0.390087719923642
-0.472722526297865,-1.03109902301408,0.0921274153176822,1.98590196712706,-0.683298356590656,-1.53650540468328,1.44617738545823,1.60118142736147,-0.0702511546134479,-3.60813876221116
-0.0865277723581076,0.0897852761603923,-1.19780865773435,1.51096862207421,-0.464083243363351,0.305288459317231,0.630775680097965,0.6728110731915,0.209039151008121,2.1795530417342
-0.149350174879832,-0.179641314724931,-2.40538718831196,0.394437677312713,1.55641105383918,1.2943075605317,-0.391113695435534,-0.545889097169837,-1.12071694960135,2.72179204894418
-1.37279855657938,2.49406221553036,-1.27386001677602,2.07119506810847,-0.102689089891321,-0.319250271762878,-0.887462972186908,-0.238342164717353,-0.391604264157726,3.16399178965233
0.336566196894968,-1.57071888583397,0.849561024082826,-0.63627902707768,0.883050826078072,-0.244009509263107,-3.24470857788948,0.240752046030422,-0.0995710713196854,-0.908180238591103
1.50299132264628,0.0638793193690789,0.973713154174135,1.31361519283301,-0.156903493522619,-0.854152661331569,-0.0223971350944983,-1.11760539819885,-0.207249744292402,-2.33430833578372
0.149209332852031,0.289766966589452,0.0672385890380503,-0.0448893821835918,-0.276431503607135,-0.492017994537697,1.20289576936395,0.505711258200556,-0.904425430478727,1.20824506283085
-0.661174132718854,0.782576581729511,0.435200291319955,-1.21825530645599,-1.31159047695744,-1.77035501875887,0.00793707450927534,0.527098418090398,0.725622642139325,2.0738340521607
-1.28477360111039,-2.00429586725919,-1.26675811694694,-1.08934161867305,0.135852947818624,3.79037796496498,0.421097885472549,-0.887647617819674,-2.10763624281836,0.848827709129826
0.443113090132514,0.8753082133116,0.366639255465932,1.23684663953637,-1.47299789340709,-3.0724499852016,-1.28472591922085,-0.483721929521141,-0.223721085969632,0.790762155152451
-0.701786243852403,0.530431182861719,1.11846679664578,-0.744000178522047,0.550006081164924,0.936383890704411,-0.52981560374632,-1.24839356867009,1.19296967190135,1.55340247007703
-1.55121776665953,-0.0604233420020774,-1.67139757349481,1.46695369424941,-0.285394064270566,-0.834361297453036,-2.91289065958969,0.646223552789051,-0.853249373706949,0.953376808463417
-0.993561547253663,-0.0411764697465339,-0.376711692175921,1.26551001135714,0.0216793614624478,-0.307146087572024,-1.36630423360901,-1.18503322855178,-1.69976613948246,0.78924268458791
-0.306108044102186,-1.53534689743741,0.734973946377899,-0.279643056634759,-0.0301936727566607,-2.74569327364252,-0.399514997085022,-0.387305393053268,0.520065333306046,-2.36973721727352
0.915542450940872,1.09014110515638,0.492617370137406,0.177244200145548,0.940070474646959,-0.820243019001909,1.8649928169565,-0.511003884865667,-0.562106370892593,-0.0131485710190914
0.485455096419113,1.04716968533826,-1.22783133588599,-0.391359965441881,0.194844092632466,2.11855944979199,-0.707071114481993,0.0344941933363737,-1.12981776469862,0.765043418278777
1.53010097061556,0.676583537341329,1.65806905481989,-0.179146015118296,-1.51268394058672,-0.951892661670862,1.07010222720341,0.800819383158156,0.823608583311729,-0.913564927134004
-0.208435340767609,-1.09951079167161,-0.254223684669847,1.07996943210001,1.79513372896291,-0.0254277355772745,-0.791023830486047,0.381667047995429,0.51271891487086,1.0494398755349
1.0460935224411,-0.338122657595713,-0.193886242421408,0.405086435303052,1.22716217951771,-0.42491991765458,-0.000640032465546149,1.7180196964059,1.65022964093564,0.723521871584121
-0.664862358928902,0.85690813260406,-0.537150096650292,-0.583806110390882,1.30769359209052,1.97598913420633,0.670080247023834,-0.226535365584583,0.858747171233269,2.92565846817839
0.286817453097027,-0.621561522572259,1.13614802571996,-1.48491717659327,0.210412409778659,-1.0069539061827,-0.177209586605822,0.711468654289632,1.61072435536492,-0.0251050349816519
0.715040308760867,-1.28742845846706,0.963258923840879,0.12775477324631,0.400646652428974,-2.18078933574573,0.338782267838606,-0.633096320698762,0.0842824966858893,-2.42089368756971
-0.505603719591562,-0.495009894197303,0.198517434268634,1.27412843732688,-0.20336353404457,-0.238261962968694,-0.246517633815513,-1.15536872911949,1.17773905934176,-1.81962572990264
-0.771101689080931,-0.857818658596386,-0.601930226239931,0.783102896848345,-0.298038009108905,-0.365115286371433,-1.03660886434053,0.272929762570123,0.0665335299120589,0.783993143045113
0.596913042966588,-1.49102635081297,1.82310302273337,1.26081508757633,0.183351712952339,-2.04027662706475,0.498296399543645,0.43787304993309,0.348029459620545,0.982665037020835
-2.20714982663937,-0.186093749991709,-1.20130767602462,2.33400463332765,-0.199490940632694,-3.87112467177028,-0.906549284542803,-1.69419300187604,-1.58122024616983,3.18243763243135
0.738456656328834,-1.37441189763291,-1.39938235893183,0.728956334226356,0.721486266508705,0.195115014915015,0.289302932031154,-0.891856660947815,1.10309941217796,0.14482422816029
1.03835507228093,1.34341581474858,2.6272302693172,-1.5970485222874,-0.103314113092274,-0.379964954083334,0.2176796351284,0.25521158398431,2.37257407056413,-0.503584595762912
-1.15478684070518,0.716991863536194,-1.85754368897718,-0.162127782794454,-0.726214761288631,1.69551719579032,0.282201221552081,0.679680915743127,1.71825681726692,3.41642107982616
-0.191262059689603,-0.978149747478301,0.937154941285983,0.993745334349864,1.19326160866489,-1.72450419110974,0.158764139741504,0.556577300308518,-1.90823705590406,-0.918135209231529
-1.00414667579879,0.468471646619689,-1.22148908747294,-0.109206069002113,-0.0106492010778079,3.07712581980741,0.903148079310104,-0.902493064508156,-0.616034327355793,3.56540425728461
-1.03555334841922,-0.350331232946912,0.169250422047266,-1.26118501209398,-1.17868825058281,1.22975005014511,-1.9075711424351,1.15288710243546,-0.252329071026455,0.863235213222895
0.700558631235213,-0.12242297448496,-1.27117645764703,0.966605299462341,1.05430234905625,-0.105630241937083,-1.07383297245422,-1.55213250300973,-0.203906927042594,0.733759084190672
0.234535184801106,-1.53386581800731,0.0934412493960815,-0.154725086185961,0.278602455711482,0.735155581669637,0.197542359607832,0.313693624402271,-0.0450566296870103,-1.30135726741344
1.39952604524875,0.97629183220957,-0.804864633009261,0.889758821794522,0.121256991526177,0.00716517347770579,-1.93942627010517,-1.49918180807048,-2.57480408327608,-0.436892960871213
0.250144526103851,1.47312795669302,0.683974872992192,-0.246141190149104,-1.0808848775248,-1.70226138160479,-1.19951612795232,-0.175797140976426,-0.157099355137635,1.23387255650179
-0.0670237644421919,0.446585873529098,-0.398984755905795,2.09822992823458,-0.8097268487608,-2.46858674013293,0.25947403299054,1.10062223583033,0.746887688110653,-0.873493876977897
0.547515545750392,1.06429951291681,0.219315738857698,0.638045625504209,-0.0518507500659742,0.00603468290226891,1.82735839865681,-2.16267773198241,-0.41940238646925,-0.489244919268583
-0.063325313358006,-0.560963968653425,0.269014849331886,-0.988576673037,0.0898488012812217,0.227958250516682,0.465171081834608,-0.646372357573715,0.284772826003306,-0.359987423756016
-0.000283580840412349,-0.229709538484614,0.12605868483619,0.666517125246055,1.25096697776066,-0.707511755125929,0.309704903819086,-1.46626399418935,-1.32130253547161,0.110803433995425
1.84831367146601,0.70416419265886,-1.00566335741923,0.22952892001778,-0.19323017491793,0.556518175433035,-0.139645402183313,1.74105533294513,1.13127519873516,-0.0343761183710465
-0.492591997839515,1.12159059888644,0.126046604803532,-0.657718473824075,0.284097453367363,0.82655011307085,1.41862450097968,-0.18338363494492,1.52171508635008,1.47527967562786
0.164484674935563,1.62718876435947,-0.0980255787311043,-0.752126792910578,1.58814783040137,-1.35609140387134,0.322519762391478,0.705530085203151,0.559674894319115,-0.2083406874043
-0.485606998294517,-0.524589649663654,-0.618545667934574,-0.216105852472666,-1.2727566646939,-0.598915512830682,1.98369613942166,0.12213353835935,0.162958098529628,-0.689743644867644
1.13260922117423,0.719237435762148,-0.429172158434384,2.05741599983346,-0.215146218267146,-1.8592841217362,-1.21538141666718,-0.761539806169358,-1.68140635515111,0.935139746020604
0.185906360196624,-0.0619892023817868,0.577114957272334,-0.66834712747808,-0.706881815857014,2.8289234847977,-0.272103987341715,-0.626189542981917,-1.24498638060187,0.214417460521082
0.482308681438659,-1.83901841315715,1.09651065195247,0.123710778275303,-0.198145733319821,-1.29422057455218,-0.218111298456871,0.317395832014362,-0.0479288050409636,-2.13343459310008
0.281969840863287,-0.42120290193104,0.259546563892655,-0.601431494444638,0.156385269730634,1.01795985610203,0.465347833968307,-0.00350730331710791,-0.717444628713124,-1.63389714095406
0.434582515511127,0.183513114458175,0.523292930623502,1.12419858615286,-0.812481975975323,-0.735245055669797,-1.73483599168084,0.00834152564951696,1.17068318480275,-1.77411865034696
0.923812987354043,0.437027916906796,1.13776702379314,1.44343067004125,0.380120186725502,-1.04131954543517,0.431940550578072,-0.881900165367185,0.724155348185706,-0.202240598557523
1.32708096819812,1.85046397386195,1.80041042484182,1.7503236789606,0.342143544644344,-2.483738623508,0.66208577289432,-0.175803556754845,0.457316495950023,0.0217509445666944
1.17420537495021,1.02309968544274,1.38022891335296,0.401896818606549,1.13700527276418,-2.57083825640418,0.852591204853759,0.0709567388413175,1.6382879330928,-3.00507191891792
-0.968323635608627,0.398601538720287,0.196636152146509,0.162138855725684,0.346760018843606,0.96434246038863,0.411569382610313,-0.0935332543648966,-0.427989105668874,0.964402588106409
-0.424606835258031,-0.187979374753515,0.114326405075295,-0.491028662735736,0.189778336987899,1.25145720948869,0.710680139526477,0.00173676783939081,1.2676522323141,4.05501270689478
-1.06599519650378,-0.250727321892857,-2.28695381546301,0.271966817106948,-0.397460747733269,2.82456712806985,-0.883546417785126,1.93547571802443,1.30162149646055,1.6298152225523
0.654749217235054,-1.17028645600858,0.4558074610475,-1.31293348284433,1.18029216121486,0.637811565048331,2.66930061269995,-1.56604051329384,-2.57084317420141,-1.07147969708406
0.687647728678088,0.142780820951625,1.06524148356529,0.528876656043986,0.4003611043287,-0.947728461042466,2.1001844749809,2.94712385651332,1.50838653665255,-1.52057117247847
1.37163746162917,-1.27096261399061,0.169740481700165,0.344591810367764,0.429059506957484,-0.712314005588136,0.201778540082171,0.225925525282293,1.76596059941115,-2.05187417317207
-1.1346245196523,1.83357790032243,0.999762287363622,-1.03628924476939,-0.85167651872536,-0.751958388029215,1.54621921738455,0.508735535542407,-0.427496736239365,2.07753082789249
-0.675725371815885,0.682887693264739,-0.0374718473943846,-1.23703242301993,-0.155354280132143,1.72274646539396,0.106574910134458,-0.574588371517574,-0.324090422719814,0.072009638090322
-0.225539937466366,-2.64370289438245,1.37851789985433,-0.700457804064421,-0.426428532787336,1.36644594191967,0.285178621298089,0.42636568162378,-1.24732224334464,-1.36117591282113
0.365070650784157,0.220587293826156,0.646699801003819,0.900478753227241,-0.523011026582369,0.789889643657739,0.577450483090013,0.12119062754864,-0.597815301070686,-0.693786713015886
-0.542340914614999,-0.46559474923828,0.322889803670449,-0.772314120535783,-0.251007116795336,0.538059237592933,-0.43125703353797,0.168900643218156,0.315280134482474,0.223590546643178
0.292960730875832,-0.466956773873552,-0.503313853391925,0.956289323251818,0.558229438159456,-0.0284252208371926,-2.43641853907819,-0.715132644675164,0.504842025641124,-0.0392157216392425
1.26174892020445,0.114349888519603,1.47643581933273,0.50926053598863,0.250648250894051,-2.58134350126861,-0.935608091526913,-0.0397685044586304,-0.537118751423279,-1.35070992756428
-0.682514567032127,0.834227511631015,-0.29103266163883,-1.84388578352799,1.03175121181219,2.6813510949407,-0.00912439238578336,-0.197347170957198,0.299841942988319,-0.172436705675631
0.45724145245735,1.5545968200644,1.52150749153993,-0.0102311220829525,0.256394931274689,-1.38189850171276,2.00088662959198,-0.728056024917446,0.0186443634455949,-1.23799173328247
-0.853498134162162,2.00938461577969,-1.685538792185,1.4690673130407,1.01203783422844,-0.0773591954325543,-0.876450186586173,-0.0468959746390443,-1.05509501478559,2.74085939677504
0.223028322675123,0.776226615625686,-0.153963308346841,-2.04149450466192,1.07514310743622,2.89947151241348,2.00387072624926,-1.07666487152245,-0.871013697750542,-0.311115432844034
0.646370146680158,-1.70425285589891,1.02712666925286,0.703419421773624,-1.7020905789956,-0.197167526505202,-1.2717801798842,-2.47135707426794,-2.71238975317949,-2.8265860061299
-0.10095060019628,-1.91721030471615,-0.87425662318336,0.774498612759909,1.20921685026712,1.30217415628801,-0.632591524292484,2.10685023321899,0.762476904806158,-1.98519265523841
0.667241952267755,0.0340017832940596,0.697066968366806,-0.447252693445541,-0.838645899736228,-2.09048566272619,1.18839026838332,-0.447015215901578,-0.081914305700313,1.69161071130048
-0.747943599609243,-0.540569295655661,-0.466000542598193,-0.681170290091459,0.643664450690389,0.189840586140586,-1.53850801667791,-0.137364872159739,1.77381746097814,2.29959947046086
2.34609455693112,0.913663064717139,0.165509357227644,-0.758203374025951,0.588615813717786,0.986464707141448,-0.131178387785991,-0.327158639821502,-0.889378654409233,-1.19946756672329
-0.817752534437241,0.784566352076011,-0.140703328879338,-1.63564673287588,0.0629358733234489,2.47504431040667,-0.411066827566893,1.03641949979645,0.0440207032354069,1.86401730677238
0.030511661676804,0.38133068941884,-0.0315620887731794,0.0343956526426334,-1.33714695255731,-0.700163092247728,-1.7994880987262,0.208750461167709,-0.126752847705466,0.299386382836527
-1.77555370427213,-2.99391133692251,0.181742168447493,-0.843441489478749,-0.211103095718976,-0.237484935081147,0.198785906149305,0.445645536347588,0.881526244206615,-2.51902353310305
1.00974112001941,-0.674059249435591,-1.31984886972934,0.260448156347152,0.688322112537134,0.362223082015579,-0.0763267925361944,-0.541020473609419,0.442370093286129,1.82032731303865
-1.54675294186729,0.920173165083101,0.576520569709113,2.4049107686341,0.2126683101775,-1.40055866199408,0.48759033840809,0.514445039375706,1.65259597059145,-0.117037577335113
0.0909591562318195,2.07574295404363,-0.691474571572501,0.145064285089546,-0.564436175318522,1.61810721581794,1.69570431229469,-0.00450825192952464,-0.0945970195122706,2.12167940060786
0.672334846577805,0.227705013423911,0.184252093678268,0.282161499194676,-1.12328605726601,0.190279613304719,-1.26552948749492,0.722587791222441,-0.626001070027448,1.84636580596977
