-0.547203516031541,-0.607650046849615,-0.22576246649302,0.228244477506475,-0.769240366913919,-2.56941376103688,-0.25333295440682,-0.423110250906457,1.09669924079857,-0.591894733593972
-0.650439782305562,-0.546974354866195,-1.25754512676093,-0.980170627761291,0.955196000236206,2.56417785813254,2.21342300948344,-0.331405603391138,1.04655248848369,1.10778251479963
0.7618074279015,-2.15625398856969,1.30949034752472,0.27651133382434,0.406613585314318,1.03380562784028,-0.564341592030921,-0.428073253333625,-1.48197130473405,-3.310326323296
-0.734439022498368,-1.52678527360547,0.163818688991227,0.0869706189186889,-0.0305562961464218,0.527874494029473,-0.700778076740146,0.559624886260368,-1.40208305951567,-0.0626163722691587
-1.25113350583723,0.85014418079482,-0.519457690794424,-2.21872933457237,0.645419998384652,1.56472952835468,-1.6809676765575,0.96329868850355,1.17493493393607,2.64585363111654
0.320014914330488,-0.099153308070846,0.622387477794432,-0.212109854630287,-1.08812902846938,0.550221618144708,1.71971632820508,-1.51323157675946,-0.386012174088188,-1.94647623100506
-0.0648495789135709,-2.84169662263554,0.0906391132453112,0.10852006169073,0.746609579227661,0.187872464028053,-1.28287657909852,0.398606923046687,-3.0361629693841,-0.973082785135532
-0.386835246832497,-0.47237467468043,0.818486994650242,0.343294379886213,-0.869133124658722,-1.98770456333679,2.21952195590489,0.90664200254859,1.70504199478887,0.219895512846481
0.512843580007438,-1.36485665835505,-0.972191208585625,0.340146562304223,0.190585116690658,0.583918733323275,-0.504061557990867,0.138619586758841,0.588457439419255,-1.40859462894979
0.373833029728356,-0.062251952541573,0.442606979087612,-1.11356589119669,0.701638210732988,0.194007078300454,-0.44021922028341,1.20036577966966,0.620757722232502,0.455832802979966
0.636507935862014,0.834003009917238,-0.486557864133698,0.0768915175646579,0.673326592536226,1.04886607400821,-0.701207752373898,-1.38502020197474,-1.77934351330596,2.79766929610021
0.907286124096098,-0.996765614116294,0.622998889271378,-0.914209060252537,-0.971336042434069,0.931585444297287,0.132488046202051,-0.961743941119312,-0.438394763321838,-2.62931242653429
1.61720226886251,1.59094488252497,0.437268564216673,0.673328349567261,-0.241219711277619,-2.10354207251204,0.567075079107632,0.0709036567951156,0.22239070377358,-0.943800036902879
1.33621978485559,-0.586806931149613,0.0836885074284173,0.3990308586469,0.30837569410747,0.149679919871677,-1.47542495886688,-0.348877709293627,0.155178604101927,0.155903942288066
0.54380455437417,-1.1126998743865,1.01597677801561,-0.560183328373992,-0.0191103503484491,-0.0363229692807321,-1.47020826850236,0.826025603249039,2.39078421777784,-2.45481475182616
-0.753190192757587,0.928726625063417,1.64057499051945,0.0782140303808742,0.649659851321269,-0.684567040014597,0.0562012180763859,1.0047754001767,2.65697529728403,0.621718980164777
0.498031045506685,0.113030130307766,-0.211197708892719,-1.50431792515031,0.000844063211346091,0.564139744111537,-0.635746067211679,-0.815791895761476,-0.440504444238606,-2.67855347706377
-0.891537226856,-1.30800368143514,2.56308095752321,0.573550364811511,0.291792712708436,-3.83662755075183,0.395622703677929,-0.436230345861693,-2.81941432132684,-2.05122267973503
-0.183057952218936,0.152363013834092,0.284164376065601,-0.281588585957236,0.167646696889471,0.345149087564661,-1.65796457696644,0.256213278135206,0.149271356045348,0.467097781554301
0.126458614794324,-0.523517734135999,0.309848412171746,-0.517393040051501,0.906176283620408,0.632093961501746,0.339101783437424,-0.0297466535360763,0.858822989528044,-1.14397482124217
0.118372229120463,0.632624550865911,-1.02607326240034,0.425751428532244,0.255551023638008,1.45482115202651,0.273063501704194,1.23853204743085,0.091921906138962,0.995924736670425
0.7584616205704,0.57424138863266,-0.345766989797095,1.00000027857289,-1.37349201257746,2.93954762746786,-0.625858393940017,-1.18408086234587,-0.799988346622699,0.605972975582073
-1.40439399187511,0.0350952479849322,-1.87548842760159,-0.504928203230068,-0.355468454894678,1.99422042869157,-1.22861696935306,0.0283531920110773,1.67291692102179,1.18656469613412
-0.65462546233232,1.83652983252736,-0.213612139705058,1.91097572331531,-0.696404186753674,-0.720000143836195,-1.25523973099034,1.64509326657077,2.34603229016889,2.49442284188597
-1.46409802795587,-0.801664080755497,-1.67181398447521,0.529189667674214,0.294766130836839,0.186434300898909,1.37280368119719,0.126059682591574,0.258672167924043,1.20381611970512
0.833003606200888,-0.188851232255433,0.468220653852247,1.01149498473616,0.455072780628085,-0.62867513036162,-0.855548210971386,0.0730024990242808,1.07637713855177,0.469535918265482
-2.30255032123807,1.32699299224857,-1.26567112599551,-0.106552729022279,0.379181665236148,1.46294793875661,0.462015390255411,1.20995490956065,0.36342346894706,1.28625807001666
-0.849399947645734,1.45089476751798,-0.500388032558107,-0.713185836213889,-0.159906077777705,1.73627309808402,-1.5000943518749,-1.86416744616518,0.692269176219013,2.16251914638563
0.230692669777964,0.0811022315241891,1.02914932512059,-0.923841120702172,-0.634863926757445,-0.406149212199945,0.382211936295813,-0.658747295859337,-0.499606770495984,-1.26866109626292
0.182828771192561,0.125400208443273,0.14844654205493,2.13719647898209,0.770207025936866,-0.923823312849337,1.78345531259577,0.520433563358545,-0.337893901681728,-1.33750464747819
0.36566629173758,0.234862227349918,-0.256233488807134,-0.248400091545461,-1.0771061970268,0.63556605892995,-0.756756905614712,0.826163190102518,0.122612642400184,0.34013774781838
-1.57133714613992,-1.12110996376636,-1.48779902508616,0.0578327089511097,0.388810327657983,1.66684283127507,-1.32424580572125,0.357578839795521,1.11971377130826,0.872616163476185
-0.930495627353761,-1.62574192362719,-0.610633876775604,-3.30809645086337,-1.91464425756524,5.26284516889909,1.11682812430745,-0.773186097832655,0.321665321411252,1.42098905720643
-0.417613449675917,0.355726994650577,-0.159069661374118,-2.50543117013079,1.74052215638011,3.22036996518623,0.412469064551173,-0.842870663535983,1.02604037054951,0.199042313608888
0.208771200815222,1.12170048526701,-1.81841335187178,-0.735153166009494,0.27657574757799,2.41177522007824,0.186903509828662,-0.452311062000087,-0.553933840788223,1.22323480918932
-1.48204154073938,-0.884971507334164,-2.08478080267889,-0.946394363484385,0.199501911650476,1.21457437928996,0.00734204263899157,1.28100758068929,1.5934917891775,0.184688729383017
1.38400912956266,-0.30671056341892,0.735229019647629,0.724010307230321,0.723743034966327,-0.394534237747988,0.432452936596154,-0.730503598162967,1.02316562874893,-1.68968521116203
-0.192676328997217,-0.0151316414620667,0.401971352438286,1.99749372032857,-0.324967629903837,-3.87294062749789,-0.681560247432074,0.798475858256663,0.857437699493559,-2.41568921330005
-0.0522393319244338,0.640607380791495,1.328280795132,1.06221350969097,-0.407256329979034,-2.16761067434871,-2.4703205213931,-0.324198050637726,0.562643911496909,-2.90391452985605
-0.925393942521663,1.28441042732156,0.186495203476559,1.00222638524621,-2.16590146796802,-0.389343076109351,-0.870959402432587,0.916686647886426,0.0337048133667603,-0.452037946046382
-0.710293791325747,-1.93333822432918,-1.66197682842916,-0.29166011458253,0.66607550015691,2.92342210082328,-0.302252356136207,-1.52321876285676,-0.851933218777108,1.52668575868841
0.997468823908663,-1.59421264454693,1.51088139110555,0.0626820292199474,0.485765305242404,-1.08386440822408,-0.699378030920675,1.0689717314768,-0.58539304932799,0.0362434539030572
0.0812094391994891,1.5831073973427,0.56401700765224,2.00859754138706,1.01386919079534,-2.98269108653567,0.23262274450027,0.0801980730469274,0.905766133868996,2.80297005724977
-1.32546752049023,1.74690775070546,-1.63407082985094,-0.273923989081135,0.695410674363169,2.31219676244681,2.62287413301116,-0.612127034591243,-0.828092705608453,2.10326582760102
0.662237578304367,-0.771491325205087,0.255315113965907,0.1492939983295,-1.54889459275973,-0.518127273992463,0.112746314146479,-0.532164758833398,0.303959325048664,-0.388669693024718
-0.314321310375674,2.20678244032771,0.155338909673514,1.02756963222384,0.586538722945676,-0.934160675463267,-1.28341733032752,0.463236302285514,-0.361958764009478,2.29735659924189
-0.609805898115881,-0.94253770420342,1.95184140073675,0.370820719100305,-0.203494670518136,-0.907228099694578,-0.626269759538044,-0.829073896970326,-0.433220072577742,-0.847275751336012
0.416995280438375,0.58343876290732,0.105465558135475,0.340409250048184,0.187688871546657,0.611656661649747,-0.520036119586378,-1.417535593984,-1.2488621519026,-1.84774794465991
0.158748130404176,0.868430075067888,0.926484331983938,-0.0895012871534686,-1.36851735560357,-1.47606742213636,0.359399908228339,-1.52189872404911,-1.85722127869343,-0.636787300240996
-0.0944281888152281,-1.43230618742514,-0.141903747293004,1.08793419705689,2.53293908454045,0.387914350474821,0.179290830332189,0.370444223573469,-0.607994178988582,-0.123746113428755
-1.06752801530434,1.78594957749211,-1.04946053901537,0.461671768017026,0.316150472055036,-0.136259735948188,1.26975826240706,-0.430737423508303,-0.183718601995632,3.45913597906093
-0.242562152982502,-1.45138802206129,-0.265272650199175,-2.12387768663625,-1.12074616291837,1.8108343165412,-0.504932441129546,1.70690007198766,-0.398581728674459,-1.35463589665519
-0.693592654649654,0.247574429221324,-1.18099540601184,0.597947774680565,0.548389044260926,0.917316240916271,0.0670661338699938,-0.783998461734078,0.331502631836668,1.57319889673745
0.333410557792341,0.618811288418071,1.03347696625695,0.839277313210453,1.15800439272799,-1.37362722943085,1.39872441224729,-1.66807324064567,-1.99006441740813,0.0813201106501749
0.359196908891327,-0.200483609271081,-0.635549720495137,1.01119774558724,0.830597551538336,-1.77819795706472,1.03497612740615,-1.04669251317507,-0.15397487771614,1.23272784079446
0.0519247800495545,-0.406554218181507,1.39580726345725,0.638695000662871,-0.0505878111378295,-0.245420019279837,-0.851571515057342,0.619713971681255,-0.281145727256383,-1.68189679338751
0.0480051724346845,-1.44188554670353,0.062595791486426,-0.653990659031117,0.65976703230453,3.12123228696522,-0.442415045215393,1.50448299960777,1.07907678129827,-0.0830217624522509
0.330010080013606,-0.359967325004016,0.462497994467159,-1.12856324379089,-0.188473513270235,0.903629501420063,1.48592560274798,-0.0171850657182088,0.206565326628007,-0.910492548963245
-1.46436884184846,-0.82010995056646,1.00431630459699,-0.958903119236988,1.54658159807986,1.84344257393392,-0.928878601036397,1.26898737876094,-1.49673625274644,-1.82691146620741
0.820018415928736,1.4987984633486,0.518052474725871,0.371459423935529,-0.38392211697929,-0.360982011950274,-0.535289958103885,-0.73261375816981,0.409996414094737,1.4215206658032
2.03870192248976,1.16470214652213,0.908540906350253,-2.32685528771559,0.0201259281981868,-1.42849544998412,1.38514497766082,0.929698640273387,1.23871737023365,-1.81127965973816
-0.91718416324135,2.61782551132597,0.479440228010747,0.452536682506073,0.955723611176884,0.136128707641581,-0.871009987829251,-0.124883871145616,0.718233913840162,2.03043355272027
0.934823695460924,0.92874077894272,0.596852348069504,-0.377758966758778,-0.176501142192617,-0.772835893781577,0.130595298945445,-0.746247353433052,-1.50724081208184,-0.750288162886408
-0.139076268446755,-0.202456606878094,-1.2974569016774,-0.130944005097707,0.0888725797482868,-0.047355196752877,-0.197879042457626,0.274510075765176,-0.877250369213644,0.837633848969756
0.952376712448144,0.434528368826984,0.954980639026161,-0.175544045801472,1.43072982548077,-0.130623822446621,-0.09408176137576,-0.196933158048807,-0.337451043770418,-1.52410782448625
1.03785446439107,0.0208837456214897,0.029279534958926,-1.62188636445007,-0.0479323743112595,1.83633737267677,0.209129867669482,1.17317693265036,0.342018779502887,-2.62904743862518
0.160846773570964,-1.87789767849053,2.07454796912079,0.803120015459243,-0.545977996779344,-3.09935715785604,-0.153692081501551,-1.20829920050794,-0.0970244077261947,-2.13091178372251
-0.361422379573059,-0.55081003398428,0.23483536916712,-0.39348790451104,-0.388192494125895,-0.812449809230599,0.706890165519985,-0.0730137923900804,-0.531854209979717,-0.212795512895949
-0.068726950100732,0.0886969630189095,1.04035575369541,1.56071890276753,-0.35432795642106,-1.44226925469732,0.365245533053808,1.81714296248913,0.174965094531821,-1.91620845402179
0.889730876237138,3.04797545852591,0.754470607453647,0.444750458879758,-1.25244806371354,-0.97248698466726,0.169207285340494,0.397134325522134,0.0770414380480713,0.141997326443568
1.29564942584478,0.0263042844535136,-0.376114447020296,1.35257459064709,0.517131726855353,-0.312399920563616,0.683752443419804,0.274595309880892,0.684843393775733,0.188950155552529
-0.414210563241902,1.40081448695894,0.754450319815753,0.85858254127491,-0.618761080721883,-1.44841918127,0.122911724673195,0.334034763900852,0.373716245077149,0.68766460490827
-0.582284824475076,-1.55979151031441,0.334338017295827,0.17941649614163,0.223261054034126,-0.00151785472130639,-1.78803519214099,1.0729677470908,0.852457804881025,1.47495898890521
-1.20106975400563,2.55466601025333,0.874289082390673,0.306725465064669,1.47928296222916,-0.782375695891627,0.837909389491849,0.190897876328224,-0.560952568629125,0.308072690582836
0.793431701875458,-0.806501691590735,-0.239734711943352,-2.1274026341658,-0.05795307308292,2.49900296546343,1.14428085139042,-0.273061608574346,-1.10125964814565,-0.964497946067746
-0.0268493378704127,0.42366952063856,1.00971358287796,-0.989396965392125,0.290397937066893,-0.784971708229165,0.851029233242255,-1.23592199235808,-0.147788059718358,0.465196262458349
-0.155205889263202,0.0790131498881712,-1.11300252626561,-1.21330479026818,-1.19117888345548,-0.298251465812016,0.304887878970261,-1.19282884433582,-1.14285055368193,2.39355783065331
-0.442447431270415,-1.71196088605964,-0.173769931504878,-0.486610996522626,-0.115429708891065,2.08479814171238,-0.825422466491359,-0.222690719380531,1.01829581595073,-1.4285411084868
-0.0234699197662828,-1.77129773395937,-1.09960848258535,-0.182667639901088,-0.98330521867568,-0.0593000376233879,-0.690835620623078,-0.683979373934668,-2.26826285867378,0.375236645024834
1.72559133311163,-0.594874262910998,-0.323400163286345,-1.88243023264409,-0.387908394031268,0.936513276849175,2.29352549267004,0.00521065651029601,-1.01934815313192,-2.39688187161985
-0.484998229568797,0.452685828210377,-0.564208842911185,-0.284405473437095,0.316952470067346,0.630441563422514,1.13694221246119,-0.394788784309779,-0.703471236007049,0.35793075509864
1.40525370850327,-0.625789644015961,2.05388541599686,-0.416423242050103,-1.05232457185853,-0.740863260349944,-0.808578284819766,-2.4883971513188,-1.27886881485192,-3.12008901134319
-1.60302647567809,-0.602295609462281,-1.60005642843731,-0.0251214014814749,-1.26735193804518,0.192873771389986,-1.28096066079525,-0.884899670502657,-1.09026042199803,1.52382487429459
0.302669540899272,0.385014361439883,-1.19365828402801,-0.397637489549166,-0.459870946381775,-2.12532714165201,0.605219571645077,1.2325005307619,1.64908905222294,1.04044133018909
-0.750450246498695,-2.34234541827476,-0.956759048427135,-0.0574087462786524,-0.793071614322023,2.41658999102676,0.725070622958265,0.482597637280891,-0.541689937943295,-0.287350596975808
0.438111407465718,1.08267788263767,1.23137899628959,0.678958093257572,1.20934752094226,-1.05343275017988,0.290997667767001,0.0115452791869294,0.443522404347846,-0.563083791688704
-1.47286900242855,0.754292545357081,-2.29172924866081,-0.789296558954112,0.823022424692555,2.86508639881257,1.26356328188908,-1.58573613746951,-3.24304963122096,2.86858411996882
0.396035020641616,0.573580023435701,0.950458829169581,0.308973251253411,-0.857774171015903,-0.375513793235285,-0.259759222402272,1.00823429544376,0.773857920401173,-0.542097848092958
0.201297503078802,1.07782683627411,0.382252740263286,-0.9748642930096,-0.231899083494334,-1.75130424080201,-0.464201834940065,-0.506701431159403,-2.03047434446979,1.14516081243677
1.09187336785713,0.831704083625415,0.144566462118506,2.04354740479712,0.853491639124323,-0.532847428185747,-0.459569001393979,0.571286686011097,-0.000580778892128264,-0.449727357063615
-0.314147447404784,2.43213027916753,0.0129612460777539,-1.75425616529355,-1.34354557295488,1.03759647818756,1.54543913572598,1.19717727814176,1.67335168289578,1.00784492817106
0.543037295286594,-1.44834413600989,0.749987978773456,-0.0595305002377895,-2.50646700443387,-0.222898207972965,-0.409582560545467,1.19910708794055,1.10192691897189,-2.23376001239708
-0.898828514939833,-0.387467409974839,-1.10141020849999,0.959365774787601,0.452966446501587,0.12040449687233,-0.641899798116527,-0.233076047834051,1.09660937783158,0.973324229317525
-0.449107002831441,-0.154156261635851,-0.849126419006917,0.0555999797059772,1.57716470116543,-0.0456945029055117,0.0871405194222695,0.867507352254441,0.34793500397933,2.29862479716977
-0.0224471418842806,1.45952061373994,-0.36120124370698,0.213744582619399,-0.623641509493666,2.04598462392835,1.17089738719487,0.828599672513047,0.0411494154099127,0.860719709284414
1.34650835249871,2.56948679774295,0.485860810403444,-1.55208851732477,-0.889516789190898,0.0839394208672778,-0.995211323379563,1.28437996327042,-0.485103495231851,1.04777051758789
-0.553129091179933,1.45872943211162,0.471527759077834,0.0050269333666787,0.247396902051098,-1.59217343310805,0.335744175883298,-0.500135836078319,0.21626296385267,0.0140163974230995
0.0826895233239888,1.48433006902189,0.633876089710197,0.868173044844435,-1.38918157201215,-1.34756482732602,-0.376749848435084,0.314618373409657,1.38012046745428,-0.300467652055478
0.20611894414894,-0.520466946244236,0.826410908269953,-0.267014054492404,1.06664221913836,0.607069315479209,1.09701836025115,-0.418062004888417,-1.85475330514383,-0.49148860839453
-0.157696415723183,-0.11815919237836,0.156728989519911,0.710758845790435,-0.303638624838675,-1.03726132477586,-0.901330999897354,1.4082852664976,1.08115564716512,0.928297175749794
0.910034104709841,-0.234183573456613,2.0838843321364,1.85918205367477,0.356556141746545,-4.07930787485455,0.934591141927011,-0.33290926838535,-0.0659333484965954,-0.783334317795864
-0.677987014344201,0.666456514225575,-0.0215632918966863,-0.914786421356004,-1.20922910335461,0.506527467696694,-0.460687757900043,-0.497815644272524,-0.680099058815087,2.56411880304001
0.275931407748892,-0.107185210659265,-0.630795743737234,-0.138246807674579,1.46096488035564,1.37868368943079,0.418360551468846,1.54793507005365,0.830475686807251,0.687043964174667
-0.955939820074947,-0.127240662332456,-0.0765018864282563,0.163468561855744,0.741030288025426,0.0700257691594399,0.281522051642945,-0.822770609679236,-1.45658988060675,0.250021877052656
-0.0785622504106202,-1.08386616222292,0.666008663390629,-0.687066896493301,-0.96677727369057,0.285084669633534,-0.166879391741088,-0.596191539558272,-2.08422251421387,0.0262587019365797
-0.526671665929192,0.449375522749359,-0.492042463208181,0.680773354842795,0.0975495837869912,0.954216701599752,0.756276639642665,0.360879810635892,-0.74610985276009,1.56892624726123
-0.305795948735162,-0.43340035207056,0.265507339936007,0.892345284464351,-0.533259363993466,-1.06032782707404,0.297429132845228,0.928424434687969,-0.0323274399302813,0.52198136566595
0.775430993149393,-1.59580618734774,1.27142225384051,0.24226099126976,0.297970658833678,-2.29251782805151,0.386802924608848,1.55278783921511,0.913812066408508,-2.81314925703927
0.424308841828262,1.04674119119176,0.712722896078979,0.795426145649458,0.811012741794181,-0.997173272786802,-1.93040692826162,-1.16674279504095,0.552974993645599,-1.02598081514663
-0.0726116506827043,0.229415536686056,-1.32941580469796,-1.17929427424547,0.766232658482872,2.18027073099727,0.138393664574701,1.53450028645332,1.86953342542045,1.07585989875632
-0.0641099568158546,-1.30573314843862,0.498706945732494,-0.00140413458222438,-0.343926134352226,-1.67642042539326,-0.4063673651029,-0.913017035067998,-0.775065019402772,-1.01118154514441
-1.6736311467083,-1.02983983719099,-1.52888043965426,-0.687164684013686,-1.45978511986366,2.98681539729777,-1.61641272135441,-0.70163838876567,-0.342512590624307,1.11146730441185
-2.49014322521166,0.40531519037866,-2.06320863791536,-0.727043065983196,-0.0947416199842467,2.13731874605183,0.055250274981863,-0.190071108516704,0.899372592815005,4.01732109296735
0.522713487088311,-0.354231648466192,-0.303736392364248,0.650031823543284,-0.223344942504249,-0.646216487668522,-0.441784301733919,0.410265672569162,-0.0250700955443436,1.260944900681
0.60622815003984,-0.490280788929564,0.711249277552909,1.21279480575206,2.34000702297592,-0.0342404458252145,-1.27190241053848,0.481930191412301,1.3668203918399,-3.27193521405468
-0.648772218002404,-0.389313555338802,-1.47762059667668,0.795834803793706,0.0712048508939182,1.35952573187736,-2.05706355455405,-0.232179641393636,0.180723116514908,0.503164729152169
0.52910240148927,0.0123439078989747,0.91884144584204,0.394247769229957,0.191818789229927,-2.28279977845836,0.365760748385124,-0.707604735075052,-1.61904996141481,-2.14705459222423
-0.295072296376174,-1.18573134371895,-0.189899406188737,-0.151480391399685,0.255995757113394,2.04750988446001,1.73267651308393,-0.274607414094903,0.748175907995605,-0.301048179693447
-1.45990667379017,-1.66766520668845,-0.635209072996776,0.511975389535664,0.158528127730334,-0.704295594937303,2.37175048840857,0.730813167701133,0.0596207132917276,0.334815884925181
-1.14358035525378,0.157795905398314,0.857945497716419,0.946640708810745,1.79940549255162,-2.54795150347669,-0.698253946074982,-0.330855738500478,-0.991442905329583,1.80789553054185
-0.29524781160389,-0.726429294669689,-0.983989146723868,-0.927980647434683,-0.441939805206627,1.02202142589219,-0.188488849652534,-0.27436762674785,-2.07875926805339,2.13066580795858
0.244104997250437,1.36686362331989,-1.36348662249174,0.632716311989374,1.4114368641424,1.0893716321313,-0.607985604429158,-0.718201511344016,1.1842595320946,0.994302413184475
0.0807510835363714,0.0251535287450501,0.212907822415613,0.916544153393506,0.986420777358072,-1.04478496441578,0.835544025272766,-0.620129170105431,-0.00808667559646298,-2.95650492724841
1.40478667916937,-1.67783529013582,2.06179113808155,0.110696567538968,-0.675028353299065,-0.0751474598070869,-1.82126488434392,0.175855165302034,0.954344354243819,-3.03078469798199
-0.00618190431958443,0.559013424503603,-0.543947636831196,0.444090773311025,-1.34551277586071,0.595982236320658,-1.03163766475381,0.0921701830300499,1.06114540509934,2.51188110270719
-0.710549048404019,-1.08041597265205,-0.914667594129013,-1.14846057361213,1.96487861325873,-0.0195713992223178,0.856220567526633,0.287866830782126,-1.11751005830614,0.139470738756748
0.173142030454965,-0.793304116910664,-0.27099825142065,0.538195939656249,-0.266217602726291,0.235616396655706,-0.838152032068812,0.565866677392678,-0.0543318065358558,-1.28185485283642
-0.184730770482538,0.668222972321858,-0.611742633961786,-0.275561479471778,0.0428443578840806,1.29454867075148,-1.82602170594464,-0.762603538701022,-0.218299675011818,2.20005872620115
0.552992429860645,-0.310650207393272,1.59773112730229,-0.0373961918909866,-1.75764698534264,-2.36924458454761,0.0878572871902154,-0.810422848666588,0.593621596527195,-1.07888338349535
-1.02575578977486,-1.37900329826185,0.990402238452687,1.45567149180501,-0.114022411768076,-2.66136665299988,-0.449769213362194,0.179804528157233,-0.26873536236361,-1.47524781228614
-0.75576045400439,1.44751407854155,-0.889615850302551,-0.627712498297963,0.0893955362211287,0.704611487245776,1.12746971102268,0.618884609898554,-0.111115141571474,2.4166863346046
2.10067189014542,-1.48759744006436,1.27661435150288,-1.01957356502324,0.505295213527877,-2.29940636290882,0.462507387825053,0.234296757129448,0.523266340946432,-2.61664651852258
0.414907225811529,0.70858858361212,0.709949855025386,1.10958786086363,0.0633544506801187,-2.70303935984236,-0.377860877124355,3.18775626137484,2.63442325157552,-0.948440662468944
-0.240355188564082,0.65341193302971,-0.935148007394037,0.153425355392,-0.831889337134144,-0.819008066714903,0.794520653043276,-1.27933541684197,0.378953355389004,-0.37088245897751
-0.786212031679382,-0.0919856237808702,-1.20104471897896,-0.885837713230038,-0.758411154075042,0.413746905637932,-0.190810382963262,1.39478841415043,1.01642458647673,0.807732866974726
0.928704538662179,-0.387914499890809,-0.620026142811625,0.00199930751733943,-1.15983166073097,1.46642008275751,-0.382236442559043,0.655635039561762,0.00119214158647912,0.26172666856114
-0.551701583651462,0.159701615656285,0.179490317149417,0.0558383367177172,-1.01722298859871,0.165560336184266,-0.319492251382579,0.074253757896173,-0.478237782867973,0.64003775917527
-0.171856160624228,0.806088400243418,1.29028460131787,-0.433118081122197,0.264190964079229,-2.32127274616957,0.0777553669234924,0.659669361853356,-0.915782079591874,-0.987717415874281
0.395916425097899,0.473919550980085,-0.848197234535838,-0.140126979045729,0.0805789511011223,1.06625698590621,-0.437385767053769,-0.678683315165019,-1.31360315295811,0.661302335106564
0.666553286331815,-0.56775289946665,0.0016149064643316,-0.00370508533662045,0.0711424241028097,1.91796241268437,1.5811811848769,0.396984093536287,0.617755969781614,-0.335967577560279
-0.161008247556299,1.8344633138596,-0.117290408955392,2.06017203553589,0.000724376037877827,-4.02431949996188,2.03318714155986,1.01888458010183,0.400991281102269,0.870041922838488
-1.18695930995284,-1.14334674333773,-0.3702698171918,0.269407632616881,0.668664784804039,-1.30678356031791,-2.26336327381293,1.00383047620658,1.43798987682116,0.692464060208115
-1.66482657032348,-0.406772974442855,-1.44513276486254,-1.13513886414948,0.281656175898232,4.40358898444074,-0.201252816556551,-0.519486809096389,0.231396648090385,1.46666569695903
-0.392019090492465,-1.44915385168646,-0.608618286088897,-0.823878177362798,0.00966444190420251,3.80127728221609,0.000787121386401866,-0.189685150859636,-0.176670935091169,-0.62558251847042
0.293567629023825,0.493439111817554,-0.973807934860716,-0.16764990032513,-0.845254990591264,-1.24959490018179,-1.14938515406718,-0.499941602633154,-0.0331891257053886,-0.480035561432822
1.44292445443682,-1.78811995530385,-1.50517149310192,-0.0677587231661636,0.275528771755506,0.57899048602953,-0.201229003860822,1.18364636017487,0.99492056312437,-1.76384239410242
-0.166678273518805,-0.40525059277186,-2.0637732891714,0.92216565046437,0.955263849423429,-0.0908029593795285,0.188842386566772,-0.821902739906049,0.0637346600324933,-0.582170702288894
-1.02628624511685,-1.56470622929313,-0.971755752097997,1.04770991856026,-0.135666872000432,-1.7795193824623,-0.99886283853175,0.285852999468241,-0.164924707775597,0.439275810734927
0.392105712536115,-2.10851224492647,0.902655443744176,0.789200301930644,0.457300426964,-0.897312639994782,1.46702673146327,-2.04583943136682,0.577772456559417,-2.40977514152524
-0.115560501437327,-0.684717270822762,0.933067969947865,-0.0778371221923237,-1.14601879002796,-0.482715217572389,-0.610254109152591,-0.320368530432522,0.557298157661044,-0.192382972381646
-0.0641694474907204,1.37393819147915,-0.716723805028906,0.600178190476878,-1.67660246338376,1.15752002554487,-0.537262059909678,-0.417297422529374,0.601459157858934,1.3784277991911
-0.811229666919265,-0.162239003845329,-0.985500860179598,-1.21372747752428,-1.39265401109687,1.09255270742601,0.898184029349349,0.908844843437355,-0.611146352559617,0.334366762224277
-0.842219496837127,-1.33184780087199,-0.139884917265441,0.0292792676967401,-1.87321238296959,0.503068578551971,2.21960125087502,0.305155666112181,-1.37538228560021,-2.19757681212747
-0.144071353144246,1.94142845403542,0.331119920308316,-1.99446117200159,0.949546470026755,2.17819840108042,0.693637579642847,-0.609435367174295,0.878670572492914,-0.0567768728078986
-1.04672056869885,-0.567288914244106,-0.410722859889099,-0.0714743908731882,-0.248213699265738,-1.60191390518356,-0.571675944371365,1.01520180438352,-0.681949417746914,-1.0939223026843
-0.554192629966592,0.802311668486494,-0.80570921487185,-1.00999573656288,-0.825694783252328,1.2488833700065,-1.52962240421639,0.38448913325759,-0.112595199812226,1.78103694288355
0.674881198456652,-1.08310253220318,-0.0513441364623088,0.844662162570861,-0.214604440286672,-0.0801371376153032,-1.2422099302488,-0.701631013191011,1.13102199307656,-0.350112814204619
0.239035793317925,-1.22553925794827,-1.52723172006301,-0.744364866541766,0.447422196140973,3.56497360609448,0.68111685584477,-0.837452524312553,-0.4350327806326,0.0236661381710397
0.17473274315944,-1.80947240892779,-0.552492240317958,-0.302979931683165,0.140484917395586,1.31011846106447,0.853959051869829,-0.0584025944669748,0.0907519969557425,-2.47209206633693
-1.02155904004747,-0.313523836721413,0.118789813420396,0.882587222191924,-0.534858959347922,-0.506182225341258,-1.10525679980559,-0.150153650668514,2.37618707213704,0.967391311157918
1.81429784840352,-0.887177151032436,0.87172690924855,0.962795195436049,-1.60662624852826,-3.20397789482253,-0.987437144793362,1.0376563013382,-0.608411101761852,-3.94757686461786
-0.151668430107476,1.38190422227874,-1.59225511394361,-1.04148129067469,0.491226469284464,2.76767446024224,-0.353990047255609,-1.21856439263058,-0.158200992600157,3.23167416488901
0.505897100862692,-0.908777373743783,-0.164727669002542,-1.04851121633256,-0.134630407758221,0.731008847110558,-1.38164261301521,1.1214908755326,0.55614874609517,-0.253395386475445
-1.99010961226081,0.799885228926173,-0.999151122880434,-1.66901962573592,-0.128963524988493,2.41302896076759,-0.354237099016325,0.829063043803917,-0.237814829215427,1.18895762176706
-0.526358045948724,-0.574722979960602,-0.702810721729114,2.51221259649144,0.93682681561574,-2.8111711494661,-1.65451312491204,-1.18644197117287,-0.764512540390903,0.880371713835534
0.144440078750279,-0.548163928814363,1.12650677576978,-0.89206869396663,-1.54841759614877,0.311031796890681,-0.122172699351517,1.85077048209082,1.81610801204973,-1.73196783291555
0.927141285886258,1.97358557488912,0.447398288512817,-0.805043032594437,-0.985504656175469,1.42302511294853,-0.952172080705383,0.656069535238672,0.750243818509535,-1.37771748940675
0.568067176074392,-0.408809490769263,0.511498853066745,1.66053611319438,-0.383755122128821,-0.100131394652317,-0.465766183096274,0.850561944379152,1.03889948062976,0.673272341402595
-0.083994670362717,0.544530776495514,0.39906795973099,-0.188572455705214,-1.19697308729487,0.56326043577031,-0.662438839963039,-0.392200539221302,0.220667825189827,-0.522821317929983
0.347113424346282,0.931773595296891,0.0378653573465472,0.702112807415351,2.16701043079413,-1.27641454255697,-0.859596244132423,0.859841277799644,1.29744031085498,-0.340661418535143
0.469514495308141,-1.53463965213303,0.716823241322239,-0.320288792369529,0.724141814488974,-1.42513167055576,0.271199307058699,0.885572694126862,-0.0732339432593774,-2.46961418665186
0.598150703587933,1.13442250412772,-0.182541865058116,0.112858632866698,-0.500564681985318,-0.458094073131762,0.065309478006875,0.0697151430307502,0.904815788782854,0.75384690813869
0.0249289430948046,-0.858662778790057,0.830386368341862,0.8260366604905,-1.12764713199636,-0.937676365288259,0.393436165197835,-1.43985980404395,-1.32407295548975,-2.26168349092764
0.0607392103253367,-0.974015817476436,0.673909400457214,0.902672068067274,0.0994495129550456,-2.74079739608653,-0.95161500801361,-0.12126453704627,-0.556519264413717,-2.36943499919967
0.422164137272502,0.00985487040189253,0.056693894880581,-1.27059954122851,0.225048074747647,0.792289025814472,-0.0177327100466987,0.356194569151559,0.474532597184869,-0.881393595965727
0.165833281860317,-1.60238533821286,0.20148217709389,-0.656403228139381,0.260647261642433,1.75564299383017,2.50847025522557,-0.787526178086813,1.32001684131893,-0.0677463436458498
-1.09803017448002,0.219718346001822,-0.622518070939931,-0.845999743195584,-0.976434721481776,0.146166594459425,-1.28454124271988,-0.822373435389654,-0.322626631094997,3.88117690881519
0.327900283663196,-1.8015912237955,0.546070757840758,-1.19227313041968,0.760605292106814,-0.442231018886871,2.3932963268471,3.08730128523087,1.95958293027664,-2.42461832423028
0.522591211020664,-0.0500940457268517,0.401455137053989,-1.67936218561351,-0.31650230576539,1.62721797253603,-1.35355413301936,-0.946851067045059,0.0301876642630468,1.59923474511675
-0.96685655892509,-0.50123912398991,-0.801039869319693,0.741712985509869,1.09633041581697,-2.15006602315221,-2.32953805661605,-1.17376063418175,-0.458385709777428,-0.589830674299003
-1.31639430298636,1.21967535084972,-1.97510140202842,0.355294691282652,-1.47465786651857,4.46107514094416,-0.155437749467457,-0.320445577560792,-0.560770090491368,1.18867009482887
0.369468533700639,-0.0280965296014122,-0.00683143264851177,0.674214067563641,-0.386232470382073,-1.6388816665152,0.23411782138442,-0.556160183924179,-0.401179327757499,-0.458838623436191
-0.287439158870761,1.54160530975202,-0.814338567554754,-0.316120271892181,-1.58129934561517,-0.0144471810536185,1.49535860925969,2.0742176296957,1.42640026183022,1.40466155999374
-0.57737760597503,0.375618540090522,-1.14203350790735,-0.322424900605528,-1.65302850430166,0.203097149316592,-2.00451513999376,0.0113253406075468,-0.200648534280206,1.89313974935377
0.213343923275978,-1.92965752840628,-0.96126476716099,3.60919395112473,-0.33355071121367,-3.28135448407205,1.29826830889421,0.616494981758086,-0.79617170819284,-0.436459446590587
0.979475599739819,-2.31112844193842,0.00738797190502483,0.899532701772522,-0.794971280991225,1.19137809089949,-0.591974581763684,0.0287343033362583,-0.666865726012462,-0.825860031191179
0.444284126349356,1.46822482570687,0.00794698396584842,1.01235560502038,0.363369477656925,-1.31138796434823,-2.08463122490791,1.1182925098294,-0.874200827153217,0.601130310608162
0.150495431084059,0.248178268863809,0.235111246542616,0.676045335204571,-0.392918427633057,-1.29216356239045,1.23211225131843,-0.875482806954458,0.0084474373712925,0.188068721180226
0.182259693630876,-0.0501625334864327,-0.782093445037361,-1.93614907432369,0.158029692139064,2.09761371445592,0.502939303816613,0.83115202834098,1.10818562863995,-0.254501360285892
0.205089372765127,-0.415624171467148,0.513950216839365,0.862472398108738,0.0760538972027493,-0.931583793265907,-0.285719883886502,1.16418000377992,2.3667754865306,-2.26309564150149
-0.300092569495378,-2.37317140543401,-0.305524085910546,-0.386448524322232,-0.0374587784967016,2.29185782786427,-1.36900129825643,-0.256216263513218,0.514599123277825,0.290392685499996
-0.0961060908582584,1.10131432131933,0.739701086202291,-1.07176089572037,1.29521180584266,0.0379151961623981,1.02224632369067,-0.24128676216171,-0.459163706460365,1.05372272127133
1.9006344967296,-0.193001890478947,-0.143543321048055,-0.556865606537235,-0.890606673566097,-0.0523314232674409,-1.26169688217388,-0.884516376973691,-1.12826454135297,-1.01379933934824
-1.5260179295441,-0.523616779245736,-0.00379832200188801,0.599504898159357,1.67798964808308,1.28807559385323,1.28727079533105,-0.359610752788105,-1.15962337787232,-0.0435803856471854
0.428597937543233,0.331777689248312,0.849515846800868,0.344726553038926,0.545826416093084,0.911889947686567,1.42796640461992,-2.16220559514754,-2.3799691428903,-0.741976966656622
-1.15739624292389,1.98665824092846,-0.882154134811842,-0.670823470379304,1.09661816594479,0.404191819819359,0.817660144078557,0.940274131311797,0.668083277289905,2.36427662875629
-0.717143374537749,-0.436847288128031,-1.33625969892168,-0.854702723624074,0.797308104279879,0.399979642529682,0.373658251814708,-0.506367452584779,-1.44323547543142,1.12024312175783
1.44808080838148,1.4295033416153,0.310734387868022,-1.65736498404371,0.66683073911218,1.3492738141798,-0.0457269900429195,0.444385333940799,0.148336820300078,-0.851413962722645
0.642334595587622,2.36744448229077,1.18720106758145,1.69860369948334,-0.245261892858874,-2.86188103643378,2.12885785343283,2.78056725697609,0.639038576232009,1.19041758960638
-1.14540284724339,-0.755116627770832,-1.59765547477668,-0.458434617281434,0.651310909807381,0.477128690293379,0.787917175200297,-0.0506505326454677,-0.0926784563743902,0.601283251651482
0.133758183555378,0.449028751740185,-0.245667056671629,0.510333446555007,0.316514081564904,-0.720282369177251,0.946941066483217,-0.513959145830246,-0.561010931730624,0.182651743935127
-0.903516860310574,-1.96045783935743,-1.31143955641784,0.394423055278447,0.855613618726478,0.117260651476219,1.5993145608713,1.5053931024977,2.37230452607389,-1.63330364818554
-1.12722799071321,-0.423802032381091,-1.21822625436028,-0.288847056083389,0.449070143455305,0.864207876185346,-1.81420449987,1.61841793551219,1.85703741494099,1.2902519661381
0.487009997535394,-0.644101442326507,0.45956379585408,0.306431005754657,0.692490873901981,-0.783725648625869,-0.891595748076893,-1.38588927624277,-1.18536050326575,-1.12051496795314
-0.947238796937921,-1.62935385258849,-0.130796030238988,-1.32894807413798,-0.212382342615228,1.26003569496717,-2.75484545991182,-0.478897603766672,1.47277920406795,-0.577749651935333
-0.785750846773097,0.379361597115197,-0.69435359822669,1.68573066494591,0.902520986206681,-0.429479822688871,1.52135849841549,0.304584482784745,-0.533299766149049,1.24723850230142
-0.807773646664074,-1.28584302530733,-1.36359901884141,0.43833860650631,-0.0356136004436944,-0.0299649442959949,-1.15263475612405,-0.832551767011447,-1.91594842069888,1.25802338850509
-1.23556973345484,0.652791010161361,-0.292775622787078,0.549893147167611,-1.11750925150777,0.562686828900661,-0.0275328108626169,0.757814829944198,-1.11629664235427,1.81383730317506
0.242160560464241,0.527373170674607,-0.275125682454322,0.117417508215513,-0.970234621583632,-0.578641888814926,-1.18949422694925,-0.962178848816767,0.0876279810606999,-0.829838630316707
1.02772717528494,1.23059532804408,-0.0577389095241392,-1.56728959054042,0.943277789103994,0.150467490276125,-0.429875249154271,-0.693122881992009,-0.11911347015349,1.99341763235358
-0.615290170417335,-0.393239260935059,-0.233152994345969,-0.818696190796521,-0.0584642262582717,2.98334591007747,1.05245151110543,0.151166401615886,-0.736736248324768,0.818887202011279
0.245779024913091,0.622152480616975,-0.12177730204362,-0.372720375944527,0.387927858379998,0.942945851799675,-0.46307942721778,0.512318429543706,1.19336105172677,0.988758511425001
-0.0649377404964354,0.108673926205998,-0.236431298509222,-0.668521080235411,0.0458890304319448,1.72495930404442,2.10401816514488,1.45257473492575,1.25682675800092,-0.156015827274226
0.533738497577753,-1.40727370146909,0.0939059392204046,0.178271149490702,0.885073880301001,-1.16170170418298,-1.67504117755795,0.288183640508906,1.32921476020129,0.134272511785006
0.0046139603713215,-0.772112432914841,0.47723597928791,-1.55049688424513,0.0280681262999461,3.66719398388835,-0.0462422180248383,-0.493257192681988,0.981103982815355,-0.455417190751191
-0.635360059100146,-1.31582598983887,1.09756566322165,-0.310554845361685,0.621272257730527,-1.50249114930061,-1.17146986439264,0.106094547138962,-0.930596336462079,0.579201075467006
-0.239215182611199,0.00898699480643095,0.552383171492888,-0.166741026413494,-0.642347459693317,-0.780722712647284,-1.9668910734518,-0.266630359061178,-0.160511732847091,0.420773441379651
-1.40467727789246,-0.310301615850328,-0.789475926597498,0.178833044046919,-0.106546835107598,2.83383403293044,1.56988902941548,-0.49808885151022,-0.970376698451316,1.14840032004358
-0.901968353583322,2.35840866971297,0.244965392684591,0.706379455694568,1.04226407727486,-0.752879055219065,0.059449169919035,1.79931488639888,-1.92338607231874,1.61708929196294
-0.588886719812287,0.232834961660796,0.710023064682219,-0.780686380269237,0.338485600752325,0.398643475296624,1.0659323530603,-0.185149076833488,-0.39827140905731,1.54631129280596
-0.96146897022835,-1.05984119610654,0.259035793151444,-0.410239124278988,-1.96379321821053,0.880131211923242,-1.08945217220624,0.587510377057302,0.521149923682912,-0.167432720594399
0.617992005503685,1.65230692624399,-0.860246884215528,1.46329979123132,1.24079747393336,0.0639392948412454,1.34008404133571,-0.424497325398413,0.600923401928205,-0.493433716514257
-0.418644443931144,0.888350298997486,-0.493509032063585,-0.186567786931253,0.463928335975049,2.10900719409561,1.63629476546489,-0.519222650008207,0.424913756430696,3.93297694868295
0.369755521842887,-0.795076979572823,0.915295530581612,-2.2595954003346,1.41378672691747,-0.249966166462813,-1.02011385096007,1.02425540731349,0.341798218376837,-0.581868335404736
1.18349042467163,-1.43094737058782,0.715165338362395,0.100147528509214,-0.117116658540096,-1.5351638507647,0.527742624567921,-0.686645624888842,0.866866289515299,-2.47111091115388
-0.542620627224394,-0.463350007522762,0.313029722071885,0.650601153529988,2.09535964821944,0.439013876157032,1.08572551377724,-0.599611552998068,-0.663989950384346,-0.561334335640713
1.73152293135201,0.488000560616419,2.06985855093496,0.671488984664346,0.0312238126905853,-2.73957573746242,-0.262774598876444,0.464646553315746,1.2940341645917,-1.42707155831108
1.83211521523701,1.29613038336186,0.602031362721802,-0.683994990559688,-1.46883727214408,0.877160841247975,-0.562757642624523,-0.286848957330821,-0.481637071967612,-1.66540477500125
0.235486964151833,0.951306184305574,0.582095959861175,-0.32478597061082,-0.412477045025598,-1.7862826231771,-0.118547784583771,-0.0358041648852887,-0.45546508784518,-1.11504404682645
1.43741216494226,-2.57417216853468,1.86648686057225,0.785836710131036,1.3684297418809,-3.18387812918009,-1.56189311197966,-0.267459625850754,-0.383627451254075,-5.98830893311364
-0.894617729543303,-1.7240277528922,-1.54269961124605,0.133156158984153,0.04885583071074,-2.56969043831002,-0.793142859690951,-0.324850488926132,0.0270629568237692,0.20886430117276
0.0246430290580979,1.29011332885579,-0.244446834941269,-0.816902443719944,0.865014941514093,1.11187210653295,0.703038283531856,1.39088537746218,-0.328202744013376,1.55049886887822
0.0576345685186373,0.469926584896498,0.182392314675793,1.7078338243192,0.551071565505814,-0.659004045140311,0.0018794749435281,1.03068388643192,1.22223797624889,-0.825796778952312
0.276981274909515,1.16203049296755,0.888262332139474,-0.102630284981188,-1.13242185016558,-0.837288340106195,-0.968131007324732,0.841840152474937,-0.905951781441672,-0.931016362072793
-0.251884921684032,-1.89885393624602,-0.914384806497847,2.21174414565365,-0.759109833042583,-2.19545013248885,-0.138460029346166,-0.308360719504964,0.402393777465776,0.501821911954344
-0.99095016261512,2.37901427118449,-1.33700856202537,-1.35410887581669,-0.322793645042931,2.15342190162196,-0.245232145602277,1.00499419877608,0.096506522420982,2.18052069915274
0.361379164637468,1.363211592578,-2.41966824457178,-1.13962544413334,0.627649580430097,2.38809328272121,-1.07199932772254,-2.79777357828814,-2.06350227750098,0.544495372188283
-0.506245041919892,-1.29942313001173,0.390405180460875,1.20779074116581,-0.943119282499299,-1.17391620550718,0.308153574761597,0.244248585906984,0.0329613903555292,-0.773633838570714
-0.606069884162663,0.535222947165774,1.16911270838416,-0.119915753674584,1.44301231226258,-2.17467245019744,-0.38969964655833,0.147719130223688,-1.31094021320149,1.22917912047196
-0.849345097252416,1.34466732846245,-0.677644595292452,-1.34442298055035,0.855084079443907,2.29883690634902,-0.616907587099193,-1.19830820049202,-1.08507550635834,0.402821053821736
0.627058224286964,-0.770503652242561,-0.840538430085333,-0.769525718801959,0.660217014374079,1.19202777047165,0.707756928855837,0.36254338531234,0.986003286713982,-0.303063773443696
0.439325390526326,0.328608498198411,-0.0404605809039026,0.74913166613163,0.69908633352662,-1.44557412389588,0.776434198935927,-1.01146919112674,-0.344124889909505,1.12528577322797
-0.458213324815754,0.609058046979184,-0.403245167656574,-0.909954569357548,1.14238896234056,0.700217317145282,-0.541176151671558,-0.409756308214843,-2.49915538963081,-1.55428647312789
0.577323669714995,2.28874845629441,-0.138071162764099,-1.46550245229037,-0.328417637496404,2.12853556683659,0.810327492409896,1.11286555763918,-2.14683032334014,2.14834936804157
1.58062209555843,-1.17092661386936,1.37909125036928,-0.408477958761858,-1.59487723209481,0.0855464825559836,0.754137604902872,1.62284153389901,2.764479693869,-3.19886745953572
-0.306115594702853,-0.602815416937979,0.970865825520686,0.602707918553077,0.403355277504729,-0.946134572839539,0.545854103119869,-1.110321887897,-0.19518234853971,-0.644539225122141
-0.530948438620816,-1.39192846049229,-1.06867288765759,-0.285984675316096,1.00523891386818,1.05644124638755,-0.41872850166224,0.52938466811564,-0.644394266833215,-0.0265141892012071
-0.0457025462615788,-0.155656956079393,0.0334137696087153,0.078626675417016,0.375643392256476,-0.131518827447805,1.53177588438005,0.703877698362168,3.79814531463648,-0.411416090180788
1.58658888286811,0.612504866440281,-0.177606725091208,2.33739748377655,-0.535838124575798,-1.68316256011687,-1.49635420078419,0.355693849692574,-0.685283035200518,-1.35927733329647
-1.44447700850984,1.41216276799437,0.276750357757662,0.527802024877792,2.98405955925012,-1.73804054612514,-0.119912147971502,0.60847735137132,1.67270811684695,2.21835587181429
-0.320926326027853,-1.31047465068569,1.00727766822932,-0.394811232137503,-1.66734093161881,0.105418866652742,0.590859713216834,-0.750741241873039,-0.681136467513639,-0.239354174007634
0.26164877005889,-0.343947135390491,-0.713391680109595,0.274147141667243,-1.48889010279455,-1.39235436429513,-0.26807382797524,0.607532739227259,0.414983682991301,0.192458230438694
0.43776586864109,1.04916160882616,0.801297423560532,0.0271179653634074,0.934883556041459,-0.636330870075421,2.83501156360985,0.287592781472717,-0.776357406231742,1.48834633577794
-0.0465830619062417,0.973522938969851,0.395705468568622,0.238630537944421,0.0213365236755201,0.524333984495203,-0.474380856690357,-0.792816282093076,-0.870203948783776,-1.68075073834986
0.10879436396981,0.676002261259422,2.59152535861451,0.901693119133314,-0.547699215379452,-3.94698353684772,-0.427297654289408,-0.0769154699549794,-1.53107766869696,-0.843186995341087
0.759198267046171,-2.21065842931222,1.12237155672867,0.326299308742845,0.119831047637415,-1.48685585570432,0.339783326773738,-1.37556865283506,0.78396799504049,-2.10046555224284
0.53052367778314,-1.51700227079436,-0.448147402959418,0.471548218459625,-0.508454028358333,0.0396994902282663,0.562952775469552,-0.52939699568832,-0.700458469438672,-1.51669587827863
1.55992043013869,0.863959447197711,1.07968234999329,-0.919914587815753,-1.16791966493362,-2.09524745024398,-1.13162651261531,-1.2122258008642,-0.409110038012725,-0.0371328012527379
-0.36801692187599,0.189291160208159,-1.89062213369197,0.349214475568427,-0.110236740155193,2.90424675044399,-0.657370933868203,0.602125171734544,0.964656068210844,-1.27814824876829
0.304711026169403,-1.41412959601913,0.874194517254804,0.365893077532334,0.617692041474247,0.355320689715633,-0.805425333976168,-0.0092574621990546,1.00012409261124,0.622254827095507
1.35136227242366,1.57919082329035,2.95190174250139,-1.03169218364405,1.87260497495993,-2.09746869141936,-0.758620177489752,-0.212998259644564,1.5695584899676,-1.14409629993651
-1.04058700792212,1.1152303349343,2.02362219445831,-2.34081535981286,-1.15527095774124,0.0723259880078618,-1.09381623470155,-0.858303196863632,-0.0705632031646568,0.259522731630191
-0.53898918261633,-1.6163593795294,-1.68184115214509,0.748957746490569,-0.415367279255576,0.912956487605399,1.62101891582839,0.162799578095204,0.388253628632759,1.67851181608411
0.384237257507656,-1.10704201543886,-0.276120881023254,-0.0708200947813574,-0.795217500732468,-0.848796293053194,-1.67708166656815,-0.577829518192905,0.123629975055789,-0.934992007136139
-0.912387731441234,-1.04072392426899,0.377774389058012,0.245597665631041,-1.94510836740169,0.0325240574630973,-0.447309948152352,-0.616876378919299,-1.03036703909891,0.364423663791673
-1.40421638235964,1.54617960085735,-2.07675703450678,0.288627658185847,-1.65740424755779,1.22239759279816,0.308787033758236,1.72328425491474,2.51204672829251,3.9022668939766
-0.100110162625726,0.904942592082764,-1.30066899682564,0.367899066257332,1.65562286549379,-0.405295069698786,0.759447775523716,0.135652659338838,-2.05324916693153,1.97220692116782
0.229034400097547,-1.28897708263051,-0.505903081209527,-0.454716397212565,-0.962234274229216,-0.320949376373294,1.06284924593079,-0.653680505182604,0.915612707052559,-1.44798753018245
0.679737237955058,-0.32937105116698,2.09578477346952,-0.424927094978443,0.110271576345078,-2.43795577432503,2.13722331650379,1.70217212997449,1.37133594986925,-1.50736261948075
0.514288443258983,-0.266028685915993,0.931326784447432,-0.54781065868678,1.30026755787653,-0.451477189926558,1.32907536381722,-1.12638614343942,-1.33258458400552,-1.25345910253975
-0.467980426551808,-1.07462648551159,0.255934421986647,0.0417686222691474,0.151134823079885,-0.487467117962783,-0.340901441122147,-0.0385446241025512,-0.366254982549242,-0.48866712158322
1.20880314627043,0.935324999053582,1.07610368607756,1.34793056998397,-1.38980268629256,-0.524394607362971,1.22366592343678,-0.67603933473054,0.0101651564787087,-1.52198357207884
0.09423326655427,0.297526065682698,-0.0607929189659719,0.920663133823608,1.32926038378168,-0.809545176601394,0.417641933613814,0.303362891388959,-0.422899954650221,-1.50151800194902
-0.827290520532549,-1.19530405582592,-1.74434168596427,-1.27137038836873,-0.506479351354809,2.09322986062309,-0.0635355833090486,-0.30663672040788,-0.505093521017673,1.51494629879125
-1.67444177856504,0.590606329184702,-1.38454233506503,-0.283984159959852,-0.888030360152326,2.42726178185692,1.85990147525703,0.348041426726311,0.627069238433949,2.15586222834879
-0.996854930916492,1.31587670489302,0.261186926669792,-0.129576280540387,-0.490352489108213,-0.384417862059596,0.0507463145315501,-0.15788127430538,-0.0886614850629369,-0.219060555426315
1.04090957223002,-0.904070356083827,0.500727064701408,0.621734892605003,0.26271421075363,-0.817464045136579,-2.2356813031362,0.552873979963462,-0.735038078991213,-2.54344986640864
-0.343385640848602,0.136411777841527,-0.531835926965234,0.428340454039958,-0.740012546641317,-0.774236395774253,0.0542493085216952,-1.35182053949772,-1.16875357934057,0.778624497860761
0.735217747846252,0.453059912462836,-0.569536826714182,0.302095664657321,-0.890961936035085,1.26354861142165,1.60334338851434,1.05019366076222,1.8241785339491,-0.266562605644112
-0.156011813566004,-1.31982411089236,0.780897872129672,-0.0384889302906801,-0.344252569925102,0.962899543452129,0.985365287113311,-1.06752839310203,-1.23190689803004,-0.548581952568487
0.455340586072515,0.181400104897954,1.12351355031567,-0.61826758766095,0.887392679716496,1.25097198432702,-0.972999392998364,1.00525529371388,0.813023705409545,-0.0367313286716869
-0.281846839075217,-1.38358052105605,1.44509765965918,-0.208093111581856,-0.612956778333457,-2.03691102359934,-1.21744857964039,0.73912011378391,-0.663447893644147,0.324280979719655
0.0431413221885353,0.990317944834321,0.719779692700937,-0.649463478403854,0.923058102934062,-2.4983030511158,-0.482906135328266,0.271881787568697,-1.12079243639099,-0.974307628073652
-0.207301417283441,0.971900585137647,0.00949251422121249,-1.1482366029088,0.689403917574626,0.733098118610497,1.06012393136182,-0.364612874372058,1.85091323877774,1.90933751595571
-0.20052937552458,0.0744329525783392,0.151589338762922,0.11726079515423,1.40457779620488,-1.49990323929501,0.236424641780156,-0.393913540564077,0.528547896155731,-0.0194218883837909
1.45180593667709,-1.67868606139201,1.98751327034012,-1.21848901182235,0.0137214222352763,1.49724103540796,-1.35990751489495,-1.2162131081104,-1.34832753631882,-2.11973281044343
-0.899690211043443,1.06357812084088,-0.993950596900625,0.658909707653768,0.786618756931619,1.10347799985023,-1.3604089134711,-0.745020079552949,-1.00333928002862,2.47291701780669
-1.03171721326116,-0.913666850660658,-0.360217550885265,0.843538675656349,-0.814782561870643,0.203393760506534,-0.323155404252662,-0.274019232517954,-0.399797421224692,-0.351143784220443
-0.69032983936012,-0.453068870312907,-1.4625982089914,-1.07216906204451,-0.0070806716727164,2.38514096622315,0.371764884220472,-2.12342502992765,-0.39206037372792,2.57114241033233
0.418923623573148,0.741508571714727,0.784835959036592,0.957778482542476,1.30231155528457,-1.45777703891286,-1.05115029534159,-1.12519769261223,-2.86749765387285,-0.261940810285404
0.654600316157944,1.61776274271099,1.19409641241119,-2.03755858916253,1.26589171744746,1.18956213336129,1.05949272488338,-0.996816465847662,0.715454465285166,-1.59330199822919
0.0192187540781157,1.68986036312974,-0.066662397531559,-0.595539777658937,0.570173881943201,-0.0122768506562689,-1.00318594693838,-2.23253493079963,-1.07329645729408,1.65028821195685
-1.34780717878708,-1.31429438483533,-0.251855840991566,0.497057324424346,0.244418853296051,-0.342770396389303,0.55763256582535,-0.650337070130983,1.57378611074352,1.71010015177943
1.4251992418748,0.697907024796209,0.0533590494054491,-0.462404508647769,0.0946772846345501,-0.168653719281965,-0.899018019482442,0.959426461023863,-1.03563562666082,0.738032518096377
-0.495584202005012,0.024282545430337,-0.215950335415846,-0.402442898572943,-0.381539990461363,-1.01845204607531,0.872240262425803,0.0157267680775046,0.615680377713252,0.656362591880417
-0.803650985592912,-1.45100218109267,-0.860676472114362,1.49642083151083,-0.0282685674133951,-0.697666400246551,1.26617679583147,0.246109891663645,-0.767586140273633,-1.91489332599429
-0.990609161943781,-1.04617849792227,-1.40905936918254,0.102642713995477,-0.269231829416823,0.738434919839418,0.00844015133006362,-0.0427785810897752,0.0978888801605932,1.49577271599678
-1.39904107981985,0.616003812981076,-0.935351732298562,1.27636803573905,-0.362615147767182,-0.231185226393891,-0.917923416173892,0.981267532808102,-0.116917338718473,2.38685327441332
0.022850830213812,0.068172910305984,0.605061301839306,0.30855496093971,0.529315932969843,0.134080969104667,-1.04904138529024,-0.312747005241591,-0.248077908657401,0.89297222116539
-0.133006028415383,0.508131871367379,-0.412042632636538,-0.235571527472357,-0.621180368365217,0.456649623256863,1.58566126695959,-1.30395300920886,-1.36730342248201,0.0134820877333063
0.62817654554083,0.435597147322233,-0.40746739512303,-1.02767986184335,1.12832341142191,0.614163875138059,1.56234448636886,0.344319690335311,-1.46026510147659,3.02519978372167
-0.611094629449676,0.608659768620952,-0.17702892892075,0.378988152114881,0.996596973813208,-0.272747996930913,1.59684534010189,-1.02470826262628,-0.700006209894745,0.440691278408026
-1.89421082147433,1.31358629909151,-2.7689974786601,0.196936668068694,1.26728785052745,1.79948305674214,0.0571662140240053,1.06924060598089,0.714512806171119,2.08140495377851
-0.46735464555102,-0.457116364574957,0.596356038533253,-1.51116973661632,0.280638604306973,0.446091281294333,0.332484495857756,-2.4761160394304,-2.91494179710154,0.00305752221106578
1.29483385088666,-2.01856652467284,1.40781891615602,-0.381765173309717,-0.964658538730711,-1.41344577556594,1.13774216714348,0.551794046423553,-0.0692170335652848,-2.09817423828455
1.20987356049958,1.54557506487907,2.17219730692329,0.270445839068648,1.02624393887074,-0.266657133370965,0.255394596566023,-1.82863843474338,-0.954703823329252,-0.872981026081122
0.00238872197595302,1.73236095817625,1.13445979501447,-2.11289815092204,-0.310145433976911,2.3483009661783,-0.305201310487985,-0.276014610790718,0.0924829815295869,1.67438904696749
1.14238279719696,0.33403031684825,0.161679213824962,0.554326029566819,0.539672595500904,-0.536711040373361,1.79650862462328,1.27283963199459,0.855542545878097,-0.115311894634365
1.13063818418499,0.326352017549626,0.548118039944859,-1.20477324762772,-0.159436107396848,-0.0798402880725313,0.87018496985636,-1.1648527463761,-2.13140807312428,-0.0161758102868084
-0.416391737946241,1.2832521114557,-0.0760031635278418,0.285106574882199,0.330156063443168,0.228172696605699,0.285123893510845,0.466785430919358,0.458434063117634,1.15104399035204
1.6604094891741,-0.990530433815855,0.523588816674232,1.31074882669271,1.3440741511567,0.212629889148061,-0.0250966357229662,-0.0323910258447096,0.190418881361271,-1.48125786707051
-0.905886358782312,0.291275832389771,-1.39863818347705,1.86894889123314,-0.0900209387351954,0.546798748011193,0.892952031050878,0.743639442946886,0.473213716783699,2.63979270840648
0.0184644327977956,-0.956713690492743,-0.882112497588624,-0.580057331541845,0.186333805421672,1.24760764116968,0.725237495816426,-0.456432377767532,-0.270115776074237,0.949972917654124
-0.133296756079211,0.578158820464391,1.51881848612561,-0.907517061831336,-0.699960590788249,-1.57924879527165,-1.39198952465716,-1.05109974124778,-0.600637711886084,-1.58286684645573
-1.15957774064247,-0.630083816452139,0.769910208784811,0.860601986435626,0.0253302068633007,-1.67975043306482,0.192159158683864,0.397030331726077,-1.17169260049033,2.01287362244795
-0.860393248424033,1.31125925154873,-0.601581686994367,-0.714321974541318,-0.366219588413129,1.16776390439652,0.231502934011812,1.14914704205512,1.0945057303022,2.97099874771276
-2.25651741430519,-1.46229497453259,-1.16970122105216,0.0101213228987384,-0.424339589135276,3.33182167308634,-0.0705082084391261,0.747242868848598,0.838356108843317,-0.212964329031824
0.27017271567016,-0.860254435249271,-1.21091252937586,0.757640143299056,1.02879080191279,-0.796713740953766,-0.389475663033135,0.765280459325061,-0.41858085064612,-0.756453080120673
0.139684293693846,1.42745959627575,2.50494463675352,-0.784164267149683,-0.129172113164585,-3.56559844828564,-1.50435223017774,0.456806145990151,0.959013783297906,-0.164178085383968
-0.902537756888233,-1.9221420815437,-0.0647432448391749,-0.2699702178022,0.894061900836554,0.760080426425934,-0.648186499368948,0.302245016912733,-1.29146339125639,0.493090351570341
-0.32543745110351,-0.0993350000663598,-0.58846502957797,0.975355182045335,1.25534804076519,-2.19724212797952,-0.508562861826415,0.741322047829858,0.126959462865665,0.52463093669414
-1.59206185821677,-0.53484188581242,-2.01380409245884,2.57810087958373,-0.0956161421416008,-0.453641659741957,0.194222277509193,0.310567072171948,0.708605792713229,3.66563194239572
0.469859036670136,-0.123079376542894,-0.311726709390716,-0.466124328112377,0.0421337375469557,0.216218288865621,1.25593329747996,-1.37947218812668,-0.872441371861131,0.67654929225078
-1.10809529046995,0.16086362115391,-0.301581916288907,-0.265219085367542,-0.729551958457938,0.340870174663326,-0.500725318871045,-0.621623382279667,0.122421335239557,1.27148739916049
0.886342500575648,1.66712433584492,1.69782058217651,-0.0155279933658435,1.1071253447052,-1.1015298474173,0.850060416333841,-2.09394031088535,-1.89798655043717,-1.08162405671398
0.595187698735467,-1.01862712315967,0.977293756074327,-0.483551718909337,0.433905584497055,-0.534664186207814,-0.91632623290745,0.7837091920632,0.482309421855502,-2.16018321552462
-0.462734049864012,1.22532778909113,-0.188330852536685,0.993721299359637,-0.467846248011768,0.105240740497476,-0.180879964755904,-0.50573466374836,-1.04921661026977,1.57457692639066
-0.0519265144427371,0.829713158398489,-0.143998521651061,1.79163751127687,-0.331016812296658,-0.192919258218765,3.33050010678517,0.701481055952964,1.37303991697645,-0.48763521111353
-0.266623252615178,-2.44332224603889,0.451950307206939,0.358715892425268,-0.279382566125834,-0.669469769966382,0.215915860629428,-0.29123725644343,-0.625949715538416,-2.99454412035528
-0.199203719819991,-0.527881684810112,0.449382978585086,0.412258273831897,-1.13986123760444,-1.7311571565448,-1.47093895651443,0.255441309197568,-1.6034368047683,-0.502608432026607
0.539203903472076,-1.26645814715438,0.53727142059664,1.17521338100958,-0.0861154891718114,-1.05744488224269,-1.36919454319535,0.0519576419360877,1.78184527843299,-1.60970252737089
-0.519163378943125,0.00649199189367731,-0.145124459914214,1.79137062510847,-0.538643938312112,-0.967494593455943,-1.1284248143792,-2.41445230123971,0.22482661449912,0.236109049578216
1.12968713590535,1.08116235264916,0.126083022473607,0.17618644617961,1.47283294614169,2.0568056431959,-1.00202807394844,0.146519755654745,0.430845929350335,-1.93200278116337
0.249977499917016,0.28744201729721,1.21034391289286,-1.94614788471195,-0.436934484801571,-1.76114120056522,-1.8383260198049,1.45922777481994,0.0583154922136966,-0.742771944893299
-1.08085369628295,0.118699910124918,0.176746791362983,0.0752117008022842,0.0328498728274513,0.784352803051566,-0.4052165425994,0.10897786759551,0.207714851100065,0.490458682080593
0.634587795291419,0.0657308794900641,-0.0136636032663873,-0.626523804805956,-0.302114943196628,-1.55812236511868,0.0459560485267015,-0.396589085536833,0.710065345317149,-1.31930844135536
1.14661695547667,0.654891763116537,1.49402574291014,-0.756259946736035,-0.27112753696256,-1.39906950532964,0.0493973925291118,-0.165761924719431,-0.47964781980377,-2.02335935458372
0.533796505334527,0.312865243227098,-0.278281920005602,-0.156102613833487,0.132778549194502,-0.248126383609631,0.699817837372453,1.61640973043599,0.739262013692116,0.38599215197311
-0.156016398347866,0.496704834383812,-0.897305976891093,0.611934785184765,0.969390045964096,-1.25425689332456,1.98544530497388,-0.316524868044493,-1.28927063668856,2.01771606231484
-0.106844148009972,-1.30158257894342,-0.851615898146536,1.34028629122849,-0.714322414040159,-0.233968471006507,1.62691919780939,0.8772830340824,0.311846786442189,1.17392637625888
0.586764674283678,0.307559695101585,3.05384592861243,1.14626660058355,-0.716515689762402,-5.07531564555227,0.994633979425125,-0.984012138111479,1.70371256660434,-2.59076476775811
0.991862312195865,-0.982478628350552,1.77946611549732,0.110551372030789,0.140279318233193,-2.53987908025453,0.646570286679,1.12326559840035,0.493392596278074,-3.56432320170066
-0.0315854748621369,-2.19672292921767,1.68724309634192,-0.307331949175835,-0.226064930176074,-0.905001296520021,-0.478159008211164,-2.45645868898733,-1.96175288324577,-3.33263751570361
-0.657878904465207,-1.2405081656423,-0.496353928889975,0.1670429547098,-1.02337802510111,1.05373781023051,0.201787257618205,0.36926345979834,0.746847926971544,1.4872286790403
0.331366683210743,0.0795336653286035,-0.0258239990791914,0.469565725788491,-0.0939919493089201,0.235987976753685,1.3613411854731,0.876374289371338,-1.19721100310615,-3.35645645105036
-1.1162581129917,-0.426822765402569,1.01663391050456,-0.188887737639536,-0.177730624299722,0.781028319903351,-1.11824283017628,-0.14159217464557,1.12706152796631,-3.28003207074578
1.18765844964268,0.526541198158914,0.907853334735034,-0.341897392158062,-0.0171656371515424,0.459974757240789,0.779794971283879,-0.536145840467972,0.478307368919987,-0.88342434457006
1.0914630597789,0.665767103533078,1.18120795813424,0.989626961123915,-0.827902452493848,-4.7602238510473,-0.309066323698151,-0.197085295101297,-1.05710719212775,1.2967946932558
1.30135061782609,0.923676966397488,0.509900061379947,-2.1674402461727,-0.556081909269774,0.596927188621063,-1.13783109729402,-0.867420005306866,-0.520555916647682,0.0574802061284258
-0.87746383996444,0.948475095490677,-0.330838408652776,-0.942258377452222,-0.337278545232726,0.988749644451861,1.37661645271515,-0.754429224032613,-0.806071689634047,1.9656144890571
1.18707877702965,0.324196203382341,1.26992588227599,1.22196844178461,1.65731152008527,-4.15119022966833,1.3010133737367,-0.0633205498896444,-0.162217697624382,-1.71767633739679
0.671493933181335,-1.53235719696687,-0.773060830315824,-0.25962547963691,-0.16512507370325,2.51035913072423,-1.09814979149618,-0.996335111966549,0.0246497215200081,-1.26207871456933
-0.498264470643278,0.18711075471215,-0.179946914388918,-0.30548351049734,-1.64644189095889,1.17195324361697,2.21297517688091,1.0287818762283,1.38650540243292,1.58876307039246
0.668209818074678,-0.131475776533209,0.832161820349561,-0.481557158420416,0.508588291535417,-0.336053500253791,2.03541822819198,-0.116261242935961,0.0850882253310216,-1.01275970850544
0.187982403760818,-0.359892211038932,1.25053810143263,-0.817296709842755,-0.363786726207959,0.720986739070783,-0.980912140392043,-0.721056942806111,-0.777778318992256,0.0509755317998435
-0.175984999966743,0.734845132413418,-0.463119359686119,0.738808973720456,0.351747023375016,-0.470015661710504,-0.325896499808193,0.682798971031093,1.18030434450093,1.7257695387535
-0.873209830871745,0.730630370105468,-1.53448778896572,-0.532927103721125,-0.60061813836275,2.2996724268434,-0.288200629937763,-1.67203668539091,-1.09220039940275,2.24238280214564
1.24797372253833,-2.72903667682726,0.242983619237819,-0.143311925337395,-0.857991475789626,-0.802004232438701,-2.29344651495391,0.712130696119537,-0.285052794047924,-4.18855665321492
-1.78592020180101,-1.52050570655502,1.0666537553907,-0.440003060212705,0.275866795881496,0.0647030403225565,0.721547842213231,-1.03131267245483,-1.19783597425147,0.759656223946383
0.21561457823233,-0.504573401221667,-0.504675644501059,0.755886233877137,-0.260708161624862,-0.258073400187747,-0.0917975752753119,0.230491806451231,0.356082919314587,1.1770538876355
-1.02000614512833,-1.47140860296615,1.68094381342581,0.0891798770997754,-1.24713257946844,0.310721419721653,-1.08557215461217,-0.853014583473509,-0.752133696175857,-2.01188845884607
-1.01971188693382,2.0574906964347,-1.43901732661727,-1.23372556626515,-0.656320949155567,0.639588504008344,2.14184294852811,-0.25130065416321,-0.321994387486617,3.9616044824347
-0.97421801212453,-0.440612516269005,-0.442888040482863,-0.115170776544707,0.0823205936458428,0.0447227066162597,0.948632655780141,-0.732427860696152,-0.184512364237762,0.770680004330315
-0.553730720953968,0.556287436929282,-0.810978712069267,0.888821654644026,-0.879521319495631,-1.43392782090926,1.1412383316579,-0.965041876270642,0.701265279857036,4.03458089402829
0.639078749908437,-1.09074898339894,0.435344999508463,-0.360942964885408,1.10811954505576,0.268993641737884,-1.94234899246947,-0.0438935950683602,-0.916757489287908,-1.49630116245755
-1.04749196167359,0.677162661067239,-1.0245523114099,0.175716312972959,-0.466384027465174,0.437117490658912,1.12424123102013,-0.912560128439684,-0.866768078767414,1.92751814659193
0.226909302404999,-1.14087503464408,-0.538812690736979,-0.569372117018644,-1.50343511020712,0.231339668070054,0.483862264650042,-0.996529424467717,-1.5320842880275,-2.56651463814654
0.331566766875628,-0.546496402675734,0.0394412917255043,-0.356576949611531,1.00361960336857,0.283964258691493,2.06778611144157,-0.497461827110222,-0.617542368653605,-0.618605435017881
-0.377141152307925,-0.139052214367651,-0.824638588150381,1.10824710112209,1.23335239548908,-0.112581703629993,1.64811064002866,-1.01577407109505,0.776295799585712,1.33506667019094
0.568540284702522,-0.664601904782256,0.97961810347592,0.310022079720944,1.57759865330077,-0.356667010549954,-0.154433454131297,0.307884665366242,0.840636421588765,0.687155466696054
-0.0409334336037629,0.0532149460448878,0.681248957921107,0.377138832370454,0.121571133347908,-2.03884467885599,1.45532036821704,-0.809274542176171,0.134785478741976,2.52798733907655
-0.271637944934627,0.535626462442982,-1.28612843696478,-0.503436621481712,0.895693952001142,2.5792721674341,-1.690426719341,-1.21359063696738,-0.249097910995662,-0.136280663476651
0.389011551450271,-0.142722573442171,1.45879363490326,0.644744328775219,-0.0626975139041604,-2.73405374701463,-0.601779129986987,-1.67863191618132,-2.07068344038958,-2.41957724652908
-0.148500941958854,0.77416559580433,-0.114969018289936,-1.35952011810036,-1.20155019695802,1.00452511671057,0.611675739142354,1.27240947029465,0.972144136817603,0.207084443651366
-0.516882749785572,-0.433512402765519,-0.876312580442224,0.437612090381556,0.49831927165926,-0.516468595895897,-1.67493139654155,1.84586418705244,0.551832056992671,-1.71528077926362
-0.0542826431498157,0.821972757330323,-0.348063503318764,-1.21988536670518,-0.214492908818692,1.52310903713701,-1.29710648272261,-0.466861754281739,1.59947274664894,1.86682574156025
0.521286882607704,-1.28741723037618,0.932401689091479,-0.0913029785487212,0.491533329061625,-0.645326737985088,-0.268477751206936,1.66335119398727,-0.477010487710184,-0.0492811156069748
-0.880626598441806,0.0922025026036292,-0.0159583647874811,-1.47425064155725,-1.15400494279639,1.44944102216348,0.0496342262327085,0.171792746233855,2.41802300697224,1.53033753567926
-0.265608703813304,0.691663132991969,-0.158965383728917,0.527679597048534,1.065153597536,-0.0679078079553168,-0.466754599707154,0.195510613048789,-0.185533429228518,1.3893168267237
0.401171562724908,-0.330174506282712,0.0627621734519585,-1.28257474691623,-0.954573167197466,0.182219798779958,0.765906479698912,0.717192469223151,-0.667368262281252,-0.937342898943671
-1.40848236792061,1.67477613771913,-0.833090795183887,-1.8239063022809,-1.2316960930186,3.80144534189313,0.700417828479632,-0.391676256617548,1.36914787083348,1.62448892328038
-0.243699347169322,-0.726092665846089,-0.97435262356469,-2.43417432649073,1.91737422153893,2.33340619691153,0.720568749647039,1.04611810430496,-0.737518021874942,0.743416249763081
-1.08715779728394,1.37005130654022,-0.772284282430867,0.0282047474803473,-1.01943791512329,-0.114536601718815,-0.446973800725787,-0.930800318999304,-1.81057725599071,1.78036144283844
-0.987842649862025,0.426906260899861,0.085483259656653,0.818276953604574,0.777066203531355,1.0973178232137,0.424707982222771,-0.0505750614405816,0.189497161202592,1.55260252047657
-0.402037619457157,1.30211667995585,-1.21107223488537,-1.38181246174563,-0.622311542036455,2.89862634052543,-0.506539353637004,0.0905423942792822,1.34674891654468,1.29886322420955
-0.728297587037685,0.806520767006765,-0.850698669530092,0.415176205925334,-1.23256056778466,1.07498964972998,-0.0305001744283645,1.113620441314,0.755539994026334,2.8025798284253
0.203748923793375,-0.61994811693278,-0.792406968841938,-2.09320580458834,1.07191921424578,1.74979938402077,0.0903552134197968,0.834961141739124,1.23027646903629,0.164164405355083
1.30808030453682,-0.668336203994215,-0.0212674702841965,-0.855029750298884,-0.333389705054159,-0.901266312910824,1.81965094656404,-0.200475169641754,-0.148020925676149,-0.943336513006679
-1.50764402551802,0.267185417311531,0.68027608670033,0.681658989279093,-0.214702156014951,-3.00282788689902,0.171759508862803,-0.284233241595741,-2.09866189714183,-0.00610237543576362
-0.229005972259934,-0.136781760278834,-1.29631218160956,1.80811326082005,-1.17087245508227,-0.863549507845499,-0.140025438411478,-0.595109998401384,0.222025329877044,-0.513396978068405
-1.20600134103624,-2.11073697974612,-0.0153050737008967,0.661181397171131,1.06239485060638,-0.0151993386456842,-0.518908862902824,-0.387184583000321,-2.53227956103368,-1.14959491213032
-0.190494554518672,0.310813796588774,0.849317062474441,-1.3734394496752,-0.360124322763113,-0.270396877802565,-1.52760590956725,0.853871378936612,0.526428960843701,0.941741648338716
0.665578696023138,-0.484604635183229,1.02659395034029,0.726393674503525,-0.969634989104746,-1.44202238999029,0.971601706125126,0.0834003015535093,0.425818410233184,0.0488879755282798
-0.0272052776260402,0.7804528667761,-0.753689713278135,0.724217494666995,0.0621855937570739,0.116489734020195,-0.14709751493643,-0.241893746801967,-0.287904221262047,1.75426342292695
0.154138386417224,-0.352869153581023,0.324671904171468,-0.642583251360548,-1.60723942684606,2.75057947718387,-2.28085721909324,-1.29409944811687,0.950273529742988,-1.17611372794978
0.31065725269812,-2.58622623110635,1.65433103556769,1.69314591507448,-1.00714208613211,-4.00226601957245,-1.61722418611911,0.15584424584568,-0.0616448570826201,-3.11162156606082
1.18325362602272,-1.07137866677921,-0.0587324192825685,0.463352504736328,-0.0438841698305894,0.963817067310244,-0.0892344463504,-0.516200169917528,-0.755150560484985,-1.96862818271516
-0.858279954087311,1.13237254345744,0.523484110246838,-0.489383013488058,1.61991006624078,0.946730244599428,-0.866458237828538,-1.13686626398564,-0.0410095605576536,0.388492851430637
1.56417097094407,-0.497685988260568,0.720834166812219,-0.144178664786565,-0.95560065786038,-1.37470793202801,-1.57766140123055,-1.87220391033347,-1.89623893448755,-2.54772987524192
0.715268113492702,0.208127636170552,1.28863268058935,-0.220740279162483,0.299766730899813,-1.03048555697997,1.46021302264869,0.0739450474671678,0.82561046633774,0.694799054642005
0.715550424926129,0.347116897443392,0.281867424070694,2.13973537956412,-0.42990163165515,-2.06742886709971,1.76567742357367,0.727088382849562,0.950698384015188,1.12842992104851
1.01980569631418,-0.0530329561795493,-0.414030591831471,0.511111220788174,-1.29746374994037,1.0222897975923,1.61469324023908,1.51645870933203,0.199318693790561,0.881966064863052
1.45011748026435,-1.10522627680473,0.820968892137642,-0.758285860312659,-0.856049771058943,-1.47358937711864,0.155095814959617,-0.895765570261221,0.161388715120701,-2.28547582377483
1.41037535277905,0.0316463070146961,0.902261102340457,-0.242421730726594,-0.985197071750879,-2.16231363262769,-1.3289794533284,-0.788152226558455,-0.210497465643936,-0.0105221456560088
-0.681201899989956,-0.390340927622164,-0.761879536926528,-0.725501370425728,-0.0656207706700745,2.21064058262921,1.03107925195316,1.10931341056322,0.178374008496844,-1.2516293933203
0.155971688523029,0.680734958179884,1.08321964042691,0.0207773389763257,1.63661609082814,-2.20261499206913,-0.681011161703462,0.426742096533117,0.0946575511923909,0.196221180011953
0.451289047052117,-0.576156767533756,0.616346912316978,0.669025383028058,0.241107179007195,-0.314596511617028,0.430804295776731,1.03408630011685,2.77051457915416,-0.124812827824638
-0.0171115611352354,0.766147753217128,-2.65896208480285,0.010805144130593,-0.109487689571162,0.962749461051011,-0.273460729922501,-0.230980443256506,-1.41366990274429,3.84525490688792
0.542900758116068,0.216346558351718,0.923476883106969,1.84754586354853,0.926300466494666,-2.85439035321883,1.4721541504589,0.989312205302859,0.231290523155957,1.83885425037628
0.585813198055516,-0.087187726364658,1.50195259398762,0.628920372387047,-1.1438069074149,-3.23564639254203,-0.235878228459401,-0.0329821987263141,1.5257675172718,-2.23773717914127
0.26040679849409,2.26461799878572,0.0302819032190877,-2.05534157828542,0.265540839091938,1.01937858728359,0.798583326071824,-0.677189486079846,-0.383574028955255,1.58162551262236
-0.61889656107242,-0.73139094782564,-0.236676175568058,2.74963668466325,-0.522794503243933,-2.48454789536105,-1.29556135126469,0.244337253175444,-0.733447984468093,-0.153632486168181
-0.64539217143773,-2.0183100949013,0.236278438626629,1.68172359588828,0.437281212632073,0.123947303232084,1.03608080211367,-0.581561639838869,-0.0919255921405947,-2.66057581405726
-0.493174955485123,-1.27011459212574,-1.06131903460081,-0.693968321748213,-0.88765173039912,2.0257237502886,-0.32609217258382,0.389488479338104,-0.06845106981901,-0.287550969147884
-0.89714597320807,0.374645622786156,-0.0945351527434403,0.587255559646719,0.343313362314208,-1.34208799298436,-0.872074772132514,-1.4190056779125,-1.55909979511564,0.703858236431816
-0.348518081781708,0.966487892880337,-1.90635926054731,-1.35150317500425,-0.466699152204332,1.71865625230631,-0.693797073996263,-1.85372560466392,-1.59974443428723,3.92066335168439
-0.937198921519628,-2.13846015833943,-0.593083786182483,-0.302695486320205,2.51441590468219,-0.175501311495893,-0.328058428697152,-1.81380844128885,0.954826669560427,-1.58526783746505
0.0255283767600163,1.77214294743979,-0.182717707907981,1.63996645343747,-0.723766027838111,-0.340043671665864,-0.578861941721844,0.753307357016016,0.687055796191671,0.764567276072622
-0.27979064921523,2.09911428678155,0.75904447263226,-0.971083953617777,0.382007851915738,-1.12051286481056,2.13838851609941,2.01602615425992,2.2307683276486,0.731588816126319
1.07595579403383,1.35115992683413,2.60913192764224,0.701422517635718,-0.129042566996343,-3.98803846021807,-1.0408293762745,-0.220674119375109,0.632522215661382,-0.440881787571415
0.864983006999971,-0.0320106182519563,0.133086996492719,0.204921333141298,-0.684780641351982,0.737699049539704,1.866906947644,-0.265202117422958,-2.12253854524799,-0.406523258927198
-0.808199488673037,0.946053636265425,-1.2762946908961,-1.27502514726343,1.37969758587825,2.84977149406645,-2.13872094935537,0.838798449324414,1.55188896184894,1.72238672292418
-0.530033336663011,0.83704042460549,1.2636110350692,-1.6372033529805,-0.181707847524116,0.970182634519745,1.42491961495096,-0.136458465107734,0.650804678896068,0.562479547739195
1.86730067378497,0.335720257241133,1.04344910768913,1.52485532755503,0.792320125434939,-1.85207366530722,0.143812207965252,0.836495697041109,0.436601094688248,-0.598954615921475
0.104953728469726,-0.79244750118068,0.193215516473553,-0.0670372612731885,0.623193085420347,0.388855010303222,-0.531808599754761,-0.117384961770323,-0.0159963209244406,0.774559528581571
0.154181774081477,0.270202834895479,1.09239547434148,0.00798171945316484,0.652638685639281,-0.03764144198131,1.18964515406084,-0.0956278683010562,0.218629375021212,0.289669716863696
0.411874699328414,0.870569292050722,-0.58779793436422,0.341810010615885,-2.64633209372481,0.744394933870189,-0.136195581334262,-1.0811529725543,-0.710992060102092,1.23520821198208
1.47727720193176,-0.538586035346818,0.972569550367403,-0.52537827647804,-0.658668458731603,-1.61371775897962,1.06225610399502,-1.05133129453049,1.57588811128851,-1.92808208633622
0.417889343424253,0.941383215236086,-0.974636520285338,0.39882310416435,-0.78500643721298,-1.65049392608546,2.92012768697886,0.593021428588892,-0.140748885156185,2.75467019765919
0.458466779512921,-2.29381204400069,0.0154486450719147,-1.87297227465998,-0.961321691610512,2.47288685392748,2.08548644563083,0.931272614799539,-0.766384984415746,0.188809206194654
0.317243199524739,1.65976035763834,-0.174847796867284,1.00582311256672,0.684591723762084,-0.714600880455265,0.579798366033075,-1.08706407242023,0.482360684893957,-2.5534227655833
0.789733805934838,0.70978185887968,1.3491627714824,1.74128017551253,1.53990476382624,-2.89487569257199,1.28259898422615,-0.573474115709733,-0.351773626309626,-1.00587503164942
-0.770814745012682,0.693216567031975,0.939200258728083,0.984575135304244,0.0837456423543601,0.0402940039022434,-1.58305580557137,0.431670863281664,1.16193152405106,1.1117576508429
-1.29277040868663,0.97720484948427,0.590625615852163,0.479308036790909,-0.696835972368196,0.334383894084138,0.236679978352299,-0.73810430067259,-0.528368590512784,0.353557136043449
-0.797509073451266,0.420043734315725,-2.48256787187964,1.05669855580439,1.04277985423541,1.83049397295604,1.25295404317541,-0.397154345200192,0.207804991934836,2.226199332643
-0.600667561632138,0.630207327456419,1.57458381862253,-0.941036231050569,0.643273833238328,1.33792399310111,1.96068593483621,0.17336098356471,0.5511659771272,0.690003523246819
-0.344968098006097,0.528734903952931,-0.818104145266426,-0.490911892043925,0.032786250562063,1.65019543350901,0.466478356713004,-0.540927244595667,0.139704722060381,1.89726076703886
-1.11657019572531,-0.390202686659856,-1.25340967868376,-0.896438111495449,-1.24135398842791,2.21637177444439,-0.0618803532596174,0.738639105682763,0.238045349949646,2.56422560624659
-0.662731611104785,0.471037201418366,-1.11156035303075,-1.32546793317341,-0.349232917359173,0.994984653376483,-0.183379229843831,1.99978521305632,-0.0308219012884087,1.1434401189393
-0.308078294837123,-0.114865840174865,-1.22675234681684,-0.0295598773162722,0.593434548350725,1.38095420604715,0.53514348277734,1.13527978062928,1.44715486771184,-0.376687702933753
1.38925749797369,0.715512436590557,0.720992077538393,-0.128082438220945,0.310687844806024,-0.89487234086061,0.531716703896332,0.688899012950558,1.38954601955292,0.298909359909428
0.285248578212646,-0.964525940947426,0.650622033650522,0.832126246828633,0.746724024083976,-1.70109830596064,-0.42368723510145,1.13681322591316,3.32391323846196,-2.45030316399502
0.517550162083566,-0.973422531191845,0.870317924947869,-0.143652744731772,-0.412449403769338,-0.911320987589451,0.226899602814208,0.614290414700312,-1.10564638866008,1.72397391261152
-0.358110435568937,1.60577836462887,-1.05295852654027,0.800564759431534,2.2995552955212,0.620829583418,2.06932544922394,-1.63165625583923,-1.90031322805933,1.23610470116863
-0.502007134807619,0.79886693353694,-0.593066006824613,-0.0890438529515948,-0.389096560930399,1.28955429989082,-0.0176517615832682,0.644131463071052,0.310540704328528,0.457625361438016
-0.22301237967484,-1.39342252889859,-1.27742442094016,0.337746028214106,0.603418827252445,0.757810075767945,0.295308438600683,-0.61105616203998,-0.270246840825105,0.00892733628071107
-2.05820494298299,1.50675491247344,-1.35963982097617,-0.519727298329049,-0.630298341126988,1.74590443669603,-0.101950485358043,-1.04922876882232,0.473179083817811,0.767033591809855
0.000726786004184785,-0.0501088941292994,-0.00676341589205359,0.896544825517086,-0.560664023409838,-0.344860860814452,-0.382932560519336,-0.255107267686074,2.05767284575554,-0.423945743988583
-1.21406659503349,0.5772596176358,-1.37421779444474,-1.19050530307696,-1.4202356001229,3.52148355043334,-0.809350898356851,1.18840834608221,1.70881238540417,1.28812198931764
0.767294364121432,0.204113887352312,-0.463648869530363,-0.392956594035389,0.63014759416295,-1.20426481247164,-1.3341809932971,-2.05904271043083,-3.5816407362031,0.903156290332545
0.42959333095804,2.01305319380938,-0.84331485458589,0.903195704048679,0.530614337603454,-0.312029984860284,-0.0886735823978237,-0.516633249442004,0.772765419555477,1.41030261061044
-0.84513456240642,-1.68142471072594,0.342652543576076,-0.264999582272218,0.355252959491548,-0.376001515426818,1.05533763113932,-0.0135747110328391,-1.40380235000147,-1.19901370096081
0.843665451641764,0.196530838849663,-0.235477325818561,1.33517656741163,-0.843085139096314,-1.20576737099059,0.533411588103759,-0.0749695254923162,0.84396729475904,1.23050722027818
-0.417913027196031,-0.981439006517879,-0.023208827742888,-0.550537826784367,-1.36337065187392,0.954443597602912,0.928469845577336,-0.551147427790919,-0.415283362425998,-1.00151854122193
1.32012711288051,0.0904753789288685,0.127685108275419,-1.68441391654663,1.09438953569233,0.545039054548027,0.0939845843520698,-0.350633916060222,-0.459302098032561,-0.727720101921008
1.06413856869933,0.431903316220128,0.161694023203236,0.0651846203869987,1.4842584383223,-1.01658801393535,-0.619207018633906,1.76117170717283,2.56937626599396,1.2845695856344
0.777628038646476,0.488128221116985,1.6455822686566,-0.220065199163667,-1.08499915966921,-0.792876483569282,-0.565748120448307,-0.0149493698618477,-0.631058239380228,-2.60950219036281
-1.39972299542552,-1.39828158347487,-1.22465535008503,-0.0236047119430865,-2.69467774824022,0.187654612133104,0.292888432915762,-1.94320515379291,0.198331208345841,1.03738357874051
1.78804196109444,-0.876006770666588,1.1927443480801,-0.946276639163492,0.349486268551546,0.857731183689892,-0.258264473845293,0.570034892342641,0.547630750302097,-3.04917008839499
-0.472543630609546,0.538744216012307,-0.707725151533804,0.0604227374937828,-1.76647468344209,0.0856783685790662,-0.400213040716234,0.79672493456877,0.136883412176643,0.568054099128415
1.50732100947987,0.230674122723354,-0.459783923161972,-0.00385560751074904,0.399612875569201,-0.187989789764394,-0.657554720594198,0.39051756945549,-0.994700821659475,-0.804506538497205
1.4606320415164,0.962775920875436,0.417175015203857,1.28529091162531,-2.21903569171651,-1.70264475057507,0.143253471410273,-0.419296765260039,-0.409545822516662,-1.60834543042993
-1.00775480644413,0.452084106448576,-1.09786555177954,-1.3588711810974,-1.11862352755348,-0.207712908578946,-0.968811833670293,-0.389027991931675,0.124602409098867,0.219057060039565
0.517371194545851,-1.80464994999148,0.277322226437896,0.0804827837997139,1.24617584413255,-1.33534968278248,1.28890660655524,1.69894882345962,0.858696282586365,-2.54568013949508
-0.130321922212433,0.0190925205069132,-1.56728061481588,-1.56121543232341,0.0309473114691629,3.20258434790979,-0.142926412130995,-1.57671606101547,0.27113181697826,2.07628001517127
-1.6082979586409,-0.997636898894895,-0.931272807438004,0.5825979860102,-1.04330625563112,-0.490964791950115,1.7158104514378,-0.696729008329339,-0.81849884134389,1.4324990037203
-1.08096279111534,-0.434468433757941,-2.3500858288364,2.00196070853323,-0.505596747359252,0.916015373135336,-1.21217744135332,-0.73822967802302,-0.0923939180707578,0.907500581564049
-0.510571528360877,-1.66502403435804,1.03830468209034,0.354634384880293,0.263980156524617,-2.68413828766561,0.937865428878527,-0.891821445926724,-0.166165362311378,-1.72440414443371
-0.135813160142571,0.712718500433636,-0.410602051107485,0.91540964405214,1.21024644476574,-0.142754376022332,1.67782743629795,-0.318537896981164,-0.103976674418553,1.78740655587904
0.675234958667789,0.376001842939863,0.475279098037045,-0.355827585790246,-0.275009349185515,-2.36657499881339,1.42926510260123,0.655376662304928,0.845604053793495,-0.582786883023686
-1.14980553987743,0.974320662428694,-0.96040885886234,0.0896366365414432,-1.92073303544149,1.0952829702676,-1.26045093211928,-2.57200731602048,-0.145058620514907,2.17539476479668
0.159952367206618,-0.773861579573971,-0.514834270961749,0.240914592422009,0.698288232493713,0.594118435225499,-1.81916636221797,-0.981789099287432,-0.138623271842868,-1.38415618671646
2.15022953419245,-1.75405820221479,2.68539729750943,0.924439495319127,-0.0618885627099185,-3.55351870603429,1.47099523568027,0.872859436458171,-0.72737825473149,-3.58325692063601
-0.0156565272204306,0.74223279777032,0.852745302092889,0.722808315435408,1.37590633612319,-0.385499599242397,-1.52858746231584,-0.250144550894246,0.354289088539825,0.0476603234425311
0.513714535716741,0.487412037994432,0.525597617536378,-1.11083134292944,-0.237595849126518,-0.319314598394445,0.260714746170683,0.567658304663873,1.71527371943327,-0.428701023017224
-1.96893162763401,0.455370406489139,-1.01441014095098,-0.400363499596235,0.520250517401449,-0.205334186535239,0.626066396514076,1.62802819941589,1.26449367835358,2.43755426721364
-0.62529709080128,-0.452358757149472,-0.796560658273811,1.60749894769423,1.87968456633375,-1.52281552636691,1.32793659164962,0.625432407752275,0.825929298279627,1.23496935817444
-0.294435453380867,0.79396393331204,-0.370213243088445,-0.332422485588333,-1.33497931639528,1.35819225935323,-1.0051524014038,0.745781885161607,-0.587783340370627,-0.717860779873028
-0.868616346377465,-0.0515367960629058,0.249126291170218,-0.562408158361521,1.28210796111244,1.38400779167702,-0.740843558611884,-0.0710883182166959,-0.991004092169573,0.183374103289734
-1.03537374415323,0.536101051597269,-0.936979280704871,0.671817860437086,-0.309663986308282,1.37466352020671,-0.316471848301557,-0.712588703141625,-0.262091318520512,-0.17680004026809
1.5722917847261,1.5729819437587,-1.09833719591929,0.758131306927982,0.550717967596155,0.683086273585861,0.489710293385712,-2.40656149676943,-2.09487481141303,-0.580631167715194
0.0852565008664073,-0.464364986643455,1.14247766053741,-0.0964542833129763,-1.71404193274515,-1.33117262734156,-0.024500365111674,0.436015835384577,-0.860614890806748,1.12109859597764
1.62285468313226,0.619338731956424,1.07256007986426,-0.747266168838524,0.480408036693107,0.633970694525706,2.00111573113932,-1.77000896134688,-1.72780899163141,-2.54540809696935
-0.484621033025656,-0.0281566099061636,-0.0584137795513774,-0.0238294848627071,1.21907297111788,0.209327956663337,0.12089669653614,0.114477831400561,0.0533434756370911,-0.0301660565621173
1.13579833929225,-0.188095445567806,2.87857054099545,-1.90221193982831,0.0151631174020346,-1.67306215349678,-1.14313888641085,-1.14452249349528,-1.86389769865439,-3.60702257363525
0.445068114891274,0.0227303853356192,1.3806900059939,0.324198653951947,-0.536916065785633,-2.00344737675601,0.870801641141846,0.812464479288443,-0.195495963638645,1.78131007216964
0.225107919665982,0.269264748908151,0.287723882521267,0.349250879414716,-0.154555987223166,-0.515555026841333,1.27011842226573,-1.54635715737972,-0.25978666145788,-1.64968105262181
0.480815776055077,0.710230028228243,1.0450990426058,0.39929163687671,2.07534430311977,-1.47230466237022,0.132951845552902,1.09936312399982,0.651405503719748,-0.950007569105481
-0.798871782980397,0.226590221404874,-0.270684904263757,0.304970872722287,-0.607785785020412,-0.878767379963449,0.0583462387350637,-0.211875892019732,-1.15677220092949,2.73910352332632
0.683859730704366,0.804439738950158,1.13048839042216,-2.05002721096719,-0.261705942164572,3.15314113417844,0.128679234019758,0.847185373893722,2.05545868716164,-1.30934677264835
1.00600515577261,-1.2742899112405,0.607504320754616,0.212592090967594,-0.497895181190538,-0.491807706815004,0.03268834666391,0.136594315494721,0.65183898728254,-1.13541923281948
-1.0511155801365,0.24017074780328,0.428563893251816,0.853469101302326,-1.20812079120864,-1.6687199219693,-0.438247258538236,-0.402307603657456,0.902032232277845,0.00243411144043237
-0.162780290350218,-0.0694566425877373,1.06907864164104,0.763654799549611,0.279800997043228,-3.75807579699747,0.0798308244116369,0.410006044825779,0.558982878147199,1.89191380274884
0.887664585743114,-0.409528980922054,0.154159966561882,-0.0353362976464732,0.170258747781057,-0.353481288028724,0.161164172076046,0.745105152703248,0.63697680356222,-1.72816454338892
-2.2213099652183,0.468325336609894,-0.735162771052994,0.433373080270111,-0.847331178193943,1.03883091863647,-2.03227284522777,0.730913787669622,2.30401335120308,2.92705405718328
-1.01662744921979,1.18031349216484,0.386520402747743,0.827938327885068,-0.560382211672603,-0.0290822010836995,-0.497724715919697,1.40997032977401,0.963022487266518,-0.18481878627204
1.46762225369923,-0.608660569092941,1.094813463812,-0.406753432530671,0.762023436584249,-0.00739967314447944,0.481463498183028,0.790095943856882,0.235333262511507,-2.19276027162274
-1.74222636297462,-1.26118564847757,-1.08535973632551,-0.565621207151419,-0.676111655047345,2.58058298474641,-0.908717984144367,1.41896357631223,0.910383822156865,0.713530296440802
0.140473677705987,1.82753831957282,0.445620178234772,0.175941868396761,-0.271054707689146,-1.92727657827387,-0.626585833385772,0.222498290709835,1.4904260034402,1.16524240846745
2.97068768991978,-0.563745464130895,2.47750858082452,0.732441951540721,-0.723638782334802,-1.78790021615041,-0.00347595667311823,-0.30845038918976,1.82363626837393,-2.85773324638821
-0.879951574412253,0.00580191279445957,1.52678060378216,0.40204324299497,1.95639035155973,-1.57082536262488,0.194522937381921,-0.228480687933243,-1.12716464212799,1.73840396497686
-0.681668503927989,-1.00559488078907,-0.172211677947228,-0.47659822693914,-0.258220370239946,0.29194634269081,-2.37951693616599,0.416945398088733,1.39603991940556,0.14337409049133
-1.13020278823046,0.688291729723118,-0.999764327616447,0.887987569753357,-1.31525316041066,0.455679998949312,0.16158065476442,1.49761525810342,-0.415389988838963,2.53839730191529
-0.321208710986305,-1.53996877313734,-0.62860886673896,1.25032279618366,0.411444042324239,-0.314296392257783,-1.8580190789945,-0.857744921579881,-1.41302602176228,0.41549218532702
0.327432708238735,-0.0485440154951475,0.277452197449834,1.38756683246923,-0.700692202873204,-1.31992061788227,-0.11625694981087,0.155045099323249,0.269631447593885,-2.38961547324109
0.24165292937076,1.96774205146711,1.09751904487065,0.537620293151048,0.285144237877875,-0.0648666957547801,2.05072778433903,0.0184472502401054,-1.27620392597705,-0.817769033712825
1.07860416827686,1.64462051248388,-0.805716449397447,-1.541541324121,0.45625714340989,1.78922711823107,1.06288595469435,0.773856358063672,0.755820405880271,3.24492925970114
-0.53096171485938,1.9805636101414,-1.39204335433439,-0.943382759046485,-0.986424096562676,-0.389906061270843,0.389710734806069,0.791881046708255,0.830723600845386,1.94258228886801
-0.0404564729796913,-0.796937168037258,0.426587844260804,1.43760078009353,1.03581581862709,-0.0245412186574057,-1.61203584001879,-1.07012049881209,-1.00601156089002,-0.947698613500477
1.01126679273141,0.681597530979449,0.308722556343863,-0.469351423206885,0.698987945647714,2.09248268327384,-0.534435602526721,0.350559027375983,0.112619212657249,1.18994236693312
0.565454383644468,-1.52261417893235,-1.08367872894208,-1.25936991337345,-1.07680296708771,0.992933673286839,-0.704528882218448,0.271631396324832,1.77032867487717,1.43056924812736
0.0643287342147238,-0.112479365656421,0.878735182290399,0.961866138228576,0.350281783901629,-1.80823203000501,-0.395213497615054,-1.2224132394699,-1.58757089799178,-1.91967839529525
-1.2152783199785,0.969771265163607,-0.296039526535197,1.36058986255499,0.868988386546533,0.376645082978973,-0.021577283544686,-0.808808158110188,-0.97859681867161,2.42248572210609
2.24767943957638,0.41919613768665,1.44080138969619,-0.610556626483646,0.0789116901507256,-0.0883054052150576,-1.01301576309051,-0.18829652391432,0.627792762119955,-2.01981749396601
-0.140444895898884,0.73046079159216,0.0698285008520645,-0.273862472550348,0.399017767308814,-0.00532306386169683,-0.636560143473934,-1.62344273071918,-1.79988760446318,1.97611205529664
0.405292644677074,0.518608449650354,-0.0356381299785523,-0.989398594113063,-1.99191667918609,-0.452818172374034,-0.569577433413236,1.10694146171298,1.48536338050385,1.38796952502886
-0.207974246797223,0.707234117702472,-0.659530173634596,1.06507003509123,-0.946174927090733,0.711895012861864,1.13364079546904,1.29386364519226,-0.00745756370607431,1.04579227513717
0.785575628260247,-1.02456232239544,0.41936679923448,-1.01187709768585,0.429871462979162,-1.08390181828482,1.42929573591215,0.155693904205073,0.416918636787119,0.119432875727613
-0.0125414041079275,0.45926946640957,0.964717321445755,-0.488439255367886,0.272582656107688,-1.97622445666275,-0.294270160029204,-0.983408437179302,-0.496078447216227,-0.687021119820595
0.616765365455664,1.13064639659301,-0.512432079245825,-0.00841155502647778,-0.443529316283992,0.591103611092124,-0.738743935572041,0.855069684122964,1.3777132821019,1.93130000893385
0.465069538373968,-0.744305736801879,0.461290275718458,0.0920518879805558,0.416982956410668,-0.270935797763197,-0.246540912850122,-0.529661618131673,-0.513021515243117,-0.751738267354605
-0.532704797970873,-1.10230029891925,0.79479613818137,-0.271036183696182,2.49191582820071,-1.05533205093776,0.699674677619967,-0.50976457172919,-0.392697075821499,-1.05018047237537
-2.29646337378104,1.82069730618894,-3.40664348104828,-1.02211206675507,-0.185407629579471,4.19397089375229,0.795790479092523,1.67933859773004,1.70928734649266,3.68080592232616
-0.26143295024332,-0.0268463780142908,-0.0986397102690763,0.664772240694435,-0.0750137087719827,-1.05001104978726,-1.13096674071358,-1.98914499911431,-0.924046168373289,-0.53260565916483
-0.0831822566883771,0.917120423914268,-1.79182672383577,-1.66390533627158,2.06516629796847,1.67197059128896,-0.0375368930545286,0.420412928186061,-1.24194707364686,2.42559650454521
1.92778344816613,-1.7312459207828,0.697043925089628,0.0320824511707526,1.0608063218189,0.690238117076933,1.59510836540905,-0.463279178106005,0.793035057964664,-1.33912530005733
0.157674928095126,1.24189661982293,-0.690167782585663,0.0750234254951587,1.0353203492253,-0.322947448076451,0.359882951484385,-1.99932301985001,-1.35128302425036,1.38130073314993
0.978755954497585,-0.487007620042996,0.913073891618504,-0.731046240227965,-0.867301805156371,1.41441654561559,0.492492302092225,-0.0420760841912467,0.0605366374404557,-0.593345091779725
0.698198065560612,-0.726563235551192,0.516285036075911,-0.302754759243314,-0.527681186398929,-0.828631625410187,-0.424684039737191,-0.784631498619381,0.374073157727868,-3.55645289477665
0.442461421586027,0.954572832940304,0.208848194679408,1.28607489458781,-1.2524932152117,-0.621087278418716,-1.01899729739784,0.211057167252427,0.933329287226073,1.76804763405027
-0.857759281296292,1.48935458332775,-1.10030439372858,-1.14462139941122,-0.990007268388778,1.68295455514614,2.57973168240777,0.0454177918836245,-0.578346828194775,2.993159037724
-0.835854111579701,0.126974919519546,-0.623839979972154,-0.530746391673636,0.59548371363019,0.651080015575787,0.782245866232537,-0.0411264843652168,0.782303814272264,1.29382631901911
0.752106032868601,0.453511023453664,0.123154461843175,-0.748120402983687,-0.470460851252938,0.891675636204524,-0.0903810501296736,2.58958095167661,2.5393464499989,0.391926390137018
0.427673862347375,-0.478271963858404,-0.751590782345443,-1.29055123636872,-0.789768547343338,0.863896593625329,0.771699562298092,1.06289912999031,-0.475458602761681,-1.12694688216587
2.23614816395157,0.0786036864600493,0.797175936414253,-0.650683051329877,-0.174316916210044,0.166840992486863,-0.536832748225622,-0.733026521265608,-1.75397927136575,-2.18396461519122
0.113919361871101,3.5947455902372,-0.0519759422791387,1.96762505637934,0.767483029581714,-1.93421034987429,1.08519285215911,-1.15000890939467,-0.834388858332489,2.62382578137812
-0.189128301762422,0.936746087965816,0.271186044548058,1.25308318285711,-0.0934550212142628,-1.41095738200187,0.0461452784146203,0.482156878253766,-0.364698548077664,-1.08198656045834
0.122091523291739,1.02252058998835,-0.545078446759344,1.36935236652758,0.596677288273936,0.150681913309734,-1.05276329255556,-0.293165127794692,0.79317081730483,2.61171275407255
0.0406819943167806,0.854335149120447,-0.395309182339595,0.319424622214946,-0.161446970055747,0.457245633202573,0.94707207505679,-2.08177099317503,-1.45319557747268,0.244040821898751
-1.33274194521223,0.0607686724824754,-0.829325920534397,1.47949540498321,0.547424959615629,1.08709405521225,0.591657149648484,1.41642843407385,0.229606514669094,4.63132424017193
1.95912198457708,-1.31762568373791,0.827912662558126,-0.893926878529771,0.46249962622625,0.0670907599634706,-0.0871276385678942,0.322074348522152,0.406467411748228,-1.69425905527677
-0.81967702893321,-1.28622226018831,-0.268941758672991,0.05250538953518,-0.125160756361241,1.60695580258392,1.55430994672621,0.198092853976284,-1.75244183698929,-0.238018582880037
-0.444425649759913,0.0346621526078145,0.997073982350843,0.21147167353411,0.176889517760383,-1.75365611525651,-0.393720118246585,-0.66037440059126,-1.79658570400451,0.259358466386274
-0.588682911879492,0.999477215406467,-0.193570725817661,0.14366574400454,-2.51385468464158,0.532841621332775,0.782159817923397,-1.12669064852772,-0.300801963952211,1.76868591809316
-0.383575425892517,1.12590082873979,-0.314728561037997,-0.377042717183672,-1.40014771459617,2.9383816490431,-0.951079746864306,0.170555920445042,-0.235416364634481,0.426928861460558
1.0429379084226,-0.589053265061746,-0.0873355692012132,1.53885849604236,0.175468078316551,0.437607240942761,0.441877082299573,-0.329951655569746,-1.62370128088566,0.489814243485815
0.654676160052657,-1.08675331037657,1.28789966594601,0.649480556416333,-0.0568691564310104,-2.08943908111929,1.10446150737175,1.2315033665068,1.1409528959473,0.261111375512526
0.901012787267029,-0.597173563668436,0.577396245784181,0.18871034711833,1.15544700814522,0.0497804167018383,-1.20475341927998,-1.40561061454115,-0.184727369497517,-0.795264769490591
-0.419180501036086,1.65214576919044,-1.60843606217026,-0.379841144085805,-1.11961931892613,0.0692535033161124,1.87392141466266,0.450387019149044,0.138275272521557,2.29973895082883
-1.11586474376821,1.68187348919821,0.173943993517285,0.365535108710481,-0.289345166352847,0.793996734942048,-0.621270011356924,0.138319255192098,1.91029170119843,2.5308406920617
1.82555852205809,0.284978228711799,0.601698618349402,0.39495225799382,-0.0563188869753378,0.0927482343810284,0.0729709250942021,-0.493267450386866,0.620224405632228,-4.43231232740519
-0.672274445471234,-0.296233936130376,0.256914633083142,-1.36379157316821,0.740908316609099,1.70572451212869,-0.697899207041131,-0.104559255543174,-2.40472383165534,-1.52894079842871
0.791390351856997,1.4802243771589,-1.05488900413999,0.322455433619722,1.43151437325029,1.12106636690769,-0.799039774980265,-0.260546377071524,0.344704289939513,0.876870144897076
-0.745301012334822,-0.0660006633996614,-2.42539190123697,-0.0460352780343217,0.153856677377926,2.9783738154104,1.26926666420554,1.29712182828767,-0.112010210767477,3.25735258889331
0.547970550712431,-0.244795750598098,0.211129629162532,-0.220274392743597,0.0500496912048604,0.811214074188625,-2.08972442283915,-0.568572348020436,-0.475287246456773,-0.504903073381833
0.747927577682667,0.503770139297459,-0.423530432806083,-0.15991991133066,1.59847647418746,0.776027038188651,-0.92078391901202,1.29412806474556,0.511082772704091,-0.570497478857788
-0.133197811024423,-0.262672690175992,0.430645408137452,-1.2965126905216,-1.13131377893506,0.591409987174744,1.12042911740021,-0.92697223796736,-0.969241972223901,-0.0366445739083395
-0.453625178835741,-0.918056718209496,-0.186278192691914,-0.447359428746481,-1.35116872984935,0.0462858879800797,0.836430015905942,-0.810109153155316,-2.54491230189422,-1.916073279357
1.17320216007612,0.145172941335239,1.68130816577988,-0.727737754546936,-0.260537997115062,-1.1271812585286,0.00810609958731669,-1.27218902943122,-1.47395527448266,-3.60911940017453
-0.871815018564276,-0.766428836442234,-0.990133657705776,-2.00118642870131,1.03431737764499,0.73068284790969,0.444849811262104,-0.037616141821712,0.968836958209857,0.114693552920145
1.64089626308859,1.1727539493857,1.11616350787826,-1.36718454561346,1.40261529534633,1.80537771895231,-1.16850250550171,-1.67599362063196,-1.60426138560661,-0.57648827428543
-0.0108020124407615,0.0605591056012831,1.20681960053362,-0.571183981212269,-1.02411413548398,0.560930748008475,0.513392326895788,0.607029145456599,0.582482938140959,-1.19663170461078
0.322070280550313,-2.9604864342519,0.470381394350972,-1.57181600120991,1.72631303874383,-1.37329925678273,-1.43734732678334,1.55799057860086,0.616263859736868,-3.22040424519824
-0.634488814303332,1.20177207670874,0.283719517242581,2.78882665915808,-0.739803551100886,-1.60371809348102,-0.0343355097948952,1.37911286261271,-0.747938940734798,1.56462524581217
-1.05581993224406,-0.747434588854247,-1.51358744476964,0.403994865795344,0.0417675091089197,1.1268861563815,0.0948102448180426,-0.833635158512242,-0.629740802566244,-0.730001317484859
0.174340205916238,-1.32710235139241,-0.210156322691199,-0.677143893672136,1.13373575347988,1.33013395391853,-0.98607366143809,-1.14477282184865,-0.93612712704749,0.568241797793008
-2.19097934086178,-1.15549749954633,-2.81019753514525,1.03147302367018,-1.22377814862861,1.00879414632288,0.335434530687788,0.707018249974995,1.3411691422415,2.17617435010231
0.302055379177213,0.293066397676058,-0.726698014869687,-0.890914746699237,0.933257374787758,3.06398768360309,-0.615972842243396,-0.116384135957825,-0.560978811108909,0.0956192688516175
1.63043769827998,1.45267924176515,1.74480111355876,1.16755572572862,-0.579321374113576,-1.20924202943597,1.34833413429909,-1.08999445711524,0.0611191659939017,-0.721758307554411
0.416170237702278,-0.627732466400888,0.84019295770766,-1.07171248240366,0.181645793852821,0.523792641159222,-0.269215732554355,-0.822560373720701,-1.07933479190064,-2.41900807656112
-0.307891399482099,0.615770696331908,-0.183644876898502,0.238637366894305,0.856771284698295,-1.05143261879237,-1.17695051140577,-0.68279758826476,1.61249328306278,2.10051287698369
0.378332186090569,-0.091509798464894,-0.363860118292482,-1.75938048448195,-0.592741823861687,1.41615602882149,0.205032610887502,0.257462284734029,-1.65406314734476,0.114223247549243
1.83848906149446,0.232853353199414,0.0323997083333396,-0.546605422112647,0.0408337501502921,0.477167747457297,-1.33958619276272,-1.19383260274459,-0.978963857028029,-2.0278644949755
0.79621473181738,0.278938992225745,2.54593532351192,0.0048076690399976,0.148854386892759,-4.91198241912175,0.317323065100121,0.10535584398466,2.10819031425238,-2.89461787815337
-0.184184533007311,-0.83130080792223,0.377051734222553,1.69375861170698,0.00333225826402045,-0.930545489119881,1.0072669721623,-0.310284581824493,-0.202849476617652,-1.95766595114337
-0.392553295255207,0.0600661419810664,0.0465561834699078,-0.600358525206395,1.98935179749698,-1.10483091351296,1.36349577687676,1.55806316003332,-0.763825689626335,-1.39933473031137
-0.342275068762302,-0.218667697418657,-0.311434126503491,0.573246768752885,-0.570026456561177,-1.31961947243979,1.90335685955902,0.466827720880582,-0.399272391524151,-2.08743586204734
-0.78976783418363,1.74117516241895,-1.0327098883361,0.894291838213154,-2.54406900609015,-0.972224156548334,-0.0272443559473335,-0.0445773465450507,-0.308373758946504,1.05178700106699
0.014141397588924,-0.450900763331055,-0.182175709760909,0.469466861843404,-0.275631153138813,-2.35651437948765,-1.00353492166418,1.67071393918871,1.46681336497917,-0.757238559061158
0.163397576735177,-0.174320725669669,-0.45731453244868,0.922352705814096,1.44387850529823,-0.122333714227292,1.62799434159911,1.7243250338869,2.4567856966774,-1.29557228323188
-0.261257003159924,-0.131705972028705,1.01806227288822,0.0867063198650254,-0.58214463997374,-2.57657839103632,-1.81360883800987,-0.80280016018364,0.495141949004804,0.248551329195573
1.10196978149659,-0.556570135742943,1.16321653260453,1.51117559527415,-0.868401827518958,-1.9362987310682,-0.397492796444129,-0.369443137974625,-0.127881695082379,0.00277636783333321
0.15437400550898,2.17304910787024,-0.641812843716593,-0.750157397928271,0.730304212127784,1.28355596893437,-0.365069022355245,-0.594401055184191,0.152563149453465,1.14927484930004
-0.0898412104854314,0.20024188175589,1.41057454054575,-1.09625444665013,-0.0443613537528349,0.238980805140689,0.429588355856912,1.58285087766099,0.203906909542426,-1.78456031523936
-0.742258800870602,0.0989543476839496,0.689250033501561,0.0168015951469716,-0.16318552248926,0.519707202268606,0.241023545577293,1.36893861132225,1.00615156288663,-0.242424421908447
-0.205212262079212,0.466470723624912,-1.40129750415217,2.08592685891511,1.38339134887369,-1.41222674557646,1.76615547649652,1.15536344011357,-1.44730826189356,1.26474295836676
0.481714943453685,0.422486619324491,0.300382681753618,-1.9229184729059,0.475638045070318,0.799654145646514,2.38744642882399,-0.928678698754598,-1.09253060185045,0.604670135282746
0.420972221618001,1.44124863352309,1.4388090516676,-1.27664978029265,-0.49379748319491,-0.214720881693143,-0.925618993530685,-0.355698977558412,-1.05102011757483,1.57824343404212
-0.868196214069928,-0.565231225253197,-1.07901454105704,1.04633558615457,-0.0317705506584515,0.307474531897299,0.525454023819339,-0.153032487176552,-0.047090453481084,0.0220910166198837
-0.854612642428917,1.12452504010802,0.916563328606069,-1.95877265459792,-0.767388557426366,1.40089353664672,0.605640538579479,-1.27119909976112,-2.285394839123,0.424271048964411
-0.66380694419311,1.56690582310923,-0.524752487380053,1.95275166787467,-0.0272224938357881,-1.83891407659275,0.0499661129955579,-0.359612928412796,-1.35619547568174,0.0419666470870501
-2.07544855757339,-0.0733210648610647,-1.61782197957876,-0.571614227560818,1.22227123828987,1.96719132462794,0.996785869589603,1.07033360554889,0.60923593408588,1.184060599309
-0.451243106939015,-0.312904714562608,-0.568411381380841,-1.94884418025906,0.642299527205807,-0.308807186346471,-0.845846341229236,-0.546642007196384,-0.630164035020616,-0.025424610858086
-0.649741422955337,0.893485086956883,-0.74569851827191,0.992326839243293,0.594876428079915,-2.52630184659564,-0.231953377381027,-0.282957805269578,-1.13413592090131,2.14590310028221
-0.677126459650378,0.330677825653253,0.490327499930968,0.468798013403767,-0.00354121082130417,0.779495073726437,-1.42989600240272,0.706523278638289,2.31951638928302,-1.53638283725968
-0.266577012944199,0.739447734201105,-0.467877572823224,-1.10145006155977,-1.52606379976392,2.27086082174178,0.82481142948091,-1.70053366130674,-2.1910632370446,-0.29458456810602
0.765013540072478,0.0519952333768788,-0.143841194025616,-0.592801566169264,0.517943973947003,0.400599302301104,1.89172345612362,-0.377274754939599,0.974916209648751,-1.34783585291381
-0.387289747231429,-0.123810479573778,0.582167814660311,0.624281151164791,1.96959817505032,0.00702983792587497,2.15767879715722,0.596759112918141,-1.08228337587266,0.308015452691943
-0.574343872199406,-0.570051084481967,-0.345963607488044,-0.0530049006072822,0.206946405328511,-0.018030156174626,-0.353522297864882,0.353760720680255,1.36004996094881,-0.736684140115387
0.270154368261813,-0.378601963955843,0.22087249986823,0.633740343115381,0.836329571929401,0.17698568882605,1.06215538808797,0.100803077188937,0.454211253157741,0.128736630627326
-0.270541190192639,0.425845350930023,0.0152292882603327,-1.02972772689815,-0.332890472046891,3.15346255414767,0.258931607898293,0.77990372160475,0.778220430130118,1.0719398502896
0.617896685062333,1.06182506378229,0.644771358290419,-0.916417239043293,0.089004878597832,1.61463783709843,1.83166817412433,0.682041950292806,1.1477684914474,1.93021044519249
-1.12206309291936,3.27351246179125,-1.1178367892912,1.28550080761588,0.538224450573693,0.631222397891879,-0.50934594225128,0.0660131894260019,0.412377666431109,3.19973722733277
-0.0320424818577684,-0.774937382559611,2.2892232480576,0.671518304156623,0.744208454718975,-3.68863406356294,-0.925737348155312,-0.431560274114587,1.16144263235008,-1.90079759721688
-0.423141998250174,1.52764003232216,0.484813777281365,-0.274573296794987,1.03789736506915,-0.227656621336134,-1.20787172454467,-1.30243752828337,-0.561380111977559,0.360974880027324
0.366110616605259,2.48988956998502,1.26749040277547,0.712965601465289,0.510734309994508,-2.16204553713254,-0.906869747821246,0.461564002149872,0.600243357908895,1.79208561109097
-0.340315886155526,0.587825313218968,-0.950457138065065,2.06258441562834,-0.246149752333947,-0.717822861739441,-0.686559568035814,0.573523239846046,0.916393575854315,1.19605757273062
-0.359251836390665,0.7239477886137,-0.714320667812623,-2.06735914991839,-1.56929912750304,2.57343712756381,1.01827893884835,-0.567591494959917,-1.91091555371548,0.225634723369141
-0.760647554234627,-2.42458056109387,-1.71320749908339,2.06725260488127,0.23230187412879,0.771709400794928,1.01587624040033,-1.41308488049132,-1.59385332967222,-0.577330849687506
-0.115802381944189,-2.26494749863848,0.64717482414848,-1.18927554842894,-0.467382317525683,0.747744046586629,-0.320766452459267,-0.583976526148915,-1.04541070270931,-1.6105854570571
0.815777974450766,-0.453958711139145,0.737661550780403,0.353050948122365,0.184519220689785,0.1219898921508,0.999776405227737,1.76351004810861,1.83664853232071,-2.39105636141571
-0.108908031754154,-0.159533132770314,-0.958031381351821,-3.11138623012441,-0.83094802293592,2.73723414431738,0.65011302454895,-0.252286468760172,-0.501245590450415,2.08409305689878
1.29050682377624,-0.323357139628944,0.0749340335194257,0.86575705872831,0.65937827199985,-0.449497994061616,-0.4020264285254,0.262037199497929,-1.02374245901756,-1.57385057858486
0.712467742066096,1.28718821286595,1.05654560500236,0.855893652776101,0.0348674587865719,-2.26384674109002,2.8885296105103,-0.539883385495202,-1.70288881950093,-0.336573759838322
1.37171133250211,0.560345640935893,0.253862729840918,1.01320416489407,0.706334151775428,-2.01593657354651,0.139982602471959,-0.263852079279687,-1.99059721481057,-1.30760380443325
0.453945154305815,0.233478926387113,1.73114955804753,-0.830161671257054,-0.272870490223962,0.464476112304447,2.01592527666263,0.516957385581867,0.340338336380908,-0.624452264524679
0.319115820949397,-0.556855539547498,-0.60064877836313,-1.52761864214482,-1.64521145213979,0.146025190615945,1.57042397076829,-1.42219373109194,-1.40520367584208,-0.50372797968056
-0.940393858057972,0.110869274056568,-0.24305827006211,-0.975222182399004,2.0529758059838,2.10407171330432,1.05266895271581,0.996552237662131,0.916836785238408,1.63450536884328
-1.19379028201927,1.66789229248135,0.737510299435729,0.10927173323892,-0.727643547463498,0.0172532936777933,0.361247001566217,-0.812968182993707,-1.03155199146884,1.1529031307131
0.00456549909787227,-0.878412732422566,0.821615628551918,-0.108440392973433,-0.589307727273029,-0.325838131453306,1.69086326200546,-0.385346738920546,-0.981216171940908,-2.90183713678678
0.275199004150591,-1.40388306056564,1.23652861980688,-0.543639452437929,-0.650127973206484,-1.26298283034147,1.20557536340857,-0.314675362193973,1.15265961823152,-0.648817473744762
0.240015332566295,-0.511635925890069,-0.0117883145222223,0.0789224478194315,0.185578596436799,1.12361082424867,0.657585400321975,0.00309400673894883,-0.449930301008686,-0.407627909751685
-0.790839819937141,1.89207828319191,-1.11512724957937,0.746921413382113,-0.146247272627614,1.87739416476202,0.820024184803051,-0.828757650164093,-2.14647884462115,1.95879432893974
-0.286562179503148,-0.241803863718393,0.160017470100208,-0.857978616004007,-0.51615732868864,1.11435953709459,-0.188835467868787,-0.77893961301694,1.12203685909482,0.0816391873107613
-1.56867329414749,-0.97114551164254,-2.2307327664636,-0.204604230987336,0.0762576512997101,2.09130855219939,0.756738197620748,-0.604885299437602,0.347515744813936,0.577816387856987
-1.64330819063783,1.87155528820202,-1.99589168269479,-0.0613734787765592,-1.54453836875609,1.88456763812456,0.679189304055434,0.513632380613973,-0.11385293220701,4.29325845884736
0.147976481629997,-2.76549340378686,0.296679152566562,-1.68363373185643,-0.321210864186676,-0.244093236713077,-1.09233981790113,-0.0501590853770931,-0.871971363284141,-2.48106197092178
0.223014153043546,0.0965420056036977,-1.37767852580085,0.137952725738434,-1.50675531284398,2.59875273568995,-1.27181602465623,0.00506507045015236,0.982165996646172,-0.430460948717832
1.06237369789495,-1.98731461837867,1.05532507542349,-0.915416578186385,0.185683598745046,0.124850242142728,1.15844067338828,-0.36383021177254,-0.169761230049296,-2.12966590040822
-0.338711858902551,1.94635329164281,0.258923643747609,-2.06423476669745,0.997555406806517,2.51490936983484,0.174988929193892,0.589060386285362,0.617912382987282,1.29749894037738
0.577154056347187,1.02841512138387,-0.33849155825925,2.11808069216186,-0.474178219383768,-1.7902732668596,-0.614496338750514,-0.676487406007007,0.534139816854419,1.07863413767525
-0.740266595250638,0.580613829320929,0.0982737447769782,0.0819854924351833,-2.0903815234497,-1.73659145495692,0.302454265656844,1.48718249186946,2.72422135315599,0.319856959144924
-1.33275369372905,-2.05486613146882,-0.905262271626964,0.574839304462029,0.503923485304834,1.08015884410175,0.476298760659538,-0.709386620798631,1.29480558499497,-0.210514245322519
-0.0833275585251116,-1.03599709340183,-0.0964238078646975,-1.31762576144652,-1.06438751647674,1.01853494596701,-1.11076487401259,-1.09173342091051,-2.11384447197093,2.11447705482325
-1.73504329204121,1.15180353402856,-1.35905889052695,-1.45767622183944,0.439590354691798,3.10500850215212,0.157052984873407,0.186652594954249,-0.588695966776522,2.52780534724115
-1.74009829220153,1.38784941955041,-0.0468678620833317,0.552031662564279,0.0973734992178232,-0.88825046910067,-0.768842631099075,-1.46913741462179,-0.441703024193297,1.57226408779662
1.19479139689758,0.989840555521798,0.0237539360530107,-0.63342623402767,1.15315683322879,-0.211691201085059,0.0413050200017382,-0.439767254127751,0.460407041255492,1.90383654419614
1.7434983290997,-0.461125179189607,-0.109945110803025,-1.11171213315039,0.687473393042472,0.603015022055145,-1.76344373996008,-0.111677909657391,-1.57450057829819,0.454227779012323
-0.0673879483713961,-1.69715325272788,-1.04630271216826,-0.348298767711443,0.991359173880347,0.421000120917828,-1.10465540772988,0.310179302785653,-0.453456804989923,-0.425423269022163
0.610906737860019,-1.82641196961726,0.491657332647903,0.37951022766884,-0.681526313435717,-3.26240148187388,0.348437765851371,0.307176446996124,3.06600549865386,-1.18325407748851
0.754367456806636,0.490299427982045,-0.118015206374065,0.680752309933752,1.72131059752331,-1.52377843630468,-0.135823914789199,-0.610478011970857,-0.862969654270779,-3.29861065505182
-1.41045333013895,-0.354212481856688,-1.51201842146899,-0.511090240120038,-0.253835566778965,2.55512588517349,-0.969368462206551,1.49726321052258,1.58208409180254,1.81145976979734
0.982705943425765,-1.76150472665699,-1.04521651919175,0.652540199448425,-0.433643701031153,0.866881292659841,-0.29122164362776,-1.47106726777637,-0.985517181684843,0.21070338714023
1.26990823817707,0.207435164801476,-0.342926485847703,-1.08178529506267,0.601896840114918,2.76971857405474,1.28295569067271,1.81732549153092,-0.422390110637325,1.549855222925
0.290312820332314,0.57082656085167,0.595222425056252,-1.09985833201228,1.07738687447883,0.0924555327620692,-0.834811241695492,-0.0393705894214247,-0.528717077120365,0.794405599084635
-1.22780023692387,0.766820453383643,0.75413206143014,-0.518421999307386,0.293318778909341,2.27185207887373,1.0261990391084,-0.684435853989199,-1.25614375056015,0.920703543261952
-1.36186083203932,0.103035241263639,-1.06921425365758,0.823629741338141,-0.719286715914679,-0.090146804694844,0.452148116557752,-0.444761860600606,-2.94109423212567,3.17612464941129
-0.941535731938226,-0.305642553611507,-0.897902285054837,1.45792223881563,0.000593646247089248,0.460194497471944,-0.23926580529171,-0.444818744932331,-0.191800491757824,0.00587763425131092
1.79410335434436,0.274135417172384,1.63145578761701,0.572445850337525,1.44673699380606,-2.82329590809837,-0.350248748768191,0.261696661133611,0.104485116207734,-3.49924051790358
-1.175545134239,-0.487221401240087,-2.01997791317392,-0.573401773005755,-2.15307704217148,3.34714245291368,1.14536329898385,0.302819832886947,-0.336409864361332,2.67113791690787
0.82944732275451,1.79457612961814,0.490124890397808,0.211624476508796,0.624480551297386,0.205926220413127,0.949284913561689,-1.89641782100452,-1.44515044632236,-1.8931274702061
0.95467628071864,-0.355245242106723,0.777715706103737,-1.31592023956048,0.297445975469876,2.2933173432854,-0.876161265890865,1.81065474656068,0.799735420324106,-2.86639537564688
1.25945581672101,0.274437673990572,2.11680966612439,1.39100923332151,-0.614730970246127,-3.17664172077472,0.750383617941768,-0.20412964097874,0.503266001386236,0.0081362834465946
1.0924517073083,1.36094906559392,-0.236247950333717,0.968537986586713,-0.370261355242374,-0.857425694129023,-0.942120762639364,-0.62170999019444,-1.13110726866844,-0.0379665981661902
-0.573028974566385,-1.81857762596624,0.125471995450533,-2.71707680850077,-1.43585608280016,3.09948713757412,-2.0731357504919,-0.0623957848446215,0.915733267511828,-2.02751357795437
-0.953931613813675,-1.30953425779501,0.141995372705183,-0.661011526556395,1.44457323883706,-0.108690610892002,1.49714327623443,-0.498932813927235,-2.59229415820912,-0.882347469433696
0.526084386760571,-0.968624330919232,0.393531877687195,1.44195464325102,-1.77185474327231,-1.44722142156413,-0.486781262188294,-0.216664006581283,-1.01806599411417,-2.11967957737774
1.01550600142054,1.44401512620919,0.203493677631084,-0.508987766371059,-1.10339743547676,0.340520119456015,1.99780863039262,1.85339674452025,0.718934618004498,1.04085704214203
-0.372334940414839,0.586550651901945,-0.392459197186105,-1.62850225856123,0.663660791889549,0.58185793564483,0.328473188748572,-1.24950169123092,-1.51208731516538,0.359818172866813
-1.93315424562277,0.851710212606139,-2.43283941565399,0.0587862152790966,1.2008588064234,1.27923106973125,-0.569002033388048,0.164135829426823,-0.204504152161057,3.35582657731271
1.01737882988805,-0.138235717640187,-0.2314178084348,-0.830610930249606,0.362093637599888,0.704243948194954,1.06098503949801,1.24914536559175,-1.13596062308495,0.16508936850345
-0.308920430931312,0.00976580603329918,1.29968602238437,0.288181183280631,1.59707545650133,-1.94302284791168,-0.0998029112405804,-0.188578818501411,-0.807008221621933,-1.6828523428189
0.56755104294684,-0.914341040741917,0.559228045951802,0.905366612327795,1.19264109217207,-1.06523231930221,0.203682908021216,0.0669420884287684,-0.116739647172115,0.235355016198302
2.24776557865403,-0.126611536288228,-0.748372554105267,0.609199740293045,1.49811520314775,-0.414620780801346,1.42336600420806,-0.602450532432285,0.200081707001619,0.713955144046614
0.790128958702867,1.68992437505255,0.332413015580092,0.192047534882874,1.60140647012129,1.06496307607678,2.19534436696182,-0.265717139474982,-0.788170578616179,1.26319649411118
-0.639186337313833,-0.966829510855902,-1.75622809174215,0.31315783603954,-0.0626432018370359,1.42934123965406,1.25470991060545,0.781862923202018,2.21825165656846,0.358720220044228
0.103709246725345,-0.989776090497513,1.74559530773851,0.370453761540488,-0.164494644462832,-1.95217080120715,0.190864433950863,0.871759575353588,1.09688286114786,0.221339361516904
0.685430696431336,1.92989187373554,1.41200809768924,-1.11154017166983,-0.0221880036580922,-0.499573563606043,-0.79269948469609,-1.11071999740118,-1.97238635129971,-0.43154450971345
0.415911291017969,0.564066819203007,0.0107742539660714,-1.23274434633718,0.964113497581741,1.99440932629385,0.949533664892808,1.03057018730655,-0.482504926824806,0.664938943191271
0.792368309036095,-1.18298672053681,1.01781290291563,0.793473831279533,0.103482744050105,-1.367781457564,0.100605029850602,-0.755970809798895,-0.921910645896845,-1.62807605844142
0.467252586042394,0.389426289106297,-0.837026684889754,-0.19620829598309,-0.666826304967773,1.37333015362474,-0.345571924700225,0.0701566442571979,-0.306596117325755,1.15213306769544
-1.28650325799827,-1.30241015269723,-0.0750465945978109,-0.880879925070521,0.123871021270857,1.56510573627625,-0.357442768948308,0.716013994910757,1.13483382283893,0.397460548866463
-0.163960202797112,0.0664310076000146,0.576436633075516,1.39077334175538,-1.11139787220094,-1.56716223281813,1.18022203597174,-0.366118227181829,0.0703662672460911,-0.804196621059209
-0.914394227408547,-0.299700666348538,-0.363409166212024,-0.689607562320544,0.248382730824736,0.158570753528507,0.605366775846783,0.486744369921162,0.262048746726785,1.3072807016318
-1.21595533117868,1.46024408721666,-0.761117358164551,1.43166855867529,-0.408370547845208,-0.299303731155978,-0.798803822112916,-0.31490241771637,-1.55366500973774,3.78939318319445
0.41809197975442,0.391982959259427,-0.861853466558967,-0.160132438632068,0.0949700937392818,1.42358397096965,1.5424947522057,2.47049240348971,0.715030035418536,1.49463426696821
1.13132155542968,-0.905160792480095,2.77945721700988,0.985333017118495,-0.392275370812168,-3.67621713080764,2.15221098965291,-1.13530777993568,0.865471703763018,-4.02512731541159
0.284013040784243,0.841878521258866,0.11160405492636,-1.00754488673325,-1.08442372593611,0.0589340754911609,1.10886826721997,1.5499038489302,1.14810612470749,-1.05658243904309
-0.871516364107317,1.59606841100409,-0.575171275920496,0.0904222864739214,-0.0534473235138491,2.93330947321532,-1.81603140584429,-0.863009820550305,-0.631862264665114,2.32434534222981
0.822491162077829,-2.06476727544289,1.23234791977738,2.37208935548516,1.1826501167808,-3.15644973412905,1.88869469052514,1.04847676655565,0.329374719596121,-0.576996596707863
0.597868368138427,-0.682136379264562,0.228185363778426,-0.147966274261259,-2.01495211786769,-0.610647111335273,-1.57209299984718,-1.92254999801976,-0.957048421306966,-0.980363787894759
0.143748986011997,-1.15716891630064,0.18754723225443,0.437555861979095,0.0416346378448244,1.57230902726548,-2.09458012785208,0.315280259650395,-0.426713284420846,-0.0469422906447643
0.342987200026897,-0.277444580298465,0.732155238728436,-0.0755761680483323,1.06553600553933,-0.148539971499693,-0.824326353460209,0.972862271371109,1.26681360444928,0.659334790041434
-0.141775197628056,1.28665969580412,-0.452555700209492,1.41105815798314,1.33985969978949,-0.432126019159746,-1.07187315775432,0.22389061477192,0.110065262435621,-0.53525221107437
0.510064075654026,-1.18123166903679,-0.0171674767625599,-0.449126987236788,-1.21779082484858,1.70274825657098,-2.15939043183042,0.557989942556085,1.10240703243673,-1.87655070635035
-1.436155268999,2.24895649231088,-1.63259710656477,-1.12026070913948,1.11327591900334,1.75270312873858,-0.611656044453979,-2.89488586223891,-1.66974738066806,4.91033497352168
0.352454228546368,-0.965827525879773,0.887213174806912,2.47342488025656,-0.132765536902684,-5.25089326044843,-0.287399206294548,-1.42506779769239,-1.61684310332198,-2.92447562471725
-0.38201260648014,0.689936955612422,-2.13490787295827,-1.76443767159615,1.05996903372407,3.06909222376406,-0.240459350439624,-2.1724963921585,-1.79632271189671,0.662658787280795
-1.04628078648731,2.60513081813885,-2.44480356672835,0.808205868240158,0.0738510462950696,0.948891056859216,-0.685692745364632,-0.870550024035701,-0.554908160581021,5.25345987989899
-0.507288671716089,-2.0190386872351,0.196883902625357,0.95969514800941,0.531061526506998,-1.02438109721772,0.732084156735096,-0.677855475825981,-1.86527299901301,-0.448369835355496
-0.483793747817321,0.206356794258728,-1.38013228676939,1.35331186573298,0.203439619056726,-1.24063520312104,0.420635572080022,-0.901061021574143,-0.0853255296619635,1.64682755595246
0.283875928611114,-0.251689707466887,0.110131216997737,-1.4526662920274,0.695735439221268,0.921397763940451,0.443102217730301,-1.89865477257444,-1.18280840529541,0.883684457355481
0.696187632524527,-1.31065523365292,0.960771631261897,0.825168059327734,-0.169216070048623,-1.87752893956944,0.354159144638041,-0.950394933123892,-1.54506400890627,-3.83358247866995
0.0978210446051148,0.5622004014848,-0.603472745231394,2.44983858928636,-0.761912953839484,-0.749897598593306,-1.22358867223787,-0.245720358199271,1.42221319997854,0.36806823727306
-0.466130826872943,0.948519412954316,1.09395933643427,-0.552082060267012,-1.01423472638672,-0.636677536130589,-0.316525799357904,0.000750352905937279,1.34677172432112,-0.195241342527074
0.575792841313289,-0.179647861116386,-0.489842893218955,-0.811121985450803,-0.38564280442337,1.35104682202961,-0.448378972015412,0.714685943805503,0.0329881185065095,-0.710083650485529
-1.70992833734303,-1.05220055771479,-2.23729496521178,-0.719749410991159,-0.0399032368001125,2.72502990067239,0.179307886830732,0.185828711383102,1.99671671171886,3.28857962107381
-1.71256556299586,-0.753539757253567,-1.22256085443944,-0.00223274257975228,-0.537160748816157,1.22246384190019,-0.392041022577947,-0.349490076471094,-0.00803864730582493,2.85241593834778
-2.38040821646838,-0.0145763552647914,-1.06866033067932,-0.583787711518176,0.752607883135629,-0.632845961843709,-1.77318566755059,-0.633292766858675,-0.247555499080968,4.17295490092851
-1.56754015087817,1.0004880810902,-1.66070417301197,-0.480189451756227,1.98488173046351,2.01838124987039,2.66064752261455,0.751980883365734,-0.829353822221994,3.39869243526666
0.945743022409631,-1.07580269302844,1.01111854583887,-0.528203771778056,0.196278887142918,0.041956349125306,-1.19468933699122,1.40873298161985,1.03357642765151,-0.352218615863229
-0.578643292119825,1.00543298333587,-0.183410316749238,-0.725213083664178,-0.514106187929167,1.61048288347157,1.1213977869575,-2.87439596392022,-1.94436013041662,-0.329931604915956
0.431842326349746,-0.327648801748323,-0.6507467853537,0.326840565691058,1.10542799610594,2.13894345484615,0.790385805264449,0.641089705601229,1.16029551011032,1.83118826299015
-0.658272629658153,-1.01430816174682,0.64062896326689,0.428469067334702,-0.565547060990336,-1.8003530153866,-1.98493668267702,-1.93915136952963,-1.3884058627615,-0.967494673106986
0.379631136914562,-0.838732772478203,1.06335960651953,-0.161589532055847,-0.918658655917148,0.301672587564788,-0.601961943280753,1.69095379094108,-0.490132960403269,0.59231923394582
1.44504932065022,-1.03054924620403,0.0501031244097093,-1.00643384559516,0.140609483164682,0.720176653530244,-0.408943940532462,0.223492099021003,2.75766428447216,-0.759047030829525
0.28558470736213,-1.24750378528298,1.28763423907429,1.06437770646167,0.471057144322529,-1.12383389260332,-1.32996045080427,-1.14442400961188,-0.6544618329494,-1.55614551891752
-0.35729334452175,0.0647429250789077,0.662423815367352,-1.77141916151563,0.603054111450856,0.811010623569944,1.19627422917437,0.0794292881866237,-0.795329772222371,0.951473379060115
-0.231591841803087,1.32712531588225,-1.04126387556964,1.04885316060868,2.12034615734902,-0.560377572024027,2.85265935054707,0.804761628653022,0.648423183646452,2.00874165543697
0.30421161392831,-1.00709538552166,0.267055751636943,0.725896343293044,0.00831498478104494,0.265892500077246,1.18494723313712,-0.0300661564331859,-0.156163542663264,-2.04493146845278
-0.202874475273183,0.158664493052066,-0.213721172878428,0.140623052886217,-0.192531698968374,1.17931451825232,0.193404389676558,1.69868391088344,2.07180177873268,0.142458692826517
-1.55425166545165,-0.231456791137691,-0.823330788966898,0.179457942040163,0.664483433415572,1.55955078054068,1.42679645080435,-1.88944719074955,-2.97799187295696,-1.42120518910287
0.419010400787887,-0.740935829525943,0.769642424960212,-0.314352718314095,-0.0810018715656861,-0.279037711035235,1.37897948558554,0.698108048351053,1.41695436478459,-2.14734215134061
1.50392676258119,-0.993247766977415,0.624245074345516,1.34997547132254,1.06915645381779,0.661356265576464,-1.03180125477909,-1.40432723493101,-0.287680224538412,-1.1657402989074
-0.691209253684739,0.397357113353684,-1.18455232530724,-0.336724472178319,2.00276540142001,0.132644539922935,-2.4300711735219,-0.881855780543592,-0.836664828312905,1.71290530671017
-0.273023805597923,-0.459987022766881,-1.9521083486611,2.67980965691955,1.98826717745411,-2.76038426529353,0.611173937286392,-1.51480774376126,-3.05712489092311,-1.62633129272139
-0.49020235776185,1.19638261479455,1.43213110484636,-1.01187938720401,-0.475586619014584,-0.174033457915473,0.185195293192679,2.0401268491682,0.459626586018769,1.78061288296443
-0.552332872289683,-0.770887647821136,0.674441030967505,0.206877569348905,-0.482140356619776,-0.0879410063285841,0.223083499193635,0.693053682685321,0.378325264494329,-0.223238682637095
-1.71652256669032,-0.660561256750201,-1.85733840862927,0.908806218877804,0.480608966631177,1.59120027355889,-0.848407198977214,0.850522953721154,2.30789788727426,1.42291380667018
0.0244696226889316,0.641592814409156,-0.734669429143453,-0.286520729588637,-0.146969469487622,1.5780183226548,1.17735750491607,0.53960476839645,-0.948217036639196,-1.10036148673695
1.54474101662865,1.04061773001084,0.602048878090773,2.8101910982972,-0.292740147631993,-1.50171246331286,-0.533737718038917,1.05557258962539,1.05309200440231,-0.232879913203915
0.339055616324415,0.0735636330748836,-0.172609713182229,0.736234344848443,1.67343746524012,0.434438583219575,1.41170253477525,-1.09192951018855,0.145647390547528,-0.268039350977106
0.822491651074731,-0.022139784943391,0.370664211487263,-1.22156217898787,0.577856411356862,1.70589838310599,-0.0557186931968312,-0.115808804332865,-0.724674560518616,0.138806753102758
0.621675648376339,-1.00852170577877,-1.07946242615954,-0.378119280331004,-1.50095971950566,1.09339393086211,2.44595287188281,-1.52340576691748,0.709585380790458,-0.800034236280092
-0.370797242383681,-2.026611321891,-0.556042163698752,2.45429698455561,0.819004215584722,-3.10221497826253,0.67619198705468,-0.326396712814222,-0.0805325843475195,-2.06871184027914
-0.622549015126127,-0.883348762903675,0.478700589080082,0.294325538659856,-0.416627432332095,-0.21848903205155,-1.57729742683159,1.44423615152398,2.70191290652374,0.0829749356943535
1.61015588488613,0.857407542363377,1.13833372930002,-0.196675450508787,0.10760119017904,-1.31488178479086,0.574672524241528,-1.34843105015715,-0.712874274783348,-0.637975104138472
-1.72875428234688,1.56479969632408,-0.115557464201492,0.936599510816785,0.440495617232955,-0.644172800484634,-0.904449261471294,-0.3857619195093,-0.744751079849362,2.52969609067536
-1.15424601015018,0.586239050046564,-0.982365797894254,0.146899512235399,0.00587412905381615,0.297378771212552,0.123768005213957,0.889549952315697,-1.39350693831272,2.93300604341574
1.22780362835077,0.892269373923017,0.735269668176185,0.586598574764041,-0.380379696465801,-1.41022329249181,-0.478838948555474,0.0931980431760061,-1.11812678861238,-1.23489380009356
-0.353198165216604,1.67043845079513,0.30697999721451,-2.33716046877172,0.8312925692682,0.404013228715997,0.0869202800614555,0.457960012804427,2.36431011469279,0.453030320587982
-1.32768591862518,-3.08542518578205,-0.645860631891205,-1.52243315410981,-1.02351157508557,1.48587702031024,1.16091017822595,0.378832371116852,-1.10194454207531,-0.727907470370299
0.55217244566959,0.100406142111509,-0.119686877438544,-0.733821489591888,-1.60456328596575,0.186681242788729,-2.03892045800326,-0.411220687922262,-0.994967058665163,-1.04047034804559
-0.894820414608172,-0.804651981236952,-1.2090153331134,-0.129591032458232,-0.728400432643958,1.56757855142629,0.937856210945196,-0.342071697979817,-0.914711447506193,-0.851545106632778
-0.87487314782451,-0.287947826552054,-1.24112547263396,-1.69235514663714,-1.00244127585344,2.08513502118546,-0.608752562867601,0.651787244802729,1.26815590719745,1.18835209358283
-0.0192603653100647,0.0267014019809026,0.290806780872535,2.62822059628317,-0.209396558021244,-3.08281674531236,-0.156290092117147,-0.90315634888013,-1.50357379225143,0.789804690624323
1.19026429421796,-0.970765203093816,0.178299443499515,1.06197273679118,-0.0286315191679126,0.196964602274507,-0.303239734607412,0.123898326330508,-0.321465551509653,1.45683227303501
-0.94957914946553,1.09926278508497,-1.04689916426967,0.171778698667723,-0.580855850611927,2.66912312598591,-0.440202759536282,-1.15694299221858,-1.80774825353749,1.08577409843867
1.06247986965178,0.368018603147106,1.15942632573775,-0.360479053207279,-0.484549578648594,-1.51701168870616,-0.762779476574486,-1.33671100720242,-3.59273243233873,-0.946044416910659
1.24184001289651,1.33458139556388,-1.19098378219721,0.0615474167683088,1.06122969539894,0.817301188905061,-0.438701198424809,-1.23661751168038,-1.26857303143402,0.749706627892741
-0.49222376223313,-1.03679039615094,-0.910235909054247,-0.566685335044075,0.0821161370706286,-1.13119695300474,-0.0679568805262348,0.534117860884098,0.434471546984995,1.1714826068042
1.21304428988578,0.89026193781991,0.788533641443779,0.315756866215258,-0.592061268715138,-1.50542320499127,0.180659741847253,0.259163723189874,0.356662752002323,-0.136986310378517
1.59611925401092,0.454084316550386,0.782884962811283,0.907657093947141,-2.19704617336099,-1.96444532223931,-0.136580290290979,0.269167720276757,0.922838031479455,-2.10095731923684
-1.07175218003232,0.538418192178971,0.51114696441142,1.12852402451468,-0.821760289222506,-3.57057929996862,0.448747967049704,0.713379170475587,-0.835638854478996,0.704762647505086
-0.437262983018195,0.971333868782972,-0.993350884219651,0.449332891921298,0.344447564258729,2.36848434511957,0.808116594170848,0.111136024901475,-1.10223176103518,1.97489888648191
1.68224508303284,1.22524923954873,-0.561141340139864,0.0529749906065069,-1.30918833941209,1.46855609440004,-0.0606108316063027,2.39588400042736,2.19700603157904,-1.43562071056855
1.205019072217,-0.216763777885894,0.110306175238372,-0.703039724390923,1.28776531217831,-1.3490146344875,-0.787305947737368,0.4168365517432,-0.630954784415312,-1.46981412917059
0.0102345232812118,2.1493907293441,-0.878245137819522,1.26299618603767,0.0972766036696735,-0.308692040909656,-0.136383325992858,0.945068821708965,0.673343309275974,0.738350993327459
2.16806002267693,-0.904533787780793,1.86971863078083,0.412967139731639,-1.92700200278045,-1.69563097810652,-1.50104622491437,-0.0922615134148266,-1.83688715159989,-2.74196916463843
-0.590807544205039,-1.10202413888999,-0.459954753765711,-1.49328969061603,-0.631847627344848,0.049188303870599,-0.761989169336356,-0.649780942326525,-0.735435270676578,0.178587781574843
0.0865354210823591,0.418061494520954,0.28123882785975,0.414389112435688,0.526307734501333,0.642103207491274,-0.404957592181507,1.72854524183393,0.239419167854648,-0.296935258604938
-0.725233403301157,0.0954112717064541,0.0566472479003999,2.05450008165866,0.470008990122508,-2.78966431913591,0.373929755669088,-0.119062930859286,-2.25220900318692,-0.388867381066856
-0.705476678814275,-1.63196943050173,-0.845464194160215,0.47411447863806,0.882353896273464,1.77556193255553,1.71165961000762,0.24586573868391,0.462376842386405,-1.82356577239329
-0.267719981131294,-1.82611169745403,0.827198032303587,0.764416439738561,-0.136145047868543,-1.40105489509351,0.472855789345966,0.726134314730144,2.17667738152845,-1.711755898891
-1.25813292261687,1.68771948096134,-0.553982813256624,-0.818849313370539,0.67396386390072,-0.893125825105627,-0.804672340425739,-0.468936896920563,-2.09562112186392,1.61834147889075
-1.1671878212724,-0.531070643973385,-0.259612993200998,-0.805225273193498,0.374478495509137,1.40178060551851,-1.17367888186721,1.23766255038221,2.40485152759145,-0.41312973847334
-0.815500049328223,-0.901088328594747,-1.8667755072133,-0.21708740101801,-0.564493951603954,-0.64158530452353,0.175430358510737,0.893342624799354,-0.0391827351135943,1.12723911613082
-0.179065822685622,-1.60898127243489,-0.245135290002345,0.384026679111277,-0.01647825355974,1.16064783868853,2.51662194305467,-1.09144568408673,-1.69271559044254,-0.918075538273574
0.272775294491684,-0.413758825800734,-1.39178846731495,-0.74565686346034,1.70817261397173,0.53862409684865,0.870060468594289,0.613122062397456,-0.906440605135281,0.342097748813248
1.6403423141371,-0.168443626353324,0.0384606674496869,-0.107792867443526,-1.72431155679132,-0.212507502494092,-1.93192085119782,-0.674529900082189,-0.937785763788098,-1.60636151872027
-1.1412795646943,-1.01668726145611,-1.31355155200513,0.784940765898163,0.562088208319787,2.20073388366733,0.156787833895697,-1.23702542444519,-0.427804465078491,2.31104051461192
0.336191227093356,-1.43943991627519,0.176868668069502,-0.804370899018093,1.61503424937307,-1.48103870621889,-0.940894693113242,-2.48239265344211,-0.150145316911947,-4.14396885191892
0.111201274331045,0.706682768563946,-0.64991901192047,0.777512847015432,-0.30947913682427,0.162596169538289,-0.441126594658663,1.82332774028043,0.948000634074044,0.569295335519398
1.18518980570997,0.527111385199517,0.460930713695889,-0.770123705837936,0.297546482101919,0.4117642405524,-0.484803934172794,0.887833793645873,0.103336009251668,-0.810093737248694
-0.178863289246681,1.33364959096681,-0.520222656078961,-0.55368839133666,-0.74164893633609,0.481792898860685,0.749581147180377,0.125016546940122,0.923765499815542,1.65424879729455
0.876679588612956,0.640312967191076,0.824627050129055,-0.101432886643444,-0.641971649357961,-1.06377340886181,1.82548098048567,-0.691389146076314,0.0867528429750778,-0.462148242577039
0.958885364318847,-0.516306778832507,-0.750542468648992,1.5489361539144,0.838861017825013,0.636058118320576,0.0916294299234336,-0.680796353270601,1.44889047990824,0.276238748704447
1.39124229500304,-1.67362112563268,1.4610531414478,-0.681839893218457,-0.129779961112957,0.256685432559012,0.542725957882637,-0.58016925564972,-1.85196296024098,-3.88228377659693
1.26895449748268,1.16895723722931,1.88745937742157,1.06788198754388,-0.325871545085433,-3.37457810169367,0.498903060147918,0.274462727654269,0.509933000438329,-1.8315680860553
-0.61144684252331,-0.59889577954089,-0.0675483590662303,1.58879296077551,0.555104873014932,-0.666987279742536,0.472524440019238,-1.1446197722483,-1.84037776956966,-0.866550509877802
1.72161841688823,0.381310031006343,3.37791895506086,0.108538016114204,-0.316209609211723,-2.85138830830697,-0.729616904282596,1.05483412844954,1.71615349798265,-1.19695333524081
1.54144899865633,-0.652355358825162,-0.831111375571991,0.334348186131441,-0.157673709579354,0.124261600608468,1.98531764283519,-0.595722008236421,0.527322290508215,1.20088861602781
0.135227923265704,-2.37287562849992,-1.20901248472745,-1.13540884739524,-0.0951147687733311,1.09302756865074,-0.240771893332495,-0.602110997223641,-1.43683098008253,0.657278137145844
0.854782699148109,0.398313166439192,-0.329490024275486,-0.393264363339409,-0.503710476160176,1.09502329910798,-0.420422555748978,-0.334429312852745,0.123012905590541,1.40238511123962
0.481604858647576,-0.832675059522511,-0.596307008352982,-0.731147974976441,0.540507862361914,0.406901884509654,0.554702349393443,0.800722740140137,-0.778358393117229,-0.561885360456821
-0.421417593387424,0.329637546486028,-0.117547480781179,-1.45914791446579,-0.424555056598506,0.30082746452303,-0.31195084615351,-1.15287697093875,0.115937977343071,1.4130803143019
0.265064850085791,1.97709518493125,-1.44828304829738,-0.560290600526156,-0.163657058491893,0.760822584524693,-2.77888063108664,-0.081441223373768,1.67036589471134,1.47178817600964
-0.391809515805411,0.206392032139582,-0.18803115144044,0.558226575074771,-0.101154592897161,-1.1907272506496,-0.716968549866958,-0.794171979196312,-0.71857943186867,0.457701114876488
-0.583847785406678,0.521724761445563,-0.751039118849164,0.0466392244393482,-0.612524328908922,0.279093487287313,0.540741880907058,-0.665450834758951,-1.72974140220096,1.31288303453981
-0.286067766663171,2.45389545551271,0.174088054405992,-0.384079581523755,-0.318955865170283,-0.84371708067962,1.8574198569784,-1.10792723979632,-0.00424621056704277,0.75801035986744
0.29570936342983,1.49207286586088,-0.546746663669401,-1.21858947781227,-1.22409098419106,1.16999641188412,-0.767068766738072,1.64149503421549,0.979973995079442,1.32903564983764
0.120284539934822,-0.457594860901406,1.86252608265894,-0.280919188683706,0.856927856745961,-2.38973915097165,-2.04099896130169,0.947725399958199,1.64182290238989,-1.57378151648046
0.789933381433042,0.623235250223497,0.27745087977481,1.00880189140272,-0.95915897325825,1.63218357775921,0.232096592728924,-0.0797310021494108,1.47428001787177,-0.95191076479655
0.538237646881204,-0.78126092788575,1.23906614926014,0.332674251239209,-1.27266094675722,-0.306274857365092,-1.41905891257833,-1.77141250694641,-1.00194009070106,-0.433643411344044
-0.894411741448532,-0.408101879161595,0.0581737761340245,-1.28848690017241,-0.521953643020756,1.62991653454143,0.751344805330132,-0.730737630476206,-1.18044509995897,-1.26673766210504
-0.708495731155158,0.132385265940974,-0.576295291756234,-0.270968127941299,0.254254596169782,-0.608371860657232,1.0108250213085,0.545473922894095,-0.500572333748534,1.28014752556381
-0.0256858715904931,-0.0446569153146028,0.174781210591275,-0.881885400021266,0.335288272873747,2.0998261540923,-1.04366506336424,0.890260756569569,2.00495821310061,0.202771697461865
-0.0127091154139825,0.454583843449797,0.40362106473077,0.223148522624917,0.398051135446207,-1.39206297453753,0.0735649825572423,-0.130819174529799,0.992200279289154,-0.290249661565872
-0.279787020934164,-1.53569267699552,-0.704764541456599,0.961397585519469,-1.76181080410079,1.12144132034935,-0.807913347148998,1.4243687960301,2.18150798149313,-0.870359228093904
0.119557801901651,1.11543218732224,-1.87009743598725,1.95821315673613,-0.713683432383229,-0.7419574331356,-0.570728300725755,-0.150788337030811,-0.0249615563297357,1.53108185035807
-0.229536588784161,0.286606468211921,-0.161007109194129,-0.817105695772395,0.190324058641879,-0.360143447543319,-0.876850849794987,-0.289116624715437,-1.9850826130032,1.22264218874777
-1.08067689139425,1.2462773325124,-1.16095540421468,1.4688916415917,0.17876036274042,-2.40582812861176,-0.399484431775839,-0.333699979139816,-0.131881348726898,2.16951583939054
1.37739003944998,0.837279790506851,0.525813594889994,0.917966533073528,-0.481824191564658,-0.737588740183029,0.642388765222958,-0.551249983443369,1.86774027128915,-0.951019811917558
1.70298895582126,1.15595223647749,0.541432208552432,-0.563308794593484,1.25260228454609,0.581365153281558,0.636748276826066,-0.863794255134303,1.068054729117,-1.54105209260929
1.14881241003781,-1.22620611646978,0.15203126437235,0.600785514238039,-0.305692118665652,-1.29072007426852,1.53089530555465,-0.303024285223943,-0.455965426583656,-3.67109165221684
0.374098893044291,-0.0314637040326979,-0.801721398064586,1.02104457249293,-0.493558067225043,-1.05117908561348,-0.96634647841536,0.583123232759673,0.581823564794894,-0.134923314699586
0.765523382881498,0.956081561612607,0.936142074269558,-0.0797522917350978,-0.411893848308764,0.285216018102929,0.123699561001668,-1.59185243514618,0.716960586278404,-1.08173979191039
-0.580689898761082,1.11653142235452,-0.0317559304166567,-1.54003254103943,-0.0218391735173503,1.95579499911334,2.58024591392704,2.42978151395446,1.56299258501021,0.418819477749682
1.10087908666609,-0.389224992373978,1.80087273945296,-0.451091248076098,0.572433800389017,-2.37468790139778,1.16003028913942,0.643387821913527,0.863833600677196,-0.921762107825688
-0.365249721523466,2.1086570555769,-1.28244480001066,1.62757770459297,0.809717333440538,0.241558647763761,-1.03176908270331,-1.45651576465925,-2.10569722626192,2.80717445193537
-0.111289327744459,-1.6217629346024,-0.826006203379758,0.566327726514441,-0.562638403848075,-0.129805244111553,-0.491852797641237,1.12727923350454,0.143036471678215,-0.679827124886814
-0.823851627441439,-1.08428306062442,0.383574872389058,1.91856628385882,0.603102527409507,-0.844478689755463,-1.03711399841031,0.266574857630383,-0.580936888014755,-1.62975091276007
-1.10474872864923,-0.0224206573968209,0.377264566860259,-1.10455162363804,0.374673137765384,2.83143029208762,-1.27519942483004,-0.403738579309695,0.692583185857213,1.69073896273795
-0.496196087889487,-2.65715447688473,-0.832018225643511,0.695562114923083,-0.0850695803084367,1.55750943489771,-0.680284242739914,1.60115271254044,1.00831481913371,-1.33531089160666
1.02173711677383,0.696496340429882,-0.309621148681956,0.596319371173346,-1.40768256638839,-0.496775102599425,0.773117732372716,-0.278653222000594,-2.35960307470236,-1.07537821861357
-0.343313792326477,-1.48592194327535,-0.920163403161186,-1.45619721056555,0.795624318713117,1.00558759141095,0.488957747347627,1.35877760531093,-0.380550747364787,1.07104173638692
0.167024927757918,1.63880540035959,1.41581857474484,-0.517270875850263,-0.168159527415935,-0.220223176848993,-0.417149847000376,1.19421477460411,0.807822850485046,-0.473437815409196
1.50802590461319,1.17950302121594,1.7831611794663,0.190193932892997,0.746347417584158,-1.75205566082134,0.442070636622237,0.467535188469869,0.510474541267237,-1.66576934701509
-2.14349198922172,-0.587058675763264,-2.7432119151562,0.0881272073762119,0.530332977945622,1.12653224667686,0.792576159666308,-2.03344248625021,0.401520810486683,2.67985189428403
0.0443664824628339,-1.49891664229852,-1.38594486277359,-0.886190706677723,-0.0150346688817919,1.96476642191933,0.135426158657981,-2.68449599133228,-0.0950313420085489,-2.18995631305389
-0.562440451403373,-1.11080581629338,-0.903471205905112,-0.52585798744137,1.31197206791456,-0.8140725280052,0.88504865910084,0.273186952655867,0.70239867587568,0.266839062006325
1.93871866135634,0.567621187158556,0.140636621456434,2.53569244296792,0.250315881605491,-1.22835404699717,-1.01136744275235,0.028125121827154,1.29400305942232,-1.82312241029394
1.07957247054693,-1.91465289569355,0.463540528196702,1.99259949640527,1.68305028686344,0.732357734733181,-0.216480525608394,-0.968042046320857,-0.502525422659756,-2.5208122580921
0.402418808724766,-0.400247495100033,0.961208168991228,-1.81039275346583,0.815150421141774,1.95100351431291,0.818284287732131,1.07752159751607,1.19836558070463,-1.35130846833889
1.67140906248312,1.30592894493091,0.71934526010478,1.99581118252111,0.532365358926861,-1.57100510350881,0.174643888109856,0.93710314161914,0.352200570041896,0.308672536634203
0.435071396947885,-0.925064384778874,-1.19265921040114,-1.39231658841572,-0.897656374835266,2.66208754915834,-0.0815146575707359,0.99275894219348,0.646857850104337,0.331622898561711
-1.72973376698673,0.894497203510493,-1.90171589730367,0.908235701224571,-1.74224934792109,0.030872913127801,0.932531655274697,-0.350204848227672,-0.6368244204459,1.63533233526951
-0.812969103801663,-0.84402049946593,-1.28237875221021,-0.808958787137956,0.715190006443413,0.429714705963398,1.3184859438859,0.640235162459687,0.169961015536416,0.354391631190372
0.348416076094929,-0.324554996806749,-1.22657662529206,-2.35068079168376,0.303866677265995,2.41587552986136,-1.31486222883408,0.818949110598556,0.943163121657199,1.95553845197623
0.690209885303856,-1.01961512477116,-0.910547548834567,-0.617257925487205,0.651694896183063,1.22476542411497,0.262983689950466,0.014379117992112,2.13633144081426,-0.40429020744543
-0.79720220018076,-0.295986292214259,-0.678645714076811,0.148024195937293,-1.04191128719147,0.81195937966671,0.289711313794624,-0.571937590681042,-0.805014122421099,2.72652160980967
-0.993209774640217,0.379219324336743,-0.0374405162203634,0.784855084621595,-0.68244150165919,1.02016169458552,-1.46869950075104,-1.59793480547353,-1.4849621483567,2.46808500078473
-1.61336003183286,0.671711601798798,-2.36791715765485,0.479933093194277,-0.228521571732898,1.55355528867471,-0.848294104568825,0.731172175933424,0.318622819194472,1.9235736332966
-1.70315136411624,-0.0549343225742696,-1.70858112965841,0.344408480061099,-0.143134703334729,-0.418287243685136,-0.069397715513771,-0.0547103187659373,-0.198350259510024,0.803492052433552
0.68293389123645,0.559157312156978,1.34906700862233,1.047140899011,-0.380672263998863,-1.40295232505854,-1.21993718387914,-0.0812379308887908,0.0337668847068501,-1.37888271577488
0.616768907039847,2.55782708902655,-0.268890103043598,-1.35696607558033,-0.575139314736242,0.476875475980353,2.01954035298401,0.799056582775244,1.43483975359978,1.3491016290249
-0.378628524825653,-0.746198608463663,-2.25599779723663,1.08123620400962,-1.32248775338794,2.26969782065757,0.370723397541513,-0.276179311287269,-0.0694303105117905,0.812836917649455
0.243106234553812,0.61904071712208,0.808350951791133,-0.0109004480916888,-0.441539527101723,-1.39457684330238,-0.101847220391907,1.46647817896857,0.675154877507447,-0.0959662477746969
-1.03674199908483,0.434280195291994,-0.929695200331072,-0.782392960776167,0.673256554260827,0.157139493994704,1.36979647565929,-0.780422168788845,-0.258859048616756,2.43402025446839
-0.423965760038955,-0.870134251253098,0.0507885508530472,0.0804839656471612,-0.211870158571454,-0.533312967733142,-0.860298456012533,-1.20936524350297,-0.660565940790537,-1.23110415543536
-0.402893182182772,-0.0102142601107143,-0.725364762876883,1.36726282785236,0.405101363736463,0.350401456870306,-0.915385364414536,-0.46892568868975,0.16008991206109,1.67408454065122
-2.45773979353094,-0.0841874910214076,-1.43964347447918,1.06820589128593,0.572618606412385,1.56555694881157,-0.682385514349669,-0.435735478910163,0.315432318656319,3.70451740794141
0.426773992436916,-1.94147590876132,0.235756392804662,-1.23305258198002,0.838643055859754,2.8657324331295,-0.340823085676766,0.385613008258752,-0.334271496679957,-2.29188431257845
1.67528616808659,-0.592496651826637,0.164263231867508,2.25628415391195,-0.805435280267997,-1.0867704540492,-1.16388514762764,0.122023433144603,-1.1774688185818,-1.49379547286301
1.79043631449931,-0.88862673755929,2.04013695897158,1.28745833416115,0.276835319622189,-2.90212766223746,-0.494012009191717,0.152459916394488,-1.31628080109559,-3.41873942594583
-1.69527519850708,0.391954364066657,-0.542454575073262,0.183211841955312,-1.17674631789308,-1.27881363748558,0.352357706715434,-1.17651464430414,-1.82392855115192,1.42867461059036
0.176271835888145,0.368399772680951,-0.396148393821734,-0.516348601961823,-1.09098440754907,0.946598430083791,1.94377207992242,-1.3610801527915,-0.436778855299697,-0.764949110296022
-1.37510282347985,-1.20550758335935,-0.91340619265672,0.254663940700508,1.68486144822985,-1.10521965289262,-0.890108544572252,1.58590183813302,-0.472789215613124,1.82370581233798
0.728549175023651,0.208441175984007,0.32688918022356,-1.3207436334977,-0.358432316357699,1.75202467442278,-0.289034927818682,-1.18927767970253,-0.52631598731746,-0.694887208956727
0.547349153845228,0.5179934401648,0.378406290385433,2.14240465969804,0.143447970464372,-0.459693948798368,-0.928306628443426,1.35877798763735,1.31643521463936,1.34391183750661
-1.52535930581738,-0.725427185803853,-0.300835673554997,1.43459794736462,0.136974607148603,-2.02135490361682,-0.253228371654172,-0.188138773607436,-1.04241188907218,1.26834666432464
-0.533475777331586,0.512131557484129,0.842353341119012,0.770752365677761,0.0448155234399258,-2.23624740205971,-0.328138191860038,0.598566966051322,-0.927774216073846,-0.0514377828234326
0.409472846765282,0.901002906337028,-1.94296708217197,0.84247622940663,-2.49433652821862,1.89490314398456,0.289171402127075,-0.144458334629993,1.87949021405081,2.13346767071901
0.928768421541099,-0.0762900842500826,0.503041963094775,-0.696073738432097,0.515103329225454,2.0621548891081,-1.41502419589594,-1.22944003722894,-0.479318298079071,-2.25290969670867
0.0543038585768051,-0.114841108235054,-0.558406243744505,-1.45280289424821,-1.97790326994428,3.02617357307171,-0.507639008392236,-0.0866364491883086,-0.462372564641555,-0.511553919500276
0.00797353648647497,0.705450315854458,-0.0979828459492081,-0.320941002186451,0.198872718898609,-1.03738958934682,0.132416740242496,1.31153611482037,1.22395698376749,-0.658007210870455
0.0929672828223324,-2.53218751432034,0.110648863916346,0.0299690756038196,-0.413913947997433,-0.69311231341502,1.21534378837464,-0.172280621879655,-0.0781033658437185,-0.985735219727962
0.786739613153369,0.332632495455987,1.56266585208806,1.48499308005943,-1.23727899956103,-2.62394938666127,1.55629026419361,0.0383171393523347,0.477588201664964,-3.05907524850123
0.388193744073618,0.363937973402263,-0.370187877816596,-1.35650879318935,-0.750881652294987,2.07573365078332,-0.283289311477411,0.928004309630494,0.196783401593298,-0.512181581140466
0.74625914095437,0.268211612414931,0.366988844736892,-0.252599995180136,0.386593620543596,1.11403212787809,-0.76267303307933,0.896703381895204,-1.22867191830886,0.108798312462283
-0.533938922704242,-0.775350425634294,-0.774833703609442,-0.480886558550165,-0.0119072058953298,0.659614748928541,0.180966465291512,0.5308677619373,0.265756695187347,-0.667566058321535
-0.650708599363777,1.17193635917247,-0.227020954847888,0.192277903870242,0.0807804291981243,1.27069177352691,0.275003363361423,-0.444710339259794,-3.23537790445641,2.26633449091668
1.26466888632135,0.622389946137772,-0.767415447543987,0.826468091155445,-0.932696522780878,1.25612024952144,1.37981940947689,-0.0747773420650665,0.297428791784495,0.565856286934736
0.542693786224714,1.56016324230271,0.0321420248862401,0.946246666340601,0.0449990585102397,-0.260733956334739,-1.3805220555443,-0.0223083685739333,-1.25988937855519,-0.687495633427484
-0.752006311187045,-0.249525060850584,0.227774961111793,0.980330535561227,-1.17896640875787,-2.34187162913924,-0.204369394398415,-0.884101994563931,0.450270361613442,0.40213454624853
-0.890576768062262,0.0999738603757159,-1.70757246127566,1.60069805741207,-0.0290513670377804,-1.32391602089855,-0.0883301210087514,0.880470411786486,-0.662240537952088,1.27685609111954
-0.838795976504996,1.65101766271415,-1.0941329373455,1.06124272398712,1.93652822649983,1.27638295323561,0.218682031566416,-0.146716824826238,-0.0389584832830171,1.2231026860345
-0.413473370060964,0.778336723477419,-0.808673305359594,-0.072240777433555,-1.57298950356418,-0.26939353696941,-0.78281586404464,2.00584682642352,1.20663297230024,2.10086254438098
-1.09144919855846,0.468920842675675,0.713788877876656,-0.858360511355055,0.341758844651252,-0.82404337634675,0.078832991284581,1.08212186732026,0.396256256220142,-0.422529172049007
-0.0343045897285194,-1.24611486385577,-0.249429352986215,0.327233679416497,-0.727135191687226,-2.37427630757272,0.390904414236868,0.596172637346358,-2.3243959573071,-0.421009391871721
0.848836306189674,-1.664239283567,-0.55136276423021,-0.226300239011016,0.324427891742931,0.5232485469664,0.547903066111502,-0.938942919017549,-0.0191926956223959,-1.47017324889163
-1.27181218798857,-0.0262374817139651,0.246423711690113,-1.14872028636235,0.0267895387995302,0.711427272065021,0.0321898013307908,-1.29090602648805,-0.849340175316213,-0.359705983728728
-0.411999576622334,-0.841329629899364,0.0501488956301183,-1.16837017946157,-0.831763983968248,0.467108502223953,-1.64838229332142,1.02219677981593,-0.689090477327675,0.408498409613056
-0.739473123681343,1.07203155616866,-1.52610658577595,-0.939414743533975,-0.0992689661496406,1.15263997701804,-0.595799333763257,-1.09432122225217,-0.917898679973129,0.461975461011841
0.930727334202362,1.23176694824727,1.01467086144559,-0.684386644723052,-0.349160056370203,-2.12110531886162,-1.31631722148891,-1.41908269890917,-1.31455242190661,0.726475757329453
1.28621116055283,-0.333317402519435,-0.205038736160708,-0.0754289599997234,-0.109001835228681,0.841474625360844,-0.127385930414317,-2.97054490616917,-2.2575989351507,-0.312514446367177
0.266006412889659,0.11916413948306,-1.24240937490425,0.0914002918023211,-1.05095598222975,0.600080482473628,-0.872119816972537,0.286888159797017,-0.336108014819518,1.89376631747348
-0.5479120066098,1.27970235483769,-0.516058559332158,0.214711523877714,-1.59632304126018,-0.680249080373101,0.218135750035261,-0.520671162129516,-1.28752468907991,2.12403215721071
-0.801073121164293,-1.43810558196659,-0.0844450435645725,0.095976727259665,0.409217645996209,0.634968408176426,-0.381607087162793,2.88222577780438,3.04498873539904,-2.23965961565243
0.480286185499225,2.40578334688936,1.82893882638059,-1.35658855736349,-0.0867350698124881,0.452361605214567,-0.2341326382749,1.15488034851603,-0.700992591204344,-1.09227788838308
0.909969198976934,-0.241229923800978,1.10750905069881,-1.15423866260072,-0.337975296498744,-0.922937842440916,-2.22536149448146,-0.746008223877562,-0.298035142975218,-2.19424255494729
-1.29687545421282,-0.283897360162687,-1.15526126755796,-0.0641687430529731,0.713419868625708,0.676659240743898,0.316339761866113,0.315554815020591,-0.737169266180227,-0.083580928169114
-0.225735209229089,-0.527026661238295,-0.371495456976586,0.574829758076868,-0.193915034651665,-0.202715485933574,-0.172036670804915,-1.5181044327371,0.44028919933257,0.243631257419999
-0.951368967414954,-1.07505019161328,-0.0510776385095057,-1.14424898707268,-0.652890741971596,1.98517815210704,-1.21712198874384,0.430460639744906,1.84439622865078,0.0820357633548644
0.779308914883993,-0.802585637891601,-1.24961855447512,-1.43490806097001,-0.0358727888605668,1.68221619717893,1.178632903295,-0.286108142575959,1.97228563496822,0.669336891593427
1.07278135122816,0.70491474959462,2.28973302918119,-1.09582874601723,-0.24383582006907,-0.238227271876907,0.649836261394538,-1.39009654077376,-2.83992225954597,-0.523669707822639
-0.493234201354858,0.190543236937995,0.388303425289947,-0.596881410289337,-0.34696310327985,0.774947006869921,1.06851941451878,2.24888190976037,0.151242643660465,1.62370861154554
-0.753676977563051,-0.0136377984124126,0.738279893230038,-1.31736557678023,0.239202301403556,2.8921286588884,-0.951801494249652,1.99095112480187,2.10518941807325,1.15177650077637
2.52861390406619,-0.817543476385264,1.3568533662853,0.314640006172271,-0.0749089600027294,-3.43209127201519,0.24422383851017,-0.505688873063652,-2.04017494085361,-1.9178056268127
-0.805765807720176,-2.18839602414727,-0.855339607641299,0.596602777388838,1.00176460107004,-0.14047979250022,1.33087479200494,0.0609695583098481,0.393383116202746,-0.54015701949516
-1.0238211557309,-0.719245782089074,-0.603470339972185,1.75393593460992,2.19862186095491,-0.503072211694559,-0.211714933850493,0.370251770071973,-0.736879668631192,1.00789502028013
0.047828463122473,-0.845060064522759,-0.239350094677093,0.884513352826169,-0.815530682400835,-0.273174084247388,-0.521026334863601,0.152240980738832,0.489978973394912,-0.175510955564351
0.576704230382382,1.45092979929567,-1.10206676912818,0.933822474889619,0.477293708919923,0.599421062202216,0.944148792663141,-0.888009317496542,-1.42902332934356,-0.0988350810297193
1.37579294784313,2.9275276239682,1.10034784553094,-0.125753012948194,1.11016229834712,0.371928268263037,1.54452243252162,-0.769390958054344,0.332968207798319,0.849214522757072
-0.702692190379849,-2.36317171261521,-0.70248282909013,0.96216035528511,-1.81745508189063,-1.69927476974748,0.536503871224699,-0.857732205952315,-0.86649289248794,-0.58021927485903
1.80138602882802,0.355737156040598,0.996131486352724,0.0361383843746311,1.76582722722566,-1.07449686491709,-0.103333828842132,1.53415935044803,1.5146130756141,-0.927029635826047
1.36052105687422,0.642308459956894,1.20242745495752,-0.321078187146462,1.4335953298081,-2.19363598670337,2.02609625144847,-1.74789567436898,-0.66489239740141,-1.18946598714207
-0.133271650341964,1.18444671832751,-0.241167381528531,-0.166012281466911,-0.103725538913182,-0.463356014185599,-1.54420068346706,-2.50690494341729,-2.51860975546108,2.11563035811704
-1.60190827188627,0.264554773936191,-2.0156808633314,-2.27014267476993,-0.0679429439077298,3.69703169026393,0.101325745315225,-0.914422314208765,-0.266755819782288,1.44044502850277
-1.2739033038655,-0.241169521456342,0.0375248578364059,1.37193513046514,-1.50087677497454,-2.79559028473176,-1.61794225352824,-0.986920977667803,-1.21965942726576,2.00599026842953
-0.0575371801689097,-0.918518879031427,0.285235569297413,0.0880444117334614,0.297840542619003,-1.72970555763519,0.434551852964777,1.04612220180737,1.07508765566961,0.0593880047576415
0.993697566982825,-1.7441407703616,-0.324810271688472,-0.201118943937487,1.50335218499378,-1.35259399379055,-0.515053998038448,0.2380938813251,0.543034338031342,-1.05941448815566
-0.928348542388322,0.00168975118176919,-1.53567644955652,1.78476265561202,0.369630523280535,0.275640754697371,-0.940614308002502,-1.37000871107613,-1.17436191514118,2.41846955132103
0.323969232852811,-1.12995874361105,0.964807316077429,-1.14871962076969,-0.389645384900865,-0.919177531769515,2.77972118995761,-2.47639346359718,-0.967022338780535,-1.40834533227906
0.0252452330593944,1.00841003471458,-1.70167006198092,-0.719462470601359,-1.09791291769775,0.0788264158435291,0.726395708997325,0.466357807051504,2.43064709791542,2.48705895190418
0.468572964351709,-1.03206557105716,0.381800557433644,-1.47028378922847,-0.836840384301387,0.417417029629742,-1.38457357409225,-0.0360336827491971,0.923736015107952,-3.72415946098821
-1.21459561239902,-1.63009917874028,0.648011087420498,0.209198710042154,-2.53414840959638,-2.21182010392062,1.06186607347249,0.813097397722814,2.68258532225403,-0.303029722575059
1.79053019805321,1.05845624857613,1.93334785198897,-0.855806523238481,0.289039262343017,-2.96556978536409,-1.51144632505398,-0.0223199426510328,0.481844200188341,-0.152447920272905
0.36440984688545,2.12404213744104,2.24345559441868,-0.0406624420453401,0.597521030674081,-0.6090615697421,-0.534560807063703,-0.426285961683177,-0.546028135862368,-0.251273880427796
-2.52157272906172,0.0559438419461024,-0.701685121332224,-1.82499774994659,-0.625192197983834,1.58120497707062,2.41582910163932,-0.0916685561993998,1.19887281655526,-0.424589787247446
-0.985176006381464,-1.11028282970312,0.310684640004621,-0.219638653996377,1.46544708322838,1.33215008384153,-0.800476144610415,-0.49539996702297,-1.15745685122387,1.30481917464382
-0.181348136650196,-1.23614568790164,0.0261800136851447,-0.0862571440136881,0.273159184270457,-1.18033314156741,1.09385712535939,-0.420988865493352,0.338731587736225,-1.93582341455735
1.47629528114684,-1.50527308266003,0.80544862426708,-1.75370607013142,1.08634615457868,2.74707443007955,0.49232113131056,0.700805835436934,-0.00863622662614266,-0.299918902765029
0.919536219711282,-2.45405486153431,1.22886259977283,-1.87284660258315,-0.070554289832463,1.57597508530199,-0.62193807589456,-0.436762329226535,1.13342765823313,-1.53597538942051
-1.74090612294179,-1.10203784181574,-0.522122286920431,0.876134390397554,-0.680605612222063,-0.719200122511943,-0.0537780150673427,-0.897889398036009,-0.611885576206466,0.707031897174472
-0.116949410493298,-1.04617418675628,0.546603824945225,0.384339949310663,0.494812202119933,-2.010599742203,0.700013573080045,-1.19617102077438,-0.795762382647131,2.10125026322983
-1.22277850812116,0.834978076060105,-1.67164652020624,-0.85537672515586,-1.26902636524786,1.53448705986701,-0.976002875201956,-1.04672073146522,-0.302740387533897,1.319119300863
-1.35805072204512,-0.262514206526738,-1.61240805362348,1.36234699567168,-1.42511330219017,-2.17278817332547,0.731282445511124,-2.08036558107577,-2.15395232070197,2.90058024887571
1.35757029431216,1.43041339616083,0.817775239714623,0.101005407182708,0.130598220407483,1.0058564494053,-0.0796955210878504,0.240292145125725,-0.776326908033565,1.51410921161062
-0.0962564610670031,0.430883426879759,-0.848656217899527,-1.19918475890998,-1.40076656582286,1.94496403897025,-1.32265667508146,-0.274172576781472,0.822988534704434,2.72544632222119
0.68972903402399,0.0326286612357555,-0.26179604510786,-0.52994373197118,1.6803547770198,-1.44212388936337,-0.2034319357593,0.945642791754996,-0.629734231863521,0.105404179288186
0.677875157019964,-0.911003642436129,0.223005164491602,1.30052362686556,-0.285453319108261,-2.84621846492053,0.580217723421512,0.322796249035113,0.26722372971449,-1.23199155574616
0.47705960777778,0.596188595265809,-0.655941442596877,-1.26218496979162,0.768877351519055,2.83027465765913,-0.877070533140298,-0.729826426331988,-0.765841607410753,2.15851567985214
1.99742013134254,0.0714630546967127,1.07309165386324,0.412751619348541,-1.13026413139195,-3.20320750833918,0.717011790564369,-0.231036554580464,-0.386904965853374,-1.86129721200076
-0.127181612723286,-0.0902546674474731,0.255748479329307,-1.31456125993073,0.528612365563854,-0.694002345840688,-1.21670522801854,2.46204017635939,2.81659720657288,1.44411212430899
0.000132099907159428,1.78528513947048,-1.49003765046139,0.704047688820233,0.0620260943540999,0.0205204515596373,-1.06890043319128,-0.492728914031453,0.113535970128585,1.50356797819791
-0.0869366666957341,-1.02594681650748,2.12295803339444,0.166765503527139,0.125412583972775,-1.39582917719141,-0.130946323016667,-0.420239612639178,-2.08990760564749,-1.97720430410556
-0.0951711515623536,-0.515416554923409,0.073225588465536,-2.1019569907118,0.627149554616026,-0.00454658647224443,-0.320623709654758,0.139464426074836,1.69949818476053,-0.646500118067366
-0.987682587238792,0.124802689081114,-0.120905861122647,-1.43326953317998,-2.97003336950683,1.32264181950807,-0.668679329059716,-1.35782504482277,-0.682612105184358,1.67196742055889
0.560995504249009,-0.372194145604363,0.145131111239353,-0.865871095455527,0.742692139260791,-0.298280606732393,-1.0661595363777,0.776752763509864,-1.61559751021547,-1.46857386263934
-0.333163060128133,-0.83741642854198,0.0220546796381472,-0.454211400066594,-0.418045684481392,-1.25357288412278,0.737620612145202,-0.353844027861431,-0.491262626415793,-0.372575896848691
0.408287990748995,-0.577229971377932,0.326778188508945,-0.683410167312274,-0.495149722468272,-1.72695133916068,-0.730972193372763,2.04864708336441,2.15043056072507,1.54432683227301
0.54280857489188,-0.523495293734325,0.716119006645328,0.260609831416821,-2.00605239633345,-0.447616195503654,-0.257108130969204,2.0971093379556,0.0650954119414314,0.120338846691573
0.260080454676378,2.29793178089764,0.706146457531247,1.93973735230988,0.45421511252411,-1.12277242620043,-1.34671432278611,0.905376489622835,0.662424508204442,2.18237094338003
-1.40278270625627,0.0336860793908676,-0.277745553537546,-0.353053745918584,-0.943553322394569,0.446254930895166,-1.01608157758125,-0.0417596151098252,0.29985022012673,1.134382054174
1.75394112989457,0.0223281957742819,-0.506327770479139,1.57901208801198,1.34778639664442,-4.27385859152218,-0.0535360529140171,0.756994249103583,1.41904126695599,-0.913942974292262
-0.062757075610403,-2.05691423512325,0.746721744229378,0.498816941264769,-0.785147941586023,0.0811077432401284,-2.21748448841151,-0.706189918024468,-0.333904169619821,-1.50637507452161
-0.898598682910846,0.995719578741496,-0.562809449289935,0.447721332378525,-1.20418184207224,-1.51312379091959,1.42237775201086,-0.944330231247667,-0.756718172177304,0.592146114514265
2.79391410174107,-1.97831460016292,1.3648308515155,-1.07633504924328,-0.112063016990881,0.0608474959397881,0.393257022196839,-0.0774624468940501,-0.197462328571935,-4.11492221616164
-0.661600548005511,-0.476980682685748,-1.10538870097189,0.0757223577345262,-0.89855183894082,0.830728783118293,-0.140275511430516,0.122030064545832,0.932443804299015,-0.447866564569397
-1.07935199683494,-0.595997039632091,-1.0917150838242,-0.600018458722276,-0.305813277307738,-1.27085004859704,0.181289451421441,0.381382642802404,-0.394075086127175,-1.13649093057688
-0.687177137436615,-0.39746413269349,-0.62017221521831,-0.141486385215877,-0.569013950050293,-1.81308546057487,1.03945729570229,1.08548937277315,-0.883738167469151,3.37878014998078
-0.00723093223538605,-1.7344063335734,0.497024062373538,0.391399727519143,1.51513564490295,-1.77070319565853,0.00332441790612251,-0.0397621800278068,-0.168443931472183,-0.342806576294956
0.421426009095076,-0.89226675366394,0.596518413616414,-0.147813199827269,0.457859416629705,-0.862011906707052,-0.753127782983906,1.47413032221247,0.426506847535286,-0.0921205915435876
2.26460884766179,-2.27446302223935,1.38338693230003,-0.518001830713509,0.197117615395772,-0.860314687677577,0.400525392899053,1.79272324817009,2.99588034537189,-4.83822120447392
-1.10796591238039,1.59525791927182,-1.52944918458495,0.94543059536004,0.200177718866453,0.378252438055807,-1.3851360200572,-1.62727711484921,-2.01712060907974,-0.504738938253303
0.348893393886131,0.0847821428182694,0.440942527193805,0.399034956368336,0.659872524980034,-1.40978141085352,0.724837732009722,1.13000373759516,-0.4089126658917,-2.06118715298001
1.42812151402747,-0.023158123957824,1.04858967607778,-1.18171717302883,-0.0737603915150825,1.55028354566496,1.32119084157239,0.638486572050862,-0.303891208618264,0.0159633613338505
0.387742155418899,-0.430433608840901,0.041918278614493,1.09533028871849,0.279146146479386,-0.4836905688274,0.66368366598685,-0.819229594381789,0.612626679328949,-2.14863384760247
-0.215889636642709,-0.423987492388101,0.170303363563446,-0.207894173179904,-0.0387659576406153,-2.36607530802552,1.70382342990294,0.938646745816327,0.179130246690667,0.533755740826831
0.0777787171458311,1.9261071417569,1.25740237682571,-3.23145474080931,-1.25611983888224,-0.486448876473358,-1.37433719913312,-0.608903084964207,1.97851848766967,1.67204612700145
-0.688003185953693,0.0210716244321693,-0.371755304322626,0.326071237563199,0.158833604765629,0.978035747157608,-0.356593008369059,0.318339671751974,0.117375975482346,2.01446655509722
0.838019158052551,-0.448377039030643,0.035518153549299,0.942664568547675,0.439447324295808,-1.84769794783127,0.0217174081462633,-0.62042267254324,-3.31895618889132,-0.216071950117593
-1.47770144484621,-0.854813002199623,-1.43836461261774,1.02074336224683,-0.333136980900903,1.92559723174257,-0.98454500750806,0.201817776467272,-0.244475663089728,-0.761352600834283
1.16156787183662,1.25143393917453,1.68953867381126,0.670476097728921,-1.99864196211094,-2.18774702361686,0.514015886166835,-0.951297221524201,-3.52915862583322,-0.620677984427921
2.60341628457752,-1.03801629460463,1.5886976227018,-1.49418010715878,-0.158378293766891,-1.09200776940691,-0.329605521361925,1.17262601543967,3.16253435815993,-2.15830328758368
-0.378170815116535,2.03254140508946,0.986627561745812,-0.131501828710686,-0.22446810267991,-0.992284692708408,0.518552213410761,1.17646846896498,1.42852381415203,1.8459036221033
0.668020205444128,3.09758151391078,-0.360995485716273,-1.92878844891615,-0.245914363385313,0.326567844983321,3.08297128511556,-0.949316233576595,-0.286245186075345,0.383408313575289
0.396369435542118,-0.832834302593772,-0.575331142266818,-1.12793125934169,0.957390590687353,1.75597632291179,1.19170386960943,0.824141348642274,-0.975766955217448,-0.795458217263875
0.47843335613552,0.419013465920167,0.370937117997919,0.358225318526335,-1.72549582310081,0.0482857520931369,0.433386632612394,-1.13789686710401,-1.54765798211371,-1.84753913296769
-0.685650814067606,0.319299947267769,-0.048168489237073,0.77684338176988,-1.16457511889824,-1.94628703044972,-0.206034730603945,-1.25756696594558,-2.33399398866052,1.82607217287264
0.79140757653736,0.246505389931694,-1.45080387105804,-0.265882457429334,-0.178761270304898,1.87647943061555,0.239131852161876,-0.182777649411754,-0.612216447906885,0.436390733946837
0.0872441144529065,-0.251898280043797,0.544079643401178,-1.56459992528166,1.49751358723239,0.412355240021938,0.477324177782213,1.1500932613451,3.15316111259783,-1.50330667735367
1.35547122598264,-0.514982020037127,-0.577157277074322,0.765960180694887,-0.321152551138868,-0.316636287155118,2.3354452799201,-0.564979619080652,-0.689321087633125,-1.08820486864466
0.46165243780377,-0.545663555999142,-0.475247504669703,1.53949588607812,0.245145629848107,-1.96519876468093,-0.350612139513096,2.11351332842957,0.380436372337397,-0.851021709122014
-0.417285641605976,-1.21877639040548,1.2223849995156,0.969298730779782,-0.358091574592161,-1.84150866382659,-1.35387711117505,0.260776288820633,-0.73211144247013,0.403006590189885
-0.125117347710896,-0.682618311691952,-0.164156366033674,-2.24229074511907,0.171364076573164,1.2597388460449,1.23575440046357,-1.07281521877792,0.824882725491086,-0.507452949854257
-0.293147456436023,0.510469797487292,-1.42198272115656,-1.27697695172948,-0.237400370978334,3.12295630540632,0.20150671847778,-1.4473639049628,-0.222011447873763,0.806714156051155
0.0927582982821994,-0.800529783605233,-0.243180620474312,0.197873003693687,-1.3225722762257,-0.789911371487653,-0.183364770633882,0.914220977205828,-0.551480354433271,-1.51941769058554
-1.03290322727637,0.849503152345758,-1.69309641110595,-0.685047418141308,0.685184186070314,2.40355120538907,-1.10161590982549,1.14790321654203,0.982309758639816,3.31121283896287
0.531546713505331,1.20183973553713,0.0305177064141553,0.413024961202888,-0.81182974192531,-0.325255628869679,0.854864416984616,0.59890602964004,-0.175929590669111,1.83958516106862
-0.915999108880853,-1.48220037917683,-1.4736322325219,-0.896328373205354,-1.88636033279692,2.75117228112773,0.946193911783791,-0.134504820500707,-1.95517484347665,1.68089240509877
-0.532100769393909,-0.788786392617061,-1.39407210897987,0.659906926396724,-0.991438978922344,-0.771762491993806,1.23180834642773,-2.33824544699194,-0.946183125932059,0.697174885951555
-0.522261010264921,0.241103282009261,1.26907007841779,2.72481178067613,-1.22563869336483,-3.48361356623548,-1.44397501803856,-0.25260111403312,-1.75673627212997,1.64424209321639
-0.142750729792107,0.424511224529485,0.210572297540799,-0.117578083116479,-0.0427315486288687,0.177968636895995,-1.33674941635175,-1.09895922389078,0.809297012074481,0.440422078775729
-0.278709938227131,2.25942559368619,-0.621562252510055,-0.138654825913688,0.184162945662857,1.27120927674106,-0.849335894243243,1.51777987739507,0.136224763797664,1.37507255730836
1.11612103825243,0.59472950349968,0.995780593049024,1.43731480770937,-1.44187101923931,0.580437144536225,-1.85059060951699,-1.38050909014979,-1.97979118898108,-0.184091692866005
2.05274083915301,-0.159185511801987,0.333244139018404,-0.0780019660852522,0.28796368020439,-2.67761688984995,0.851467783138547,0.573726580546503,-0.345825857128402,-1.279419268944
-0.112865110179305,-0.249290108463641,-0.584648861697376,1.48521314360295,0.306553833071261,-0.336362908680714,2.36194717768785,-0.0761641072627806,-1.97610493966669,1.04262612280858
0.283268875184206,0.0785367425145739,-0.371709130153652,0.394274571026507,-0.396192395609789,0.746855732241588,0.140972187842945,0.00499647782132395,0.353462399168168,1.36112399744696
1.24830196291395,-0.132474491933646,0.687627505183222,1.38769941706552,-0.461755871451914,0.129908176975821,0.615041372598079,-1.29447282351925,-1.81211665368927,-1.16790355435271
-0.231720258965974,-0.469120269967438,1.22943874771135,0.03599268479203,-0.822239496522567,-1.74808513507064,-1.54684147690632,1.14831463871415,-0.309440001745543,0.315829716784343
0.117473379006679,-0.845299469379122,0.880112014340926,0.308681898475566,-0.947170300706931,1.58857741627527,-2.16222032783019,0.447753831400203,-1.63142143293791,-0.134371356614999
0.974674308171262,0.742720277440028,-0.419188846923834,-0.793125430708952,-0.197888267275322,0.920602682531607,0.475832014210796,-0.599776693578391,2.43149277001721,1.13916042521447
-0.963800099145641,1.94164391786619,0.298735779791728,0.447917470210566,0.45912378017252,-0.930277856252538,-1.89914862677559,-2.31576216301664,-1.40857893025448,2.05613177157233
-1.04248039524413,-0.716794518506967,-1.29904842974008,-0.177095666354373,-1.28047011681931,1.24547161550867,1.23663708051908,-0.623883951459816,-0.551026227426687,2.02992046015583
1.31521805781255,-1.80257183440835,2.20937712352335,0.368039720517655,0.156693842920681,-1.89588211977651,-2.14648784762063,1.39239218315669,-0.658922777449349,-2.21329093552918
1.75077664788812,0.746370315162546,2.36368052149253,0.340408861299552,0.596665574059498,-2.46635586946016,0.882475237562368,0.06490780594791,0.251479435368786,-3.16641804781231
0.27428178567774,-0.0167089860374042,0.425150032687183,0.316299108305319,1.80304132734317,-0.952635149070611,-0.592467755159864,0.984914637961487,2.20170305237237,-2.69470658135405
-0.262266576321175,-1.64224177458886,0.473109557832595,-0.180266865352296,-0.296633560936788,-0.119454888554874,0.0899283607288861,-1.10628020324705,0.895223224733558,1.27168348968628
-0.232129601369563,-0.262286358433467,-0.70433691049146,-0.274363085050181,0.291746550205725,0.19456295791786,-1.72990477747471,-1.25759290079053,-0.692495818948465,2.18479010299944
-0.557771681788552,0.353699582709203,-0.407523588212327,-1.25503908888509,-0.341105706527888,1.70077425939854,-0.0943077893906142,-0.475599236829941,-0.748506155845043,-0.547263359255375
1.0770920848968,0.40431335094298,1.80053196585348,0.658965757351617,-0.572813164816726,-2.11607034110092,-1.47169216396336,-0.506150473069597,-0.496492238043348,-3.42446890890663
0.0723293533675362,0.849255982512678,-0.803904551156488,-0.449174495453767,0.256387651867587,0.256157148068352,-1.24082467403391,0.512131288069397,0.410621970063585,-0.10342196605212
0.463787078031374,0.316937887676568,0.740352684511385,-2.2695475609977,0.163652090040978,2.37797788886424,-1.93364335046106,1.06516502052415,-1.20052976435006,-2.4001259870333
-0.406736437401503,-1.45673329349943,0.623663422620458,1.12849563845052,-1.26942322527415,-0.206065673489865,-0.179578497413022,-1.97007230941514,-1.17607648544808,-0.783881948610961
-1.52706114466222,-0.131891204494935,-0.647616596650321,0.101025587081666,-0.877755844506781,-2.25568804653919,1.65881478096524,0.638732306388677,0.226171993205434,0.091531489261445
-0.0305453005882215,0.377148360644624,0.525434093528204,0.360393627310607,0.0923107177524106,1.00949243256469,-1.69116322481745,1.58440985774349,0.48380875365767,-0.738149228972885
-0.664539990423682,-0.104816878413386,-0.0591639017193689,1.00320404768869,-1.32442706195178,0.98330685721719,-2.4075659250463,1.07852067615305,1.48791938245547,1.27197080076762
1.2653298386567,-1.05469251633747,1.20754071483701,0.665234419060291,-0.813852855567729,-0.780252210625373,-0.483109117552173,1.02406090640685,1.38375847555774,-1.27394375345131
-0.373553261675372,1.42219089859709,-2.30276451845412,-0.473958109050167,0.512663916269239,2.66461522510503,0.761079947133927,-0.850738976623487,-0.860982096339,2.70135533816562
0.757339599122441,0.653479239048825,0.418874845515721,0.370553144867383,1.63286752666395,-0.145920096571765,2.18151027572298,0.975150145906186,0.348536943769122,-0.401934226594831
-0.53717357675508,-0.623915717280659,-0.841874712643776,0.112992436765907,0.242662143208778,0.769325053566737,1.43677148334061,-0.224031708717714,0.309663472337572,0.0483069867981502
0.670760433670487,0.597930514226775,0.531454215005019,0.155326406460672,0.993240823712493,0.755809446095563,-0.74107320710129,-1.11101648718985,-0.698922077527853,-1.45791753004745
-1.89686910372906,1.23569351181279,-2.11050249119939,-0.544985536843887,2.1709672651115,2.13771166603859,-0.78422497649493,0.40682138596526,1.94353543950521,1.63528877944776
0.0367275922078131,-1.69104149746943,2.24149794237602,0.463438743738948,0.847945608693061,-1.73251598365303,-1.0718374084399,-0.0806501161382311,-1.74150763163875,-3.16453132008411
0.10564588016186,-0.420267875361382,1.59863627605024,1.3858224741141,0.169055269276327,-3.2713603393172,1.89727648141623,0.276047908507985,-0.512632899779949,-0.748633879698385
-0.140226076074339,0.00841572547509084,-1.73434522303539,0.889646871333878,-0.183517865167182,1.04562325232362,-0.627469807666104,-0.112241925880497,0.119685391424643,3.05068537963271
0.95112481098415,-0.0972023059926018,1.46808494406754,-0.0425536145374362,-0.377777492421641,-1.65482779264272,0.33470038874501,-2.49986967788003,-0.573560029452386,-0.535876909249114
1.00978791156174,-1.79443238203654,-0.862541352419158,-2.48977573594209,-0.0911178468854575,3.22787357589298,-0.229380130696635,-0.692977222618386,-0.709980108228774,0.431203970566124
-0.906488358850298,-0.949007099261811,1.26460077062019,2.64407164876696,0.736832903763044,-3.0331888862889,-0.279146856828421,-0.257546122734582,0.0351069308247487,-0.833660321268375
-1.18837183532927,0.850289769570311,-0.82177278554962,0.432548000842541,0.800109382298475,1.06589956465254,1.10161222465549,0.603930864600267,-2.26609119697786,1.99714636906938
0.0645191051246656,-0.614995937531358,-1.23660391316223,1.29122471078444,-1.2894139892833,-1.17221277178564,-0.344307927973331,-0.77847460681199,-0.0306962984879792,-0.635040840699596
-0.354494284607346,-0.851920051180742,-0.912602473250194,-0.06971262579382,-1.92737853681033,1.3317221317908,-0.144112276818582,-1.33663668015217,-1.15454824329486,-1.63861823662852
-0.123721164906456,1.50400435380029,-0.0429159567161587,0.205838680301605,-0.819827168048495,-1.57667052648532,0.752293708285316,-1.02081878010031,-0.25745250096141,1.4084128819906
-0.273335507058212,-0.542470637627786,0.623239780222144,-0.627281346923596,-0.262872073471909,-0.600718269547469,-0.823127901776767,-0.861023284120905,-0.0512693277838278,-0.534340365400851
-1.62620287255342,-0.430989281695954,-1.52266024237813,1.68652183945607,0.432081834654077,-0.987282362770694,-0.0778742204717848,1.72574084304115,0.0836870946533969,1.59948027715954
-1.19571351076281,1.59537894804188,-1.42004020286117,-0.0927051714449687,-0.296011186680076,0.885182096788687,1.55752196700796,0.308080499784556,-0.236998540186121,2.68195171177003
-0.54185960262239,-0.38252351064288,0.177447340269576,1.85014858119627,1.46795837701132,-2.77054661738679,-0.749357627182874,1.04947268074043,1.57607259215133,-0.403151130728347
0.259105935465328,-0.627958466338551,-0.0179723354599483,-0.273038509008097,-0.670340374142243,0.664585767448769,1.09516283414664,0.578744570094246,0.801393933216411,1.22391101793966
-0.312317117462436,0.442362914032006,0.991188053678518,-1.61825338718009,1.53189625458849,-0.339506389407809,0.607336167686482,0.864779530745022,1.73293718082937,1.44341823195353
-0.23522228295946,1.37012672669063,-0.560121615176738,1.34432684377639,0.497981530961461,-0.0196067503341243,-1.82521891105381,-0.380252482911338,2.06385360172249,0.196962237755105
-1.08372461723437,1.22516380455483,-0.255438774785238,-0.92469997643438,-0.0213942571568207,0.942927197187039,-0.0333127051395798,-0.164480179956764,1.7169743165895,1.39870549481122
0.567532407570067,-1.33512223441166,1.23667843490892,0.538305366632946,1.86699840885337,0.278827510923635,-1.29786318397408,2.49550746486904,1.267392126412,-1.9339923820362
-0.727069931472003,0.717329058572868,-0.40653602971361,-0.0605638912976027,-0.635871771185229,0.159513439544979,-0.114681041337882,-1.25394079455813,-1.33137625016236,0.662043717436437
-1.72844137599696,-1.26172148659691,0.454892385688051,0.604242918829889,-0.178107455360654,-0.637038340148351,0.778286850580652,1.02747632234852,-0.50067477180436,0.295470897044366
-0.0545521921982881,0.74010148230407,0.276853890015784,1.40712462099501,0.369965434538705,-3.93736538405843,0.342692083689913,-0.11793880927141,1.84337417414808,0.108656451100146
0.0339065701235599,0.886997302570115,0.372143316126479,-0.0626263927098343,1.50327640123093,-0.481053658586531,0.989219281299762,-2.34083624365916,-2.80109429425226,-0.301537558583512
1.16237112563975,1.41084597054512,-0.505195217877231,-0.238903104297964,1.45072049712418,0.756364499917856,-1.27151453502636,-1.07828873141481,1.77250322516778,-0.984633648233284
0.340538586349481,-0.928061125228464,1.24880984662478,-0.043079619953591,1.76135303700831,-0.184669373470454,0.341810992296698,-0.495435696921329,-0.443470703944172,-1.98173990954808
-0.430131861897169,-0.388447271216093,0.135248554759567,-0.0955061792944411,0.255702851617679,0.39728206892539,-1.21191518207748,0.271403010324562,0.660018013671084,-0.140744343416261
-1.87005759316162,-2.08210783845174,-1.57343531686978,-0.0195683088757228,-1.80174577369237,3.09286329285696,-1.18970443203893,0.0524235830779839,-1.84475415172953,1.1859020141894
-1.13781454006151,-0.112950617627742,-0.546972388704423,0.31811319698979,1.21527113325915,-1.74390995091688,0.13518473308842,0.383909509645869,0.867219057874049,2.22927235229046
-0.784958353259929,-1.62948382551406,-1.07456882963268,-0.0582083491671339,-2.05812212819017,1.42389762017329,0.695464879136155,-0.427870357877955,0.735192000277475,-0.83723831110326
-0.700613978543516,-1.25887101448153,-0.234591522322781,0.347373286662949,-0.212444187531639,0.308554190112799,-0.24073383564299,2.81141586466641,1.41124394742205,0.0691480184528095
0.453301100135718,0.774639379451887,1.33356101012176,-1.11271856289193,-0.430556152039652,-1.5550278242462,-1.29887061178288,0.0312408879638698,-0.0842026617750173,-2.3055573324901
0.673074662025658,0.324751532764186,0.962181305343613,0.186553958022783,1.21257889491138,-0.85164317756473,-1.40152334845101,0.962633502111026,0.0700696117563264,-1.3730282145337
-0.574063270238882,0.126840152390436,-0.0860457697396383,0.852849212457481,0.616801282244846,-2.26423129384251,-0.738092327486701,0.343266257983187,-1.19086467650354,0.111643947730145
1.62631358358511,0.688344030734889,0.765615174409947,0.795932539667965,0.204936184172246,-1.36412365747692,-2.11537848494943,0.814775990584165,0.343960843056424,-0.22351085987501
0.0672477427093811,0.971364566301073,-0.635384522659703,0.372549109867735,-0.288774723119086,0.633117160103882,-1.42526221593365,1.37302880901694,1.34083122987913,0.112863293135284
0.0263447448627777,1.08559017845752,1.56102828762239,-0.913374116237206,-0.654685800666079,-1.42671004487355,0.170179302331729,-0.350049658223591,-0.13681757526875,0.71061521769771
-1.11918938567106,0.224953947370791,-0.893781380763493,-1.23396312710822,0.0478286765247045,0.646196760991304,-1.56869857516101,0.832107589328525,1.24305814353218,-0.389015512194151
-0.172561782960689,3.09940344820707,0.324710738950603,1.76931764813444,0.485043726603809,-1.27619679248529,-0.290829124914844,0.0381066200816874,1.25669679318072,1.50391703848396
-0.393945943118209,-1.37735396496163,-2.16677587353843,-1.55474061376708,0.804159464025546,1.93666370641725,1.34109816466733,0.347591378957549,1.9247790803823,-0.528240470409694
0.584084992405956,0.932676308120015,2.75775242370994,0.674880299100288,2.48293992240659,-1.82867717400224,-0.506847631152956,-0.723254671826578,-0.330507400168597,-0.305177227252093
-0.769888958000249,-1.71943888059538,1.56028581244013,-0.139205038852671,0.0594913367535824,-0.280848113173806,-0.65824842103631,-0.348902210466604,1.12181512159026,-1.98704959058448
-0.78783027836642,0.568178952365435,-0.345763756259251,-2.19594916649354,0.373653348061629,2.16671243841501,1.44435504221918,-0.613701374604924,-0.106198941313538,1.05768485619491
-0.0538606864102039,-0.840743943074604,0.865319963797631,-0.170420432571687,-0.263782945895351,1.33635797685752,0.0388710641334719,-0.50244414446998,2.21090109431414,0.187636805006123
0.217892775950045,-1.1181226280298,0.457171496744465,1.30846207930059,-0.788065866432759,-1.04455891785344,0.919392004129443,-0.829423632231434,-0.587444169398781,-2.7703733278745
0.993188250253872,-0.612911611421376,0.625618252002784,-0.224927337416073,-2.10768031182449,0.492603332238293,-0.322754552425124,0.391460989507915,1.20901622360857,-1.62250234858512
-0.23072234749226,0.761766769385997,0.404591263127784,1.72199345408243,0.799416550464691,-1.36840708001073,-0.202735958701884,1.85592785530318,-0.175151292052169,1.61379599493303
-1.76574524329354,-0.331102529549755,-0.79198280902956,-1.37388735408323,0.318790274150383,2.54752145177017,-1.11072295994299,-0.69380936587691,-0.619024003723014,1.64232886513118
-2.19218645418136,-0.638317328219387,-2.60772137156016,-0.0742713217573506,1.49067128605103,4.9203275526712,-0.80660697328639,0.340171769117446,-0.963937304569481,1.54664276471905
1.28913489503897,2.60490179095261,-0.167761878950183,2.82934685742268,-0.0569902390291017,-0.842722563470654,-0.962387857326155,-0.184417145386852,0.234964239903113,1.24500916954849
-0.663061410162958,-0.0965962556028877,-0.96084491558184,1.91715060659141,-2.14383195246627,-0.104454068838978,2.65930154136762,0.1240653473163,-0.0503116372277392,0.219030908267743
0.728673534031982,0.332082779915353,1.11324983534419,-0.436567807140901,-0.334508670548618,-0.680162852999697,0.176387536818644,-1.39641787089466,-0.498663492866234,-0.865645875383752
-0.725376670819441,2.93707311139582,-0.878005055003234,0.125235856333965,1.0898512853243,1.97140636990783,0.358289411845737,-1.12485686519475,-1.33981424330657,2.78362725505274
0.605898459088589,-0.502158782586882,-0.462710065638427,1.54721326052875,-0.18764532850358,1.52213594334256,1.3505003707108,0.220699614882672,-1.05967150447376,0.33515334663809
0.90827260728917,1.97250475099967,0.674873697687646,1.7321354571073,0.0903346718598486,-0.697287474674527,0.642130917711305,0.626529883181873,1.31391305869246,-1.38579728645807
-0.341526073904146,-1.20330029599709,0.450684646884049,1.18475056361137,-1.74220608901719,-1.14780063240989,-0.849618455957556,1.18282028462962,0.226119517950771,-3.38242206229556
-0.0211514977527258,0.237403104480218,-0.728613068564176,-1.38270796175275,-1.01222663400084,0.728552113702752,-0.219482923154821,-1.05706820482881,0.129848129701392,0.213640905855927
1.62148917313985,0.499382517868057,0.991140681697853,0.131027853360793,0.505043027922639,-2.0003730869573,0.746411851250045,-0.852675010013319,0.524832672578993,-1.74452782098829
1.55793137147823,-0.770382486251313,0.909493140156581,-1.52895534231834,0.788301003872377,1.56631399438768,0.292186540501479,2.77280140777963,3.09298753842068,-4.0589430278981
0.350122434414476,-2.92760016327333,1.07831813754682,-0.513674165305294,-0.704052776484784,-1.99962409666307,-1.19729858870758,0.371153340920916,-0.728590749338669,-1.56001903282594
1.01856676426465,-1.24541922177339,-0.18287206476682,-1.21470837485561,1.35046735999228,2.03967342144155,0.118743338330891,-0.771542570700382,1.4010590921409,-2.80268912342835
-1.09676538237171,0.725277518658662,-1.08760545871139,-1.69751020323228,-1.46358143248061,2.62026344663647,0.919477536479195,-0.462551231083515,-0.326756679035471,1.64300099694516
0.661911937970848,-2.21405967820979,0.158236049165024,0.0392915078793259,0.446003229809201,2.46153331315857,0.831872492334063,-1.17594341051042,-2.01631257287456,-3.01250507303194
-1.16968159944797,0.773738494923052,-0.751816920261518,-0.160576748080135,0.702041685977764,1.28579763401008,-0.0922137142169182,1.15616916010538,1.52807744359887,1.19399405547089
-0.176143576907204,-0.98651573982183,1.22209955066496,0.0532140476247151,0.448146191635995,0.00279371164650977,-1.06587667593778,-0.997440544320367,-3.05581427527505,-0.491823620779808
-0.778049804294494,0.554359537287735,-0.674232766161357,-0.463956902109833,0.48752217419827,1.68493578101604,-0.527720349384985,-2.21693047588092,-1.01752629610777,0.822354126922166
0.631931180043545,-0.824525463968678,1.02973784898637,-0.601510715363976,0.0720783756942143,-0.31692951722583,2.51181149792351,-2.57047543386482,-2.0646159295285,-2.17543499338394
0.187722995873145,-1.52994566816362,-1.77480150384218,-0.723227686371454,0.482699213043632,2.69537555364809,1.77413048188317,-0.380124083820475,-0.0526792523812417,-1.79843071188175
-0.449351162878635,-1.94353128886915,-0.545704731437674,0.307155935882876,-0.118009868474667,0.582362613162175,-1.65692408315034,1.69836381938994,1.57473515477441,2.05082952927453
-1.08576171096351,-0.596903610629195,-0.957180898508685,-1.9309247648897,0.195047743586206,3.20640920161042,-1.09082197279231,0.74069131938063,0.394995738034678,0.627835879052599
-1.05762003736349,-0.386739406603386,-1.29735232322773,0.299173262932668,-0.025512744741183,0.517930275145072,2.39507482125348,-2.12933101013434,-1.46455487481764,-0.97345615848204
-0.0503654377683027,-0.638949968617977,-0.435325359489097,-0.311793969625833,-0.534003446662003,0.284261459350199,-0.53265959028283,1.07820157581422,0.169477264893187,-0.461854062351608
1.20492148075796,2.1132225801167,0.56555717399792,-1.38218519355092,-1.53482348443904,1.37924463205559,-0.282343543121794,-1.19951068533009,-0.471429989958586,0.470992144032552
0.654609878563372,-1.4830162441717,0.295137774601808,0.321755140819601,-0.78029328232671,-0.391743153722799,-2.43971185950079,-0.169515372981861,0.32372406552642,-1.41741525890154
0.0961899335073735,-0.824974960393221,0.724258907639729,-1.47425830407856,0.508590334127481,2.31707034435304,-1.85136119584866,1.05381362393589,0.66653376319971,-0.0388025750840511
0.930485782565623,-0.620826564359749,1.13611798524725,-1.1483418764254,1.70138913071575,1.77421740986986,-0.738977561030584,-0.698759177673512,-0.260321574777004,-2.35168515826938
-0.776050063997564,0.284919550109961,-1.06593426415228,-0.237800756348019,1.41232116721874,0.569446768253046,0.810760267039234,0.462559796272107,-0.333781335404947,0.729798513738316
0.0491269921478357,-1.90062080825355,-3.14216336991639,0.5939908807412,-0.109124271544297,4.28650435596836,-0.119054551766719,1.13739159606501,2.74259507018485,1.82776762858381
-0.598362830402907,0.66396016068962,-0.73266024954831,-0.485794847107292,1.55078448311218,0.565488253434614,2.0949971116933,-1.27119033925282,0.446735876637477,0.845603661085404
-0.158562985115822,0.960611493913023,-2.06863108257453,0.673811576104184,0.520136163015321,1.4350127773829,-1.43873221501585,-0.204814964615234,0.283139535725992,5.08167092012309
-0.639955984226126,0.218401794108204,-0.481977087329628,2.22118170910179,0.391556865648056,-3.87521405164042,0.949199642306922,0.757362485014694,1.91657102514967,1.82171179668895
-0.954336281670002,-2.01562754866027,0.435472699715448,-0.369990849289719,0.186523107585405,-0.0571288778655933,0.833773009897027,-0.267343300490302,0.176506770203468,-0.570102174676618
0.737692353953656,0.158067076640975,1.0530831011948,0.30266856131446,-0.637901395911004,-1.04551664336523,1.42243008377635,1.0927954790996,-0.415342910346858,-1.06891446743207
0.128567050570881,-0.669902312230014,1.09554745828118,0.359826787086923,-0.524229082479289,-1.99224863787257,0.488994832336055,-0.0631321249950535,0.237590565411512,1.85971635104725
1.12815358405849,-2.06351789829962,1.2281119688315,1.87886608753104,0.286997958910658,-0.917909539924169,-0.584351472903365,1.21505336482544,1.15517965220628,-1.46893732652618
1.32497762186422,0.558747689455354,0.669930739472624,0.139453081528441,0.152025701497619,-0.936534417231716,1.84818065284392,2.52112056741104,3.97077942462319,-0.790579382567263
-0.285480767139421,-0.773579572454005,0.135366155795145,0.0899017848386438,-0.241241515319278,-0.857624529352841,3.15975015797967,1.46173514122204,0.828753840939821,0.726600626167789
0.335064560440294,-0.00652208912419162,0.354622636861662,-1.11805319016794,-0.0931710459001185,-0.411505425606751,-0.269449792446681,-1.92808704053485,-2.00738815898117,0.761895020317582
-0.331378215826045,-0.166328450345819,0.406243597402129,0.39211778620494,-0.0601571480358567,-1.86032712590886,1.75078858660587,0.361531543073435,-0.137645461861174,0.552399976191481
-1.04522162527298,0.0265379118604544,-0.040176378129909,-0.651472862730629,-0.379352974746589,-1.27350651552467,-0.484304197700043,0.519730837276266,1.02050248192107,0.747226354420046
0.893943158919575,0.586623455713632,-0.213704757960719,0.967750857889031,0.053820895096511,-1.76148671105569,-1.59531169513176,2.12534651492231,0.0222743444985065,-0.75066771603505
-0.51171053937203,0.930083131944179,0.00185477499201223,-0.0861855856352215,0.01943338541436,0.139997002981842,-0.509658233063307,-1.13329239327532,-0.68846884144267,-0.830147601353243
-0.693682225078256,1.81063556719715,-0.310842989103022,1.28407620725211,-0.897239092940117,-1.30584311396761,-1.72787651978332,1.51388247341704,1.25845918085421,1.39376148051229
1.0509473236054,0.0645219855150585,-0.0444892699971414,0.613499060548894,-0.514018211098461,-2.1028153589764,-2.84069222144928,-1.77380517650239,-1.47509486114603,-1.83736547302951
-0.428132642867243,-0.407911698110653,-1.66377074135404,-0.0114709922268004,-0.144214523618907,0.61864796364874,0.272924470899758,0.693551370340981,-0.147148368671926,1.88550048855025
-1.76897276639401,-0.434544778100187,-1.19394586179345,1.02120693796697,0.536198571270793,0.387011489622653,-1.16306499599572,1.95196456832988,-0.0751894801507629,1.86606102317828
0.972282305202664,0.870246919548204,1.73810157285584,-2.54147310977478,0.632397184012842,-0.663438916881561,0.161393377953534,0.132752870595238,0.196426289880732,-0.7040807012867
-0.111292260737784,-0.462448703164657,-0.0249183457371637,0.539170592096771,0.926446178310377,-0.266227440114376,-0.484484266470872,-0.761982508412703,-0.950166005766134,0.67508282536652
-1.16814612506249,1.68657328804237,-1.37696507331528,1.25140090393355,-0.199207439221658,-0.556858631751008,3.29924004592472,0.808086263636379,1.60606881319632,3.8278112334435
0.319987551241847,2.03097861608757,-2.52002950977775,0.308612889954075,0.967026027208757,3.07546254822547,1.78383506736111,1.18414864270552,-0.742921956502078,3.04469545597879
0.67845047122053,-2.24146986866371,0.183629050542703,-0.357490366448315,-0.496127479678354,-1.97228656980668,-1.15042983355621,-2.4119713502174,-0.564216432868528,-3.88093265289572
0.98380952093878,-0.660819884680489,-0.314045539965379,1.12558267072645,-0.310911182302273,-0.555552800445372,1.35912983737978,-1.3500300613704,-1.86752009963271,-0.914812975767701
0.132011361220846,-1.88578002660795,-1.09934273494671,-0.262968009885806,-0.500005513930712,1.91220233138648,-1.12620473291622,1.37371881908245,-0.813944542499356,-0.436090182509026
-0.40242692929314,-0.725101230342307,0.749248870165751,0.732459622422781,-1.21641451915719,-1.15048752125057,0.918801145908445,-0.655366998095464,-0.109635907027535,0.357401225158342
0.632390147982519,0.0395485933214645,-0.567948030316502,1.25219883464074,0.700943842187616,0.0241098715115678,0.743448082298476,-0.923762725122963,-0.0147743021444758,0.187584014870085
-0.220304592517116,0.073706410778955,-0.0643977646552129,0.689529246266985,-0.595889396552855,-1.23995521849232,0.449549252771189,-0.553108462552668,-0.0505470834730201,0.379605961766651
-0.841728380143503,-1.27495861868423,0.984699600070437,1.60634816896266,0.718077017687319,-2.71748937474503,0.787500640390023,-1.51069359236361,-0.492535853194984,-0.538824943435259
-0.181645388614767,-1.49751066693449,-0.131253087586435,1.38216986209693,0.507882951538046,0.287796960442262,-0.909166655114411,0.651756721940874,-1.38021747248777,-0.126820859197795
0.0384942366248372,-0.561761889731072,-0.136163831745045,2.1017913043324,0.293954189952446,-2.28039771715085,1.66480152949664,0.12391870019526,0.768771296060884,0.693138919040019
1.72447227530421,-0.220691107134425,2.92226184328268,-0.130456167855722,-0.1439395023687,-3.22686133776023,-0.463676964223301,0.966599724072725,-0.779931703802352,-3.3245291521458
0.827465105532707,2.12854250398508,2.16447953608801,-0.337752204306257,0.573068703665922,-0.105724355180778,1.65959740937614,-2.57299063980439,-0.570302504769935,0.501772437065823
-2.40716178578246,-1.36987014483502,-1.99034437634876,-0.448227434741869,-0.715109439818155,0.840829803181596,0.525802780171602,-2.1152748431357,-2.40579561280977,-0.422153900204643
-1.40050059380599,1.12010262121626,-0.172907329296154,-2.1429142021953,-0.890276196912653,2.81940721269543,-1.56337626567639,-0.46781283167731,-2.14487790343407,1.29739605858175
-0.318495335993874,-1.14813431629201,-1.10123779734661,-1.15977115055554,0.942474622337518,2.20490108095702,-0.957799360633547,0.398733825898999,-0.287152014767939,1.17586215334663
-0.709799806291737,0.362458022664253,0.308683275457715,-0.348678998918869,-0.526692228768686,1.4923897207831,-1.12774427723192,0.16092455125337,1.42115139199266,0.804711085276796
0.744954143973222,-1.11825621055397,-0.723295509097626,-1.22704864770046,-1.0967949139625,2.56630059420177,-0.0812423733923698,-0.934342661561491,1.87755231166469,-1.61474988596017
-1.37210996007689,0.845207636614716,-1.08829256283387,-0.172945043792518,0.104591839141076,0.336987158905192,-0.862693605930249,-1.16472691802489,-1.48344700148855,1.66980132503611
-1.02719498519087,-0.648647513563542,-0.812328353455768,-0.865197854253015,0.636533281745752,4.02079360455776,0.0998438663498656,0.503295852273443,-0.609461171502805,1.29323259958303
-1.93135920234945,0.163972866348585,-1.23315985932427,0.634644442798621,0.639708724635371,1.04699055306357,-0.652859455834479,0.203403291482208,-0.104674409262793,2.1202207605657
1.53562333669036,-0.127994695100272,-0.539778488945901,-1.35496123739975,0.0614873804804499,2.04301587123732,-0.154055113114066,1.00600796183311,2.81883593956888,0.33122678296962
-1.10180589357928,1.4213406752444,-1.89625585149649,-0.115735094595345,-0.670134980539623,1.59720766925246,-0.877565830358927,0.571685151065152,0.572119788509644,2.77463488566776
-0.0295925439199576,-0.699150560533408,-0.0456533752023437,0.166492718014246,-1.16945075080141,-0.150067190183949,-0.39692918515252,1.79034655472993,0.489545703324192,1.12292653566984
1.72352092900805,0.619399422801549,1.22357054334607,-0.528350888150623,0.123833768639461,-0.598705581081752,0.303789688979514,-0.685227483672791,-0.0925429236958288,-1.94548342025629
0.321602321579461,-1.54708727906111,0.0454322761128884,0.68155212342889,-1.43514895967875,-0.398206058049539,2.10592019785223,0.174544642574776,0.770227585928969,-2.53620681639498
0.70208642536261,0.504024499959962,1.02147577523482,-1.90337391216755,0.119964078284507,0.356106872748125,-0.699485768958353,0.929222089950268,0.258798487286463,-1.94561406740061
0.856056227422313,2.03285612728863,2.7310028067729,0.482363137860731,-1.21145006553007,-2.13986431658613,0.0394902028591654,-0.618533856954482,-2.31314268379813,-1.45214556242387
-0.29439069578349,-0.384050187549752,-1.01959245042319,-0.25468533541925,0.327480881396966,0.849277594303241,-0.981145203083772,0.118790878800317,-0.161896303516656,2.0632810117962
-0.129715570975126,0.112044857778454,1.19975792649299,0.40576193632608,0.779654455567382,-0.736057582796283,-0.168999453432131,0.695962433058439,-0.130490390844907,0.866295850140891
0.677932927474339,2.3128683478683,1.31162168123141,1.47680538261488,-2.31870163694596,-1.07536368246613,-0.150259600792815,1.47692114447213,1.23143377458965,2.59408434952279
-1.62834143770622,-2.28776321427006,-1.85657202483614,0.394339086001526,1.06400072038011,-0.618592684991714,1.03474506657408,0.636018652185988,-1.3368918446883,2.04294918929582
1.34543855317783,-0.901549860353377,0.746099874041909,0.906810136217072,-0.785281122378405,-1.66302410086827,0.500119975294655,-0.325101513743478,-0.545419555948768,-4.42957575808077
1.2981956491851,-2.82563252475801,1.13622538368149,-1.75847737815275,-0.896157075216787,1.20037001537193,-1.71109613683623,-1.49241716432584,-0.326020554460021,-2.93474235192966
-0.883671753584565,-1.98820582164876,0.927653503900493,-1.65098762446499,0.602685620001376,-0.323472235310882,1.49291967092796,-0.222969255357121,1.28519967806838,-2.42773585040801
-0.131690464260794,-0.234136887291527,-2.27115004519239,-0.533260769460712,0.313491893406921,1.55764684406047,-0.104514707104769,-0.648125668626981,-1.04288276010657,0.757906498552101
-0.400215929808389,1.78068718485681,1.2402484096056,-0.18959841440784,1.5204481745724,-0.557305526475331,1.25615222874249,0.518210836844105,-0.461284035271159,2.60147542805047
-0.903082410634612,-0.51017357071929,-1.78525860146347,-1.15578363812339,-0.867417051844387,2.66339576803473,1.76216856557453,-1.38914068180619,-1.0033856209875,2.57547849104581
0.783828336944947,-0.180510467700343,0.750209059321306,1.88074096881281,-0.221875265640066,-3.6813218829239,0.81282368345312,0.439385482497012,-0.0566126904013546,-1.51031850937475
-1.3781809050133,-0.250924120149353,0.539344165790519,-0.83142636273382,1.32734224416628,-0.142185551183103,0.484108318086984,-0.998824262933279,-0.173211970980252,0.354124514085242
0.394626530520088,0.715157225855776,0.983203628180309,0.121147884953071,1.65803719019785,-1.07101183363462,1.30823200722225,-0.0823006031813307,0.270006786179034,0.457409096534019
-0.437748757219581,1.52196875562882,-0.111510300685629,-1.51421893697296,0.211711436268533,0.626664218949872,-0.435097372632394,-1.12926522510902,0.240981981950172,-0.896381390196751
-0.0881869481462655,-0.0477765529377285,0.472293481074648,0.259239280250452,-0.84272389551492,1.12730490450483,1.54658771819378,-1.81047348230622,0.00602209303807644,-1.65039261850998
-1.35129088106479,-1.91284613827169,-0.911296691561575,0.422962001616797,-0.073068123996976,-0.446994927028225,-0.16621560989016,0.173373792006576,0.726293181753653,1.14307454054909
1.61276074155011,0.0965648408959768,-0.137632380992569,0.513850894765798,0.552069968129174,-0.0151830025876541,0.49353540675891,-0.61920572724376,-0.196247974152832,0.0064352907682001
0.552035161731734,1.45526474007662,1.06842468090702,0.46322850268034,0.388351421313306,-3.67748985155849,1.53972275047696,1.5872966482658,0.277694373570247,1.75305724691088
1.59876169850737,0.455288879431456,1.17815586276882,-0.925052362966394,0.919248732028706,1.08417901514093,-0.61260264439007,0.294387751843415,0.0247542270561525,-0.0390625574416987
0.0973930748981765,0.998609345513521,0.0465945939860438,-1.698494273335,-0.403035494422033,2.8827181259531,-1.2895318135973,1.9387765746899,0.889642312785853,0.956214305325947
-0.197927578434732,-0.398240664129384,-1.32508281600885,-1.07999365960079,0.0418694212869074,0.728569402474082,-0.514875684152494,0.394736320416177,-0.397851110200302,1.2645661139538
-0.92447684267881,-0.413288334380685,0.615426056486479,-0.509222912841153,0.181573786268511,-2.17496426335415,-0.438659529352798,1.13556603811113,0.566739825457188,-0.289983130651283
-0.984864339530651,-0.791941905387929,1.39434693811752,1.19316875358259,0.560036596072327,-3.32541149524307,0.447076259124535,0.957618995223055,2.20781753459315,-1.15246922864639
-0.130779542348693,-0.0212169834662237,0.0613987147527587,-1.18753226311667,0.85415216410993,1.81791341989101,0.896194607824976,-0.453895050442198,0.563130268605155,-0.0325964322587247
-0.41051811508931,-0.169673877130522,-0.582457123765047,2.2172111382208,-0.0978190128762461,-1.75513801171493,-1.44487345961103,-0.0294958439667755,0.885928572461434,-2.25397047338618
1.83812461258692,0.0313221617790142,0.888420653009306,-0.452990481295556,0.548732701041959,0.68671162255279,-0.1857810260769,0.971913905093824,1.16462713854348,-0.701342532277025
0.410305760251393,-1.14183977621094,1.34491695484712,0.536055071329152,-0.119058178470734,-2.37865874429452,0.340505883734154,-0.124439151176034,-1.83627385933094,-0.82999801420341
0.566696350025885,-0.868706298738754,0.775407048769753,0.117952062146822,0.558662521894908,0.0928683428138875,-0.482854180631647,0.10459057787977,0.219819643898727,-0.145023515071717
-0.421040728007703,-2.65929250761466,-0.322346926525306,-1.4102552355744,0.287935480486818,2.04582285484734,0.0684309822886319,0.0527294291939232,-0.133077000390685,-2.6581777121282
-0.187910482865812,0.31800642808385,1.03169474872419,2.48314865630263,0.505371545667263,-2.19405600912982,-0.316803612545123,1.03435452156979,1.16738909150628,-0.0784650554511076
-0.170007123845894,0.738762227024501,-1.96613520147004,1.33305327429061,-1.37044499854463,1.12426508681394,0.42068450146869,-0.359520434497228,1.53807871850973,1.46265572309388
1.49814021500688,1.88546833050665,-0.290566925536232,1.21116159369416,1.16139007802924,-1.30966212963972,-0.754054121317513,-0.233337240961982,-0.1170084926281,-1.07002044875664
0.125159018201689,0.0858302957120832,0.691669213421842,0.209677638690069,1.92411880731131,1.71900353419141,0.191657776936109,0.576839675008661,0.426970293510771,0.601494903013805
-2.83348890356264,2.67753215599549,0.0984152784837002,-1.1229560731185,-0.636250969342744,0.24973574835713,-0.163836045069442,1.47269055637744,0.478697652284597,4.32446970432219
-0.833641176849825,0.820666770014494,-0.666630199075468,-1.62818432838438,1.23901082264001,4.26925084672405,0.509669243071647,-0.360074416176839,0.872008025000703,1.52258323614928
-1.7829834759068,-1.84497307159958,0.74249422053722,-2.19973292376361,-0.709948278202265,1.43164985851868,0.559445486058196,1.01681307638208,0.507683360843962,1.75443598811924
-0.616426115405309,0.093736340785595,0.0662073194147481,-1.16767261133225,1.08605453686718,-0.915539459269462,-1.23985534009352,-1.61781902469327,-2.3001580975679,0.696019873239309
-0.800548783496798,0.487528077634933,-0.68093112466626,-0.162424570315862,-0.910998161582099,0.605743858130142,-0.0830771815391055,-3.35520022713144,-3.06632675571632,-0.115732926693058
-0.00646580332969963,-0.258356274190015,0.320427405959859,-0.434310397536347,1.26150299899932,0.979401363465551,-0.550741966834647,0.461894090360764,-0.688139096064001,-0.568416503244046
0.295429024796692,0.158916746078497,0.340405470435682,-0.119654941798013,-0.429587829350031,-2.35632119832928,0.447363609177411,-0.332740015536971,-1.99852182004383,-0.212113976886818
0.670874108639217,-0.20741742460776,0.551044796080366,-0.369084378713913,0.559649612481028,-0.139161068046721,0.46733290932744,-0.646735890940282,0.497568617460285,-1.02162634357285
-0.981814670480327,-1.03071957491131,-2.50603951418256,0.367409968340312,-0.0300250415504735,3.13652538016856,0.503809244088301,0.00284729789817387,0.247552421195415,0.516366905056007
-1.0831488766409,-0.172795688653582,-0.5689239707092,-0.830613156546901,-0.434886943224528,0.566175047165572,0.695399766559556,-0.0110849142847519,-0.12440833395858,0.295700866814353
0.302633083185042,-0.289412983529188,0.363438742938028,-1.03322092512153,0.636442429833366,1.07985766465357,0.279809600857093,0.73575983708608,0.910315234315218,0.0783979079412553
-1.79863999559404,0.608731868508719,-1.78030152278024,-1.2770632264489,0.447398825058234,2.45762713581623,-2.08616211176368,0.886182960225738,0.443800609208126,1.79183510782328
0.210402870453092,0.525263806960987,-0.907615496519144,-0.197597909246498,-0.187839044287062,1.08364934457312,2.41867576458265,-1.24899963769299,-1.49403872339205,0.667749458004059
1.11245968058054,0.113341062724037,1.50881444826123,-2.11679974096827,-1.41065074187494,1.03881802407759,-0.380529834096587,-1.61983528716151,-2.57338790330086,-1.05451865626884
-0.793018864570483,-0.783158708719071,-0.0317662676417354,1.50890232469661,-0.12384433192411,-2.11408865937721,0.591581834885206,-0.201691897937383,0.0536356846189438,0.528570537022403
-0.378868968797885,-0.639480815450534,-0.673731169463426,-0.249816548650316,0.108449146627418,0.581374248889668,-0.0329013340439277,0.885947889701594,-2.33680735131966,-0.354087769826087
0.13291621160665,-0.690692181180757,-1.02256072092514,-1.41902211419092,1.47793939916575,1.14598451480023,0.00292243856643524,1.07847507174155,-0.293182024512862,0.335243176053506
0.0452296613150259,-0.211877350313589,0.915577204781878,-1.84463185193574,-0.102305919391248,-0.0884961442813136,1.09673591948078,-0.58170753338266,0.596448478398439,-2.84532237299184
1.09516420029556,-1.1053478549707,1.91811877313726,0.305265145743491,-0.236644057964115,-2.12470144253254,-0.782988258801539,2.11379942773341,2.15381313197565,-4.10557770243705
-0.817106162595684,-0.104740795735498,0.015341722101917,1.25066364574005,0.109125104952591,0.107276595820639,1.32181292467372,-1.91329270219176,-0.841432349814141,0.14533073737307
-1.44390104233003,-0.58542558010143,-0.773037272584225,0.223002302739687,-0.440514500567078,0.479937449908747,-1.32491843062749,0.663272332459547,-2.02401611647026,2.08582501481732
-0.256940638236121,-0.90953957518314,0.599808670215977,-1.33336378899389,1.25190005200487,1.17034208799013,1.55597241174079,0.744634781207362,-0.6684397834864,-0.917028146662793
0.552020502364286,2.12012656237139,0.923206159944269,-0.957175313907703,-0.818063026144979,-0.828105805628662,-0.805114582921557,0.350326781127085,1.49034131340853,0.644516259199147
-0.423323741967292,0.310862191221774,0.0720828102033626,0.417037297589154,-0.921936819089214,-0.426869323749187,-0.815665321191014,1.727451895729,-1.03693821537274,-0.486223721012857
-0.198706787374281,0.467702679229861,-0.869105992108234,-1.1134369672579,-0.0416564557791296,0.255617504829385,-0.665549501913988,1.91680744279393,-2.24611842288864,2.21334216036245
-0.260011365494738,1.19599458762069,0.540533755017304,0.532440650608393,1.85921609600296,-0.0987537719886301,1.13342774335225,0.56213443198782,0.95990441156308,0.0475211187794762
1.2077520340098,-0.465392896207336,-0.966318376481151,-1.33372908256081,0.708138560211177,1.39664662720022,2.40269298311919,-0.796821234413152,-0.21527203175283,0.596223028019523
-0.762540072755162,0.835916949268531,0.15511004155145,-0.610117754042614,-0.75048793893244,1.61480436011032,-0.773960547564126,-1.54370390336756,-1.24444952841372,2.04253862977847
-0.366421740824349,-1.36575503943149,-1.61388228300264,1.01138780423233,-0.919520757154543,2.65082976961578,-0.794506502135491,-0.266171860200284,0.784939593256093,0.141528052219661
0.236513461022143,-0.0659113970715391,-1.20125849831534,1.43528403951117,0.255871081510332,-0.403682661483889,-1.88547102608821,-0.44726771785022,-2.38970291670499,0.168403398048838
0.219942388617264,-0.439165299209395,-0.861294856030093,0.142302176049485,0.505706790054699,0.00622433611043001,-0.822656892129644,-1.3676229305371,0.142556713698322,2.19622959986355
-0.539064746996363,0.0779766283752894,-0.197176417711814,-0.475716899305142,1.40203237979178,1.04642358145767,-0.411681709710452,0.151979468741647,-1.80604499775189,0.61908826361482
-0.014577959762114,0.562380662311454,1.2411407679161,-1.8667136359242,1.28827031159843,-0.798018072339757,2.28156643363223,-0.529400665920194,-0.635186672630392,-0.455485674955468
-1.22304062535481,-1.70683824883558,-0.0587315107425786,0.417536615538626,-0.448560023206622,-0.818594683521942,0.752843927838942,-0.957112762612692,-1.64785022986892,2.15675276280021
-0.740217923066116,-0.200059245989124,-0.219024457086922,0.180383527709414,0.880816402274081,0.117520535002868,1.08558132922507,-0.177344048919486,-0.339537011999785,-0.303629710654884
-0.603417792213478,1.16592949855925,-0.234462931797022,-0.699597475327671,0.795468002877482,-2.18988683483354,-0.333646032255951,1.11783355794886,1.00867824115094,2.39829778472442
0.705477564710448,-0.513195581951821,-0.692977672148486,0.247459767190885,-0.834966738251759,-1.01833582977291,0.407713322058344,-0.534514730035612,-1.6709837426933,1.54277951703009
-0.336169086684138,-1.53262355362291,-0.722314299620203,0.529287306983053,0.188454692559679,-0.237591113646141,-1.03636092190677,-1.45023027533416,-1.52076262417456,1.72829202918576
0.513116643647983,-0.57105370559669,-0.856209296890215,-0.596611023109218,-1.07561270813356,0.996788608356411,-0.518900611517566,0.843008353514307,-1.53790497593565,-1.66461567920093
0.564638143182193,1.17175319703769,0.764535773880106,0.242775016125608,-0.762863425110045,-0.730727586978004,1.45043170874805,0.495801342216315,0.623396815424024,1.29665470157421
-0.392470431249561,-0.62805515083067,0.218866933969583,-0.257692452905086,-0.978855090724168,-1.3695163790403,-1.30369781694723,-0.365389330253409,0.393782107362346,0.0433455331010584
0.19343815002826,1.17681221280323,-0.397696429673868,-0.444255001103363,0.295285972479981,0.932734704488659,-2.05410730081642,1.68127075609492,0.696999379567481,-0.632738617027061
-0.543250128015559,-0.317013619158829,-0.927992021042252,0.518312708987345,1.27547357257351,0.0600584638673155,0.335492099383586,0.781422878610261,2.25191770912972,1.35524216610842
-0.580608685951651,-0.178661944148431,1.08253018327669,-2.44567242466675,0.208715271692017,-0.139880064853343,-0.15545870371672,-0.66027838387718,-1.11431270292407,-0.346077330462425
1.76207412967246,-1.90227867138427,0.00591009185655667,0.0909595815347948,0.345283174940753,-1.45145926647429,-1.62715741910353,-0.729597801471883,-2.49646293114945,-1.77501723159807
-0.0546832148719854,0.268727954766689,-0.862206544598474,0.849168639783319,-0.738747631938597,0.801380092781484,0.638784959721419,-0.467247414100693,-1.13828995341547,0.61637991267366
1.15172295894523,0.447966245677534,-0.479661637719322,0.861891658792073,0.790286467583595,-0.902298609678424,0.205419977513385,-0.52813160247478,-3.40883936143797,-0.546088085754973
-0.549177256567782,-0.431819069264398,-0.667820009191108,0.282034637222945,-1.52328046908025,1.69220763305148,1.00845106947185,0.54347208973456,-1.27401415811906,-0.335302645469285
-1.05703069587136,-0.991099002271426,-1.46236305767118,-1.27517140077028,0.961549104883986,2.63708051240642,0.872901316096644,-1.82807242035841,-1.68963697721247,1.30706212832916
-0.294010423894186,-1.17171063384198,-0.102570108928685,-0.791733683304472,0.463589494002162,1.66334611155269,-0.906736516013434,1.01070819810629,-0.0426320508413202,-0.467964706225675
1.81052490251784,0.0576525653277012,1.3754068097957,-1.39970998636557,-0.0860857351697032,3.3783381538057,-0.013767757010368,0.421361178170475,-1.90885168882715,0.194308448073365
-1.77006215354447,0.625580802750313,-1.1968326952574,0.821340234106523,0.818878229966521,1.05569457060356,1.55400335304076,0.476615460654886,0.312108594633744,2.29175108528486
-0.063584399322679,-0.468321330435874,-1.04664232206445,1.2415736665636,0.747507444476475,-0.587426635250395,0.54223090844105,1.68013023960566,1.53197261840494,1.61047049403428
1.29029709294925,-0.408695101160071,-0.399241729338371,0.511682327152068,0.895206985364177,-0.0156526714303844,1.61922507623084,1.76662319076015,-0.286640292149275,-0.613792661814376
0.758219238881893,0.318895390636198,0.626754086615742,1.51818463673333,0.257043036324248,-2.62709569830817,-1.5149858914488,-0.0281215654544752,0.148460810425024,-1.45500612925298
0.929823134584266,-0.736451546981245,0.522462231221704,-0.272006090262239,0.294044345809687,-0.265426092579513,2.35375327049929,-0.600120914159559,-0.33381015270512,-0.102653126347104
0.450616826771683,1.25751458357773,-0.959634169301641,0.852693169679867,-0.00627638644494331,1.06355949570654,1.07048220903298,0.94482051326929,1.54545843989984,0.365108299933936
0.285478354064445,2.45982651684413,-2.07784389748479,0.644517262874311,-0.798301039877309,0.680639484642071,1.29857643620768,0.522246980485479,0.634702058955748,3.66687892387713
-0.305605306362849,0.413469392113069,0.655429339346251,-2.25491370267834,-0.325793748950846,2.55262804812665,-0.0167109387861878,0.106818153602223,-2.26867623720774,-1.13251066604
-1.21806688719053,1.20769120109004,-0.931249986049212,0.432848168729626,0.624132519062876,-0.190461520588564,-0.402546288173435,1.37855335134874,2.01889067831286,-0.107991510779686
0.487536448255203,-1.36505333443348,-0.443461126294545,-0.696526719734093,-0.775770661648799,0.125689882254241,-0.862850460744554,-0.143917841510303,1.71328434333339,0.392643549373051
-1.11412431507011,0.968570663216796,-0.816784694398479,0.620169164168434,-0.731614660023406,0.401704337345728,1.57774248574285,-0.942626872899296,-0.25722191125082,3.06627125666706
-1.15103358069922,0.22665462533045,-1.07465247882402,0.494092002919137,0.690114702780698,0.179377890469006,-0.325975041956479,-1.14682939028449,-0.873574614492328,1.50200785765372
-0.446424977282582,-0.778891094970123,-0.754814861663376,-0.556255601596908,0.349889600254334,0.303530817940361,-0.131785611475916,0.820473464553072,0.480649299428705,-1.8332841528603
-1.04301476761335,1.08332585963887,-0.524417259954678,-1.3249875685503,-0.803608612189787,2.24967185856282,-0.705283022827908,1.71126054242382,1.74232086058332,1.5359445069623
0.842137003311027,0.731432278969534,0.377368588329813,1.12781965022318,-0.837040346110474,-0.185567306924267,-0.968334575830695,-0.64162535292293,-1.94626103460063,1.43663356597269
0.114856116289121,-2.29108817895018,0.523308370548223,0.92176104880189,0.405969810223871,-1.60058502890017,0.0473267709128405,-0.409115643520425,0.543250047574153,-2.41869553945934
-0.0907405995299662,1.11266428163571,-1.58778162909998,-0.551185312768636,-0.241584855333504,1.91666474948267,-0.865573778915801,0.497004532004405,0.747962968786827,2.52461349658646
-0.0568100589691872,-2.99148058648933,-1.42402689303879,-1.16287038805062,-0.693749624459549,2.74573162633053,-1.26515889427336,1.91285231068406,0.708897861793804,0.20231809369683
-0.0229725335394865,0.210291382693886,0.316425520249191,2.34278283297427,0.776015158477905,-3.62342986123282,0.645197018566986,-2.11947764724283,-2.12497461880057,0.269778295018081
0.235332062711629,-0.0471679273119618,0.483688277190589,0.563447753075722,-1.12300746275356,-0.583359786082131,-2.54263711644706,-0.393501654932358,0.061303758811394,-1.14191991926289
0.419479499460895,2.69301943685475,0.862051038419212,-0.395023943598289,-0.00547441229667713,-2.11468194946008,-0.191821283575562,-0.498353394816353,-0.643830658604864,0.337147065224453
1.18829725180626,-1.40599049231483,-0.327060922947023,0.658448412837342,0.30132260984046,0.159339950309122,-0.726572756455893,-1.24152556106015,0.453526294586151,-0.693606823744743
-0.98601687030573,0.815165541658641,0.205214958693486,-0.527183724712509,0.510900833384684,-0.149767972130489,-0.236664531896792,-2.0396999894985,-0.298962449102415,2.18863187867024
-0.562968752822897,-0.0866115559908537,0.511069824762875,0.601732791209501,0.41624821212094,0.316194400635657,1.00541908131093,-0.386710599460208,0.294024138106528,-0.215786111410524
0.190549194694129,1.04401854499428,-0.504891649230094,-0.65820212388203,-0.420152410346255,1.59113161618592,0.348751109850071,0.269193859722185,-1.22081038987402,-0.658886502708272
-1.15299375034926,0.153621574837339,-1.43910927153681,0.19971019198905,0.379875269099485,1.80597464739465,0.47266105640452,0.908721352439308,1.75599709441947,1.27094340837979
1.89836157488209,-0.532518600981134,-0.136533543740991,1.4563507495465,-0.924333725721956,-0.627582670691609,2.56542010607008,2.55125044716349,2.44232990625978,-0.676945645370218
0.923404113889726,-1.27119804853009,-0.242394378541541,0.697917990350632,-0.0669720991883701,-0.620632426596704,0.268406170907594,-0.039996150670398,-0.549226302850521,-0.766084837971504
-1.81663523008606,0.00337206207059249,-0.601245380205814,-0.997736029696121,-1.59186529000261,4.64597296154217,0.418035948561012,-1.02164518669868,0.227166802073427,1.57347496579075
-1.63938146281252,0.538451797564621,-0.471002876578481,1.81785161400829,0.662526739008359,-1.16087946737618,-2.46461745661557,2.38121715205485,2.05857502543964,1.23543274109286
-0.100927639228886,-0.409771451024807,-0.910737612527687,-1.52912702172019,-0.757978320678025,2.61556160369646,-0.953093975162204,-0.64496381538005,-0.25784964029327,0.596934003885408
-0.439127125787503,-1.62327076505499,1.16977200053716,-0.796630678862809,-1.89777468579409,0.560585258398776,0.17068030738957,1.09250532940852,1.11404302755254,-2.11523826837952
-0.35357996852791,-1.10821075043853,-1.1135682694347,1.36418656732417,-1.41631749615281,0.435908245733169,-1.0194071325066,-0.85950161536667,-0.834691517155024,-1.97567938844715
-0.235421153508429,0.0945917372580158,-0.367783531299179,0.550226401911946,-0.219490525508134,1.26701136057815,-1.66807336736234,-0.0306232917594549,0.0368103494503556,0.90382928591485
-0.499442152273536,-1.89203165510274,-0.0164451220594332,0.343633554078459,0.423007167540405,1.20288820500731,-0.798711149831492,-0.505627964448914,0.0917921356404114,-1.40416059862307
-0.709866371517184,-2.28664799269371,0.0896708591211652,0.79816992279137,-1.0907475309656,-0.0142773315616634,1.26402205758421,0.553497809715798,-0.267643371348548,-0.873723686303943
0.565402549384445,-0.608198094343919,-0.909833204178641,0.120394277472805,-1.37697919635097,1.23369195233371,0.175279023937067,0.404434579520389,-1.10619648171766,-0.699839626227596
-0.747448475930653,1.70529702202628,-0.244880798281916,-0.563598123860894,-0.28924288742529,1.15554425243761,-1.15587989231477,-1.43567710853518,-0.735434118660577,-2.03233665491977
-0.922561463371805,0.0988509749927636,0.376875138345458,0.578270918655877,-0.355032692321172,-0.0886427853931226,2.43371505992822,-1.6386497774214,-1.4026449728143,0.522923989758441
-0.635346095283742,-1.43581565106726,0.253652045282918,-0.579359386193296,1.0148198218427,-2.49404340144154,-0.144198212248079,1.40239331657208,0.643328897098222,-0.489950917518916
-0.579109533397096,-1.27045084004726,0.886389638051934,-0.394341949582383,0.804537990394257,-1.59839437427458,-0.821904611971375,1.02028433508096,2.2966396201164,-0.364430654883043
-2.17117829844732,2.22363819751244,-0.962065605218581,-0.271916543643054,0.506931702552119,1.05807619566691,-0.65433564472962,-0.621428790010585,0.370639473798851,1.98696281564926
0.769646118690244,-0.640500700784326,-0.938222357090275,-1.57989558428552,-0.704112890486886,2.22168633813507,0.0785653008416688,0.014441493326357,0.805232681560506,-2.31543674381233
-1.1654717313554,-0.0475291489909506,-1.52980422879362,0.0649267075198925,0.421530135576441,1.1162793145719,0.744109924780338,0.248147255899909,-0.777175201480643,2.61129908807798
-2.56592176144871,-0.743892049680215,-1.32329275254052,-0.273641070548852,-0.383528353883529,1.67372647369021,-0.511511211428911,1.13766313925323,1.1834111348281,0.967617217936827
0.340156703734757,2.32437296698384,1.76219054266786,0.679192322840937,-0.0896327150387066,-2.58747492925372,0.562229397202477,-1.09793044419626,0.368265458602542,-1.51081644021552
-0.168978138512919,0.443666723906014,-0.0636601481833708,-0.87625570345398,-0.647970700710239,1.42469471562494,0.242514509637607,1.86683023363519,2.69808018474981,1.44049362295935
0.916510600971973,0.414044677727867,-0.305611294294071,-0.607770913833332,0.881441412686839,-1.03242764423434,0.990746005669599,-0.70459913535579,1.29551109609588,0.329009875451069
0.371670081556103,-0.292025547625689,-0.639335601650021,-1.709988229343,-0.0142383586063607,0.245482320512503,0.896667575733873,-0.757447998346485,0.772884333934023,-0.788598502888066
1.64906151305004,0.330829559121609,1.44268710758212,-0.529632021049313,1.07256107886719,-1.23327227681796,-1.84966102937014,-0.0436870792965141,-0.189370218021225,-0.87472733172382
-0.6486962046968,2.07534158428807,-0.659013259144131,-0.224020718283401,0.508809162339855,0.291830979943245,-0.152799902378716,-0.467967336018999,-0.588594166058819,1.59151559921203
0.161377750469503,0.590779886224471,-1.30919888377867,-0.492026283526915,-0.731595120859912,1.59785775236824,1.21347436976596,1.49825546188058,1.89087875791286,1.61571322607518
-1.92347343205279,0.440120109308551,-1.61595020802691,1.61528185949105,0.391523191877589,0.721627403620755,0.400129394806929,0.446994832857143,0.112742905435677,4.79487784110134
-1.47079162878386,1.68430057132334,-1.61074915879736,0.331750877755968,-0.453867014466507,2.8772257398732,-1.55742874546437,-0.440509478980552,-0.047417588325807,1.12455195276317
1.07107426428358,0.713415423554896,1.81296802767386,-0.789616558245722,0.104306738016319,0.555147054181524,1.01662712122283,-0.772277647091872,-0.146039847009524,-3.47834773720406
-0.855655475764702,0.618033181867644,-0.7307822683892,1.26209039435484,-0.427762165570784,-0.737883635048952,-0.980980358914482,0.153019331169627,1.49519857112358,-0.0229541866464318
0.363638706196701,0.221231704509138,2.18846954510017,-2.27996786594594,0.0833706139973587,1.15873196668953,-0.560609120948286,-0.0492515623809011,-0.888106333960853,-1.81780753886276
-0.831699453333387,0.555655161675138,-1.84442108745692,0.285737264220458,-0.996052950049888,-0.397898433644627,0.271369355062232,-0.152345606474862,0.923723401594198,-0.680770096108516
0.0380676845829982,2.12147846735146,0.384372370430229,0.520345633550353,1.17033214784084,-0.356908921403484,-0.124783959081732,-0.00299143700041932,0.164099025327573,2.82747479274037
-0.106967786929473,-1.72830463111748,-0.0966637311051349,-0.234524491110073,-1.49340144462523,-0.727598801369734,0.973955433656058,0.783824522445629,2.53666115801884,-3.84878331926817
0.769649420982819,-0.543362704413202,-1.49240531272158,1.60842182660007,-0.225896364966393,0.320952658143076,0.519805317422624,0.527527694284066,-0.261412984967283,0.332139845950251
-0.560440529756012,1.17441260581309,-2.23255366130824,-0.93116950156794,1.16613221652545,3.96328474716529,0.749471503075032,1.00273579563683,1.00156804529369,1.56236764102838
0.630163772943499,-1.15092387937941,1.06625318426495,-0.79801487771724,-0.425792083187153,-0.840595107635117,1.00295830512979,-1.7816225665749,-1.57226052862352,-2.50859187737789
-1.04811427233551,0.0564139186569129,-0.610576752911757,0.228592108695424,1.10709966817314,0.152061644676256,1.06445887423138,0.417132688276601,-0.158310227799124,0.886331888760921
0.255889382234944,-0.693812852976406,0.208481566684098,-0.421246264085065,1.45485697867836,0.438207521645297,-0.675952195331054,-0.132669256686923,0.562168564505598,1.49772997866044
0.49647956951374,-1.36693915018344,0.72485199260585,1.3977982456322,1.68826134417717,-1.55388440954376,1.34409195094515,-0.180608462303394,-0.118335933321531,-0.643875939726533
0.734515551128047,0.258461677457975,-0.204670710955134,-0.467745780090832,1.02022249064736,0.295887057109713,1.49846240367518,0.493284358423973,0.815074335177839,0.0902674000675015
-0.0542248059590553,1.54464050028009,-0.647226367085258,1.2610774753901,-0.242165923820601,0.383255284804554,-0.603911118402036,0.545656747542948,-0.769866929514268,1.41256530375027
1.25400221342158,-0.57297401438225,1.04071189016982,-0.227972571105936,0.83957027406836,-0.587084621777888,0.286230319233599,-1.18466412171726,0.630474942451361,0.751788162741304
-0.203520381344372,1.25938834304795,-0.0772155590478342,0.460206606871605,-0.927500193232794,-1.27904039041573,2.01772880392849,0.124629167040835,-1.04027948327832,0.237343450524683
-2.31496929027539,-0.232772642544928,-0.968822095412649,0.441501388746079,-0.46912273154595,-0.23787124424391,-0.0277195608345851,0.0141937296133525,-0.271438109225424,2.45116085321457
-0.319175238468957,-1.35954470909012,-0.219683102335959,1.40955921411,0.735093576015147,-0.859755580551538,0.437920609109797,0.353383765877309,0.467197403302072,-0.161332374593639
0.953852727574117,-1.18996592723435,-0.611161157788151,-0.0428096008490845,0.526163712973316,1.88781439533569,-0.440836566057403,1.16181531348873,0.0547584722898782,0.457433207888436
0.694011447306551,-1.25094892578433,-0.574178694711462,0.889636848105649,-0.00535335871207788,1.93038587709108,1.10602486258375,-0.276530603193946,0.487738424162874,-1.64312150544669
-0.778414346668137,-0.963942570069387,-1.08981301959772,-0.0363507764237868,-0.554585151736625,-1.81066457600588,1.71512745939879,-1.23979933392387,-0.914747317405335,0.756405901818699
0.434007299259841,0.241252661194314,1.7901399468454,-0.11554045460061,0.456112369056044,0.00834179935973994,-0.314499365680871,1.06484146251808,0.423713952459369,-0.951364102080223
-1.51062569080164,-1.16744349811019,0.14413618344722,-0.431770603930423,-1.00406519701044,0.604046403295104,0.500879076956673,0.323873142973837,0.183693036140876,1.4327232038793
2.28352728567602,-0.394124196861892,1.69530519616405,-1.13932143149503,0.0938334336111766,-1.54242954513306,2.02353351402181,-2.04104836277234,-0.544881399686694,-1.63031502285064
-0.390457314677754,0.908323242942737,-0.658158527575412,-0.572190309515608,-1.95819554343326,0.242349617716805,-0.536751296230012,-0.625698621562384,-1.48185781579681,2.84500380910986
0.550178082052554,-0.624454899385805,0.858602309040974,0.353671647582311,0.974260865279251,0.0700414804031999,-0.111625969875144,0.427256099423495,1.14929722018989,-0.827073764134665
0.0764855891602583,1.04206976532689,0.605734952181817,0.658994441475743,-0.708710321239807,-0.677553287545979,0.532706773826947,1.56762556207128,0.0869066586139297,-0.627945640116359
-0.250802486462345,2.00758612361089,-0.499488392748143,1.11628669287732,-0.355084222139225,0.0766544862808174,-0.955031888884005,1.08433746542118,1.33030379230348,-0.588881056173779
-1.66628630853505,1.47150281156097,-0.571187567393955,-0.151377783009839,0.206279539853437,0.227137148741826,-1.39592566056966,-0.425388407107731,-0.161103399573513,1.23737301432483
0.997624109949294,-0.396667711111,0.482477425271456,-0.116863932283634,-1.42351498632359,0.236508383504128,-0.878404108689855,1.87522066212309,1.97543539803509,1.08232509532924
0.49646919864779,-1.85519457811624,-1.76877604742196,0.158849315783952,1.29607585492321,2.72202576355394,0.489879539858693,1.68168395492394,1.76013580931846,0.607029313335015
1.40520856593709,0.361682272583307,-0.916060464872875,-1.80284891598716,-0.250576714436073,2.84977057876925,0.142662177458139,-1.17292620026102,-1.65960596294165,-1.69550781200976
0.689696864638529,-0.702948524423622,-0.347918379752033,0.201334481870672,-1.89978426762141,-0.725035620464939,-1.27953542160253,-1.8876728923108,-1.20181597761014,0.991462492768834
-1.82365273042846,1.80869866340061,-1.73647608790795,-0.379588998795934,0.240216551938676,1.63798328373335,-1.05704722322092,0.0568903401194401,0.632159479939999,3.33068190469176
-0.353094750055197,0.132015907151509,-0.0166799204891681,-0.296946033626262,-0.765159444594544,-0.05604970953755,1.13597233377413,-0.739006251781236,0.925210717907806,-0.00125157731166478
1.26527740782793,-0.203611986927912,-0.55665438085886,-0.519360383877976,0.00791087182719806,0.971452601742924,-0.010010533719504,1.97246142114941,0.655776949979722,0.718510905778181
-0.521454594715499,-0.647709001054947,-0.534946675053932,-1.39970954402138,-1.23303322033385,0.559412759137391,1.58836221399513,0.486507135421424,1.80171114776034,1.14793530552668
-0.721346387779229,-0.492965908845207,0.371723238670155,0.987270048824752,-0.151273835111226,-2.87350422750039,-1.15266469520618,-2.25373861438551,-0.590904164155676,0.00424598329882193
1.00958119898638,1.16486153502109,0.975022641980641,0.515891149744106,-1.30026484832469,-1.95212069815209,2.36438478703681,-1.02585182140283,0.486338675200461,-1.24484286222568
0.469296773383468,1.84676938345329,1.06871754957872,-0.211500666583346,-0.0675167982137956,-1.43556299411178,0.124368808319789,-0.566801588672371,0.361000740808141,-3.47283586589981
0.272498240387722,-0.179659943511353,0.23020696169092,0.662609347460318,0.922211501819619,-2.97640623000254,-0.178663026144895,-0.251490255885879,0.0597825363270785,0.891045878570017
-0.624504170312985,-0.623316731677948,-0.515126347494528,0.1378516170249,0.665307236443797,1.87458817814719,0.213875049511892,2.22956459068746,2.3485917316059,-0.414849424088493
-1.10823708148549,0.572622186934086,-1.34421895659972,-0.680529208822171,-0.854147115358886,2.21685772712649,-0.549246580562955,0.61466292867334,0.751426849565132,2.18134329809068
-0.489074661926792,0.0959388725575857,0.142544992140311,-0.694199460274465,1.30327004060465,0.863177795209374,0.806436724083684,0.26039669388928,1.11833955539528,0.0187465473182498
-0.981746669912171,-0.355015878512838,0.709230084369847,1.04658136425292,2.28802424562661,0.0703183071655368,0.307958878943663,-0.0137368358916354,0.994294200792342,-0.538779137375545
0.742041503140613,-1.60020811132718,1.8357474376364,-0.237390865902145,-0.203124321834581,-0.548552986674106,0.347064982157461,0.855462250666666,0.508213081586631,-3.97340971196721
-0.213493330920601,-0.862224995743396,1.25445158036682,0.700514584617194,0.624660098774718,-1.56523387278516,-0.664778456641886,-0.443446679565114,1.72499173443584,-2.87542604488385
-1.51766019675608,-0.0335968539077503,-1.6360722053725,0.10841259293762,1.48255515367309,3.0763605880035,-0.0184490475601267,-0.87674786464766,-0.428983162728046,3.30506751242089
-0.609820246517541,1.65129417722215,-0.58668780008376,-0.399840049040099,2.43638771434136,0.152856239583249,-1.67320072731267,0.655701425235524,0.239318845495523,2.11145515179403
-2.50868362433987,-1.68039649618174,-1.85287481347896,-0.527163977685246,1.17398943069598,1.68872982808984,-0.826039318161304,-0.0224181692928948,-0.434605842768001,0.153495789866223
-0.237946219475698,-0.232147412499877,-0.798399071709138,0.430115980390493,-1.01226155859312,0.699566203291755,-2.05430529451005,-0.500442052831965,-0.867836098204734,0.961488826161357
-1.24623255527697,0.146251958628509,0.949004947767888,-0.0562721270490257,-0.39155319914957,0.713600408433161,-0.893557584744102,-0.464680273473676,-0.184307128182294,0.477542991253403
-0.233105549227341,-0.157485781807751,-0.184468688096706,-0.834899502856435,-0.857867908598642,-0.439765106347,0.0558866543743873,-1.77073187051912,-2.27563673974536,0.789492734168632
-0.116425805231116,-2.63327451263236,0.571077698776332,1.12136781248345,-0.866653774483248,-0.85019914089645,0.115638397994734,-0.699757926164235,-0.541862133055241,-2.8955447462045
0.40459729211269,0.0727828494844638,0.313144529651628,0.262473323267581,0.965592281536829,-1.95720197432453,2.25415273857177,-0.371559159418171,-2.53063003982447,0.0225066152039048
0.107555278859713,-1.14764415619982,1.64307042379027,-0.157856479281118,0.311360197444196,-1.1257817212214,0.107327033775642,0.132284572728796,1.02352196560653,-1.33160099284063
-0.114276892823494,-1.24486231495926,-1.20312669517518,0.289962340694901,1.03430055449725,0.640776007763259,-0.573860177245704,-2.54452020675716,0.17486641070165,0.364274169746676
-1.62785388443699,1.14306486269995,-0.103550624804107,0.231019829614248,0.664838402427741,0.0257429493821219,1.06981489764112,0.0636409094223559,0.316889673960504,-0.121183243405501
0.42046787096067,-2.4167190227718,1.03750818367228,-1.74149521469434,0.30527871427722,3.64285713229676,2.39163126215046,-0.0693168049244176,-1.19340450693217,-2.67839998231314
0.813134859880868,-0.219360595320649,0.533504531169008,-0.85289961066012,-1.151176333378,0.69923171745864,-1.08822848078856,-0.564444616437926,-1.1344494599932,0.194028832738412
-0.894822957687586,-2.35948395273121,-0.800689670779321,-1.15281903509814,0.443199563255135,1.36077529311701,-1.42883202511445,-0.581593082329135,-0.682512300445342,0.298945315919846
0.148049934972469,-1.92147575752958,-0.332538429705782,-0.297639238954642,0.0825342193434414,0.584676042467116,-1.41532467569702,1.11525609563612,-1.29012268241759,0.402774634085115
0.414467687415203,-0.57854439337281,0.831376387841081,-0.0608653897426521,-0.329532690280813,-2.27282742925119,-1.34521694875633,-1.18483540683916,-0.737275181671315,-1.7809292978182
-0.136258318457938,0.160253077998909,0.0302276421197263,0.43693644118859,0.289306519600439,0.396898669957044,-0.64077779040706,0.478935212924254,0.529212689197107,1.58268664141493
0.165825094879625,0.510423311603017,0.43294188255888,0.184906812102518,-0.068925708418616,-1.46945609871699,-0.124186265142666,1.27295864029927,1.65588024517162,-1.34986569633389
0.0913694399811842,-2.261052697477,0.0523330010384337,-0.980841418915526,-0.350850130493268,-0.869541216817411,-2.54738584575256,-0.572934888058737,0.160266549645928,-1.60113738740253
0.903188729462239,1.74624688447797,0.844749108452491,-0.36149966884124,-0.241467809441684,0.303385141672943,-0.291543511099232,0.121778677657745,0.955417995710656,0.866945469704748
0.73580873532054,3.02493931387303,0.582407989044161,1.382455893702,0.703297757544426,-2.46360788238091,-3.20029504618608,-0.707854656377438,0.606715587377754,1.75726206754558
-0.17542487110786,-0.242224872508606,-1.12179886353141,0.660478573640724,-0.855455666817388,0.46820969966052,0.983389531644881,0.179325701736349,0.0101247222817905,0.453823906266143
0.471754491341733,-0.510905257417114,0.0848586961325893,-0.280286531412869,0.121007217439484,-1.45429894402042,0.535868958613801,1.01942064536283,0.271147247747499,-1.36329874017625
-0.0321412272340366,0.726214154263054,-0.248172131636083,-0.421711683723747,0.316716671348837,0.385179401707621,0.875692110715963,-1.18969290007418,-0.919915148256382,0.0875078513048219
1.59639184158659,0.205402016334256,-0.529434943568457,-2.3271489566457,0.12281766830481,2.57682034608086,-0.349983198068007,-0.930294740872861,0.104232431725768,-2.56801374481326
0.69302419624478,-1.3131053782591,0.569035257480536,-0.860736191973527,-0.451165532311638,0.108638515943886,0.583014448786657,-1.17545814768558,-0.306434573973001,-2.61429286632356
1.14954036938008,-2.31682364633163,0.239196153679265,-0.0554203293342541,0.270362629773175,0.57395303316898,0.166764570476587,0.874891864236605,-0.755764770689785,-2.01572783034745
1.16306210567818,-0.964605742297546,0.948841075538127,0.671541547932979,-0.217349712784208,-3.41482494505902,0.976105774362232,-0.994764129736816,-0.639344845712833,-2.87476202005537
2.46498214576304,0.877034581529413,1.46184944122223,-1.4901124834863,-0.648362265950101,-1.86563868417677,-0.701709868232476,-1.38427640374045,-0.802593988428532,1.45067851948118
0.338809266918315,-0.455543052568727,-1.12384850189855,-0.916595500634285,-0.641057168464213,1.39622115575323,2.12527420235984,-1.57628237223692,0.0954602918932287,0.679603521991833
0.136068630446374,-0.687318304515506,0.090966578994001,1.99102167601045,-0.355798929254551,-1.59472169416387,-1.56622798273935,0.8847677627805,0.862261284807639,-2.00280455096291
-1.00323354277765,-0.326390750782321,-0.327054028029952,-1.6121306074089,-0.0134682016147582,0.148037070194854,2.28113646812825,0.125307284195931,-0.105334947938414,0.173316473989393
1.79148441175493,-1.22352191657587,-0.110376649843995,-0.3931008284324,-1.98395904758002,1.52689424716306,-0.283016417707862,-0.432913762670775,-0.19617358522771,-2.42425056000185
0.458135436412344,1.20982299057942,0.0222557533792911,-1.97804889278458,-1.33061301477744,1.19901492062104,-1.47501571592551,-0.792416929241846,-0.81703217162356,1.47847893822484
0.807652881552409,0.842962348414536,0.0463589218440728,0.159511643105061,-0.465116014023557,0.681985303626624,-1.098414046518,-1.19463780123961,-1.15931587377071,0.401485067679152
-0.389342797861824,-0.195072037320798,-0.655667188677688,2.64122751162544,0.168750952810862,-0.331485531026471,-1.04788145877784,0.00392329704687966,-0.97627683941546,0.648086614605348
0.755869343604751,-0.580852333423573,1.31588402730159,1.74138169678605,-0.831261625829409,-2.02511320972749,0.970089546090997,1.86548065500707,-0.647459084001237,-2.88439837239114
1.45271838738375,-1.24112681744315,0.242159025006109,0.476496410885262,-0.251999964510599,-3.08636548852334,1.98009543386348,-0.0618002722800436,-0.285386735419116,-1.00508308166852
-0.18744105389091,-1.20997138166674,0.952105841496738,0.158176261572644,-0.408788975407875,-0.721985514412128,-0.930320394602629,0.990907329107356,1.27494721262753,-1.19088085821095
-0.350972876622852,0.473026560185561,-0.315996321576225,0.328687482749355,0.934617820468445,1.20100633680506,0.942143623011515,1.37227578187723,1.39645688284511,-1.25661047576571
-0.175007940791812,-0.392345970613594,-0.452374179600727,-0.915338157371019,1.16147207559199,3.15862079914556,-1.64603725617123,-0.873707825652857,-1.71954649303372,0.572025792715378
0.975044232521854,-0.823080657454969,1.00584571326112,0.103788888977876,-0.825987556242578,-1.8905163403943,0.570337583357965,-0.501526086544472,-1.99377622411539,-0.179258654344299
-1.07785964697393,0.523691305189711,-1.99087310469911,0.627688707320639,1.50229252467661,0.555921684850717,-0.461014843555787,1.23777281680349,-0.157377775156604,2.43582667976461
-1.31612937072566,-1.49486632952867,1.13291328716919,-0.48759383326996,-0.0805179624072476,2.29487200391411,0.0285078962602314,-0.216850904778844,0.589087667514501,-0.597356308442898
0.294971466382111,-0.255782330866461,0.484599884665408,0.344024157570672,1.15216336680271,-1.53679869798504,0.390121685001939,1.49706800137349,1.10099268903676,-2.21928081550162
-0.345538498549609,1.8350070380796,-1.27650954358017,0.0371012237536852,-0.799805582230515,0.432107199225345,-0.559872064513571,1.01820325150678,0.0240154056915358,2.47190429641922
-0.288948739774445,0.614153248545339,1.14038250412366,-1.83314648234278,0.0552426916005481,-1.94568021827231,0.254202665433601,-0.792734950674713,-0.165727080809161,0.557796500587959
0.671026788878086,0.490390203446485,-1.5405932380027,0.560666457376049,-0.570414268827031,0.198830680196799,-0.327992462223033,0.164467294103462,0.87067317050258,0.798386685685838
-1.77071104093821,0.0847884212609639,0.0809404692842993,-0.165190839514782,1.47742512374135,1.36463737130771,0.90399621835744,-0.630154756632026,-1.17117500171657,0.559472558122594
1.09362989615795,-1.21197063201265,-0.510365788795637,0.0422676205423949,0.00555190897643447,-0.285746051773175,0.682433115705832,0.249681089840184,-1.36161173014815,0.15529161528501
0.238834130118508,1.94154077411339,-0.607492783631132,-0.0499945587020809,-0.297421426747145,0.542181000157015,0.779137441196182,-0.967008880474404,-0.694251312798406,2.33370911788536
-0.889019207560256,1.6104872930034,-1.14619448831211,-0.431061876017339,0.0416295589431704,2.87205245327036,0.833776963738269,0.449581113068725,-1.3285933771178,-0.20743744850282
0.551414190526102,2.0617477875031,-2.67341176832001,-0.698968686908519,-0.549768893002605,4.89507895783546,-1.47706764270919,-0.446760249874281,1.15831133950508,2.40968660407444
-0.00335004757853445,0.672769209029713,1.4325283457996,-0.641247775345214,-0.304163304447648,-0.998363820234338,-0.870922973192471,-0.598352784478969,-1.36520816442699,-1.2310727188453
-1.22653374066111,-0.151932701868433,-1.54694443789387,-1.59602008642914,-1.24139035701384,1.84815280358681,1.20708122936351,-0.703542040603272,-1.68253569583891,1.95899397918526
0.0736294333065082,-0.429290056168504,-0.569276678217734,-0.661269043399749,-0.577543508426535,0.583360320317276,-0.799135948641806,-1.05515618973324,-2.83662041285027,-0.231293806654635
1.00583996439079,1.27756324232742,0.727457529970287,1.98218020833442,0.511015585823053,-1.2802484630568,-1.6657247067073,-1.07197195574299,-0.221847996701576,-1.66819185067707
-0.00659823800635125,-1.2324660749439,-0.437971421298049,-0.325288096832209,0.527147079958747,0.407905834353325,0.64118863479353,-1.38501409895867,-0.603152549919387,-0.574560683234933
0.416912298187911,1.29865349817799,-0.341642715279344,-1.85089343967221,0.996488544625238,0.515262001793029,-0.19431440520408,-0.489724386220415,-0.388986240026184,0.247821578755845
-0.713664653918765,-3.14574126937879,-0.870631002136313,0.073605100633079,-0.802417002399684,-0.360769922483429,0.29085597304593,0.438595957633332,1.4695055354975,-0.37200816753511
0.119159034056521,1.09156815215944,-2.35056198943977,-2.02422774170912,-0.15406080478911,3.52961374745999,0.602497727907683,0.0570500961904853,-0.256224451849945,1.57730196447916
-1.61705049081455,-1.42318101258951,-0.107104229215251,-2.21273239722271,1.31463628488809,1.90988811143542,1.71895229790402,1.61891646185272,-1.79965666633976,-0.697403230327846
0.469069245323418,1.71707923332927,-1.26961666942055,-0.522949712439187,-1.01707041790445,1.18850521661677,-0.318796536290906,-0.312436189491436,-1.04762233044947,1.025243844009
-1.11489006579489,1.15574487509993,-1.47655639379402,0.867669960757914,0.100203194927424,-1.28669241737081,-0.808504615926508,0.313079715145792,1.16153812558884,3.17265219006595
0.570148359581683,-0.397287589099093,0.991165279773732,-2.04226338853187,-2.63971790618165,-2.45965728444254,1.37177049239135,0.209805115314293,0.463039243277264,-1.66056139129726
-0.183522770728969,1.19293785506909,0.428239611328814,-1.9159882685427,-0.818783525836117,0.507000410550374,-0.661641141789951,0.299907830941418,1.7364419435064,2.02689165642935
1.3416908437856,-0.718803061848158,-0.990782979551528,-0.880032461619584,0.524754076469475,3.78610022322378,0.947171793503198,0.957677133456066,0.997815413721851,0.88152506849654
-0.667197152577036,0.642534091937911,-0.266065645166631,-0.0202600225821686,-0.19730108213348,1.88233123091794,0.0475014773010772,-0.461085861662849,0.228351013668812,2.15662080486482
0.803733979540512,0.0396915699600959,0.52412981513634,-2.35477247297938,-0.871443215894493,1.0423604177535,0.930654731629719,-1.01043377498566,-1.28432578131494,0.113410514757626
0.46911763557787,-0.359016318154606,0.750111851857864,0.295392307396124,-1.06252844113901,-2.27513676691194,-1.40266590631077,-0.562997411067942,-0.363015744712051,-0.216320855214134
1.27248099984049,-1.19472059449405,1.79952724637001,-0.912188303150311,0.66367621901769,-1.56130039308669,-0.171403324813496,-1.29631342466249,-0.075920415022367,-3.01377221160345
0.155517647721674,-0.366742985778782,0.694431096006223,0.604059291671167,-0.232562374618919,-0.606733542386341,0.291375061484306,0.899809234901635,1.71272759325285,-2.39776306489456
0.465068667958525,1.66571054964701,1.82441852996293,-0.355560357332073,-1.99603409326057,-1.07409916019799,0.79810865755854,0.293834672058021,0.334942799050563,-0.0705831265814075
-0.650687884936806,0.801940457236697,-0.998292381135741,0.361055204130362,-0.592944194385813,2.44270070410875,-1.19950317688833,-1.77161088757054,-1.05969514175371,1.82783767795545
-1.95228943788498,0.326075406978366,-2.85661605332521,0.357214854574884,-1.37334311888537,1.63747482869909,0.992447430277851,-0.433990622019464,-0.121482476139316,3.38117427691255
0.889733332221939,-0.539166028198358,1.39168951387894,0.0887752509165466,0.275676404624953,0.326897446476028,0.523553705877759,-1.11934804262006,-1.64556782945717,-3.13088543830466
0.728691626523311,0.537666283354186,-0.417639786975769,-0.202748439657632,0.830572560651624,-1.25440269563287,-1.95877267497853,1.18421885099311,0.881335312898163,0.582036120236436
-0.881565861141715,-1.12835154411169,0.303621222118541,0.73323574059586,-1.25677739889338,-0.350477324605716,2.02210573846115,-1.52723410502441,-0.89129786292522,-0.443095944806108
1.89431244625125,-1.00670856345636,1.74956796579296,0.682916304610296,-0.53721241223918,-0.384793415688929,-0.0449556853032979,0.0274001068711907,1.83354016207545,-0.364158909352173
-0.338329517670926,-0.0223215727552259,0.131906984298453,-0.634669246092281,-0.235772011070778,1.91519653936158,-1.37061292414758,0.283195869947165,1.34232130021097,-0.70354273625286
1.05384406786944,-1.713359749317,0.624274614732708,0.991147897335268,0.704135393727529,-2.11341192815795,-2.08643252593424,-0.156773254239138,1.60733924838034,0.0427959731775626
-0.173115190809652,0.442035784149365,-0.262897674234228,-0.0946438641831669,0.685019545379438,0.611626972886622,1.04384426127128,-0.0677009296397099,-0.49551433744596,-0.243732146397923
0.254665341860977,1.25857195728481,-1.44909498600116,0.615567953403928,0.0619883658408354,0.533369968703438,-0.264016909215359,0.10900001045374,-0.684569428348351,1.10255995930198
-0.578572588447503,-0.570858484372296,-0.851158380635284,1.47794323287887,0.230746549825329,-2.81185639616355,-0.182721487251507,-0.684528414451803,-1.05867656703907,-0.810529852598815
-0.651833451343419,-0.246160974582271,-0.997757276648982,0.424916736860459,0.51623896050705,1.79456917202189,0.396256177423866,0.0749265281856742,1.95977098264171,-0.158769687267232
-0.958436828772241,-0.267060847287544,0.782820890932433,-0.873758929508293,-1.01413736507014,0.688999810071312,-1.69127259406299,0.679538297508265,-1.19711718725136,-1.04327791132664
-0.470225516898664,0.378372527303618,-0.923431617026767,-1.54625573939582,0.818359898277359,0.373750239067635,-0.126807843778074,0.979188448877924,2.39031915544624,1.53478726082031
0.388951315678172,0.00705818325571578,0.358089636599369,1.07521002492369,-0.459360715158551,-0.400068348109584,0.380327338943901,1.7302807957324,0.288415703237673,0.00928787872794602
-0.27456028896296,0.41265463632721,-0.265078140321551,0.96841476747842,1.34717129399512,-0.713433816496464,-1.01464858538949,1.30032829526324,1.20882521830682,-0.638211488090926
1.10414403709524,-1.23056333190513,1.74829574108791,0.139625481698162,-1.35619333757093,-1.09943771864551,-0.170801819456209,-0.591576786819362,-0.38160826922171,-3.937954166555
0.560625224919844,0.23342701515889,0.767447400934892,-1.04362377408966,-0.485931974475288,-0.515905977845362,-1.15108875439479,-0.483082921071495,0.823809771983868,1.00709249769039
-1.07794428118227,0.241261678161741,-1.08398614700791,-0.163011928005974,0.233072547447421,-0.363310460817938,-0.203969648201899,1.87055122329676,1.96870646761127,2.53795817459301
-0.348144457193651,-1.31455371432945,0.123514439904102,1.05568945581636,-0.224489628223462,-0.470963920509107,0.577053804262775,0.908288547548508,0.998468689913601,-0.829121274574855
-1.02158811077281,-0.417350303003215,0.0380114360976188,-0.688885241772088,2.12277384712255,0.412247165270565,-1.03997205032305,0.979892717232633,1.08743996140768,0.600356357598651
-0.7908673653842,-0.411380965306012,-0.6222179756408,-1.24537283735588,1.98152336596791,-0.381759629050337,0.582194833889076,-0.269904989995312,-0.122696842525708,1.34237735165325
-0.101072977050286,2.39547752228887,0.6157866091125,1.30679610927724,0.0461624702493811,-0.19982512323323,-1.47819001158041,0.494302816554476,-0.249295457281097,1.28968331755973
0.922534882926425,-1.93289193337278,-0.0255906629440456,1.36339760489324,0.76981915609283,-1.79024096603598,-1.23993086801005,-0.0536252502969588,0.23128202152642,-0.849174904255958
0.00960070277941173,1.49355491918326,0.232828706904097,-2.1643314157075,1.327784537333,1.86653909333647,2.50025884552131,0.362384823573365,-1.37624854619561,-0.614318284785346
-0.398978046547024,0.792582928704204,-1.28976395647377,-0.905632818668789,0.31973567742135,2.55027210756791,0.804192231351484,0.75144713561409,0.0263546003600261,1.14882060951473
1.2159903900799,-1.46785288896575,1.23902602820981,0.0453598864859201,1.201485584869,-1.17975401684546,0.497011060187313,-0.528681664252084,0.156709166838913,-2.44670264322041
0.347994760495778,0.464066664173292,1.2019745354455,0.423216942064749,-1.28929853454047,-0.124279819740417,-0.258750225297162,-1.13962256871932,-1.23851445798879,-0.0971237381843019
-1.09227454061014,-1.46338415489673,0.115306847215744,-0.544800362108553,0.526188565881192,0.836312944474549,1.20997528724769,-1.94224053746955,-1.81376453622648,-1.29684583494918
1.32431533859998,-1.75230118972288,1.48481281270568,-2.14440334975555,-0.279855445349296,0.942654039954263,-0.544427234664986,0.125347940419372,1.02356599998242,-3.22889793817377
-0.674411371592403,0.635031565928029,0.0738582668701798,-0.679468910815612,0.0788815838604996,0.473443310745042,-1.50333345808855,-0.692166960766687,-0.650171779483319,1.33671430775965
-1.70135343221025,0.357885472382716,-1.45428161768532,0.638671285049001,2.08911380079165,1.29644685925888,-0.879169501306661,0.139948606168419,-0.580262414782969,4.13967187704171
-0.121228626213292,-0.157612369055779,0.43604566420503,0.0812988409565998,1.53845120399756,0.168174519598159,2.75785563908654,0.848557138072838,0.304839929632501,-1.41867162188383
0.795187392406636,0.385809539228363,1.3936776356252,-0.0925617968350468,-0.827176192821907,-2.43239995353692,-0.267845661463929,0.549456663409505,2.11993149886267,-2.21134079231663
2.22498687342749,-2.15632071827373,-0.276550585856593,0.151239689796531,-1.11089100815417,1.46768052566365,-1.04350673348058,-0.0451076467589325,1.22733156731253,-2.33219310689758
1.39573292770729,0.39837423452573,2.21968327112983,-0.233894599382014,0.0361896303814434,-2.44438634839545,0.619758642802186,-0.0471352664632931,1.90461985277156,-2.94427941379164
0.315405940349479,0.945988509344452,0.313347376733188,-0.274679863073473,-0.343476608095759,0.776097458554511,0.299313023644065,-1.19873159604143,-1.6266541871362,-1.56165204582446
-1.4486149986664,-0.221416613223305,-0.369108959417344,1.88667674973503,2.20085499454231,-0.773357439765028,-0.0112503643074222,-1.65722172753044,-0.951805482234805,1.34488644169021
-1.47181551207148,0.456369853962273,-0.938224765309392,-2.24682626514163,-0.364949686261774,2.70484093472524,-1.13435262903299,-2.27579252988164,-1.12702151255464,0.640223530811322
1.67622248831717,1.6056438985684,1.43415464930414,0.797766343507574,0.0954544994638808,-4.61519762418236,0.352163976516056,0.660550136830371,0.269919006351638,-0.405181635105019
0.905094592953672,1.08403732383575,-0.148062028826155,0.166684096961426,0.779882542829006,-0.298563903894277,-0.0122745938131812,0.264799082738117,0.138428036893129,0.462059076026323
-0.468472122499229,-1.80176386122873,-0.0547584194494711,-2.44772164254335,0.261680637709241,2.41038077486359,-0.187253101891888,0.340298531634974,1.89000241274723,-2.75260235125449
-0.744081854926606,-0.833567133152641,0.210439407140335,0.492144717196644,-0.882910258381139,0.89059951386494,-0.722357586699473,1.1804021663921,0.908642185254714,-0.456660108984044
0.481904402573907,1.2565198451228,2.06038819224976,0.283889508222391,1.38297604493355,-1.69996093006539,0.587820238462089,1.28904288555844,0.360153234342812,-1.14427723103678
-1.43329702331724,0.806858141212856,0.394333483567015,-1.32913826234815,-0.788823729826197,2.53727595462759,-0.555554035866755,-0.280368445155119,-1.81355181200375,0.518324960633818
0.630978174594757,-0.551187737163654,1.0788000660785,-1.37243911508321,-1.21715024562212,-0.611496233823417,1.19222378854815,0.0924691408181028,-0.205202516812876,-0.642232220214701
-0.0950548209560714,-0.0378929281478563,-0.136169666151921,1.35963420132096,0.237658444725236,-0.433180227215065,-1.45858789906354,0.17610843603757,0.00988231179461554,0.601147005883546
0.482932040863116,-0.893135045469772,0.25643188028704,-0.603438219007551,-1.02857986670234,-0.275311648397289,0.833061857941182,-0.345150921970908,0.551613587762022,0.67938812981749
0.024788614347776,-0.493814907865523,-0.435084247435696,-0.263679004767178,0.366825609628962,1.19551900068891,1.05431711684298,0.760446591387269,-1.08179973142667,0.349687134293551
0.097455807096656,0.517011973562267,2.25282088207486,0.137352005823412,0.409941330972417,-4.3606384166471,-0.198615674008032,-1.68766448293911,-0.648933025065891,-0.249673795804024
-0.71893398423379,1.39627104578679,0.321457323912993,0.882398591554183,0.798993597932671,1.19606852769339,1.55927328163424,-0.630790096301953,-1.04473411065408,-0.276260672398086
0.439004840033966,1.08800337042428,-0.187644982966311,1.8589017164891,-0.576153257124196,-3.421623544809,0.837844859228689,-0.58531242463663,0.956314834720617,-0.653493146021699
0.478988784326443,-0.289736723735162,1.5927229467689,0.614424762727119,0.308627205415903,-3.39262491861234,1.64695964925672,1.17883943250107,0.493018705645538,-4.49005925863965
0.373166274999351,-0.945296710697662,-0.132151702189071,1.09882688191635,0.626378820085974,-0.82767091369997,-0.342701704243168,-0.438532480613027,0.27917305421415,-1.17703548767906
-1.32638251177624,-0.327535913018013,-2.36147890057102,-0.2154807390418,-0.713390747170227,2.49394502459686,-0.730372154790411,-1.91427617709333,-0.711063926978339,3.63169620188551
-1.10102483218207,0.792613930185781,0.138878045166659,0.345209858034743,-1.68408639783127,0.558906110451693,-0.00109736088580337,-1.4687340070748,-0.302043011758155,-0.288710863430025
0.392579331929233,0.237711563263975,0.541545358541256,-1.1182197151585,1.07789871866585,-0.540781745989396,-0.228756059690134,1.34439173122957,0.906664319983125,-0.71526000913983
1.66559109456667,0.481300005796478,-0.805571429169967,-0.458393258470908,-0.522868391515992,0.581565914563368,-0.473277816032176,-0.337726727175756,0.462896886340172,0.40746823264568
0.226984920538248,1.56115681273084,0.0141518504941912,1.41167826402937,0.331467104431829,-2.54916806760137,1.43420027536587,-0.959415600189735,-0.235700057785556,1.11502800694797
0.187413476604103,-0.0116321399675,0.00454910916358764,-1.36437547262364,-0.506547260516566,1.56805849679256,-1.83151741883272,1.04612095299221,0.963002485624184,-0.300873711252056
0.671455767148809,0.948746470356405,-0.0182526139690284,0.11799935828858,1.45905387575193,-0.341708217469677,0.816033017031814,-1.73529364244662,-0.10265707918106,-1.81423951567168
0.168517168920055,-0.468840312019152,1.88186378850886,-0.330643375244597,0.48776494689763,-0.113468863431512,-0.455672978562064,-0.790708816831011,-0.904062493025653,-0.8215856859589
-0.556919422481525,0.91272102064806,-1.52053298004809,0.488143275641232,-0.526521170988202,-0.26075608306724,-0.0955265667108244,0.923146634473962,-0.330460767227598,0.700076525688293
0.828894592835975,-0.840992132432531,0.854563095746074,1.61592111598329,0.727988605131666,-2.14103548325522,0.682364980986134,-1.08767472860296,-0.730547192756741,-0.434598280207696
-0.0366801684681175,-1.14635055735092,-0.154769589497635,0.39586825214435,0.026407629809072,0.640260030404762,-0.496056645989607,0.15756638918728,0.874275107652964,-2.30318055098403
0.177745312059834,0.669613521358948,-0.171314881434761,-0.939411300081248,0.35737067183304,0.884786621285433,-1.16957773026015,-1.8779032036811,-1.55974047171182,-0.787301017293024
0.621475470552227,-0.1408583636788,0.497554542624811,0.81044463658556,-0.348694082415559,0.797558683788311,-0.151320798061892,-0.782742656731968,-0.290497442859049,-0.291643160381821
-0.979346103598739,0.565649815933724,0.526777648497833,1.7758599249447,-0.265928379591325,-0.991629010387048,0.104719371928795,-0.496009824688792,-0.886160657257559,0.877748401334782
-0.565756018911349,1.37293514730551,0.111968325495544,0.336950026935321,-0.1128734955101,0.76257391849403,-1.72014284270415,-0.362487397956666,-1.18878902707487,1.50216847300282
1.13114639733576,-0.759173634459263,0.8980824557628,-2.39448223155944,-0.802727594003663,1.53273314638983,0.236767244302328,-0.907025302743488,-2.5141722327281,-1.37079112971977
0.722444929884858,2.91899357074587,0.762442020310023,-1.10984542795707,0.903007150089365,-0.630815093731308,-0.606752199707963,0.147984959187589,-0.0186312760283792,1.50136263963321
0.458998516365289,-0.661016025326355,-0.88951343561761,-0.969577269263061,0.795038285248724,3.52758671166303,-0.23754811758078,0.224808148248909,-1.04014352108149,0.712174627738888
0.865157250717674,-0.0779234230990903,0.0970860488199143,-0.818453510944409,-1.15284817728936,-0.952809154832173,0.0580482484428839,-0.766204271993895,-1.97192343184512,-0.380229203167202
1.00555591464881,-0.40807693971601,0.0503343231869031,1.94112424987876,0.254755085629215,-0.589826225248642,1.83529244147097,-0.97205225496418,-0.163045995999554,-0.100430597935733
0.62423639369668,-0.126017453951051,-0.795468851067177,-0.205256255516013,0.505997626068174,2.25062641412962,0.294493613572721,-0.771666488618764,-0.81976056042713,-1.17079785436216
-0.226664324882392,0.154694734917478,0.0262205757130184,1.42543264437977,0.225367114205699,-1.37284881852586,-0.234906348595487,1.34066194384301,0.780377243063283,0.0686666761733521
1.26242816416636,-0.920709121370514,1.4676266668378,0.698322239541331,1.7887011813201,-3.04260585727996,0.174582963503807,-1.30182786538855,-1.42565836388942,-2.30001034582267
0.381034115571756,-1.38450593801357,0.842945862651843,-0.254740542837273,-1.02743562148924,-1.01222613802589,0.0615626370240048,1.67320638970375,0.670354668737082,-2.29205291664577
0.577349674047543,0.555320055559272,-0.687598525850616,-0.624433597603863,-0.685347399509081,1.64051163190363,-0.382818483680007,0.159683541244756,-0.692239915604492,0.380942306063856
0.00621985156222441,-0.0906842049653502,-1.16049137851661,0.786460488250949,0.529730272110619,0.910184872935673,-1.30787076396896,0.137535579215924,-0.763085704598013,1.14835417166279
0.407620582224008,0.808296175898842,-0.427817507967988,-0.139399380129778,0.840704547082256,-0.209635620445384,-1.1329786087605,0.701939453643492,0.120316565716199,-0.148824574410354
1.47146655654204,-0.253309932046292,-0.612869948105782,-2.48318648586976,0.102981616509262,3.4934300583075,2.03156235351663,-1.03350609288012,0.640162064711139,-0.909168344009123
-0.406395026296176,0.0789553466671367,0.54022440727216,-1.28821861020898,-0.185829849950633,0.31920763717808,0.398685809679596,0.522561204345351,0.854598530959159,0.730169842994794
-0.732294537413715,-0.00950294297007612,1.25368710895225,0.395795352999239,0.778499541513258,0.590817034517872,-0.977594367156685,0.300943940215755,-1.4752849993492,-0.311564398549417
2.50542182703922,0.197426037172085,2.94162547373813,0.208525084225548,0.391236870551244,-2.41825497161188,0.759171696553888,-0.487504858709576,-0.222464905699912,-5.12248029546045
0.821811629873198,-2.19033907690598,-0.00764497508086504,-1.40919998805785,-0.580493693292002,-0.0135514368569302,-1.14801276565813,0.567614536282546,1.13648199656292,-1.3563850375768
-0.325621978461592,-1.61222416683226,1.36873216599617,-0.793097120482658,-0.585402455513258,-1.32734515233938,1.11202258726758,0.559107661470507,0.876839538980857,0.527310644669531
-0.266583690262443,1.25861699504929,-1.879885450877,0.0490495917646838,-0.178352701357975,1.58694627627907,-0.929665321761662,-0.344740164244502,-0.784188883275394,2.16873669751345
-0.338025274184366,0.28642744243155,-0.144598661653861,-1.50761868315104,0.536103453698107,0.412589474904441,1.06308162839944,-0.419279004192806,-0.410000583668369,2.49965005393986
0.363259372315867,1.42934212194611,-0.0821789592995985,0.861713638939798,-1.57819746845825,-2.70103512921589,-1.4554587355039,-0.286878702136972,-1.84784228964327,0.61652707006981
-0.0167821860828969,-0.692373252082318,0.952977525835751,0.00320278812759284,-0.971835387478943,1.21843474441707,0.347119320957031,-2.19464174010143,-2.71740348483228,-1.48038441770582
-2.17617035643282,-0.476308570262591,0.112171527527411,-0.384149222603164,-1.03427947261696,0.874070473165903,0.271418940240621,-0.875868785198783,-0.534236062673019,0.969766018779643
0.025818677760871,-2.71381724030898,0.768825010197788,1.98775614750057,0.438337370854275,-1.24981463434749,0.488807241039033,-0.934604058125949,-1.13120766284835,-2.99315694402107
0.517616585090772,0.111138270865947,0.846403149106104,0.580981228953593,-0.359146717221414,-0.0997354670032363,-0.734311959882805,0.0230800429025539,-0.247906141701847,-1.27978528634471
1.76712880805692,2.34764910803819,1.25614288074781,-0.732167903324162,0.664581947046005,-0.585093655249048,0.268317393183912,0.447785741438989,0.689252532800285,-1.57739598817442
-1.60822947452504,-2.00697888379699,-1.33032519677938,0.549066978407636,0.55210093878189,-0.137808893369705,-1.09745599941415,1.24647359820684,0.591313268600644,1.04606520267594
-0.542779363440478,-0.206989184318242,-0.018374251348554,-0.542180694897442,-0.428827065950447,0.27586871539787,-1.89474614432434,1.6748958776107,0.400209564838169,0.452483074083634
0.165967127346697,1.51633724199897,-1.01086093576632,-1.00492324711702,-1.16078413001191,1.0370259871839,-3.12648210302058,-0.972899855526746,-1.18141525405768,-0.895111526238583
0.603106636481168,-0.124166336459901,0.600069975403785,-0.994899837795902,0.322515011272912,0.937486194790775,-0.363062394214537,-0.613225931974621,-2.10588251101062,-1.37436845133372
0.0771177606505612,1.62022481779042,0.0473185208386679,0.392086511579309,2.13106069664777,-0.969609950380454,0.697563939568302,-0.182048937460465,2.30285278741769,0.988982670596156
-0.0937099018590613,-0.341563466816289,-0.758140334602846,-1.54927620335712,0.992710309761112,4.41836856846641,0.991015949849019,-2.19616048049831,-2.27499763165524,-1.80391905526892
0.805260831884753,0.581468570315406,0.0858980038862468,-0.823234096128156,-0.812417465544941,-0.740520536388381,0.734368327684153,1.56590933110366,1.9959402928138,-1.25587259252153
0.768374725981658,-0.719506740781994,-1.26278573310282,0.466168507913519,-0.208173914100239,-0.170458975970739,-1.23820062070614,0.0272462792079923,-0.26778043151467,-0.435055688649168
-0.90327471226678,-1.71055327611735,-1.01579598029088,-1.59846722664437,-1.28225629887729,3.22168886036379,-1.5703281243066,0.529389286922914,-0.377425186620469,-1.88013134553262
-0.471489949349596,-0.302075588034097,-0.534985667098081,0.520568478612124,0.6362827510006,2.22743190104477,-1.6200195024946,0.755029908788108,-0.316551777760595,2.34902105433976
0.16014577711253,-2.07754197595836,0.562508123481009,-0.165585615807612,-0.931597456697267,-0.462985576468365,-1.5977424025955,-1.04547575306935,0.261678785473612,-1.28153767989003
-1.55386108865434,0.777884111621522,-1.5731385204579,1.61313275895101,-0.509543510049542,1.92086054806288,-0.571513793692002,-0.12802224069615,-0.734221344163487,4.6125463209857
-1.00603724378976,0.500293806267746,0.285662339870939,0.212022787339553,2.20419552901722,-0.205415738211384,-0.53516781132323,1.22806030861402,1.22514947956419,1.36350198615025
-0.0825826063212817,0.154524415436979,1.42686749177202,0.0558931568373646,-2.08385928083968,0.995175779417441,-0.28814407349767,-0.065597906025012,-1.55887235670294,-1.95276853711485
-0.630771575052969,0.072128468251925,-2.03337690131867,-1.38783955270412,0.240532935448372,1.72262295536879,1.042712555035,-0.487550944604767,1.51184730413933,2.63806421310451
0.438410508217638,-0.221434065875466,-0.302903948460802,-0.051746339513297,-0.503109431855451,2.80640211360398,-0.260607199634982,-0.837954744395556,-0.959239732020427,-1.26352532657307
-1.06710945264287,0.787048746879167,-0.219187995257602,0.527173068575747,0.874655764491506,-0.266184145293146,0.684272147174798,0.520401014474005,1.30011062001231,2.09249451311918
0.383728605991212,0.684802427648539,1.49909297400643,-1.25767568825445,0.798214015560008,-0.145848630051072,-2.34229669478717,1.23700591432257,0.387441523894226,-1.01319944212351
0.715831238744828,1.02698388676252,1.10068967692741,-0.75703800169788,0.934501140054159,0.469403702125,1.28477569285499,0.242702464526575,-1.45226984122738,-1.24034679598359
-1.6139424558318,-0.800059459624217,-0.089931265291965,-0.344418553689849,0.359951918405412,0.231381788453586,-0.502715777714342,0.716126015163219,0.217774439364922,0.735029199116855
0.00648148915994219,-0.665531153546563,-0.864950791601943,1.02715046976729,0.401373321521416,-0.178112454252189,-0.793802218438729,0.231646688789037,1.61012930755353,-1.76185514005288
1.40024099872381,0.375795759542577,1.16089151740717,0.836640481100453,-0.28663064165899,-0.943899967626182,-1.39076213870704,0.381888495944701,0.0524320400479553,-1.5170873488073
1.47697546716926,1.10386131782222,2.40144277049621,-1.11242998884253,-0.587820560642892,-1.00113603245248,0.0731713599417516,-0.508806767141309,-0.61365481728463,-1.22138869475538
2.39387727302713,0.23592364473579,2.64569845339214,-0.0906320263533031,0.758384765925765,-1.40696709526223,0.93584386257291,-1.73820043780468,-0.486639439855308,-5.88163848038742
-0.336868782478834,0.832969650890442,-0.22065111548291,-0.337973266265135,-2.31677055756878,0.559333927084042,-0.944036823678076,0.93616831255045,0.657016411287249,1.62625379943784
-0.256344159619544,-1.49206837536217,0.783670943125581,-0.237456256635022,0.149494256332426,-1.34282805444,-0.383503544070868,0.219728935806345,1.51306326643412,-2.08903540716323
0.801617041217759,0.873576308443743,-0.581238926013292,-0.48753976436396,-0.881670529167825,-0.561560862699261,-0.787901278633825,1.87230636261,1.33627593927046,-0.346203448154731
-0.479987713495935,0.989490045022504,0.100706542144912,-1.22038045294778,0.637551070297789,1.23883359322015,-0.573963131374587,-1.14858788675887,-0.956702311641105,3.06641356560007
0.959407184735458,0.236066894495266,-0.147437613705982,-0.618371479310353,-0.609220860120981,0.521296200140101,-0.91565706008574,-0.210970084844694,-0.405019965576536,0.192397405174325
-0.208526254983674,1.55437141806747,-0.593303235530837,-0.996725697806412,0.759229226841199,2.2168003457313,-0.389799346835866,-1.09000512170704,-0.933510917146313,4.84750225236383
-0.554204025274682,1.87279641219867,-1.07314119777938,0.594024273430088,-0.295754912471181,0.443493782123027,-0.288640011032244,-1.41323260691357,-0.880940532264958,3.36334255132626
-1.6317692339989,0.353301180227827,-2.42176958034386,0.570246696528875,-1.55565849972056,-1.28728944241284,0.23746335773766,2.21361655584259,0.590536100502463,2.11252848981281
-0.472567158419857,1.02297917794741,1.62445574921837,-1.61759368985559,-0.0631149992450415,0.489025649229833,-1.41837036073412,-0.321377609093065,1.25719933710732,-1.26233228842078
-1.20875035204792,0.0125093741636154,0.310744431037554,0.375263269135158,0.424023487191259,-1.63679008854067,-0.735325503016308,-1.2962614046864,-1.38074474802717,1.9384046545127
0.89816685025283,0.174622591492061,-0.520934687153612,-0.195509706116983,0.929446446528016,0.726472318268028,1.20766302128199,0.473943664776189,-0.393388413443462,-0.107056501311344
0.287257131134473,1.08614535670123,0.844661483185071,0.960720432489581,-0.285961945666508,0.585534376508059,0.80793456311268,-1.72113147417649,-0.985931336781719,0.858989962939588
0.191446181882433,0.573855620288503,0.173927471658605,0.552437213264994,0.29508534427403,-0.958695441981863,-0.344533808947392,0.148170817503715,-0.445342572442125,0.889978757380827
-0.498540297698462,-0.765436371916308,-0.939113621251536,0.60556678988257,0.0343820947599126,-2.19372212314626,-0.88433862807851,-0.519659663928734,-1.45162689267866,1.00607276753919
0.29524949635563,0.131432667529507,-0.589869291732312,0.876047385296927,1.21166233460775,-0.123849357495967,0.92948525930182,0.428083460132845,0.576757095838731,-0.0776254219320696
0.470049557898515,-0.918348482221715,-2.36705749383652,-1.38713433549351,-0.467061066578514,3.70216354269281,0.915485382593394,-1.76483574642171,-0.885884799271836,2.64556709974386
1.94733919422029,1.0993781158286,0.626915476981311,-0.549164719641434,-0.33400636844779,-0.802449545901215,-1.96436282107671,-0.0494512553619579,-0.0371475065742448,-1.13369720303939
-1.44661621927256,-0.857442277428678,-2.09697849430963,0.157391576829273,1.84251627824529,1.34370316656108,-0.97510223169197,-0.604907448032325,-1.29835183163063,-0.055494159965584
1.06706356150797,0.19762371334247,-0.97531222441599,0.599520361608648,0.215159477510539,-0.142221896046282,0.100840037529299,1.10788751620625,3.69547210626423,-0.844301831139377
0.749244151656672,-0.496194479563482,-0.893409554364725,0.442708623396866,-0.652486746755136,0.199015144688203,-1.03716640672814,-2.0704000749852,-1.16848216683011,1.57838779266304
1.14853299365247,0.923376218793675,0.930884620787142,-0.407497710858967,0.81850150308,0.182921959657941,-1.08842670213113,-2.41027040036893,-1.18247218243553,-2.64507330382218
-0.161413785428134,-0.0222030007577151,-0.377729237058321,1.02325742920173,-0.62532021448736,-0.78307553367658,0.338977046156782,-0.632431539816262,0.524373942677744,-0.497275703430324
-0.258478960427797,0.219240571254766,2.22347093416539,0.450071318241558,-0.344037301760785,-1.83480415101486,0.502839367792185,0.0571365020622728,0.634931606382823,-3.31669084291577
0.301653125629821,0.77708381325497,0.526235749173868,1.44608066233294,-0.0510746127618688,-1.27711791765626,-0.784976430908658,-1.61221236959462,-1.14651813568594,0.739864882329828
0.709588693352475,-0.0484587104572365,2.82916097773612,0.373957912299454,0.314999711347272,-3.05336504920497,-0.170159073026536,-0.740283099920538,-0.905302622024042,-1.0048038834973
-1.34377355469356,0.610808105238863,-0.826303291808828,1.59409320809916,-0.583665414964349,-3.21398065522176,-0.618939328894026,1.26230974102371,1.08818339651867,0.181239652501658
-2.10997858401472,0.0226741804364019,-1.61809585527944,-0.335909579514487,0.371156645950075,-0.480832353881238,0.420613414734587,-0.505073706760628,-1.74198362769781,1.43774001048546
1.10859942932493,1.59104851842344,0.268243361086026,-2.24934932709057,-0.407893388218029,2.28807697069759,-0.0107336687890774,-0.842565084857475,-1.51239243691944,1.81291477127343
-0.0817425222085657,1.11408899503579,0.354407846749672,-0.280356750024712,-0.0256500257520639,-0.931313915056232,1.09370070307858,0.128554370997829,-0.699562767988386,0.178367599394772
0.426368195458531,-0.215284742816179,-0.589451882687546,1.38745310969053,1.4306926980586,-1.39170922333958,-1.09471418171187,0.0526344178818264,-1.08887562560349,1.42802785839999
-1.53830169644614,0.93494684596632,-1.59085276472129,1.22717156369121,1.28363357851107,1.38594615708011,-0.235949255346535,0.0913652539897524,-0.541944564106406,2.64524196898219
-0.665308622402519,-1.45053573821811,-1.0717458281524,-1.20014399545297,0.0647140464271643,1.59003716840832,1.91579760779301,0.0776078041966003,0.502356090448537,1.86742947059179
-1.76234058779135,1.69683118239798,-1.12231268789457,0.734103410110433,-0.254534415775845,0.259513025966739,-0.526832275016308,1.53065557251192,0.458355161401666,4.00637478523771
-0.399856385972243,0.568158920485865,-0.567828596745274,-0.413660179253774,-0.704957808382547,0.824718359400217,0.123631372650693,-0.752972601289207,-0.744592670639105,1.04398373097401
0.129964165581703,2.41386085506757,-0.66372626260336,-0.143618523551706,0.977316160501363,0.135389730124222,0.0154425048157286,0.0378302737874782,-0.462400568202071,1.62609842003999
0.922403902501682,-0.0118452331163848,-0.772811204368838,-0.243981062222962,-0.831914115178339,0.936243530830985,-0.300585693350431,-0.0285070973743611,0.556387954061055,-0.0577109698498876
-0.117766524289196,-0.301160828513129,0.406320999078211,-1.4615430153924,0.545220064290474,2.04480092300957,0.262491781649799,-0.308582989044374,1.07397730241253,0.279490242415085
-0.635523353726337,0.312899443361953,-0.404778472587958,-1.12848062290707,0.155484451855958,0.925686214730843,0.299245840691431,-2.19798026572211,-1.56272633132449,0.194795730636586
-0.992998427816156,-1.25228115707871,-0.531027003498828,0.424289720255859,0.228265489190231,-0.806439796389246,-0.548991205085294,0.58153666622212,0.955707586028659,0.54501375830481
-0.676438927677492,-1.8499207961873,0.256844267380324,0.82557990280555,0.8930171305377,2.189971017975,0.723312594756973,2.12970812423241,1.4367597242887,-0.595213765153073
1.12530969783501,-0.0615359178807205,0.361111916494966,-1.56109056946281,-0.358489166505438,2.38888420495653,0.965538188388754,-1.05778822331131,-1.38339932594191,-2.4356181275496
0.338241095577247,-0.948502767377801,-0.189431966494179,2.20038608975778,0.39309778140679,-1.78232635531084,1.04180660158414,-0.414508146492422,-0.405340685557601,-0.713595259859625
-1.03739506824131,0.27734772047903,-1.35267097474112,1.44313884022594,0.289936627931116,0.278875986133759,1.31185774848384,1.90805360574262,0.74494768769602,1.87786576302075
0.125174376958172,0.444474933671044,1.70161460515854,-1.4212477836455,0.396998215349312,-1.6210189279014,-0.660631661859298,0.351752722879352,-1.6870348394221,-0.252043055237482
-0.710275979747803,0.434298604019243,-0.440745746122381,0.397316489492959,0.879473565929513,0.401334158736006,-1.48305254743775,-0.638527535308504,-0.448918329490998,-1.46957828748564
0.290904300936231,-1.23727551544779,0.058488443826854,-0.641037413538254,-0.452815311562018,-1.29451998987711,0.95625765888562,-0.726684025426631,0.360468211493372,-2.83599892201504
-1.14713501397848,1.00503560811131,-2.00386515859869,0.466054217962746,-0.0204334045712143,-0.0636826672914486,0.13290263658259,-0.178309583291201,-0.72699574084455,0.651172264035986
-0.893089755058727,-2.13932562750184,-0.472848245408258,0.386369615569309,-0.11953680231129,-0.0428276808386605,-0.615234936590706,0.417258690835917,-0.21470217170985,0.364018685584613
-0.493257508216252,-0.39262901334074,-0.0734459124762407,-0.0751301393961612,-0.851408584969166,0.255125969894358,0.0956474332252343,0.434976899575081,0.683953147055744,1.45342881293582
0.0631018442746533,-1.21082690177203,1.21703924079716,0.921141886503015,0.0873873521502367,-0.872494663625277,2.25066940004581,0.528340059004173,1.83213176575545,-2.49258053227185
-1.06276000513468,-0.357738029572041,-0.677878953896995,-0.0288193037084658,0.980057006800915,1.02260275583786,-0.176170226392058,-0.65747778374381,-1.47058416789824,0.430401641564563
-0.791538699394273,2.24771927049356,-2.19473188786687,0.728077948335806,-0.97899173007974,1.37809765720094,0.346152648727727,-2.5224490564195,1.15003385093017,3.6801718982778
1.07511705928375,-0.913146624542671,0.361908904250796,1.11887836305555,0.499195336484479,-1.06397137804778,-0.842745797550366,0.995005751918558,0.923682304604983,-1.04702173034136
-0.0292227080961116,-0.140195641239045,-0.317850506952619,0.691068352005135,-0.854216534889014,1.18493560570199,0.820680392681557,-0.326215946942114,0.772376278646125,1.68378238639728
-1.06586000282411,0.646117933982473,-1.44529421096069,-0.426125811827434,-0.107644373641186,2.8159911070823,0.317153430346332,-0.90770548535122,0.748514368808003,3.57466749847592
0.752094322627374,1.00890862909095,0.713691521933086,0.113203697013095,-1.01707566650603,-1.73068149485511,-2.51341154488704,1.05965106566051,0.902730725684957,0.493240064443098
1.59087879347986,-0.752456600176499,1.14640698549096,-0.898857540457557,1.10251095841135,-0.586365529366526,-0.523743409781473,0.131595103031372,1.29692216411022,-2.01687614808873
0.788219405065141,1.44512630772278,0.389855938305806,-0.594847026187389,-1.24235371172374,0.387582924565946,0.996474606519277,-0.349800503886009,-1.09283810171273,0.569240481581539
-0.389170537935084,-0.520640300977363,-1.62191758517956,1.49097683058705,0.807471908724003,-0.316037354205483,-0.339061039395022,0.655753208459527,2.30204160739935,0.397728943239498
-1.12237342321002,0.595950754509514,-0.325818397301534,0.410490354065077,0.127566750274864,2.27567216512832,-1.62827074380947,0.940567192636538,-0.535013202744531,1.58179865364546
2.22617743636291,1.78377388928517,1.5530927335026,0.734968443621053,0.514230275142995,-2.37701055652089,-0.686016196822233,0.329145611106861,0.326766643649458,-0.659713799845746
-0.393055988309046,-0.406884616343244,-1.93678583897184,1.29272640921158,-0.0469720687297667,0.170096347322857,-0.275774964590716,-0.00763479317767825,-0.257655184699124,0.347053031956572
-0.605655443206249,-0.962144084123618,-1.29923035057652,1.11290807542167,1.38670908704204,-0.829447625616884,-3.1844206945719,-1.89787467507064,0.211295238945529,1.26859121968738
-0.606669039194723,1.44122331149467,-0.506596267500951,0.997503954495017,-0.710054429187925,1.38607057174883,-0.260236198226271,-0.347191769842596,0.459855841210122,2.28491188335165
-0.776724295612624,-1.7069154725859,0.0859908963062136,0.320606943850889,1.50863272417217,-1.13986638988793,1.64631018517113,0.782242034941854,-0.363381119465865,-1.2433525966941
-0.411091423543935,-0.344247868228923,-0.0881876857006324,-1.34827195662199,-1.39475483450774,0.659606964273442,-1.49774347026257,1.21424887032413,0.196753667927419,0.136442404321748
1.09542648476353,-0.8904637991092,0.563653481025143,1.04976550575763,-1.04623968310796,-1.53564412813096,0.654789135591965,-1.43889544774086,-0.916393192321691,-1.1313111499944
0.439162180052313,-0.931175266537928,0.000582009026793423,0.231791608132602,-0.682790855398505,0.664457876541043,1.05260988518143,1.52076470251509,1.79491360282281,-1.16836203115168
-1.24594804003769,0.60926850903623,-0.0728297477085355,0.51329677823772,-0.568479444067236,-1.03839073578879,0.00284694157825837,-0.568573441910896,-0.00904562296267958,1.39945781500907
-0.293590346344291,-0.649719383010586,-0.703001065806153,0.154185801845108,-0.280157720266488,0.0694800226177095,-0.00788099630109589,0.0848996565799439,0.898958516243623,-0.169047317948709
1.57194305848915,-0.858099444524976,0.0340656505130942,0.180700055317827,-0.628662946323425,1.16198595795476,1.5218649655808,0.580034127701277,0.0618973932560692,-1.43442731146154
1.58029092329837,3.60864248504907,0.0956900071157769,0.499321691671037,1.00904127299755,0.742124610287697,0.0362182111485111,-1.09450711710947,-1.10251014019619,0.527196796203735
-0.261070090730313,-1.1347972952972,-0.148846430785924,1.72756692366938,-1.1488556186289,-0.655450530570162,2.22758505159312,-0.875528462856421,0.255877471260175,0.512375086857397
-0.328572232112608,1.12316288103305,0.704520140526534,-0.461028094068854,1.24571803870254,-0.341401393681306,0.559638114776629,-2.03348063081506,-2.95017925802344,0.695442789313426
0.633761818152108,0.491075860184545,0.865740025925907,-1.43265776918073,0.403806676647968,-1.63904588725502,0.0150114126093647,0.378225777151341,0.793941599656427,-2.29430877165967
0.0750138725634733,1.2765313633636,1.32004283781325,-0.692963408909929,0.0486549101308448,-3.10569152824334,-0.945227934736849,0.299044610417711,0.568718457455596,-0.134157391780812
0.827872721261098,-0.956584436807172,-0.260281229826074,0.0921329226243243,-0.143926770713192,-0.34421876846904,0.3305132778318,-0.200944381436493,0.197197720082684,-0.127905188601917
0.72190992263106,-0.93618198454999,0.601501232340905,0.486922742782143,1.21891782024976,-0.353881404478201,-2.43037710885104,0.565906541940715,-0.354967361777723,-1.70491378838263
-1.76484971301507,0.586551014771104,-1.66591866669283,-0.328555511482264,-0.0340965163288178,0.727618077056807,0.201798760460712,0.0987018185129606,1.01000723318189,1.35794228470587
-0.398539508165316,0.838451083876545,1.25616548198408,0.151938921082828,-1.01708385058667,1.26616139633221,-0.415245688773105,-0.930619046168701,-1.28673469418728,-1.86098919768915
-1.55774633097991,-0.882355987674474,-0.541223747527883,-0.123462054025235,0.913125032704705,-0.41114785422927,-0.0724922392725374,0.143866332532675,-0.725287810546372,-0.789558216594668
1.63134557197512,0.681596599176601,2.08551613001488,-1.06314502053723,0.836941226580914,-1.21487453272,0.618051047553826,-1.23947683888214,-1.49928431905841,-3.59512556424724
-0.352761571132558,-0.574156975920245,-1.92647677313995,1.49491711205248,-0.442657254192287,1.13703730459316,0.253735511292823,-1.35755696076574,-0.291076995020604,1.5360369618257
2.12251303830459,0.570826012626823,1.88554920909364,-1.30532703025535,1.62184878851373,-1.55239311669742,-0.44627458209046,-1.06317817375903,-1.42994750971479,-1.42591111050839
0.814303264493891,-0.775686315225184,1.15341287489627,-0.150125502478997,0.12833736173928,-1.25746929032013,-0.580721953022721,-1.14458024074216,0.690835671255481,-1.67879522230584
1.03615973963913,0.225666839227732,1.34691177863036,0.350724411041635,0.074979996465234,-0.158770185681067,-0.854068561029974,-0.991105907049624,-1.02022442422776,-0.915364101051116
-0.906983514501591,0.182024164249011,-0.530214552923813,1.98770046528212,0.672239279248123,-1.82943174605244,-0.184151184974898,-1.17497186184083,0.737131147496476,0.204119002284268
-0.47272997334764,0.685003250780863,-0.0234991486890224,-1.36640581781644,0.248439189512994,3.41385939505644,-0.244586189319448,0.0645646597537273,0.055078161830683,2.26120743065511
0.774208216709207,-1.46823852256824,1.43500562362825,0.0782657430327176,-1.58229353753931,-1.40572543407998,-0.575035556673461,-0.0911550217272203,-0.633791548107686,-2.34801918316684
-0.715650493573982,0.607780696575945,-0.330555572784075,-0.354535089108232,1.81014638887157,-2.22032789220172,1.74213051517845,-0.829974350395188,0.585318777746653,0.00969484612859897
0.693506738346481,-1.2022733985998,1.06623856347684,-0.761664068942532,-0.999280808316852,-1.1075561928661,-1.01860215979004,0.31017012560277,0.15804192606966,-3.51240513471855
-1.29260433464708,1.28636932793636,-0.796830198770323,1.80862281985316,0.106796604636546,-0.338315379140861,-1.27537945537812,-2.2781305133998,-2.26230646971884,2.57983374489591
-0.396618183642012,-2.00978587707808,-1.02449385788858,1.60771285513686,0.14372329095628,-0.578812558826207,-3.80594739031837,-0.15727061534674,2.67679105875973,0.373299841071933
1.36521043784559,0.753464607709904,0.527308337165975,2.36459468160404,-0.481313818703248,-2.74807265992466,2.82263487953131,0.292577556326683,1.46265668171427,-0.21193932370862
-0.776246720733114,0.027539394547076,-1.31976666287267,-1.2786710079336,-0.291798358667588,1.75810416815823,0.175382567528791,0.757349935775546,0.380086267470234,3.02447241049776
-0.376915054534443,-1.48265251669681,-1.83909190847652,-1.65326254773295,-2.10556214188451,3.72099740203788,-1.48763282833676,1.444066138955,0.951703755129867,0.414650008627309
0.821090388317386,-0.545749409534541,0.659253826000926,-0.139893057367985,0.239219835054909,-0.270159842597818,0.794078166373236,0.330260254775394,0.619828185666744,1.18792047160679
-1.24988899237303,-0.178078222480979,-1.20843971669779,-0.663971649472678,0.250630474100398,3.47878789370567,0.196665691813564,-0.934465657796233,-1.10493007118294,2.35427967010971
-0.350967163850195,0.0454524145122451,0.0502396498398745,-0.368363349114234,1.05336676490715,1.4741754627127,0.182249279679129,-0.997388064001895,-0.404486617260386,-1.83755394397741
0.292248339019095,0.393585997279312,0.898222167990439,1.19099927689931,-0.686712865084756,-3.03269340472123,-1.17659091443602,0.352816758169181,-0.493466353501133,-2.18968458890017
-1.54798629807894,-1.43248933191185,-0.95906417825351,0.390784255874,0.3791096198453,-0.113089869783866,0.0237320076410774,-0.362773497755334,1.07424579751706,2.66938135567994
0.582916212719023,1.0539838336363,-0.344177436801003,-1.36634783964358,-0.0664147661923356,0.51548272901353,-0.51209835824782,0.379038295350426,-0.300375278989094,0.384520437820544
0.0308843017181197,-1.00812691773189,0.720715142229523,0.167634127112881,1.99156228572783,-2.36609531451299,-1.44082651668995,-0.327344156367401,0.219710751750078,-0.59274023188983
0.974220420682802,0.451133443366211,1.00517123949139,-0.0407637001428428,0.103675787603898,-0.8803904242432,0.193014835367607,-0.00632334290739067,-1.5062625619562,-0.953625055352976
-0.637628213291966,1.05389750348531,-1.1420586267629,-1.28439974145909,-0.534521539924478,2.37453733077794,1.39702204689181,-0.0265865275233298,0.526604020884359,3.073897314902
-1.3893402697525,1.57080936263954,-0.809929113737037,-0.326502007675344,-0.434965398349478,-0.559701385713327,-2.12579139258007,1.53506203881909,0.13179781501866,2.78700909035032
0.786474422930436,-1.23527636814839,1.25955607827163,0.216736168385501,0.417451096020194,-1.25570215043513,0.231287800850639,-1.1276602211037,0.0121176797936839,-0.499226999339888
-1.00615676677397,0.599978344079727,-0.298327608784275,0.600301609907554,-0.393983265137587,-2.02629997783099,-0.34441914068774,-0.460218874566289,-1.8281738578243,0.997472814304233
-0.226598560879486,0.172934050322782,0.0170126114378099,-2.69723969508346,1.52578553484749,3.73756577235404,1.22340631756777,1.27517950538019,0.235781164033311,0.791598464513973
-0.587565468451845,-1.13959196282669,1.56475568106577,-0.450661755838233,1.68894395272237,-1.29387160623473,-0.678508562568508,-0.097739651144358,0.835463204013839,-1.11950837600829
0.88467733362636,-0.14243819254943,0.944502783517431,0.534157026949599,-1.74487096466693,-2.65352068410736,0.214083572232663,-0.361892609157776,-0.0643775575953161,-2.61068302688169
0.247560649254612,0.753998538452077,0.320001710403044,0.585793658286933,0.300365348623985,-0.364866217987252,1.98698811318001,1.73503990826232,0.275631653529332,1.00075225989866
0.402791338502992,-2.55003027799468,-0.521360298925776,0.326372301564213,0.435478714190207,0.48902656827323,-1.58952713783467,-1.23109434527487,0.569724363998334,-1.83452105333661
0.447678381622891,-1.61980923241819,0.539446752225721,0.821294877250171,-0.317511851596895,-1.07960329017061,0.910589776192371,-1.32387188953027,0.0587854855177733,-1.07533554587798
0.663460087416023,-1.37637689691838,0.730586505140167,-0.422416369879079,1.31780801768674,-1.18075010721203,-1.19673245113178,1.3360229967752,0.301498005576861,-2.42262317027233
0.599789175974436,-0.851450677398881,2.27164957740718,0.671581460723604,-0.93871486018452,-2.54855127364758,0.855548945847579,0.184144451296503,-0.464677781379012,-1.30437150675548
1.09106904303528,1.60926650114691,1.41433799439532,-0.00188483049665697,-0.613356662575335,-0.0458090430236657,-0.0309290429910393,-0.190745708074919,-1.23169771494149,-1.37522843196824
-2.96779781700454,0.386497538267627,-0.614496672009643,1.4327019169775,1.3169382121486,-1.28122287677306,3.06677474476349,0.076469857307236,-1.14691212108128,4.57048154703483
-0.0771498036826498,0.808973093965529,-0.469935806266168,-0.0483286957052797,0.160347100790274,0.775493985971277,-0.0779293142103454,-0.154030663967737,-1.07563766706641,1.58339431942499
0.234540315462399,-0.243373402213303,-0.289172410338009,-0.542156860852214,0.308804012591308,2.98928548548773,1.92339824994807,0.00372375583328555,-1.68467626853095,0.161212843620003
0.0635361841022429,0.484235406669672,1.0360429642307,0.369967837236053,-1.17963278993101,-1.85945155681396,0.0118951957081086,1.25159141987199,0.308030865644705,1.25528575261941
-1.17880127165388,0.950898939641445,0.436059009899381,-0.740071762857906,-0.573120960718968,-0.50751885341608,1.43811256962108,-0.518073470657732,-0.815595716776789,0.566198517579322
-0.379760536066334,1.12604784200138,0.387618138451489,-1.8361358012721,-0.406887804209399,1.64655896904463,0.318719495338248,-0.0174064153095428,-0.547328936274949,1.05464892382665
0.832985492540028,1.96889755708761,0.489748896672554,-0.117721197304981,0.116509826795178,-1.76709667238656,-1.05936294448507,0.58575314643284,-1.40803969466173,1.25925386764044
0.483930040668735,0.429171009803048,-0.404247654176367,1.49163369692007,0.705307156760017,-1.32363211304489,-2.10149029694854,-0.0976901840518051,-0.50104102416099,0.407272226285334
1.01602152683063,0.295928111537355,0.823616902596332,1.24729830443673,-0.813858267977827,-0.235560418230304,-0.976999107078009,-0.531019134529421,0.381048183596611,-0.406690786556112
-0.544404439258663,-0.159958426281538,-0.681878285674763,-0.637773588113203,-1.95741415045188,1.63701356503621,-1.19037133035207,2.13275266945044,-0.625846733407842,0.970399134064429
-0.092181899964396,-0.0643389178338248,0.301189311560667,-1.81828814873526,0.936042172261299,1.48706029889185,0.346049140321809,1.1881300646165,-0.764976058723819,1.43084266905775
-0.321455779025575,-1.24937885904588,0.669579018951177,-0.512989621664657,-0.891092476427876,0.304090844260011,-0.622688215219058,0.203185473371911,0.477409174302829,-0.204837202830641
0.756785098031279,-1.77966833107379,0.262790918006723,-0.7857514893188,-1.08176396271755,2.15674059447586,0.361024501071006,0.379085908300468,-1.50285541924324,-2.43784789170548
0.529775243438973,0.348325063686083,-0.203493539162902,-0.884872058556776,-1.33213798785211,0.484658618929503,0.297960412617597,-0.508349903459617,-0.281359324088642,0.339054626329131
1.45416074071982,-0.689593993231088,1.70531431613313,-0.762456371411738,0.714759613366841,-0.404511332096822,1.80416783523529,0.747715544011612,-0.262327345050835,-1.63037549675527
-0.48235979511266,-1.31329756617971,0.69107360251279,-1.11230017270455,0.290162886203375,-0.0203598968625403,0.956666114775793,0.673399919891845,-0.736889946097452,-2.00403693845456
-1.57405100036927,-0.92460930786665,0.031879112574659,0.18274741962642,1.38269543976434,-1.00878986910722,-0.376954589102857,0.461799966296862,0.740133034655649,0.306854183051928
0.295869560789161,-0.137617634994357,-0.242427158760095,-2.6580894351123,0.197339407659695,2.8100138555177,-1.13282311483365,0.5213034106802,-0.600912910519889,-2.86457722037917
1.11596567313288,-0.432101339748851,0.225893666114084,1.63805074910867,0.55875929065644,-0.440558329865475,-0.551170300692208,1.07838324007526,0.805666719729382,-1.0746793593752
0.232281918874183,-0.842966821011411,-1.33902497646675,0.32305467777678,1.06669395374819,0.58710125285785,1.07004257772987,-0.507918012147389,-0.156953986777408,0.966669486864978
0.664856920351002,1.62582723982214,0.264202434539917,1.13004537440983,-0.0577933877766448,-1.31793986370001,-0.300402832813027,-0.0800804439081653,1.54965213498915,1.79782773797185
-0.750069790593964,0.391715086221953,-0.962802203133896,-1.63662526247572,-0.859833152113579,3.45931266201442,-2.9785734225724,0.670154833085494,1.29260417212302,3.02113500211366
0.349869141399558,0.900592104364336,-0.44116653067501,-2.63128885620473,-0.789884107176812,2.22044421851848,0.334335709375532,-1.20076692389033,-0.127261220906409,1.37497879813339
-0.303821610609133,0.367344797574468,-0.482827941270976,1.85157936319782,1.73723615487862,-2.50983713801106,1.04760720131435,1.98135731124454,2.32529389252832,1.06573388568294
1.63820861052306,1.33123608936925,1.09139983135204,-0.366290994172297,0.189202693938243,-1.05231974742439,1.32270668682718,-1.39405818945809,-1.04989336947449,0.816844656166373
0.24713756701056,-0.956281038036947,-1.17779228860317,-1.46339105555391,-0.570379047588809,2.41089257933838,0.328925873132896,0.824605385873496,-0.184732239019024,-0.744443375314604
0.535222853478706,-1.057839803241,0.41419910233776,-0.527076419881155,0.593948545051564,-0.507954966131595,-0.952879550082132,2.27195779962982,2.26018426646153,-1.42963095948775
0.320218963633408,0.478160005038714,-2.72789622117208,0.614211053952676,-1.47273364245046,2.12143930037729,-0.558145706895917,-0.656341107549799,-2.78212760858519,0.272231773726231
-0.645708027825965,-0.31582724328881,0.341707799024973,0.365581493802564,0.732647964060782,-1.00554594679235,-0.640395222396959,0.0541555793594553,-1.4652599671542,-0.764745108195355
0.961933144685085,0.518082619726035,-0.81309801582281,-0.496699630468716,0.606892648973744,0.661023608440603,1.7090753267838,-0.0538976958733111,-0.880677076520167,0.376884636304544
-0.85223954640389,0.544943789384745,0.658993562066491,-1.65271089518852,0.720025366811741,1.70708247676417,-0.274203078273361,-1.43553414796435,-2.01570812395817,2.30528146756873
0.382721402815037,1.23832945553442,0.69882166292618,-0.201458411004258,0.249804136365859,-0.414108799653112,1.51996975672577,-0.127666176514183,-0.0558726686243776,-0.00792538581039593
-0.0866898196835838,0.266057731286759,0.353850467277763,-0.95661126968869,1.64406126559796,-0.813169053053999,1.06761812979122,-1.38724493708838,-0.039216023514103,-0.450039921102863
-1.11145161340729,-0.341425402175993,0.546576208029772,-2.04087925528269,0.733286082285813,3.60504238370881,-1.00612831837834,-0.357627476153097,-2.66736640070168,0.944988380197246
0.804329243438926,-1.06752013429291,-0.516464335640506,0.322037754918321,0.530967367749358,0.504034311143478,-0.182259878272597,-1.99834588316721,-0.255231649304097,-2.23934511014189
0.965168571840423,0.413265780094374,0.327817349875505,2.67463337775437,0.441027613975932,-1.24466265055479,-0.673733145273042,0.760855888437129,1.76104444547653,-0.711550842148447
-1.50627245835017,1.6911017787494,-1.76881890486517,0.191084889492434,-0.292983169822858,1.85842192154738,0.186346467985161,1.54026592235521,1.711658298533,1.20280635163723
0.251155479367994,0.962277331574992,-0.665298782048786,-0.326626210275416,-0.306336634645016,0.883689016302998,0.894714730809945,-1.48430134087273,-0.532951406959534,1.5141083523879
0.201802355394276,1.99993878130565,-1.12657181296356,2.27869463174861,-1.3103375958196,-0.115277983470909,0.434008501944345,2.30307589466743,-0.676103052280292,1.84233425124607
0.184920497788079,2.30791674672338,0.76485415292693,-2.89047729546827,-0.379406704784481,1.35776898035732,0.945369560896774,-0.853947809847971,-2.16870086761216,0.356684018661938
0.820766883669121,-0.0981061472760576,-0.250102606026719,-0.0338695889148998,-1.06404924103933,2.20443468907342,0.159706642637429,0.836729052657852,0.354948851126095,-1.90449753835113
-0.163524521741423,-0.756335413513388,-1.24332347919377,0.585370597748682,-0.834879875144116,0.829905160603072,0.751597161977327,-0.10227476814187,0.664986205595639,0.940848454414576
0.205381108449079,0.62945239445032,-0.119414073686697,-0.306441043380267,-1.43515570639921,2.43658407571924,-2.01904620005528,-1.94412247596771,-1.18451037397091,0.340199385948047
-0.506920200889948,-1.19148306328317,-0.0546312921459223,-0.533787327066107,-0.07381530336609,-0.212343540161058,-1.09652861081966,-1.01251749344279,-0.751983654860995,-2.3300524387877
0.183471368657372,-1.31715224031968,-0.0452920607441507,-1.02106841118585,-0.6895483193521,1.87113850208935,-0.604026060212689,0.155374465869865,-0.579973919694479,-0.483750989047082
-0.474667847979485,-0.587910164880305,0.794766395805539,-0.0873815090087389,-0.406854924772176,-0.0902273971271912,-1.2501547075374,1.42238228518577,1.79191797441029,-1.44446467725866
0.406241494284795,1.99923534634073,-0.879193330490659,-0.862537941438562,0.544302740257914,3.99946788740131,2.70602930711094,-0.169756759713747,1.87440885388827,1.10763816057335
0.253972861500071,-0.0267340248151008,-0.232556048420112,0.239470444141666,1.36259231306672,0.632471177754262,-0.0489104688293134,-0.12839587438359,-0.386767478018605,-2.43598179321575
-0.352196171939444,0.456428060106235,-0.216974011588736,-0.900177478711844,-1.10812808919487,2.32181451508529,-0.647012023223471,-1.70302543183434,-1.26840970306334,-0.136869711365775
-0.778920021205287,0.17006541425447,-0.675857428841074,-0.752880058287729,0.113409102278613,0.0554065243548792,0.311038578902892,0.659704718408747,0.292466998894124,0.0148134149821521
2.49739239371557,0.0617765842487987,1.72555761269695,0.467312640035763,0.402327712014783,-0.240855353929519,0.398525864467798,-1.35185920900075,-1.45965821803099,-2.6990039990953
1.67360989671133,-0.415850953560942,0.6129231532157,-1.26782500139968,-0.571426949779914,0.602323687741695,1.05031376171223,-3.18738087745345,-4.57980953091434,-0.856302564702467
0.405011317646633,0.0551602981201171,1.44743703157232,0.838375149253044,1.38615924580571,-0.728444457567711,1.61720276482181,0.486703237714615,0.524449323348699,0.220648955877242
0.312778045015895,-0.714248770295536,1.00835478987674,-0.613946532275257,0.546584409750057,0.858760220771402,2.27891381852663,0.129738537245075,1.51809626100693,-1.07309498617326
1.29742953138021,0.940889523727716,1.39920464483491,-0.142433032250348,0.265979586717736,-1.91681311412438,2.23631838347748,0.85656241600689,-0.570488339951994,0.805479012390807
0.368062283194941,-1.7553976178624,0.763335757008968,0.345535604936369,-1.32894773468236,-0.8535466835529,-1.27050721424997,-0.925102948269701,-1.01630513688234,-3.30573725216285
-0.357892221834431,0.781322124684705,-0.521391849726847,-0.820676018342936,1.07975251288659,2.35229910336044,-0.258942491712999,0.126185002510764,-0.0839843774833647,1.73062194616936
-1.18320596383232,0.712677296800217,-1.25842741174883,0.153442588388955,-0.143694136818697,-0.306907867823174,-1.68745462231536,-0.786312588013172,-0.0456883778052741,2.60249587693271
0.60260462458028,0.744910029855462,1.66956406783719,-0.10667259763451,-0.655927386537456,-1.8457754346832,1.19797702085842,-0.805371577419958,0.0912463708147037,-1.96061911784497
1.47873278605014,-0.838950322274503,0.712859730363399,0.209662002715645,0.142587340601991,0.00400974582806678,0.472279614399383,0.304924514524737,-3.3259859451996,-0.951041058668245
-1.69196541689963,-1.11999423072864,-1.04708520408574,0.0124608664130338,-1.0941584926459,1.81948655394061,1.13479363978412,1.06906935886395,-0.12825596374472,3.19897050740772
0.0302944946767386,-1.12455495756155,0.588797358874212,-0.0467732049053856,0.580310247708127,-0.326217961504247,1.06085182769138,0.213648119820137,0.775886600868352,-1.34708061425414
-0.992560716415147,-1.348218767406,-2.10799157557464,-0.283925575747448,0.0165285762582051,1.72355798429224,-0.195829799378987,2.14835248574048,1.71827708544922,2.21288065804911
-0.124113654101869,-0.302113530355805,-0.54826886717181,0.227055415612035,-1.64468800281022,-0.0586713858548883,0.0070164385480074,1.62882780950991,1.74804701641923,1.665487625383
0.191573311874745,-1.08949829265153,1.05962061796738,0.107103563817154,0.0762938387715288,-0.587719266979706,1.36668375277337,0.174231255361604,1.09992229699956,-2.06770104341222
-0.313814578968268,1.06093350527972,-0.174047402093255,0.588250979078008,-0.700162417454467,-1.18822567132254,-1.14380167050584,-0.63923978116957,0.518759090413331,0.0920430065859018
-0.798108244626103,1.64307409919728,-0.497545345011392,-0.270092355995792,0.0971540924735043,-1.14187911921194,1.2065395822004,0.373224548200446,0.316756789827648,2.12384544222568
-0.81544164454345,0.579286806916172,-0.384449233187771,0.469284206587113,-1.10949025487163,1.37301987395272,-0.236539543014166,-0.461968941361123,1.75340912354708,-1.02593683456498
0.568202207142591,-1.61206856979311,0.182495426310583,-0.253079865921499,-0.743808335605277,1.95993280327244,-0.732618273098314,0.196205914589482,1.27203805019658,-1.6982508142855
-0.407719776640835,0.12443572528235,0.484307798076592,-0.159026906909765,2.47773261846928,-0.218598368351372,0.519946581355854,-1.78517601866912,-1.32098644274599,1.64630415290093
1.85886554299025,1.10071027399345,0.214593587043734,0.836111568105441,1.73701129460117,0.609188908919168,-0.922868750801246,0.0379354519133931,0.347438382598034,0.646030017036337
0.715896246555119,0.416710726718469,2.28353489967187,-0.860454282858167,1.06734501816648,-0.515103052913286,0.512363493782213,-0.845099324163698,-1.74611127001739,0.0113819859333918
0.514308775471362,-0.982279217214383,1.90775323760803,-1.0393470273352,-0.39781811520292,0.746691566554317,-0.540689437858339,-0.0668704452579751,1.30199132068438,-3.13945201191613
0.1761357547354,-0.751815508185208,0.508243773956201,-0.503841954839718,0.338765580887894,0.544119998906613,-1.3312048240948,-0.174635496836818,-1.07864404701419,-0.192858687767008
1.07649252388452,0.343376609002539,-0.740219588847896,-0.92033738538839,-1.29450651873447,-0.392483881192892,-1.79148095070061,1.53601058920323,0.564170872609848,0.363772987123266
0.396569229517641,-0.805177518183983,-0.110257477411521,-0.86914304481423,0.879395399464071,1.18275139359819,-1.85376428508126,0.00823447483276085,-0.530765682816567,-1.10380676003626
0.620963614749645,-0.757060931905323,-0.150867169453029,-1.18465644515179,-1.11751336124044,3.69684953439108,1.72079953134442,0.552231387483274,2.24934303319486,-1.10277284389278
-1.68327215784369,-1.64293309803947,-2.02784855223972,0.59283756475514,1.69260529980364,2.34237117885441,-1.03184996223944,-0.674201740074465,-1.43885669975375,1.32862548069891
0.876352323347765,0.744161171483968,-0.611170734966018,-1.13794257657722,-0.920953635367406,1.26614538531643,0.628253727917444,1.66440327170013,0.931489290850117,0.547483156481668
-0.960797866092276,-0.582852368556575,-2.21839252847463,0.265802568824039,0.547254153154381,0.823053672377446,-1.24968267628019,-0.971409609310779,0.133833633493788,2.99138920317201
-0.0851363949977735,0.0839121803215844,-0.159460907968783,0.0546540336894795,-0.335865573321264,-0.796015076871891,0.196124737760273,-1.90165262999337,-1.75683436971424,-0.45057865798225
0.406695381251968,0.303362098344053,-0.701352071777154,0.793266861169531,0.0299405635202088,1.08539680237278,-1.30130887642248,0.128552435162399,1.03318571627361,-1.36272779921982
0.0729560194241929,0.136489665736206,0.93896012247284,0.484130283406991,0.207025983414019,1.04329039391398,1.287969299191,-0.149815408139418,-0.556467875175169,-2.11084182904978
-0.576923164296176,1.59780886059193,-1.36388722346705,1.84674595351767,-0.482358177187563,-1.70601508977453,0.586485071425458,-1.44306840458187,-1.74785794702204,2.99684057698646
-1.39305011483584,-0.10732533428195,0.134152410098872,-0.831195131379254,0.00138747116187374,0.145276004674795,-0.156086718734872,-0.942978194163886,-0.457550002171369,-1.41623648090762
0.317874559551139,0.66328118145516,0.599075533062577,0.0818296056907717,0.991586776555368,0.748402897331883,-0.70702416853034,-1.20017297840038,0.122172379061819,0.0739671655687805
-0.485888558704497,-1.32825340396933,0.809691051961581,1.22630416824645,0.352589231257196,-1.41897436251129,0.78677988755369,-1.83888868378358,-1.4981918599525,-2.75513952589565
-0.786784541297201,-1.17857972618054,-1.05828751841009,0.791558954936323,-0.0255497139538707,-0.591643036656444,-0.433874060227542,1.33153256335692,0.355699164260215,0.8579490023658
-0.195386800953097,1.19000588956988,0.645693874103008,-2.72260253350568,1.02080158291836,4.62147457975956,0.703975298360065,0.495137708636677,-2.21714382741191,0.0809937080558772
1.55061174031411,1.07459172442376,1.65466226119024,1.87184731974899,0.0082780803906957,-1.47849067057243,-1.23891088397106,0.357332632524235,0.378047850751145,0.386091477115276
-0.338311737401857,-0.030273911024909,-1.43088150513246,2.34279342951203,1.28545463155657,-0.752559240920639,0.972127843150128,-0.427890242855875,1.79335471500341,2.11822419102195
0.923581556033746,1.08961053939261,-0.192315109954253,-1.34032994274791,1.22268312576383,0.317121914455509,-1.16040443908239,-3.22111346719517,-2.4069904406271,0.843382911239504
-0.34498904194738,-0.706443472828003,0.579252919678846,-1.05667320622169,0.247543548099695,0.631517793553382,-0.553391464741284,0.51066435344769,0.828091414540472,-2.90043878861341
0.98299243257648,0.76675640720945,0.161472508886807,-1.63796699834096,0.598714967675792,1.3360623909887,0.750661026086402,-1.59840592000752,0.866003371544358,-0.442447999630434
0.224307972983069,0.143769940608852,0.357578015614998,-1.36114844083617,0.294798038584265,2.02797924715384,0.0204729308619192,0.960367431497673,-0.407540841797897,0.625654340977561
-0.119159201233757,-1.25587958432691,-0.911805648843208,-0.893457158661216,-1.16622213630227,0.807602027514063,-0.902952865847479,2.06645884925991,2.66890148264657,-0.524073966228251
0.155028390508626,-0.0922156643746478,1.11622838781166,0.586630365548463,-0.480588672966065,-3.20732044215367,-0.453315981749263,-0.442695447975957,-1.41723145373963,-0.506445990042312
0.53599012579604,0.947654817662156,0.379165214834395,-0.32958113148467,-1.26024423049545,-0.215310720801133,-0.65055750177884,-0.426558324394659,-1.28434226311091,1.93068664032385
-0.63135193881743,1.12083844862375,-0.928490495893657,-1.1320165984059,-1.36273723333981,-0.316904882198121,-0.168914487532848,0.794783485369117,0.392415336716703,3.39232019621485
-0.771945125024295,-1.52729370738046,0.771564491892766,-1.13617572031011,-0.97157363817749,2.80205030408949,0.119740944614468,0.966893136707103,0.332444653903093,-1.73399915004397
0.889817269304427,0.611397413881186,1.54204153017302,-0.969211864845035,1.12047713198894,-1.0527540894857,-0.0292607017924617,1.00406408543502,0.338154560025066,-1.66548803284218
-0.0274462116754669,-0.4782358759705,-0.19212581963737,-1.01410031188553,-1.27787188070058,1.32549878928511,0.156177179995853,-0.693677333791854,-1.46900045598016,-0.0237426295869778
-0.960780159816767,-1.55272808927077,-0.211689679457151,-0.741038452364298,-0.244124408821349,0.53546808828636,0.581609749473878,-1.73184131040448,-0.809997062735062,-1.66498842202147
-1.2109623790558,2.32242161862326,-0.84292334779481,0.229097312024652,-0.142855716266538,-0.134913317852431,-0.346912558246437,-0.036580820690809,-1.57213497784268,3.00565517680301
0.309871707850515,2.13863468138317,-0.132331934424985,-1.03680564743699,-0.020225801201883,0.643155693001118,-0.0775118787772644,0.694904998529963,1.08643735112153,2.96187578722337
-1.14655852109107,0.936536136172931,-2.31771925115551,-1.16869975314015,-0.404408023153746,3.18599737003381,-1.5205909580398,-0.955281410263076,0.586406099404066,1.08032649177292
0.198335582346297,2.05637236468305,1.54552582471526,0.327448363735803,0.575531442062418,-3.37035166408927,-1.14223029250982,-0.720987019889679,0.215753639567589,0.962574865615517
-1.32629744018224,-1.49460920561697,-0.927023658794745,0.10487565217838,0.476128718372274,-0.532437486749852,-0.0369948196712581,-0.482798640504084,-1.32709813910844,1.02326331651394
-0.771067616073173,-0.51946572781674,-1.27352537851706,-0.382344496982116,-0.559545017424128,2.12606833605133,-0.719708751081413,-1.17927610432038,-0.489563569996459,1.91105623609895
0.538314160622449,2.26818341563581,1.29165823709788,0.18717772417329,-0.914244362864064,-0.498674816412232,-0.444808844038984,0.326389050258319,0.135771281927227,0.0608241172640197
-0.779266439090856,0.447499967829948,1.46977439337708,-1.0498601962784,-0.140362774264251,0.214405812666304,-1.19596119752182,-0.996182205845336,-3.30276619031992,0.852605618860247
0.940303719876033,-1.80477287019196,0.522190515827518,-0.164655472216013,-0.260836997975744,-1.39769745526447,-0.0106686990562359,-0.626002309737442,-0.362061200617544,-1.2994865829916
-0.1526825038536,-0.506926359559507,-2.23118013084036,0.428983143902789,0.610231872453569,0.582729150451146,-1.1346073492049,-1.53935542675879,-1.03305962887153,3.33353787657817
-0.222677350461188,0.994004040577667,-0.537514183273686,-1.55085902562518,0.374956203093633,0.275800026896358,-0.876677628803421,1.18399404260389,0.808227391523462,-0.488731487603665
0.824092323464795,1.58701362029462,2.14676427377381,-0.945230293192772,-0.875825581218963,-0.923602313056283,0.518775538623381,0.60557702620084,0.3672443673656,0.295825065514336
0.0667114714448228,0.818156573569157,0.00132299168501358,1.08623151585124,0.0284124946546011,-1.3112240982269,-0.0374125406401788,-0.131058637030182,-0.023345805788521,0.411040839697203
0.44251068146111,-1.14405842098457,0.43632561914365,0.314526428503584,-0.131717770099358,-0.278664407847425,1.66902720172347,0.0446065938908476,1.7057477476935,-2.01731748306735
1.02815614905852,0.580558749688634,-1.27517300550713,1.08370603783351,-0.350382069862358,-0.0936114985661108,0.280392427782064,0.178813452559743,1.28711974449823,0.456703562348077
0.145565544698133,-0.992680555715802,1.26932641956726,-0.411140336209634,0.92586346612345,0.00897954037139279,-0.027211779749498,-1.10261197072716,-0.186088309452554,-1.40898880535033
-0.351409448991474,0.934506437761632,-0.761337154828486,-0.409980025458673,-0.403426004081348,1.67140465745519,-0.263129496446762,0.488568877820094,-0.484856995661588,2.20739697591992
1.16248776261623,0.981102109960175,-1.29203173523499,1.08502832353979,-0.627789553524791,0.035469475760299,2.76889291659407,0.224400743892864,-0.14568619733311,0.979738069044675
0.379365806760543,-1.33274219964528,1.70906889341414,0.757363944442744,-0.633509858325604,-1.08001959152324,-1.5891161187716,1.12251269599212,0.889649897937049,-0.951577897124493
1.21982355863621,0.0651873795668365,1.48942881515131,0.488949763966141,0.181598290861491,-0.610715414261495,-0.810936982159641,-1.62801803621657,-1.03787315361093,-2.15720000185444
0.489916782805026,2.03535542790045,1.50729070809531,-1.42813475100445,-0.798154370938249,-1.53808255748609,-1.01048637391497,-0.799062324995003,-0.757347996316617,-0.837573509527371
-1.42337655089832,1.05971296508007,-2.65357523574498,1.03183916221652,0.804774403746746,-0.180309417982291,-2.04982142814805,0.66503847814806,0.305776846437298,4.03406450222737
-0.271082379760556,0.272830413772585,0.621671151285657,0.893470442683806,1.28543419261116,-0.111512634577713,-2.09772008395517,-1.83124903889134,-1.40005056987059,-0.840325536938696
-0.138536065325591,-0.722852484510911,-1.47837499691764,-0.753493441750564,0.162012130082897,2.21745461267143,-0.00651488250308761,0.193938883934258,1.18217733331047,1.57173342886622
-0.702435464537828,-0.411184148846202,0.180408168718815,1.13825319299223,0.595024146780738,-0.485433743181141,1.10652188989839,0.954444768791947,1.92188373283803,0.235430702108536
0.386711479345327,-0.442351987057314,1.50157937935365,-0.742933357069328,1.90307392662403,-1.33449371977202,0.916217845918418,0.542727951789346,0.137257080276253,-2.60562632088022
-2.02134951502233,0.283967151485142,-0.949435146240054,1.25681035346727,-1.59478827643411,0.941158599470256,-1.02022017568081,2.20109612929906,1.13977158201262,0.488050591997463
-1.26820337209178,0.537628076754865,0.00224747111789721,1.31846111922572,-0.0762096413508433,-2.30744932857029,-1.77965707566786,-0.378733177713769,0.158991864610986,0.47904472882057
-0.794022408495396,-0.644401410708294,0.495116937730891,-0.798089779327261,-1.81106304313586,-0.940193370238234,-0.0926282546803831,-2.04374314643368,-1.13154554833432,-0.998887224378031
1.65864016749056,1.18095303210981,1.58911115864232,0.460033835897994,-0.262014501442339,-1.14966370009731,0.44425966008553,0.0281741235182845,1.62759116245562,0.1236836192748
-0.670069596628146,-0.564653460074092,-1.77838892277547,-0.732846926977383,0.353932493169166,2.32417490145241,2.19830964489055,-1.00503816868412,0.0975211898928396,1.32596503495935
0.916086861138862,-2.27195786037177,0.0756655894091872,0.262027929603996,1.25853900103637,-0.944973868014584,1.33754718261089,0.400076034314971,0.82655870810392,-3.69077472652105
1.1232071076514,-0.943467572264355,0.161241551516615,0.13303952152793,-0.326282879995951,-3.26949483768691,2.15112909990012,-0.0609947005938434,-0.91645581878611,-0.939593374192222
-1.44333975390465,0.906412348040597,-0.982582461994958,0.532549809659343,-0.21343721907567,0.15585937082739,-1.14837622941911,-0.93275519288516,-0.697205325963804,3.0437419029821
-0.728216501173918,0.0729870404632332,0.317437965251746,-1.43794945581616,2.20019005324299,1.44704588751015,-0.976147692161535,1.55076172700125,0.798761307127626,-0.117787866029618
-1.10620082603319,0.936163633061794,-3.00187619678124,0.867762489364761,1.48801027023844,1.31191239517073,1.89178253471457,-0.555735257729916,-0.0827329645947443,0.960490346911817
0.388203498288609,-1.55051436448663,-0.636646795283574,-1.70470430242999,0.831775212259028,1.79164001905845,-0.464019132113065,-0.196610861151471,-0.520736557728155,0.573342713686244
-0.226753337315225,1.09310604323722,0.175934810138722,-0.520877010005453,-1.06653622221928,2.5705709067639,0.241165865691157,-0.52685157646295,-1.93484799972492,1.27379067673404
1.83781809027052,-0.565856170319305,2.11103026664857,0.133512664357574,0.159398434456669,-2.41419663385805,1.6998424282758,-1.45364536655383,-0.488903158151088,-2.55432926448287
0.0519668620871873,0.693190389496964,-0.109555927852438,-0.534859287654198,-1.1333041350788,1.5137977418622,-1.32437591330019,0.912309329037958,-0.892243910938371,1.11304163721844
-0.47659291140719,-1.53656181550243,0.21769002397193,-0.229830075092118,-0.546148098546947,-1.82476905293746,0.883209366668556,0.628436694016985,0.897644884893127,-2.62787231301276
0.390610299459078,-0.924704461953087,0.825212608173962,-1.80331581070154,-0.50756124365239,1.25901099373702,1.12114595493797,0.283649961801594,1.86021331200367,-0.144045867793358
-0.562356759035998,0.0646758151086725,0.363733187549532,-0.755877014433702,0.123251813202602,-1.06734077263431,1.24166133961377,-0.00751890874098837,-0.671571988781541,-0.447889474580713
-1.18793428033687,0.355127374944861,-0.382424180446994,0.634225916836827,-0.430097266875411,-0.44527237464761,-0.830410620452896,-0.536199116161201,0.614591977392742,1.19447712176152
-1.78229178063895,1.36304465960529,-1.377421179755,-0.493535137473531,-1.49586899997496,1.03877609212802,-1.72850768748267,-0.129612666610709,-0.322997663311766,3.99754635423932
-0.670818132869832,-0.883915967301588,-0.0930960610734239,-0.309378412849486,0.877782693743235,-0.396769066790613,0.467664976595963,0.201734200279198,-0.42521152537175,-1.02843501900966
0.823756154712381,0.23920387864872,0.823782660742834,2.0579404932406,0.386931251980415,-0.542011182409651,0.662369996685299,-0.650164297474937,0.986652336459682,-1.8897285816737
0.325244725442489,0.625457134664201,0.354836518235159,-2.62916939911074,2.32032337025703,-0.956412701165117,-1.56336363791804,-1.23429130831683,-1.46127253887574,-0.536937863136951
1.78790561238785,0.485315792709207,-0.0949182000954096,1.28787159741159,-0.796641454015803,-4.31697226307536,0.104882690888693,0.102993454755268,0.758388138973656,-1.23916906038341
-0.065941779259565,1.86353676249684,-0.130967326380131,0.1061470081435,-0.544931795500176,0.993785595681418,0.597185333342951,0.424398541687801,-0.0707303761022056,1.13944720850333
-0.227185350732752,1.19981064301424,1.01461534067197,0.59319352764468,0.500457629224978,-1.07964190181341,-0.325408238230268,-0.250575582890423,1.45901635705995,-0.676164107902411
0.463925418636128,-0.824190954112186,0.368725566031836,1.20900877531369,-0.469603729140373,-0.984351428775085,-0.347808235364349,0.471977906248211,-0.201223383615197,-1.14386070213586
1.41915234954113,-1.18791878903454,1.82954420696546,-0.16808812154931,-2.13460228735661,-1.43996600601921,-0.213962640646458,0.486721505053456,0.347382299954997,-2.32602954177008
0.61233932339155,-0.381355391166227,-0.105210705859481,0.0470182065477879,3.15202300568787,1.17095053017377,-3.12133983177173,0.132061214020136,-0.0848879834277436,-0.118417757054229
-0.038145526876744,0.937159296025759,0.033372609696608,-0.29008970262326,1.78692983356012,-0.586050962328644,0.412466371384488,0.234123875955004,-0.374730454769903,2.4600723537651
-0.743489480490556,0.237509871169818,-0.144999024569488,0.0148389276783593,0.122811893735017,-0.774760692917419,-0.0663604543663588,1.6065834023806,-0.103855961814321,2.01180076596018
-2.47368356403213,-0.181168430615348,-3.03959906746384,0.197651197271951,0.115247310793434,2.75640925643785,-0.19440886463692,-1.91041778393319,-1.1830868553125,3.11671027312371
-1.46098513566338,-0.817608410732046,-1.74987924005898,-1.3448720419354,1.28891280610753,2.81126859873177,-0.606780535734768,-0.992776627984695,-0.185673243639079,0.717097961345311
0.425058506315326,0.989821513849773,3.18315650834557,-0.840738710246328,1.14008138423115,-0.724785906925013,-0.621985674580419,0.570762028419235,-0.915698111001609,-3.38011750427309
-1.92122353916782,1.24740479290088,-1.8036316062987,1.29999731445118,1.73322829754624,0.608471879640521,0.410389975324724,-0.161670673565924,1.15463709127653,3.42584577737312
0.115012670461362,-0.51235715389739,-0.714644615064215,-0.700465439770459,2.69307761392808,1.15523182159205,0.775619180618039,0.0327316948188834,0.500121211569773,-0.446518788361689
0.24367935998237,0.472805724104451,0.264754573645941,0.386166874917482,0.727148556143704,-0.494389582858752,-0.188918794116258,-0.249135119280853,-0.841267303349308,0.469187907485428
-0.0233979402200683,-0.546339970564425,-0.065018178314654,-1.13856563328135,0.102823185395348,0.618155756977217,-1.63177226190964,1.07634171265423,0.834064749659817,-1.13824344370368
-0.927971010516766,0.552699342951395,-1.30800715519353,-0.159489400603897,1.24784365790599,0.126051695727187,1.62512620250423,-2.0698393698669,-1.1109834714365,0.893253000283396
0.665726019790139,-0.636414709590125,0.59009290376155,1.16008809488155,0.136869218034117,-1.5610956386458,-0.0885306082402003,0.423271514927638,-1.30487273548196,0.364944927952609
0.823786018540785,-0.395439236705179,0.103720449802711,-0.202115785499188,-0.141613777239407,-0.245988556357925,0.773950960832878,-0.0617993803627833,0.906360782243805,0.0552458127156165
-0.614837390248204,-1.02650659623974,0.328844199950029,-1.56748255028323,0.728494840989396,0.35454566901778,-1.64750620345598,-0.576398176149334,1.40421126841171,0.296522653149542
-1.64821767358318,-2.18501042422349,-0.111362503454589,0.816031557244282,0.334644993232541,-1.67925962722007,0.687205649952449,0.486580552970607,-0.431972541207529,0.152464949087031
-1.48090377444252,-0.833244297604028,-0.306176712255087,-1.06727533106652,-0.602047087301633,2.36487296908249,-0.202220302549305,0.689919521936412,0.0611846665722237,-0.115639243240316
-0.889585376337711,0.277371707134166,-1.21463040061736,0.682070520297362,-0.815088781719632,1.62695765459105,1.50713170049333,0.690898195351684,1.06590795092952,1.83733648980181
0.217563942921436,0.306899317798863,0.988490430211702,0.709362163929145,0.558243427531612,-1.94264222506773,-1.04094133064009,1.66371447481941,-0.071381565013469,0.190818001327728
0.415546937405512,1.18959184209203,-0.566695763390482,0.270708137494253,0.571154113125291,0.532809961743145,-0.0696444278434068,-1.20017907662696,-1.22914944179317,0.54131562870218
-0.440929003692219,-1.76630783155367,-1.00640939818758,0.334759532806615,-0.493989488354005,0.323194739589094,-1.06008417965078,0.461637508660821,2.17035899723506,-0.983076045984747
-0.607171178405522,-0.608143954067819,-0.764089413713337,0.625902921494061,1.6734584650042,-0.0888048828852109,0.195244753191867,0.564591208071598,1.00597413235225,-0.155802917062281
-0.0923603444785962,0.732029003079205,1.87964124025739,-1.41149109342527,-0.336433330677357,-0.0704125804029743,-1.89745246481751,-0.199896121452199,0.765039916594998,-0.300254293770287
0.744363432432395,-0.319295699706854,0.41508509245946,-0.585358089996945,2.10340988961446,-0.140354767115353,-0.32215971195826,-0.848848624503267,-1.7919683098528,-0.901529511293039
0.017624652376835,0.169172970220831,-0.0449334734037763,-0.102210088266344,-0.585660631781154,0.23085983410542,-0.569740919202059,0.359842651533112,-1.39358234770037,0.0431503990897435
-0.0483012529391164,-0.123197739830657,0.174497436400506,-1.21378037720419,-0.607380943319962,-1.44185681379454,-1.35430289615895,0.50149107909017,0.207086256336745,2.09971490389072
0.407933394184802,-0.515058867381184,-0.591843835945973,1.25577715045773,0.547793210162115,-0.478145355768989,-0.48819556486958,-0.67806420748537,0.210124226468436,-0.434136379312643
0.703796874056014,-0.04431117267001,0.162195963083499,-0.112397532426256,-0.376244201543893,-1.09184638768879,-1.29579879776928,0.249841026378407,1.21252005480443,-1.08093154671768
-0.796529344530371,0.0892701509749966,-0.89375846294968,0.328004761058858,0.621937489637449,2.26306277918105,0.151814458642226,-0.894702347832387,-1.12435619987712,-1.22369663399195
-0.119634757897905,-0.586231179093745,1.647405758456,-0.0541269329103112,0.651852907684704,-0.0331270633130749,0.632277287684686,0.737348155839873,0.114843901186352,-0.142580975284655
-0.175734549032018,-1.7970701765043,0.16934886251928,0.570226833548304,-1.00204203103896,0.280866147179881,-0.0231470987085598,0.508735877190573,-0.319117147183701,-0.489409005464823
-0.770004235580013,-0.57780696488874,-0.938424378588397,1.22280983545415,-1.08192973681294,-0.587084168206863,-1.64474152077407,0.388493752321832,-1.47664769377492,1.68496177451291
-0.337310321815731,0.451003676219592,-0.093286186881121,-0.414680364540795,1.06511995883255,0.296076016949209,-0.587912586224965,0.659774081595763,-1.54223763307549,0.197295892859582
0.247689674430402,1.86142510417392,-1.46312995554314,1.56625860857087,0.558616291609123,0.772201558076319,1.35720379160004,-0.135448687581758,0.200208815689398,1.99670163148303
-1.15373903934617,0.0647833887152932,0.540368125129152,1.83206949811183,1.49154732407672,-0.360714277045051,0.457047289773715,1.52037980504755,-0.18782947970774,0.475988283723034
-0.00999743562209329,0.0766476605737391,-0.202015358188989,1.28891744819581,0.422249681143849,-1.09393131201561,0.50711148323276,-0.397925394969857,-0.990837062793843,0.848303334670358
0.29455216789159,0.0613884943840614,-1.59759083882333,-0.828085085063947,-0.603522443964705,1.52747306504586,1.23483295469105,0.531487778012701,0.30780984560505,0.244671444296354
0.270044729484174,-2.1038820723203,0.754063291637129,0.865521837281407,0.439390742342881,-1.91774606917062,0.733681890536938,-2.66825135119658,-2.29946516346525,-2.58868536342998
-2.00006614028237,1.41469005188884,-1.82862844786716,-0.487635975536358,-0.205716772810683,2.60610836236389,-0.976453122724962,0.0924128433483187,-1.53517790567497,1.75240446456474
0.864768338501253,-0.0700367675007197,0.730188014294401,-0.853411853674822,0.327592032678333,0.195398164699883,2.75074430803374,0.53205624258461,0.314286930849142,-2.34607965819936
-0.18959285753097,0.969266639293871,-0.299068136110088,0.499880639201107,-0.541998884143355,2.07045189006236,-0.806431466188652,0.952914944453315,0.887921645904792,2.50911988876649
-0.705415042013449,0.82528854765595,0.961108706275662,-0.259171572425472,1.06514900337678,-1.78167706414398,-0.605949439994496,-0.301243986441664,0.125663441816358,0.713999361974252
-2.00082277914225,0.471776483595681,-1.87526133187945,-0.175925288482958,0.548704856774571,1.45683896205647,-0.35487285543545,-1.41143570973876,-0.172315998539289,2.46830907639542
0.512659526791738,0.485236797688598,-0.73297904312313,0.205679073092661,-0.568285305429517,1.65629228700579,-0.790790787911634,0.670191626750795,2.37789186818506,-0.82788255986462
0.716114838485378,-0.244271600752175,0.0417728719783545,-0.257546796480511,1.39462507595525,0.489383735685403,0.132999323090538,-0.134813067401802,0.786141158920456,-0.952455800667369
-0.599103595887377,-1.01135188672014,-0.745229970251988,-0.593515172962503,1.52653819621882,0.756666854922606,0.090633111378046,0.310436607959167,0.681239097827728,0.101701346166003
1.02044938110326,1.37995556479944,0.158811370163815,-0.510925345704178,-1.54592219212467,1.61773822317484,-0.559979488077634,-0.149302784723361,0.205753805834604,-0.469486181610887
-0.914344604754949,0.592826402772512,0.321623041956336,0.178373270229203,-0.181943446267544,0.398724785440417,1.16014260637213,1.37466777215823,-0.0967345565346616,1.67317374079177
-0.0169986621954679,-0.852441571876613,0.640962712852135,0.999167118130956,3.11251383882089,-0.154318105599377,-0.46397823013074,-0.164265244315396,-1.28892054474058,-0.304302113019593
-0.941747593870526,1.69995436645031,-0.407673178533997,0.580112451060597,0.645831620914829,0.453973399218468,0.925006096471449,1.7637922790772,0.484682259018219,2.326265805285
-0.0661733641387127,-0.984204061958489,-1.15771385260084,1.48519029776817,-0.469759643594722,3.07776574915066,0.410488191075713,-1.71982901864913,-3.1808351941512,-1.74491563580089
0.487160026334398,-1.81552153629672,-0.489502127205275,-0.436029076602486,2.03003224172129,2.75659493323858,0.890715589132748,-0.613419201357638,-1.27627100409385,-1.59846046823975
-0.596621703673239,1.09882442972649,-1.25673228029935,0.205272806989138,-0.768042981574191,-0.0323743552917994,-0.674091480991436,-0.167406796599601,-1.90549023905154,1.00815796871232
0.486202947285836,-0.715712455652801,-1.21247891573559,0.0180650438468441,0.0983151460649442,0.611678820290999,0.135532123640303,0.77518017458627,0.552653551735013,1.40568552202699
-0.296211274415514,1.88051377071057,-1.34804466599909,0.427840978539074,0.507475103648454,0.755210719422337,1.10695424658257,0.631730666063298,1.29070238084616e-05,1.10676100550331
1.81830384296047,0.0417417673966018,1.74442468165764,0.599027982237795,0.363878399719625,-2.69050739496978,0.430007105044114,1.15874001460134,0.367921600765751,-2.65451941703835
-0.228144446369992,1.96237531876874,-1.4211749380696,0.460270482885102,0.808803599828257,1.33070785353197,2.16409995055428,-0.70164920373095,-0.584701003435077,1.90677014568643
-1.9319475149367,1.46748088521994,-0.514861332334926,-1.27292652615058,-1.8625925756773,1.85699147811436,0.537873775665747,-0.78239934618031,0.325245258703798,2.88369023747637
1.14796730569622,-0.406680450701858,2.90979477379459,-0.341661502250477,0.166224784008657,-1.92538799407918,0.700831533741039,0.891096874284491,1.54262918402437,-3.71211776046913
-0.309659777754303,1.39053245136617,0.652299802028343,0.484748303442911,0.647185274296241,-1.63026254854249,1.31934345265004,-0.129674790904082,-0.0385701371039571,-0.178321536380399
1.33514233102017,-1.34952143960485,-0.202417500090448,1.9443367561644,-0.405495118894444,-2.95999812483329,0.87339408754253,-3.44225796264761,-2.6819222710105,-2.92095350708308
-1.05808306166415,1.80972498683772,0.460599448406616,0.287929652830921,0.0497034605914745,-0.783951430942776,1.13731863029487,-0.666098045971279,0.975123942396112,3.50268767290176
0.914121281020466,0.345245860519994,-0.270848430850914,0.127283506450757,-0.782700534212189,0.390169128475825,0.364014000517949,-1.17742347786781,0.0574026666512872,-1.81533169351526
-1.01704278670273,-1.13583241339289,-1.5507268324374,0.162086083940394,0.325974895866023,-0.583387823257432,0.378836979573041,-0.0256652105315471,-0.176047781071591,-0.0994991957291426
1.31161059698386,1.42418798033647,2.08623956621604,-0.0561464788474083,-0.278389968760938,0.157203698311261,0.77186430795406,-0.148768729094633,0.292469622736211,-1.20331383087235
-1.46953247414052,-0.994334461323596,-1.46283158468399,0.517167151877431,1.57747618491225,-0.720706651929939,-0.614390703798118,1.47628751751396,2.20901647747218,0.152506500062343
0.848581955727416,-0.243572390512283,0.526123927212085,-0.64844215702594,0.778254452062418,-0.732862586346471,-0.402528920450246,-0.277619701315868,-1.12739412330636,2.10997617917588
-0.636495444385645,-0.648334434237985,-0.553508677140895,-0.457116739271207,0.276265490629507,-0.0178760424111201,1.14561601638644,0.222315221797981,-0.325873300911068,1.46443598050728
0.149861538851373,-0.672264827661699,-0.635303681746553,-1.27564328914931,-0.776140168040619,1.1122637244844,-0.101910751011166,0.267185906244592,0.0895539380489773,-1.37482392046572
1.11414911394877,-0.209347620693267,1.55677019758943,0.085090198705882,-1.33725128080378,-2.02163665698346,-0.341268524811994,0.532667380432134,-0.614329593975566,-2.7840252768399
-0.63119069736995,-1.30071049298514,-0.896560596756065,0.709812166134447,0.553122446002233,1.19937696265429,-0.750007113729648,-0.247238728159397,-0.712987705720715,-0.368728783529626
-0.0954024949043648,-0.996771327386438,0.480523376332601,-0.643751901470657,-0.723285226869444,0.682056986101055,2.4460148830946,0.231905071573061,-2.00736255852011,-1.02483139016465
0.717841846393061,1.56516251678207,1.62870680355494,1.42649100848055,1.97628452807452,-0.915555743511594,-1.0810482557402,1.34906941123314,1.20639467415495,-1.10652069864909
-0.402067827670383,-1.14786175325177,-1.30155506863743,-0.490175304739969,-0.751833480146343,2.52226301131924,0.960977680558581,1.46479262044513,2.60036651454266,-0.245707502833009
0.901866470136314,0.856615234354576,1.01564248580491,1.27053742099759,-1.51805727342207,-1.70464904171248,-1.51670863896435,0.338274389771479,-0.34119899907719,0.423371729529589
-1.77583922028885,0.717982006988562,0.135229677361891,-0.482081477016667,1.20800524146758,1.3482576505084,-1.72916848630605,0.675907779577089,0.690305952980322,-0.578702678392282
-0.389856980378908,-0.391767989687099,-1.51877672485734,-0.101744321125376,-0.4342286570304,1.20290344736736,-0.488228847800214,0.38135201306973,0.648952614731679,2.04734449526483
1.01282513887945,-1.68142102002897,-1.51739013852274,1.2910624941894,2.09665189411249,-0.705295214049952,0.703959844138772,-0.30560426772127,-1.94166597205613,-2.18682618029996
-0.032857294206297,1.29040545510825,-1.68953114604333,0.822828258221932,1.51293219052013,0.609092138779662,-0.285022584231525,1.2745793239257,3.12792127961551,3.56767715821844
-0.351506400038678,1.60157405479594,-0.904246229353295,1.30700472679812,0.0831581716621914,-0.970731465652025,-0.723388774343141,0.245323770538114,0.151119149052758,0.76408991735361
0.845200882672119,-0.247007546857271,0.0620239072701784,-0.466189582172312,0.792335062254935,0.0442065656448365,0.757592422148182,-1.05481608103355,-0.540431132822086,-1.85319980490342
1.1742759388716,0.0590701218609148,1.03343135651891,1.02872923913248,-0.888207219056365,-1.74525186396599,0.737466873534475,-0.429632977786581,-1.34293409897527,-1.97685108694066
1.14793135377868,0.10413168695604,1.80277287451156,0.0841158757883379,-0.467225389318235,-0.219085892672428,0.924128657744369,0.268642431044769,-1.3589129955482,-2.93334318622089
0.185823516481109,-1.48848727616586,-0.0286596134674363,-0.0386849427229115,-0.492248342867289,0.292335130377125,0.334814062998719,-0.029421176995684,-0.41252709659535,0.157858021383718
0.274473773394578,1.83717880172448,-0.439288004157973,-1.41951526566573,-0.223702933769201,2.43914634643729,-0.336993960152239,-0.625906306594989,-0.444865729378517,0.79380411681958
0.641394142278438,0.776675293970739,-0.908591362516013,-0.14102969611219,0.795457120753916,3.20219809188226,-1.5375425857634,1.08985405121986,1.36163368750214,1.52775308558786
-0.544436576568649,-0.688192936557905,-1.05838622151871,-0.116725250156632,0.707657161009954,1.35987530724165,-0.398358021867035,-0.0139173486281977,1.68602042001987,1.59120604530743
-1.32487164766092,0.963451007060091,-0.347430127815109,0.615126351425186,0.862862154941037,-1.26209138123254,-0.761906050795377,-0.020334419574056,1.44186901640266,2.97244172917511
-0.484146114552727,-0.217159857554375,-1.01988588440243,2.5988651609675,0.559945203825714,-3.11282127690568,0.803033854488674,-0.351431582640929,-1.1965294533772,0.33152401767638
-0.455806520256061,-2.3637149655519,0.141982665659737,-2.26361529808266,-1.02299002243287,2.89353512992067,-2.64495263672439,0.211637519055229,1.46765107808054,-1.92581989365092
-1.79330126238168,0.0940377374778945,-2.44187731616612,0.274193702507431,0.922676255898327,3.68650111141782,-0.869487661404395,-0.954033749076679,0.123966418697688,2.20355037102333
0.253259379170366,0.194298634272968,-0.158130872794125,-0.999797696953505,0.946773603817933,0.815209595137785,-1.32505984499471,-0.640169064050041,-0.733285666438529,-1.34241790141058
-0.489312610241519,0.378082116908142,0.436572746177309,-0.459547925759473,-1.84322860265786,-0.855437257201665,-0.541908549253164,-1.41348630531143,0.444398524967557,1.18421046458756
0.628610513096601,-1.36336609650331,-0.345250191593501,-1.29794457988133,-0.421757690042135,0.455727293477279,-1.0400216807795,-1.14765594168892,-3.17536156860507,-2.17687379569591
0.346828081804947,1.04653486339494,1.29263815482178,-1.53615946795962,-0.401677685606416,-0.805212337875057,0.0435268928095592,0.0680383055912896,1.28351143987116,0.0982537299669002
-0.817764931627771,0.33145349918376,0.558907273364877,0.930689146710945,0.262849222261541,-1.57057364326163,1.45269747583569,0.401806861072887,-0.629953450795223,1.4053238735615
-1.25859189451737,-0.649881518921059,-1.45686209549837,-0.439059070435441,0.210565009260379,-0.611820710873275,1.56941583351807,-0.606057737461449,0.327198139910586,-0.292363879055324
0.460832976059437,-0.624286124531902,0.231143329398271,1.36959253310009,1.73037516943736,-1.35344847792774,-0.223674940458739,-0.934935476913979,-1.24785754632931,-1.47633701450249
-0.560007507525446,-1.00418070352837,-1.03318488298788,-0.431754138678169,-0.0727695385908064,-0.230133536554216,0.462420796940177,-0.939790785301986,-0.242654468229881,0.154002757963584
-1.46261615044393,0.540860486821373,-0.348446405044933,0.0678287415346641,0.748507267710501,0.512860988743469,-0.679579619704191,0.135705498971979,0.896379867792619,0.496029125617906
0.109435070021728,1.46023079361741,0.643307297890401,-0.278714299694927,-0.894661651210806,-0.0743732309738216,-0.202272981841651,-1.49858148297313,1.20935076072172,1.41504613888878
0.256145082063387,-0.769930120998349,0.637217092686128,1.10824303898122,-0.795792858018032,-1.19844734522515,-0.355039519180294,0.355362929688418,-1.31730308881208,0.254499742367633
-0.127550843385745,-0.627162141757229,-0.167993346442298,-0.324747515937213,0.120013430538298,1.21730060170922,-0.502656609322465,-0.736182121757813,-1.64320292651995,0.398185975809399
2.06964601981121,-0.740667644722887,2.3008053042987,1.39027925120059,-1.70921758438736,-3.40202879894742,-0.97910341696908,1.28312849265824,-0.182436658385196,-5.12488089681732
-0.0462999622704419,-1.49483638176401,-1.4942581189419,-1.12255968257845,-1.00064717741963,2.23858238111431,0.821841947548936,1.27888335931086,1.59411706333789,-0.270238512071524
0.595645012267911,-0.475594453087641,0.985647222402648,0.732198891430673,0.31758674321342,-1.98358208420777,0.385152106071968,0.199865211214463,1.12619747120353,-0.12435351703464
-1.47983123260996,0.955190248830658,-0.503895651143882,-0.438825849061175,-0.360330619398452,-0.848513375786559,0.340061922385843,-0.520001278258877,0.0925444632966546,1.46899751652491
-1.16337321524498,1.84306051593782,0.00312547656623363,-1.97498240482801,-0.149195559302227,0.234641012882025,-0.579762811018589,-0.571165105793969,-1.85599214515346,0.703923735735175
0.4054028470351,1.02773312323597,-0.356095734826022,-0.412107389053079,0.986631537361135,0.653819179751569,1.91555409583126,-0.132404581526537,-1.12486823766678,-0.507485686680272
-0.981204279367393,1.18656561961129,-2.5398078339087,1.01818786710926,1.15826072153024,-0.641214297545261,-0.751018704314327,0.409324286636087,1.06242870296099,1.71788746786751
1.84744003672233,-1.3280090697184,-0.629770612520851,1.21279068965903,-0.643125542538232,-2.0802962258971,-1.73766304446731,-0.303740378379043,-0.119975055277599,-0.112334852641209
-0.253399161035586,-0.43464380151645,1.64170269084045,0.723797151653,-0.629371923272341,-3.03788426170795,-0.111392745322768,-0.751732172650092,-0.605369218176827,-1.15227125168609
0.388137734350348,0.41131836553698,-0.0491725407706339,-2.10553628266524,-0.455831229133873,1.29126284194265,-0.67432796155691,-0.817062955527978,-1.47225995452285,0.390535898299943
-2.26310542134,0.259482836405456,-2.27929043548688,0.516888179709622,-0.883445514680699,1.13613932722988,-0.681861178075281,2.370302110377,2.11299294275695,3.33425060559703
0.935492420147128,-0.687706509473146,0.321458002413168,0.224104141112477,-0.180222125159792,0.214329898473092,0.287399725681196,-0.294016390732488,-1.56612922610548,-2.7871760681316
-2.23752841046085,-0.418959593785123,0.620062365512684,2.11587239909255,1.10025528785844,-0.749804240856845,-0.485093891004972,-0.636243772544329,-1.46000584485447,0.236060506090625
1.37144125299935,0.0820720867048276,1.39595448929253,0.171670817993278,0.108610782184738,-0.653265516191009,1.41985410622291,1.17989481219359,0.996601858185121,-1.77476255678638
0.919426950774533,-0.120571466846649,0.703923588860804,-0.0572248446301203,0.721586225430371,-1.60674391225512,1.08766035832826,0.0931640128666773,1.43643466375085,-1.29115141791764
-1.70628796628862,0.585650430709982,-0.427813218755877,-0.935763963448274,-1.21524763717477,1.02851167700914,-1.96311253429775,-0.628247207315248,-0.288359145258375,0.929978826401489
1.74247939901102,0.613375516503592,1.58796570538819,0.367133570099557,-0.586756828273083,-1.99570122153079,-0.640215429713088,-0.342436035411067,1.97857425002042,-0.461402704794003
2.63245284005513,-0.290537952868441,2.47126172471606,0.120369314165849,0.397894127980412,-4.60319616889012,0.213180818727092,1.39935383529728,0.910806071765758,-1.9175205482147
0.215390106235539,0.10179793529582,-0.237337958242054,-0.28865270495669,1.55551309158484,-0.898024727458902,0.747677914778117,-1.3235665196774,-1.80037314418425,0.988854293131638
0.388407822719875,-1.49541363080059,-0.661636454593233,-0.99338580058591,0.406560218681085,2.08579921713384,-1.04280770442099,0.565009073223347,1.37998045625948,-1.94808134824996
-0.793038639407307,-0.395592347081857,-0.976776430212373,0.582668948283793,-0.708446495776284,0.334567431977222,-0.402691672128824,-0.309930993265844,-0.158242783546038,0.806765779432078
0.381398550996433,1.3286816204335,0.275574988983005,0.401571447553876,-0.516431883528081,-1.08728932670296,1.0819573758218,-1.06991370218689,-0.803007146076001,-0.408679823398185
0.856331274855592,0.148416342222869,0.91475492018714,0.923656968225799,2.39751094707734,0.491419191563842,-0.369310053470103,-0.606636249424921,-0.592187943015248,-0.339906513530204
-1.37898322421673,1.44404009029022,-1.45605133432575,0.147726594088432,-0.124219986530092,1.40813389190447,0.945452044250508,0.0391792328372534,-1.33192712204717,3.32095350234052
0.101638846237421,-1.10920721054348,0.252181338860318,0.18526222977698,0.750131797847509,-1.23281809630804,0.469598344222104,0.863762813994508,1.37895179515598,-2.37617278713565
1.25201816776803,-0.720141284316982,0.712885620644982,-1.08488643611219,0.936052273838842,-0.979060211700027,-0.127889981379167,-0.862043132432737,0.102212079367423,-2.92420821926801
0.707919270559805,-0.308529232388671,0.632469197571079,-0.777428192688525,0.835758945017874,2.13212646977873,-1.30543088840906,-1.43159461998762,-0.740971682335573,0.202302079652876
0.168185115664118,0.411827385522889,0.963118439686843,-0.27590602613647,-0.582782685734103,2.03603719967258,0.918189987793952,-0.458728041868874,1.16509795046076,-1.11555807268955
-0.124610854644934,0.813523066570754,-1.40767055634307,-0.684118017528837,-1.5526803070263,1.48692092120224,0.678832903767883,-0.658383612741036,-0.171469580499436,2.77054635200773
0.522858618783833,-0.370292809779459,-0.245853419450894,1.00568671994171,0.28655167210084,-2.66583919008987,1.11761665275667,0.160100058197568,-0.673321735791186,-2.73162251939704
-0.295880265573384,-1.89985334793511,0.0323096718354517,-1.14260355253321,0.0274200533184851,2.03834845688903,0.54591450029442,0.324972598224503,2.04079831091931,-1.2626960181688
-1.61690690361592,0.753566126307827,-1.44320565280542,0.0968305981308565,-2.2831271205829,0.978046238551026,1.16867082077773,-0.552155428524174,0.649897287366864,2.84934710849541
0.451477440735362,-1.68020450420791,-0.918421543216069,-0.956839212909944,1.2986707787193,1.1045778755389,1.1805445501971,-0.495846388314535,0.03061452429757,0.165718897618915
-1.03277318625084,-0.52272594627262,0.134687193073181,0.420080984483338,-1.87336425068741,-0.737843094348691,0.671723402078949,0.448281910374661,1.30117836749379,1.12339065527516
-1.22490389754435,-0.715857353198174,-0.557560717529301,0.246502884319602,-0.919171507131108,-0.0610202927007188,-1.01867515852017,0.704211486270121,1.59455039649129,1.89717182086604
-1.39739380313487,-0.998352127684211,0.751436448021604,-1.76922172252882,0.362241259186702,1.61878985725992,-0.108807805448337,0.165842959623616,-0.58048599114806,-0.0796198985785318
-0.439293470920371,-0.69887924681165,-0.233720716641301,-0.250262602737319,0.809908730525066,-0.483625952949079,-0.462716175412216,-0.395665276257129,0.620522574635524,-0.47788511793811
-2.0575963168102,0.954505147849204,-1.79640320081118,1.07576732056581,1.86397252635377,0.404325991641211,0.371040647379254,0.458499621547665,0.324415287708141,3.92602412485795
0.719630276550515,-0.424370494733941,1.53714280913625,-0.877180614961603,-0.259868858121146,1.27562009902572,0.215251814049415,1.48805202363182,0.80573857223084,-0.786418689617869
-1.17457392472931,-0.208652803306612,0.37450788197454,-0.378603318832496,0.334500137629874,1.17840630629088,-1.43100878280369,1.48444352103799,1.74682256621269,0.80529594842629
0.43179906253128,0.714649955828346,-0.90516271800233,-0.329207511761836,1.16963554784939,-1.38386873436278,1.64044885029724,-1.3864487159815,-1.01593682105972,0.84927075697943
-0.573568258560157,0.283030970963356,-0.92192032420177,-0.766067004249783,0.316841651782878,0.192950531394334,-1.60924856916391,-0.39933847146727,1.03779794840689,1.22563412171478
-1.5147107304046,0.697576072291262,0.182782997274862,1.17128629345889,-0.338918936321551,-2.88619284199044,-1.92048273316626,-0.174131949870104,1.08264230679806,3.00445369083579
-0.121497913505175,0.186456043724101,0.838743755294523,-0.242740852598442,0.255368382233789,0.446902808326038,1.51107453696234,1.24339108732904,-2.25179064991412,-0.179257646240633
-0.444015249508235,-0.937059451061806,-0.708087290056832,0.818749401842267,0.376914335555087,-1.98416961539735,0.261731379057339,0.0672845279433434,0.375260103836908,1.12310490911812
-1.12689936577868,0.306507064470953,0.221274462237881,1.95097317038094,0.887861122631464,-2.01041867486179,-0.82539223819357,-0.276838753757079,-0.325965145719295,0.33192702373696
-0.926919591423963,-0.952282675951149,-1.26409875677535,0.403193482636613,0.0124276382298957,-0.298557544682456,2.02196936564515,0.139195035116193,-0.72262104693039,-0.690198804204046
-0.211515848253442,-1.12495350687189,1.48776812481565,-0.652045797374312,0.712120196107211,0.444689953408847,1.40611656008553,0.767051861447137,0.469294072086492,-0.522375538578927
-1.54503371500526,-1.61548053538323,-2.42851357976229,1.10063285954975,0.882040278663387,1.29990150681712,2.32995636075943,-0.390999480722728,0.511211110790882,-0.426255465289229
-0.721862242737751,-1.84904223694578,0.468694352050399,-0.602889635133358,0.0717421547802098,-0.384867867604416,-0.971473225068368,-1.15203428018063,-1.07048244622225,0.161848789306748
-0.537166482409144,-1.25919800595732,-1.2682894064062,-1.10910553969554,0.450064370617455,3.07058961821623,0.19650045664723,0.766207810258664,-0.255230130016187,0.499465919291738
-1.27503353465945,-0.764364990045161,-0.815102536973349,1.31476757387403,-1.15310066306588,0.272904014461358,-0.164392656276681,0.613829246470778,-0.0927051210711969,0.563598457876974
-1.8948047687969,1.32944139625409,-3.13535169223438,0.427456276894831,-1.03740934824588,2.38893474114212,-1.39724732238942,-0.404042915628296,-0.94765931462913,4.30893294197633
-0.426717919173322,0.039162009262821,-0.362079832014825,-0.158186025811245,2.39686608516133,1.51110501131652,-0.0477169341935979,-0.440637514179396,2.09399382278374,-1.51340661880666
-1.40027826361,-0.78542187902832,-0.851361243735572,-1.03261175589611,0.00749392905671853,3.45808643685694,1.13288554707538,-2.45022493355854,-0.0804275879688181,2.50287941143067
0.0377030597019899,0.162176695206908,-0.32276102422265,1.0149724219848,0.474272730268969,-0.788410843156414,-0.359440616796146,-0.375028134217,-0.666058231284322,1.50835730045721
0.375347377729205,-0.236019823543341,-0.637440195127815,1.49612689427392,-1.56441127338123,-1.27501708359945,0.700891879262064,1.65857642026758,1.34160053661718,-1.45422265671097
-1.31375912319218,-0.590799326725713,-1.36984269273623,0.615693332020305,-1.03124482793764,-0.0756969500565472,1.24520211564541,0.471499045030408,0.275945064302014,2.05693772093819
0.622294039719241,1.51981270881187,0.619328233082587,-0.924192071031205,0.324931873221584,1.09286511598822,-0.12130338861308,0.220128996570811,0.0691756786222942,3.39177413574914
0.397826077520458,-1.21577490347674,1.4580196343288,0.0948990867816606,0.234009712145924,-2.2796062030775,1.17465359707161,0.972416555718829,1.1521793331691,1.5387692369399
0.0509064112052418,0.845142756319403,-0.249050979131643,-1.1642328283477,-0.801227275001473,1.04268539025199,-1.56200362898331,-1.22970852304098,-1.21977879331601,-0.140439364185618
1.39502153290871,0.88976144613516,0.861071691978545,0.855806578659029,1.74593457478317,-2.60374482786071,-0.412995933730688,0.641809053350534,0.68015386563298,-1.70673606397461
-1.19252257723146,-1.4311702540797,0.053568520234592,0.367876389213326,0.485414048487288,-1.2140578032925,0.664934238869136,-0.846328013744423,-0.548424099711514,-1.38739623134377
1.5739382439188,0.343752507938413,0.643013267483642,1.40979347075385,-0.0711098411098391,0.453719740550191,0.580864350949462,-0.198346816434261,0.255508280927446,-2.53415293838971
-1.25090129440507,-0.365393976489762,0.681082294536388,-1.62276919429699,-1.73272855710575,0.920888372871687,0.973038826215401,-1.15565950649152,0.320076185879729,-0.594368919632701
-0.0321834978744534,-0.449786574351645,-0.191702875186572,0.662567530717748,-1.06451909959469,0.638532777716857,-1.20455531627045,-0.61359727144275,0.532177862901491,-0.752516935296085
-2.4673377572755,0.128137013616765,-1.09081014976937,-0.292758155270481,0.225020976256197,-0.099188231308805,0.931660907834579,1.21132360903775,0.0911071458738097,2.72265712062681
-0.343405318195255,0.333816417543244,-0.00439430414775971,2.0154451622859,1.15913130653021,-0.497123374766259,-0.351107262039438,-0.482023937518658,-0.603477489472312,-0.833838352650239
-0.464506654409853,-0.993498776069742,-1.24527399070031,-0.523984019136505,0.412447071333952,0.299675029152116,1.3955131745302,0.339943235027296,-0.27609628687287,0.281045894738372
-0.422547319489164,-0.729059928457408,-1.99173257821689,-0.262777776671503,-1.52753228717017,1.3731551787145,-1.81823873250499,0.62464229396394,0.718758013526109,1.81998996095233
-0.0184589577221483,0.841587954437055,-0.053259432552402,-0.482151647580182,-1.2807788325492,0.809943017173674,-0.151026376889041,0.449304679741431,1.20944160088283,1.9150004851677
-0.376791151524232,-0.688821028759237,-0.391310179646403,-0.505507344993221,2.58605952966573,0.766839952032501,-0.0582953075856697,-0.626176856919988,-0.362465951450438,0.123987193200481
-1.10024048207467,0.29566780630102,-0.858496181126819,-1.14678830035554,-0.282159345923971,2.94645796413394,-0.45846771248202,-0.821450237371806,-0.621121534886032,-0.640070864845965
1.0734063342891,0.0581107436826159,-1.69437804989279,-0.0735559826616978,-0.223621974623684,2.82438833882795,1.74154140781929,-0.337990451711625,-2.01723695671079,1.66359202549173
0.250782768934159,-1.05893064144959,0.298477711978631,-0.236742636326828,-0.070471081676509,1.60103572603298,-0.524214770920467,1.24949280215776,2.71604735444652,-0.827842802086578
-0.324143753964186,-0.358556758582762,1.29452232996477,0.566772529556541,-0.569423002234765,-2.5049881318268,0.81977386415718,0.333408194674416,0.11731779369867,0.42927555447849
-0.368440480386001,-0.442742779190016,-1.5792766894501,0.366920476522216,1.1620191135352,1.2187637417215,0.895133187217092,-0.356181136799924,-0.371578493530949,0.0243890159387843
0.677001359031105,0.685306857347201,0.242960777672293,0.161975373439319,-0.970336956707178,-0.483035540934603,-1.24432026864514,-0.29943070989972,-2.26874240487588,-0.00566765636137258
-0.877550585567809,-0.221207496395911,-0.773398684027056,-0.0627964183923218,1.0729415111467,-0.515728853959391,0.728901306806594,-1.87582282851817,-1.41836916112066,2.37961100612978
-0.581868842511993,0.217098865098683,0.419681943495422,-0.915932662391803,0.0345328426957804,1.21335475493985,1.23030888280533,1.12197078881301,0.364389459968179,0.780777855528918
0.237755031080879,-0.0530286632264528,-0.334710957962648,0.445930910046855,-1.11959146568318,0.114326241304214,0.0719107634575663,0.760409002146598,1.01981677523471,-0.480379093221411
0.335454413109085,1.06625837910999,1.35525185412873,-0.471176572243836,-0.00665002696779711,0.816370980531873,-0.344474058814422,0.556485680153785,0.726268859837647,-0.901416045769922
-1.78359702300726,-1.19616810335766,-0.544782492605618,0.304507462708324,-0.471031028635917,0.322428890861571,-2.12632924606922,0.673333272428939,-0.103538284029199,1.29902500549745
0.23456129755586,0.49672333038415,2.01992462594251,-0.367089611078482,-0.148909454795741,-0.414533403247988,-0.859472024610084,1.24582150521099,1.51199670569718,-0.603616080261498
-0.221365920246785,1.83231598372687,-0.119836589180085,-0.347737982625261,0.382131791341518,-0.0750948940597079,0.304597889539289,1.07191589236472,1.47853735977177,1.73220629157162
0.226591350299139,0.138611082904591,-1.05491043391827,-0.431383413132049,2.61634389577256,0.470369066175543,2.04553229073728,-0.944182390521077,-0.568261556183651,-0.455502632446948
0.97173926012115,1.38279488509709,0.488181599006829,0.265549688482815,0.483813001591969,-0.170584263730192,-0.640202979684812,2.53721796217171,2.23071914530918,-1.62682137925576
-0.0458563322425898,0.0680176773289678,0.604293475690627,-0.598707225200698,0.241452726765493,1.82040000532196,-0.850363562006139,-0.274090409922904,-1.56209884515655,-0.0381078561848776
-0.866306638397912,-1.01648626323294,-0.871304217075675,0.170217371720102,-0.236008930206135,-1.56439551746386,-0.134401428217549,-0.907904876935622,0.777466942643437,1.25053456276106
-0.798876983350327,-0.655089373946736,-1.51821944232994,0.156793777608529,1.33778009782069,2.64600702072458,-0.398672913956531,-0.561285062846125,-2.29261202245616,2.06501239727798
-1.72566599085656,1.00808771143934,-2.21837754420618,1.69320671113101,-0.679156429872945,1.28150820855685,-0.732978559555608,-0.92911555855543,0.00924565810046546,2.81357677075889
-0.626770134107943,1.62844082856447,0.646171112298776,0.937400857608307,-0.17265417029799,-2.14952927110512,-0.581759848469685,-0.267033526830122,-0.392695057001811,2.03306147867107
0.560428874790584,2.09266497026174,-0.308620671016679,1.62639973822951,1.64317890851978,-0.589798220184184,1.2610614835999,-0.274942903557788,1.01183073134077,0.396930490303159
-1.12853861730176,-2.10995524774362,-0.675253007584363,1.61378068009074,-0.21142228289698,-1.40144593557218,-0.0215730229104808,-0.523264142675297,-0.791055071445629,-1.01565106281469
-0.49647128979737,0.587407747632144,-1.00880402258726,1.19298543434206,1.0530887458931,-0.136264475776901,0.135697787895357,-1.46296059926688,-0.974407192827892,0.805567061458373
0.211164252157354,-1.38114627622617,-0.252262052443027,-0.38769209713469,0.395601760136226,0.417595222803515,1.43023296979697,1.45460083235848,0.672231132420402,-0.457717563947211
-0.0805513797351779,-1.75676455413039,0.768322685913475,-1.54966109532004,-1.09444930183414,-0.465669264424239,-1.37286667288095,2.01309973056984,1.4458269896728,-1.78915615844845
1.89724561942472,1.03483297613655,-0.347330732940461,1.18008367823236,-0.206316966359002,-1.80032481341915,0.27059530242799,0.0994487591005359,0.0562345048215719,-1.86832318118591
0.122514792991206,0.687404093928229,0.619619918872181,1.33775987176794,2.0539161498812,-1.4829658032117,-0.582251026368393,0.535226589634161,-0.662918331338328,0.778332299539757
2.08205292092036,0.370871731647855,2.52414241161939,-0.703378775525795,-0.320844144503582,-3.81152594650557,1.31726273625586,0.731422556001133,0.733689467516699,-2.80359317187561
0.965898485304454,-0.283917129617783,0.853378054423861,-0.343348384977192,0.249085248150104,-0.858473769462038,-1.60877058785086,-0.54345204658853,-0.164381772942236,-2.02963309074006
0.565563507685306,-1.24811933243655,-0.260200394265904,-0.351298663889073,-0.157100399834795,-0.0369456432199429,0.732950576527387,-1.3790593085597,-0.862193483041735,-1.16226897206673
-0.0762428119719612,2.45937632490412,-0.623258247730796,0.413588227152402,0.504443852642841,-2.37121847898071,0.997709197036954,-0.570163318476477,-0.763162365301827,2.72043328828915
-0.188485364064688,-1.12823019359501,-1.52136444791069,-1.32574449561258,1.78261469583003,1.91001561382273,-0.698806838246855,0.0775680586304495,-0.246917576760679,0.701850076676834
0.1653401736369,1.00255383747949,-0.0320148051354516,-0.890172444527379,-0.389240837924987,0.0149926266967095,-1.50847078250832,1.70826666616384,1.98183554325699,1.39703393955081
-0.678907827129195,-1.28428838600749,-0.908799357557146,1.72866144299712,1.40038731189694,-1.97625629093613,-0.715429136276381,-0.608007369774442,-0.209458780147665,0.776538081512936
0.608209191356137,0.107734322624002,-0.0250713414894216,0.4567429586337,1.86953830532797,1.0676279544033,0.0475196652699905,-1.71337188794757,0.355228104996803,-0.854762726339043
-1.42488474028088,1.41912779872522,-1.73900389260762,0.0916346443118681,-1.06284427688614,-0.394993630735424,0.255129355604714,-0.235922247696044,0.374820580994432,1.69167170427125
-0.85940767846969,2.69367137879843,-0.192496364707663,-0.741295602829775,-0.69043695258262,3.37814074895812,0.0750110499344154,0.88681569170866,-0.210250510137986,2.92365405699864
-0.0836694178360691,-0.892490575575399,-0.167940319434318,0.0271445981518507,-0.736638498821299,-0.284644582858603,-0.56701428603152,-1.17819938360124,1.40549720708625,-2.47509455361568
1.48110535306474,1.34712073085635,1.10618866641675,-0.645771510962573,-1.53471589493474,0.433990836880215,-1.29820080226215,-0.272816223583257,-0.464882978227431,-1.70097358119852
-0.101253427521301,0.773419928810752,-0.594283991141763,-0.583371758661256,1.61706218699202,1.85365455276624,-0.246691842079601,-1.74758769352895,-0.823560762803197,0.269153472177002
-0.0405721947349347,2.0077567229606,0.846927419188543,-0.937355711291888,-1.77192032153721,0.709943455979969,-1.07358636338276,0.397024415724139,-0.732586067794735,-0.324176676786237
-0.201641655555262,-0.725496820518418,-0.223944657539249,1.11909026430782,-1.5476452781029,-0.469734959481643,-1.28279897118538,0.20623197475434,0.199211471427093,0.38635518763139
-0.912789567077697,0.639833262672344,0.540787419187768,-0.190069780581857,-0.361000290211754,-0.673552035941592,-1.27484501954842,1.60753406970049,1.38488774747392,0.0994796290602914
-0.392632722676913,-0.41871243141792,-0.508192200257141,-0.522938756511299,0.934191886151201,0.797004478893024,0.312960186345201,-0.0700813844549811,-0.105444219372345,0.695042622478931
0.260555307160246,-1.29396325235344,0.678146871249728,0.543445283884625,-0.411470624672983,-0.511874166606645,0.45929002237406,1.40018591279844,0.484515338378102,-1.90504203928381
-1.24114702515702,-0.620717940487856,0.166377623441177,-0.081641032418705,0.481405647510537,0.0795479188130347,-0.726318329053694,0.0978138670483057,0.664263652114968,1.04653327247892
-1.61712715178788,0.186046675868338,0.391956684473037,0.316316912982722,0.933172490660111,-1.46116543554164,0.777539679477125,0.380813227026104,1.1827555284058,2.29422124862658
0.0931492327029953,0.0516787390147109,0.165807245814764,0.125271442328404,-1.11871099272812,0.819526273657649,-0.639943861225011,-0.196551229960495,-0.504260952832283,-0.924914043125485
-0.382961754518234,-0.118098994000917,-0.568381609550447,-0.176571631245321,0.0218189028794479,0.621232422724116,1.22933993574933,-0.305572839277167,-0.374569608259225,1.74745239642076
0.600213080625105,0.979567045934837,-0.230080096157267,-0.73456981379069,-1.74776122099015,1.14938173875236,-1.00502011425117,-0.172386416947402,-0.149970538529566,-0.188460889366224
0.423016467704366,1.23396115512267,0.48366279633272,-0.844541809316496,-1.17773038608683,-0.0385666713805729,-0.173630232040824,0.46873392146911,3.22212181308282,-0.43149000752034
-0.0329369553543671,0.930361820690666,-7.10065652411163e-05,-0.300280198899454,-1.87563028429762,-0.160378870727397,-1.39408094039298,-1.60844660420732,-1.18381795046266,-0.482613904870228
0.137610702688407,1.03973538578814,-1.3695124924924,0.0141951363425438,-0.132004318011823,0.997521447025401,0.757475431056877,-1.76087882898231,-3.04924628080891,1.16711087308519
0.149121139849126,-0.221064141614111,-0.269439914596037,0.847624994077648,-0.0959858229275712,-1.26348499126185,0.811225138182303,-0.768984158297805,-0.120150854215364,0.951755642285332
-0.207541524212644,1.63417079966671,0.138009090844661,0.12191664754355,-1.43430735618101,-0.170302546468136,0.130209607679058,0.753842557232246,-0.525997736266635,-0.151008022542098
-0.0109679054691004,-0.236625198842345,0.18047896042211,-0.149357682344755,0.809280496476512,0.371987100637983,1.75912967159502,1.4910929145255,1.25674569689123,-0.864633149011088
-1.46350934511619,0.633625023563153,-2.33631558399658,1.20449642974066,-0.236778583598445,0.762886582006831,-1.53857205339728,0.0591989633831533,0.432841798430192,2.47489077173214
0.714457978355552,1.38031730273962,0.505952200256202,-0.165894326006804,-0.454718786737241,-0.804903236919047,-0.876860422293554,-0.705693910352392,0.199197751342725,-1.18743969081254
-0.0530853294344688,0.372517258522799,-0.425792575768184,1.29880716464508,-0.82606949120104,-0.208898551023974,-1.37473052992967,0.00506975810057712,0.1913242190144,0.435756351946613
0.819466120020101,-0.397801821410865,0.0890950838271531,0.719570671535232,-0.597796409662706,-1.4930110567539,-0.13627096800729,-0.466764505191513,-0.0137221699276841,-0.812666004699394
0.097637178408416,-1.50829911439552,0.095242073255605,1.77110171743616,-0.518468932432129,-2.15644521266917,0.304315119311234,0.789900031240936,1.73638984174082,-1.54899590213786
0.883468724477227,-1.55049241508454,0.479239806573212,0.5375436021539,-0.308203450493962,-0.435731529113939,-0.932930525220673,1.36840149792179,2.30143950563929,-3.63461368660307
-0.351406881208803,1.26264511695366,0.364714619879305,-0.436151627936874,0.620472264317346,0.564054379501032,-0.17221410423371,-0.526049649663657,1.12220153050794,0.87509512117434
-1.4254500581819,-0.216472749732426,-0.537088669510012,0.570641571908913,-0.110509351957414,-0.362216309531243,-0.429276787735776,1.99965817104854,-0.765898524864672,2.45522125421956
-0.547480379423664,1.5134786427177,0.169993857682169,0.586629524891226,-0.540963105508369,0.468320883587075,-0.524627066557946,0.538339775171204,1.3584331470534,1.56725489353788
0.865678040019149,0.0692196248209022,0.43549603561306,1.30678699192615,-0.552115535094965,1.56228836848441,-0.90821591388316,-1.25838127238848,-1.17549178213079,-0.0157496640023461
1.59463028967507,-0.719503189341232,1.19602842750213,0.341634873955526,-0.56243987707023,-1.80280995495714,-2.34553141514223,-0.732860263528455,-0.986867447084643,-1.56920966090824
-1.42163071947114,1.3054396959336,-2.42188405858338,0.14775175212399,0.157187468707072,2.26761608550089,2.06766929524419,-0.814981285292289,0.385610709280298,3.06546947787063
0.124243522705773,-0.373684807730363,-2.4581981107211,-1.50256592159137,-0.26658774288347,4.28252895953421,0.714677234516601,-0.587253154971606,-0.742936040011941,-0.137396833341291
-0.343276504076462,-1.75748971726537,-1.03151129364362,-0.573995452384843,-0.708556821541771,0.422025027465437,0.777601569446486,-1.31196678524018,0.424819323188788,-1.70665749111872
0.961018074107505,-0.674088379990539,0.208910945479497,-0.499667334042402,0.424603748083006,-1.02478083731096,0.713674810661598,-0.431061980828853,-1.23004585092171,-1.56020535122749
-1.08799528345558,-0.570376283776825,0.243152665055996,0.0215139656434669,-0.827936433435094,1.09611719159103,0.23804771323176,-0.0492234719892355,0.771349197442232,2.18257018507108
-0.267955935550987,0.304046270820998,-0.39892145707485,-0.893197825274267,0.51381328133544,-0.367019426147993,-0.366084257703941,-1.38286113705686,-1.44927258268974,0.549177748819614
-0.494803372354382,-0.0104076912662595,1.49197141347413,-1.70766089016489,0.0229805577794196,2.39320876056869,-0.813719267373589,-1.228900002448,-1.49843824947942,-0.273455546409902
0.454037400876727,-0.0868987694673744,0.168892911644491,-0.10576286226676,-0.417071528790335,0.309371307468996,1.11050711075494,-0.449742480897901,-0.551210380745674,-0.929594537733117
-0.568326635586362,-0.706822005662626,-1.0758249239844,-0.691497775646011,-1.52355906757851,0.0836479229509692,-1.02620819350227,0.446178452765531,1.57424130917596,0.506009251004869
-0.846609830558763,-0.295188276524579,0.000416540706740021,0.581333728560505,-1.357220333971,-0.727847347322858,0.216127892267578,-0.127545668986145,-0.266116902223563,-1.98559646583993
0.952217432001331,1.25366890358854,1.5892388944687,0.592704544971323,-0.387148807725928,-2.82896175108785,0.636214613027452,3.06360610255039,1.0463096196175,-2.41592891219208
-0.0631223332593017,0.163647209997155,0.974486524059679,0.092538182913259,-0.454255784539045,-0.851541291502914,1.22390626749006,-2.51805353098284,0.696072217422786,-1.04185907951216
0.360027593403671,0.220189833744901,0.632486494314445,0.457120752237045,-0.0321471666246608,0.810072555840049,0.29154587220717,-1.81789276105361,-2.74262501911883,-1.37917967176561
1.0086484586351,0.598659175128984,0.507769664180843,1.46538779261352,-0.0132224626594496,-2.37191055889579,-1.46361604902028,1.40568367802946,0.373251145826539,-1.51055398633235
-0.862440907671611,0.797102595408124,-1.85133532426865,-0.526427946999919,-0.628651484248536,2.94378731499082,-0.593876258269639,-1.53917719770536,-0.823290703864468,2.07506250058309
-2.01880596704052,-0.224063813640926,0.0803242196672845,-1.09551290966762,0.632495671438435,-1.36324134787529,0.845319140059077,-1.0711427905954,-0.539657619575065,2.64161974064644
0.585747415218896,-1.53290782608684,-1.8091644487874,1.17046570304058,0.660228397244312,0.857512687504088,2.0559542628383,2.56788291039586,-0.242832227006589,-0.948626738843118
-0.91139694536524,0.0260900395099591,-0.680143424771782,0.692372007100839,-0.0173634080061741,1.37356792824347,-0.522190430300441,0.646703654421997,-0.795054968860822,4.53534539639025
-0.300140818313541,-0.384875711924684,-1.00036004897013,-0.460603175394624,0.0678591006800666,1.67647011185879,-2.08478776953459,1.05818669614855,-0.72497184152796,0.56925589557871
-0.447520051669719,0.315834599757295,-0.560531660066826,-0.44319060406934,-0.732071646841245,-0.796074507664174,-0.0955282876750973,-1.20957865802214,0.161827134290669,1.48915716204552
-0.448829109038558,0.204594011345185,-0.0098648231600974,0.0162309164289083,1.46918213286057,0.957594976885431,1.50168073088891,0.627510772964494,-1.90841437006521,1.00443778773824
-0.569199400651599,0.40178167271016,-0.736295003436388,-1.92296358558799,-0.931994304613015,1.63574554557913,0.480159691778199,-0.159329180374804,0.213762758588946,1.08109553543371
2.26395939359126,-2.14971797922996,0.586202156152513,-0.052097774654325,0.685932181754561,-0.176496427702471,-0.977602519115712,-1.5281174709287,-0.942386468590294,-2.39407720324546
-1.46008246047621,-1.08560240292088,-0.830387300995195,0.414884717668264,1.28719419232572,1.17877426560606,-0.62582494222801,0.366593685064741,0.281467741367649,-0.159218292464248
-0.933080830051185,1.09896440214766,-0.499881336706235,-0.0609269378060116,-1.2570333223348,-0.188517251197616,-0.511849297115421,0.683805743841586,0.449181433768471,-0.477452753717812
0.846801638565349,3.13067313856482,1.21544692108027,0.587820407596986,-0.374222347531376,-3.17642258681967,-0.647488653062343,-0.164273695682912,-0.694082636990266,2.22360805644138
1.34419763278386,0.347027590375554,-0.52821779276102,-0.230267639833317,-0.317097922203763,-0.120097718855423,0.394482738579448,-0.0808910381040687,-1.11302082032406,-0.361103715238317
1.07929503440687,-0.690726532509173,0.00873428412629096,-0.0675717248254502,1.65609519191309,-0.174423624172531,-0.361490384843216,1.49440699957901,0.405808207375657,-0.450917653983854
-0.915944187721542,-1.07369284788323,-0.265362716614017,-0.570093867386323,-0.114208798973117,-0.0143338027446139,-1.92080744260802,-0.294833865972416,0.945500041582528,-0.469706407666674
-1.33728748507551,-1.53738088075019,-0.852030895300253,0.528694969012534,0.734779624687541,-1.51165258844855,0.48778588863329,-1.68977693598498,-1.38319186965855,-0.533557041545029
-1.23589376267743,-2.6251059696858,-0.139616633468628,0.329337529550436,1.74617500889852,1.45740849721898,-1.53977336163835,2.64393016476652,1.58612050259786,-0.0581647409389376
-0.0458305429511365,1.18633458063605,1.32089603279085,-1.40683624883412,1.68839805940237,0.124327176713949,0.78437090404081,1.08708047357039,0.835575601532477,0.632427196724879
-1.2193140203063,0.20902486740145,0.65321778552117,0.155971592091815,0.55487955885848,-2.1319094501124,0.483492689478234,-1.99775346145751,-2.31141547490433,1.90125538209575
-1.12396237505564,0.428896902885672,0.950239587129277,0.971436672824167,0.840550682586357,-0.505242302820428,-1.6475376696983,-0.865295011573143,1.70914735387731,1.517710814775
-0.230082026827933,-0.371640577745778,0.0942253402289621,-0.0444257431305614,-0.157995291289399,-0.172336249911936,-0.462084088834183,-0.544066831277675,-0.406947510754854,0.0173416513982553
-0.764627410249935,-1.1957779257321,1.17094912151554,1.21441475027461,-0.59043762519782,-2.09631186643617,-1.58266515274472,-0.489093321166683,0.703357352106766,-0.397935634686299
0.904703650119418,-1.2870105970235,0.117437816168254,-0.826744331248306,-0.239347907274472,1.21687506716162,-0.0471180933006407,1.51059282569481,0.636527736905229,-0.0447336268440889
1.25998897180102,0.0351807798230731,-1.0918270004515,0.276170199893674,1.03350616459265,1.97924233071449,0.21330993598388,-1.373219797754,-1.18405509052286,0.697861651762709
-0.545550982703883,-2.12958613299413,-0.158260384443644,0.939573448588558,0.888822721602497,-2.69539006023535,0.0325985087053574,-0.62483804562511,-0.895165531594976,0.154071796566891
0.613139447670575,-0.22894146599728,-0.149574832315506,-0.409072348769646,-0.736161095804919,0.827746629418781,0.700218498107829,-1.87979268385135,0.0170178352314576,-1.49633824361527
-0.0968973230006573,0.719842490756416,-0.563333653664426,1.29793183556741,0.479329084699627,-1.44257750032868,-0.875981885368515,-0.228295630393431,1.62978536860622,1.0622985910532
0.137396256722054,-0.0577818506386546,-1.21896449721247,0.403211913756063,-0.529191982123236,0.573959743938306,0.900099040455637,0.0952178176145159,1.882192957736,0.762499953187137
-1.23996410460053,0.19530927119368,-0.178916144075155,0.566509067489066,0.907824165386096,-0.360537715242708,-0.840220318538243,-1.02576432682486,-3.00206967168546,-0.0866909383247798
-0.440008097381351,-1.08674752425071,0.232202270223097,1.13353406325913,0.89899141125046,-1.08861224246763,0.776550807317208,0.298436313637233,-0.0943059737624417,0.853434954787955
-1.08417993384845,1.27135507960052,-0.101395405327596,-1.38583384807956,1.11615420349517,1.16245438594446,-0.294133557295577,0.153062469016493,-1.00111870589027,1.74959819599362
-2.24690823220794,-1.10806134960613,-0.308227014168584,0.231187815995275,-1.17894747255838,-1.74564014765078,1.08634077804396,0.185745984097729,0.0728244537660991,-1.10597597815899
-0.289869720158594,-2.09448361503337,0.0214772082001371,0.663025108319602,1.23038221698811,-0.89620983681056,-2.00734380356081,0.62361224118072,1.51987007729228,-0.0312626251767623
0.941031513962089,-0.585801318483204,1.57522137049288,1.03878598418195,0.514081701396923,-3.00716348620849,-1.2128426140329,0.727425971141254,-0.396132203127671,-3.98969075586852
-1.32628015889418,0.221384888053623,-1.10305002639762,-0.892876373770481,-0.141481785588219,-0.0549621489404871,-2.23870818930653,-0.598689172846752,-0.213509011800128,1.71519860511933
0.747196462664684,1.08560502722785,-0.201885604827488,1.02517427110326,-0.361175925096826,-0.490250233988013,-0.0297146753982212,0.738218138390555,0.355098018796964,-0.201508088815561
-0.704084559004119,0.410389240318628,-2.68574061347899,0.596817293198043,1.68583201132446,0.601821638079555,1.21640132480323,-0.317402937748993,1.2203642106014,2.28495781654863
-0.881650640459947,-0.077335014294896,-1.77073791709367,-0.0333090887835062,-0.354601506107349,1.96274472246042,-0.225203806731659,1.38521706574149,0.797886644844519,4.1911658704426
-2.20380560679951,-1.01418423282895,-1.46189812455756,-0.665162406112817,0.552095509388431,1.30830880589219,-1.57916830079554,-0.675794361335944,-1.04829524040897,1.85381220358809
1.08891671815708,-3.07580115963275,0.672134342630291,-1.64134136521324,-1.84863891452323,0.78294356414375,-1.02392564143313,1.89760722894031,1.31549703955829,-4.26076064534974
-0.0615363331089486,-0.437715480474278,-1.21766753756772,-0.58442629796363,-0.863171584910691,2.07525050165052,1.20506201119699,0.0674777891282219,0.412218963411886,1.12150880303854
-0.565607052740269,2.16605578825752,-2.07200727081452,-1.48744570190147,0.679092494305849,4.59845154528197,0.981984743912343,0.980633582821303,0.522343429132076,2.53609285875117
0.115065121885085,-0.66821061501988,0.534004619972822,1.06384961397737,0.0555708550694307,-1.93595119390718,-1.74328566957617,-0.526443641010453,-0.309415658397584,-0.436119356898186
-1.88418875027413,1.36421976617104,-0.915968816184158,0.778732495054668,-0.724155283057912,-1.47767977962672,0.705562119462898,-0.98390781869437,-1.33027567776252,3.18055291995881
0.364098550419566,-1.00192893097795,2.09123255145505,-1.23258212319624,0.0678818138030392,0.955995331219601,-0.197267387669364,-0.562944216846747,-0.916682997256974,-2.66045830635233
1.33425893338236,-0.511183375857876,1.49528050569707,1.09053046190306,0.580434492701454,-1.82181085475257,1.05067752025901,-1.166308086505,-0.518747517597525,-0.741350326959715
0.401473655732309,0.337228241088714,0.297488549991669,0.0996639006355601,-0.0973592490504626,-1.1272252613432,-1.67758185066513,0.384654339207356,-0.642054864628638,-1.39066538109374
1.30022092585745,-0.493257951538374,0.608137603426713,1.29152381990567,-0.00804440368874281,-4.3221394688196,-2.41156720808312,-0.565849270879996,-1.82930581834132,-2.0233002385371
-1.16206481307949,0.277262055019614,0.772415090758177,-2.16131773125424,0.820930151202608,3.00266277898682,0.731212243092168,0.132157698881138,-0.671020256545067,-0.0173060690935114
-0.431333692782922,-1.25000723173313,-2.56074806668448,1.07479477808557,-1.22129265667746,1.60641945539754,-0.546240397658937,-0.625031255334731,1.03422530094699,2.25244091480404
0.331044911530669,-0.47237304101988,0.256810693507803,-0.691229809990839,-1.6636776085168,0.685925789712678,-0.886930363791391,0.0852921452415151,0.710817656983218,-0.0861419317688172
-0.000897865912530431,1.32402151016871,0.805476694088687,-0.887349120092486,-0.869334914776396,0.4085287901096,1.8033476246769,-1.06883906222015,-0.449315721745975,-0.489269368659922
0.0720455345749087,-0.79913958217929,2.686336606154,-0.492916282395048,-0.122475966177454,-2.93055986357127,-0.120140536273705,0.0886262426991491,1.7635061554876,-1.70603863483188
0.126930927310501,2.13626926585986,-1.07938912296989,1.05036538955494,-1.09438795849109,-1.75584502075614,1.2815730720442,-0.453096074255574,-1.66072782868996,1.84236957907045
-0.166568588083416,-0.0596064725765912,1.67846715666675,-0.068623836098243,1.58703613500752,-0.454090176721863,1.75433685367186,-0.391589073073544,-2.1822741728832,-0.563274759691351
0.385931759016451,-0.544116671211412,0.159893039010508,0.0824901003371638,-0.94621828312211,0.143050266606218,0.30035779251901,0.849795425613407,2.05733190296351,0.320135203920437
-1.03022176447119,0.862896564570637,-0.339892575746066,2.09017572546261,-0.593572180522193,-3.80471524467761,-0.159268022976177,0.155625154601472,-0.984493945578964,1.33909426106692
1.74274122318079,-1.04148510278877,0.122599780895014,-0.092729774212801,0.882170790037454,-0.265226260361586,-0.199799074847302,0.855918634314259,-0.683486222374988,-3.15413534438117
0.9256491989175,-0.088173784495081,0.465991017208788,-0.704223714255497,-0.764995853578974,1.08739495593077,0.0663805982435343,0.761798499185225,-0.149649386841823,-0.977321491983113
-1.77854606137505,0.610860758076726,-2.1012902836335,-0.507421300126036,0.301334216295423,1.57922083379999,1.36077669112601,-1.12177967444332,-0.97139697831066,0.562114433032294
-0.930535420539586,-1.71894617630615,-1.03588842030416,-0.859649905463665,0.513166086861205,0.598049800482061,1.96335008470847,1.67595375270985,1.3935635883348,2.1590730494583
-0.930604194080162,0.0808275512170521,1.14821127459699,-2.07999739915316,0.773270076131877,1.51351094557926,-0.560207388227095,-0.293386261502625,1.0083463569914,-0.984215124497034
-0.859069426114205,1.01581415601266,-0.183350458839172,0.0604174340503529,0.472038965465768,2.65340380068784,-0.0896019704871975,0.677498705385967,0.667466531459599,0.357094934023555
-0.715726685466015,-2.98411907570037,0.126170770039016,1.2749800096104,0.714163159128282,0.836423061444584,-1.03271401374762,0.599796362486625,0.546047157711315,-1.29020039079102
0.670362707061494,-0.5972169110757,1.5000092430327,-1.38550401369043,-0.449754676937163,0.320530384049435,-0.857606908089257,-0.863046216714756,-1.59229896394269,-2.29251600360723
0.289530020620468,0.515390162037137,0.850245074863094,-1.55850224731044,-0.898191584289873,0.818217143757273,0.817057720356385,0.329680838024355,-2.35610531698579,-0.770252187395712
0.176911082009873,0.019498408268289,0.415437522326456,-0.721066786831051,-0.56721182713164,-0.52341316957864,-0.701438327371322,0.628377118459692,2.51628635422784,0.601228770011178
-0.112628895353159,0.919668688918684,1.79228741904961,-1.44595116612265,1.4230299707699,-1.35635222572981,-0.56702886300643,-0.714846899556132,0.0323485495726892,0.308034557715087
0.3488673996289,1.01086628525841,-0.624325490153835,0.275365457385787,0.00505548715933791,0.79245849410402,1.13793031047563,-0.808033682183155,-0.394493243196249,1.90276012928035
1.01754258188254,-2.58223151936822,1.28051161540069,1.31304194298828,0.13417858190003,-1.37597964417701,-0.873532917789706,-0.282066305509272,-0.0675268622474275,-3.36791819714588
0.96511281916302,-0.128084396512846,0.352233550828335,-1.18330425018878,0.853789736894239,-0.0939593177168632,-0.775813219107471,0.328113978330748,1.49543421588309,-0.907656242171342
-0.280398766336804,-1.9805112917114,1.71295795380519,-0.323547389323663,-1.1776218242804,-0.342856779803174,0.709096014298248,0.10680964404627,0.891681569429774,-2.48402614669555
-0.0622038886912113,-1.09572021359083,0.743378843350382,-0.434528403492727,0.885606860389064,1.52755097683135,1.09160634284459,1.32043517540192,2.0030717822343,-2.45399559383847
-0.830580515035961,1.07538378292214,-0.484571341088699,-0.147359818862512,-0.56832307824562,1.05772968212594,-0.443582150780824,0.486922065956434,0.80266026033226,2.54772084334257
0.611181891786054,1.73253381479025,0.338387879126974,1.74202704657252,-0.621029184240787,-1.18828439059104,-0.275177248760624,1.31022719539696,0.99016676501842,-0.74313966978147
-0.0975726477299498,-0.839974607932764,-0.501856430921083,0.728714513663235,0.000271304264513884,-0.866942120281819,1.79662124055209,0.905522052758065,1.72327233152557,-1.41247181698747
0.263120871162598,-1.73179874417268,0.228743348251641,0.192951258308744,-1.02162291359423,-0.218924307211009,-0.306764222999145,0.586342660624272,0.822915737169716,-1.87752914048464
-0.822277224837035,-0.694993918592478,-1.53885874400307,1.43006939927705,0.303824999745704,-0.948277514654709,-0.682777478169021,0.446269374664135,-0.456059244124948,1.8076628504954
1.12677611658534,0.156577234381823,1.29780742088743,0.0721434674620879,0.550397954645882,0.913809590575343,0.314017811895224,1.04368254619118,1.63857030924011,-1.24469405635471
1.71674538975567,0.128139810764431,1.27699177633107,0.913823307774098,-0.513332126366876,-2.24564125060259,-2.83313560269225,-1.26812012699526,-1.2009837679465,-1.09764727517462
-0.582495104350739,1.39226802011005,-0.341211124913359,0.785986576686355,-1.38560579138569,-0.90080665428633,-0.42968020675776,0.702303021687391,1.74425870706919,3.511904294468
-0.00354574261371182,-0.098586730815869,-1.08969437429644,-1.91783979233163,0.690509759087763,3.69740633602524,-0.596211902064217,-0.280011034530981,1.75976802922867,-1.75943659991947
0.858343207419588,1.70069051734819,-0.0482214253968556,-1.47321072218502,1.13318204337356,0.477517965824466,1.29003919821666,0.925872257724986,-0.0810708827346853,-1.22417730335567
-1.74886800340603,0.411066528538014,-1.31878538353634,-1.22941654198687,1.05695218598896,2.80845937629283,1.00034183875037,0.0267602644007658,0.837213019623169,2.51553790764772
-0.989140620065698,1.10081865373125,-0.635729137591618,1.06014095062054,0.958694120722095,-0.889387750997064,1.12215250770455,0.777669792458667,0.404260943413533,3.43959676533056
0.735529934229901,0.00415567645295292,0.363441956183158,-1.23489962588626,0.272725086283564,-0.544162479956879,-2.5520388251585,1.67216303279818,0.995397526978183,-0.618609166238679
-1.31970463228319,1.78756088847561,-2.49247451433156,-1.39222915831247,1.29225613357235,5.0486351960651,0.453442293952905,-1.20592849259422,-0.633265794391143,4.42110633116022
-2.82453178210456,-0.164334257861436,-1.37742550567814,0.787178265612528,0.788505527691916,0.144171388939929,-0.997667866317647,-1.13401038061725,-0.0574551784965081,1.92100758776548
0.263124195573252,-0.379630518278576,-0.745265581227831,-0.524988459808912,3.04746483923315,0.741647885166125,0.0914234539785775,-0.180246017631317,-0.697103909367347,-0.841719162983784
-1.1179882795419,-0.912092667575297,-0.522544259051988,0.0206282765605381,0.977389664865962,1.44054425255769,0.411478680239465,-0.78210234621278,0.709242265391571,-1.4166507365148
-0.579825070030791,-0.301585101393621,-0.383578364019614,-0.288475726771048,-0.397067332485737,1.92135827839438,0.463373353724566,0.783754501446558,0.219056185810036,-0.425522719262712
-0.170358353388459,-0.148901888432956,-0.507809084970659,0.41939798270826,-1.36328519029918,0.015521642990537,-0.848607599467727,1.19901147346896,1.52110899490515,0.526908156148175
0.918898206229028,-0.925181148414404,0.52948685626113,0.418071637721587,-1.16878617873043,-1.68690897324804,1.88197440612512,0.267557295416057,-1.62833036063986,-1.10795484248963
0.180801124429912,-0.360579390458929,-0.824960679377157,-0.993707282879897,0.58798851087069,-1.04542406537757,-0.673039204127579,-0.379412676388175,-0.0651544440035318,-1.82266623976028
-0.916941538750925,-2.79380135331346,-0.858064916004139,-0.195739949411443,-0.00514662554946233,0.547330220211218,1.04088458881965,-0.0570941930050838,-0.956405709603589,-1.29612183709778
-0.553457986284028,-1.42020808343157,0.597497151992606,2.27808580530026,0.95474512269697,-0.299300146578784,-0.928798666992992,0.0446889130989881,-1.01194321960451,-0.607669356887944
-0.676946287699137,-0.693212872586365,-1.11609771379616,1.22835058870834,-0.777622570584956,-0.742159979928727,1.83648692945009,-0.146879259934808,2.06521835385015,0.671789648804727
-0.649553643473021,-0.374094102513556,-3.06843393422612,-1.04625500465368,-1.21252923105725,4.79364621607113,1.14772992381232,-0.5791573271098,0.43866663825805,2.1850255469002
0.599432314421153,1.28486449853925,-0.242842830671452,0.936394893883665,0.0134637065781018,-0.786748716701268,-0.323676028400337,0.0678922926644052,-0.819950502918494,0.717981945698558
-1.66750930232117,1.14866091963317,0.732306724459198,-0.462973721490213,-0.236419951449124,-0.194387396433962,1.8115845091998,1.10514446742817,-0.795229632981491,-0.0670567252861473
0.656036674589609,-1.0830152470731,1.05866389067234,-0.414321300433976,1.02116505582049,-1.78790551857694,0.747942541320622,1.28258713743647,1.60199440716681,-0.851766815826017
0.408151068211089,-1.41158905321527,0.00236640504082758,-0.859168401877215,-0.452229615363541,0.750185073425203,1.5715757105783,0.919593654931646,0.874065907499378,-1.06293077842749
1.31828836862144,-0.258621237770512,0.383422590538509,0.366918638014029,-0.928909883548824,-1.01285340402872,0.760931894031037,0.328649499226383,0.0646737732691006,-3.59302906532125
-0.678810186541951,1.14809962754689,-0.887735383700346,0.453698805015551,-0.0833592621699132,1.86415821607737,0.0625776790694489,0.251215939717852,-1.05657632497739,0.0410332997762815
1.01226669066111,-0.151403575709597,-0.862731427404737,-2.18910567319867,1.87576690515825,0.670274764232257,0.876584464465187,1.39236354289906,0.739289458037858,-0.396370158856992
1.15476921729123,-0.860044346083709,0.837664723550749,1.23389353245096,-0.376902619494423,-2.80272509777819,0.999699629731466,0.0699852995798098,0.822801815455295,-3.06486763407989
-0.17294522396521,-0.297617329535684,1.16296959718298,-0.00675877067847147,-0.0962666801425069,-1.49291085642972,1.21479024305159,1.84681466531102,-0.158312169889687,0.104300735384694
1.40091186950766,-1.35298956344098,0.713516949162456,0.246865479680176,0.00618509310922664,-1.7202229725196,0.752848355557919,0.149881421492988,0.590936931976756,-2.18303836723327
-0.0135662419409886,-1.47225421834973,-0.897203760787211,-0.0455829855239164,-0.171058086015681,1.82805265096943,1.88681740938694,0.428723870148729,0.990284943113251,-1.28735620896453
-1.32345092922458,0.359197203582403,-1.2686765875723,0.0649229166237911,-0.280372203398318,0.679214162847075,-0.0358865621448122,-0.886222759447285,-1.26748374485657,1.58134091165186
-1.08381088132497,1.98653686508486,-0.790479146037158,-0.404815150618591,0.497669705723657,2.8042927730908,0.739834578034934,0.108473498817176,-0.262907945619606,3.84074032939557
1.48536659598043,-0.816738141587369,1.99243542851976,-0.123609655179653,0.456092595051083,-3.21213091742968,0.446664755225515,-0.37090274272656,1.06518420656115,-2.91225545622585
0.474167618404495,1.20978514432295,0.514937245386303,-0.728933646483195,0.53053760996503,1.16618282039342,0.507824428713938,0.861509782901679,0.863683103646817,0.566331532069018
0.096197181704993,-1.13831638266853,-0.600323735245909,-0.214190494583441,1.17913762428922,0.438514095636571,-0.0549758852425526,-1.14214976385636,-0.451742680524793,-1.41169032260236
-0.851270442951292,-0.938433698977882,0.936513653654884,-1.11742729759573,-2.53356337563456,-1.70874686516365,-0.70246304275383,0.426750052281099,1.11405415593274,-0.657649667004947
1.5869067773347,-2.13413051821805,0.162287398349434,-0.256318258982062,-0.338741924928706,0.740083222014031,-0.490900533561398,-0.139380123298959,-1.23872553394713,-1.81318300780379
0.533175530006184,-1.44825636953224,-0.561904660939953,0.648777014809683,-0.673610151471362,0.0764603120086604,-2.20736357803753,-0.88630349006293,-0.637109920265697,-1.26461047315968
0.527436114160437,-0.0366775026219915,0.357574933926987,-0.671662032395817,-0.606999154450911,0.260692050905278,1.61272263510528,0.304865164069426,1.59924350884006,0.685209320029301
-0.436411334966981,1.37731964802935,-0.899368315727274,-0.410428415910737,0.420829891698739,0.382347718704365,-0.244854250689694,2.17826068535742,0.459460205528871,1.72046893581642
-0.215912417204529,0.094238809510544,0.155572915681246,0.680939421245569,1.45870862488547,-1.02788212604318,2.07988079522292,-0.468792545770317,-0.709045245729846,1.05517118715328
1.0727744528273,-0.900411008011134,0.00127963724460028,0.275981146114246,-0.100845675902119,0.643690403947484,-1.27540022291679,-2.91402196798966,-1.66290175829145,-0.576480742311427
0.424709412821415,-1.16653234495544,-0.215715446544349,1.17131333050751,-1.0564209246267,-0.436783223808615,0.240768684064349,-0.499238419812002,0.312165808621679,-1.98387089209176
0.417736453540279,3.02403180603249,0.0750370439500873,0.95382681548569,0.949667965713574,-0.938375012208124,0.398749788981635,1.82387534898077,1.32486284990537,0.697185613152978
-0.978583585102675,-0.0285992820092689,0.328987405899048,0.322442381730221,0.869945100549662,1.17919698953463,-2.06263729614138,-1.26042884848424,-0.971744201806059,-0.867380576152235
0.122987193426054,1.2816191999543,0.609502035314333,-0.217813476350095,0.572579512749974,-2.06085601662077,0.658156000878804,0.500733183945451,-0.375893998260003,0.624954266978204
0.513679833948534,-1.34210128542063,-0.624576955490468,-0.101067541562173,-0.955074811154465,0.783989499940271,-1.96268167011212,-0.316635863121527,-0.584873728587626,-1.01541401869264
-0.30294310736725,0.122594470290987,-0.681379159025794,0.179978121012144,-1.8659412888127,-1.18137259596703,0.703961920596397,0.430983579629977,1.22119033282716,1.78750731034365
-0.216240101275072,-0.00865360929194913,-0.569961276904933,0.774337312535727,-0.393152629329041,-0.950715872042873,-0.361488105118627,0.779908239193758,2.58889891305475,0.557822371617062
-1.02284740780922,-0.125162456552564,-1.29882686649162,-3.13639090475214,-0.505144358427863,3.7090667977476,0.352243114520275,-1.60675013930659,0.963823893896828,0.417640036404334
-0.114881011461353,-1.2485401322407,-0.736418487793114,1.44985919505617,0.0400032830414721,-3.33963261132961,-1.24883624436305,-0.678089759783496,1.55799134281014,-0.831003496403163
-0.733865611020527,-0.366664237907916,-0.47667783205818,-1.59233917137467,-0.187679850504074,3.31162935413598,-0.232806625411584,-0.711920567210444,-1.77801527899398,-0.572326931630227
0.279101376728819,-2.49614791497477,-0.726232172605856,-0.390737195749711,-0.237335346896419,-0.0898412167072466,1.8629950146059,-2.18405827692002,-1.61362393367117,0.804977393110504
0.716619526677612,0.697322279916094,-1.54775626114997,0.100413725994964,-1.10727068922397,0.652378446957468,0.168381362836254,-0.198588766882909,0.169307218969967,3.33708336990572
0.252633147325988,-1.25086831562488,1.64984591967542,1.74079660398981,-0.453049773832435,-1.72941656911885,-2.51423144628317,-2.26687603533196,-0.9056802873943,-1.8829612195043
-1.30141781075088,-2.14087810081585,-0.81632595031817,-0.707554998023521,-0.826036695305434,0.173399994539425,-0.0991208078292968,0.146661225868567,-1.45972357500657,0.189325408945526
-0.280461194354492,1.23829583780031,0.457245469336953,0.821206079116973,0.0844110856654185,-2.03390063165048,0.0240883877804092,0.439319888354345,1.1890533826236,0.613825585921399
1.27792148919684,-0.939627425562208,-0.0671288533480651,0.257146200118772,0.62140646512229,-1.72011600836037,0.329379186512151,-0.351508657956423,-0.486698396194874,-1.38694833028122
0.0415780569367591,-0.773187277651302,-1.42444304923351,-0.0641322619418064,0.481766382716717,0.343482484526304,0.438399822561261,-0.753998764212669,-0.484501970366287,1.19379612652429
0.213293546513015,1.1329158188547,-0.0308515446178105,0.697503407742563,0.530781366920994,0.37066912277398,2.54006962584025,0.662815366354059,1.07502349582103,-0.153058538343921
-0.664994054051619,-1.51580914906391,-0.604695170172955,0.819986806586252,0.329444436746905,0.449806017519738,0.861147884399408,-1.77380840210594,-0.515080358095263,-1.37489501835832
0.304504009547901,1.9673825906713,-1.43084738700682,0.145147317774488,-1.13056560059306,-0.341413493260879,1.44394988526359,0.746613567131734,-0.127370770732103,2.63244468875479
-0.293355338846752,1.32930885079938,0.637305987121076,-0.142583998783651,-2.35432032593172,0.293665999670459,-0.299629163045042,1.68419804132533,2.85598655878992,0.928460022152222
-0.542385904443533,2.86144546372053,0.244753799002922,0.864141985322714,0.525118451673207,-1.0182401411187,-0.376540200362424,0.0849300435750665,1.77848154476357,0.939454051602792
-0.770914030440794,-0.550562360804766,-0.160461849059384,-0.514195957848637,-0.167261266200236,0.963703716259147,-1.39282325514827,-1.16621551239113,-1.00448029738841,0.882453255603856
-0.376772140699111,-1.97880995938665,-1.36225799207275,0.136258858867888,0.0304190193135832,-0.773859722876333,-0.383782000183746,1.49944812365907,-0.0175312021183676,0.189328133214654
-0.663491420320172,0.670261632270682,0.356967963036788,-0.118374146587059,-0.720172066246082,1.9413156685951,1.76281640815486,0.298424926458846,0.189069572660146,1.16190963346291
-0.503394169301488,0.0687580891278392,-0.0469259229277503,0.0452854360355681,-1.64605764130213,0.620334112539912,-1.61460397294651,0.966185331578651,-0.543617895099493,0.681984730925953
0.384481533429371,1.09859455111445,0.217350354607551,0.298493697102697,-0.128492673956108,0.292169843545748,0.42313122686072,0.264692628273917,0.17478076603334,-0.676363932584147
-1.73388236161449,-0.0430065620820859,-0.952656908517611,-1.05819278908249,0.963131849338815,3.0231717943384,0.94534867610421,0.479042306818231,2.34415496066286,0.576425334325373
-0.903408384548022,-1.56006652281547,-0.134971079148532,-0.252085367548656,-1.88329287394306,0.841887437489899,-0.571516837202506,0.737618994710866,1.55540721254369,1.29544042654461
0.0604925386295959,-1.22801901017962,-0.866907300473148,-0.476667597696529,0.806460341004166,0.862695486693951,0.432739006722896,0.884283511363635,-0.27645881896798,0.138348168002103
-1.13496217276369,1.02824640755375,-1.29715270083186,-0.621194115646123,-0.440192178293662,-0.0121544261641254,3.01517263440435,1.76281908992642,1.33462816027861,2.11194432595526
-0.765331659391018,1.13144214353203,1.76832402917352,1.79604998427299,0.00382441989819101,-2.0989939178578,-2.41760832674178,-0.517024260494912,-0.0653916734973807,0.00451246795107424
0.163172908155992,0.918399535750945,0.0811759586312738,0.479935635463808,-0.858037838648597,0.437655700110554,0.586024108311195,-1.04483368824117,-0.331004720054517,-1.60946675188517
-0.0957838726312677,0.471267805789659,1.188430391831,0.791900987106695,0.50052849412341,-1.58198605697857,-1.10394319848808,0.327142994468197,-1.88478270343817,0.434058244717323
1.08211359895832,-1.03228025603213,1.37693448604593,0.140311056355548,-1.54995561084368,-1.13105491836045,-0.745964396805598,0.818200819971071,1.16753717905311,-2.92891816752507
0.705093108541658,-0.524472180462625,-0.475638541669968,1.77269234216268,0.616815586878668,-1.03243728850508,-0.316733577367016,0.179171480916647,0.763035290427833,-0.979120349103939
-0.424356884693413,0.690473798744551,-1.14573695506967,0.31538670243879,1.0649610354743,1.12428712142722,0.348625262375473,-0.331950744642882,0.0417358278434659,1.00542955179534
1.01834750788165,1.21398195650724,-0.191869879771958,0.315815856770051,0.637401534957244,0.809242754309275,1.0463957499756,-0.430045168471037,1.03762211643274,1.7562124988586
1.94317337515433,1.39236744277984,1.71814612160977,-0.257220163945695,-0.923353359641327,0.476424287793749,0.588601390512958,-0.0959063466817655,-1.15877162240526,-2.04386855947206
0.169191352797107,0.0736699463830205,-0.0841715310170095,0.41722075963177,0.0318817002000661,-1.63426274178802,-2.55215326169001,0.247419278634203,-0.723318647702469,0.223369825574767
-1.2119392749939,-0.911994871865937,1.92304736811897,-0.703226664172229,0.0650907913486341,-0.0127384212421811,-1.13297575633237,-0.110920167296629,1.32728586346636,-1.2206506686453
-1.70034643165072,-0.828953184736753,-1.7130098500153,0.509859316967383,-1.26767932280316,-0.201163768692419,-0.819152657802405,0.287225040959839,-0.373473644574584,2.78550847278037
-1.35204353223722,-1.28741783214357,-1.12002423545537,-0.328717957532419,0.305674148034569,0.743536121293686,-0.899282395625611,0.717085774034229,0.0272733079227878,0.0708874677116004
-0.780671606540634,-0.270528750101965,-2.54867187285264,-0.031169498510387,0.193482961725136,1.07544966363072,0.786776289257696,0.58330617350704,1.88328927364979,1.67042395904352
-0.386447290891234,-2.19681264567381,0.0912866685482802,0.362692090279248,0.479683470037566,-0.355737755301896,-0.359819620998119,-0.308677237283519,0.950715148863491,-0.144809819513823
-1.26846649446411,1.95577260781805,-0.609203506858624,0.981605115538399,0.317748517009184,-1.58097247121159,-0.738302503148593,0.664337319894922,0.909632371336041,2.28693873209897
-0.312640349961487,0.130291818353725,-0.657004026095992,0.832923574230139,-0.871848258259746,-0.624233789428194,0.772279032926581,-0.603445231403635,-0.539217871665818,2.49767511978408
0.0920938380634874,2.22920658490995,0.823183357558922,-0.187672225810471,0.697517556882429,-1.13273228722232,1.04455792289834,0.433618892563196,1.24644255055784,-1.2617216900335
0.576004734929713,-0.388372991132432,0.863065514983746,0.480652125451942,0.112350650720705,0.0507210321485491,1.49787550699136,0.056228517189905,-0.659978873614899,-0.457264968383737
0.648423674133984,0.248815623730997,-0.701660525791459,-1.11363355896806,-1.78079964317918,0.108143637776387,1.08656979971937,-0.945310013238061,0.340566444682154,-0.149983782396545
-0.177090118171354,-1.35678391261014,0.48742388632531,0.219362699069471,-1.03323793496046,-0.471976341104269,0.136565578896785,-1.08192343195746,-0.645049201539212,-2.71208783331168
-0.241997785343204,0.980162445301448,-0.200501719935045,-0.637066781970584,-1.06548710181479,0.474246055716429,1.45785601427173,-0.764961912066833,-0.147587069079765,2.0088506301666
-0.997720075566101,-0.760771884618151,1.16407921331214,2.87039703774718,-1.10260598568679,-3.08864221648411,1.04578088766228,0.0205771262590275,0.376085693384775,-3.51178750157138
-1.59183095883038,1.82427217877351,-0.695812024144449,-1.18114481575202,1.2398663421031,2.56154445425996,-1.57403259051348,1.10619432655661,-0.0728773100969222,3.36221006151205
-0.805782167041374,-0.360461103255567,-1.40156655468205,-1.03044067592211,-1.11162267940112,2.5344587166005,-0.132735179369766,0.876271328579268,1.41205884135373,-0.131329506524388
-0.576297760348109,0.204287660114169,-0.610087183959359,0.192584676626138,0.625829273012861,-0.34628287461345,-1.1626275205756,0.319279056843427,-0.580590983497897,-0.728527608661659
-0.356262716357451,-0.603856480182777,-1.28809850123949,0.390052626104362,-0.110468017145247,1.52556385527635,-1.34793601128825,1.87700419331447,1.43699499359646,-0.394461042759138
-0.502145672577955,-0.492397673988224,0.0845769218923729,-0.953563484327842,0.527081897469225,1.04985037807034,0.237411441139796,-0.688183933580647,-0.599641442790229,-0.742811119440504
-0.582786512227961,-0.798346922809143,-2.09799980967823,0.115820446895832,-1.55828984434438,-0.123707612541898,-1.66167979801111,0.0744543166468118,-0.558988484300742,1.68542441547547
0.79653071176679,0.354482225934591,1.29705133497539,0.342661486490769,1.03348780858383,-1.25546359250748,2.37620074506116,0.00158823755914089,0.0880139022803132,-0.734267326891263
-0.410954956341957,-0.518076409844577,1.46365654094293,0.57250351776889,-0.498176328473834,-4.27594615288904,0.573580803244209,0.5904333879637,-1.29209926940556,-1.29477115302743
-0.533116739735353,0.328684902768937,-0.23118599032426,-0.413497058521089,-0.325932955351997,0.37449335242812,-1.74927514038163,0.291691798750132,-1.05546297359764,1.69088526990284
-0.14069926745495,1.0116107770018,-1.52692587955618,-0.508597377825227,0.671418739354535,-0.35323165269853,1.23018821767011,1.22852009903268,1.40067357899066,1.01525704505582
0.189608576913445,0.711835251263113,-1.14542203368043,1.17860015207375,-1.66125945530803,-0.111060144607363,0.457273540863053,-0.696058857936081,-0.0629237798532346,1.5476149551451
0.048745153457596,-0.52926340327563,0.190338416744911,-0.621032900001337,-0.356727371231608,0.0758718609367907,1.51888220324905,1.07286470847258,0.340577120884687,-1.73636654892625
-1.41686293276978,-2.15709144407664,-1.90123321479666,1.18915659557877,1.11614492470299,1.72448513915328,1.70814510055407,-1.10699626219745,-0.332671752459599,1.18970656466369
-0.105313044092014,1.01855911358843,-1.34456222020967,1.4155563532694,-1.16856646317087,0.931057805941812,1.51828433345884,0.33584819430035,1.16624877725823,0.424144019173079
0.423247000277433,-0.0714719456809024,-0.375656625335842,-0.824441765334865,0.0404363136216709,4.44703208026784,-0.404956891330967,-0.851879738642802,-1.26371496795003,-0.258645441254066
-0.995055417937616,0.804033840081208,-0.805730407519976,-0.0146717552715615,-2.19729255065511,2.20702789001732,0.374409884724185,0.891286142654379,0.761086977150919,0.820245959448479
-0.936056667800931,-0.934232092023335,-1.23064460724317,-0.0816702601686957,0.954746574837601,2.27341418675408,0.63692138827581,1.87789965175095,0.65300810043041,1.8801453076038
0.821836145450705,-0.334442698878501,0.78723190972673,0.925473036334217,1.24719994954151,-1.3448775561136,0.923003504629791,0.43646723106725,0.12702616744672,-0.567620640382116
-0.740680267511588,-0.60391949413516,0.551184112577341,-0.565008489632885,0.189325752875384,1.02259288195212,-0.027804290388342,1.08103610203436,-0.307466226091635,0.716158658848758
0.475053109240482,-1.56639745391321,0.0646784622670483,-0.553985560210781,2.01230067891691,0.887679000032912,-0.69942691057466,-0.83579011014556,-0.271118974346916,-1.64482867788361
0.85942814385858,-1.11916347259325,-0.986987667454926,1.53032653681081,0.766260355162771,-0.766159180200072,-0.74036146440133,1.27387942016409,2.09180171630597,-1.75599671600055
0.51162608438423,1.39088402542208,0.41138232196442,0.517402231205325,0.329572929985647,1.97278822427018,-0.984663090572831,2.04055197227647,3.71718214301787,-0.160606991126853
-0.558801689139405,0.342703634286721,-0.848955138146722,1.69440395962486,1.54134671426473,0.119607473690959,0.919842828897485,0.608016003076806,-0.993025832715478,0.789421309214541
-0.470879682873557,1.19561248620272,1.43116792939248,1.12321667408606,-0.293204582540473,-0.791000635558391,-1.9230211358281,1.29584692786808,0.882977882937287,-0.969670631102634
0.900046960294544,1.80743411009615,0.149445567613741,0.0560878093572337,2.3953167464744,0.0461974485590736,-0.117377586914105,-0.524011280107222,-0.609926480754589,2.24849764936523
1.19297801757458,-0.122455070495959,0.259851031838118,-0.397434934078829,-1.48699798971756,1.83093474742442,1.12485847105703,-1.54654756393736,0.11125145004155,-0.715380175444897
0.606444698356337,1.102380431582,-0.448869165145592,0.678108436295141,1.34234005575459,-1.4779158691661,0.592630410005876,-0.956715967784829,-0.824962111399716,0.143990924300503
-1.0979298647205,2.00608410979421,-0.642718080689209,-0.852688320223135,-2.55396973271382,2.0179824887153,0.0661462259651669,-1.29006119159138,-0.28288599301114,3.08086454380417
0.167415736607403,1.31181077966287,-0.787342064755248,0.724814443126335,-0.0290108921493161,-0.309877923730055,1.74850826844322,-0.250834490266579,-0.0784407757792003,0.903674095503408
1.26387612503964,0.934618640539577,1.84609222070064,-0.817944440674349,-2.43444195502678,-1.55300235200642,-0.0838882747460335,0.444917001063943,-0.858833583241543,-0.335776730008389
-0.293228797879033,-0.871250420022568,1.67879199895686,0.291739290792984,0.48477045166543,-2.24932275938539,-0.280019319767165,-0.41226561472152,0.314890027330902,-0.542483012907696
1.73311231620412,0.135567195224515,1.51605188225627,1.2164274173397,-0.0312820885108511,-4.45361259570705,-0.332368293717786,0.399264984877978,0.0588327098951868,-2.91669798877344
0.284067523890477,2.19587368018859,-0.764426866620168,-1.31255155207431,-0.396765213432896,3.50024694522085,1.95675137172811,1.34068368286599,0.519962498161855,1.03295698975936
0.0303916576342691,-0.824491747943153,0.790907898521751,0.879944413274177,-0.758661233030725,-2.82128774105491,-0.573011788627432,-0.288061458312385,-2.18278005518182,-0.643481867008936
0.553541478278655,0.570251044900938,-1.20961528995087,-0.723030316826351,0.855488412056891,2.01900463764165,-0.258658460388095,0.832926673880892,-1.30701151921929,0.320402953858254
-1.07160007831416,1.39757887343096,0.495388579454919,2.15443553533279,0.395968712859247,-2.02262251541434,1.56536305236669,0.499714467855048,-0.261532346484952,-0.757047906989027
0.76148823894832,-0.70914869175546,1.18950986521463,-1.07060923448341,-0.371936612974044,1.01133706520753,0.996764571442519,-1.75417065477316,-0.569412920193289,-1.85917501942182
-0.85314942505362,-0.56026905018099,-0.624635625550846,0.693935934305952,0.0220605018441223,-1.97607046557962,2.37148134955506,0.51824191473219,0.613649640818091,-0.0320451953946885
0.863449591509784,-0.0679582182485731,1.4152528011674,1.94696463892573,-0.188124543876562,-1.46347690123248,1.34920766736104,0.194237918342821,0.0242880523184524,-1.24868929406886
-0.0815939355784987,-0.479345724937115,0.717472393815076,-1.76761503713517,-1.04801272785112,0.062749816848643,0.182326276236024,1.4147067186993,-0.41619786488152,-1.0977783188484
-1.61165113420165,-0.933134575166037,-1.11596717673002,-0.652787112460824,-0.0127751322988554,1.26768228768431,-0.144147113151414,0.492305923046334,1.59244552484026,0.493954151993074
0.0569821231258555,0.751628622043214,-1.58891582133523,-0.522002902291332,0.325219694930799,1.06411795262182,0.451167482404945,0.48542235696063,1.18399929711403,1.64775730119872
-1.13303215403229,0.169930467786712,-2.51542130870774,0.296521125489825,-0.4000287385981,1.84002586348616,0.820035660210896,-0.422270174082281,-0.200068039795717,3.1027819791687
0.0236149992929331,0.274023901199802,0.727083259481411,0.892694385499072,0.812916187957573,-2.24440243147533,-0.83666252584837,-0.714973396752395,0.349104865526729,-0.0255120954025032
0.310965977014036,-2.48892697933237,0.615609792105309,0.0216484424841227,0.199754835277057,-1.22502174746265,-0.825035504834143,-1.13707553917572,-0.789058449462961,-1.13388324161201
0.456074241258075,-1.27269931006768,1.16453499074911,-0.713334811359302,0.258910396852983,-0.697914498023803,-0.52274659005344,-0.434289321784666,-0.126735310941285,-3.28935694445352
-0.998853536809018,-0.520120295586227,0.03611215375151,1.88500547570048,-1.56001688467012,-3.08632818721766,0.830339532202758,0.884817276193887,1.61883820077021,1.38664709724212
-0.676020464565759,2.19890252376669,0.889329062336049,-0.0195053858373358,0.394217821092384,-1.74126420804998,-1.11490636860459,-0.113274077542264,-0.837362053917253,3.04078007699193
-0.092897947621685,0.661918755000094,-0.525419610696743,0.437476946245018,2.71644622669287,-0.639552505045108,0.472551327145107,-1.33628951651573,-0.103056369415102,2.20183568809177
-0.611631961833197,-1.59556709967252,-2.29743110148599,-0.741877331713967,0.0142311717010946,3.50391658769482,-1.59085932134387,-1.19682542694727,-1.10951560394483,2.51222046928365
0.34177059986802,1.39581127989712,0.543063010723678,1.04409008266767,1.2365590454651,-1.20032413419887,3.10451200727109,-0.449145067393865,0.372769075127454,2.43891650544341
-0.583148707798775,0.0220200581903101,-1.43449428734295,-0.495467708689047,-0.15739487897059,2.22180558676126,2.11785474005648,-1.23873825266734,-0.937408026243933,-0.378233361746418
-0.992721857624747,2.16057755708858,0.372735272879379,0.258618456890086,-0.885985321460615,2.95286865761207,-2.57288456256794,-1.04148293462669,0.116263840062713,0.457112667352179
-0.19837101572729,-0.240418632038893,0.501673163809148,-0.100646103903862,-0.302061313327594,-1.46452073018862,0.91850847728143,1.19081657740149,1.87181528040157,0.344114680113549
0.477525158022363,-0.156290066118014,-0.757262899540845,0.852753069069576,-0.0421949597692754,1.29285213050687,-1.69429370954048,-1.32965028605184,-3.87483329169395,-0.0292238762932659
-1.60343681890615,2.83144613819326,-1.8505291022641,1.82344591154254,-0.305799647296281,0.13702274868608,-0.880917657207899,-1.32794850219719,-1.00075125520267,3.31927860912695
-0.313795156354225,1.63637042826602,-2.26839847729562,0.48955693538619,0.756431580980551,1.33258778022173,-1.55732389866452,-0.027428190990472,-0.243456380065586,1.78290528381422
-1.93104803169018,-0.281791458055933,-0.708843172022819,-0.496988641429317,-0.775616439793549,3.25905763457107,-0.804627834647696,0.570256977475171,-0.364563766654712,0.857813773863129
1.04764803487412,0.234167908119398,0.306406374134802,-0.272103974709467,0.443681565121612,2.39992534669786,-0.97250394415768,-0.382067763566924,-0.26307449421759,-2.80136773107766
-0.11369351577096,0.672138994160851,-0.751373347038025,-2.3118461443321,-0.0911738354325811,2.23817153611967,0.192426012645521,1.76365436154875,2.78435302778662,-1.5279813910169
0.207380965482472,-0.394794793764432,0.542465896900236,-0.155324045124255,1.0008451910778,1.20566010786189,-0.653151896473249,-0.555412234297707,0.794391478346029,-0.393989322401516
0.00846671315960128,0.268619235678899,-1.9218937466249,0.609833141341323,-1.13085793659828,2.45474754097123,-0.0198191857072497,0.813554116261672,0.34224083555878,1.94630116979128
-0.501781219409094,-1.37935937936839,1.05144022545403,-0.823870082978555,1.64126196601355,0.973467378942994,3.24992504959413,-0.0730587364233148,-0.806897445556436,0.594169752918477
0.478094262438107,-0.702481516793279,0.522197749998701,0.857980616371946,0.428909013867093,-1.58133183373618,2.2515157214056,-1.29346270806059,1.11511041554715,-0.0660986329608892
-0.353487111249046,-2.14009459532633,1.71305517820449,1.90596320619988,0.233486540414893,-1.22912095167298,0.768277530854751,-0.392251655334356,-0.994613790381758,-0.416436083208227
-0.575049439449289,-1.48607893482138,-0.156464287064224,-0.157199552539211,0.814110439622491,-0.126594225362879,1.20541396348198,-1.39907425888359,-0.967627870385616,-1.75560222483693
0.323326934716421,0.029466369479055,0.182071137997245,0.430814390570748,-0.174555679932537,-0.188124884419969,-0.52407606183426,1.81827910339146,2.14359524599917,-0.334978533279313
0.570764085000915,0.115442880818465,0.606658121719373,1.62482197110031,-1.24544751626981,-2.13588116474621,0.159536363971103,0.728229525071887,0.754966216606976,-1.21484925216667
0.318522383146747,-0.603352978921595,0.400666861938731,1.62560178197452,0.0865071346075541,-0.344505160977971,1.02281844511461,1.90810735667221,1.49498177908191,0.445871978289674
0.728223055784567,-0.147904062322833,1.09531972298169,-0.0162975486823401,-0.700278303271037,1.54671645488542,-0.112694994218703,0.509850421947783,-0.0783256390269327,-0.426207546282888
-1.21947722560142,0.0950325030052547,0.432651727052819,0.0399642584607832,0.576550678277584,-1.2181362309866,-0.902249482761402,-0.532335560066953,-1.50847768294939,0.850535796452639
-0.257070782144112,0.165387075737036,-0.96265967593962,1.02800177977383,-1.0213153516611,-1.47316122130609,1.53451672576259,-0.179313385566889,1.06696452956591,0.851364698984718
-0.68041708426065,-0.0061274273832062,-1.00268100940784,0.794250710215685,-0.6404735595828,-0.870383146548341,-1.43511703634202,-0.838746932545834,1.37285206414504,2.38307068548756
-0.507383474999972,-0.307428024900776,-1.33298914646083,-0.854838330287369,-1.3769028716094,2.41158427855762,-0.669442134807405,-0.523462463076914,0.672846958640768,0.886775039299751
0.526370522962745,-0.289830577744581,0.42505109009408,-1.11900389667132,-0.389194352908367,0.887803183282006,0.447361926784907,-1.14895599935724,-0.54849218050509,-0.321289017320456
0.151783077864292,-0.672625140490882,-0.0667023701955665,0.330302104916889,-0.276959217379286,-1.19653493807914,-1.83247395141197,-0.621302508010028,1.14160000766749,-0.563790281678675
0.857768499443216,0.224946548413391,-0.369360750302361,-0.160710415286811,-0.482434314369866,-0.709407727848297,1.66080451396189,0.972117249780455,1.59558214911763,-0.287488122603808
1.8247799254431,-0.0251336278642011,0.379683484828986,0.895037362379938,1.1356062797485,-0.476125099098007,-2.94436416454984,-0.271138269802494,-0.171486897735087,-0.372661596794965
-0.0965994332885354,-0.424735561934763,2.02457539793379,-0.132851648105545,-1.44087382697227,-1.76326646990322,-0.406611982784895,1.38674251153497,1.37780513985379,-0.455270567569238
-0.180916385736033,1.38382548670109,0.502996832384472,0.887784752219547,0.0147568277851052,-1.36425416927625,-0.505036906712125,0.420168123267683,0.0159395384075018,1.92487611318755
-0.457522833329976,0.933581235566484,-1.58806872201772,0.0483105642146457,-0.418431030157958,2.00939777331825,-0.739407336429007,0.323269701691798,0.952666366385393,1.09841245928504
-2.11013334881963,2.03907675942584,-2.02868508620267,0.443152181744614,0.0861184878181799,1.57410208491027,-0.862266105408396,0.214933272654745,0.420864327871319,5.17346142033013
0.167603285129051,0.296921553937752,-1.22310159227951,-0.91407948259899,0.514630115315654,2.0595223671652,-0.74583007972598,-1.51908379779968,-1.68394605928301,1.88047004417517
1.74685781122736,1.12225150309478,2.5385136935227,-1.07807094957821,0.234945138703636,-2.88984841061515,0.404336326279921,0.364384863866319,-0.154804309832814,-0.425416702682646
0.505967842913885,-0.189798392125685,0.621301166192154,-1.10354581972365,-1.16423410991086,0.348282082562561,1.64113183450157,1.85015062145104,0.93585735409938,0.0289916585300265
1.10585660398379,-2.11046482698818,0.536404412734298,-0.42423640831306,1.24166717266146,0.485685206703354,1.45280050050443,-1.12123881891011,-1.73241942528488,-2.51922212177866
0.512334230655714,-0.358992049280348,-0.323634108678324,-0.953600262876689,-0.453204346672473,2.40485396596956,-1.11149224507873,0.191352231530886,-0.231238215545971,-0.59963584745482
-0.192830074492137,-0.434754848276222,1.53095924450246,-0.459843458874078,-0.222402293847929,0.779699698401008,-0.427397188074094,1.09892791096595,-1.03147228632667,-2.95727151309015
0.726164423209329,0.991002198356158,-0.350375396807637,0.760861281298456,0.600384467758204,-0.888063841140502,-2.04210378562959,1.29408071331867,0.416946485015156,0.76807515305063
-0.11554149836623,-1.80233127265538,1.67712786183574,0.835918097844393,-1.3033446590768,-0.203107283948619,0.0258309945997541,0.18970943072061,-0.661332715914698,-1.81988112819333
-0.450309733495422,0.697105421640386,0.371230801494253,0.461901763046391,-0.0114294249477068,2.29332444836392,1.70437563289708,0.253718917772805,0.306216773727334,-1.96991218401481
-1.26544529233882,1.20582959890531,-0.8398933511514,-0.38088989278107,-0.405117831903135,1.23956912391143,-0.564031576766218,-0.0705927291200057,-0.512699147622351,0.646569991534751
-0.533710705207059,1.23464792374245,0.279112610989753,-0.898154388572483,-0.774370568992596,-0.41415259166347,0.118974223561768,-0.0186786918313943,-2.06983727847953,-1.12223572645218
-1.1453352103035,0.884781822842833,-1.69177390476115,0.714011602145561,-0.750526809403782,1.43247581260194,0.388169075244553,-1.1660980902362,-1.49335676267248,2.16888383633246
1.49949165018922,-2.20872975131641,1.57598702147965,-1.14242999120054,0.921270190291107,-1.56695442063355,-2.0180644900294,-0.00222144954306198,-0.113656615904535,-3.26790025210139
0.125416640949192,0.414126872254082,0.580590178805373,-0.455079699197203,1.1723635889263,0.844486995010034,0.607346004616099,-0.605244298998259,-0.681045246810032,0.0085994981399688
1.32428489522367,0.351448943360476,1.48855301166961,-0.519970381001974,-0.157224957818394,-1.4949477066911,-0.242953549051086,0.262376433278304,-2.69637186806399,-0.651357677623474
0.458789691010085,0.0251887539193608,0.674841819551984,0.334632398214043,0.426155689861171,0.122429004851326,0.873024882630042,-1.25104312539791,-0.935125121547981,-1.06503496622409
-0.144637195589089,-1.20276076905574,0.696991840378061,-1.52770824212908,1.30573423214919,1.07616900489322,0.98593140668783,1.95899294235907,0.657601191501324,-2.80873590618207
-1.0956134521399,-1.10104609214619,-0.543691073533885,0.117671741209554,-0.771350686636043,-0.54615903195223,0.536244872470588,1.14193497284634,2.24307623829501,2.12186717547356
-0.703270517641734,0.897548927601837,-0.601285599125369,0.0470601495685414,-1.3309543150406,0.334544007716538,-1.15519842214418,0.500140243414546,1.09979852147719,1.22960822387351
-1.84431587688169,-0.699474456637841,-0.728888902803886,-1.09475032140151,-0.146236069697752,0.0107234862917102,-0.209930036388357,1.45253577919973,0.35990422966432,2.42536812549109
-0.311356161876727,0.395568481003251,2.31803523875689,1.38826842594316,-0.417251804002562,-3.92617515220673,1.3616363802986,0.103026710746954,-0.671794541614772,-2.26643636145388
0.818461628789248,1.39598273750378,1.37373685518911,-0.00506360611218016,0.818255490201416,-1.94177022754644,-1.68743051543805,0.0480603179780537,1.49753815852525,-0.620846885918834
0.202386830346469,1.12533029110306,-1.53056644722343,1.15206311742502,-0.685428256273607,-1.10382051869773,0.860441653913458,1.95118007144625,-0.344790891430122,1.13820007494619
-0.214227150786134,1.20879260616488,0.464341488460048,0.15941902076094,1.19944052604315,1.35722506329528,1.27165959811332,-0.436828823947817,-0.167806071885735,1.20721698932404
-1.09888007916755,-1.50875317073895,-1.31085069722285,0.162720762257447,-0.674283538434956,0.995677828913025,2.05376317187019,0.831696854416422,2.06428604671731,-0.0189769289813099
-1.45393531937106,0.725978415470919,0.412315526079623,0.0515178939035522,-2.60811488889564,1.39277590711419,-0.477584262634589,-0.948281619035491,-1.96529277661592,0.0278056900789883
-0.950085388556268,-0.775415637888667,-0.271768403162536,0.00635966274929785,0.901001378521337,-0.934280291507832,-0.263321669680738,2.20590663496092,-0.120745438007109,-0.0467351772870995
-0.478678626323907,0.85399676238361,-0.620471758358078,-1.07211700382412,-0.613835509112766,0.193641861947204,1.9385579120082,-1.1775188569288,0.682978645894057,0.832859468838767
-0.693290864391708,0.755989647729987,-0.661591994966967,0.762868605885287,1.17161971449855,0.0266270420870042,0.81846287510682,0.854692926336995,-0.682094103844312,0.169419923972432
-0.641138088118247,-0.0760934687856795,-0.617856951544809,0.0436040103193479,-0.704850987820433,0.512639266969162,0.205117523095763,1.03187901055005,0.449615021880352,1.18193452605464
-0.76707579884639,-1.05122204524841,-0.313761074648015,0.342670659917094,0.43867312196058,0.637587659245995,-0.572877576922656,0.0516752492609476,-1.11516465156205,-0.0470708634481604
0.313207253689292,0.215132174866531,-0.260499576787897,-1.16306135333099,-1.42557123358656,1.19192248460724,-0.768502785295037,2.64977902644332,0.23720177529696,-0.914553964610808
-0.77970552550269,-0.080098623750374,-0.786153869182205,-0.291092295686018,0.927738864361781,0.685451300189517,1.1737392053069,-0.257062562680135,-0.623159400557339,0.609637358645055
0.24586206704573,-2.49544919152109,-0.497321387623187,1.31825610134108,0.216660884537498,0.226278245984612,-0.666813350571362,0.332374091632167,2.32998331053019,-0.426030823047512
0.626074315641787,-0.147723293373135,-0.451017061138538,-0.676324424339423,1.56768451772088,-2.17122850045576,0.352335698146079,1.81416068364102,3.17050100016008,-0.242806693353032
-0.425064214853881,-0.726025907336296,-0.596131692566007,0.258972627346732,-0.278112507628442,-0.982264843903982,-0.180273211512667,-0.254054354540561,-0.693964829909336,-0.686957885555563
0.0879079374586991,-2.16360334169785,-0.769644259016623,-0.408987211296958,0.340970663203494,1.13077032300017,0.134381115618189,-2.12016576266963,-1.44912008530842,-0.664803828544141
-0.841302441189464,1.31993033778453,-1.25005483303156,0.712665778605822,0.34416813394163,1.30317032225874,-0.29158598358148,-1.0636368756816,0.591576577269778,2.28477657642397
0.0189395948325055,-0.628361821116455,-0.844235412283182,1.2109602690302,0.110198504362972,-0.611241256568599,-1.27392008111029,0.380603862512562,2.53886778830587,0.175400984870447
0.545770241907297,-0.473556068993921,0.671245879749606,-0.434614965314979,0.7648705219419,2.59410199968409,-0.696048059253244,0.318277765679341,0.890891924171897,-1.05202752990874
-0.717368202878065,-0.792691780378587,-1.21594503030512,0.70041051203475,0.170675437885362,0.0707632152163378,1.6882452477973,0.0159578193803015,0.151657804031821,2.4820884397577
-0.555434116309094,-0.214699896481778,0.273528446208223,-1.78763043427704,0.842266623930215,1.22003527413685,-1.9735461716045,0.428291465795581,-0.609457757695065,-1.32804057423651
-1.24404650171126,0.680638422602574,-0.965637464704835,-1.35267545358912,1.31334820814208,1.50776069444885,0.906763664418464,1.50344430759638,1.44080727892472,2.20573910540575
0.146288089372746,-0.0140984113437643,0.154942217247443,-0.210267342231207,-0.139714935344379,-0.190394158933287,-1.96981655905682,0.116422238203395,-1.42055956779982,-0.679741088525994
-0.715070360376729,-0.0353364096113421,-0.442802579264282,-0.121334882414556,1.81399550197945,0.948529120608284,-0.484336604298207,-1.97976582289152,-0.467632088123842,0.885552417743312
0.53401026087665,1.73690700199698,-0.520181232021945,-0.405287521185113,-1.11795704938354,-0.0404096410030568,-0.520205629605574,0.258877388558797,-0.191390134767968,0.449271692110892
0.482224897170236,0.400590420046381,0.0329249638478749,-0.734510488234967,0.0933674923342885,1.94176941605218,1.32157145521118,-0.354421126750399,-0.536501554946822,-2.9965428518713
0.0478076185337367,0.233253829737991,-1.59086798791663,-0.373779259173358,0.427522715393643,1.83255636514114,0.47058444060165,0.169171696218524,1.99044739133157,1.56788880310562
1.58819344540422,-1.00719703247941,1.89859262260824,-0.81097163886291,0.877098359269723,-1.19609899513193,-0.418227249875986,-0.0429448538165432,-0.169431558752925,-4.07331137731438
-0.359265729835651,-0.31579724566633,-0.282841687348217,1.87591264227334,-0.696041296462174,-2.02631865728,-0.902406397808453,0.85107848535573,0.748317316651406,0.352502902375988
0.503360209433707,2.08502718203071,1.29573786531339,-0.667433781037013,0.189340051528037,0.469285343757908,0.589782157509545,-0.300833613722772,0.446083128099477,0.733874583945171
-0.0479490860753362,-0.864125486573503,0.428994471432314,0.830018233086717,0.165789679599665,-1.58986394671655,-0.865975735897295,-0.956776291913412,-0.80716207104659,0.170285013321028
0.74739966901049,-0.835225941074989,-1.18869579112851,-1.14479612492423,-0.304011803889246,2.24848138414803,1.32638557822875,-1.30707242097096,-1.30315123501514,-0.632401663504788
0.177910351470308,0.325344928085851,-0.112386916641392,-0.191900354484079,0.17713680670005,1.93964556290638,-1.03509311180627,0.656492422965936,-0.610919595810664,-1.50817738780193
0.784529907173495,-0.413954320017006,-1.00016538670628,2.08189056857295,-0.445321862500877,0.80169144415945,-1.3415439233551,1.31034391102315,-1.22077038894566,2.40637306251807
-2.0816307364278,2.15994475924049,-1.34736654950281,0.134823903555007,0.61320253186729,2.36334420405572,-1.61915982849488,0.0702204742562742,0.111858021405914,1.75695093929348
0.774612558795885,0.701500463278249,0.614634980911375,0.400418766016291,0.900433637940331,-2.47709064521938,-0.00636092153412919,-0.21221924508427,-0.762086151923834,0.497487464318459
0.430773854119357,1.05318198942237,-0.948785300093396,1.03935258569956,0.803937796324444,-0.266491483702941,0.900282390839865,-0.0283636788400974,-1.71903301119344,0.990453989061834
-0.290387776857196,0.266381258960015,0.614401894319357,0.117767939334627,0.18371029432866,-0.0659816470221638,-1.46904848878397,0.578657149749865,2.66128378846994,-0.277775583089276
0.766608163421561,-1.85582093494668,1.09068892497834,1.37162262659472,-0.174123011080469,-1.20217913052872,0.433511109573518,-1.14997246620953,-1.02938956720673,-0.475936867723748
0.748349247820665,-0.999726499312346,0.529952560350553,-0.552281995220665,0.726478496616737,1.10492573778111,-2.59152075332987,0.283665133577773,-0.0857008264151503,-2.12540800287041
-2.04757792138828,0.351526139341004,-2.15319683454965,1.06874000861859,0.12352085961534,3.01095014519994,-0.693813130554272,-1.38321947414593,0.148056572351202,3.09230164691383
0.642475782556959,-3.27015975620175,1.54518358023865,-0.772602907360211,0.345665548984504,-0.429806239669492,-1.32473934750966,0.822326523757862,0.757136205591536,-5.02018079105636
1.68656444347031,-1.27965315744973,0.657739037299491,-0.0400808638103417,0.827657167475279,-1.21594532249627,-1.02360279008604,2.14539898737808,3.02977584932658,-2.04562252118984
-0.960459817935004,-1.74949511459531,-0.231550756422806,0.146626304149883,-0.949662958475902,-1.4971519434265,0.331345444615689,1.24035035280015,1.90910300845494,-0.669455919695445
-0.0132126665551086,1.78297371009362,-0.161306284239594,0.952457465667233,-0.915839637355655,-0.229231550042262,1.96577805304964,-1.11561858121455,-1.66100658367984,-0.394298201472032
-0.435646331246411,1.49117873268086,0.287243948279175,0.956756903089423,0.509360227108691,-0.249175687468139,-0.0329334798550258,-0.267654774902827,-0.744597416271113,1.67516877820488
0.442798947081,-0.86148457613099,-0.916728730516942,0.150495350536451,-0.131565552645096,2.24825040410779,0.165975605594048,0.113462014494921,0.908988673773456,-2.02346315030556
-0.66644096976885,-0.953969272873577,-1.93630558650852,-0.196431169283046,-2.08305457075754,2.60361454703827,-1.67936616361261,0.167703273412952,1.26988368596005,0.789827918945839
-0.345983385364427,-1.43682345617154,0.0230544246282289,0.403502026014641,-1.77008602390244,-0.461827459875477,0.157733737994731,-0.894226158360892,-1.22404777850007,-0.146776837474849
0.185566994654788,0.723854528703901,0.881705740667292,-0.542630855852232,-0.33652684955429,-0.722474739966566,-0.625970395801388,0.514578026619962,2.16119636984744,-1.65216788695826
-0.391216836501762,-1.13896693551383,-0.583141791633744,-2.48348817760385,-0.612524428438652,2.50752282097494,-1.10143142505072,-1.20480041179297,0.236523751643986,-0.409455935369876
-0.378282831030307,-0.0265319890639153,-0.183605379867778,-0.470188648118987,-1.71475011054675,1.90072569760583,-0.122724234569558,-2.24293716798715,-0.772817217508521,-2.56079718709768
-0.28669992609343,-1.84518947952503,-0.552512078965216,-0.171891522348008,-0.542486781665725,0.60312770512549,-0.896024322218166,-1.25455914208983,-0.655458626170489,0.214500712316862
0.595872557136043,2.47483658051317,1.4354271915427,1.79536225748079,0.216041846792001,-2.32761565385087,0.150089275663735,-0.567617658024305,0.108947418995156,0.503031206119891
0.00608401993757343,0.117034864497386,0.675380908040973,0.297855555805233,-0.588686610968112,-2.2948345625058,-0.677604189105563,-0.790803457701365,-1.51581629035337,-1.78550230566889
-0.00599699883378685,-0.0249486552518395,0.975230598102066,0.250326694629201,0.103736578971342,-0.760887355398386,1.9327263265806,-0.15802618251234,0.0721281490344284,0.120366651348605
0.588954228424547,1.18622414693814,1.30769517453318,-0.191025894108345,-0.38769316776528,-0.842036809187108,-0.714274220577563,-2.63342525715781,-1.26437942026936,0.671278041307524
1.79880399040971,-0.325953887468274,0.768315035312555,0.318192507757254,-1.7888545225215,0.0390813672256448,0.90042781846932,0.0726133118773955,-0.0583153947066752,-0.536917212391556
-0.419090948708972,0.223831123319522,-0.0388853144149292,0.0833163890626314,0.0425269813204076,0.758266258539328,-1.16574770080871,-0.160213674633369,0.839290951579347,0.875318830792236
1.19839825561064,-0.22709938582845,0.384756482036469,0.563257047326144,-0.0266195043696428,-1.85619581532788,1.04055095935969,0.112082761113391,0.667502894386803,-2.10503260028623
-0.921810187965483,0.218384297460466,0.397723757809655,-0.655904616333895,-0.718691756537859,0.192522579253948,-1.30488571668357,0.74973191078583,-0.0741127411391857,0.720201758491532
-2.1052028258919,0.33079605152992,-1.21932322117974,-0.680219388597479,1.85304266289638,2.33561322231591,0.910731778395525,-1.7218241136014,-1.1462622572878,0.280473565360901
-1.11370445981386,0.473393303157631,0.124287541251758,0.923964439507928,0.240827924683028,-1.94311240999924,0.536051923500626,0.561802210893834,1.58587050637304,1.85463385722084
0.427957619679614,-0.602926896767086,0.0398378011942157,-0.632797531200952,1.76911881256678,-0.448305394876817,0.486556576879437,0.318886156647814,1.54820469676784,-0.658619036717358
1.48993595638412,-0.402257600741897,2.18040399187334,-1.93831069699156,1.83134464267139,-0.747941727203555,0.298597183035049,-0.449170567474239,0.0968568002936556,-4.95078165357387
0.376538408643474,3.33615747260657,0.119204677324277,0.994999963606147,-0.7051204075619,-0.263373391289386,-1.14513119514847,-1.53120264010128,0.540674264482285,1.09270316344038
-0.258998690945469,1.3679282819153,-0.0198683019122348,0.109164753782178,-1.04527961210892,-0.673339362105529,-0.635861449810143,-0.555189017819234,-0.847815293842259,0.876612947763417
0.0722889861733133,0.725021438229113,0.0186028400060442,0.683907711796431,-0.488811442873724,-0.589951425525847,0.378160577117213,-0.517022696701707,0.598393139884024,-1.64796676141738
0.756425025975661,-0.0291593463956311,0.873038820995775,-0.207102116542628,1.797171129538,-0.180648510713874,-0.721149090977738,0.170054816214068,-0.764620773574569,-1.63826173151162
-0.840816307457077,-2.31181423280626,-0.72661767303168,0.960871979823709,-0.969034626166656,0.3251103572784,-1.34509498796443,-0.332672385307609,0.922381928492382,-1.3198672544265
-0.243985625672828,-1.93216861282633,-0.0614458114191875,0.178413059982864,-1.70168766065233,-1.87407915134117,0.198711952996093,-0.400014091531021,-0.498734696767641,-1.21547331866169
-1.10894346695774,-0.389669620403415,-0.0427812458511909,0.775579179741207,0.2789597409236,-0.209493439625545,1.45115496170142,-0.812424208944503,1.32701350401282,-0.541026843445005
1.95859509104575,-2.46531492507409,2.21337629407494,-0.253340456071544,0.681960084339037,0.429269962577544,0.580238632778884,-1.3779805648915,-0.405989959313379,-2.85798074126948
-1.13241758100336,-1.22699966350994,-1.11447146115925,-0.592386914159891,-2.70510230589446,2.64998174173218,-0.837058215745394,-2.30901094638183,-1.01542668006366,-1.03951602763735
0.954092569890456,0.70932024115465,1.81197410991711,-0.932932504546961,-1.0395403412902,-0.769844129195203,2.44417136822959,-1.70769787800045,-1.60204432373192,-0.761465208431489
-0.0288813986535421,0.76865936508542,1.5015778307066,0.323504634413388,-1.23266037661374,-2.22019716384751,-1.45233431408306,1.80128412111461,1.76740994823143,-0.763974916085571
0.349929532398444,0.824319162954173,-0.675428073266836,-0.848506393928971,-2.03211051488633,-2.13572413255577,0.809865920879974,1.92328778645449,0.66389023012561,0.817454642012423
-0.336824038818958,2.00457303858525,0.0449085056738469,0.32291411829776,-0.934137049544825,-1.00713676544168,-0.145811580015405,-0.316807651468092,-1.01110164242305,-0.724051184499126
-1.00071778276521,-2.01472062062007,-0.701468120234161,-0.143030169359346,-1.25552780685563,0.654404291382483,0.0230146033597647,-0.945443153565622,-1.96598359304489,0.883455811847325
1.32431959528879,-0.707211355097936,1.33029514247105,0.308077660805421,1.31521216043821,-0.868602153210156,-0.519957132366324,0.533328726621665,0.0946433831556509,-0.736823747176169
-0.422949718707419,0.79426874734214,-0.499229138589454,0.484935017344039,-0.395410124255835,2.8415743714104,0.183440037389265,-0.6624833459376,-2.3350365588934,0.620781956193015
-0.917044989053948,-0.591054935674788,0.340564894850933,-1.00166664990603,-0.171757342466326,0.28583745531019,-1.16742631767884,-0.018677925237968,-0.572812552471199,-2.72600103112672
0.769232450766565,0.454411207669111,0.929674294728869,0.178208144532752,-0.887867940258322,-0.884705458922838,0.161685021911224,-0.207241401567613,-2.59200630347314,-3.00146166355857
-0.622204046543782,0.117096287510031,-2.14021911087678,0.179949037960251,1.40333547576398,1.08705929395015,-0.530998623004959,0.685338977270787,-0.244411293220272,0.857931798668774
-0.202109690305141,-0.557661968155986,-1.34942458467781,2.15288199575825,-0.748646637036047,-0.59501362807512,1.09230243773386,0.555685844247668,0.393093061305049,1.51629716212932
0.23158672730368,0.32770672910303,0.81987425082831,0.0590223637894826,0.00606506414520856,0.0131525272752268,-1.02381110329615,0.574612721087469,0.96107309447679,0.032382086813077
0.493305491916081,1.91458954062728,-0.687025391688066,0.123034556035325,-0.578999494103434,0.347573001789417,-1.45377258738884,-1.1300253539017,-0.0534884108921612,3.72356364123803
0.087335435671415,2.55977633749014,-0.786319944316501,-0.764861220475819,-0.105771213109724,2.06020712922929,0.925684482612151,1.52170563287497,-0.640258116224966,0.47906287054763
0.313231164590265,0.678377310346392,0.179138769163934,1.74615679856594,1.39231473204342,-0.864992321314873,-0.111328797496958,0.13127124041384,0.6885600765661,-0.137611584756981
0.011730079389006,0.885671294764973,0.503433906619243,-0.92636095793128,0.852681681211638,0.755859567168188,-0.489546750645485,0.740393603835659,-0.690604719185095,-0.811150551275369
-0.493548362631601,0.555302661204119,-1.12386729860223,0.433940161028939,-0.462943568213628,1.03592730463021,0.359088123943372,-0.283657244461656,0.094985511336652,1.01985181774182
-0.312191165945542,-0.209592119972895,0.291290104851926,0.33109203812898,-0.837316828792222,-0.683496765649406,1.18973881054951,1.60565036448316,1.80193547670042,0.320376065123995
-0.178083426162672,-0.388392719740106,0.349910172149742,-1.04047188749209,0.0201294046649075,-1.04304496979354,0.196183406021823,0.4069717171263,-0.595084673031668,0.108297951647083
-2.07625477819956,0.931607050080999,-1.62242926250785,0.719189996831941,-0.00965006549390352,0.700745730522953,-0.154527820313022,-0.583811009468575,-1.40936261859928,3.88247192074794
-1.46102629604573,-0.636195674292191,-1.13873272003955,2.57790648493758,-0.0138625524607124,1.28701622973849,-0.76066508200211,-1.45926296418713,-1.21264975599405,1.53287844580683
0.397819363193192,1.26401918716358,-0.20244450311883,0.707625480979709,-0.339054589241299,-1.12301015025886,0.89513430457485,-0.0776579311665279,-0.260450135413746,0.848452862641061
0.212671437148468,0.698539679418849,-0.86635440692621,2.05589768407971,0.166680484251443,-3.39969673640301,2.14015787984838,1.58212827535999,1.49127759696246,0.820852516669251
-0.328252758240488,1.50680463589055,0.456210124583347,-0.837979062791313,-0.461693127714359,1.40410483141314,0.924610103588464,0.473021359018662,1.98374120222161,1.02864348613365
0.448728000583592,-0.517231679008121,-1.00859536532164,-1.38580161084078,-0.004297662506631,2.80305706051865,-0.0512535478465945,3.09752113206606,2.51646170392424,2.46333773563026
0.14101830847845,-1.61311279998238,0.981174006175184,2.10912983852926,-0.354273589319353,-1.99187520843067,1.40737135692221,-1.37221640231743,0.186316303948352,-2.06840054668517
0.700770770839866,-0.427503355769964,1.07052968829189,2.91623838341725,0.295222015967848,-2.14962413458998,-1.62702788435667,0.710021937485351,0.612630473306327,0.0477983464274136
-0.31323304994303,1.92484387736838,-0.949823270015071,-1.30279516369042,1.79453402743448,2.69903790892625,-1.85156031238694,-0.391290368583714,-0.247210505846537,2.71518199731067
0.316881688452959,0.386263218275175,2.27309077583834,0.900963514031008,-0.555586185592325,-0.825012435817258,1.02096064349267,-1.53839932855875,-1.1215547427244,-0.474407650406475
-1.51876491108833,-1.21539752880907,-0.0876712119579749,-0.561380678763369,1.21884110138589,0.183511604980537,-0.891922285546868,-0.00539219500952276,0.45683721023683,-0.0899857057040214
0.417532583240442,-0.737945847656652,0.608186935348693,0.383377071459588,-0.643004819280048,-0.987811113120923,-0.374519964168814,1.53245410550269,0.668474634216271,0.665033104177981
-0.802739425667432,1.83368611162553,-0.450751744109099,0.16018679967905,-0.719734082351829,0.144280701717777,0.0428091765540113,1.23886793315239,-1.11479623526738,1.77278311697165
-0.689336214294762,-1.94523776464784,-0.473166140748027,-0.332767534415153,0.561935935044425,0.31211163612217,0.301865933691186,-0.709034634575019,-0.70699563421857,-0.153492864235965
-0.00539719065288408,-0.903597078555119,0.967493045562296,-0.732277409071654,0.328138570267155,-0.101836703526882,-1.05303702129675,-0.577870300802844,-0.605847757008067,0.395261677282994
1.95520363361743,-1.19777207486095,2.85256370922933,-1.87451208064651,-0.778522070586893,-1.23060790168344,0.677935856840977,-0.120475952526957,-0.436615012841322,-3.72380268092824
-0.29886121157417,0.563789441643636,-0.102111342808552,-0.293162760786675,0.54344008891601,0.528795610209959,-1.18493437331068,0.112267808858018,-0.000679488592327956,-1.76453776843949
1.12314200991765,1.59717950746239,1.09203084862358,0.487913704682871,0.810442688478365,-1.66716637691054,0.079893851371171,1.99502316071989,2.25129794779069,-1.53047100766803
0.322401256559402,0.608984822057838,-0.244153378195568,0.0333152180949283,-0.609550778836126,0.303770563591375,-1.02763274924829,0.85541880634231,2.31023318842228,0.501124622929258
-0.105953668138552,1.62004619546541,1.24504445952524,0.899652791343785,0.959818549243766,-1.6328000596318,-0.113550271538879,0.652704440799038,1.5175804994091,0.758363800976538
0.296673299606575,1.40967122076398,0.298116733569442,0.78837782189516,-1.34701217831814,-1.06824556801561,1.03302641923325,-0.266831460487902,0.121940989817685,1.8700900490665
0.396531506194488,0.383222959686301,-1.77757679757752,0.0821790992851821,0.397510519654447,1.45107005709511,1.5980330436629,-0.376137749776236,0.781522618582215,0.465246527901246
-0.881954351968147,0.182576835775366,-0.510988421699067,0.938531875007191,-0.697566378694552,0.373464748695157,-0.627873100601109,-0.300755131122617,-1.21048804230106,0.238342189606898
-0.556352103902182,0.119045265087752,-0.839550182026943,-0.546821975514445,0.219283037302124,-0.878996314319235,1.19392535006802,-0.884485500120574,0.0434100959194699,0.150714695730412
1.68922264214263,-1.47405531321137,-0.298364919830892,-0.262229565694433,-0.0164628345544575,0.991534717933076,-0.260451996337318,-0.617580101863625,-1.55353036278714,-5.09863287884387
-1.16495196996193,-0.763995701383458,0.49557803279892,0.507179432912236,2.03164117081479,0.816857147262054,-0.339728806697366,-0.0686995592199625,0.469195926596306,-0.618798062476027
-0.277068319521513,2.49938872747127,-1.14777762530896,0.46954256552367,0.400683123393323,-0.590721897056256,-1.58580822485626,1.07345894302592,-0.798492704458237,0.96586935393984
0.521901013531241,0.477623282413131,-0.248909865750291,2.63835266400362,0.990661430738685,-1.40124202589091,-1.07251414207003,2.13372800666821,0.00741338518785795,-1.28597518608087
-0.542961736778044,0.803977281005493,1.76519638263094,0.647918356600488,1.06029500847027,-1.21812353614964,-0.560091079553105,3.25097086468916,1.01046450499123,-0.931574324196224
-1.01433578388299,0.0941517434388643,-2.03793218715996,-0.938659108691827,-1.16141411747612,-0.207664768201874,0.90240909242316,0.0282494385819396,2.62234564527003,0.520301975091104
-0.853386668071475,-2.11898136464028,-0.684494339026856,0.166082000751523,-0.743580592220811,-0.201027013266541,-0.782449525176597,0.133188016945782,0.264634325741687,-0.837315291950688
-0.201330789453241,0.754654932954701,-0.358624944565112,1.01443306577964,1.17653708811893,-1.41307190929764,-1.18778460747683,0.114079182941174,0.954947641001346,0.398794852640442
1.15612703366678,-0.774616317833993,1.1711208764657,0.406138476451777,0.817279786646095,-4.63307476380488,1.05365521618994,1.15622849564853,0.484326923132738,-1.46643564342582
-0.274976054790498,2.44724522889672,-1.61634963221419,-2.60310076374162,1.16027850013341,3.12351376641365,0.146273714941092,-0.789560234651988,0.28689730470431,4.35905136108206
-0.809082575070191,-0.0417454053914922,-0.155278498536568,0.41385952065638,-0.245526510146401,1.49070371132675,-1.10619730149062,0.546292895068671,0.61697721328847,0.686053827113792
-0.984037062759787,-1.38675678066113,-0.140618816503661,0.548284629980067,-0.416123912541031,-0.909560723145174,-1.27968502680116,0.81519242122331,-0.0512021845194943,-0.495102857968166
-0.19442223718697,-1.30502636905926,0.0901143670535139,0.127516362104157,-0.90226615168698,-0.972092836630845,-0.84833283984476,-0.00732592811282892,-0.0129157988566245,-1.32609176559163
0.321333958022808,-0.359034812881816,-1.06377212738638,0.864448195163908,-0.466280311592457,1.15822724650348,1.12845805791307,-0.267337708187663,-0.856502168766309,-0.981363431582007
-0.184586088129702,-0.744186249895068,-0.825806840519384,1.648784363124,-1.18862488848509,-0.810087197575583,-0.628676956131948,-0.371806083916945,-0.310138642921643,0.774781237767131
-1.28150025870979,0.353093627208772,-1.93142021277057,0.289835880291895,-0.269117956674588,0.541505761121633,-1.0275996622638,-0.414070413605036,0.760683180754175,0.436035714835765
1.04944754860315,-0.613358860300043,2.6372775305323,0.143112449379207,-1.48676630916733,-1.13257671311154,-1.83729233956742,0.361108835993296,-0.464692782754511,-3.01805957496486
-0.679470820231836,-0.236529364091136,-0.828364788505806,-0.352349042985971,0.449359020945219,0.471813772715171,1.3614849368994,-0.656085994345449,1.89606030430267,0.422642121180819
-0.330289489248509,0.973200002229068,-0.296054173490403,-1.34074868460547,-0.362556159654133,3.43610928999231,2.81161404077345,-0.888902616954787,0.0893253552343458,1.27974085644087
-0.00281931961719681,-0.353905807583699,-0.800010311922712,-0.621140736963641,-0.334753160210866,2.21858701569285,-1.01475163710438,0.827339036855344,1.05396820727458,2.12747659939398
-0.657531865272126,2.00635100402465,-1.15020379836963,0.544467841978502,0.0509655458473117,1.00567870271582,1.52248056055413,0.52607097519186,-0.681206906173779,2.32300903005154
0.791776372587711,-0.648371771281769,1.34035998517059,0.258137533523937,-0.138373992648406,-1.85498421605758,-0.678812411247772,-1.36470065560129,-1.57128852083313,-1.47851208204727
-0.247952228511738,1.17751998411509,0.00555907173736236,-0.0296164830729491,0.734595356159649,-0.534704597973272,1.94168673561196,-1.52266748502082,-1.01158609075661,-1.12267592540806
0.3046623205617,0.194682574804769,-0.386891259251669,-0.438187960969448,-1.20673417908629,0.751486536239913,2.67711811691722,-0.295657163624447,0.344980866854637,0.537302184583885
0.242461187034834,0.936381444500769,-0.115753785108172,-0.562161963395434,1.30842195713793,0.778109603729351,-0.894560772102364,0.436001875041476,-0.296031992899509,-1.28645031415736
-1.16601356274617,-2.15262074032621,-0.0316065750721894,1.1448454940725,-1.35012386949913,0.154210000295427,-1.20323965636553,-2.05540131231558,0.374960927882128,0.178315011316349
0.737604241569631,-1.48944312616486,1.94798956287608,1.3867784331243,0.582471365667318,-5.30659058940719,1.05368334159526,1.12925798196634,0.392772775189626,-1.45982982702074
-1.39500312608048,0.850134125345771,-1.24030975687743,0.0975111542031444,0.578867948812494,1.58848530945329,-1.45676563895429,0.810133032435489,0.240841959871892,1.6716900309191
-0.828147905861173,0.590891896613204,-0.656472865177795,0.32143925450148,-0.000571896762387917,1.63324791028675,-0.326669924893388,-0.368856246184453,1.17446270432927,1.23629352627827
-0.100320603193808,2.93777264530494,-0.421935423643955,-0.059258896144474,0.0525838311387375,0.114814319385333,-0.807740675579181,0.170936176418849,0.098948510854066,1.74708179194882
-1.26082934865531,0.494114855878446,-1.31606365253362,1.09769784679428,-0.615760289804692,1.40087652471809,-0.369159697298626,0.253266345560808,0.327314321613768,1.92424621605347
0.0734284407100824,-0.316450892909947,-0.484951161986035,1.38948693155946,-0.2194535562077,-1.29770632799909,-0.976174463680799,0.784722436309568,0.0291195645804811,1.4433033072365
-0.537094875485043,0.0858029348515851,-1.12339045485388,0.140230008225412,-2.15939455082212,-0.852432125840389,0.912745747703491,-1.96728488438186,-0.434496087017508,1.53061649836343
1.06693199422648,0.627991261170707,0.641750301131661,-0.213002637086523,-0.325083535451528,-1.09560184966614,-0.479571860982508,-1.80910842018672,-1.21460234167128,1.02987120620197
-0.631879951284662,-2.46891871113646,-1.89533768470053,0.598237474887898,0.533145512788407,2.14774685322664,1.67562848099193,0.440581337239375,0.0372942699717299,-0.0522341806706501
1.5346721849209,0.955599960827676,1.40189087960084,0.506415358515372,1.03671054271929,0.16201923016368,-0.620808024674251,1.060383094914,-1.61145756831574,-1.18604076906309
-1.57833125245011,-0.809518576338044,-0.804047922377274,-0.642743013881582,1.19658688582674,0.886324300427523,0.45157281063298,1.57241341961223,0.690137723361614,0.0625875078295102
-0.454170484309259,-0.556662476167101,-0.681824727798934,0.738515794086523,0.448079723941561,0.440192126304711,1.39488778485017,-0.618569399060469,1.13096653710572,0.971523082838045
-0.224411924742578,-0.381389922079794,0.673775027482292,-0.288889776042355,-0.596242180142533,-0.390106087967506,-1.53320174429942,-0.675548494218055,-0.699309684287805,-0.183990623487818
0.813067022591921,0.243796157883157,1.1254967806031,-0.394010071572422,-0.812321548102274,-0.336599838097359,-0.66768843267615,0.623311432564875,-0.341513078561304,-0.532476694884718
0.117836101141341,0.5645505741636,0.939923479352659,0.444951155993427,-0.553601193427411,1.11783679628657,0.960363985676831,-0.222178985841217,-1.55457079990741,-2.23866955088597
0.489428653089104,-0.0842290213009122,-0.282311405962122,-0.878885155680978,1.16021853174951,2.92093272002847,-0.574936861793714,0.258036036546245,0.00375591863492032,-2.63246391849007
-0.257549119440307,-0.1237127530937,-0.725212484266137,0.313041960802153,0.214526902775337,-0.689865210427719,1.40054661382841,-0.635426735373417,1.26778958879644,1.27171666947072
0.852379009855312,-1.57706881493869,0.652597785763091,-0.317611589330249,0.160801931064642,0.646832884488593,0.0876881561317948,1.26223466021026,0.219321919913146,-0.52054712512486
0.0382511367705621,0.814430586709521,1.22911756649501,-0.306402768091554,1.0045474895069,1.88183192504792,0.596191520958435,0.0100623265048865,-0.780652250185097,-0.852981642628895
0.976230408682036,-1.9567666091055,0.689084467640473,1.93639302443216,0.873264888418454,-3.80925445829279,0.568017912224009,0.431671091874663,0.84289617477858,-1.92786465540496
0.740790229035618,0.815929860720224,-1.34819314835094,-0.603513035031139,-0.803718603135555,1.89163801899614,-0.481348326637193,0.226218731199532,-1.26841359362631,-0.0716461915417798
1.97440248709611,-2.59706022024307,-0.160918555322726,0.593751675998216,1.385864768098,0.0771734002465779,0.809428434460851,-0.0271653928660569,0.427248369546666,-2.21941103364214
-0.832785962780384,-0.563830247693393,-1.62440364053712,-1.00047414106008,-0.581357278797674,0.783188765113785,-0.389822743757984,-0.717791596956934,-1.70666163377098,0.643701484372151
-0.148321360245021,-0.0681909660376303,1.41847513168197,0.279242904770077,0.569094907260739,-1.55087921563012,-0.65876598801641,0.797412196036761,1.3298786043707,0.425303122337612
-1.31592025107726,0.648389523056135,-0.636228948014916,1.4501719745373,-0.756074259072789,-1.36729912038853,1.98727125026881,-1.13297933157343,-2.16762414573071,0.492374301232665
-0.712547003509787,-0.475228203768054,-1.2478910613808,0.677438555683676,0.0147518231755204,1.04763103133814,1.06365688478345,2.77939370226321,2.68862968582957,1.4300339084371
-1.17426588289348,-1.88542726024085,-1.58081212906687,1.16155189708124,0.487939797493027,1.26661569193089,0.129962220497725,-1.89484240108514,-1.10136432209107,1.07171511735698
0.523766331294681,-0.734581051699896,1.03487417771291,-0.154172538813961,2.29167588736265,-0.986232590007945,0.369821911723292,0.114142651755859,0.118889408412337,-2.37893806138965
2.09258368423178,1.59649514873994,1.35939884665944,0.0476387018908843,0.515310051341157,-2.319016932455,0.0830017845514534,0.509887924425539,-0.737777010679558,-2.61916843947588
0.29948867623961,1.01428340242336,-0.684103583108109,0.601654886937559,0.891531986885848,-0.0154116838781355,0.417532218365757,1.34367979783813,0.917797553294831,-0.624619601963562
-0.192132453934606,1.15154671154264,-1.73728504664023,-0.276368894999776,-1.3750254859074,1.25995003625818,0.84478399372512,-1.37984726478041,-0.731447602903708,1.52063115786201
0.619956027795515,-1.08371000585582,0.773492877151155,0.0687222622381049,-0.0819651337908419,-0.949908447485328,1.45211135067418,2.16485086063698,1.18799061000714,-3.47172200108715
-1.03587606486544,0.229603981663392,-1.93779324366577,0.318524393796069,0.21016660516622,3.4067923217367,0.162414948690566,1.71777981046695,2.53538066008531,2.58889091763759
0.11288413058753,0.877892622605858,0.158149478498423,1.65786582954357,1.69647193327951,-2.13326188191188,-0.278836414018202,1.81665901434802,0.890394404000441,0.240539266164651
-0.76407889369537,-0.92027855488335,0.332199818019691,-0.429462738362086,0.993891878983053,-0.474178239667571,-1.36410279148161,1.4158601659901,0.234865536432744,-0.717930624765072
0.423399200387906,0.660757323132101,0.0384223959964644,-0.455580767515088,0.566426731031663,1.7170665176222,0.182076585215324,0.400931315464216,1.22210666997664,1.1064321941127
1.74752306613754,-0.0031475196707386,1.0691134802496,-0.98948562800579,0.405156991979521,-0.434117970308825,-0.395938972281596,0.49370078887201,-1.41832494481638,-0.439966345730577
0.368661635857225,-0.340856980811903,-0.0213665842696426,1.21928821118542,0.383646483959575,-0.235782711103331,0.581653706885639,0.24926302703449,-1.62016911621329,0.980408251979449
-0.590442820344181,-0.333263651582777,-0.869782740933069,-1.54113129672223,0.767723215601302,1.95770480276243,-0.575410171547868,0.178940519298408,0.163195067309167,-0.469362233152287
0.113544221208902,-1.38021715893903,-0.769255094646428,0.898495892171971,1.34439028606794,0.814572565869645,-1.44161378241793,-1.97256300123277,-0.391699780322668,0.418817088409539
-1.05835534220345,0.338274926410112,-1.0432962694746,0.852164996344589,-0.8226211696423,0.72585282702085,0.255867173840755,-1.48266496656476,-3.37530318541732,1.5143995220226
0.271156249504636,0.93886129424224,-0.988584503858992,1.64242578067709,-1.83385731208576,-1.38294777941943,2.63791871426392,-0.22911189101145,-0.48151878930524,-0.313939842480324
-0.116779430849298,-1.84666443327002,-1.89828881813145,1.02779238042924,-1.93955692310744,1.21922573711639,-0.347278055086973,0.344788321734848,-0.2415809368515,1.45255285745771
-0.794691964428115,1.04893496639288,-0.733149231615192,-0.289903768832604,0.0726149819316518,2.89886076431425,0.0370053716425762,1.17558823617215,0.00613666632197485,0.651106495736385
1.46856252908012,0.457563016480134,0.73032907309305,1.01458636619853,0.717758961995144,-1.65813707192129,0.220346769791914,-0.371862174623677,-0.0972764354890618,-0.0360803410217171
-0.526322838503296,-0.85247407186534,0.249086774742065,-0.717812375522723,-0.696513529355364,-0.879837520081045,1.03920167797184,-0.35249729345102,-0.980252681987442,0.471378332215959
0.406514835706589,-0.88921637701031,-0.317411995311788,0.517537045266853,-0.343817777132864,0.23847043013184,-0.285167904040606,-0.0835948315923671,0.54359574311887,-1.08011744049098
-0.131234662215263,-1.88716910818675,-0.00880930831858195,0.682861856884877,0.669482247352007,0.977313090998411,-2.26768273444074,-0.603249388309899,-0.358468363929904,-0.812006193914129
-0.0226112227519893,0.320604671156635,-0.486490303603529,1.8762546914919,0.658173421234007,-2.86025131310247,0.667809152978567,1.74082643728074,1.94241300104899,-1.99583632754007
0.398610329025694,0.136933238489145,1.42072031265116,0.599752135418103,-0.314108709752726,-0.68438874974317,-1.5162743801368,-2.17464986423395,-1.46885944915587,-1.88341479995568
0.120454709117137,-1.09953832815802,0.0372153897696241,-0.776107173340689,0.168549423564052,-0.501205425603476,1.07082159046435,0.929256894857246,0.608878174149915,-1.56370146949093
0.538231674019574,-0.775644441218142,-0.259609068400504,-0.717207847543162,0.68751356244536,3.057427838804,-0.317053491317558,-0.131545540789084,1.40397728279437,-1.33948989081872
-0.350448858005768,0.450310417127086,0.169838473751569,0.984768067542979,0.874906767908418,-2.18884596872076,0.248442712170093,0.33268579912617,1.47005672793111,0.13446292519944
-0.860275335472741,-1.57065970878975,-1.69269037551988,0.239536225008353,-1.45007103042167,0.504715398380514,-0.524180628059431,0.929770158466672,-1.61719576634924,-0.823777593734739
1.15314237718036,1.3041674513928,0.457285958535944,0.925739654751179,-1.02735573176989,-0.864714214554872,0.911506229281069,0.0479260592278444,-0.33402051933891,0.939631717945072
-1.19138842429055,-0.0907522258503559,1.36916193897895,0.33383683700383,0.526750742217947,-3.57406559460154,-0.220867102587434,0.123416860483657,-0.255111879953803,-0.768312642429571
-0.702788417879649,1.95184001484489,-1.52410277516885,-1.73398680076817,0.333941232755012,1.90926865925846,0.670110224158582,-0.780565550647528,-0.647842722330752,2.88471538083018
-0.189617059157648,0.386240417396229,1.14582199505406,0.959993064930161,0.273773986051745,-1.6319973761541,0.928965549442734,-2.25681457391015,-1.36956406647859,0.924858307293865
-1.03169408460621,0.1666791684722,-0.529458306684081,0.55613827042403,0.737597081990839,0.261610269677083,0.632273825355423,1.67059888146636,-0.483820841694197,1.45651047955182
-1.16283057846902,0.903891857406471,-1.16164195155156,0.0787405442451499,1.72906985799658,1.16857160119447,0.407662369390678,0.514822350400958,1.13674828965925,1.78659404104056
-0.444942801543141,0.709031275962063,-1.26712918187197,-1.19873627726325,0.553414161849767,0.501278385405096,1.27600938170902,-1.12239907748904,-1.19867278161478,2.4141411779116
-0.150896760543287,-0.0258281902583565,1.89687600756869,-0.268781936375679,-0.383917843746241,-0.361770077493977,0.470668375255287,-0.353887649684817,1.30505927215178,-0.937091302421409
-0.742213452654075,0.588206942072484,-0.417142845420944,0.185739892264682,-0.425320129276679,-0.264807266220277,-0.319719668748108,0.270632214850299,1.08233518334169,3.00317414705922
0.369478024046639,-0.557464914874369,-1.93578648765143,0.484007182266006,0.305188598063027,1.98113593290942,1.98181958748291,-0.253745983088881,-2.30563110435423,1.75717650038323
1.02514165452782,1.06524148243471,0.181992266491668,-0.780721385386576,-0.990312323110751,-1.51337543944,-0.0200516758526949,-0.195354180040112,0.447885080109132,-1.59998730246421
-1.24936688799579,-0.750581009153707,-2.29578078207589,0.0637761120556258,0.78146874265394,1.85016482586531,1.26821517506033,-0.680826831658779,-0.0846004356442041,3.39531750124245
-0.229045021689192,-1.32821607661418,-0.611254164079367,2.24807402217631,1.18891360661183,-0.2361249562752,-0.623766122710837,-0.321321124169543,-1.64259332635752,-1.56500848311585
-0.898970204378491,0.667542350413394,-0.147012501529614,0.0977998515064723,0.0639830192381848,-0.641840976266994,1.93372175972381,-0.735403972641753,0.272169387197063,2.46511650963952
1.7219198497828,-0.207974856066836,2.05885332090233,0.100218180019055,-1.50920627501557,-0.935764272767046,-0.0546040942803054,-1.4072139240952,-1.99191080279424,-4.00704826966679
1.82970862710789,0.383085587517737,0.23700919921718,-1.94373878894281,2.03223641340368,2.18497877822159,-1.08530217606679,-2.94057404430787,-2.29818665969694,-3.30882357535014
0.475831021901781,0.869131624179361,1.21518701890035,-0.965713767907052,-0.428469108347953,0.792021002285082,0.875349610975103,0.214291220903604,0.144854487421286,-1.71516707157322
1.29023602782649,0.657953700215888,0.305375938018202,-2.10603123866624,0.317886547911756,0.735722169682292,-0.494671330573775,1.4519803096667,-0.0306332126224568,-1.53564928686431
-0.348391173021526,-0.882060428245615,-0.87680176360917,-0.0302834953446683,2.52993068145605,-0.281732261602909,-2.06526245886245,1.19197579608857,0.456959396598275,0.667449624376691
-0.141166497512936,0.330634425017255,0.910047326866695,0.746991563683238,0.554242072148302,-0.829270846294103,-1.25688518453404,-0.582527444546997,-0.923799452053043,-0.115803769590491
0.0741061508369224,0.0279624111778437,-0.655809570520983,-1.30534207510514,0.0341905662383819,1.80085350372739,0.610942140106628,-2.48855983785715,0.0902287581545749,0.0655326319468948
-0.0875454219355864,1.93873604399085,0.793039260936631,1.18690421198931,-0.593372372910935,-1.59540865656536,-0.827659696935115,-0.206885864421302,-1.2576375958704,0.227441435376007
-2.28412028807201,-1.42128813818121,-1.01659762123418,-0.397044749475906,-0.0547940887988489,1.15405463606377,-1.47795979368414,-0.878694455721729,0.15684135626163,2.51199102682261
-0.652451968189981,-0.430181708022107,-0.976774147964037,0.292584163368561,-0.0783626013678985,-2.05051221704255,1.05356369177075,-0.0361148755943433,2.09808564065795,-0.391440453297602
-0.458936521148451,1.04838375138038,0.315254774580064,-0.603929854218437,-0.135186215571621,0.569860756195401,0.945882785047112,1.18532301501443,1.50518966894555,1.21142529033868
0.572618288540514,-1.61196056179526,1.3334013794382,-0.206715186070616,0.249077661985744,-2.20938110440442,-0.501705377544733,-1.6733887520107,-1.22125801384258,-2.88072614839141
-1.7650398250625,-2.00503178086482,-1.43593351185799,-0.900576091837749,-0.519903040979943,1.89289705413034,-0.192832715278635,1.98543517933593,2.0432381789347,-0.278584709245687
-0.0607667745836727,-0.69835407390811,-1.07229392562994,0.556649207271585,-0.485117488167618,0.748681640999991,0.340805317349353,0.528065726559602,0.456084469808481,-0.252813260104388
0.539007317158192,1.06687447036007,-0.20610983160255,0.191251695994003,-0.000529282082790091,0.527225511911449,0.923657343763134,0.378321962628122,-0.152291782802683,1.66786052425831
0.479710406147458,0.777124216652018,-0.767116042642836,-1.68703884231555,0.424362892061191,1.20031626060542,1.71202636046563,-0.0860923172117963,-0.546806302892363,0.993168657826233
-1.12026048395207,-0.784563658944426,0.308288976890113,0.81698870873975,-0.11663759575027,-0.66757962903479,-0.119482335360911,0.878662859275031,1.33787870791201,0.392744940920531
-0.402391219304853,-0.850335207419695,-0.34403880001531,0.0641375274210324,-0.0311319588424256,0.541640008191436,-1.7706102049783,0.370251556639887,-0.343208639639248,-0.968862706804527
-0.538369219808761,0.112878192179834,-0.860944018251867,1.31344698120689,-0.871381583830482,0.910007370660747,1.26901437308588,-0.251118239240006,-0.323208992063575,1.41796453997667
-1.36483989676235,1.96624952134727,-0.885651881910713,0.901390268487,-0.172709113564054,-1.50580063315958,0.526576813509663,0.730036154652282,1.25278840417942,1.53415022309529
-1.35268145936137,0.60055136131249,-0.904723915298257,-1.27168572242616,0.566633780022867,0.860365684497922,-1.82271347541597,0.789189740185819,-0.0488053485776969,2.34729514026444
0.702917942898859,0.617388741773952,1.33304962525668,1.41417319532917,0.642770534847137,-3.05745376097865,-2.4110806736316,0.236362783338913,1.09662081177896,-1.32534102059439
-0.140429429036618,1.19710474504739,0.126202492035665,-0.694336762143453,0.562379388197529,1.24110601803973,-0.0639432870649027,0.114101069365247,-1.20942294134784,1.03384946120048
0.435723837944549,-0.581791763010245,1.3705161074951,0.468106222259249,0.463008427390326,-2.6099196484738,1.11495149906494,-0.429304546054385,0.565430525137235,-1.15069505074448
0.530919462259407,0.0691812283979027,0.617448917763474,-0.374247524427646,0.57056914226038,-0.929278656880324,1.83664816172608,-1.01753861650287,0.00899897641603759,-0.31658299270244
-1.01696824349966,-0.81047713305818,-1.40645936639733,0.520080927101382,-0.449832727290097,-0.569569801477186,1.29274080911944,-0.81235938855295,-0.694539377695059,1.95489554278105
0.502732459947278,-1.74174717904315,0.46021219820623,1.30342348872311,-0.0717641544095302,-0.220389487286755,-0.193039346222295,0.34966553387551,0.689917093724874,-1.08447667457286
-0.610116089900208,2.20250845350255,-1.93452183092703,0.796072542733544,1.65982892005748,0.680664301952669,0.855515940525822,-0.114814678578566,-0.135709553187243,2.59855852347884
-0.791396043881772,0.781713402516755,-0.0569773088271739,0.583103226612808,-0.352861377555732,-2.63663581064065,-1.81008764490824,1.42379683763988,-0.823650461626621,3.03573381110357
0.576481579219656,-1.37039976626395,-0.29218580856777,0.336379203457304,0.355254520643853,-1.09472607213342,1.23516755533288,0.550736388958536,0.49978663510511,-1.10373798594179
1.45427091846961,-0.177675170123792,1.03958107506247,0.37003913140834,-0.669050317339936,-1.81787193724361,0.103284761545425,0.642878036169514,-0.539322817115614,-1.44664803299238
-2.0528123244239,-0.783306229440221,-1.53365756830333,0.220217577580874,-0.928502608477001,0.834582321221241,0.050407465505741,2.24538290413162,-2.00320191392809,1.81296724797778
-0.0699169817967957,0.176020373063285,0.475624256270877,-0.349214401828022,-0.356707344539468,0.362732964732984,0.150260690469385,-0.11780696757233,2.12037715790592,-0.6713130974364
0.132981106674462,-1.47555416713262,-1.42404962999256,0.702155521904104,-0.638067608663149,-0.0623100446624835,-0.378645669992517,0.114748659535828,-0.843422214945729,-0.249029679425195
0.470655237690058,0.0582059352788828,1.61004062526141,0.965611594174841,-1.57394651976825,-3.03628884194508,0.655362549136564,-0.554243828124809,-0.460165167396448,0.64941909660658
-1.42688118324026,-0.965644948440544,-0.203242460691371,1.33459040858745,-0.957535694791373,-4.50703005661766,-2.22277858863101,0.0362398651494387,-0.388572483231485,1.24024761822175
-0.00932012435971721,-0.148548746957534,-0.656006988324298,0.262719302798936,0.85618981808748,0.00236403792798129,0.914304333534858,-0.860977440637942,-2.47740949218847,0.0111161633992795
0.27150355981444,-1.80674771103843,0.186926019676681,-0.068619133037674,-0.0072284804700323,0.920153951695481,0.383050553635893,-0.771436031051522,-1.2877856905265,-0.897729300844752
-0.973014370700728,0.494579877914023,-0.141913865890457,0.606726613998016,1.02691953686901,-0.990839875526362,0.72238502430657,0.890049492999243,0.308209426762381,0.233748822165783
-0.420408302231687,1.50708377527308,-0.227866649827809,0.731456875409285,-0.779503129934143,-1.90137243965438,-1.32796469976487,0.555168602422144,1.43752015380848,2.70985612203099
0.57058149293632,0.529288237548905,0.184980875917358,1.46456164349005,-0.745857658877194,-2.89715669858369,-0.547320362199944,0.833091922810247,0.684971369639708,0.533419670102462
-0.741959037343972,2.15447543164187,-0.841569825926957,0.262166262200821,-0.7904927806528,-0.757207830239463,0.135837987873665,-0.102929431924838,0.868999974073037,2.04762094302693
-0.306059258098942,-0.63209378687783,1.56990403856894,-0.374999520159366,-0.590494894617293,-1.1847516425688,0.448323858244035,1.54986169662008,1.08119345829127,-2.55678524949225
-0.856796087123189,-0.682386661781519,-1.34353888480681,-2.10290510220096,0.798305676520403,2.64510491106561,1.58108615431886,-0.103499498398186,0.471140334373706,0.424380890347523
1.54496904772349,-0.603328399401543,0.672330391277309,-0.736490826920457,-0.0731641545475374,-0.0180798288656222,-0.2339378754666,0.307311889128686,-0.551785534590788,-2.22927265619922
-0.477629016113148,0.236405390611672,0.674958841343677,-0.932608973058824,-0.598679575919202,-1.39191811475485,-1.49878032570118,1.67727761630617,2.1276665739584,0.822152297810262
1.51119077888403,-1.43820383816786,0.202219060108367,0.423037394929781,0.0679250379862386,0.563073035028167,-0.897438710332202,-0.389989793587068,0.64483680594173,-2.84689364177438
-1.67170007973623,-0.731981128036113,-1.309479695989,-1.27571924714004,-0.468832571892599,2.00604215555337,0.967092105761007,-0.103146227635266,-1.50257672930613,1.02991983834915
1.48003613659584,0.318369681456731,0.921363102756563,0.444273787501695,-0.193009941154272,-2.5269615459991,0.955855259017705,0.296551087979657,-0.396677782163216,0.642003780476035
-0.0106722149278794,-1.01664085271691,0.586799354582615,2.15669207043969,0.297110726816708,-1.51969264909017,-2.48796898225835,-0.351135708062546,0.446926982445367,0.0581250793084015
-1.79620068540439,-0.60424843250477,0.482461866116269,-1.2988050458505,-0.225035268077071,1.28858274788478,0.186183398433144,-1.05969840502874,-0.733475886049281,0.0349316184476344
0.82339119480401,-2.06397992646051,0.608570216435785,0.0554455413449558,0.912208927491004,0.38387218746842,0.912427533452558,-0.135783876398668,-0.831751335408461,-3.87129716697549
-1.4307679854251,0.895985770854497,-1.54781156854649,-1.94170679106741,0.850647803614714,3.05512349092484,1.25313486261413,0.409086747224268,0.20990678049715,1.57607812354285
1.32331134455084,-2.38120410245206,0.156993220191735,0.869012715963717,0.469934134538556,-0.985331404707225,-0.418561364632544,-0.338691924978979,0.387136920143131,-3.16888995789798
0.320452661958858,0.482290852369292,-1.17941598199642,-0.509721067523762,-0.931228358211976,4.08743800526637,0.0622063211626502,-0.804053679949347,0.259493350428215,1.58191305188826
-0.107576061842762,-0.471318684991841,-0.880710354190741,-0.618323445903151,1.78386195620785,0.275831427508623,-0.300284064503474,-1.52932778839921,0.599289992775518,-0.556383076240022
1.46593379237746,-1.28428532376779,2.42643520738854,-0.913494791617669,-0.926475093189251,-1.21934195861243,0.469298552242016,-0.697575416745909,-0.0543455081923788,-2.04683855576672
-0.0252466690299452,1.31410814131086,-0.040679050242908,-0.604950146386562,1.09556139089959,0.00804495181719556,0.448786891710543,1.32926505571636,0.288924659679704,0.525811101387522
0.804610598619689,0.129342275389263,0.788595517901892,-0.145724850443555,0.247995807661177,-1.35852820769261,-0.814142533976608,-0.494900685448744,-0.0654485818128842,-0.341574414757671
0.294605774141031,0.693859864294747,0.457338790805809,-0.330143779502563,1.13492395963705,-1.81868370313485,-0.469782302503545,0.793212973470375,0.151027445488332,-1.29269532821521
0.567014375761802,0.631826195226256,0.47349590307467,0.527478697768076,1.16064810922359,-0.847910632348016,-0.688446984421269,-0.474825216458759,-0.228680617120872,0.104609943823505
-1.25861716859543,-0.658845435037743,-0.674700452535227,0.00312247852127433,-0.170017384044919,0.599144570810177,1.14543430851339,0.613771633364707,0.3289188434452,1.07009759616867
0.0318048775066139,-1.45244444464881,-0.852041898252606,-0.0747466336923798,-1.21530248885388,-1.62944029770031,0.419696528613732,-1.40154924498729,-0.137072351551194,-2.44542602805212
0.249034136485904,0.798714716280494,0.962577603821224,-0.753965833388442,1.15200318337163,0.195295838924474,0.135876677657135,0.441732081769841,-0.0598737858931714,0.870161710059716
-0.555512232106458,0.555628038643503,0.427580817666808,-0.866890417496564,-0.279451228609332,0.235357590676369,1.96782450513599,0.819540272512499,0.444151662033987,1.31680497247385
-0.218506216579411,-0.813575179506562,-0.12288593840412,-0.101404589811974,0.863896335233413,-0.124064783104449,1.44954443207624,-1.24466050232286,0.905216027527379,-2.21567609623092
0.659905667019739,-1.86129224448067,0.624619027123487,-1.00266910604755,-0.265217259535037,-0.1420475350725,2.03211522670022,-0.53739066821085,0.0709249691623076,-2.0882228002668
0.369053042553029,-1.16886922248949,-0.589496295448611,-0.842098785560447,1.63634670461816,0.581337488143975,1.18442623720873,0.20755493834377,-0.571399790107374,-1.94987189757722
-0.657846889980125,0.877433092643757,-0.741708216463509,3.16673920189323,-0.523377688398516,-1.46911582370839,-0.0607027955863494,1.19861182900338,1.40713818401645,3.62919739796197
0.436298754989173,0.867536264464011,0.0317099080156523,0.956029759952201,1.64082571685915,-0.746316943179065,2.28702057484633,-0.084113179767664,-1.50205660384758,-0.0822108150934521
-1.10340238645336,1.41652883347761,-0.771244664630629,1.73547489775155,0.0431155851035736,-1.60502043837436,1.29079660997267,0.492407041403703,1.99991392912281,2.9812725602876
-1.01302790967119,0.317707851333284,-2.24493993586309,-0.298449031906321,-0.19380839888009,3.13447721458081,-0.066118321241186,1.20540501422701,0.468092697887006,2.28976162040001
0.704062230635832,1.96533218736595,-1.03151763797518,0.740969559091817,-0.303495693289511,0.722085272390998,0.0318243059320554,-1.07605731482545,-1.82802979165787,0.425752376241627
-0.110542985215989,0.339976932006423,0.322682603298683,-0.00102768938334277,1.73822430887435,-1.3587271111516,0.164326720644163,-1.46235114439221,-0.960481210035329,-0.080112633397593
0.286146639765127,-1.68378207925297,-0.16839501463906,-0.728198886886986,0.765887097075666,0.485724981527553,1.59205502258247,0.348496501200035,-0.192576297540483,1.50757696703879
-0.751137301758803,-0.552287747773609,-1.42126938201298,0.936891476285905,-1.1822134683224,1.32148395418084,0.376453264869659,0.101125046150142,-0.772754112078733,1.94952577114484
-0.198461710549842,0.396345344580344,0.622828076108391,0.0548313721117611,0.114791407485706,0.891510322176113,-2.08000267949754,-0.164495643864039,0.680107803824781,0.624428689700053
0.774696587835089,-1.27566191044597,0.159837137112426,0.770632514121039,0.962008466749551,-0.639171471130702,-0.361237600356087,-0.673944687597167,0.846109401837301,-2.73419848409329
0.748801099071143,-0.405650992947445,0.977327891038725,-1.46088769579079,-1.31282815661139,0.435821222784145,0.728286466259239,-1.01427442182322,-0.788379074166839,-1.7467704739707
0.574316205628112,-1.23524633593351,1.06697049711667,-0.120913137745589,-1.20651391845532,0.374300912486413,-0.687751463422491,-0.615124339684899,0.112646547876648,-0.708958706646397
0.814721613597826,-1.2249387753819,1.0161190758992,0.571359252911361,-0.514470395742595,-1.26798601622374,-0.444638007473552,-0.371270882016177,0.66315393503907,-1.56035146734671
1.36067156682504,0.748498022899054,0.538273922608628,-0.13206809034557,0.682605147520562,-1.68109405815386,0.795588042410651,-0.0188774665960244,-1.49201445183089,0.197746570223614
0.235352442219273,0.285926430449864,0.226180478965027,-0.288537010970838,-0.952626800253723,0.143897680430721,-0.465314582082119,2.05684125833932,-0.450920447584847,-1.29992545359301
-0.534152768685721,-0.804702554290134,-0.00157932473577921,-0.788308113060295,0.782462853483241,1.47104020212343,-0.426696639956579,-0.694731475772974,0.844985200731981,-0.411838166340505
-0.193958329477232,0.102019152829583,-1.20510277062695,-0.112807093644255,-0.217727534053564,0.116720686418028,0.139869620298323,-2.29961351721473,-1.41899816089739,0.472464499941879
-0.0923240138636921,-0.393765079985901,-1.15403369110357,-1.53477077399681,3.09484235335092,0.88038059205367,-0.132875854803185,-1.14614223976355,-0.399752388699183,-0.508295545751901
-0.609285947430226,-0.776827773860568,-0.613043446865611,-0.06605181665547,0.520112574107668,0.555167409455408,-1.4587583214815,-2.09051602205197,-0.215511098024893,0.0733271050693526
-0.136725660967353,-0.0989275738664463,1.07398124723911,-1.52672064345133,-1.61119632317005,1.29708922876325,-0.801998734269871,0.27100890184154,-0.0988936690215954,-0.349203034977908
-1.60221385558659,-0.850099796177054,-1.11121409591828,0.950039488462589,0.821727025141947,-1.12949942162842,0.141026324436123,1.04861857518401,0.822417843224138,1.82062534144966
0.170877242072483,-0.956991396017217,0.762319966647792,1.20871637226877,-0.142506788545645,-0.30467886493856,1.01174661196502,-0.870916547359905,-0.672570632547949,-0.711985710075001
0.0734455307788306,-0.223826013986764,-0.299777902817121,-0.700341507875752,0.655830365513549,-1.6383244236409,-0.873401852016298,-0.360598558765385,0.897326921767946,-1.09872069462167
0.586817199437303,1.11097212886919,0.725812083884098,0.843147647151839,-0.427728186475374,-1.59196591498476,-0.78734883364096,1.29670058333722,1.19397215212417,-0.693349268908325
0.424951695576458,-1.35415650792917,0.20628708504156,0.922442498891161,-0.380492958927595,-2.72563428556875,-1.1050906298467,1.72761047768641,2.19450854322751,-1.62713860872094
0.752414103719713,0.21336960102945,0.00500907923012014,-0.310340618230612,-1.29925926939074,2.01544952739725,-0.60611219185564,-0.810120817613073,-1.15400685733409,-1.54992233791466
-0.0514387430403579,1.04902501050275,-0.8949387353353,0.474408818487037,1.11280706960792,1.39477370336409,0.225269667114486,0.0648821455427234,1.21394003872338,1.66085618026288
0.480890746456391,-0.520428797540697,0.943180981540874,-2.18155419789367,-0.014108778294725,1.32044069288261,-0.809572851810759,-0.143495087784384,-0.602834921411766,-1.32249620413337
-0.0686743175419087,0.0381465231780471,-0.588941759560323,1.41340893227258,0.285280585122747,-0.403649375445179,0.113887316917926,1.57917271626723,2.92469936233561,-1.10640944831676
0.312383623554612,0.46968988386663,-0.380137957707091,-0.934385947696949,0.541898481539391,0.28685616249574,-0.0867770815906074,-1.18122754377411,-0.656542480884668,1.06804989199236
-0.595927759169605,-0.334816927661267,-0.0519001064022155,2.06814544724057,-0.866566784551846,-2.8722846328778,-0.3206424825534,2.17522696210344,0.608357118322876,0.829261050899943
-0.618650601845324,1.57756639288116,0.940491849691895,0.771622333828992,-1.81637088481919,-1.14175623554666,-0.66852900535208,-1.41046881986291,-2.24671305056254,1.1425496923467
-0.448714448524427,-1.90626979500409,-0.0035881404830318,0.244488555895127,-0.0421575175111392,0.664937577558027,-1.7234450522266,0.571522938821285,2.02903446851537,1.47539067677349
1.15385046737509,-2.0565181582497,0.00343186370145926,-0.615317593410079,1.30621427343252,0.524290201609924,-0.694037280361486,-0.514669830022683,-0.503111377473171,-1.2498206801142
-1.69802521155753,-1.8525578611558,-1.03635340880508,-1.87936079402627,0.44153717696679,2.18626498523007,0.0932722282733461,-0.35322014994844,1.35939267803493,-0.730831658880357
-0.719961420400735,0.871351663680964,-0.944338994891154,0.839643501963987,1.45158561447136,-2.37008803327538,-1.47868804581488,-0.119667285836469,-0.430102100149628,1.10691451420023
0.967220559023027,-1.11919855175655,0.804890035259928,-0.137691475566146,0.688419101181292,-0.932763922775529,-0.712636426538445,1.08732464873151,0.180742321431321,-3.00392264397374
-1.14177979728697,0.198605488095629,-0.630960943588736,-0.826459918144644,0.0752700737198953,2.89677136296942,-0.215418004987178,-0.306168034618569,1.90825020929724,1.36847153143669
1.42788723062828,2.29811015424604,0.448667536171981,-0.452421283650269,0.050611265735784,-1.08958049938798,0.951949874303389,0.36458443660544,-0.47969754285693,-2.12705856121524
1.07717742267259,0.20766887365946,2.03431104455043,-1.27169309445891,-0.231385538909529,-2.39257988922187,-0.520122291185536,0.205037102201207,1.3818859253898,-2.87920954294981
-0.298085220143917,2.40937764836977,0.140798567701298,-1.97054838825948,0.254648205218632,2.35491941370332,-1.15513394493844,-1.75142702666853,-2.5298062479481,2.30572488675947
0.124631051108455,-0.210680337998596,0.792331192582998,-0.626171625832457,-0.315879127987942,-0.0493690449311908,-0.542508224256414,0.740937014599264,-0.840573269480554,1.40611247162028
0.837411657447601,-0.812855817171066,1.93308170930848,-0.648349120066639,-0.361956091345354,-2.07163048699218,-1.71408238537063,-1.32329091747,-0.819516596387399,0.778704089600745
0.996535835382626,1.36346632599425,0.220082265471618,-0.420134670789286,-0.467246808787224,0.901839464465075,1.06052368827841,1.94842724869842,-0.511790583051228,0.651216121217448
-0.878922834652329,1.42384304537083,-0.130904197913644,0.0992779136673016,-0.0348294821982663,-0.657068255736156,-0.234946876837358,-3.10744038715423,0.0843535193840772,1.58626753660541
-0.139019225969223,1.00850593738193,-0.526244125959582,-0.146098729463902,-0.370615965573794,1.5325491040834,-1.21545502128426,1.1439796938197,-0.626298783913485,3.80844511898268
0.982625390610031,-0.754679964584572,0.293198080396311,-0.449816012316015,1.52510805057924,-0.261282732359665,1.18890371051451,1.56346791567042,-0.250765586842983,-0.842436396343553
-1.67477634979695,0.181692873575798,-1.5865244874772,-0.552289954517048,-0.145644259943757,2.22318420767989,-0.538394644324559,-0.602039089031298,0.554702480777407,1.61455808279793
-0.6436294700751,0.535375360791582,-0.497556245555659,0.501848244220234,-0.683445625646272,-0.560489030667406,-0.15466413206933,-1.59045862899332,-1.82596197806597,1.53074033312776
-0.995880850194387,1.03616584217765,-0.999055379279247,-0.456733598325826,-0.898740024157895,1.14962352320429,-0.455609427783032,1.23221464804102,1.50439055683326,1.18135397411881
-2.81817391206154,-0.173503900492484,-2.31192187275464,-0.381788543872015,0.502955684066671,4.43784692101676,0.033743745254708,-0.67710831084721,-1.26023704021235,0.658150166894059
0.502814084113131,1.52134382279327,-0.304631159228999,-0.835515883787555,1.72215391006322,1.10131679717999,0.406782047250225,1.61840141562283,-0.778399973485129,0.518887112094574
-0.44586416125859,0.687774985540899,0.0731400412708148,0.499265855132537,-0.305905099068819,-0.431108967832469,0.264071524995524,1.47469201095921,0.465556056924694,0.0812193148387208
-0.0430200274082542,1.13890131629315,-0.511697519637918,0.629846803808538,-0.471117842917319,0.899619687759471,0.730406788688689,-0.0296464230671138,-0.733601197492252,2.83677191163802
0.569232024280298,-1.60548527696035,0.175880481873262,-0.560883687441772,-1.10575782298978,-0.0917724969979629,0.348595767368852,-1.55743686153041,-1.12849750622525,-4.32204223488687
0.455886848464327,1.40839279042294,1.05337450564538,-0.431068460972722,-0.630700669516782,-0.023910117261652,-0.434693451690919,-1.04019383146609,-2.40447714262519,1.42616987048617
0.939043879076941,0.433219124616505,0.880691670788105,-1.24707080305934,-0.380591093562418,1.17979996297695,-0.48129074929644,1.57225208851163,0.876060382760006,0.507949139113658
-1.38988211069866,0.242539721397695,-0.595522966242924,-0.150064528771804,-0.841741345900436,-0.326524938734619,-1.96316087179709,0.836062830061769,0.732893320488421,2.02979424800755
1.68610426652575,0.478354213040992,1.45078806435737,-1.14582331780667,0.133016149598623,-1.15027342739552,0.76025947944528,-1.4624726563629,-1.40426493690314,-2.06759276812172
0.719783623207052,1.58568489401373,1.28533819841511,-0.941943739047295,-1.55356560551183,-0.295707915421515,-0.569930511546825,2.0313131417739,1.40928370489561,-0.678953122936593
1.19831663090436,-2.24480869000539,0.636213970204321,-0.0184515082965066,-1.63731372199505,-0.996280829121709,0.0740664243613856,-1.32843700139948,-2.08401316724499,-1.38661727443488
-0.172280983474946,0.3499122136428,-0.363283254573421,0.349266974121315,-0.852333761959784,-1.19021853792979,0.348068009022845,0.417418776020153,1.26630867801257,1.5174321771871
-0.704183874423228,-0.136984776826846,0.266768548579241,0.819683808279756,-0.687478526588383,-2.08313261675079,-1.14011055935244,0.0449370927905377,-1.38666956533904,-0.366269851789493
0.628281850576055,0.909972622217776,-0.0203857794857968,-0.983676235039034,0.624773627632828,-1.01939785448589,-0.825440075916299,1.26353113573052,0.156859780077763,2.59481281748891
0.818173492239295,0.0745192140116796,-0.916839373562452,0.425150546975927,-1.41636601065869,-0.604515466253569,1.56691143073376,1.60837952124911,0.408287490179554,2.55588636237483
-1.0892633534617,-0.82115803046118,-0.557459518884508,-0.0877719278494468,0.293933582914245,1.38764882055778,0.52508525856186,1.61016847664949,0.882751411092665,0.908317615938671
-0.267691547000348,-0.697753752458355,-2.43951904012081,-0.975699534648008,0.578613901101483,2.37338598040051,-0.658719274131089,-1.16414809396658,-2.46189074172781,0.25218782791207
1.50727072669519,1.72701211137221,0.475227088117236,-0.036401927063668,-1.84241267416402,0.338233816329739,-1.2770200426924,-0.249432239701356,1.39205130655301,-0.00583726847870498
0.0756284141925517,2.16287138891862,-0.180039629328166,-2.9896216007416,0.736403945300991,1.76028150268463,-0.118652473614446,0.347171349218507,-0.682487350876981,2.03870413835315
-0.170838196298352,-1.56707923062766,-0.981105367677445,0.211574584825727,-0.166670714506681,0.00210754770059957,-0.962569726889977,1.93734923318698,0.255102095395809,1.33934707162196
0.014466629707371,-1.44609724919911,1.36200099594176,-1.12128618484489,0.127632898780984,-0.944663245408739,0.330832581453838,0.222600385683603,0.522739503787681,-0.7668580561858
-0.319818285146334,0.0751588866858877,-0.497742021108741,0.320541098203607,-0.790394540552263,0.202539149153085,0.271443443788405,-0.238242991670011,0.465947043400019,-0.571085149594341
-0.472879701174949,-1.94970311298511,-1.58310712023103,0.744524607759593,-0.159326141681822,0.585243996758047,-0.144927686634213,0.674621613709099,0.458265137054856,-0.944406528082292
0.764442358644353,-0.538405792440309,-0.16614164561798,-1.26488616176962,0.344250721540615,0.829863142168381,1.17727990592311,-0.704980502701158,-1.33055273596993,-0.867287017760761
0.187330001903484,-0.802792872264812,1.35744639843983,-0.79914856983196,-1.46484014226752,-1.59469438590059,0.912149120336483,0.321702414938937,0.56673149203469,-1.37740264878142
0.28969258967821,-0.32873809384788,0.371109980093875,1.2714340350784,-0.562674478610259,-1.58863062720779,1.62860926903813,-3.1299712727865,-1.61527490274806,0.162796051899458
-0.700033739777266,-0.0337571374317097,-1.55871586880059,-0.193003479904614,-0.680501949784741,2.33859449206167,-1.19377896580718,-0.384418831009693,0.644442985588344,0.681239057914889
0.399034818986966,0.284427402786211,-0.160841534772489,-0.26445111787754,0.499132006077633,-0.0614741937645273,-0.0735988282897468,-1.05023619048743,-0.838040133742321,1.20902041725003
0.582446391088168,0.71029964496608,-0.505083102450649,-0.301826571770288,1.0290132538,-0.925930861659805,-0.85195327875701,1.20809843545457,1.91973715048485,-0.205164774802654
-0.90837193807373,-0.548794801243038,-0.476694849922226,-2.28535406095026,0.302606292609697,2.26162658202538,1.05546664811927,-0.324705324672858,0.364318072231847,0.416404834375492
-0.057614451924203,-0.0777726213598217,0.615475265363058,0.0322441922918682,-1.09823288746365,1.01875886152961,1.68943522486251,-1.24872499646117,0.829108251625877,-0.884608479689478
0.561450192390225,1.15117054521519,1.19351773308063,-0.09178667207397,0.372220995573083,-2.71098484770152,0.395990587486448,-0.139904005926339,0.742724358395465,-0.0418058167591381
-0.179841705390487,-1.33207753192865,-0.809203491985339,-1.52025329692779,-1.53996750257491,3.49754278070447,-1.12584162939437,1.1919835602643,0.138860057553788,0.908592533889985
1.42734091996397,1.24072244591397,-0.802336143169934,0.550353632679718,0.518853518699805,0.278481119874351,-0.460175355824062,-0.215355108221789,0.590959738286675,0.213636329457436
0.544224250347111,-1.09489683283559,-0.0482460672833732,1.37770240484388,-2.33484566293506,-0.433737953957658,0.271642770609966,1.17193244835497,0.532614090965208,-2.23759207078783
-0.391991478066778,-0.518805015422999,0.32022948920843,0.728728749182727,1.38470509055106,-0.82190758217057,1.72755821563956,-1.62738850631862,-0.934827116993681,0.254341257558485
0.335887784549189,-2.70161426600477,-0.403965810511853,0.388901800304707,-0.204328060549702,1.41146681484251,0.972438951708213,0.741566160989831,1.48499323463203,-1.25872790488697
-1.03980477792704,0.51521895365707,-1.70739302628107,0.714710294967508,-0.692958942421234,2.93714267858726,0.992929811698767,-2.1972545902311,-4.12314140379391,2.24942133171859
0.0128588965158811,0.975031644202705,0.0110733514229984,-0.736068174966608,-0.61107769597295,-0.736934632309612,1.56802681110732,0.654885030442373,1.12339601458947,1.47806326903235
-0.616946297920629,0.125028082286213,-1.1254528053533,-0.0498729325744015,1.02917722755088,1.29589774808468,-1.35215100452096,0.846276581631576,1.91510081764596,0.353084433521028
0.287559226876317,-1.27555782908119,1.35538305988881,0.552139152450208,-0.826123986026879,-1.04458680627559,-1.45726854743956,0.623759453827082,-0.385679429162308,-1.01612516982033
0.380072199417047,1.34103658469976,0.225004047811921,0.158440922606269,-0.408828453541771,0.112124140532207,2.64957194191986,0.634043922107276,1.10150669401742,0.986011601531009
1.11915684095375,0.355128456638333,1.74651317353364,-0.766973888185052,0.105091570353331,-1.07923089534459,-0.0526779530669557,-0.858152802091653,0.385900051934411,-0.304830368512537
-1.21124219421212,-0.579370307052584,-0.773652473588777,1.03366639547527,0.169653223351087,-0.461659979359752,-0.915147286199896,0.464208123521348,-0.0283410346417746,1.79110122088405
0.466233935164351,1.08556465560869,1.5328640185972,-0.183464290339892,0.180004552931326,-0.460434535938995,1.11740723875826,-0.0745097466573052,-1.03129321165915,0.547629955189471
0.894913114297438,-1.31990181111576,3.61393958660993,-0.941646011949008,-1.29136926957981,-2.47839680531271,-0.182967808378136,1.39080105064411,1.27434228535447,-5.5319200889127
-0.000791430483535527,1.47359560040616,0.119236440073805,-2.44964100297129,-0.231609084544947,3.28316383856148,1.04861628801395,-0.667915195471169,-1.1927202936705,2.44445617801285
-0.11811446149829,-0.24519197060415,-0.601952545680939,-0.106257087148756,0.613639861064232,1.41866850640423,1.71506011149466,0.205520179691815,1.02919656818776,-0.493290641818015
0.651845276199708,1.1913106833698,0.545654191836984,0.181844132452704,-0.466541073976599,-2.22886529190983,-0.518199981741813,0.547848532834279,0.1551198988062,0.172700153254874
0.190701959695128,0.372530702855228,-0.330816173084296,1.76185902576206,0.634751244968265,-1.6327711172801,-2.03410833434952,2.94023298217081,1.07984026442377,-1.55996277544354
1.68907065213574,-0.563293461955732,0.756647600806394,-0.44260093387004,-0.296965611850379,0.984826880227791,-0.537804991590383,1.93744569957021,1.95059133321118,-3.07094422628102
-1.14188646508787,0.660012862741823,0.357051574181856,0.835688106855235,1.02721098295319,-1.09978386780568,-1.27440774452182,0.35051579212798,-0.976406369562246,1.89439962774011
2.49600918598647,-1.98413441652333,1.48339810839302,1.35941775666069,0.920044063921563,-2.20709210409135,-0.758591633773139,1.15259721016461,2.29794976764084,-1.69980775927556
1.30720798990004,1.30262822111535,2.01373749808995,0.236468782851628,-1.7945309772752,-0.395483697506387,-2.0720301329494,1.00623959204147,0.173831649658479,-0.465510182724523
1.47135934959276,1.09118334798916,0.405943896010046,0.764841472053693,-0.785349438162031,-0.505142565592198,-0.367218826945682,-0.709369331229122,-0.722480653218753,-0.123058520822823
-0.632100427523263,1.23971445567929,0.799393327750648,0.922718342502237,-0.0311735358199054,-2.19345918038444,-0.226191883604206,0.153605748919861,1.17836871218795,-0.164313014094632
0.277741995261867,-0.913462898708983,0.526447635833498,-0.399483945248661,-0.164832620531103,-0.284022332004729,-3.1278793500777,2.53591774932695,1.12941411405039,0.449174988041511
-0.00191863885957744,-1.15151976451799,0.301496175774716,2.71956022494218,-1.35719257321429,-1.90623485439705,0.123329867279951,0.087857891076979,-0.772591842577152,-2.04229889844685
-0.629756150894464,-0.131799585198522,0.326317355096846,1.29300684453589,-0.196579188190755,-0.97566943405277,-0.743163859605617,-0.835418287512664,-0.54265163021058,0.953829468247607
1.52018911201228,1.31268730812804,0.713496443791357,1.80598869309091,-0.206184545550495,-3.41829971924807,-0.043904895439117,-0.297516561697154,-0.378751953963021,-0.102926794990792
0.0897847950656693,-0.00863617062183411,2.49021770885656,0.193723620769897,-0.74454316025133,-3.7603047330281,1.93402701999779,-0.64589941943963,-1.1522845499429,-2.75946235057925
-0.919682926322035,0.301705218197555,-1.34861940610928,-0.97197428554879,-0.0887817724272445,2.4568722259197,1.07337933539448,-0.0809643498753555,-0.617216452383949,0.856070406247159
-0.114649329987046,-0.322338575404906,0.226079802174553,0.807634746020445,0.417464965033621,-1.72828125687953,0.0573545892645289,0.222599141134407,-0.507635521869211,0.36986824897039
-0.911822743281203,-1.19674606543139,-1.18282052954561,-1.052043465555,0.36720189190297,2.42249192497057,0.314530194487989,0.179951798557529,1.0059580602349,0.281224879083901
-0.616878028958803,0.818967375823697,-0.480548215056821,3.13635678943218,0.922497917749678,-2.97944727643473,0.199352201852893,-1.16433326232093,-1.46162606237856,0.422202399155405
1.2602819201563,1.20167932982112,0.47285608111641,-0.229371830746518,0.873106158499573,-0.896352364613281,-1.74025295324511,-0.356178744209972,1.52671077616034,-0.430952736953835
-0.152355018779145,-1.16857283433122,-0.676778953404166,0.653074597991887,0.780107468636559,0.636702193381672,-0.261163184232608,0.055573840385448,1.24671787911354,0.544077393394839
-1.43385314950913,-0.0368927929497907,-1.05433364617348,-0.0418258263247023,0.330999983608809,0.187022273226493,-0.454213114670344,1.06887226785109,1.56535064093851,1.60916241462799
0.991365661458628,0.459752058095341,-0.971118640031749,0.59750540677342,-0.0800130016985754,-1.89977505478635,0.781941581432266,-1.14006544987404,-0.791084720133355,-0.258461598576188
0.0455355850296886,0.79257490403474,-0.736341645929173,-0.78650911544747,0.149592141008075,1.58790163569586,-1.22848546900745,0.139565341432629,-0.00708472963701968,1.38163064916594
1.69938806090293,-1.226511458943,0.768335773799149,0.51934713026617,1.4691074109833,-0.604771528992724,1.7675488472853,-2.26726820025979,-2.00790635826954,-3.65826210316019
1.64421505347347,-1.26755290018611,1.67263936084151,1.63995776707139,0.804997230300614,-4.88908236016572,-0.266666356700384,0.196537847863322,0.337607269191418,-5.10879502097011
1.17345272485892,-0.13008555042432,0.352619815344867,0.880723997097529,-0.315982573945943,-1.08117350304285,-1.70831114444699,0.187550759603991,1.1288592314177,-1.56218410555593
-0.539566548025937,-0.584069342361426,-0.389941993633073,-0.714560945352295,-0.101487246504635,0.872695657207238,-1.8926702550154,0.237829878994933,-1.0683250792843,-0.834177149221503
1.22437474783564,-0.756737781375012,0.567562969646075,0.103718710307536,0.427961889723583,-0.788017809559381,-0.124187605734899,1.06233896638827,-0.377660591223487,-2.53612397662411
0.48818310062093,-0.498386934994079,0.514493449167021,-1.42100258494925,0.314312130108458,0.329111889775463,0.0187522082594311,1.64920319904553,-1.77944562780602,-2.03485270755512
0.695624399425101,-2.67766361380757,-0.228570279264667,0.256144655792334,0.57924414520461,0.2074045250228,-0.120151344675564,0.497594293503563,-0.101477517563016,-1.29209484895917
0.610374981710413,0.161917488251241,1.46523172841854,0.192849428327693,0.995700881746887,-1.56990867973267,-2.70755528215115,1.19490271701619,-2.67955198487633,-1.77862193215723
-2.03756314592672,-0.500030939162827,-3.36749844391474,1.06919911699149,0.261694046721889,1.2914077798933,1.29831170621018,1.83549519415225,1.74105042286092,3.3353365576625
1.27000089059512,0.463144078592012,0.845087039383082,-0.857845688861182,0.931282807816378,0.644694358283918,0.149645525124919,0.271591678035232,1.64452696645573,1.14713157280196
1.40441324446794,-1.16107154789668,-0.485925475321587,-2.51024264603182,0.637185194449391,1.89321972824084,-0.717872886487066,-1.3181435252923,-0.0265836935478549,-2.32660364493063
0.558205027781782,2.68068895235348,1.1270450275134,-0.254296121793054,1.16279596001468,0.191613658822104,-0.265681635136292,0.244382829529676,-0.316161601735172,0.352468398664072
-1.1755403530257,-1.07347031564519,-1.31702617529474,-1.98809615318615,0.927715314660133,4.30032196954103,-1.18023587542338,-1.27007991775509,-2.39495363088474,0.392310803079169
0.368651478355827,0.411283252209089,0.996860152927075,3.10621436036805,-0.819595285975646,-2.68153076728201,0.0973892134444978,-1.23003779614903,-0.847731472126822,-0.708318452575409
1.03391241770659,0.141407026730881,-0.759509011975901,-0.614371636656516,0.679781590347764,1.54766356364542,0.658670658572189,1.82863181044287,3.16843097420663,0.54608244835403
1.10735100571472,-0.284468290739917,-0.811464686177923,0.774308703779891,-0.30471999718787,0.912281584672046,-2.27146226009406,0.927456778971086,1.3957369535305,0.31799557663328
-0.426643434970286,-0.663408589638593,-1.31260153167464,-1.20253873824675,-0.859904711342048,-0.110392951728726,1.56993440701182,-1.33478296152207,0.150964148384478,1.00410113503963
-0.469339549919085,1.01127671887906,-0.874123917636818,-0.249334967536042,-0.318525136551163,1.73408467261909,1.2568006925499,-0.403584662029078,0.250773949824624,0.121823947273448
-0.889018898792332,1.40795909101988,0.538741494619214,-1.09318554940284,-0.552071172600241,0.655060373260422,0.562645596078728,0.0884395407242304,-1.12342535631422,1.37227684527291
-0.528872005469123,1.98020025351036,0.577388651479789,0.576783649654652,0.117418997061556,-3.92772072081439,0.0475581856269124,0.905178496968602,-0.678055567311099,0.649421213392122
-1.02727985271942,1.20084333188941,0.538928126458965,-0.618959030080229,-0.464594741897936,1.70826630429767,-0.617068255619051,0.268682527027106,1.58590518697136,0.755690351243085
0.569165951593026,-1.37203673436387,0.211867569595363,1.2936023815755,0.036127819114418,-1.67336302875716,-0.685402957481669,0.710285401953714,-1.54253546946881,0.646478274320009
-0.555310917159465,-0.64433866343429,-0.107042688509816,2.29632854378087,0.833626187050378,-1.41813184178757,0.202401346032566,0.715062485016359,1.31494054457975,-0.178066504232087
1.04785637044426,-1.22171901384176,0.337046482210758,1.29334702286983,-0.0663287851443471,0.935560396211239,-0.572277566833361,-0.0133483843647378,1.00767004725459,0.725860530682855
-0.511530743066953,0.848796175660494,-0.0190430067216157,0.0391622214649163,-0.496551616588852,0.263682245325712,0.0434168672936245,-0.567237956775487,-0.878639883400982,-1.58569716686467
1.62548862698077,1.18390340001749,0.249275006825557,-0.436770706619013,-1.18622830431068,-0.190094105112732,1.55243238396969,-0.404986126951754,-1.63568526370973,-0.407583180847035
0.144143097061168,0.22799422117077,-1.16163705828278,-1.32205859108291,-1.01363514621319,3.13573103365348,1.64420686197449,-0.22463573253501,1.58752854640757,1.62628078771054
-2.15452778288285,1.11181749700279,0.432611050115717,2.00524173173799,1.35052103362022,-0.858516891515753,0.574928282965547,1.99375364729163,0.635744812626401,2.19364291874793
0.912489770097073,0.126387827713091,-0.24242232011467,-0.283724450967139,-0.694085034983608,-0.101644142567235,0.236235202872322,1.40218689527081,-0.194322047700205,-1.77536233791882
0.0577533738420756,-1.46131511905365,0.253438676215529,-0.403013401814586,-0.0856175019154392,-1.09949230012443,-0.710156601409882,-0.45462459414386,0.221880910261001,0.298638122797128
0.725615167985933,-1.1467040238262,0.148090140575798,0.667160807340838,-0.456610074536215,-1.2385593035605,-1.0806875426589,-0.318993120446667,0.789112127317314,-2.15369951656711
1.52537800748765,-2.69828575386836,2.04876584408934,-0.292152591209882,1.12566795324188,-1.43356731989605,-0.686776479063012,1.19425516840151,0.487015555500998,-4.72096278015336
-0.371469804088589,-0.548496928507172,-1.28907859806316,-1.53832048219138,1.43165628434638,1.59947121187513,-1.00675196774779,-0.209830338487995,0.59511195650939,2.11341405208249
-1.08020766127085,1.03932038414009,-0.619654740900519,0.269962151650244,-1.42127262403845,1.40569087163597,0.490078542759086,0.299105097739368,1.07350334143346,-1.16804150131204
-0.874592588637226,-0.272926196871871,0.504206268661413,0.228750915653113,-0.171856319020654,-0.596050090720704,-0.581591116756989,0.379601951606061,0.011492819623738,-1.57596759154166
1.44635188659899,1.07700752254507,-0.842673282944981,0.131130069041469,1.02903220596946,1.02552731977383,0.439065531043543,0.338919434044865,-0.115765354418683,0.173791294935735
0.528977790524693,0.0490315423624585,0.566713051873418,-2.45717878102007,-0.279842078443843,0.990295466385551,2.63436716913009,-0.39294908374523,-0.144298383109502,-3.15730324194233
0.443628852613234,-1.9331385554282,0.352509092217208,-1.81659579430278,-0.624372858402404,0.672515790087524,0.529847832342637,0.216017340574437,-0.34913853532631,-1.76110573691696
0.849865545880852,-0.164276710268621,-0.389593867945358,-0.0278196755709071,-1.19663583591807,0.300470776802591,0.641597994285555,-0.748650820382588,-0.16355306209588,1.2770163323311
-1.23553080748849,0.782234837677147,-0.58117539479299,0.323961599934726,0.138431249941991,0.834408848100454,0.213808828002741,1.39853074003699,-1.31056913454319,2.84099225717561
-1.6856349971247,1.16721768845204,-2.10842429725718,-0.982130360036705,-2.08382472810344,3.44575916125186,-0.10437165305991,1.38472996683315,-0.929047658501971,3.36682786772801
-0.426645738673216,1.61381774646927,-1.64847975393226,-1.86015650628787,-0.327933815899594,4.02774191032469,0.34899106862003,-0.472712122008792,-0.444349147129574,-0.0222048565321196
0.377326548081573,-0.458171714507637,-0.356243707152355,0.529829903664731,-1.40586814185214,-1.81097013072777,0.141756009937487,-1.64660530720152,-1.38531505375759,-0.673790261745862
1.60719551787179,0.418251001392487,1.59048554695286,-1.15867771470942,-1.22123909652951,-1.79827756234404,1.0000140889648,0.9428585687755,0.361466257775478,-1.90538995819708
1.12683106908167,1.60536866715069,-0.342321700448532,-1.92892972340016,0.371611679444471,1.73132183999869,1.64212234485587,-0.734495706057149,-1.04545999571435,1.8141481532237
-0.903063069394011,-0.115902971007218,0.856775156640207,1.76251708599733,0.828805735482258,-1.5957696436815,0.378448554660353,-0.791798532980683,-1.72004725921131,-0.747027333892871
1.32322469867637,0.196228071863154,2.19733583197051,-0.111020855863837,-0.630778214223534,-1.5017817224801,-0.54247732865014,-0.19870396849798,-0.243205398098821,-1.69094694281111
-0.798497511380007,0.702842351792585,-1.33309806634794,-0.022089802318778,1.41743153939983,0.426105017080459,0.918259975300196,0.00557930130282314,-0.226711452129924,1.88434263798473
-0.572733153974944,-1.07872896224173,-1.35903134820625,-0.517697369103417,1.64770643874382,1.32821606695604,-0.739054362509468,0.504265908634023,1.4397415169547,2.71889669824633
1.07255934546143,-1.21064469464218,1.40627732478255,-0.323648250024439,-0.654441726371438,2.82386092886982,-1.2470600679788,-1.70586718908956,-0.869885651352301,-1.65624568950985
0.195549340292742,0.712028277575729,1.20184503448121,0.789843532849253,-0.759978025094396,-3.40393014767496,-0.442928195218224,-0.601755803018111,-0.171719139342356,-0.460120202690053
2.05452440834047,0.694094720094037,0.487985534912291,0.696521297036467,-0.377398986098987,-0.0734043266227387,-0.811960263579924,-0.31837526417472,-0.304271958272682,-1.87527836815817
0.474779162373045,-0.307727720846063,0.431904872586569,0.0415854570353724,-0.459593059040668,-0.0824378851066633,0.582623497816262,2.07815791634305,2.3908064673979,-2.43203410382623
-0.252299233193547,0.105797707106859,-0.107524748381132,1.218651248514,-0.391088955989627,-0.659805698325966,1.08206316121819,-0.258197997162232,1.41074177410249,1.70494990393758
-0.246696714676691,0.14122002367202,0.226197504267438,-0.85458726153975,-1.35350147201796,1.26493795225566,-1.65058934683733,-1.61122250212902,-0.166806238458138,-2.49706002169463
0.806608878095088,1.37229065512561,-0.562943129760172,1.63396192087936,-0.762488481138784,-1.31309079944754,-1.63466383888852,0.527385177941715,2.36624555389445,0.345966589651281
0.245722728055188,-0.0524387983589167,-0.216184026497876,1.80906918670599,-0.778147707009415,-0.272338849321292,-0.57485346790837,-0.658871416833314,0.62637928359882,-0.384091007453982
-0.405357551357832,-0.75303640078954,-1.69878233102028,-0.203321876647089,-0.235051563194626,1.48291070038645,1.57093974992175,0.631897713206396,1.01362442308899,-0.345682198254135
0.556067909753739,2.24362223573582,0.345291316615707,-0.53078847561314,0.739317267272123,0.0831715064451432,1.66683479509927,1.71121739514314,0.80935995374131,0.16274561889557
0.124655032692615,1.69510590336185,-0.473020222939309,-0.186390042233966,1.22772681318323,1.90161395602987,1.70809723769462,0.792550971509823,0.313976679038784,2.40624423954283
-0.104138763061494,-2.04183868440651,0.278333058227633,0.881194468373487,-0.0202566460824745,-1.91164059808602,-1.85087121448663,-0.0442385244817627,-2.82127113303303,0.424872783824802
-2.81443616252793,-2.25780407294826,-2.38833389629542,1.00807266447579,-0.51542427340552,1.00151953232305,0.095331089465141,-3.02936441662512,-2.67470630103183,2.4761639994402
-0.532585401860983,-2.34068868398043,-0.104329155298859,1.16029499640979,1.36295223237998,-0.331471783160728,-2.34566546584995,0.615491218540162,0.0101685995306811,-0.861078216588765
0.620474872646325,-0.359032924170166,0.752092381856168,-0.00041684331078984,-0.246363964198641,-0.431548290560515,-1.95794835337406,-1.13323605967589,-0.493471292328303,-2.24454387549658
0.827543364139392,-0.763742555089297,-0.545126386875801,1.10694761099693,0.0608756676131103,-0.766202344414033,-0.154728507680175,0.712117038261611,0.817923306740715,-1.4407599749085
0.404705250683967,0.371595350146911,0.00720798778116449,-0.723257798636382,0.627477028358414,-1.03772854659949,0.316768856809319,-1.04703177405532,-1.77757410180045,-0.790948978447041
1.42448971492713,0.646976309058081,0.893167241308815,1.75369463751244,-0.0581798832823594,-2.99814171707048,0.77088477385688,-0.711017628039794,0.836789418952931,-2.46089371194296
-0.14747094224279,-1.4149717849168,1.79975020051751,-0.188293421304132,-1.77022014374657,-2.62665639976275,0.50067259531025,-0.17322266651617,-0.536638151631354,-2.01669162590675
0.11902935750542,-0.255485378147974,1.24320952128847,0.981322184947348,-0.63852529371148,-2.01628559013546,0.559384051381693,-0.70429507551862,-0.559480813104608,-0.435347697659555
0.559472055036466,1.74524897897323,0.194608777994404,-0.788198154537763,-1.4162269619732,1.54184845466569,0.884382540561468,0.847793001556174,-0.468613533034951,0.931707167890144
1.00409631968889,2.35283684226921,-0.184406207203922,-0.305619892492303,0.144232591687504,0.436007995227141,-0.263045884099549,1.11833194485863,-0.665001797273788,2.02359837965597
-0.148759016029511,-0.873892093497567,0.116387997134462,0.587517738035124,0.781073541630689,-1.92003526408421,-0.404223094690683,-0.78001072294521,-1.2123437160434,0.346528308370195
-0.455059353155913,1.80226422465539,-0.397500961442135,-0.311828458043026,-0.444866079394892,1.82435550499074,1.4398177247269,-1.51703631648586,-1.03498672205965,0.565224720634832
-0.93924478887466,1.62336686727985,-0.121365348554872,-0.587803890886345,-0.159357088121281,1.29107694666655,1.56410886170195,0.021008688358807,1.55596518137748,-0.161693002589911
0.800370163943899,-0.114872682181997,0.568891088731473,0.158851537455356,2.24758686160218,0.690604562610996,0.13977581983901,0.287122913408623,-0.524441367539492,-0.128949179948803
-0.0868873981827176,-0.475087848498522,-0.277388053741162,0.623421288270493,-1.05262518660954,-0.053629979321252,0.0870974128798208,0.242015291135886,0.275703989980012,-1.37886022200715
0.804448989014555,0.0204835603993148,-1.87055350873486,-0.759668885339115,0.647831057328706,2.81339752945958,-0.732123915110843,0.0326964255738307,-0.691785909277542,0.764553251750366
-0.0902847832194991,-0.571226430929294,-1.33585162827319,-0.232723713997766,-0.191026092744253,1.13239341236053,-1.0916325037651,-0.661200761690216,-0.32007299965225,1.26965943903415
1.20068305940226,0.490982418195568,0.500101363212281,-0.072880973779969,0.617711579221846,1.23340838484011,-1.03251652734502,-0.182840554686182,0.710524984938416,-2.67491464858792
1.28039530076286,0.150037797693614,1.5068727278766,-0.523365108237854,0.607819811791986,-0.398770481465618,-0.0994949575719894,-0.289069257485742,0.203520973968584,-1.1679905212371
-1.87839110501976,-0.702463056121424,-2.61467882991492,1.26386512640675,-0.653623117003304,0.865037641067353,0.181545764873458,-1.01966661975646,-1.00571714456143,3.07354438198098
0.25851450061226,0.458630389401878,0.452054968212715,1.16235875645915,0.901446344073028,-2.37262099030632,0.625683173614086,-1.81763493491755,0.10024897638159,-0.326449338482587
-0.120224647553109,-0.487096458381757,0.49718285378216,-1.36943101498966,0.0105250188683779,2.26639281118297,0.906049999469334,-0.251897252849213,-0.315834104265893,-1.09480727999236
1.31188274916745,0.798500078845878,-0.407270299060933,0.101859362572186,-0.754818161937354,-0.198188900024986,0.0713944835541048,2.34202239160243,1.5210848328753,-1.23197307732352
0.18623372139044,-2.37343053249023,0.0700250305098743,0.314901972068514,0.693874335987672,2.28666294365645,1.30243125444919,0.189333335320256,0.625493524161712,-3.35084098574716
-0.39113476382441,0.436985101417704,0.488165013399044,0.819256002491853,-0.508150341764072,-0.622281913074534,-0.355006121008446,-1.03809164423921,-2.15924331659968,-2.05809311612101
-0.798659945892897,0.633200346271961,-0.523930027062793,1.73508083635587,0.993835408901707,-0.544489688389091,-1.88731187459267,-1.97613502929661,-1.80906804851422,-1.9439917780744
-0.250289854637856,1.30392856749628,-0.218061461159204,2.1760341057812,-0.312382836951929,-0.416412604982316,1.63880129498153,0.194769971146859,-2.15834447250474,1.94864155242588
0.775320197692004,-1.52554799515062,0.300953247275619,0.257372173793088,-1.42490770229992,0.466270012430693,0.654984708077712,-0.342084237696147,-0.400465796341184,-1.96730248605395
-0.0225062630735266,1.42020617404778,-0.67006703403963,-1.42715457910029,-0.571580625905334,0.209421734317937,-0.256276307744633,-0.588083937169293,1.4259529159014,0.0749511069681224
0.27073370112018,0.284304546102858,1.19881394068234,-1.76844301550784,0.839738595052217,-1.00250418230954,-1.30208208367393,-0.727020933909493,-1.66511936612995,-0.677972860556827
1.43189172423322,0.167814518329457,0.826923889765456,-1.12194308020447,0.475114784547595,1.25895083314143,-1.66088068549813,-1.22562975906066,-0.271846549046157,-0.531177190563706
0.478958184857071,-0.114635056402625,0.911278926345274,0.335665739736782,-0.660443505354469,-2.8032342435568,-0.682151225695471,0.397444978376559,0.577740771881746,-1.82986509102813
0.0222036955258264,1.98360690006232,-0.891683237207787,2.23127910585898,0.305642307740776,1.02017960756301,-0.108277346057197,0.373468893132885,0.221128976625886,1.90417938827811
-1.00172276690096,1.537258216207,-0.166886096929151,0.724425861389679,-0.301791238013929,-1.14921606146071,-1.30348975157465,1.8184927603364,2.46239438293356,2.45284174676548
-0.737354781889601,0.440581678321893,-0.0328626465883967,-0.412478825480259,-0.176588504153912,0.881141640690238,1.33877571492729,0.950315621587949,1.22255090366371,0.422100993262522
0.434557948213733,-2.12835258965741,1.5943508819834,0.359664731745737,-0.186673629808858,-2.40083850010203,0.0673229389078157,-0.595479090862409,-1.67188461292577,-2.37803741116264
1.10214946357452,2.31096109501504,0.368669682391239,0.438894074461887,-1.40633760478671,0.759781675383765,-1.64226047948154,-1.36445605749072,0.541369989549732,0.163981009889223
0.733369312314992,0.342761883918085,1.4027011608057,0.0706557096827102,-0.888623473915372,-3.59445067189407,1.69725244020672,0.258783498037,-0.380901154885259,0.80158240058073
0.485052269732784,0.248983578778557,-0.335656483000629,1.30455663413331,1.61294634632722,-0.311134870879839,0.700458433168122,-0.251151103564204,0.588797509940394,1.11287106855555
-0.290191949523506,-1.1275723606207,-0.121970350515477,-0.0209542809863675,-0.136614909207112,0.323382014054523,0.749452135736058,1.20140876309879,1.03321636793194,-1.13600253982146
0.391423323835758,-0.355763230200436,-0.442696449307146,0.706866158674694,0.114688011642853,1.26849334413459,-0.408860717115014,0.376964575203673,-0.435263367301937,-0.84398486868161
0.134909850906329,1.18664908938952,1.01333550738991,0.481219072526937,-0.549967371280857,-1.49619525606772,0.688418221944719,0.338009877454228,-0.527338929777709,0.370696488397352
1.24364203224712,-1.31069294317238,1.467485819479,1.26735910226641,0.565936555366497,-5.6626355941113,-0.628511077477537,-0.748729280277001,-1.28781826781492,-2.61348933411598
-0.282333615757408,2.31487628570416,1.1019680119152,1.21876877287584,-0.972953770798162,-1.32930621893867,0.17375272422199,-0.420834316251283,-0.973593769660956,-0.542594015694807
-0.323864254304174,0.553911639826601,0.883907737743167,-2.70220061932327,-0.648465406655826,1.4097156581671,-0.0890518139364316,0.408310909688632,0.64393280294231,-2.83631197175797
1.14428159014489,-1.70978346565156,0.0390654172695419,0.384919056960256,-1.79580629321621,-2.45858675937679,0.884206376083128,-0.475084121598801,-1.31833945434548,-1.03408742218446
-1.20014863966862,0.542675171706225,-1.93368594102852,0.707497892101737,-0.594286563587026,0.24031013945192,-0.952079111784606,0.30357930435234,-1.18955136582925,3.4914282577579
-0.0364302334845787,-1.05862679691015,0.148159201839412,-0.0207114821802189,-0.96780043524833,-1.37066104668273,0.739289521784104,-1.30244694717472,0.198887800564255,0.249992369619021
1.13075092931513,0.673474770058282,0.736262855585232,-0.264237192151072,-0.72698275792791,-2.01105448655694,-0.397619155273854,0.85463116788151,0.227440734515493,0.968665924112451
0.105473314691592,1.18794057411228,1.42304570956524,-0.11627215264526,-0.293099188445977,0.609254232964674,1.05785109032794,1.16075653599224,0.360257172931941,0.48796046993528
1.00960922401031,1.09656430382553,0.533015777738013,-0.875785479069684,-0.845343424014489,0.531817829849702,-2.17973029499211,-1.62956043280732,-0.675314298955772,-0.962029348005352
0.444392174387396,0.537223598025832,0.173582152225723,-1.15330347734099,-0.851658513153411,2.67379406601237,0.47616908786871,-2.06323725679506,-1.56027041254018,1.91062498636304
0.738411919577647,1.7281061759598,-1.35613240055082,-1.19901244404748,0.19713553764193,1.68583948212122,0.0801830240501954,-0.578638665822749,-0.324960981885302,0.393060362995816
1.74573904636641,2.29647514227939,1.6494404738839,0.16318285960343,0.362969546464493,-1.43078415671973,2.02566876618772,-0.203179781579643,-1.82912715882638,1.44777876304969
1.89927992761976,0.0487578935284322,-0.331771728578284,0.559052363138212,1.22417521812493,-1.40935575955126,-0.0560903533140454,2.14273123481249,1.98389705774941,-0.885429731313547
-1.90170121173881,1.80293029255017,-1.70329204351267,0.442039887677245,-0.286879441611189,0.250175782572016,-1.00858178030987,-1.37239778493579,-0.590066257813506,3.25267257846269
0.912125172214497,1.02196612762754,0.0802190999048857,-2.56726589719081,-0.486941499425292,3.44364613417257,-0.172430968386594,1.00163516400641,0.912830302755233,-0.684925407720389
-0.570641208726595,0.53783870151593,1.78446345355192,-0.316734450154125,0.620600777682526,-2.2790885375728,-0.962171028867205,0.649534796628764,0.533683221382802,-0.479166530972303
-0.838396137374932,0.692934611002062,1.12708132749176,0.0743345688682256,0.144039234467265,-0.0577405823116037,0.405830268263304,-0.473081385505156,-0.363676297601459,-0.352496223965669
0.931499235129248,0.603837813378648,1.67897273627128,-1.00765527296394,-0.207421683526053,1.11417171207001,0.940332326412523,-0.130717169761997,0.505638922726635,-0.824817197314342
-0.503796731832118,1.64438852624069,-1.41123055697075,-0.396109566144109,0.166623988609244,-0.217603811918157,0.436328253540929,-0.430154061515572,-0.137933376467254,1.66602031582787
-1.27657009093512,-0.868115546565877,-1.35701217328197,-1.24801161184963,0.27959312767476,1.95422260599038,-0.473223215210406,1.55229906926093,2.49296400902267,-0.0517178541056797
1.00134357187088,1.17042702746045,0.102019379347075,-0.0924463837896415,-0.452588370467675,0.288305404536777,0.225611817340405,0.692265834878994,-0.819502890280397,-0.735608305783867
-0.19914465240016,0.885282453073585,-0.356293574553715,-0.123113644694216,-1.2861611569438,0.00810993217576488,-0.65955329841734,0.555282054136108,0.137425500687707,0.445034833240676
1.60037141120398,1.38270398621436,0.578317734984027,-1.42975304286683,-0.792633547906232,0.589834774981613,-0.795961873298616,0.001469186383659,0.912024084215541,-2.2273195667333
0.336583416383172,-0.385752008560292,0.69933644670008,0.260343425396527,0.667459317694468,-0.331022913888466,0.151015793667322,-0.724596774020951,0.287010876302434,-0.527112494297556
1.00816413633302,2.65826093754205,-0.355522229786233,-0.690283570174402,0.460286000463163,1.53866131063212,-0.0439937349429088,1.26916161207811,2.16596100878331,2.03163091432608
-0.591790862264079,0.774131765505911,-0.578855828065146,-0.3536978304966,-0.319336625401235,1.90531252238353,1.21580927626039,-1.88533230573754,-2.07306552743837,1.24598538871534
0.468308729167528,-1.09649150644243,0.927291451804378,-0.383502792673775,-0.957515037125717,0.56605630048751,0.677472958069832,-0.449823674396912,0.369309252580301,-0.370244656261484
0.474594527903649,-0.710232039426716,-0.113795603536583,0.525447974470447,2.38383921094146,0.308884964335956,0.278585978846127,0.946282513171631,1.70402243828283,2.00437594078608
0.956220634826234,1.11253638293522,-0.281629076231541,-0.749625842020181,-0.0954651521962606,2.26122334111273,-1.93474145655268,0.91552283129196,0.44480910317449,0.123782997322809
-0.649277687089604,0.808266738593373,-0.561949660353488,0.429981914760914,0.50590251317425,0.245086712372138,-2.5676291474023,1.38557964667188,1.06630506522725,-0.263409646572353
1.28994007860575,-0.55682230112652,2.04000027808202,-0.992859508876191,0.521954933848906,0.490361805094126,1.26356354548553,-2.32361088741192,-0.403589738698566,-3.58977181738773
0.656966864221477,0.646234228956359,1.00916247357438,-0.29389814157248,-0.089923178015616,-2.23972772835944,-0.719420202260547,-0.199391534371737,0.256673161662537,-1.83339564279516
0.0331453330689716,1.18681148922877,-0.207605956108521,-1.57821062480784,0.899732546172318,3.02372254002027,0.79030285690766,-1.02892661012822,-0.720875408333964,1.48018827667524
-0.983683136250044,-0.746825330461364,-0.027467806084523,1.92229351936321,-0.433823280714982,-1.38701276322496,0.554475119909372,-0.317722411122523,0.905336203174833,1.74252146081184
0.591324428346218,1.95328837926152,0.242777954945631,-0.0712937438064029,-0.349203786598574,-0.0879825457471917,2.16999591524901,2.2574305699628,2.85267216397915,1.63606446988785
0.0955113710107986,0.986023986079902,-0.428473832286873,-0.745193811320994,0.499485250770652,1.89303569305351,-0.526607021041841,1.16232911608792,-0.151691179057116,0.499350554312629
-0.833634221633978,-0.59218752012474,-2.39891186779001,0.0819209237857891,0.0289999461417538,5.86029331170235,0.0153882747836557,-0.810746478388712,0.588264278750717,1.09434021829787
0.567434684138117,0.205755868136905,-1.41607211310938,-0.00486013266899182,-0.33060726832415,1.03001110497022,0.0520537999108048,-2.52324761087472,-0.623593849827156,1.33212607275078
-1.26534355194745,-2.25207207500799,-1.44532627436324,-0.124988641203183,-1.49386315710886,1.28921793354239,0.608303387483102,-1.03885826567507,-1.22685369960876,-0.647450078660386
0.983726316637593,-0.37663665997454,0.172350297874052,0.538778515139,-1.12887294820997,-0.275486473495661,0.380180020076659,-0.69010479949877,-0.882341261183229,-0.691791290310064
-0.277101768933323,0.100183677401136,0.346989662679927,0.900868470956285,-0.658151321093961,-1.47132853891482,1.13863848693664,-1.71623517418771,-1.57777650089811,-0.425793298093745
-0.380539680223493,-0.830309177073278,-0.505114847668289,0.930309306715527,0.517037524723345,1.42316403803238,0.0678792294974328,0.469527174504487,0.286340592205213,-1.10891827330404
1.93210077062862,0.819087155763848,2.70291821574575,-0.00292209824468437,-0.240648079451583,-3.02429598071193,-0.950932873598766,2.19531023755934,1.95916728415102,-4.6582767575051
0.448933111334887,1.36193984908715,1.8052134508671,-0.225366202648998,0.202984632889896,-1.75231698745964,0.283096702719856,-0.60384304304379,1.85346534865529,-1.20947307105119
-0.78094803106715,-0.39126715011128,-1.50290417472349,-1.51921583543569,-0.42422204357133,1.19625138270183,0.0364493368495193,1.14759664540517,0.104526706846035,2.80047748540802
-0.269342119129879,-0.534335530510823,0.810866925887421,-1.5977572689881,-0.237128850572809,-0.0323607294298077,-0.279375248239789,-0.595203634987214,-1.11130610069225,-1.28424208363747
-0.393746474339124,0.125071561322458,-0.615512941982315,0.0532205835873036,1.96193088772256,0.390961465046735,-1.86058869790745,1.23039039481934,0.953256949442326,0.835652624107293
-1.03792300664483,-0.563849316418438,-0.34971977600909,-0.396648033872418,0.793361035501324,1.49255765640396,1.61876227502196,0.71379559768757,1.98428210070804,2.39724111452254
-1.06922942759513,0.497105691749065,-1.95002556512026,0.933898813020166,-0.0607646760634805,0.800248313470386,1.0173411310679,-0.719815697885977,0.820119568139604,1.00943663297568
-1.12997899223242,0.174110096631218,0.00576167261961436,0.907610624568398,0.365285547457806,-0.0581759125833239,1.40642407438153,-0.405668338070075,-1.76627171799978,1.12540374060867
0.227276573164097,-0.161176274085328,0.334395573268223,0.80839136781905,-1.36170158874312,-0.497003105651204,-0.647432656659151,-1.13387996183434,-1.85792604494965,-0.400311682545759
-0.679651514692393,-1.73511190258874,1.49240994511672,-0.189458153154176,1.65795258040622,-2.83886748403549,-0.133098628904121,0.416558072860771,0.723971202653308,-2.010643796454
1.07208157044421,0.388361914027868,0.683116938345314,-0.482820568540657,0.102182621588694,-1.90978303512748,-2.1504282834206,0.0893574387397789,-1.01406833582496,0.749767387368524
-0.423983079861659,0.803657071121548,0.675936591829997,1.99744143984979,-0.194910370366167,-3.33155984275358,1.95159945736785,-1.16488694108721,-2.23707791700911,0.116598224750753
-1.89137366469087,-0.658987684223043,-2.27479185763503,2.30006642255949,-0.287612344331378,-1.28807439665063,0.804409778146885,-0.706417402208995,-0.488953993644508,3.39990506310804
0.0869076673261998,0.680697087418149,1.89017520568339,0.214092742609531,0.0853378533382235,-0.565133424820905,-0.617743325154826,1.3851305528631,0.478199335405116,-1.57650507353273
-1.0773823489175,-0.574058532899753,-0.959217295859613,-0.772199101246343,0.432801237696316,1.61440519799889,-0.134135257160849,1.27668424844228,1.49546710875958,1.07714841199496
0.445809055385101,-1.84572624738885,-0.0965962239590541,-0.966043804124183,-0.617551127757233,-1.31326431354046,-1.36526622243119,0.714755496213257,0.402452014774519,-0.0597070302822011
0.751519054682004,-0.357595740431965,1.83467110756009,0.251724274628169,-0.184024493572548,-1.19067334111671,-0.0932342599454197,-0.0513173814145912,-1.18842515573872,-4.11364662405052
-0.398531314832388,-0.880390075485447,-0.0331029044414135,0.244547781532342,0.49778395161808,-0.40522599239826,-0.183669703974294,0.435905688206451,0.185076938031338,0.793653095710284
0.281651265928172,-0.733447959989179,0.692064457646983,-0.227385639436577,0.501114020148353,-1.0252344983393,-1.13580381750822,1.17430546105116,0.637773354771246,0.165866106706673
-1.32186375221695,1.20614257163844,-0.706534170485745,0.876540201056483,-0.321311502848937,1.26011575132116,1.20987303719951,-1.67755791006596,-2.48870200214869,1.04195949839931
-0.949382048039874,-0.289462518522541,-0.772994000704437,1.22366666398747,2.36037345414183,-0.0932026536642264,0.521510126138364,0.391670131211728,0.393848004459331,2.12345635560807
-0.125081363844909,-0.432425046349411,0.230532227641966,0.507605183669691,-0.0521926347769367,-0.279077290987322,-0.539554094860308,-0.679758838909216,1.16930349553059,-0.635200468693219
0.62180795411535,-1.2903111221342,-1.16510841576958,0.78355582666873,0.966765272214641,-1.51502631567438,0.425033310498344,-0.62268989585879,-3.74288127586073,-1.41986384151487
-1.25629297068584,-0.688985261233093,-0.60565896546047,-0.292175548315027,0.0856454050441139,-1.44621164428365,-0.140786728324613,0.373392351070211,0.531494710851003,0.806025934186236
-0.120382476754837,0.0472537822318807,1.81847092803553,-0.958433023254203,-0.888580427703778,-0.367550625380947,0.122423728315385,-1.07627001867758,-1.49282895828939,0.222778449926089
-1.48629784445028,0.014162913092036,-2.00485036399686,1.06158982993137,0.582125774455755,0.32389375777325,1.44883563612216,-0.0805274318866266,-1.57133574839829,2.24404039136283
0.344556656270492,0.788010331550623,-1.79860473698853,-0.369576738888849,0.0461020220252279,0.945956877205473,0.658468295973214,0.984995974198518,-0.346262866851416,0.291370483469905
0.897060752939206,-0.450767604583845,1.28571718257044,0.10746948392112,-1.28497521641868,-3.0950695371295,0.463296076191269,-0.318570005163467,-0.566888551868796,-2.45505757900217
-0.468340356175364,-1.34702057642171,-0.209605604857858,-0.161346429803827,-0.466718926189301,1.86885332519377,1.63112500135455,-0.417888587090964,2.23656428392788,-0.755403836054638
0.809737546088643,-1.09012925766133,1.24516659791721,1.04849076367536,-0.0884254808489786,-1.80510808838635,-1.96971572466037,0.210583976928362,0.115006282842765,-3.00107671130022
1.00681489644327,-0.503497594562614,-1.12458251696906,0.758980291262602,-0.476830865825454,0.367971754577545,-0.952440856962905,2.61617051124551,2.02943998236159,-2.06310437392468
2.14233408540695,-0.944014047857461,1.92228734788998,0.839479559331997,-0.56650578454509,-2.31301718593764,-0.261994212863151,0.194191579848261,-1.76794369572263,-1.61848455511096
0.780442876730283,-2.03132009560883,-0.442301783447034,-0.123491914949894,-1.7626609050316,-0.971722627804024,-1.52850865759066,-0.797690934334377,-0.21492167385556,-2.49261729724844
-1.43767897578229,-0.42729807661904,-2.0008192536027,1.59517487457951,0.183169306126255,-1.23984629690343,1.54148159605902,0.601537684837571,0.47496834497298,1.74021940918968
-0.333834855288632,-0.56978678465646,0.772955853407889,0.263652257344311,-0.657024325631125,-2.95461715323796,0.70580150104656,0.0719199039293874,-0.0591199130219849,-0.773963510379199
0.425695172875493,-1.0542039570381,-0.998075774311461,1.15890523581103,-0.167570412516652,-0.0318281671572739,-1.73952100961787,0.951352316222702,0.0166944407961258,0.0298070304974134
-0.902692735017083,-0.151450508008081,-0.00559536752812761,-1.22511742368351,1.95795279606151,1.49478792261233,-1.92732655365942,-1.31893213299849,0.508763681328511,0.744362661945566
-2.0793467302045,1.83297787813795,-0.272713890944625,0.930104585457938,-0.355738307057843,-0.921076159302001,-0.758937688741059,0.514738768576185,1.42622856990352,3.27412455824763
-0.369448806752547,0.996781906943779,-0.0959029902677182,-0.621886482774222,0.88923107145853,0.438140250114972,-0.0860880007044918,-1.67522847886276,-1.13192606321361,-0.201978209523076
-0.790288532759593,-0.042227494990164,-0.594667966372253,1.03061969644406,0.0126669556664335,0.821108852485107,1.23879162201878,-0.0589424611779648,-0.0863473480060055,3.00328821771797
-0.343655042280652,-0.355173462781534,-0.921238774639211,-0.0802942121681183,-0.286709395138585,0.776507900442455,-0.309234701489565,-0.631896985937173,0.178385835491399,2.40892601319185
1.0753816586596,0.217458211772841,2.99269124028227,-1.01077596029969,-0.0397269626461639,-1.47662303533751,-0.635194381431827,-1.16048112632934,-0.490887196623895,-2.32737350333686
0.708686552472458,-0.257040969421175,0.206479255263417,-0.840381244502145,-0.839640572593661,0.555643835146652,0.722109990353678,-1.13520372027761,-1.09903785780021,1.25813514876428
-1.02000625882969,2.21682829802783,-1.29972001858982,0.261914107037806,0.526426964116937,1.27917208135779,-2.27769343508285,-1.31263112317024,-1.2272227166614,2.66081430532222
-0.553498111950891,-2.14828464885542,-1.58330075595233,-1.55157776099943,0.181697885817359,4.39501527683864,-1.01499392846521,0.314264932292979,0.0179323173465076,0.407889326677648
-1.36363834408779,1.13480176746766,0.0770979165904883,-0.0854386376321364,-0.676374920256221,-1.7519754714768,1.15571866373776,-0.882815673288593,-1.16666012204044,-0.0497498414552897
-0.8546715704511,1.18095797081085,-2.22745747677367,0.0328469629974028,1.54998076955022,2.28810362481909,-0.480434246864581,1.89552506287615,1.18581279931273,1.95910678915102
1.47933113628418,0.868190996971401,1.68158370427411,-0.484388927290783,-0.377801480334692,0.377534527188598,-1.16143042480077,1.91774134640958,-0.267520913656242,-0.803080812319393
0.283822626125485,-0.0504012258598043,-1.41796579477754,-0.129012601996382,0.484645150078145,0.746829629753144,0.182194232484052,-0.00519682465881194,0.982607184273972,0.914677101254958
0.151634194765459,2.15506059894451,-0.738111382337615,0.692357031581494,1.18535014315414,-0.020976951203458,0.00347519911155024,0.805960899811236,0.520064299028234,1.98920708531303
-0.800994607051709,0.403598040003256,-0.597381547147808,-0.792879447687416,0.630721120908028,0.659578637944409,0.0731063948974253,-1.79559457750071,1.31541150619682,1.17913286268961
1.67368580248024,0.735926875751604,1.10076699734806,1.84837214841299,-1.09464398965948,-1.7507869770907,1.12301999316112,1.64027003550905,0.235241222600919,-0.601406575921065
-0.327070840962561,-0.61017590519545,0.975832093382253,1.64325294717274,-0.747529950140516,-2.29992625488205,0.0296375116774401,-0.221125931852892,-0.657912118243166,-1.57654417120769
-0.43780987250701,-1.07213571457633,0.0051200434155465,-0.551217533861222,-0.80654206111562,1.299152238497,-0.580607486719216,0.930497323888445,0.847150758418182,-2.67642532282475
0.760283019653761,-0.516676464252147,-0.543487110733506,-1.02076491646058,-0.4735558757054,1.92316855519868,0.888781911915547,1.10199185025162,1.04613102371013,-0.191316617921834
0.684562438193771,-1.14071623549561,0.146735783922697,0.265855261591511,1.57176225812947,0.109352428908797,-0.059614967915076,-0.0517750198404714,0.0461731950574852,-3.68767779519382
-1.15300259316834,0.239353010081958,-0.618167703368701,0.363723301455906,-1.98412246634182,-1.54077439704531,-0.740347660677294,-0.595395681723884,-1.14289181327658,2.33969270479331
0.4887611612297,1.02934277543876,1.0870314485718,-0.177576536849606,0.396860321455386,-3.50351920845368,-1.14466364838913,0.0250244268446249,1.1264504948769,-1.16183210656107
0.95411398122823,-0.441503127594193,0.977785540167663,-0.164699108420419,0.379461466620775,-2.46780396868941,0.712698972910775,0.765583114232717,2.37445719545897,-1.28859235644354
0.305016312537974,-1.60400131843954,-0.197555077348612,0.176506884825912,-0.559245073766917,-1.3580851689482,-0.673905022391708,1.19803222697104,-0.0579441794954123,-2.71843025847825
-1.19617664244108,-0.56618262247068,-0.292833454280733,-0.640288529016045,0.224727332257187,0.843421557324389,0.496527721242692,0.373919352049042,-1.1028995083288,-2.13228799141972
1.60232690893415,1.19659902719338,3.57123896815866,0.834820299918323,0.759795199967626,-3.51404759930897,-0.60853033947776,0.102977858475517,1.15909715467288,-1.11695215091692
0.450812973863928,-0.842227156982881,-0.0694812431853892,0.33701029359485,0.832078207705571,1.14437858042195,-0.451926362476196,2.55912584770973,3.51542924506233,-0.804361543930902
-0.869497882756523,-2.60248660553251,-1.66239731801864,-0.574686116553804,-0.295462668204155,1.88289399861252,-1.21678824601778,1.10507949433691,0.735107476093202,-0.375422424619686
0.737258656926446,1.03161616445092,0.520880597881488,1.18592301001274,-1.74655266767531,-1.25237576609183,-0.363982134083484,0.830765899359575,1.9316890006473,-1.54906742055145
0.94715876310424,0.727579849679216,2.18330384895909,-0.120220718604972,1.79584784327628,-2.04850802499809,0.319955378880876,0.770324783438415,0.93351085379652,-0.992384007319556
0.736055610107022,-0.702481350795854,0.964785250956499,-0.568393998805473,0.421711300115422,-1.24928683332005,0.200141926357665,0.0443325105782039,-1.38266857571941,-2.86840357913639
1.31287923795674,-1.9403574530733,0.390000252073156,0.0417670453049008,-0.603474544722901,1.21834753136266,0.803898979293275,-0.403862598398007,-0.238256203726595,-2.12423965893028
2.0642852150897,-0.192411326063735,-0.631805375516645,-0.741292578494138,0.363120774541,2.28252899016227,-0.97588169714164,0.358478497273741,0.0727072558034814,1.09195901072563
-0.491941947682125,-1.77699498782212,-0.955474812427989,1.38415845826883,-0.3358067332446,-0.52207486755582,0.613222689942581,0.837482500098926,-1.34818437581427,-0.611817323602579
1.90138877466179,0.754374418089156,2.57800229785631,-0.46530336537695,1.56653989958107,-1.52165707622289,-0.480352100681678,-1.04627333650527,1.86835851653287,-1.87251657058585
0.541018737830818,-0.119400000758213,-1.02191736075106,0.555982868971632,-2.06509614306481,-0.717574530923424,0.133058881350151,-3.25910556655336,-1.00938007721093,0.169530225822977
0.266779973322097,-2.23468351660512,0.444628823927013,-0.427943247926529,-0.216211992413493,-0.200837241883357,0.0429927703297865,-1.69967145279452,-1.01129098286019,-5.00308473316582
0.751722442839676,1.29374574452403,0.726415444479169,0.0703597884959837,0.75592468243895,-0.897853554586286,0.538176375421165,1.8743156482938,0.243020695460611,0.479116992624671
0.849102966440013,0.400393314338807,-0.805090832983305,0.119975202442826,0.415682246284203,0.918056971703286,-0.442708449408597,-1.3207539669755,0.147542833071926,0.407386280371987
-0.0172815211012546,-0.220231361995921,0.774742193419133,-0.168424432057275,1.61586925148045,-1.36944727258439,0.23652141638633,1.31247095263028,1.04656684900193,-1.06796489822177
-0.367023009819421,0.981793464790561,0.130658443024542,0.0370963307093815,0.677686656492587,-0.712760297581861,-0.560012112731179,0.355524645825049,0.329908725551,0.385745735680627
0.066958691445017,0.174921805031442,1.02580495345503,-1.27780774289934,0.29524963689861,1.34908135743851,0.405684408146556,0.0707449106143567,-0.508249006915595,0.106537153054189
-2.24262880714696,0.384401984849715,-0.757713607792414,1.86034565019353,0.370237560526627,-1.89645220635361,0.0423918460998339,0.513586953544774,0.774370701404249,2.36405764295348
-1.10164035377978,-0.109614055595084,-1.51860357670412,1.76912634346216,-1.23456059088434,0.512839557401545,-1.45738406880837,1.50888481879795,1.06391676835811,2.36850145229519
-1.5981127721364,0.774991566637647,-0.55527326234451,-1.27922691005214,1.00075522953806,1.99534141963614,-2.24663993297123,-0.748283163089651,0.660882671584165,2.63972521196371
-1.24362333890285,-0.409818185550869,-1.43959416707702,0.689432639108407,1.32456438148015,2.49107848373431,-0.38860361978995,-0.979764959862436,0.91412375743689,0.769880322153455
-0.737173062153084,1.32587970233048,-1.75149263105531,-0.052838403256718,-0.886808026734033,0.186315540524817,0.0407900598393231,-0.0262214208105426,0.53864466686369,1.74425745328564
-0.790054642965181,1.7912446206408,-0.532615265031689,0.184798138010712,0.567551119188277,-1.13544643398706,0.914560856874529,-1.10425656308425,-1.83980414645266,3.76195134782079
-1.2641168640759,-1.54459291497605,-0.0826938833490651,-1.47563880121389,1.48071213908214,3.45846478199689,0.367286435495069,-1.10992227614514,0.0853017723882929,0.397962703280359
-0.047245553668816,-1.30620783603532,-0.907219869860427,-0.183807125831954,-1.40037738157988,2.18652986782688,0.527781328517448,0.859810884592401,-0.27614886191518,0.384886942108388
-0.564749030294402,-0.579777416131985,-0.723493513312876,0.445177619750767,0.799622386700561,0.647329749304203,-0.762178491063321,0.948895276891102,0.505474278455262,0.433328685343802
-0.0928667224601915,-1.88534566939856,0.265474965672269,0.0370593876228007,0.0345620697859708,-0.0270701190437004,1.70647591639233,-0.203239590118971,1.96077293754989,-1.06438692524268
0.802058318784116,0.488746074939979,0.463600417393142,-0.49285137176079,-0.400342446847411,-2.71508367817902,-2.09796532726972,-0.158766310622877,0.70962958910124,0.202531977476385
-2.45057854985612,-0.584955091812654,-1.33954062755823,2.42988998715211,1.271456262583,-0.47689191709058,-1.19874721810643,-0.832967018124328,-1.16568019659047,3.18845084595229
0.0311655696009783,0.0193807172461363,-0.982772227907429,-0.461328695252114,0.457563177572235,0.288314377073171,2.28012469384416,1.69355317176349,1.63987542840602,0.560579187935371
-0.272013536437668,1.50883774715821,0.413328986898528,-1.10419208008532,0.366168477054973,-1.20498497682879,-1.59215261728033,-1.39941258281657,-0.378040714906279,-1.66353816792082
0.849925513744242,0.970592090381979,1.46951578646852,0.787662253523379,-0.357157909808796,-3.95429903484544,0.889021348646523,0.687287304657857,0.947225838020939,-1.1328019319035
0.47813458608057,0.540556050965064,0.859041548855182,-1.06830651652179,-1.32940731816697,0.371635986047313,0.982536333810598,-0.579097414707577,-1.53219591922758,-0.654139991973645
-2.15253806512709,-0.118087089485263,0.588870623517476,-2.08830952950384,0.737875351593764,2.87983027061171,-2.48123043129149,1.56865321941646,1.00928226003189,3.40397175900926
-0.623055479371265,-0.681714398518471,-0.74357533340953,0.985450656767874,2.10337065159581,-0.837254385838463,-1.34397543790954,1.47099388321478,1.82044448975843,-0.981960817723895
-0.928948268882978,0.490280094309032,0.00187918713134187,0.57583022825557,-0.778772705588439,-1.46335111492083,0.215436909779154,0.594548667824171,-1.12623285437842,0.637484857618574
0.506625817088261,-0.22737051960822,0.359751774603517,1.91261842740982,0.60159916210318,-2.50658319309607,-0.100433477549363,1.06107676950457,1.37083758571007,-2.08458099207476
-1.19319942342282,1.26989044023836,-1.56040619184827,-1.44490172671564,0.125286192041786,2.7557556043584,1.98871800402774,-0.986627802232104,-1.01289169261509,3.56081345298373
0.523577972564213,-1.23934353846911,-0.535204706757147,0.919450290371824,0.515276956451143,-0.549059637664697,2.31592401872226,-0.976223015166254,-0.183214386802492,-2.63527516531125
0.896691801886838,-1.46237622859479,0.980744747406143,0.345379528531088,0.678988096391943,-0.337075372653805,1.62738740118791,1.27790280712405,-0.148002653162702,0.460443384611342
0.460075486015805,-0.30526803947341,-0.716014358944643,1.6228410364231,-0.198553674844306,-1.41655424723876,-0.295619960880445,0.177423921410736,0.492683966752174,-0.00298897829744865
-0.470290063988807,-0.0277849798503266,-0.79337296655351,0.851398169765969,-0.218267759643098,1.29918427966579,0.554262520807584,1.83384123448453,2.60619870723987,1.27315362274601
-0.0784754895183997,-0.233919709766965,-0.893159941149087,0.623390578271158,-0.706409587595166,0.63214973675298,-0.460746010467484,-0.0806695433509817,0.90763409846539,1.1291424198753
0.0756996904059801,-0.710297639731354,0.520068080756097,1.0244390167502,-0.582508039341898,-3.62445710935145,-0.399825864711096,0.347756048574479,-0.492198070491141,0.047216795806418
-1.90076396256915,-0.00962072249460995,-2.41318727400693,0.787644593197792,-0.422264001441489,2.00465163085747,-0.374192449431086,1.5111248731353,1.20637815090812,3.23729909384505
0.267438606476517,-1.30687257483265,0.305645227295199,0.977730659613481,-0.175654152067705,-1.61697895357832,-0.739352144310354,0.271757220979526,0.654329392942131,-0.35546657126665
1.31777540522897,-0.937033070364325,-0.0411398794243509,2.57826096374604,-0.120180319568817,-2.01069793773044,0.878360961834451,0.28194573283321,-1.83181618941403,-0.811682875104834
0.0941390661465836,-0.259790238145258,-0.620827540623477,-0.039829439004098,-0.795511780345262,-2.65226152784174,-1.91736137407134,-0.695925061895821,0.79803417017967,-0.468771860436645
0.178961857697259,-0.814896701972545,0.874603170246193,-0.860188946342669,0.245917343063781,0.662222450628903,0.315168163651989,-2.46114012231652,-1.2741187630265,-0.749157165774155
0.151897341326848,-0.136499006705162,0.39661417850542,1.18767770452067,-0.676554031459537,-1.90193008125466,1.40697269694111,-2.78953817599484,-2.45756399261723,-1.08826707815712
-0.117123525091275,-2.74342678656909,-0.88562960938344,0.909764836317685,0.364543691642716,1.10423738509892,-0.950530577128372,0.373924834563027,0.64678437691075,-0.998525337579128
-1.62971175405249,-1.36583680744194,-0.821934898819624,-0.791926687057628,0.595250031542896,1.07883339352781,2.42905205168728,-0.837902480645824,-0.662159687482418,2.32018329515318
-1.00988562019317,-0.539881968797787,-0.195549935161926,-0.466032718457363,-0.786200730672944,-0.482063984281004,-0.884992520419906,1.66633216385739,2.69107412140659,-1.7841722828958
0.15744763868498,0.278862829076058,-0.62497618856928,-0.453342507054474,2.12711568142957,1.88892195888894,-1.02024111005677,-0.481190284444124,-0.531372374754068,0.952861086599018
0.520924689439347,-1.0262970702708,0.131127302403468,-0.37202512803371,0.0898573242789055,0.674220759120588,-1.24855813518988,1.18108860941563,1.19018213049447,-1.00818951694225
0.0838939020909779,1.57567818495407,-0.750451451634548,1.76461473847595,-0.210082780022966,-2.55836062970423,-2.19503694879434,0.575287004561904,0.588360304148119,0.482396806606598
-0.49884127022639,3.44927621465866,-0.319502624480173,0.968324982351702,-1.09449268597281,-1.62328037583388,1.29010113890993,0.506470332343888,0.535840974311589,4.14039912431878
-0.326022396713243,-0.618856666700495,-1.26122373743063,1.19425267819032,-0.658192653625887,0.0659968557637568,-1.68312166890768,1.61357766338952,3.04919348755733,0.747462971274701
-0.667251422982533,0.559345818353188,-1.02536410271322,0.812462441269465,-1.57745986738986,-1.3009198642566,2.35014290996023,1.4514669810332,2.44612441466032,2.02211800575808
1.00054419889155,-0.943487270907384,0.868053179101655,-0.891626515907598,-0.159302767878357,-0.236236189391577,-0.0112833832796869,-1.50952809738658,-0.794725552332106,-3.7514610732022
-1.8717555857532,0.575294187279058,-1.39052149487339,-0.338475706388255,0.00483017371257524,1.87989973392929,0.580976924484923,0.412351749778903,0.882235957497488,1.82040997827615
-0.955338372473076,1.55022352181384,-0.861887742586212,-0.81789160917566,-0.456464828257439,1.45520052214655,1.17474387902347,-0.886044510620733,-1.67935291885053,3.87342812101633
0.797508421422601,0.381562926905775,0.268989021787904,0.972306581890258,0.74878455630722,0.252716095267179,0.70112307221977,0.511407913881496,0.692136305090213,0.274761452837436
0.869756232490718,-0.365272064269846,-0.123705668442811,0.516233408246952,-0.590283207999242,-1.97700577214621,-0.306880314063472,-2.04906143105911,-1.4046216868737,0.854159303845413
0.145733405343719,0.887280202292957,-0.868074249795703,-0.444404915625248,0.572667299105013,1.32608995392517,0.0608711231442972,-1.1833973543747,1.54452468585923,1.37933379168267
-1.0998357208948,0.615011526686846,0.438138908508515,-0.47903444513652,0.085497278235727,-1.8416519208501,-2.16478414871988,0.827630150261777,2.42342686964271,0.162398683347784
1.5919273740778,0.235881800925099,0.880308359298163,-1.60271304489585,1.093126975733,1.24186089825656,-0.24566836196042,-1.05589608961236,-0.538049372592161,0.63194242127636
1.0398301879324,0.329165240134317,-0.351494847107424,-0.192224593835224,-0.212716028070576,-0.902702537481057,-1.62761404389505,-1.17530747438398,0.100703107243382,-0.356987027740978
-0.635183744019215,0.447629829052626,-0.197993840373764,0.789307047059592,-1.1405243781767,-0.192421000728885,0.00410501328647722,0.0509560242345665,-1.56987899131993,1.69319871032248
0.20062370738111,0.160820193505197,0.807354085084669,0.512506505009125,0.240424249334406,0.190220604780885,-1.42395153828603,-0.830837949749657,1.00318073987233,1.77333843304091
-0.426794017254213,1.10526809596479,0.103684417639227,0.587179365347009,-1.38380967893086,-2.19256932341891,-0.004911059907295,0.196589558222173,1.65402273982134,0.780391374190767
-0.895093973776637,0.0703429224713971,-0.748716285171023,0.868613738424023,0.623370906212422,0.670885648945528,-0.0162484775508735,2.60046390636769,1.51220186433184,2.30057359217306
0.568749309231455,-0.734051384713049,2.01155189452244,0.125171656035613,0.0718800058845461,-1.7351127226319,-1.57748734368705,0.312937609432107,1.12921076549043,-1.89256543921677
-0.154503732029099,-0.726980186000427,1.05726391198985,-0.183485515300061,0.473317253263885,-0.877466612227273,2.59538561452243,0.897011153850213,0.797667574004908,0.227752658479506
1.08383301154498,-0.965188438251074,2.17276179269652,0.701963594770257,-1.0209500775886,-2.54632799385409,-0.709148983935963,-1.03527435389327,0.409096926888338,-3.19932862702113
-0.659736136076991,-0.310024767451888,0.308543610663465,1.49516708501188,-0.471390640535868,-1.33761817780352,0.961469569104307,1.80457100474501,1.05385032135899,2.52369632551871
-1.21301148236689,-0.96603530110057,-1.39257862058705,0.71956880531493,0.0819685004365785,-2.65983694320749,0.100436938354264,-1.25685841977785,-2.55495668212247,-0.975016316675135
0.686846043729778,-0.246408524618265,2.66572071017652,-0.0668470598088973,-0.0486136905367981,-1.41244354841208,-2.33731360865972,-0.778086446733182,-0.598213930227997,-3.37090195542582
0.406969777971585,0.663174401685646,-0.169151218709055,-0.500105668972303,-0.767845108135967,1.4668357062826,-2.13965037211808,-0.275792037647008,-0.666422159464888,-0.335546310084424
-0.204963718422191,-0.723853407140352,-1.00479902969954,0.575805500176973,-1.05467267204535,0.395782508728795,-1.93872388069173,0.440673193828415,1.83884197116622,-1.74323927972379
0.267606612647884,1.61733329320872,0.00842303225467608,-0.118530317825879,-0.618087496408267,-0.447391809100103,0.0503099838441608,0.450478065459908,-0.216453231206367,2.35371494966598
0.618982004946683,-1.88816938980222,-0.172648509723586,0.686846243628835,-0.174435572303906,-0.318331630469286,-1.15836132582372,0.992561398017036,-0.816722100903919,-1.5462082727569
-0.120882272133532,1.12524490591653,-0.807736856280089,-0.209703416024094,1.17903992015425,-0.0881476406618125,0.578999302578222,-0.918787034587058,-1.42352123815471,3.27642465665254
-1.69895952654709,-0.0689253551520674,-0.975500758789021,-0.229298254771291,-0.0135633527089215,1.74815534407576,2.27453170196418,0.67549074172854,0.963055299712291,2.06504276939029
1.30193196708903,-0.97883924915029,2.43116885833944,1.15189121988453,0.0271770344892261,-3.32701248269543,0.304105617534729,0.861802985825659,-2.35395782351782,-3.76486349941025
1.08951215065186,-0.00853373646304209,2.25848228510788,2.01537345994556,-0.514003265304702,-4.13145379843442,-2.38351389857091,-1.20621267434492,-1.31513538984829,-1.21330107687475
-0.73189354725007,-0.901766504343373,-0.0858053789346692,-1.29955029261386,0.286990219709503,1.09862365060114,0.371564000238683,1.8257993086726,0.88203412199657,-0.18511399971139
0.21486408768353,-0.228578358000784,1.01411739644683,-0.284627317218227,-0.187304011135537,1.34278126287073,-0.647342553413798,-0.284617538330582,-1.52202802640191,-2.19749802104128
-0.0716420783010622,-0.942145296439619,1.18251332030231,-0.58694248626131,-0.905278199197729,-0.0585255477903462,-1.95610468041957,0.369959667039533,1.43928658238437,-0.908469135353351
-0.937129782488891,1.41213527978583,-0.413447800016846,-1.5371181821535,-1.71613573752683,-1.81188965437147,-1.53381388934397,-1.6700415540987,-0.748474538243106,0.815622786203191
0.715694411535812,-1.19588625023681,-1.31797794975069,-0.107838128848174,0.771300313580257,1.99160425641951,1.01070606408136,1.51120954051771,1.69838640331375,-1.25767872329051
0.55053360717855,-0.175180891816528,-1.06432648007343,-0.852176138411962,1.6889919046399,-0.25557501680491,-0.129955343654658,-0.572098627174383,-2.28359209261566,0.84923570530979
-0.930106404867614,0.602750254984502,-1.80348355081702,-0.51163882970746,0.872275896562178,2.97826919642775,0.278990697268771,-0.407060531621428,0.861187224177463,1.03753226662252
-0.396020840954611,-0.24727954993865,-1.19132010202882,1.10209770579512,0.252645364759752,-1.18783935645487,-1.180806660611,-0.200314463981994,0.647963996301666,2.00081578105307
0.594312220922859,0.205623235038445,0.286327432110511,-1.03153592986834,-1.30645452197145,2.31579189756915,0.0298515246671067,-0.730170098444029,-1.92597065671075,-0.614042056836774
0.490421683694693,-1.24160262266885,0.196925491417592,-1.0151772474318,0.726656614256142,-0.611020996927706,-1.14534953149435,0.981387550639236,-0.320434513255853,-1.69267949358307
1.01166493144271,-0.988435191854789,0.00351628559239593,0.627465838142683,-0.161996475435962,-0.589623375638315,0.813300991522398,-0.213493779394156,1.5066395698936,-0.36811633050875
-0.763216365999255,-1.33640436550562,-0.66437822767119,1.79761213317899,0.380886347768403,-2.34150296895341,0.895901152589508,-1.55373979428841,-0.0990335984351787,1.6142895789696
-1.23922816336978,0.92345810759301,-0.919554059423715,-0.430880739712943,0.0647992059530236,-0.237550085958036,0.205471874782915,-0.830986710898877,-1.48019171017,2.62632666193957
-0.441276728904077,-0.131701702893541,-0.243432179310783,0.0213896937317087,0.284043544165235,2.68656195074518,-0.060446854991962,0.932615703483051,0.0980922022756373,0.171497619556938
-2.19011625430263,2.45888513447311,-0.816402432089051,1.20977358429741,-0.776115301438283,0.634904555867087,1.40538311311595,-0.845003927042249,-1.1916307066881,4.02630124292091
0.661213165250553,-1.11528138835214,0.546332586681341,-1.98436820064765,0.259590360448427,1.92460636012046,-3.18905822726881,-0.392223293973961,-0.914698224735422,-2.42337621492205
0.587403863779604,0.826027438475159,0.713080206875749,-0.0467276051430947,-1.03125450705292,-0.957526342266491,-1.43446725309909,-1.19093877588294,-0.443077561949869,0.782268278444451
0.0265528042773096,-1.290644094384,-0.338333302897724,-0.564499633729232,1.14514753159217,0.961449898221182,0.406153322923208,0.113359814291268,-0.824725415294704,-1.31911762964121
-0.467655314853722,-0.725408776797512,0.683387619588487,-0.908623382828402,0.283325366379577,1.37336514083618,-1.63402211527162,2.1865592307723,2.39671104413561,-0.309413071940759
-0.0976454589426521,3.13244694890446,1.32616773277152,-0.0228585821128003,-1.2163960201253,0.284991108686376,0.883585762026122,1.10437234106369,0.332876653797583,2.39846680772769
0.254755926759382,-0.650715143389469,0.587751451278557,-1.96189796896015,-1.63537787857767,0.616964007705218,0.246876560520542,-0.294967381674243,-0.101166622890896,-0.53291501787577
0.686262517004284,-0.104358379992248,2.28341140779896,0.99385266017929,-0.095814527593198,-2.62279257214352,-1.45870242613586,0.496846214797954,0.570639663808738,-2.58787162242007
1.49034467579555,1.1832206200009,0.701464442923536,-0.854618733348225,-0.0700329076555177,0.813068138506313,0.0847430165704918,-1.01104555108215,-0.905025629528262,-3.1551517932124
-0.226555811404908,0.147915494893045,-0.614655824122923,0.0297940875188644,-1.01862592302311,-1.2567352953233,-0.093575176718272,-2.98794859882109,-3.43725616943705,0.296365466457321
0.613424595761262,0.346489301104026,-0.826915978458367,-1.97479543254359,-1.50102085542744,1.64509807625176,-0.165127253889464,-0.269080233517616,-0.429994037755348,-0.43879677066321
-0.0903824723407604,-1.3202856446835,2.47606327938653,0.162904201336486,0.214045553183718,-2.44100678769524,-0.0837719614627958,-0.461258159315319,-0.379140426998687,-3.60152801087275
-0.0105713992982394,-0.193609633361365,-0.194668511391052,1.32448835443003,-0.460750197689342,-0.833461303682517,-1.43842059811267,0.720303171978336,1.1952300841776,0.512118571375438
-1.03880192358701,-0.151503453374493,-3.4704777750559,-0.815389568826808,0.322776758324709,3.32896767150712,0.766650077608074,1.06103567905202,2.06946501976166,2.96053831530376
0.533002578303212,-0.645384116309133,1.37078633105632,0.16559081804447,-0.335796246082291,-0.65474238559481,-0.0736942372278912,-1.30648397960073,-0.92887127528843,-3.58522546850317
-0.953536113509627,-0.503510276047117,-2.68779007782103,-0.131105603870516,1.66434721824284,0.668480438363474,0.306501250366474,-2.50423772878478,-1.0383616922768,2.81782783388183
-1.70731586683351,1.48645759502751,-0.695175185364134,-0.574135064864982,-0.981730139735217,-0.925560179736965,-0.0945569186067536,0.119072972276007,-0.126275149936781,2.95750803711731
-0.954050236881574,-0.629291033957224,0.903046712172394,0.854144214521937,0.479746888307938,-1.65987706813015,0.973654680688118,-1.08185363183711,-1.27299356684479,-1.25013893050912
0.472568625225663,0.703095340641285,-0.973213924045196,-0.871204093435979,1.31510523721661,0.0091260982464047,-0.0381910357219958,-1.62984904377737,-0.448705310644736,2.05650561322304
0.202326116979416,0.395183840191862,-0.365876718927207,0.0482878325526445,-0.483928752039287,0.61386212061573,-0.910577803016858,1.47178854392131,1.33625516850688,-0.527254857918634
-0.667935121459658,0.31379306571783,0.387824170939654,0.0552257054299022,2.43406944239538,-0.725632293890756,-1.93669429532323,-1.70574763700251,-1.18144369659506,-0.661095025946698
0.811404644996475,0.818944260070209,1.07126621513944,1.48433672171714,-0.955218386696119,-1.02998172399402,-1.72901921897184,-2.22951599270816,-1.20118468400178,-1.56275782300243
0.180026877766663,0.780688326710515,2.42921651868249,-0.107900768039645,0.335571621880066,-1.1034304579931,-0.597293165397462,-1.90728162345581,-2.41738239999606,0.21821486868858
-0.327375504376374,-0.451200215816131,0.00731883378806797,-0.267160572590788,0.68032229262655,1.02841428067746,-0.896326044839207,0.268045999546254,-0.404343989932442,0.559383556757893
-0.0272465999248065,0.839878822179083,0.692202563318491,-0.495127886257086,-0.224161323762059,-1.39977920212857,0.502007296818097,0.599820639130712,1.95330801049138,-0.449982112740717
-0.501322182162101,0.657483542523705,0.483970422694656,-0.424591006241,0.513866303343869,-0.695597931681145,0.632065891599327,1.04442692738208,-0.44489549983348,0.401624364533585
0.750050259411464,-0.155118275355991,0.627900169825191,0.227856573176742,-1.92936031092978,0.56309838688018,1.16780851408397,0.643550650604558,0.90629356381466,-1.55683471492983
-0.623176026400726,0.37128397765371,-1.08591383103959,1.99119056333979,0.143430648826787,-0.318552068094323,-1.54842420187152,-0.527467296729464,-1.21355839190894,3.03745284307663
0.519722981375227,-0.251665833242333,0.244390764523414,0.137596187859006,0.0251609005558997,0.749762453822433,-0.186491852347485,0.513316366891337,0.452440262111773,-1.19490287108233
-1.69211719968343,0.0432918451765228,-1.25586539239893,-1.53942281311477,-0.925326836784243,3.28379341468892,1.38484374013917,0.0537449624426566,0.132762712743953,2.64595230822747
0.0319140716237676,1.8880222391563,0.622316470595384,-0.00153253771302525,-1.56575707591478,-0.38709154457019,-1.29621238291477,-0.518097420614273,-0.813894995619256,0.652572943133018
1.04588492297104,-1.32493068939073,-0.370104695633617,-0.708432312818889,-1.46138406665555,-0.170987237424092,-1.15930363352941,0.0067095622132749,-1.81320230851345,-0.905392809101907
-0.365746322264908,-0.575691207498859,-0.514587102535666,0.565926607106082,0.314630659555853,-0.447525538628851,0.115181062420735,-0.628767887925963,-1.52549683045046,-0.83480999606827
1.20205514050327,1.13249146799623,1.08540002701286,-1.463828045507,0.491607423218446,-2.56902291224945,1.34330701811994,-0.309566019524999,0.424638463993613,-0.663875051424674
0.162264462972512,-0.274166288139445,1.5873517152029,-0.116190624950641,0.246485648367796,0.309345742238328,0.375582397440038,1.1770177297513,-0.712647094134706,-2.01127452140409
-0.581401467074959,-0.637076570086953,0.282935778137711,-0.988844449467724,0.438157877198762,1.83886489613917,-3.44776361237029,2.24065984321828,3.77963572946367,0.311621337646828
-0.170526885508927,0.13113763431442,0.855010946188478,0.471448898408362,0.609633611689256,-0.21838057976829,-0.827862590810462,-0.174650415788452,0.795333310334703,-0.941058021877735
-0.243686644084816,0.226840327036732,-0.993641285065503,1.28265048929257,0.198775741436133,0.655631080643389,-0.235721030392995,-1.19383405940834,-1.87639443935142,1.12218085663414
0.239564726721303,-0.498065540125942,-0.0238508277294416,1.07275712239799,-0.207230804346798,-1.31138578488808,1.30980196316128,1.52837706910988,0.587394251150412,-0.012007798876001
1.04400195139033,1.41128887501141,0.67533396728506,-0.8076992368354,-0.342616882767154,2.0079070264107,-0.588453406942794,1.71093048948031,1.41865165579673,-1.50661646748518
2.2845785615085,-0.966138092599203,1.09489579872132,-0.328711479291769,-0.219696124006061,0.281477472569475,-0.0610753440274417,0.21154453104979,-0.749012432236068,-3.61456888886823
0.105493806770527,-0.849373991661073,0.0294630460273346,1.07806121789955,0.661480755300828,-0.316431553688908,0.700649167559649,0.0487946780025631,0.276369496388795,-2.137853147156
1.82926331500291,0.576618908797687,1.73634722594578,1.46333734075644,0.113154583701872,-1.91545671824788,-0.194821862286696,-0.714194078670031,-0.364378199571814,-1.73327750962984
-2.3495132440178,-0.173889359198433,-0.565276106240598,1.54859706948533,-1.22258344389791,-0.10829953672318,1.08542378059533,0.545575885931999,1.35761047735142,2.29019443098451
1.50282207368853,1.1255602620556,0.829284232665534,-0.809832405608853,-0.828157395833481,0.61631306784231,-0.0663195157364259,-0.0199575758251904,-1.36449818928326,0.0734225717239943
0.795049424669096,1.33354045342372,0.80132702817912,-0.720083193012658,-1.52014872670746,-0.475373157459639,1.05367742897374,0.49158960025102,0.259641048149485,0.700786088647576
-0.564580170650842,0.736617105915556,0.674053999184978,1.04314116103953,-0.772779663364356,-2.304857323169,0.387857123585005,-2.08540774652838,-0.649699704409793,0.841960119600426
-1.20105218712468,-0.430588691270946,-0.423177065353648,0.872700894819864,0.823522300988764,-0.4110905298058,-3.07517123403167,1.45075161458319,3.24420511547422,1.53319095525435
-0.19394733664705,0.781758486848304,-0.681637309096701,0.050888858859086,-0.322023555050079,0.966529357970376,-1.03624050765276,-1.19063608428233,0.145811690298981,0.605401907121463
3.0221469170183,0.751686806890043,0.307470678792628,-0.734461279882631,0.47329963109092,-0.188053839683899,-0.589101709126433,-0.512812513005636,0.452580053692239,-1.12477967006314
0.12633975786247,-0.490979296795313,-0.157445791714239,-0.622305552414347,-0.651595149074563,1.30625186838538,1.90925268881161,0.685970015788574,1.44348062396765,-0.559193890642704
0.789073284279717,-0.658784271202713,1.56410145666006,1.03245242726926,-1.02755035178739,-1.90182660707736,-0.337147628599323,1.51532737890252,1.74790014718112,-2.37192455026378
-0.644750225765852,1.47613078923087,-0.923540185092368,-0.173627563288688,0.639720003099181,3.20063801110363,0.951179242872434,-0.98666685204688,0.939699239976604,1.3203483270531
0.286974601789843,-1.0315428447447,1.71666491542214,-0.137627857696306,-1.15749484004634,0.171833101450303,-0.288629650746425,0.928515523998642,0.958241614801178,-0.972353710717956
0.50732816329115,-0.456112510950903,0.827727105828347,0.598573494468854,1.79411449287157,-2.60235050365513,-0.40416156339745,-0.905389672861355,-0.522000368467758,-2.05270607364637
-0.537537069438639,0.550900148073015,0.72613926383712,-0.766242560904188,0.249788474168292,0.949585981564566,-0.126208649111932,-1.09434671387007,-1.9062128292261,2.06038716470107
0.923859752998002,-0.825719217251099,1.05042119015033,-0.311336619021429,-1.65832910008249,-0.710066097231274,0.0555904038121958,-0.758223973524225,-0.0683164425815612,-1.74089652170306
-0.946389258879977,-1.02748507849404,-0.690555034868054,-0.0784282783394932,-1.40759782982514,0.962948720706805,0.670449060906235,0.845349404015771,2.26320685331353,0.158171343100288
-0.179185156119742,-2.69022558116209,-2.41550934535409,2.43243462067878,-2.30270057661217,0.923257581781107,1.47920254749341,0.370256366449727,-0.438595066428309,-1.29307359102286
-0.651599446189379,-1.48747162503652,-0.777024668243481,1.3068109278639,-1.88226449068854,-1.20851252783658,2.64688820193284,0.601761232438282,-0.408449715227026,1.35516409204427
0.079415482759609,1.25776821881708,-1.23639251968725,0.0920383850922922,0.624720984582633,-0.748301387785323,-0.64942499561688,-0.124302998819154,-1.30007846250428,1.59853946336839
-1.17228064072849,-1.35532975327017,-2.27782266905047,-0.57377127244525,-0.724741129016622,1.45247833000349,0.139065927515678,-0.988248487807617,-1.27599913630747,-0.930696979627267
-0.936997022850372,0.651840268631185,-0.10213400538785,0.53348643578948,-0.826818855736883,-0.161215997452193,0.28854133439351,-1.2323328277567,-1.7890023217153,-0.224903831122833
-0.557125784286433,-2.57872540527615,-0.390504062992867,-0.666638202633744,-0.539411788015874,2.37911742451473,0.598690721068708,0.445596568354424,-0.568321397029034,0.352287651904912
0.605519357551119,-0.00842824427541876,0.0105114790605467,-0.723422929384511,0.125990745096676,-0.185216186568912,-0.347572164218833,0.555773002756228,-0.489324126434848,-2.12010936640855
0.223657321642731,-0.128826820330913,1.0681434893839,-1.22995087109153,-1.64767559013661,0.398281952039274,-0.699511725047958,0.249103707751959,-1.52092556841318,0.806487291472472
-0.316615656037404,-1.26159655908569,0.814623508718132,0.224347061260456,0.316325443996852,-1.61712192549405,-0.706921482122387,0.0817323343224972,0.0460220314685059,-0.803170149786767
-0.52297252574421,2.18486521067105,-0.734969416107732,1.96313248816264,-0.314738693182617,-1.19436121068926,0.450402905333892,-1.04230184891563,-0.824178966884616,1.46181211350342
-1.01222018267404,-0.743707375726765,-0.0444028092411021,1.07430352558266,-1.46835981017984,-0.0568469094452227,1.45659056497458,0.0840806927239882,-0.980230203324102,0.953909717897121
0.404256087136184,-0.455830427665865,-0.537428072280678,-1.8020341702818,1.26737003706489,1.50372262979518,-0.497807366836844,0.149155014385166,0.196171235178321,-2.11222310968761
-1.43328259330407,0.658452240967897,-1.49129992153873,0.623877268251845,0.323309678591259,1.3019029306502,-0.464780606142131,0.751259482407742,0.767775066147588,0.733277944024644
0.713069490125356,0.209506720795499,-0.499026053715681,1.4787562962323,-0.521152475532644,2.24036937659628,-1.00077071210254,0.995166919556147,-0.347109483681574,0.949023596341328
-0.105929819848532,-1.66655841641202,-0.842719189926665,0.672427142098062,-1.17525550575202,1.65019654472286,-0.0238890392512412,-0.793916564084663,-0.865970500357039,-0.513752236932354
-0.546153906061841,0.775738815056667,-1.8135658045739,-0.188894034702746,-0.25840575683296,1.20971941220754,1.00873243583062,1.51915227278048,0.134705438917072,0.874744079225313
1.1330246537593,-2.4507354463827,1.31874602091803,2.00542199504964,1.21641905852698,-2.80623343743678,-2.40301436641124,0.144189040652154,1.12220587512543,-1.33078980402241
1.43065208940286,-0.1544984560829,1.50244994716238,-0.66275516676488,0.60992109210413,-0.902341563800795,-1.81915225463454,0.50280341487717,0.669987492291379,-2.86660684419439
0.809009064674732,-0.367629908259714,0.150156237763663,-0.0525817316662433,-0.775494769137691,-0.997295190080513,2.45061133741522,1.74933988254214,2.40028888336512,0.00984834760161726
-1.15455076656191,0.346224974616407,-1.67850040406942,-0.15549660350159,0.504884576816263,1.38928212050347,0.382416192435653,-0.821721281283036,-0.875896259032135,0.502486568715755
-0.0174606334653068,0.335953529846502,-0.758705234911089,0.969444972083573,-0.641608931712179,-0.0958299730296855,-0.367724896121261,0.304649160824951,1.07522244581944,1.25359371717691
-1.27731537184857,0.254601012276441,0.218444141884669,0.131216473156677,0.154090806489428,1.29989360616669,0.626002122278279,0.670405957317899,1.02220231982434,1.33626163179821
2.42397431863687,-1.30642901854743,2.08331059750704,0.386985295002781,-0.339410629640566,-1.68173875239337,1.05735979168094,0.802614512927285,1.7849375980151,-4.29980145851701
-0.0541772108193809,-1.02450688430808,-0.737861425205484,-0.648875604731873,2.09020882159731,0.20285934979691,-1.74479028356033,-0.404480369043731,-0.769259796318909,0.0864515505512714
-1.79040582137597,1.57205787417843,-0.77956915944401,-1.19061319238245,1.2793201515504,2.02021931242298,0.0664774035761367,0.680541137003734,1.07217468300012,0.283290050453514
2.50634221052795,0.375896442177103,2.89865198812935,0.696296306777145,-0.802051044061882,-3.63756771528114,-0.436469209870522,0.0532653891657081,-1.07041532734047,-3.06167364371241
-0.588681395624984,-1.78082075994477,-0.145737075603825,-1.24134374450502,1.07725572390903,2.04516655861899,-0.938104790590394,0.19608151439617,-0.854492172175238,-1.73917749481384
-1.01142541848005,-1.93441083754822,-0.594651207212844,-0.302986905911495,-0.533665935999415,-1.43085053778357,1.49648665400545,-1.07288427800517,1.22889143129803,-1.11492072332244
-0.513147606289157,1.062220972612,-0.0553472140010512,-1.0270327301524,-2.53902333159696,-1.10188620023076,-0.212479538107083,0.146203100802719,0.347759212330255,2.56056853761146
0.738168894772382,-1.1058545605469,0.501992277820895,0.618144931056616,1.74693962917232,-0.990905994285038,-0.428716818667376,-1.08611511289991,1.90098979187158,-2.03869943360993
0.103498683259973,1.1959461303897,0.226646109578173,-1.9102230996723,0.377674112495939,-0.840561874372202,-1.12462119973939,0.396117259964738,-1.55256165707872,-0.0685044993431709
0.922337987419655,0.351589113810402,1.57120271355057,-1.02190435786109,-0.154281715473893,1.66712505434599,-0.363458698204653,1.09223569953403,-0.225273351704351,-2.13696661087224
0.483199079159213,-0.693544357600918,0.954176917069999,0.348121847856703,0.524567941554548,-0.223414894771006,-0.0462099743485616,-1.04830931289513,-0.161564820976489,-1.93829514719003
1.21856594222163,-2.41215239704939,-0.49871646005571,-1.54095772435796,1.84868468575034,1.02784596611262,-0.847062301753978,1.89916290310421,0.26363866038345,-1.10632460409438
-0.63487500789739,0.137115665774007,-1.69358092772976,0.0365687745910802,-0.611397139267493,0.603236466571225,2.03408637652331,0.385542879959988,1.68975559382698,1.21646408725769
-0.453137123315958,-1.43423470211698,-0.303539215583934,-1.3077741331187,-0.328009447528667,2.3831033959753,0.0635551004036294,0.347212183905414,0.161093913549099,-0.0708330388940276
-0.168401564930126,-2.38564966242711,-0.971779877074627,0.169900384892787,1.76911665950856,0.783059076919904,-0.909596366135328,0.610660087865893,-1.91365038822447,-0.777697787308687
0.492694446559539,0.195629791181678,-0.41714679670854,-1.8314020564807,-0.235631196329559,1.56817720451994,-0.935906037131828,-0.208816645392224,1.43921568139338,0.90162748213211
-0.259651339119119,-0.378009125741693,-0.958443595595986,-1.24785826254699,1.25201910309597,1.83553898233836,-0.0628207832029254,0.857157491402687,-0.508278714713092,0.570709708090554
-1.82637471808793,0.865563537473528,-1.63918525264105,-0.964805617708049,1.17855823311995,1.12244313721103,-0.577247377432308,-0.86872325245116,-0.643175445178073,2.08406119552631
0.172436027338147,1.18872815599533,0.0229045686583263,-1.943715720073,-0.733329776992167,2.15341758008711,1.05448754636841,-2.86866678001413,-0.0777158626558703,0.928268515089402
-1.62539990546407,-0.994676273774216,-0.391213467702973,-0.610042475585573,0.195572132107702,-0.259186342445315,0.238425109445373,0.679806070141458,1.16364053747713,0.684750401615211
-0.757202771820641,-0.524197678900321,0.431466809596396,-0.179146817255079,-0.5753013071622,-1.05315503032066,-2.2277814062668,0.990171223659055,-0.259331270920185,0.152659606390853
0.359352508400229,-0.980219171183131,-0.734759186877671,-0.601351350905992,0.0107669985376176,0.68592338663072,0.0978166416988267,-0.308464291816437,-1.72622312010465,-0.343136027805054
2.22203324090712,-0.953619688689317,1.54875925881671,1.10349251101469,0.663870430129427,0.749713032452888,-1.0633099661882,0.0754166604580882,-0.233206937171487,-1.62936015803128
-0.499931223931512,-1.09080093955133,1.40180244727491,0.64237812634792,0.446645931521343,1.24043034841994,-0.1098811851783,1.52326505048958,0.992312012035998,-2.20428850126703
0.407582348974043,0.306243000665909,-0.320450680989075,-1.3460592388076,0.514170272315117,1.07868999316066,0.789835856069679,-1.68143392812736,-1.5442111144265,-0.939193696940694
1.7405653538316,0.688920058327611,0.53810651615257,0.0201804947533481,-1.7074105827775,-0.354658306541989,2.61596234784857,-0.87289062646387,-1.89469534877729,-1.47140544203104
-0.75999815248144,-1.12935110971678,0.147152454073152,0.440695113293796,0.439369585347768,-0.15129978850749,1.22909875950582,0.412266007745287,-0.195620042092301,-0.312471997089455
0.669594544347053,1.24373704587813,1.96115023035776,-1.20181816765868,1.8150099234395,-1.67567474183665,0.488335914167611,0.237087588878109,0.823545666785661,-0.900545484209199
0.314425321196623,-2.12969936684007,0.94926668055907,1.01159708182421,0.0654287272054329,-1.99468442269018,0.0512031751622263,0.245150806262559,0.243878518299468,-0.408660057709789
0.44576952532655,0.404826389324255,2.27348525908392,1.4030765699631,-1.26885742637186,-0.870329930031604,1.58825337673093,-0.86849885320189,-0.297310986186865,-1.09401199750636
2.19575791380621,0.409504255214273,1.72001356846023,1.78780386871572,0.438288227187878,-1.74526105786959,-0.436870231629361,0.273323411310828,1.20929289217546,-1.34350405823426
-0.940027532768016,1.23151004096111,-0.467189300894539,0.273315799211082,0.830907405740468,0.304829899562927,-1.27696278107007,0.487039451406486,1.35633704880841,0.637048816195278
0.102926543519517,-0.210092097042613,0.348922861952223,-0.249214024106951,-0.381559802106816,1.54021572890227,0.903913372611859,-1.4984504645863,-0.20900454880158,-1.6002406682664
0.00544454753743168,-1.13312688457458,0.933547782955345,-0.512936768249221,-0.298455002121541,1.50230981132448,-0.533957949231233,-1.44539532306101,-1.5448855704332,0.398059245882304
-1.21789471567058,-0.109293841811207,0.44989967142951,-0.681929421070844,2.16430032423416,-1.02451649881747,1.76408316301599,0.443134542519178,-0.26759773535068,0.157541629848007
0.156871241146655,-0.570862049271171,1.09004852412155,0.239807802839327,0.758017862248271,-1.56513245378179,1.18824304852784,-0.158037252049389,1.08559703387497,-3.06024759571034
0.961765757316371,-2.28930421684041,1.66431832547736,1.71343350290876,-0.856183674064923,-2.08726733469918,0.0773256095452993,-0.327395664023819,-1.7736541811226,-3.6866797647297
-1.29350154129154,-2.01757278279073,-0.681032905587697,0.856092662768504,-1.20147250110009,-0.552665435070935,-0.315171037230352,-2.58772940918038,-1.53992960495359,-1.28229830096048
0.0162491743386183,0.9936686221667,-1.70621522976135,1.10557722163761,-0.389918007961086,1.13487995992253,-1.00412568061813,0.579418971744782,-1.59948346874223,0.917249463283673
0.602643513516558,-0.827241946318526,0.69804399123209,1.16597322255817,-0.264881989551205,-0.465737727834106,-1.06528425021315,2.0657665535237,-0.0237903603180963,-0.919278681214158
-1.98535706954053,-1.53485088158361,-0.345593610770998,1.41570164071758,-0.69000516187692,-2.66293735713089,-1.00558535770378,-0.986348188916962,1.7384971630898,0.662897969140921
-0.826755730057389,-0.929559595759222,-1.11411041598042,0.655347134564462,-0.924252590538939,0.338586543362869,-0.736192551052219,0.3901518061462,0.419929913853562,0.845850993899584
0.307767340294819,0.206723483309362,0.63310645950221,0.50206320250553,-1.26181078759977,0.803430880924245,-1.28184343147784,1.00443308338211,1.87787581877865,-0.747343275985329
1.4789050502835,-2.56714421120639,-0.132786170941009,-1.901272754892,-1.18562795019353,0.495549874791903,0.962742787060945,-0.599180051636484,0.710949114160575,-1.96518956621393
-0.643274280138488,2.53414370551426,-0.784923422278944,0.194989486195113,0.0999245264169428,0.700757472552539,-0.688370208059786,-0.157119742295301,-0.115197460323113,3.12232887822625
0.36836190317831,0.0640298746350642,-0.563782319470758,-0.176700289076536,1.31967917551324,0.0894030931045239,-0.817492505511441,-1.15882338632724,-1.83641943944303,-0.613476951185528
-1.07005707266252,0.890106122606378,-1.31484201574603,1.04837466305982,0.277252704478792,-0.44428424517363,1.36254130331192,-0.678960560143353,0.903026652012799,4.12805035671313
-0.146651677874602,-0.153605414658027,-0.688894422430141,-2.09931315843952,-0.232598001550428,1.77302031001757,0.0761465185506009,0.308106715726269,0.941172152544121,0.554526197499504
-0.37725145863739,-1.35362603618069,-2.08131134415042,0.0465632207059782,0.533160788301536,1.42517064921989,0.782523719472349,0.406571327250047,0.685540169721748,-0.202277172794434
0.412111497661145,-0.711386333243593,0.0451086157916085,-0.0546216025121481,0.305999005891801,-1.2002419556073,0.0493002239282484,-0.328513459404691,0.667172024066792,-1.67466932957151
-0.917519072451802,1.13591452709152,-0.787854357860987,-0.981460483170778,1.13829670947324,0.436230439353078,-1.99806056089791,-0.579670131015578,-1.09192558697233,1.77657503813659
0.386099922475767,1.28041170212935,0.37318217381733,1.13293881769529,0.324417330514395,-0.69764789047536,-0.625802449821689,-2.11397504329876,-1.50194142623676,-0.0376226293123305
-0.243426825993731,0.729001025651874,1.50382991362664,-1.10494617052896,0.765849823797288,1.66942479198013,-0.663079965954124,0.51344769593483,0.0698930137477013,0.662115952405489
-0.850687361666095,-0.708238532775401,0.962179459062402,-0.800844425337232,-0.0924920860584798,1.2835248559374,-0.841188510752527,-0.122976782466133,0.728269995536863,-1.93976726635824
-1.61181157947967,0.717912974355985,-1.12131196213168,0.569436340096938,1.01218802499647,2.05343649632445,0.300094989965272,-0.345449104494586,1.02848397721193,1.43451273303534
0.889703530671684,0.0928081107048746,1.55694377241788,-0.610535362887199,0.287150144204161,-1.04762181738834,0.744486681046041,-0.381567448102682,-0.248188002162577,-1.62803556844805
0.870414404472503,-1.5635961884646,-0.401352581626003,-1.19000680535901,0.502731523880659,1.78497335732127,-1.08430528678874,0.89368766893507,-0.458063221384314,-1.32490365021709
-1.13254816482674,0.935681440713753,0.0838281135978659,0.68088821073651,0.33137127615558,0.684665586753813,-0.751115338189731,-0.162119858529356,1.04943486557323,0.603282235550253
-0.247804453575734,-0.678300707982816,1.12730197652995,-0.0817660000656449,-0.680639097342074,1.36376490530739,0.486857353700221,-1.2349909174564,0.959515606451442,0.788994290294965
-0.515834991944801,0.116461888990546,0.655720639449184,1.49388218330825,1.53316015389767,0.216766885748288,0.174756431890294,0.00101435806433947,1.04987678876054,-0.617786824445981
0.0646460467589164,2.33679333277338,0.14844133822375,0.83524387509651,-0.297681242178512,-0.573194411110278,-0.584230189237392,-0.0282945072769749,-0.61558189311002,0.719886732642002
-0.744304087428063,2.65803982522011,-0.555479613321997,-0.0489826190699366,0.711683875083932,-0.293296852676869,-1.02450814110006,0.815780268934949,1.70001831369481,0.615423750275212
0.218675642007358,0.718061550271208,0.0242099085821726,-0.211135827566177,2.1468126948063,0.228137704603216,0.971117332728789,-0.838224859984407,-1.96933133369096,0.417825144079228
0.79106072891582,0.29527073721858,0.299826987607333,-0.0543459985196062,-0.25058410381687,-0.718925579666099,-1.04257976190207,1.19690104721586,0.368442357777102,-0.913045295798729
0.283848273532681,0.546789968742039,-0.150593646740961,-1.28355906507379,0.494396476785284,1.2147400759132,1.42856586150043,-0.648337306762786,-0.91644600912255,2.41078424063357
-0.948726708859128,-0.333982062116285,1.42521622244875,-0.210459650829998,0.389065117267566,-1.88402439105404,-0.365057310270775,1.99316440464876,0.967292700157012,0.0452197287264961
0.471723189065715,-1.26824569279732,-1.29697239711288,-0.710157690003171,-0.255955800499941,1.89769700088698,-1.11674386089451,-1.15209220362155,-1.31713518525653,0.741080058159747
0.0150915963396461,-0.110645368957503,0.619069533010287,-0.554885830782741,-0.542165733778447,-0.370093681323516,-1.27417937255862,-0.20619252019558,1.46443062777115,-1.89670432013992
-2.32947975699818,-0.302016476980561,-1.01691050696291,-0.952207315838737,1.27868385245792,-0.16756207265889,-1.23481192658118,-0.503423765444068,-1.21787714686252,1.67399643396708
-1.36507327802119,0.621897299109383,-0.234494228564542,0.0017865828594037,-0.596743913226316,0.525780578236116,-1.71304590974397,0.419015068856549,2.88648427799057,1.73606833287546
-0.281664601712273,0.407806097896538,-1.50657299073133,0.247541379642619,-0.136464240993409,1.84943980837857,-0.391295728218839,0.66263861534359,-0.589744116489273,-1.01124765914865
0.592025097950104,0.442959717175357,-0.546336333413988,0.63305140087811,-1.4653026589604,-2.32353942442243,1.66384634829818,-0.724466845103899,-0.911574599525019,2.42724174607776
-2.70671786235726,-0.659102269547165,0.0636577099637962,1.09749487159725,-0.475876162039044,-1.14099724704494,0.106621577558498,-1.10839458324472,-3.07358671873067,3.00635627967346
0.650329117612456,-0.58573978257619,1.94898314110783,-0.197528727625978,-0.917727088626286,0.301150693513763,-0.400389621486027,-1.0421986266312,0.977192280887882,-1.65947719681451
0.163477240476136,0.422067090487261,1.05552345808398,-0.350722916046547,-1.33091331357797,0.802073958455496,-1.83665119086142,1.75784404962125,0.166085066072913,-0.635835332138393
1.12580376072848,1.25309703160374,0.268400687299111,-0.34166415230228,-0.498992860598364,0.319498201704441,0.539819659726886,0.322189212346278,0.832654063834775,-1.30323639960099
0.237055064563994,0.602197124570436,0.159348658664597,1.60796121588761,-0.671923691585141,-0.880275439293379,0.611284901491172,-1.01686243127534,-2.02682232680666,-1.18537027392216
-1.18105176561439,-1.52403366344714,-0.568464742927215,1.68119355082015,-0.457004144519843,-0.852226033239046,-1.57652506872897,1.54207085378428,2.0295014306562,-1.69623939068224
-0.48890770589033,-1.88698302202908,0.468389176945704,0.447163738668338,0.742372846839868,-1.25491505405125,-0.93417509681772,0.0123143430953862,1.03570759737845,-1.608439058813
0.245258735630753,-0.85184494485501,-0.748914916472977,1.17391608472712,-0.78131577797028,-1.94406908526422,0.547975123284209,-1.1314756304195,-0.00305436642060886,-0.706974819388095
-0.515868123064397,1.07770175760296,-1.76539585168465,0.748345302802523,0.388538437862633,3.35786948722626,-1.76020958870371,1.94490015884014,-0.0670293259504818,1.41282924165141
-0.361313442342642,-0.397940370036338,0.242599294666106,0.0883611434405394,-1.41789850816308,0.412288802895156,-0.144266371579561,-2.2761598446546,-0.0949687929264598,1.69921293848018
-0.701523625173943,0.537945928860518,-0.11247287543784,1.31593159398314,1.32571391207424,0.127268644919053,-0.900704535370259,0.552130641754053,0.836706728784317,1.28227875683145
-1.26316064524781,0.388319319267183,0.383167719997708,0.455546278750717,-0.703118843418626,1.85692636697854,1.60732281896387,-0.348304084664591,-1.24865040919739,0.153609734956531
2.40795722377852,2.15843279943889,0.560621174981383,0.156704685618415,-1.9455714520722,-0.869927459835121,1.23071690224903,0.771983256546938,0.231221928807687,-0.151355383029346
-0.358770908481478,0.752749470555904,-0.623724183957101,-1.2823164586731,-0.814185600598058,1.06737224720295,-1.30389524251565,-0.838631646039289,1.29680636498786,2.64823162716049
0.111170953110105,0.877364333749959,1.8547271407114,-0.141023862950682,1.08310304693113,-1.74560093272461,0.505037371156695,-0.986850525108659,-2.19163136164302,2.32565175289116
-1.74416175953989,2.47159225171583,-1.25452681747497,0.528097293011189,-0.196158072453319,1.68882738291812,-0.716281908056728,1.57595010189375,2.49281568289102,3.29388414392693
-0.651083537325693,1.70175254062631,-0.64857989482707,-0.324355169386963,0.371490971427261,0.436238132425925,0.617130261728439,-0.280902219156484,-1.57316076263207,2.40686309557656
0.307011789355094,-0.578516791517109,0.83433744871197,-0.0150576441925749,-0.251654435553989,-1.56400750342774,-0.970931976337662,-0.124198866210891,-0.583545435334125,-1.29889179576217
-0.533371668593266,0.0666111704793022,0.897812449690595,-0.975041649628768,0.31045135992097,-0.911210159649324,0.878666156446804,0.308756505540473,1.38334513602715,-0.594949700904734
0.257012600954904,0.604287920607422,-0.07038100075818,-1.62150897179414,0.0572197523737188,-1.10533574276414,0.212153169717254,-0.73565214123003,-0.547308497663507,0.986455709038622
0.656740569481225,0.0322314517087695,-0.684668253038831,1.99424726073403,-1.20210207830047,-0.260070015978318,0.735575623283804,-0.962834633262252,-0.571843714270437,0.357690174509482
0.734022889509488,-0.348574429137033,0.766145151459373,0.515381008514813,0.0452462069459905,0.706182819686963,-1.35997704610958,0.373952797196283,-1.2000293910519,-1.99325752627342
-0.356796554951872,1.58682196508568,-1.54442624637939,-1.97573157153472,0.581369713830402,3.60548004182496,-1.30568929816741,0.199503164997535,0.432988398146708,0.943645818408383
-1.58259060164428,-0.415998941007656,-1.61347060283591,-1.38315179458103,-1.06656075353636,0.612326573456839,1.44458933439629,-0.130425023101894,-0.236460908143221,2.25232921995522
1.21567089917381,1.09447246309775,1.06608152422542,0.745421420700155,0.189526911064309,-2.61714773235657,-0.403704301066776,-1.28509870121407,-0.366233042906593,0.912182652685125
0.418667299321779,2.36453675931227,1.49969445518309,-1.18801499531459,-0.272101630775552,0.214551764310936,0.817628857727479,-1.05222456041643,-0.950602192932296,-1.79965162757434
0.0925540516063344,-0.641120255574976,1.35947100054058,-0.543841964129677,-0.386994202020901,-0.00445542110563216,-0.974719052415353,-1.11076594168423,2.39519330727726,-2.31667411311053
-1.59900219852501,0.983547948304682,0.87501238359218,1.61214012199326,-0.109289756966146,-2.3162005668937,-0.657545448316216,-1.00587617442872,-1.15130220958611,3.54744188829025
-1.22367408264435,-0.341013053059356,-0.508478019813592,0.00576230032861998,-1.18243276432797,0.0536963090457502,0.339705178851048,-0.158124485434651,-1.37777341408035,0.875160612775088
-0.762466153320961,-0.345156596182724,-0.358981840504752,2.58095767605801,0.404943293697053,-2.17143938233431,0.876133366358236,0.62503478050162,1.85112888338286,0.969670669708769
0.328462766562927,0.345174263465186,1.05494908102351,0.61619504547868,0.99002990168799,-0.435506045529753,2.29397274855449,0.706069934751011,0.865749750615896,0.580887775299642
-0.744886042981732,-0.29459050803732,-1.62669932133438,-0.364312891770807,-0.199867685389187,4.36953507786785,-0.555279518216532,-0.405345040176599,1.0617497844891,2.90541482155382
-1.0061058344545,0.161738428349725,-0.802223106158544,0.230675109444513,-1.58447692861031,0.15138138671797,-0.245278133917912,0.176374211634708,0.529483316139675,0.589675671839004
0.0175947804254858,-0.371533722864348,0.442562800273348,0.589212498379256,1.27434408292178,-0.0609107192177213,0.154483293805879,1.08875901440007,1.22596616311292,-0.169392788977433
1.18531605828183,0.0391502499205531,1.23602023181146,0.370391696545383,0.0461416233549005,0.0268253709427653,-1.51887771511672,-0.898748878648254,-2.25661564511742,-2.92935036142359
1.59694770742793,0.0520237380405881,1.23675394931727,0.291176211341607,-0.836877353110747,-2.38819874058287,-0.666254526981078,-0.18359510434729,-0.569959891274417,-2.59437927071938
-1.37121028327338,0.579582930069538,-0.357158136380616,0.159671921879614,0.427200742322782,0.562093122217702,-1.53695282736691,-0.406513012174114,0.250681257651393,1.73273593958145
0.825046367673186,0.979525496489612,1.5823761390671,0.853065767648372,0.738919117433801,-1.61316841729542,1.12751943831101,-0.397545404093728,-2.34827728645604,0.918808420983568
2.02777079236062,-0.851611695729925,0.181882467423334,0.288066609596993,-0.560778476777514,0.372005545454973,2.42626030193536,0.0748854186209925,-1.82346129305965,-1.03841517933709
0.595968083633578,-0.516800110681583,0.278196958340755,-0.341135548531539,0.974033422826731,0.7238681789503,2.23078619735989,0.506233428060071,1.85439817549051,-1.00074996702394
0.134435513656496,-0.692322186035734,0.740821513897737,-1.17822447865438,-0.326384176815922,2.43188096673003,-0.78372255169108,-0.14247663926907,0.572202447575042,0.3180906722498
