1.38931604054082,1.21665553983703,1.17125987092209,-0.481185850813121,0.357429217709443,-1.12475220629697,-0.927730299622476,-0.151685345348412,-1.23935193243018,-0.855789401839869
-1.25958340081498,-0.560530820981887,-1.70672966479977,0.97420907679723,-0.0800458263195059,0.603847800983062,1.13647040832262,1.47775570160569,2.34971231774303,2.74468210732932
0.301667108965752,-1.2482690220002,-0.0647819305681898,0.734601802838376,0.734093316988803,0.127045502018426,2.26780969322119,0.0181859314648499,1.94519162905192,-3.6077277161346
0.587176811579104,1.94984132820355,0.229492836041297,-1.22778910149833,1.36360116657621,0.0380596358474671,0.565027948937904,-0.699562435548227,-1.03686161220892,-0.151690705404929
-0.557701440264503,0.211964631533059,-1.45084050487182,1.50662484225584,-0.0610007468522508,2.15273005758692,0.0276615515160057,-0.343604717063644,0.149235650151574,2.78972535934927
-0.353522509213579,-0.830464970988637,0.881512552335311,-1.5834478817612,0.657817316529503,-0.476762205029954,1.11614720972242,1.44577110634003,1.41749918891052,-1.27805397631466
-0.698290243745471,0.205059262089659,-0.202450416869624,0.0525423252756774,-0.13997033686689,-1.24001059515802,1.12546741562391,-1.11550286061949,-0.795698614520511,-0.849457985940856
1.32656706567562,1.05383513210322,0.661577946041387,0.710073036427238,-0.337043484439101,-2.088491083003,-1.02900012065964,-2.13871929012382,-1.54175580276888,0.6153418728425
0.798162291936638,-0.883835591635183,0.327561846443847,-0.441250961108146,-0.439605926125375,1.88553039846926,1.10207557102528,0.507381526684296,-0.144010033491773,-1.95744482100111
-0.0833980820356135,-0.80758623960111,0.790819495055415,-0.417513103139489,1.95453785708603,0.160124622232717,0.266308512576757,-0.359916900256154,-0.733625392763201,0.827502868963532
-2.32064171231907,-1.03649142713374,-2.21592110543611,0.350520622168183,-0.0837928139466162,1.05044595123905,-0.768973172924846,0.222718072967081,-1.76715327659368,1.11542384726122
-0.336476139914139,0.163982201732708,0.374532848555248,0.462663003809803,-0.466581767158206,-2.67290096248661,2.01942459045425,-0.631369793408387,-1.81953012968267,-0.0708989040672592
0.0814726713120641,-0.658720431587029,0.504496025714678,1.98794674552012,1.06977370954178,-2.19659721853622,-1.07756030605647,-1.71074427065058,-1.57539480226031,-0.630856848025041
0.270856247734904,0.24261866199805,-0.225318718287976,-0.474026067669487,1.68677302835946,-0.473243543509458,0.141555067374926,-0.676981431063434,-0.699286722269116,-0.269300317207153
1.98941198485497,0.222530046762172,-0.294698985438311,2.33994703161309,-1.31545699893899,-1.41079538807197,1.39894497946494,0.253795683077466,2.29920457924504,-1.14025005406128
1.61985214860629,-0.690028491817367,-0.205271072305452,-0.590763694606599,1.44681457292304,0.872498185757525,-0.875897663584375,-0.271168362137561,1.64918763912985,-0.662261913540609
0.0790111430955351,-0.398385032727259,1.43762629850557,-1.51819330840808,-0.989522472482634,0.213951307059479,1.73343725462996,0.962212590682937,0.81412370878156,-1.45857520708065
0.731548062738827,0.240723516733972,1.25545016614696,0.75056912583511,0.36129728809125,-1.78823414119929,-0.920787548082815,-0.401337729049884,-0.211615711777286,-4.29625543876868
0.499395128682928,-0.515376697445662,-0.718440896195852,-0.991650154380748,0.93231323241532,1.81875179545943,0.00662398062725757,-0.0327672929060771,0.392065662094383,-1.14149558992641
-0.0779676836835585,-1.68282805206982,-0.900608367642851,0.0288504274889902,0.98693092992458,-0.624051139346465,1.01986697521375,2.40585768020894,-0.183065073256175,-0.445020318609945
0.296060371703788,-0.100716536179825,-0.809747699283845,0.048905070237409,-0.573032046786777,2.89455687899535,0.0351581862388532,0.207213253663385,-0.378552362609566,0.0156893592168348
-0.61209308871801,0.613697281655189,-0.160094693174523,-0.204814763777859,-0.706884264971447,2.93296939476662,0.779215595721384,-0.999777127130857,0.259374300878115,-0.0803291878343753
-0.189252595103127,-1.31454973778574,-1.87130672902625,-0.934956182030687,-0.347483306033031,3.29449430133166,0.510565754606944,-0.952324417704313,-0.174738936024815,0.74220270221062
0.416243623503343,-1.5138308601111,-0.688822201201807,-0.346873890642615,-0.578531307449435,1.33295859760037,-2.33570711848658,0.434378147542133,1.30877786006849,1.1266552633244
-0.396393343689273,1.17496648911365,-0.160890748479195,-0.14498613662891,-0.414582289287939,-0.256672706144449,-0.431742629246237,0.675703588303408,1.05003927981287,2.29702296328632
0.582553117097071,-0.975723715845592,-0.242256432027802,-0.881478848955484,-0.407664624910177,0.0362654128358553,-0.652702343052478,0.254711870803189,-0.38900115763711,-0.84581583977707
-0.783220096825676,-1.30277412975605,-0.467526980789945,-2.29233003139799,0.499091611284672,2.33192059867616,-0.275094006077057,-1.01679227785486,0.109638917061589,1.72725422277243
-1.8310259726397,-0.923884029507008,-2.54231938480043,0.430842676629072,-0.612433325978107,0.673483595959469,-0.242720460911358,-0.550063294994963,0.902626400640081,2.30705192177874
1.04075660240165,1.38362293256823,2.22501224959325,-2.16767912407598,-0.677930386702547,0.628797611017022,0.551834764078804,-0.950356629694444,-1.15028689022874,-1.72431338190816
0.249404827991558,0.150027619570658,1.74504840181665,-0.181854904890938,0.315310542695852,-1.59092898675668,-0.52913204974314,-0.432202455825432,-0.883984906467018,-0.288333304621536
0.129702006014928,-0.558458672939903,-0.503015699196937,-0.0257564378041598,-0.727420868401212,1.19584462871471,0.206272646449311,-0.123744623008346,-0.0293905714450679,-0.15947714760942
-0.752720442870523,-2.49893993010333,-0.425264669142795,-2.7720391909137,-0.945314758215288,2.59917849468667,0.590369718476529,0.21859655551204,-0.0794583046682228,0.714057019337276
-1.23166814860368,0.852505156151404,-1.71876072493138,-0.590207625029208,2.51505943741814,2.57839157314771,3.16845254082637,-0.185532531144535,-1.15783295555996,3.01900865367259
-0.790884296267873,0.909561483240935,-0.633430646379443,0.505630286453083,-0.237134157569466,0.397756180209543,2.01258310155293,-0.0481291619471613,1.03605212251111,2.76387973468719
-0.885576748375123,3.12007526040511,-0.970945269900161,1.91784593468089,-0.042354705827184,-0.163387890227862,0.610582426362675,-0.00174189948416238,0.189823626174906,3.65177169196426
-0.69622219378008,-2.19438852071691,-0.674419462999205,0.435560802628916,-1.16235390859619,1.53822383600296,0.878112550695688,2.28680248592781,2.14665413159772,1.62341028802392
0.571240488650808,-0.406861940535436,1.66529305801857,-0.302233170839022,0.660438400629851,-1.05243153672695,0.442858523197525,1.14579815947836,1.35010080562282,-1.08096467176033
2.70218403681705,0.869826320719236,1.57766038644449,0.588542473909247,-0.896630627081699,-1.25485736864826,-1.44732096146627,0.405667144370163,-0.848765637402929,-3.39580822979009
1.67997086766649,0.662840406737825,2.17713608833216,0.409888162042267,1.192249327169,-1.31536172489214,-0.353680861607655,0.0088480271793886,-0.531986387898224,-2.62111439008825
0.593673336497637,0.469777541350774,0.652139056381624,-1.98843458077583,-1.16165415867815,-0.700674386209928,-0.672148497495522,-0.093757650336285,1.14445044384162,0.245309775316028
-2.22647365208965,-0.58428502775789,-1.37208565659144,-0.0368597701119409,-1.44811168801633,1.55811252467213,1.28702354417194,-0.701575476321204,-0.76529871009912,2.04493651080136
0.0680707052989566,-0.411920391652898,0.759130994127943,0.599759621465605,-1.15282116481721,-1.81087778233055,-0.0815318384647128,0.836052745395239,1.25324083831128,-0.286240325731796
0.945595434481121,-0.434295142178965,-0.266865111896112,-1.19772717209906,-0.290105600898512,1.31267845853842,-3.42831322401501,-0.304748171490871,-0.686217368467532,-1.32991959062774
-1.66113448695745,0.728778674155273,-1.12993198785425,-0.263620443814567,1.72965755476518,2.03922503952431,-0.175192895365649,0.761553714749028,0.102717169405312,2.7417390429305
0.280808672355201,-0.631825130014672,0.535735852864901,-0.391131466985929,1.67843892867803,0.339571198172675,0.10372053895516,1.12707643472265,1.37479953054413,-1.27431050792035
-1.06003300493698,-1.48508588813913,-2.25467873186475,1.09037982138192,-0.255060125932839,-0.227300483754132,-2.17975110095348,-1.18385493676323,0.565409180710963,0.839210024299285
0.528547296065194,1.39659159911212,1.3699289616753,0.060147577826085,0.551937015846945,-1.58900350311593,-0.0250674888537534,-0.399005411324325,-0.265405260775792,-0.744300292090769
-0.779123097143215,1.67102826024844,1.16241519423325,-0.149989428092263,-0.398593558081362,-3.08007638581489,0.79500938357222,1.14408384073347,1.54686434556007,1.19071815411984
-0.361863955070896,0.303743853463946,1.0068222610206,-1.3874834260444,1.21737779204769,-0.680065258251281,-0.624668523586589,-1.25802409294104,-0.175540540420434,-1.6374276579125
0.638087894618778,1.29538102354584,0.52382757991914,-0.094812805495795,0.439314931836197,0.606554233251981,0.269898065757485,-1.04292952782444,-0.712603377506355,-0.516320266081914
-0.805909644275626,0.573522979847838,-1.35367711615046,-0.567574625423439,0.69880249607123,1.8479728041936,-2.04542827537096,0.404147635156263,2.21517852675395,1.70215209595258
0.349948536598533,-0.375969891649942,0.939477673003996,-0.315267703802331,-0.548819717921366,2.06987103717987,2.30486146205201,0.127378558054305,1.40759388794073,-0.51280555401517
-0.208132520684775,0.504425639010089,-1.41703175926939,0.372714074137946,0.0685218239876871,2.07955221892878,-0.453976095523686,0.06956385271528,1.15117871742482,0.498030357583315
-0.734690941089667,0.818839595554184,1.28342808783325,-0.25364435678888,-0.376982683410502,-0.984719503838664,-1.04101232236291,1.32096743571262,0.153371568012721,-0.809724726543615
-0.993359359547523,-0.752176311517694,0.267119161543789,-0.229595244739601,-1.24291468247352,-1.18199762738206,-1.51312287739151,0.10596419270125,-0.161893266543732,0.570345958732708
0.814976668704627,-0.0339287366504645,1.00251272502381,-0.225712285161851,-1.34232987895726,-0.67746448780176,0.454521419274029,0.898668928233816,0.463229072975381,-1.50042888036746
0.465183659396073,-0.514306433019933,-0.0673981637052568,-1.48820304762285,-0.518390203630523,1.88446248264989,2.0320336690318,0.524020352565626,1.012711719822,0.702468119997542
0.124608447226591,-0.950402527039773,-0.44517482561507,-1.35591137382555,-0.928737702811698,0.0621826149897505,1.20166641311749,-0.590290315947131,-0.841744669282055,-0.693474098423516
-0.624950947373271,-0.654362598245865,-0.0856474248801139,-0.624733135874154,-0.148940355023105,-0.945996504212638,1.92449763511699,0.341655111505229,0.28369493497917,0.349774262774942
-0.790606357185002,-0.194696603299119,0.222046283757577,0.654128794550845,-0.60040411369596,-0.543597076508596,-1.13213107474589,0.136007384451065,-1.10512081981041,1.22652181053432
0.858727872338089,-0.779412259591948,1.4354580649276,0.116055004527832,1.1040451237102,-1.92360661322368,0.546698442804928,2.87476178258066,0.80112232847989,-0.569674042131804
-0.467938639563276,-0.108246745911358,0.253383628117002,-0.85996837977337,0.574151475132777,1.29693831738983,-1.56233026358933,-0.960554586363549,-0.280215781575874,1.40418011890306
-0.663881633151511,-0.641733276871307,0.576085204363297,-0.573013640286178,0.458695484137904,-0.740265194648128,-0.125847879440438,1.18402889376676,0.408077292173597,-1.09815254174849
-0.450148231470004,-0.285068639682727,0.116382101805237,-0.58373279170397,0.255585397582693,1.74829255048654,-0.264118403948989,0.836858528972541,-0.119638144280275,-0.113808720726127
-1.01708435989805,-2.03519020319975,0.49482077964992,1.36426051094291,-1.07793048915365,-1.60983354920273,0.538531959687932,-1.80863106786236,-1.26140692331121,-0.372820321972151
0.257111070413094,-0.204078183638094,2.08620606615167,-0.113189070155674,0.583923413666527,0.000236124123962345,2.40420252445648,0.221667552648431,-0.776792940697183,0.248143673955362
0.659761846459238,-1.73103761539792,1.0110812093294,0.844394336091214,-0.393016364789213,-1.53867420000347,-0.387957515057655,0.427998181240304,-1.14901795412102,-3.95221142093015
0.0275775405214078,-0.107652050273584,1.32378800067951,-1.06211703914724,-1.26832372480669,0.39319292579873,-0.0811464739164714,-0.00461592999066573,-0.553516328145006,-0.727179833368873
1.54709530381737,-0.202102603572698,-0.891660837218917,0.819749662066993,1.16841789993692,-2.43934442398886,-0.400929837123502,-1.01964657520714,-0.266037601023888,-1.6232096921216
-0.0232105366399261,-0.301957253396604,0.497999208873641,-0.345075430527219,0.36839184314193,-0.971606134499179,-1.31836443594692,-2.09585134855511,-1.12137695949449,0.236751305507928
0.405564747098442,1.05808227268354,0.9539048646599,0.26956359917134,0.704321689740347,-1.29415366928025,-0.504803250057299,1.05165114241322,1.62251387578334,1.01326821820161
0.990267646317513,0.699817367872561,0.357818639326757,0.167422651572455,0.28205544925871,0.75531788268988,-1.56253603306247,1.04602807151564,1.13864171961101,-0.914283446438576
-0.142850677133078,-1.19091038041287,-0.704068477476306,0.718278258915916,-0.192544186445474,0.462925179946902,-0.285896379084736,-0.762040149235775,-1.84037687907098,0.662158075318696
-0.681750615569712,-1.88395142077903,-1.27478133425665,-0.249038006126497,1.15069295653645,0.0865266637334886,-1.2917515357067,-0.723477509111669,-0.602825043950745,-0.603149198330312
-0.346398273887278,-0.0384256225241379,-0.911669293361455,-0.767734711663945,0.972099391250416,1.12847387445881,2.39623813823185,1.37212972240736,2.02128744848464,-0.488839697415349
-0.333537369584307,1.12509368459339,1.8495564006285,0.10969732955471,0.239519115407312,-0.36212687058729,-0.382241116097135,-0.675203448118195,-0.668858825785655,0.533987470948776
-1.5724391478804,-1.14502925379355,-1.94751699266803,-0.474577785389691,-0.151511076436319,1.38687017821506,-0.753157413491897,1.9258490534466,1.23476225887613,0.307288268553962
1.63982766936644,1.4438636646953,-0.21054697229574,-1.93537222993703,0.994579310159251,1.31770991373926,2.05238856313499,0.67364457390134,0.475074712151802,-0.990089093099236
-1.90775036773073,0.791720771723489,0.385288462221945,1.4295087399468,-0.463841642291872,-1.9406009901823,0.31587271809237,-1.85032133195902,-0.481645949481116,1.90709653352556
0.0603767614142101,0.0749386307116658,-0.100991207205066,0.832838116262884,0.373182413160927,-0.702211699068899,2.17025644477856,0.0344260611631555,-0.343752650185427,-1.06134026732202
0.0803556361134801,1.33313954796321,-0.349869014145123,0.247188838536368,-0.827682820412492,1.3716851889899,0.0915493547035212,0.743520596857582,0.576378027863225,-0.0369087423896424
-0.431680291642394,-0.637943825708096,1.07683349559591,0.369357798277075,-0.0777260297657629,-2.64976730325788,1.22669649880483,0.391837277735977,0.10557459024321,-2.56441138960307
-1.57927269461728,-0.207911927007134,0.299531770144852,-1.26265681850534,-0.202913978728242,1.24320485764269,-0.457445576339554,-0.548272005475979,0.0822343823742841,1.36692355140475
1.26481735925706,0.279346302277397,0.245387985918954,0.0432397072568688,-0.604021176656715,0.52058864435737,-1.35189753083684,1.20532484607493,-0.167340683305634,0.0494349033668515
-0.455591335726231,0.878180190873383,-0.0736138217231881,0.449875546666171,-0.25255868708662,0.439240613390662,1.78087032617148,0.274769437317939,0.00701184770084978,1.44811855398415
0.945085430381045,1.13418326897764,0.296062585150336,-0.0125277236562926,-0.090635891681398,-2.00768515853011,-0.703435156699316,-0.795375462361712,-0.338357948706543,-0.22913055686768
-3.61488918915614,1.07263675791428,-1.07138348312574,-0.610470535634165,-0.438859401732866,1.19461542125494,0.166576107078405,-1.60158552324181,-0.799750302485997,4.17325702992843
0.724504112590566,-0.338318534589335,2.12397310743456,-0.322841712688738,-1.05266108323436,0.676110336295129,-0.167862931166344,0.0580057828722877,-0.119991804345425,-0.576469532191634
0.0497878824289205,0.239697564542126,0.81582465185729,-1.76512615357115,1.33265935412303,2.35665939139888,-1.24182477670623,0.551114220337712,-0.252146041825489,-2.24510361116288
-0.350745943138708,-1.33628450475075,0.927448829044678,0.160540725255548,-2.0459977183312,-0.888945485886936,-0.768915879545849,-0.612390053296218,0.373268266751801,-0.144588693948606
-0.198700456917057,-0.55923733232373,-0.53636639906052,-1.45055129526624,-0.520833118489033,-0.284029211866402,-0.0340867048341803,0.394925697712787,0.787645758504229,2.64521310231441
0.843741558129128,-0.629734265703764,0.706031795838245,0.580466731878566,0.275448846617948,-2.39760510948343,1.16959013738821,1.5313885972854,1.33508982463301,-0.283682389233327
-0.167234074370321,-0.924933338904246,0.214626604954464,-0.686028814102411,-1.11785993683487,1.91580620527416,-0.55567661700625,1.08565758530727,0.283045674751728,0.226839658034322
-0.896398173917588,-0.447785396240478,-0.769760812783067,1.7556221874146,0.598291221585494,0.536773476100055,-0.919209632329004,0.66648497172796,2.2236391452827,2.08365295872483
-0.265094901308635,-1.1497305263474,-2.06636358925515,-0.805143426541235,-0.785450327509599,1.98110071051641,0.206801451232584,-0.128876081438849,-0.435855426806668,0.212379426846935
-0.573931604616377,-0.0801658307813238,-0.626458870218707,0.371624453705839,1.90704549080561,-1.0573151266881,-0.463996317144667,0.407879391813957,-0.437884308358674,1.66310526333354
0.178982705458282,0.47321675743349,-0.123693225172934,-0.668523567798915,-0.548097162293279,-1.84428207394589,-1.15320658251299,0.836510516953521,-1.58613348793997,0.259688371971357
1.00510715554067,0.652718290661901,-0.627161810855381,2.60010563798566,-1.00001989674132,-1.38803433489546,-1.11759758258891,-0.185449013713066,1.44514780259897,-0.0827780144686711
-0.846780184812157,0.424406977618178,0.604575961547246,-0.00268027467753271,-0.556196275003755,-0.844273316147489,0.687743910211459,0.277640586068887,-0.557331086836051,0.0802952647048026
0.85921543100821,-0.889067196173489,-0.245398292213077,-0.633748088594136,0.992548020483335,0.634523980032193,-1.0275761097215,-0.589845226633423,0.644357200898894,-0.483058256890646
0.391328606283055,-2.24789558887344,1.44464501992784,0.7670837534488,0.306591678772553,-1.65498678340352,-2.01053935363712,-2.0556871966161,-1.00789178379471,-3.25757827833617
-0.219284318645695,2.86654817973359,-0.147004432757446,-0.378925191324254,0.41733237419072,0.714884335435148,-0.715031570017386,0.0640433551551134,0.384847586821545,2.09521908936145
-0.291209324343396,-1.28538404958145,-0.171704576868654,-1.53553719489922,1.93270580041514,0.487099734267383,0.46782577896259,0.355147055273975,2.19026726133697,1.49205918707545
-0.204888076878347,1.65860222265346,-0.457535482526041,0.455679211868566,2.05743657278807,0.101219779835672,-0.14992802248402,-1.04880250185485,-0.598451264238832,-0.053914091172257
0.00141474411026112,1.77635406098865,0.458664789446425,0.365710916707739,-0.582395704322997,0.8129068310942,0.571338816674769,0.226036100981716,0.838607953440217,-0.962285004008237
-0.288292976052935,1.3843595884542,0.309386883706884,-0.545456236031805,-1.32119387335027,1.34563404821182,-0.498798786994146,0.0436392021551848,0.702996723697494,1.31265953160192
-0.163743187980988,-2.05487427755554,0.603866347983208,-1.19904920693106,0.129508261035494,0.776737116800739,-0.866114314801424,-0.485237320351322,-0.941103896232136,-0.907641916649807
1.68667871368086,-0.880877004729741,3.30154702098857,-0.256384838924265,-2.08264245976231,-1.29831556732048,0.392072617043969,-0.643815534848027,0.883896295480628,-2.41448573544224
0.613644565303804,0.287921885723218,1.59454847597523,-1.14081687190403,-0.324432286871623,-0.377410531285368,-0.519718714485082,0.764904548259255,0.703415456241693,-1.21579738504601
0.0211559776412317,-1.98307694010102,-1.28398271981752,-1.51578780347454,0.0659671236638436,2.79058325501684,0.878383390058839,0.136584900992367,0.246000758340986,1.0401751625598
1.04982487783247,2.2207412278952,1.28509959884704,0.224440681604525,-0.42656987988246,-0.95678206440649,-0.0797983309388425,-1.24745035995059,-1.26065768625368,-1.51057541615404
-1.38117657155795,1.14275317627288,-1.93941831381991,1.06335493657563,-0.771706884705832,0.545329941071017,1.29392210600973,0.498012875487622,0.465558131925129,3.00195373262605
-0.395215681936188,0.832240884793143,-1.73525443143733,-1.12065479973315,0.599212494479897,5.33464130569079,-0.628623817240357,0.278182043567633,2.09571106024887,2.0393280308936
-1.64866349308868,-1.48981287503146,-0.235212827037998,0.850185568247135,-0.625752507575821,-2.52335392952654,-0.845239356424811,0.802199994948665,-0.351173195196726,2.40222396887471
1.41498335993362,-1.17453834936183,-0.284657676263268,-0.386167726100506,-0.412982539735119,-1.99845932021711,1.07485557076908,0.69907221985883,-2.34911888089616,-1.98985402095798
-0.691774168465,-0.876586719005486,-0.530734234768093,-0.983484016461522,-0.979230847517241,1.52239129540559,0.273317473363099,0.954079144838504,0.00608122522673255,0.632408649027795
-0.684007191042291,-0.160980852800037,2.05055052801484,1.06494499540421,0.244943189195439,-3.39981910481439,-0.314541185093121,0.572442635486233,-0.894259172389967,-0.799589713972772
0.54768464284662,0.975534526786066,-1.18679215472136,0.512181596160114,0.779541375336792,0.700628658643803,1.38649743452574,0.985511062745962,1.53783213315261,0.274672408950719
0.265821740378017,-0.792975446283886,-0.0570638628970282,0.303089699489321,0.218474138302663,1.60555756250934,-0.300027802240362,0.697670829589213,1.67547609040778,-0.926031335580447
-0.425310786367703,0.659570856970945,1.00513393277907,-0.316161256231321,0.656553142853655,-0.897281243258069,-2.28661588540887,2.18536356950971,1.58954602233678,0.343345848955711
-1.13553738398788,1.27139525368256,-1.58176943535011,1.45012138602684,-0.110397091339867,1.51343961760614,0.0729070975753412,-1.5458328058315,-0.197725673204242,1.06310736140074
0.645107298048495,1.72194129114653,-1.08450123067999,-1.20488754367457,-0.853550387544058,0.769942954243063,-0.361705750711314,0.237099903433569,0.478256410609017,1.12593503294344
0.357024139203081,-0.608779414370757,0.507529818687577,0.31395352423728,-0.133778245003483,-2.27646411547849,0.399530883013683,0.74853451294517,1.94810848112304,-1.57542264733624
1.77380199989863,0.0233422210655444,1.04751280810109,0.265907657320429,-2.00909401659372,-1.590088160487,1.61388335608769,-0.393832263619733,-0.157322746635839,-2.50476235169419
-0.75217837741625,-1.7400470275589,-1.77973300747127,0.166954141429586,-0.199303829456121,1.76549063447694,-0.953300185686304,0.515043120303272,0.0424295047687865,0.940506662322223
-0.334033745999041,1.7478149678816,-0.27587817253848,0.026719663297968,-1.59900707518145,-1.59825751033468,0.474077594726383,-0.0192460890516705,-1.86000432078397,1.6450252291508
0.436521624159082,0.668587835081719,0.4133267404008,1.10161062094538,0.798141467897747,-0.858821165340037,0.665387284017972,1.50681457634683,1.49615969591182,-0.0346978414395656
-0.862588697930459,0.857094265405041,-0.179579654577617,-0.725364875967343,-1.11941833974303,1.64766427766077,-0.34415821350282,-0.188782903527464,0.512027291690261,1.73792687636059
0.847816146972183,1.47728561152384,1.41005650864053,1.49291266293397,2.13187810180374,-3.27650744670861,-0.571051099691244,-0.111494619057273,-0.71653791745753,-0.363656318145333
1.07909235486798,-0.267181139929336,0.511650592224244,0.725183221597678,0.501566290752096,-1.2406709231852,-0.824921625112284,-0.522403465869636,-0.0348481678781666,-2.58722469033773
-0.889273566555137,0.222568183491853,-0.858620524454876,-0.520860423631121,0.0689162473757983,1.03922355777128,-0.837964087303944,-0.325851714889131,-1.33798120107295,2.39234208985894
1.81404808717325,-0.256706786814721,1.81523058213858,0.0694665679132792,-1.68956843433583,-1.36454564368628,0.738243509683515,-0.146582942941223,0.433699714858496,-3.28940899012872
2.10817005237343,-0.566699812245553,1.56112401765808,0.343041375492842,-0.313119283655845,-2.34126332540662,-1.353710287262,-1.74753826513157,0.0753554940093973,0.0254363893444801
0.485187035005065,1.59341833183068,0.263000168456727,-0.464223661002558,-0.0648119511000855,-0.588796771715837,-0.455481590835606,0.927425785851633,1.69636285558595,0.0641136417664653
-0.216402931070332,0.273949692223477,-2.5766042520002,1.75061184866515,1.90812820288868,-2.05931125433216,0.0981666482591308,-0.445424192923248,1.01478987111717,2.87353026945698
0.0213474526180396,0.358950606779967,0.838370952223387,-0.22315786842138,-0.291753024979633,1.47007894881989,0.752175320335585,-0.8424590292975,-1.211629221574,0.534603704584629
-1.07817864903884,-0.537328998040624,-0.861528548580493,0.952250296828831,0.0250374758364478,-1.17659423645879,-0.267644348467992,-1.43740077148415,-1.09184122139792,1.35479881630768
0.377734013030825,-0.614211016725669,0.456688534594604,0.64108224042066,0.944484482007455,-1.12191283155659,-0.799575013845984,-0.727080575050682,-0.763336056425256,-1.75971080400454
-0.343729519899986,2.23291918109016,-0.765995294794316,1.14601612053564,0.354792561416417,0.382108367281424,0.199940753278461,0.939374553784762,2.44566854522682,0.88754141207786
-0.14437174871817,-0.336847299055086,-0.797788619390085,0.475498358682733,-0.954652293940514,-0.318753799233211,1.21780356614493,-0.105011824938293,-0.613025365788715,0.893163384721087
1.39738265939824,0.403168969046883,1.12544225790196,-1.3636107461824,-0.363401094125926,-0.618383050121032,-3.25708832931785,0.300663077028208,2.09502426324114,-1.17990855216374
1.15804100403681,-0.399845639759305,-0.0349643299081417,-0.469057953065977,-0.3829435945768,1.16405214199695,-0.762157299756722,-1.62792110535303,1.02516263750351,-0.690264923488258
-2.06433525982707,0.0986196626345324,-0.897741133789784,0.406757784719568,-0.711918100671797,2.0378279952851,1.79204846539833,-1.08089487513779,-1.68253864255315,3.9172459193876
-0.959244063352851,-0.992087002544215,-1.42510862751696,0.134311538128776,0.830467182081332,1.65854353672104,2.58040802834943,0.482811288859418,0.929281975704133,0.655571386379908
0.349640789467677,1.96479921694624,1.4562746266758,1.80125031753359,-0.979048420999216,-0.458894503178626,-0.445493234650051,-0.481092727524827,-0.27391533200565,0.342033405733823
0.780121655451717,0.383937690223473,-0.678538272886297,0.417794399037479,0.966872408375498,-2.61310539159461,1.52774018495911,-0.187067965581934,-0.793770025784326,0.866926753153379
0.181874064116511,0.292033493342113,-0.914910640095142,-0.146057635370062,-1.36723862326524,0.340601851787983,0.0231561222478684,-0.437668448371639,-0.872808915125368,-0.539757195667667
-0.416531453255713,-1.50552729919718,0.188459316313829,-0.075030775041097,-0.133393835315576,0.0733681185694005,-0.984334430878298,0.124793602116822,2.36375623741352,-0.523269143017311
-0.137428212820187,-1.56552379928522,1.21966571920333,-0.154677424769053,1.37343378946599,-1.79372426254827,0.834547907571911,-2.9224445965042,-0.705312102530175,-1.96848641340782
0.229260563755991,0.417874211490908,0.773534353754739,1.29122722922826,0.465227218356434,-0.627946306915202,0.0245149620079489,-1.17145584746508,-1.53185966499768,0.0127015771492195
-0.411001210746654,0.329182520645762,-0.376324956575535,1.05874383076285,-1.60444664584474,1.97762245467559,-0.497898687044692,1.79332810767539,0.977034699529026,1.05712102638882
-0.534129121256351,-0.602967956189314,-0.173877685384397,-1.10381566966965,0.645019771073681,1.60073923456111,0.705121340943712,-0.105240121778685,0.90217825125793,0.59439635670852
0.396311641497398,0.855778098344625,-0.515125227267028,-0.331573455280161,1.04374060790204,-1.40334079714979,1.34280749544167,-0.300726696294936,2.49042125987957,-0.834414573169495
-1.06908931112684,-0.633738206623637,-0.31565101347617,-0.100536407798849,0.23706441392287,0.101593320354641,1.1106852394528,-0.528242158339289,1.63363528623165,2.01893273571866
0.542552945637367,0.86291024345789,0.488634369075196,-0.219854263031276,-0.6934543611533,-1.92414164874039,-0.242981779545859,-0.00835165184687114,2.03700829941682,-0.0228642830539072
-1.29058252203287,-0.458135307719803,-1.42498882335057,0.73142372936755,-0.839483051422442,0.655315944796886,-0.0573344102763797,-1.33877667958433,-2.5558872769136,2.3093663338087
0.858304783854301,0.617751798774762,0.908436494802681,-0.799577601683306,1.28326874715968,0.0337755425733838,0.178270350236443,1.65673949471858,0.211373417185935,-0.555774505618923
-1.32065718557359,-1.31148073897439,-0.948693558565359,-0.912116004341025,1.11553750945016,2.84442370212361,2.19340858536424,-0.401936506946485,-2.04382712458915,0.36727588888244
-0.180571458089561,-0.24911600796492,0.621372528274539,-0.10159137953262,0.300709355662437,-1.6007823676574,2.11518867506598,-0.315343620891874,0.493970366109614,0.315335293977233
0.761711273311251,-2.20250803449556,-1.14266231039364,-1.0379688793286,-0.198919185437522,2.17160520635247,-0.858953894735318,0.631899380334428,-1.09998910387614,-1.39346487284771
2.24725549121248,0.316047066575221,2.34522435770439,0.333728049561068,-1.00866043090294,-2.2843409063407,0.110267491772992,0.882496243274016,0.0970780879430713,-4.13532911716535
-1.47119409834904,-0.374598568604669,-1.99230243074694,-0.251433164494174,0.970602434567226,4.73807829280371,-0.00764938704939388,0.879753836782419,2.92038586991957,1.31965308400226
-0.138774223770564,-1.13002730255642,0.443730993439091,0.374441249021204,-0.53485783871014,0.511608948317399,0.994800690485614,-0.894962417421423,0.0390138521863728,0.392507870675792
-0.798798200644042,1.23785320668009,-0.546208548057368,0.110384941823951,-2.55898645920408,1.50590022003102,0.795092231702799,-0.364620628396102,-1.58610504163956,2.99193625278858
-0.843004707986721,-1.32566682565108,-0.186781761621125,0.458771109906867,-0.139102068218889,-0.692130062070496,-2.2538877891953,0.96029013621195,-1.24515510680586,-1.06519026093428
2.76447179407516,0.961253135223625,0.646905620424829,-0.529652597941734,-0.384051772601792,0.872295662392522,1.20528234326165,-0.89510014219183,-2.38987749247959,-1.74817342892518
-0.387823367673157,-1.42127873939403,-0.0206982881980394,1.64411097338597,-0.102979635897415,-0.00761688610126177,1.0086103146693,1.28898165596151,0.36036514284407,0.387125246049178
1.20913281131576,2.20640198617482,0.765661390252317,0.459835434218078,-0.444325035305977,-1.18602412509749,-0.631979230848501,0.242333545955514,-1.21521711842572,1.17309832812098
-0.0785726593414878,-0.106549908580059,0.550344529688002,0.19487914523217,-0.751951792818817,0.509006078934973,0.377113989036243,-0.37134252693423,-1.21552645611062,-0.154335059680501
0.273074017930584,-2.27440055798048,-0.24628767780727,0.148309955961374,-0.232116468705072,-0.290708998074627,-0.863947170376305,-0.882055627584414,-2.19775581272854,-0.78182170595976
0.591246055478802,-0.235954235847427,2.19754864782924,0.77593794441623,0.202421133386087,-2.18275232113792,0.787110625739002,-0.034165118326088,0.357438090085887,-0.959477663168231
0.193477371724329,0.0690240358932937,-0.886269364073501,1.26432418524216,-0.701788189175025,-0.267098066316374,-0.770149451630431,0.316995359366248,0.924607835971208,0.504340719449469
-0.290505860317177,-0.576671075195558,0.540181379304262,1.45736533224386,0.751453202171763,-1.03977157788364,0.414665364187088,0.218457439899126,0.757913604561959,-2.39661510676224
0.877776299632743,-0.968844436194999,0.669141708900597,-0.0166535482077134,0.085216411214178,-1.69839071121237,-0.376989737105706,1.6740120599548,3.04589699118944,-3.1629165477535
0.0644739769085015,-0.386981351545967,1.55027738798603,-0.904177617632013,-1.55699554665092,0.676260634375115,1.09647634192588,1.18728501936142,1.66928909489313,0.120158226085184
-0.439415132906574,-1.95464225015611,-0.274152057422624,-0.665107557788758,-0.0408936875869365,1.47756931769339,1.43516739318239,-1.1028255314943,-2.12955610808019,-0.259084866222852
-0.956671313185425,2.36477146168566,-1.68866138951191,1.43643351969121,0.323446039286998,0.321273909726073,-1.33221473324701,1.33015461065301,2.03493264035778,3.14916003970278
1.58879081204645,0.407796292443235,1.37147356760341,0.957422570282558,-0.0703948469100056,-3.68053978566689,1.52905363440094,0.0591141120129181,0.463973926419469,1.34250973073111
-0.815632427205184,0.740808090733057,-1.96570582340631,0.644952608749971,0.434870311774656,-0.479060062251055,0.660373191042388,0.504652852658533,-0.473902605011479,1.85274277712058
-0.665264266404083,-1.20896015100644,0.293786149136848,-0.15658616213028,-0.09659597967689,-0.918217929267021,-0.930288106332473,0.722491916509181,-0.764409694903912,-0.942109201397989
-1.46434088369038,0.0456193818203553,-1.61472086131173,-0.522771936803197,-0.513120980123511,3.72941757929366,1.14061676039113,1.43557554065147,0.13134513842196,2.06843079261701
0.600292197769387,0.510640361633369,0.920217807429639,0.151653885813165,1.00635530972805,0.178382273155574,-0.742923420219554,-2.26739821191844,0.638643383800143,-1.6582957387216
0.0225083732097211,0.611546777108048,-0.401076771316108,1.3540679404297,0.102022452469377,-1.11874927740592,-0.857642570132316,-0.565189264368404,0.110330558867913,3.30347856616012
-0.334993110738875,0.643520709294208,-0.476844978571492,-1.24338004930391,0.0711970229019361,1.25580130232232,-0.677782442426806,-1.34670316065063,1.39556791801329,1.19549142242034
1.44337937092532,1.64399611662556,1.89601835950563,-0.14941020336621,2.14789566129075,-1.1674218586266,-1.88143747575041,-0.038506031127112,-0.644494583281462,-1.75827442222683
-0.471554207899622,0.165795343439523,1.52029870519104,-0.209951956896908,0.175501334879515,-0.834550612212784,1.26566338788706,0.441444867678387,1.11371329824184,0.465201497461644
-0.00705354992796652,-0.12918215579161,-0.283935243015649,0.44699112848702,-0.978161609110472,-0.60652825686981,-1.45601814432625,0.683711526384862,1.7128698913038,-0.117700721947587
0.568244620429436,0.855289061584945,-0.214111685952991,0.247081790724614,0.457454473304597,-0.378206989013951,-0.917301761155716,-0.412537203232225,-0.874584242887862,-0.943279599399515
0.962119216565267,0.797769763716755,-0.692301006999278,-1.32720352256563,-0.275255507841776,1.51986230324479,1.65156653325399,0.1789847495936,0.596191414932558,0.544896660048516
1.61701573513918,-0.101342374377607,0.802775205876314,0.162306935549563,0.236342681430227,-2.85548846295736,0.314551593839683,-0.0798610527294652,-0.158023420484432,-0.0703169805071198
-0.489814898588913,-2.08574029793609,-0.744767761758263,-0.649066211950349,-0.0258737922533612,3.01821335718605,1.62839879078963,0.543253144326408,-0.310868403946517,-0.799920996754426
-0.655214515733992,-0.175913405570042,-0.787616699247269,0.0430111928620149,-0.0992921960454133,-0.163759522924394,-0.371992454300903,0.544640221558498,-0.906025812990514,0.649143179367725
-0.514777989218868,-0.641621829971752,0.271716643709012,-0.234620950352873,0.348436535411505,-0.456875023194573,0.714652165529504,0.0706227234737098,-0.842283864398587,-1.19197056823121
-1.35778365125969,-0.549630909787781,-0.510758146784283,0.820707218277848,0.633858441796683,0.142190214565889,0.465929782945339,0.194675749977689,0.0256528927254733,0.786128509591486
-0.705614938452247,-0.507162529718445,-1.07086215893325,-0.661722504075386,0.0695910992225936,1.43713744015633,0.564264388362877,-0.251171508261019,0.698517739444413,-2.78805009375852
-0.835444270020865,0.945498336388809,-0.778575177587749,1.43845383249407,0.564405638914868,-0.172580457010562,-1.10840056418667,0.0622645613538478,-0.596986239133528,3.74167755508582
-1.16705215641926,1.59572744153457,-0.427093158691101,0.546929149844501,-1.24575174427898,-0.53976947578888,0.0522731445390094,0.0667941871141172,-1.30455222844795,2.12864495215645
0.241852223942784,-0.868913225280137,0.447514079491846,-1.79426367321106,-0.771666862074337,1.36143355992188,1.18142893177846,0.31766259392079,0.574941197824106,-0.756020467421446
0.965330931461638,0.0786965068303607,1.41937584585878,0.970379234741762,-0.381711249805355,-1.4201075315461,-2.81351098674098,0.314656209606741,-0.86703923228951,0.557851099313661
-0.352870352936587,-0.292867949383511,0.0150963868176683,-1.10440534035388,2.08958131863221,2.0117010704716,0.22599057045791,0.014776244710858,-0.432666221520065,0.262052395268564
-0.18900496798674,1.32687046293289,-0.0874872852590325,1.41465322020186,-1.36978099994479,-1.30090703784722,-0.649155908161892,1.04962638538191,0.0711224010796499,0.647611103315462
1.52339250814204,-0.911353782234065,0.999832375199054,-0.552827437364258,-0.562711381115677,1.24196901332451,0.997133687958378,-0.556649355603122,0.851317213315953,-0.762452063356739
0.371278562516726,-0.077950854763472,-1.15549625528053,1.05538903116797,-0.409281701527483,1.09345332666338,0.0108681915907127,0.905745955583001,1.17335903322931,1.91685628627545
-0.536526304151405,-0.320022848710397,0.579401281541704,1.29124651421786,1.19595397307384,-0.549900139177012,0.173725405675749,-0.0641731897998962,0.00831168476513839,-1.52413656126522
0.0896386186548623,-0.519095303462122,-0.606585755804301,1.00781492458709,-1.40329378848323,0.777121138755822,1.51383877583867,-0.575867581573928,0.300049221141099,0.213141336821691
-1.16904004369066,-1.11810168911784,-0.599553251901759,0.4671996871989,0.171791160773641,-0.21454876219841,-1.30373517455238,0.355435163895801,1.09237091784766,1.05051549403912
-1.01623702798182,0.223832969777677,-0.786061384577405,-0.985176682801592,-1.27503989433603,0.98224787794658,-0.362454505091134,-0.484285023948563,-2.51092901674509,-0.0231772917272469
-0.0428715708924282,0.387369452855195,-0.222233630343751,-1.83203932930789,-0.875452863746295,2.80255326194531,-0.84439544163882,1.37768309959026,2.28366833633588,-0.0868881874972605
-0.313507984488098,0.0847727047729301,-0.0781857318653214,-0.247850135676962,-1.31070440340348,-2.06802468422761,-0.0915247869271944,0.33892726351831,-1.70497610278278,0.400632661856694
-0.498900416532304,-0.128673203405091,-1.212270745418,-0.331708175397575,0.0704597718754388,1.25841214335241,-0.48816437192547,1.08607781343861,1.64918115271975,0.320558945944392
-0.142265977000708,1.19951732261489,-1.67894157853963,-0.534287544427898,-0.329067172184767,1.84714314774517,1.35896332645135,-0.282409565667216,-0.256532636109773,0.853275586830886
0.214515689171357,-0.419321784134964,-1.32807252635014,-0.0189692666033361,-0.662638988589702,0.782843867122296,0.0288947251296121,0.244911421618632,2.83921650319245,0.727255104190238
0.568063142212815,-0.912479046600092,-0.56546755575256,-1.42800998708736,-0.18157610062941,1.27537558180898,1.02431207830445,-0.657374553171699,0.971863545396768,0.369693114588672
0.882020062914947,0.48239532985675,0.0284502691089825,-0.366230684717083,0.892086165030865,-1.99555701150633,-0.261259262422769,-0.151061992975251,-0.321712210979293,0.416414574157314
-0.665142658188794,-0.778489523935515,-0.104782550078607,-0.273719602402256,-0.320947336482821,1.53386708227506,2.51292461914134,1.14618282194307,-0.157131872812858,1.08771540409174
0.0768546646597217,0.433063283461891,0.795928291299258,-0.635384140147072,-0.330262191355157,-0.735561315970122,-0.571948041976448,1.40065259290768,-0.579368779092733,-0.461756635505196
0.0503396578140426,0.853252409634383,-0.53544266633231,0.815922828230715,-2.01250384588805,-1.36983498520525,-0.504899407244183,-0.534234334256271,1.59767319063177,0.43052302061142
-2.13769953484077,-0.678766963689171,-0.640692896418088,1.09071676484885,-0.251031925346873,1.83398550034548,0.805909484051586,0.299875675498797,-0.85840278336875,2.1033374370789
0.467726175435088,1.94064208554017,-0.289225906243065,-0.310297927286958,0.446301057007092,0.8996152889668,-1.82315762745558,1.40675504905613,0.837906367188814,0.271932945285401
-1.48963777826788,-0.636500239752262,-0.238905189882078,0.0309299409675768,0.767434836976497,-0.752285462010426,-0.299524784178258,0.271778562626341,0.384917184841636,2.02174258117896
-0.96056534504408,-2.39390947179817,-0.629293714591952,-0.581873904916427,0.268900976558305,-0.572814502990408,0.777568589278354,0.350793632787772,0.0495272417752223,0.861673491941798
1.0004004427499,0.630521499408105,1.04305391594803,-1.02400924306621,1.11970184172532,2.15754503528418,-0.541687708821528,0.619943599003575,0.667240013420386,-1.36247581835192
-0.786495022998601,0.701993209710027,-1.78697729076812,-1.11661552927715,-1.48907431348591,2.73667052554788,-0.731646350314615,0.391209666321944,0.908479731280082,2.3292951709741
0.473675568079781,-0.878471117210503,-0.320999163595856,0.574666736219496,1.10481173477246,-0.110671880687456,0.957778882437138,0.298869560653033,1.35566124125108,-0.768055243721824
1.45635037039891,-0.0366404605732314,0.450264253504213,-0.19352193570451,0.226636513079464,-2.08253207375501,0.646816069572973,-1.7066440758294,-2.32406620671633,-2.41994991213537
-0.157643251267443,1.46428800699694,0.168794826148067,0.924432693944437,0.256443063894967,-1.24218674933947,0.312278820354134,0.346777403470162,2.01808978136631,0.597632689113245
2.14479850074184,1.29598519731195,1.95738243884091,0.366238691110886,0.0385929128737855,-2.81087800991364,-0.917342972741698,1.01880562249671,2.47611485348317,-1.51800391978784
-0.491605928020514,-0.464592193217062,0.576007239759446,0.427756908293488,-1.15523873863335,-1.25229616426427,1.06381072682187,-1.57854582567565,-2.78946880852059,-0.0814665384331681
1.11981312180381,1.94353869885528,0.893959592439884,0.416930301700024,-0.673581717254401,-1.49796846109527,-0.531409318353989,-0.192345357107111,-0.722002718552549,-0.911313942834678
2.17191387503402,-0.577836604143073,2.26423440983259,0.365320276872911,-0.0662362092646329,-3.96978178439159,1.33975811450678,-2.3052877357564,-1.76416509438047,-5.32500774040285
0.927918110125503,1.62062068563284,0.317821476632012,1.02222234067934,-0.783843240262487,-0.070185183034823,-0.957197435820446,0.768104673203724,1.16363969290668,-0.768447584415122
0.57365734104562,1.60267898695949,-0.0665204390884257,-2.21542545545826,0.542032141191655,1.46894822586675,-0.165157475439769,0.5593437141856,-1.26430631086035,1.18908585737286
1.3099505317049,0.0197042858730129,0.395330493303892,-0.342108263961508,-1.99923626974214,-0.513474032031616,-0.577477812538571,0.216189304557241,0.0465321581004993,-0.66728273435062
0.471662741968627,-0.597425864501534,-0.0332414000874427,-0.777125605000718,1.52278076698416,-0.286024767064762,-0.270893309055609,-0.92940948860659,-0.59482219212814,-1.61473445640177
0.637302172053677,1.52521242938205,1.12971976951668,0.604227619930455,-0.918958511856334,-1.42267254765182,-1.38899112529007,-0.464724132148232,0.665737933541505,0.238370696910743
-1.23228095495109,0.00425676341767231,-2.60339088004573,1.06754905584255,0.843248756006024,1.16855883417976,-0.108826892568584,1.43929700631651,-0.596064780891026,3.26866010927801
-1.72518893057615,0.711541336371325,-0.977829691783535,-1.15323804171085,0.833982662494417,3.03998955810723,0.93112338737471,0.0794134341560627,0.971346178165418,0.141695686766219
0.442299041278839,-0.494780021530999,0.644192770198557,-1.12792851443684,0.65119682410283,-1.21222051761345,-0.308849289006,0.368764025242753,-0.259208296259499,-0.897383084209624
-0.278715010334626,1.40327279497107,0.989599170703799,0.596583519708304,0.413939056255273,-1.61083628536096,-1.64331266489416,-2.07345532295047,-1.58296243143658,0.708978399759176
-1.88792479953765,-0.250523857370054,-1.73776425654198,-0.0296135919518566,0.933667094973953,0.193316856289234,0.905981732415821,0.571206585938986,0.102216679950737,1.87101741406998
-0.0519832974024342,-0.732427110010026,-0.452395589592298,-0.618029915054372,-1.59481109712756,-0.0519549262083654,1.13062008927501,-0.165456900845756,-0.275591256964692,0.77348551169328
-0.385482682447273,-1.4934049199865,-0.331141756385594,0.0702402507276952,0.728777484592811,1.65360228399922,-1.36934376938682,-0.384691697368314,-1.32796789313451,-1.81552849035128
-0.767296987984394,-1.2489273062833,0.675481181915973,-2.39424764446625,1.41228832867964,2.15499427351565,1.00304888243703,-0.0462089126164772,1.46191716133515,-2.21055670783914
-1.1593943054154,0.4767771657746,-1.88791737454729,0.558260499772388,-1.80308824706964,1.98913604155188,0.0564321953589398,-1.11430476036002,-0.265801960473325,1.41206022296657
2.16879565842381,-0.841836550827359,1.64965486897909,-0.181218014947604,-0.563877001924262,-1.6116930622673,1.79201121450999,-0.380377120267865,1.06288241738819,-1.34671604831262
0.0797710477462027,0.823865829448214,1.20317046080309,0.580687439489991,0.0870458800104016,-1.22253810921233,-0.241881716515806,0.288871831385311,1.91790003584693,-0.447246987599404
-0.0153886998983391,-0.38426501083776,0.717756537640365,-1.61941282780295,-0.784259545104668,2.63633925053836,0.89143393560059,-0.504126516363368,-1.18308667419928,-0.683080937783627
2.2600416406625,0.528242679614152,0.584453788398929,0.328276537881674,0.26192439196305,0.887419690871757,0.110457956576039,2.09950440761286,1.17252614699593,-0.185823726629292
0.775907322228925,0.606602197302659,0.0513907771968178,1.32759478404373,-0.565057799507038,-2.10537582289278,-0.944316990520576,0.0903596610068398,0.282845009872957,-1.38404536608828
0.652695308123121,1.62441482639227,0.350943429417376,-0.451707938079103,0.579233711283766,-1.23469538514431,-2.27634520454174,-0.347941617746609,-0.861434095194546,2.38622435513918
0.0066314992592725,0.285367911156795,0.502030359382028,-0.24812294991736,0.480742737354283,0.383789999639124,0.544030662711918,-1.30701040913528,-1.5279892660425,-0.986018158278716
-0.323624225190909,-0.397692947258076,0.185495416445716,0.799563710237859,-0.247068436062832,-2.06626849998316,-0.695103413140266,-0.87696659441622,-1.76652212855945,1.20275562013675
-0.144930732694023,0.818466722272529,-1.36367598312338,-0.388833804993031,2.47740476445378,-1.72548686085167,-1.11065788569888,0.10800137670261,-0.0673722342929502,0.919162514807188
-0.681437194182277,0.62133426838492,0.630051839060585,0.602414793239965,0.449172470205198,-2.06670961027366,0.586012554352885,1.43518753770318,0.924961160879008,0.641500326718526
0.280925607805726,-0.368002542807626,1.3907245102219,0.235213402305242,2.25573989290172,-2.93400252849128,-1.94350744350824,1.90140237476047,1.11261206894849,-2.26709041750395
0.504926085875822,-2.36433979784459,0.907271125813577,-0.0766271298359124,0.661183645404129,-0.205666556464545,0.619556743760209,0.990114209135511,1.08673140138085,-3.50110158844361
-0.118613403123063,0.290446170393979,0.388151374860213,2.28291907484313,2.36752254543931,-0.45095064775729,0.888371945718145,0.0925895779193582,1.33240780583285,-0.885431335677098
1.31110921460894,1.13221239271517,-0.00014477540624136,-0.21083836122805,-0.0730039455873801,0.394660591930565,-0.809366579969958,-0.093407412866101,-1.09083364546003,-2.86472608309879
-0.848188008163085,-0.533522339966182,1.38335086112685,-1.14631288654298,0.325761985848382,0.313883050610353,1.69294389096361,-0.0897741747674956,0.40539532709127,2.57065787482946
0.0718296013947297,-1.16912458853159,0.785783617094943,-0.382046731077038,0.333864568630844,1.15499842789851,0.187395495418104,1.67235613226316,2.69944435835307,-0.437306255230122
0.90535410311885,0.252717269353252,2.98176350614354,0.639881228341503,0.903738868484506,-2.38338699959058,-0.550949871758702,0.779729664319103,-0.777821861715689,-0.393095310087574
-0.103147871170179,0.0581696982196,-0.264141520837063,0.234680520389653,2.08926941548137,0.738788650568715,0.225595122375433,0.58665870496539,-0.146829179404039,-0.507454299313746
-0.726754788605513,-1.35679331310353,-1.499690055594,-1.64316414446107,-0.133016253401013,1.09054299286011,-0.0682034551779083,-1.26917159518913,-0.0297811121146923,0.991115126134988
1.09830673052979,0.353112809587343,0.778309230087069,-1.38151463278225,1.52421747631591,0.852119083445827,0.286444694916912,0.869937309596255,-1.13671972052207,-2.14630391290426
-0.328568196717844,0.64637877534042,0.371048744244377,1.07402594515361,0.455923751455686,1.00643892247744,-0.0101728657171995,-0.18805632488119,0.0873971805260442,-0.479334460920441
-0.265938862105728,-0.687989984647105,-2.38730614109734,-0.220064283620761,0.452538280407211,2.42340156512673,-1.49404997682387,0.435125260422104,-0.0847082587695672,3.51800091266949
-1.10990577223981,0.080593504760749,-0.480572973642657,-0.14144219437453,0.342046800005489,1.6305349280776,-1.27912291502617,-1.17764629171508,-0.910437720098369,0.347859780339495
0.204939105473944,-0.00126104237829339,0.344788083878978,0.624706223652679,0.560837265788687,-1.52999911200824,0.873746139391866,1.10107610105116,-0.487146320304164,0.0330570044597489
2.65389937816922,0.54751853952177,1.73328227047302,-0.767725411556669,1.40179926889021,-1.24332434604122,-0.317375216883288,0.518296463599719,0.573990283968693,-2.2683868495134
-0.143144558146235,0.889646557024488,0.707238463595724,0.852412203607955,1.86038153264199,-1.10928469212242,0.526434643839295,-0.185295856581674,0.831774352974296,-1.03417434977964
0.612551815679481,0.414486904755424,0.412934611930196,-0.293516535310445,-0.058950649027322,0.541286116478808,0.176391915825664,-0.196620140797933,-0.733767396680136,-1.2902427455783
0.481083607302967,-2.21133294713755,-0.483586013240827,-1.42540921953264,1.32063487354448,0.230506712831908,-0.176511941969635,0.428312205359365,0.487535485751696,-3.24244163181484
0.457029805911561,-0.408709260914379,0.928270352865534,-0.455824525536206,-0.106893035500336,-0.138497335695818,-0.119713249517255,-3.05800725171048,-3.34182039600444,-1.49988775233008
-1.27530606784567,-1.84168722998004,-1.12156762681363,-2.4578435444703,-1.4064595780817,3.60785147721973,0.987830105817291,0.52094415126948,0.910531865638323,0.270053698203887
-0.166844345548349,1.5610384908366,-2.05369622018794,-0.425682658242038,-2.64485730011898,1.73643424332482,0.116821975460914,-1.36024111518052,-0.526593639960074,2.71071901410029
0.0509627783128569,0.349450455775096,-0.379351759627348,0.840857984702133,0.585844664606697,-0.0300602472495845,-0.457228547079026,0.143231321280852,0.892913868403626,-0.0667251767528524
-0.664599301970629,-2.45243534295377,-0.502493744523081,2.36780483074001,-0.121326459040067,-2.91931836655332,0.726293626543397,1.43457925409967,0.086373276338279,-1.22656707571046
-0.176150038728045,1.95233015306608,0.746032638452217,-1.02761033376592,-1.29476961629637,0.00325263004955524,-0.840143082562504,0.606996597556265,-0.221912675483894,0.182366148020245
1.08109898276385,1.24256476263555,-0.94895729858856,1.11000325084993,0.161738075267009,-0.810469375728486,0.557333080045246,1.2835620635973,0.656525001103038,1.45912029775104
-0.332238398786652,0.597089888528703,-1.95026843702062,0.237987699942994,-0.173031114794149,-1.58289314195649,0.981399469629229,-1.48292409761817,-0.392603868987119,-0.356157602084788
0.430967071166915,-0.568297446516479,-1.28421359818748,0.733359947744876,-0.441487548276693,0.00273699963304505,0.75616564830571,-1.63272737609536,-1.36708528260241,0.103052133624142
-0.464642629831513,-1.5513707732757,1.28172939795487,0.673583801428311,-0.122882452750835,-0.73516194224335,-0.710621914227036,1.5954830220255,-0.171555046219839,-0.762119224755529
0.547818622101199,0.652941456946038,0.636685193528864,0.889461133745823,-0.9638930921626,-1.35105605055769,-0.853100749983131,0.685830234004507,2.89212626885367,-1.43105390292738
-0.880751664508718,-1.87812880807379,-1.6381839594106,-0.291966904284303,-0.643476883128831,0.524745107149766,-0.329663701912949,-0.89022735509481,-1.09550999871202,1.70240471810635
0.258410799843934,0.0683870878360227,-0.656571249541384,1.2268893449273,-0.718020918861009,-1.34940418478434,-0.761208461708139,-0.277615527445653,-0.0288571225336144,-0.207895363553268
-0.647563330650512,-0.395139260214529,0.942935129866011,0.44280496096802,0.118514004015125,-1.06264959616491,2.37225940195764,-1.23811245212409,-1.02503111047921,-1.24737094433479
-1.24250525855306,0.104040545336289,-2.10185258841766,-0.580891404830586,-1.63632714932557,1.54600655899713,-0.948951011720561,-1.73360950994799,-0.536797015908166,1.26231263514646
-0.693593334957423,0.537331621850422,0.702940667024586,1.17865582050777,-0.310389866070424,-0.980378330325332,0.143850417746991,0.798423526150264,1.02026526757714,1.17920350528099
-1.77934484194289,-0.640321182927977,-2.47700518745273,-0.182181636563546,-0.295068110683755,3.22273987636276,0.486336172161296,-1.25907735625514,-1.03188933517805,1.0470320320025
-0.329214665853739,0.156073063287169,-0.204726321808846,-0.109018326973718,-0.69192250617562,0.227404068860753,-1.00279027443995,-2.79414603409588,-2.38505730112566,-2.70381502354904
-0.304953248907723,-0.594691021668168,-0.661599158797718,1.328203345252,0.427283135495625,-0.899232150504056,1.39018819854372,-1.15545894625346,1.03662536035017,0.00126752671569708
-2.71075945704031,-2.12158204516839,-0.65072993710959,-0.218696571648677,-0.352628937595795,0.214348350943481,-0.891033791861219,-0.411901370095996,0.298301448300399,0.995216400621454
1.05023797448209,0.53660812715279,-0.441652341048303,-1.82227264318642,-2.11256187043789,2.06650206410812,-0.739917402192767,0.962964040454644,0.208838461879893,-0.491829248325352
0.222166623495224,-1.30613806461878,-0.525139950385692,-0.865649589669177,-0.234518502519754,2.52794706139254,-0.300093462369317,-0.968598721667973,-0.0403049073396919,-2.06529074769695
0.0350553038816062,1.70431038986954,1.11217739110986,1.02110117282146,1.045214844553,-1.53146611518836,-0.660436212385878,0.609338210610287,-0.94441901044875,2.00424289048991
-0.143265201526935,-0.169450650881679,0.756856832221364,1.86084419590454,0.0140967829767464,-0.973695409535149,0.2971699195109,0.106699501719647,3.19151881848514,-0.687313926368597
-0.710702636008079,-0.525227889318409,-0.912836014748437,-0.628152034638567,1.31867446069071,1.38819195123606,-0.0733628050186451,-1.20064248829679,-1.16916388096685,1.05029378182041
-0.553662109003114,0.332935010065213,-0.139780963096275,-0.718939966503991,-0.602735030565402,0.629572863585334,-1.64086932563724,-1.06043040428098,-1.63341586892028,2.07038914076075
-0.220282643798895,0.483951218191955,0.749000508157587,-1.00347032809593,-0.302671452120492,0.141538620215891,-0.387823323687942,0.0452290912246028,0.763187942774011,0.502920527788647
-1.44860838837346,-0.317425662194238,-0.0394147055382765,-0.365182163294753,-0.779216963975286,-0.257201072201376,0.142072223499703,-0.489144599293716,0.467833469317072,0.504723357450256
-0.857761385309203,2.11729203716967,-0.143511396924079,0.27864544828948,-1.03523740961049,0.656836354218508,-0.655269480133683,1.4542873192145,1.68082167681165,2.448247174719
-1.24858812597279,-1.06121360914337,-0.812975714600505,1.07642459523905,0.123590472318408,0.0610835033802762,-0.598343666859339,-0.591656358571935,-2.40346760816808,0.057081832805755
-2.37714706733825,-2.88033682088745,-2.82185987802234,0.219726597207203,-1.45505014354374,0.749685089466759,-0.468708225102098,-0.0782107264547297,0.283284256911832,3.75201502786927
-2.22966745345803,1.55201628143754,-0.852993665258938,2.40256012514621,-0.0140920459806829,-2.49633721630892,0.703735416211445,1.32231885524272,1.80987974196173,1.41577771059875
0.530306981238931,-0.783608170637063,2.24747303302213,0.319046239831542,-0.506590343436994,-1.99831035342044,0.842532630115263,0.89322282136622,0.0215813891994528,-1.53003969800908
-0.840289609850885,-1.27729188702926,0.826688613264422,1.37794786310203,0.692450700198796,0.235149359055282,-0.161504308082588,0.616845386765191,-0.148728577694169,-2.02064459989238
-0.711390279869982,-0.859463303801372,-0.804656938541567,-0.272745366141204,0.846753709557495,3.46610182318481,0.61032922260428,1.42491275204736,0.213121945030622,0.264426357950576
0.457281362409698,-1.90382133110765,0.385174276057536,-1.007688485376,0.949973518239752,0.410596050317723,-0.358446290230491,1.07332928242986,0.0367716781037164,-0.901154826822522
-1.1631138465579,-1.06372954094023,-0.882574880020383,-0.1961528362066,0.277844837038671,0.0981341710642961,0.307589214283495,-0.2309767007116,-0.19562774011018,-1.37448927930248
1.29710339627088,2.31335731761347,-0.279186632507775,-0.42859837502733,2.04400765030974,1.48488869015354,-0.764198914054324,0.991569836073904,2.47006333912063,0.212819752424193
0.349537646843947,-1.05798078037337,1.74553936083601,-0.804025737134811,-0.608496467017881,0.0755422854141684,0.671543044256287,-0.149357799861229,-0.28509691318171,-1.59219254331548
-0.198847066002471,-0.970928787051377,-0.937945254866251,-1.42041398933936,1.39486981120699,3.21940824767854,-1.42150084249632,2.10038204923907,-0.455879872051254,0.433701735796583
-0.135147485536117,-0.019788798797353,-0.852777316819142,-0.602717562569363,-0.561436439797566,2.51871788583784,0.618215579927584,-0.268572087359607,0.317935547129611,-0.430107039505768
1.21941235582476,1.17719307247885,0.601984446538269,-1.29998078610121,1.1069914343575,-0.846603422791594,-0.0315611348664211,2.01335923775904,-0.249908274786628,-2.45161852392271
0.193288462497194,-1.01367056631722,-1.72636211871557,0.833911324561151,-0.58484362691633,2.37334799035855,-1.74347107879031,-0.832285717135431,1.07398827739914,-2.39218209070115
0.143540494569976,0.610354940174676,-1.35189394994521,-1.27898123070841,-0.312477949016144,1.98840967092747,-0.787868956040899,0.364820700786485,-0.341708633068884,2.24767557035075
-0.04514950579819,1.37717608982365,-0.994150894171531,1.00915283778016,0.483800305467809,0.790959309025989,1.83408941849394,0.0275242629204474,-0.240917453539256,2.54741687386156
0.726955132816517,1.47957252307247,-0.0886921252149356,1.24428274806662,0.823816449399296,-1.19422645599051,-0.0539791307257521,-0.348822865789778,-0.506197420788,-0.00827748474705393
1.37477987849316,0.371071165705005,1.25703993066064,0.185300014983004,1.1239148072394,-2.26697266730333,-1.73824910697313,0.263851360556858,-0.27767364709144,-1.10205964989926
-0.8752839293001,1.35527789600887,0.997763546081078,0.432214830993735,-0.834222380738003,-0.856019172290656,0.643544615239739,-0.442211015920156,-0.214119947257545,1.93887903538406
0.125113253946831,-1.66483737722642,0.131102234416188,-0.531446943688007,-0.207090568899149,0.408533932985636,-1.50111052798044,-0.978890170365268,1.8460305097359,-1.12672162335889
-0.16894471561622,0.995714631248492,-0.708229931890701,-0.880460253237524,-0.683569579309715,1.48162208706249,-2.33129010857609,0.050021861872825,-0.280332386011907,2.20384220546229
-1.11300975918601,-0.637048997290805,-0.668163858934242,-1.30477743546053,-1.9956570571702,-0.200440464750806,0.036300400907636,0.471452137610878,1.7914890212829,0.155423545381933
-0.555761996497046,-0.542579190080286,-0.686660698766813,-0.13915415330777,-0.606898422355046,1.77973697936765,-0.380033956710157,-0.277769777340891,0.900732788387945,0.187185267511745
-0.763688496111838,1.78682053670966,0.692727262632213,2.15591841702721,0.818830742095441,-3.07524848038068,-0.442877581500807,2.39825574307427,3.0288029692878,-0.150204196198313
0.281024150182918,-0.635886754203016,1.47253424595046,0.674762702558506,2.42837630537952,-2.49180695192087,1.01114649878796,0.321020533631536,-0.115677463506151,-0.118331739930187
-1.18032530618091,0.400913624250329,-0.691167792385019,-0.197283934380978,1.36101494887281,-0.624305145695857,-1.17264690454893,1.67240771482344,2.22313031084952,1.5792271261646
1.66434175192943,0.724847799672524,1.02795860429034,-0.431122935356435,0.525673802563843,1.55304412937481,-0.608468032650002,0.839977218187469,-0.199766248239829,-1.10982850230949
0.838813458392669,-0.0523602047053236,1.24970382339256,-0.0717746893456205,-1.37897244524183,-0.85950019863076,1.32317652954434,-1.90707800980087,-0.00455347728915789,-2.56881661864846
0.0714296848705541,-1.4035759591896,0.571526917686139,0.039981599886963,0.520922108772206,1.48478529707512,-0.618562205874659,1.17520896689059,0.716366435482451,-3.02847375603372
0.956909364778249,0.335125192285963,0.502910556140847,2.01729717307564,-1.27704481449243,-3.03544379867168,0.148331472474239,0.990235315233054,1.50916624008758,0.0817231484350461
-0.619108477020031,-0.603040139959947,-0.511117653118808,1.29636044908903,-0.0131640048152997,0.163474695943796,-1.08474167736684,-0.224079947234238,-0.75989654365909,-0.974748565154836
-0.892204823156381,-2.25109575882622,-0.929971235500345,1.05330646323498,-0.704774530043164,-0.97504234835736,1.48123593335789,1.4286521666362,-0.361164950673283,0.273833114219652
1.50157225912859,0.897675634437253,1.23609525991558,0.0586699249533649,0.537994925542797,-0.321888758483182,-0.0503549884703324,-1.00078380228762,-1.88299264292294,-1.21925279114925
-0.217580396696795,0.431413223437516,0.161020960586952,0.0496699526666835,0.895932841847722,0.44632323843617,0.0448622104317744,-0.224761237784238,-1.10171963535221,1.03952612209776
0.307521535403537,-1.2926538727923,0.369583299971756,-0.221448775097663,-0.325237119493529,-1.00360251149168,-0.0110980619291776,-0.693503673929525,-1.23536547172353,-1.31372147233926
0.347440755327967,-0.254543686053012,1.65921492124177,-0.13367875976528,-0.0451002655515489,-1.91783397030737,0.25850038640724,0.264515753950774,0.0994980892982115,-1.44424172785752
0.226022771847224,-0.592159983186204,-0.590306682945897,0.260086230904361,-2.32751308726598,-0.918366421756361,-0.257207897687915,1.22934482478948,-1.07693168048304,0.967912897993379
-0.659303447017551,0.33659176807755,-0.982480521681051,0.645801599632625,0.639418350502837,0.678750868647174,-1.66859515434153,2.18080157055734,0.644045289753595,0.116068338616196
0.819180698346283,-0.0826664424551763,-0.784838573505686,-1.07032272550595,0.992521931558733,1.50094189110239,-0.623771813103482,-0.502504896778258,-0.401705241111126,-0.736880257070177
2.42243589247946,-0.480274687171623,3.03595963627484,-0.499615882165643,0.197991882321696,-2.41813350854912,-1.73892766923341,-0.255085991031678,0.888694912556195,-4.38250207475255
2.64755339411236,1.68199729843248,2.76440107218282,-0.414238316973487,-0.599636631524442,-3.32438400339165,0.467557406222776,1.16205957506392,1.35587739974277,-2.37401099044351
0.399276339527607,2.45506020241964,1.20333199615728,0.334078606878294,-1.08616858524549,-3.73971676476056,1.480805331906,1.8290516513844,0.188487580162146,-1.88857463106053
-0.401884458050726,-0.969549699159849,-0.890557923420808,-0.541468838042701,0.971914443258699,1.31656407367511,0.127170618961335,-0.0412774011639737,0.618090845044766,0.91501064333531
-0.650547759620723,-1.29883865128668,0.393419920394018,0.626970144865075,-0.452024706341239,-3.13243090332744,1.28557314035235,0.925472046324702,0.981659910386724,-0.187060496163879
1.17139202160289,0.625905138803052,0.948880143055595,-0.705166707978137,0.690106959038564,-1.67948396566068,1.70499522672396,1.37361275900713,1.46009333368684,-0.611321847005957
-0.722742214103161,-0.61719524447211,0.811156457917034,0.87687098396249,-0.520896220877082,-1.97344716921163,0.608440679804572,-0.513154918034425,0.441056887651359,0.969238910352438
0.00428577240900695,-0.844743270201622,-0.106807701084143,1.84246817715389,0.259514085183933,-1.72294465456713,-3.09434958685217,-0.639677745181463,-0.885998633686396,-2.02295881954328
-0.199744286318953,1.08425583744026,0.522521834265472,-0.664117848441493,2.45224559850924,-0.0919783487519476,0.731520065804975,0.0883457237224841,0.971750452404358,0.361794987480694
-0.434629984757585,2.46644681084095,-0.886768734517364,-0.584409395804056,-1.45982674703954,0.471416672444738,-0.332113833996735,-0.211126292422654,-0.216638676402846,1.996186762188
1.49136447492572,-0.981170034541618,0.947622066355754,0.400355798700957,-0.487160544700017,-1.3310682113232,-1.61558075629281,1.99334323432266,-0.0781751221515384,-4.13786682574116
-1.08956855186447,-0.623518296548412,-0.617245402403154,0.792214094924236,-0.722332164464167,-0.688510062561236,2.16628677252123,-0.461959301467703,1.42889975819634,0.962317966962715
-0.0418609198926528,-1.06353723452738,-1.32442739641671,-0.30310978855017,0.406073509371442,1.41916208964473,-0.0641979240403365,0.164847244693965,-0.323676133705055,1.17056357749067
0.299413238480527,-2.12601105265487,-0.212319206472148,-1.15170656270858,-1.72620611383786,0.822140374887251,0.447747121966498,0.354507627751822,-0.66258975974582,-2.46752992578382
0.134477531376779,-0.501879599858581,-0.117084782239705,-1.34967757229329,1.30870883909945,2.02628557828241,0.641668299676622,-0.171449180728901,1.31072807832307,-1.99453153243474
0.38508599669182,-0.889667898748768,-0.886804497843839,-0.762726881170914,0.750475370288724,1.4732710052542,-1.28606938822088,0.437441008527583,-1.39681615310253,0.047551004342597
-1.84323841247605,0.79086737139154,-0.929836310179127,0.540400000248017,-0.360336460073282,2.87687594998591,0.119746018154005,-0.224510053152424,1.37992152446644,1.92013538347363
0.505230937356242,-1.47660042108104,2.9530064980378,1.05052720593036,0.161590084152068,-1.31683631578587,2.0489312386372,-0.0939982049312584,0.387788947644369,-2.48225902125368
-0.569439225091578,0.757553629607771,0.225942173443361,-0.459394942439917,0.703096860571794,0.316309407233252,0.0917014074554231,0.0243341741813206,-1.15959820790619,-0.00246376601184442
-0.433264669115431,0.149674718018293,0.697647235901066,0.186752060280803,-0.821049761463904,-0.378309604017044,-0.64580912310252,0.133046995536375,0.617471800438659,1.45948299899367
0.680819573596104,1.73593557765541,1.03242328490366,0.390712681998474,0.434524775522037,-1.13225616040819,1.17522255610405,-0.100787921269886,0.312846568359719,-1.12875771738242
-1.31768192362402,-0.729855536449479,-1.85277100936586,-1.49244477997887,1.10810106230528,3.68462388305721,-1.464046627761,0.911092225013024,2.15151000229098,1.51346725475801
0.473697670585431,1.64496093157041,0.0621393362282085,-0.491030923790754,0.283054814872273,1.53243350120985,-0.208330339661262,1.22236010754787,2.11856926784855,-0.232697740078709
-0.0998486979162585,0.549756827229831,-2.07429740743493,0.790415283860306,0.698430111989153,1.84715169366883,-2.65664694334977,0.259057807078234,-0.0936017136676759,0.573069784804663
0.290133413558574,-1.47562379553907,-0.652006455906742,-0.0134556178825065,0.439341616260947,1.20506040096295,1.11948673220432,0.429354404116761,-0.331571090631807,-2.92834358688507
-1.38141423509082,-0.473500946567714,-0.66839216784699,0.0989818203441639,0.159605984758809,2.22214195769675,-0.830583783973443,-0.482807234452491,-0.811020959475001,0.684035677981061
-0.706144749916307,-0.0521651355379452,1.07264506257511,1.57284756047538,1.2526189816607,-0.577639495862133,1.56149916553382,0.318539116169106,0.470899035692767,-1.07970654647584
-1.21416884035459,-1.53958412291297,-0.527333825394627,0.798102628681772,-1.21118652384175,-1.11529286393914,0.630832762369456,-0.608315882256965,0.315503330460447,0.145901198623905
-1.27728942187719,-1.82706828852621,-0.409060321031118,0.124153286422499,0.498844365231578,0.486945973646543,-0.869737395367281,-0.712355261069038,-0.878987270862078,0.878120671621586
0.327540490527202,-1.19627562430793,-0.55367108507796,0.357847971902637,0.806377047902072,0.353883803972742,-0.319697114753972,-1.53966731803339,-0.949474983303688,-0.794033047202829
0.259968962478068,1.6966396936339,-0.137635401569642,0.930263790346566,1.32878713780227,-0.460930435638861,-2.05904386106496,-0.159544763133738,-0.435317706215548,0.520720925617617
-0.597077753395143,2.74778008760421,-1.49141002244613,0.419240685062997,0.69752802539503,-1.54345131199252,1.25581360854187,-2.59975941736975,-2.3621139552105,2.92541751187094
-0.554039809977731,-0.839789378951344,1.9361191693743,0.674516859359126,-0.319593373281191,-2.12112569915504,-0.465504713647839,-1.45786374467421,-0.827579425335468,-2.8829777324128
0.560431937117924,-0.203617553361226,0.647815198674164,-1.3552391283743,-0.49553951568958,1.81438218537856,0.569682795618156,-0.235004911899291,-0.59841634493747,0.443940121399023
1.682885239698,0.873883566554856,0.0226864413542823,1.38975951139579,1.20525945165103,0.138821570731627,0.372915146061444,0.576245385452244,0.360645012546483,-1.00380084911855
-0.393071406755365,-0.125955540580077,-1.1138749223568,-1.14809984709011,-0.696164202395443,0.901076313577554,0.126634230429291,1.06830377236688,0.964937623997852,2.06671484232347
0.43259087930831,-0.363964476028478,0.0230772866714582,0.730979326243143,-0.192815568480605,-0.801694991059283,0.092107779721379,0.689976619110147,0.419426036949767,-0.515947037204377
1.11691105274421,0.856373336043533,-0.391563157040514,-0.61817733116975,-0.450556297124828,2.98098312266853,0.4087118328215,0.500863927119942,-0.803540912867518,0.753459796509724
0.0304357232687034,0.790925668578095,-0.154564360597484,-1.11189713397356,-0.431770655768108,0.330787575855279,-0.906247498583678,0.0793558467353291,-0.170001709132072,0.78909653930434
0.13449740104146,-0.624591573897327,-0.239242023853454,0.761006270515166,0.820587929196731,0.675584380293947,0.917711564175223,1.6809254645319,0.437118692061822,-1.15309023024335
-1.07054026066716,-0.938723866169837,-1.44213121758133,-0.537447466169953,-0.104687505894313,3.99992249012488,1.14770961148367,2.03654553508716,2.20969267576873,2.09890457870307
0.027199600562838,1.04405218679474,-0.0604106800420721,-2.29602333118264,0.994961256110718,2.26668043333232,1.64900656034394,-1.29964312839412,-0.501340778642159,1.0639320488035
-1.98955011306368,-0.465920326312991,-0.240545420379975,0.0785249516636621,-0.502222582238767,1.10455064905576,-1.16450709795977,-1.29150864059124,-0.138276682889023,1.09798386691633
-0.408386908590815,-0.19412195901675,-0.167660793165189,-1.05370900825069,-0.620064791387885,1.79027321231332,-0.496100644573425,1.72442454093239,0.0700852643008976,0.771133720007925
-0.679601154890032,-0.540831056708682,-1.00647130365687,-0.445653829420859,0.264741109020209,2.72425217768373,0.896623688554626,0.262752363922918,0.0559303397158651,2.08342401721003
-0.541935080087196,0.0146651190659499,-1.25725628554699,0.58244601644771,0.146512370508153,1.49701063487853,-0.946868412776781,1.51205378448192,-1.23982062736055,2.48479355351606
-0.130829072710391,-0.948054830140079,-0.466526138591062,0.574478713151061,-0.823833855691132,1.69296181967376,1.51167948058071,0.0095493682481298,-0.144753471405038,0.910925574481826
-0.0593776551472209,-0.822375264018926,0.462125341457772,0.357663232460804,0.0954699168311961,-0.874474727099099,0.444783465864232,0.358035573010493,0.707118335072034,-0.929867193259954
-0.0602763318451348,0.192683688625235,0.49813057413519,-0.916301056583701,-1.70510971284546,-0.915047680195431,-1.77547548044665,-1.85117048424529,-0.33139333816665,-1.6993325447198
-0.288070934611447,-0.778071623587666,0.332012695133733,0.755570346581507,-0.784942822053923,0.109453816847234,-0.687290872319221,1.07569409591219,-0.0777302057234523,-0.516141560630844
-0.292608711334926,0.762877566392996,0.677607213521865,0.870260003545569,-0.469417918325915,0.75738314376049,0.680318332678806,0.415264926341225,0.41943715234924,-1.68222028623595
-0.194906156866123,-0.757818241858921,0.00495332269480198,0.124846895399473,1.19316232200043,-0.00849211402350293,-0.202562024846468,0.0381736265060731,-0.212949964294976,0.778663345131613
0.678225795337321,-0.243792710633286,0.21678649314056,0.224323673451931,-0.948065774213826,-0.856285196544642,-0.73366514310128,1.33598785102275,0.463824507833469,-1.09449993054704
-1.30636975804158,-0.979624000808721,-1.16818097968685,0.394217919944344,-0.377533638354321,0.129014053920541,-1.01704448077797,-0.0714153678339623,0.62910222751538,1.33472529207055
0.369642092415013,0.880886788651959,-0.284244225761448,-1.03877518709061,0.436219569555198,0.460034120113451,2.01886030686689,-0.856438561142119,0.400709876426273,0.198885133392327
2.03001330444173,-0.497489646942226,1.68023224569,-0.308041095496567,-0.490039798454558,-2.87548964683854,-0.492178682169548,-1.25068103443763,0.755963341353026,-4.31438435408936
0.0449313553853097,0.474988646951631,1.04990591233148,0.335656798045901,0.609742109784566,-0.530687442641405,1.43596960693669,0.867721391311964,0.937538305052456,-0.837017045126652
-1.4845656923276,-0.403349686383684,-0.737373827781726,2.50068589571559,0.474696025188654,-0.317144468383078,0.0847248542762764,0.0599544266673211,-0.196016173857607,1.501202853136
-0.109470326728794,-0.0435092360494174,1.5015803950329,0.403241241849215,-0.136017648438417,-1.01353774065649,0.619801475524615,-0.159743602503608,0.144979883046886,-3.0546389588175
-0.420570163208225,-1.18614456091618,0.975270195572692,1.17481943904393,-0.385650166972556,-0.688101851270758,-0.694033713930534,-1.28235041237503,0.607794734369404,0.380391440604897
1.05352561763909,-0.163840695838007,0.411265885668693,0.510116415805333,0.743953010629724,0.369522884271761,-2.03582416532813,0.721247499866017,2.06672479391536,-1.03119091671253
0.109782179088985,-1.17751289611969,0.264345606840889,-0.348306207554001,1.02487372767416,2.51178630787055,0.0853372829130352,-0.0663256725377843,-1.05922618672913,-0.310738013175935
0.892968149721997,-0.284830862674846,0.80988284758927,0.439582884552949,1.18112208742971,-1.35368121620212,0.783282220611362,0.542319173335054,-0.22912138689533,-2.55163876267226
0.125743086564524,-0.796521271233069,0.818710625974853,0.528858149401893,1.64208691614873,-0.246913799787382,-0.846833703752096,-1.37603807705686,-0.41087609431699,-1.89310785359334
-0.633065113790078,-2.99631710138062,-1.986968428269,0.526545169424421,-0.737611604951605,1.67076518889506,1.77098869766221,-1.93083340272273,-0.791994009474664,-0.610427188106842
0.26575491337369,-1.31389267971517,-0.0671016782393361,-0.932850881988382,-0.923132554987352,-1.18129129994604,-1.27341051739445,-2.0154558702618,-1.17672080388897,-1.07215690499658
1.27163467462411,-0.658730948135537,-0.158536887692452,0.570612303533224,0.233945183382433,-0.843622571069752,-0.114177091219066,1.70094889054623,-0.387373626034576,0.207791940365743
-2.00803062692855,0.951948399150228,-2.53220588600079,1.47759899479671,-0.909913603584365,1.02836333810632,-1.21761390977253,0.519385184437374,1.09960550011847,3.34762161467128
1.29152311920191,1.45643172989297,1.15437205261311,0.250955857456683,0.195092973919002,-0.470569730291324,-2.58209048894869,-0.318603505321506,1.45048168983133,-0.449188489044699
1.56811074426396,-1.47415891200377,0.922186824835853,-0.104300597168641,-0.123534034827787,-2.19796034800333,-0.765357986130242,-0.133436612262088,0.363073382528298,-2.93868508604923
-0.624708280802558,-0.81094664088806,-1.33363278399944,-1.33019364530862,-1.51290564900919,2.84831554716405,-0.096815997623143,-1.90458276870791,-1.05018565194958,-0.308773254057608
0.340583087925113,-0.227702697353889,1.14497070306216,0.522729305446273,1.7440995351106,-0.145883042427898,-1.73770098367409,1.74083418105673,2.52428915613042,-1.61167719250398
0.0441873174181243,-1.19527784291735,0.527639845727808,-1.54002479137871,-0.449442847988804,-1.92915300265814,1.06383444605877,1.67961435992005,1.49421327381293,-1.28453034247249
0.073583055947283,0.881551326579287,0.00638404577301149,-1.82429691318227,0.387537279165649,0.569945444193643,1.53318288741317,0.178762120464004,-0.594751178266266,1.10414160529236
-0.42605232442757,0.237472145959198,0.762300267745263,-1.40648853503078,-1.21677694670113,1.41699426842489,-1.22352365573567,-0.421295619084395,-1.26145560075789,-1.42487871605111
-2.20330977342077,0.457681587578526,-1.58448290276812,-0.67940860781617,-0.630671996547127,3.70338617156076,-0.590241169650721,-0.109539299477307,1.80611447582952,1.8958861595597
-0.126825319090597,-0.514532575245518,-0.37224621135785,0.643200075556702,0.954832609287024,-1.05599300241771,1.07362899304929,0.0207386523291277,0.415162522108471,-0.538657159146562
1.07582015658352,0.166457493880421,0.239518831514701,-2.96768190377618,0.397668124625286,1.18938019116164,-1.34508628398795,-0.625211730679475,1.2559163060064,-0.523901689561338
1.21814439060982,-0.227169079468977,1.19058068722764,-0.337570494633634,-0.879328480865744,0.587131261182156,-1.07565941252333,1.08083332462444,-1.29197797810209,0.738074953781549
0.47911643029769,-0.656778157839261,0.986692184342277,1.74790836236161,0.406462682360454,-3.83552729905134,-2.15562376349203,-0.17770098577665,0.872027460178711,-1.07350709990832
-0.465904694348256,-0.767165565771359,-0.308596305924401,-1.29728051371968,-0.161988748863374,1.37791300536896,0.517470423538769,-0.704278095256353,-0.776134919573224,-1.89638634408198
0.122835674396003,-0.146659411323366,-2.27123076722743,-0.837178109249579,1.85151167614102,3.00813288737282,0.736875426315288,-0.949521541563886,-2.45463801241396,1.71111690828611
-0.170052655972369,1.24888990441694,1.03234165732935,0.733498837032292,-2.04937218919963,0.0334235675007056,0.442123841474089,-1.16351388524172,-0.346480697198377,1.79706881167728
1.04298605937659,0.370881848489935,1.63290096616323,0.00811714917796606,0.0316130246404226,-2.09907833649626,-1.00858359011569,0.4603567958086,-0.982830357878912,-0.689048711181034
-0.189808201212524,0.414789182391083,-0.26541143684496,0.948761978567801,-1.34120256215806,0.161418833775932,0.101449999801868,-0.990146451933391,-1.59669321008344,0.528112715775294
0.025993652859237,0.243986834418983,0.474488193797054,-0.0182830631652435,0.485470743091549,-0.551642773698231,-0.192573601071361,1.39941388699509,2.29520744957446,0.331059362584284
-0.806309360393327,-0.179516012861736,-0.745663204840348,0.561102555826894,-0.853805817425561,2.08994474736529,-0.40518219436073,1.31129754744619,0.2637307731569,-0.229349561955753
0.644485305725379,-1.1595056642558,1.13018944009695,0.22895036215812,0.0323915670378653,-1.96489977226288,0.376510737972676,0.0584425571276259,-0.026833607467684,-1.55232101886534
0.51450674402836,1.27382467250864,0.0218643475819533,-0.117765975891545,0.771735207926184,1.69724527336683,-2.14555536512776,1.34922458873381,2.32327276757627,0.24691334233304
0.313327300911141,0.37154901137831,-0.445894351561977,-2.2321450177063,0.147205188039907,1.70858619408802,2.20373982161616,0.840704955909114,0.815171894232906,-0.153707382372013
0.722276160846158,0.391783308185046,-0.720420293039964,0.603621572589947,-0.134640137501712,-2.22999982257114,-0.00774501167533758,0.809264857273716,0.161096299401127,-1.17482827611358
0.634705617459059,0.428203559029269,1.59739085922666,0.62087053068975,0.157842185829633,-2.28194473071309,-1.57339955931595,0.209120371041603,0.92852420816735,-1.6319719395475
0.756211762821696,-0.914388445670258,0.434386436493694,-1.94329309598747,1.39564842727937,2.49437225430298,-0.919876224914638,1.47574578531688,0.82242075550097,-0.988569435676737
-0.397897180521981,-0.01112861462151,-0.78266741223759,-1.71628209617043,-1.45541801005867,-0.213983964182871,-0.453991207510249,-1.14843405568899,-1.37617509721456,0.149146179454038
-1.49411780609277,-1.49625696121148,-1.67310319596223,-0.72668953770188,1.23920074113928,2.95141578674586,-0.451073056664471,1.55576245247817,-0.321836128188345,1.50460822726293
-0.46960805995102,-0.553550926171361,-1.5328793705986,0.75301835475662,1.35807679943812,-0.512160314092006,0.413889109610063,-0.131387299557462,0.244137694468695,1.18325489258442
0.251856389655808,2.75928397961232,-0.767080108599683,1.01748391795171,0.685267143081331,2.22712348755661,0.0230789768791716,0.288327927921621,-0.744960274237014,1.45965471487867
-0.586782444532807,0.123479604253141,-1.33592292275889,-1.04511302949333,0.0407636950677101,2.83329370402196,0.312444275380849,-1.09460691286361,0.522788467672647,2.03232149788058
-0.0191714741220346,0.518580418827681,-0.39876391888219,-0.504215201975957,1.17343880988422,1.07255525363145,0.233800955207075,-0.889393389833429,0.0457431536407933,1.90567991223557
0.616909816664809,0.603121859338382,0.11114200941267,-0.50735046035209,0.502360122859107,0.199468725622915,0.812064041279753,0.340518304332182,-0.30300816436673,1.53901064874159
1.76226414663681,1.57440000239811,1.54759497832015,-0.724070521866848,0.82558148588035,0.209874672720797,-0.573756906466557,0.975532371063004,-1.40899101889687,-0.366339733101829
2.09410702842802,-0.745370036830442,2.4224512027962,-0.155528311608082,0.827539897568274,-1.66724596327179,0.175234017720473,0.261619047724519,0.389459755346382,-0.995769829804106
-0.218714819271742,0.270879559641315,0.830678448655056,0.151905848765025,-0.409227670291989,0.55270124823706,-0.781875111283297,0.877559671149904,-0.360768995187019,-0.0978052934990345
-1.25904245491795,1.38949469924028,-1.85774693170585,1.12044839136883,-0.418474622015379,0.248363931071062,-0.826930929561443,0.118837550102587,-0.0151636686458709,0.85779803418426
0.0236545409226257,0.478468456746013,-1.94819130540269,0.684773586388025,-0.190603325894968,0.00248989587957055,0.22081192981965,-0.234181313688401,0.621083976539694,1.24082331905084
-0.156595846626231,-0.538250804764628,-0.253731830623566,-1.04421850600877,-0.735921958021609,1.95036674666771,0.588167269624141,0.508311196774997,-0.469735197819306,-0.903558283317573
-1.66009549886414,-1.65120326634876,-2.84062618946767,1.25197332301042,2.12150470538911,1.38735075859586,0.148842557844775,-0.61583443723098,-1.19278148648313,1.4731893351405
0.290514859539277,-2.45905503365479,0.189265721786922,-0.787274672256732,-0.469856439121852,0.894525268413911,-0.23531409760188,-0.205436843494822,0.404100317461014,-1.08665012518954
0.667869720723311,0.774453571336423,-1.09756910468193,-2.61624688041038,0.393206720890171,3.36396129008857,1.25631962129018,0.603875694327435,0.874941369969528,1.97981655829945
-1.84147533093195,1.41238641782762,-0.412501663165411,1.54506750897718,-1.11726799180502,-1.28566953247975,-0.793732618760042,-0.0863263666277159,-1.29435732862526,0.112836735765493
0.27027092611428,-0.11796017746172,-0.971314286075701,-2.16974398105023,0.189683178590545,0.890497945705514,-1.40149024863811,-0.338604673509596,-0.213097652990528,0.0581248110151776
0.69109249252237,1.71629929658867,0.395776596490435,0.312669477847856,-0.385242420295802,-0.405666384602066,0.709518400244734,-0.0181167944932202,0.0412397096602311,-1.1984733584446
0.700569111138586,0.720076707905703,0.438537780226046,-0.370219003704857,0.817584074190761,0.0195649395929084,-1.39801722376126,0.201944722605383,0.805456240861263,0.0110642928022744
-0.184128466530222,1.10629160319343,0.162040824949587,0.653996497698441,-0.0450112740144642,-0.89066546251475,1.19789382502806,-0.432016059137911,0.380275510377075,0.593893256623789
-0.0435427361240773,-0.546311258568829,-0.0755988461770156,0.249127687894243,-0.792933788280946,1.03187081255789,1.08408963995429,-0.274570881171197,-0.0861043785234715,-1.25474228076624
1.07914268143946,-2.44460531941694,-1.52219488125899,-0.263663640765079,0.108928202308779,0.73737715942114,-1.01868284895016,0.891586135763148,1.34635378452043,-0.641714641786666
0.795497714955647,-1.73788852460029,0.635470515166564,-0.584884376501999,-1.80906988238285,0.461121107405008,0.63183694221755,-1.0537172182788,-0.201358271362601,-3.85925863192439
-0.87047221099385,-1.32670272199638,-0.952892020196093,-0.681613012579796,0.247849984659797,2.43669696784359,-0.0635567174922246,-1.64054564405814,0.519931976941961,-0.728037624786681
1.07854084768187,1.07089356334019,1.65897245871976,0.692225800371015,1.4080701357112,-2.42904936060378,2.18997333323625,-3.45358805232168,-1.76110037749419,-0.268951982282881
-0.105611633818891,-0.522133291322413,-1.31853122065686,0.383166294815095,-0.735531111826061,0.317105695965942,-0.360584671254597,0.832892035586744,0.98697537711686,0.463958066331063
0.359663450794306,1.29808666146159,0.870378117034364,0.379480329531981,1.50684430607224,-0.60478348359105,0.283884661116812,0.143119852152167,-0.511721906007459,-0.27653376788168
0.516724732776375,-0.452215218856487,0.314531594626811,0.798447638008851,-0.155820717610333,-1.30856483516501,-0.661218507284894,1.24917331430364,1.49152765855842,-2.16213903787904
-0.772785490828484,-1.74798406066758,-1.52248856355117,0.640148139537131,-1.57355963628093,1.26342179225056,0.0173096722720923,2.4258368240123,2.00767172492112,-0.302349196960064
1.44459873286447,0.201501984063203,0.44243541583921,0.729079473297797,1.33304971164342,-3.54115684624669,0.818650592060401,0.95315193434117,1.7130302394095,-0.471685046129621
-2.09730090745755,-0.6725038552386,-0.954452968007878,-2.17895016034859,-0.18728751201682,1.69535165198538,1.12425313259432,-1.34573281318012,-1.48624681989926,3.01575932647146
-0.0388521100275606,-0.122715607463841,-0.313780133063819,-2.6190996960172,0.972928005661998,2.56382969426732,-0.819054674044759,0.682868038460579,1.42979938489173,-1.15233971667589
-1.0515095598142,1.30250299660723,0.630760647906328,0.0833569125708739,0.918950671711447,0.0167055940583542,-0.444777131289717,1.55409563133743,3.45964697998339,2.64481135933935
0.69285638564268,-0.690169798605856,0.785038612284033,0.662999314680393,-0.347348320417259,-1.17546909068957,-0.322798350512846,-0.682271803205345,-0.995527294234561,-2.88501441947038
-0.106238276395167,0.0363881826002791,-1.63793740251855,1.13593928769187,-0.0568732720980007,1.63176579299601,-1.19803083774781,0.823550523309238,1.11685372801484,-0.274487844113647
0.362307225651178,-0.497259957326414,1.40423974478533,-0.126618947429844,-0.408351046432593,-2.54437962947369,-0.826109148789436,-1.24261872580059,-0.726090241482247,0.241702718035987
-1.24549725365612,0.678380833932824,-1.70528797133029,-0.234656330849566,0.18540910798641,1.65013919561063,-0.67540860637678,-1.03532230535167,-1.36791505071413,1.21534617370423
0.43041905236335,0.718622797275491,0.83058284497412,-0.839565342863791,-0.897844783197009,0.580351266440001,0.951448899868863,-1.27555736886719,-0.440998635006201,-1.05176989983003
2.06490274799251,0.192065326454124,2.44337945939186,1.44558830089485,-0.223360965418635,-3.47796046558849,0.0440707478940081,-1.6225392080539,-2.49415482171262,-4.16151463496965
-1.03873966362863,-2.21002672644113,0.00897959107629795,0.296097215713755,-0.932847756569757,-0.997650776191812,-0.588454536160613,0.594499603940136,1.20412787375017,0.280476852205861
1.12178995754863,-0.721122189121949,0.400233151640459,-0.55541816687156,-1.05828841055426,0.927137436798889,0.243566797585743,2.02853570259096,1.01014345265776,-0.963981613727157
-0.689513622687433,-1.50579401886698,-1.76521621337015,0.360102404641305,-0.3458241713027,0.58696235885869,-1.18267885771568,0.25753526234202,-0.0480875531505055,2.4157837439584
0.287142398059423,-0.966757716221978,-0.435979707165609,-0.368409960035187,0.885363315985524,0.406657282344701,-1.57242963463826,0.498340637156766,-0.427624170705181,-0.190854092927119
-0.799648219134644,-1.24221040399239,-1.26462083434766,0.958381717276882,1.34967699416799,0.106479932838592,0.79213548398019,-1.66102878747058,-1.88186475043618,0.402107891622019
-0.737929971843634,-0.0527843100038721,-1.06569195481732,1.81719987564082,-0.773006046480041,1.19656242141251,0.679954862205602,0.889751978642081,-0.0607067518751017,0.134244903917316
-0.367139415736642,1.19111747621086,-0.533653888741458,-0.274110783098934,0.301142747372792,-0.0184635906545353,0.320054280149793,-1.39269678506847,0.0545334083579306,1.19472260741723
-1.60464330011075,-0.773244043278461,-0.762845284121882,-0.111922696557807,0.0163286979796087,0.518754589896772,0.0712100909207238,-0.555192721999217,0.443886066061817,-1.13041153362274
0.20167350887851,1.56829859274718,-0.0374798136734358,2.83873635249126,0.397867236113832,-0.81922656633092,-0.916435592930465,-0.442157685560071,-0.53177909751757,0.180367889132344
-0.443463635127719,-0.324042411841567,1.91250092411031,-1.36567591942855,-0.879838066648383,0.0795332039260551,1.45635088201136,-0.699443657105829,-1.762602562979,-2.29190751200427
0.198968329648567,0.956442824909567,0.330235958967981,-1.03038407948816,0.362608109150244,-0.7017657802683,0.0871812337041038,-1.52931798755413,0.861312110698983,0.826741897030686
0.293835343030134,0.112107569527145,1.52213339287001,0.333594892379802,-0.416943841360516,-3.28404968179751,1.26270895514666,1.13411417578636,1.31288099172939,-2.91042982178944
0.945849887187482,0.965423353394823,0.287256852496594,-0.842152553252895,-0.453837035848523,-0.468077215858901,-1.69810917335792,0.25552446367039,1.6105296043049,-0.471956762141755
0.152759250563991,-0.00789050291116197,1.57955352444061,-1.57025272747889,-0.664068686685367,-0.190245025863343,0.249889372970772,-0.137695591305543,0.363015070311569,-1.55126581548404
0.45783947492433,-2.07872455125041,-0.705834449307931,0.0722666307292095,-0.0871676197455926,-1.71413349864836,-0.575877063234726,1.11572049862984,0.924963567262419,-1.19628424338567
-0.494514511177316,0.0350645738276249,-0.917590138038858,-2.14483007015296,1.22082400091683,1.33089930427652,-1.67205290931527,-0.259896234090045,-0.488459838645848,0.0667870059395079
0.83378820993866,0.316554232430099,1.56641163761749,-1.43677089472106,2.05455894246029,1.02998566437124,2.40423570357274,-1.35997130796244,-0.555218765634161,1.11080767946547
0.885349957110711,0.55344919866968,2.32656264773014,-0.594106313404505,-0.452400212116249,-0.645495289759898,0.534826867206538,1.48605177106826,-1.21758649637318,-0.634718544573719
0.792295508555306,-1.47305229713933,-0.0199478893547368,-1.01617459433576,-0.807368727893057,1.60832917225625,-1.1603239158633,-0.634126866833886,0.464522673852937,-2.41678042263309
1.47179608756679,1.31506881813612,1.11507085739303,-0.404535900040478,-0.00119196746247078,-0.416475113914857,-2.70622997260165,-0.364606351140797,-0.445383448021505,-0.941153712762978
0.980417615594764,-0.823425502766244,-0.311971456808963,0.231689633617668,0.382939440516129,-0.660445845978699,0.680318736546576,1.03154765683781,0.803175408038815,-1.54263013957741
0.40835556601779,0.102342493296616,-1.23418534804854,-1.96334903045698,0.269886250457863,2.27425988724339,-1.04683638705733,-1.61337653811198,-2.2506071785253,2.15997889472417
0.481096519929772,0.5398446974739,1.17825719084481,0.16646881411464,-1.27177052860552,-0.585264887675344,-0.540823111261139,-1.14966885012199,0.14666306803259,1.36066432346204
0.667135688346297,0.443702681419599,1.66037354480157,0.0318928731609265,-0.64509124148164,-2.61779148763939,1.21340178291118,-1.06306068398453,-1.33496722218883,-0.0320954726763396
-1.14978507604373,-0.579253626277579,-0.956335346926174,0.132255682287851,0.25349464372893,-0.605042762652555,1.27324169422232,-1.05544877553958,-0.0946649469370975,3.81081927013664
0.122997237041541,-0.875050477184245,-0.638100304968588,1.5187304697221,-1.51882676290546,-0.790593683043149,-1.84218721132647,0.655291277366221,1.79648221349987,0.431303860573415
2.17674219389398,-1.09157808888126,0.292062514900708,0.554659311505244,0.904741861950862,-2.50251251976791,0.413817173212033,0.555825715108896,-1.56174987302559,-3.7323166846551
0.163517232861582,-0.330642947284373,-0.0319221298337757,-1.53627293688542,0.135520341470551,1.50669006465245,-1.59677383627229,0.238961517379886,-1.32401787856827,-1.79757540454399
-0.101372853764945,-1.68100062670781,-0.818844749666351,-0.318306098726534,0.432563687501532,0.0412393889421805,0.410406277019115,0.257917233400892,-1.62873235854371,0.402451708216656
0.102323649153678,1.31559264784491,-1.31952000501374,0.127050575635269,-0.0336890957006512,1.48718249799596,-1.2668269747477,-0.585184715924792,1.34268995342983,1.62408306239699
-1.62052441908211,-0.132118752993383,-0.752155902247865,1.12452578703336,1.4594874500035,-2.48272837257346,-0.30112741223884,-1.14760461292711,0.00597126262815717,1.38951407282963
0.30016901924487,-0.454797775365625,-0.133118334176457,2.16059193598467,0.305937515046291,-3.33835355884387,-0.0443982964557549,-1.40317410043177,-1.39110161787243,-0.609882498890295
0.0794896687447071,-1.6350089668083,-0.639906797389747,0.629312397985002,0.0256931064667254,2.36742954571517,-0.333430296988732,1.25579250716537,0.793960786795637,-3.18529217533005
-0.963144128129531,-1.20238955847812,-0.923847628143212,-2.56080408575524,-0.883568237562171,2.32963252192188,-0.307176512316774,1.41929639891996,0.256973633873165,2.33985186732984
-0.894017536089871,-2.42464892058949,-1.43999195028344,-0.250508385506398,0.907555557580297,1.9434725856338,-1.18918571130014,-0.995152111164187,0.524977549546969,0.880021673651702
-0.411454171658801,-0.460331121380743,0.789614236755704,-0.276467738364483,-0.0998077892818384,0.00813974186830554,0.143870862777529,2.24401306537526,1.88554392327778,-1.34880259543108
0.41055975658332,1.22879225415453,-0.82194601149374,0.535086850490429,0.0246935090663283,2.03705607404194,0.556393208057772,1.8275102237637,0.444071290418593,0.429558668239958
-0.501926024499898,-1.2505656672397,-0.0376548611344156,0.490125218999261,-0.209280238906229,1.49379898486077,0.683368640077689,-0.616786740502435,-0.240306832884559,1.4886528833031
-1.00958179673163,-0.544111123397915,0.845804351288137,1.70772697680531,0.852587145715899,-3.26518138625839,-0.343320032692032,2.53187348058717,4.15300054999466,-0.823230049884457
-1.73271477245537,-0.160781999542741,-1.04571852389576,1.6829676910299,-0.805989405185243,0.977660250788013,-1.47007882952907,1.4361291358594,0.896900038596953,1.58182705218521
0.212895867727821,-0.633336427587252,0.532529101985626,0.673723375122766,0.256244959207648,-2.87496579007423,0.970345168917409,1.10584870457204,-0.736361086857413,-0.386154060362545
-1.35442969287703,0.68275995189434,0.569508874436393,-1.31975688031802,0.310593766354821,1.19784727891069,-0.881674014391253,0.671059057424058,-0.301195804075947,0.524893797612238
0.258279693821685,-0.938465453891574,-0.202980335640759,-0.695720370796402,-0.332363954503798,0.384738835245482,-0.569734618506887,0.432639615964303,0.570784028921713,0.893390417767592
-0.699583787981199,-1.16161278289334,-0.961581011243511,0.977301343395928,3.14151651718082,0.681388553751056,-0.555234568855029,0.243600421030287,0.227532312804939,1.11448129685878
0.309642609168645,-0.336675187797576,0.685556469619813,0.441164263755153,0.491752270404367,-0.186546986532989,0.0369842514875963,-1.15489893396658,-1.00418901499974,-0.552032690241481
-0.733033155295922,-2.15951268244854,0.267558072126059,0.545764104696125,1.10905421705921,-0.642619503094308,-0.640552387925239,0.825985387939705,-1.76829280176484,-1.72839623577699
-0.191728986018236,-0.756750805316273,-0.282753627312037,-0.858456390810048,0.558679452178075,0.984129001222273,-0.697555485147274,-0.624232783611855,0.173608756295618,1.6573538087228
-0.162338858758065,1.07689725576713,0.965820050240081,1.13771805061272,-0.153457556161634,-1.72945761224722,0.353572077680073,-0.340072890745504,-0.693799727826999,0.380361508484235
0.170878733219868,-0.856918776954576,-0.235097675745526,0.496538856948574,-0.489458903294924,-0.349188771683763,0.214780931910393,0.0582785548844584,0.227740778095961,-1.89024846869505
-1.14507643028012,0.718869800416912,-2.87229243577348,-1.62998991010478,-0.270297206882846,2.47892790780098,0.22168558834044,1.73470347344064,3.19866052648189,6.07594969809417
-0.339341136393894,1.23551481956269,0.241291419470548,1.06755250768547,0.855910935741385,-1.10072680412362,-0.483250662219681,0.500343120693548,-0.356005882950232,-0.525343750581036
-0.827471585948215,1.13102606976395,-1.50465450991425,-0.887235090004315,-0.373572468560263,2.28856021548975,0.0860755749992599,-1.3192211432365,1.16480269903058,1.87415927758889
0.949377986654446,0.793930507494396,1.05594071961845,-0.159182016423739,-2.37541940337072,-0.895377327614537,1.39794528569008,-1.53202039900028,-0.670730195732644,-0.740450517237081
-0.721585365893487,1.44361492717582,0.634358511155771,-1.9989372135754,-0.0728745851418876,0.906791647908403,-0.996163590333235,-0.19852115505025,-0.223016055662376,0.245130357808899
0.251704168177875,1.25057417202553,0.600334198266509,-0.63844508805908,0.0704354233571875,-1.19798774409875,1.28400503980232,-0.968031756494808,-2.08550137953445,0.855070891675049
0.984370835266115,0.119096816045746,2.2812851536823,-0.136607225004666,0.0695957731007172,-1.3149745669946,1.30285577497464,0.144757263597054,1.26956424351624,-2.14640242818769
0.347543324951661,0.528559473431711,0.773428689190608,-1.06360084382056,2.38732392752604,0.265645610203937,-1.53716908300524,-1.20007397191958,1.2728442793756,0.88348198109467
-0.938911671273693,2.19919101050252,-0.673946746742459,-0.229502781280169,1.36785142777455,1.55887461499698,-0.475856559404158,-0.559011887834485,-3.2097804811265,3.34900039104085
0.0925393440503996,1.43217418996822,-0.425075290365423,0.260349694742736,1.40254574434537,0.463238381598032,-0.138872158447198,0.206751775575604,-1.1405959619259,1.80576664905549
0.867133133773589,0.818503117389184,0.492948696238238,1.18097254591688,-0.288272195305216,-1.64593011906815,0.419126393855458,-1.19699333083371,-1.73857907755689,3.20550785361166
-0.66871284283866,-0.790559507808569,0.671582529922161,-0.0687772466008099,-0.862680008930441,-0.655020305356377,1.35502993363746,0.589478333879833,-0.166857908920703,0.937599847300264
-0.357128978842063,-0.943148552305698,0.554261317769786,0.525453944692987,0.644353574178223,-0.301914081270988,1.25057823523852,0.185024809941896,1.69748875291365,-2.44772638306589
-0.272517687030535,2.27527095120728,-0.354299671011498,0.141170091899982,-0.284533694158891,-0.723041995278864,-3.34380788001386,0.755126135724638,3.48568935636583,1.14969226723474
0.640880151694226,-0.0389963223842545,0.800647561669342,-0.181066064438102,0.374952626785012,-0.487141674612801,-0.836266927641151,-1.88851298766282,-2.59447168000783,-1.33768936123416
-0.760702288269079,-0.162363734679121,-0.82984718104637,0.373185294236247,1.79515600969528,0.43236788647846,-1.56292797632765,0.383689049893872,0.518709346205735,1.91412958727585
-1.97321444157013,-1.79801835506245,-0.463195501210319,-0.26031668515254,0.227688909931195,0.975411577478504,-0.174019945702128,-1.22133786682398,0.421832153287974,-0.553308222639281
-0.814715337543136,0.0513409426387547,-1.1102203888,-0.240442372289546,-0.0222414442694522,2.87056862993764,-1.81026457544045,-0.249007187926141,-1.04572588456466,2.74287433893789
1.08001671586592,0.765885349299764,2.39126141836883,-1.45155635121896,-0.916539714806736,-1.02901813596114,1.40317091419969,-0.320918704980248,-0.973437530190702,-0.759865441759268
-1.30444081832838,0.846648771228738,-0.542340478843404,0.715786458319674,-0.101699884146488,-1.78797793496014,1.0845936562123,-0.476589874283571,-0.455735522098739,2.04547484551509
-0.767018040562853,0.839880219408687,0.473609183281948,1.04044262796912,-0.633817180829216,-2.17555892719075,-1.02739492161135,-0.54045272682752,0.732962991949519,0.188020381691141
-1.24708716001401,-0.149215276892785,-2.12020615897103,0.99000539541911,0.29128185908649,-0.0880365408723513,-0.764256838695395,0.350698013085339,1.39059170793182,1.37444030874994
0.699797266779393,2.80109568416191,-0.713416119030837,-1.28508504546174,0.666811065341328,1.66070719708867,1.0120706663129,-0.0369734965880113,0.0400227471683577,1.16545151824945
-1.1608861557966,-1.54430297424661,0.260990905278021,-0.280351427319027,1.30446723065997,1.16972698419079,-0.192273837589047,0.290111004408419,-0.580795573481504,-0.978397244131917
0.568475282559635,-0.656633264327203,1.37143933766556,1.12894128835478,-0.469362065669661,-1.87768203257535,-0.952091796732357,-0.739626381725894,-0.979826391914432,0.0922610337687167
0.334529035397943,-0.559034998841485,-0.449860393150613,0.193038889562406,-0.863745657033388,1.00904468642883,0.489527905433261,-0.506375564366002,0.45982024212535,-2.46745020128595
-0.228152494827168,0.685970856953113,-0.496403623369013,-1.35962262472821,1.39062158866337,1.67905459176991,-1.18029492297804,-0.00881120206428786,0.156228760031133,1.62423489533204
0.503256344933289,1.78519603668035,-1.56103837053263,0.566589294400904,0.103715405236803,0.320042881930496,-1.20811033107007,-0.454821114086177,-0.315576334539381,2.58849129812232
0.571293463804249,-2.52202056160895,0.877285510549076,-0.438736955306402,-1.00822439200229,-1.22743648777392,1.71474034889587,-1.10678268351117,0.587668746654761,-3.13408789460687
0.115696054850358,2.71854873409289,0.725355029321407,-0.0629118345057316,-0.647022588827422,0.362092574152527,1.79279749594128,-0.0470460084485214,0.692390484688685,-0.184366988756777
-0.315629783673793,-0.404133892915654,-1.44089529354854,0.134674716072512,-0.354939984487257,1.38771558726557,-0.20301215978201,-0.308102818583335,0.215868854124047,0.376672339586828
-1.91943415812892,-1.5277572168253,-1.37388622495173,-1.52430167823995,0.256341696459932,3.12144875570216,0.117341269925995,0.815756224996181,2.25524758287687,3.3089288273943
-0.403357276102659,-0.107872033251677,-0.353526196707842,1.28484071789746,0.143605427055472,0.1289745528714,0.736795883495464,-1.50440443196113,-0.91338259724249,-0.321902605540384
-0.0399453059203834,-1.66995032428923,0.779444697817198,-1.43694603054672,-0.891003584554506,0.851508923972614,0.563897735245311,1.36253365878342,0.637636178859571,-0.0137302002355459
-0.967758349155888,-1.33251042175675,-0.270277801611368,-0.371201691792768,0.889850912228962,1.25222919461078,0.705430261379553,-0.275097256506835,0.492171264555007,-0.912554346937895
-0.0342006182054172,-0.837073178208325,-0.195156032053004,-1.07335034058105,0.900326284479516,2.15498629493126,1.08121063913712,1.88888620243681,1.03976239125828,-3.76037265748153
0.461140510389946,1.29396865061724,2.41599001550038,0.763960406886565,0.0134824382324579,-2.60275975668528,1.11822064032238,-1.25930411048317,-1.74228062994599,-2.11242007326889
-0.254530459369388,-1.52943890265246,0.0166628620842806,-0.868742929790904,0.412515617074695,2.44892216448252,0.984527773154352,0.603299919444095,0.0669722107100972,-0.151699560350653
-0.503510506596671,1.46937584816773,0.827729218603389,0.776442886008332,0.539860576155841,1.21496842508028,1.28024137922207,0.0149585052460916,-0.649128580844256,-0.682817514511213
0.179323300167491,0.0771510546668524,0.488429214672639,1.1174527192019,-0.610764271704457,-1.51907411949236,0.863860681804876,-0.310629840906375,-1.66911165489521,0.638752957201834
1.14996613711858,-1.13217379862118,1.52376328821383,1.02126326595288,0.659923727830556,-1.77085571477086,1.79172948256477,-0.689740325051031,1.63660406667231,-1.80520795474424
0.585458250822125,0.689520557106465,0.671731459820422,-0.540716087734017,0.308167237560125,0.70753563560824,-2.47991846478045,-1.86053973851227,1.49957830784404,-0.346023456610685
-0.530026709764391,0.577729513017571,-0.424959282600504,-0.896594818336397,0.552347728517863,-0.108703609153086,0.80933445572575,-0.472414500416329,-0.112932058346044,0.618334183204233
0.00802050484455484,0.230225780335935,-0.575973297745153,-0.811322128763594,1.11067076432031,3.12704481129692,0.930753729312903,-0.111848806073484,1.89910770836683,-1.67543636398723
-0.656850874647101,-1.19666407822413,-1.88447407978976,0.293117069663428,1.64157523736892,2.50164344887762,-0.525943515151573,1.34932418375487,-0.341724941666998,1.85968355275108
0.26661180501494,1.70606409402561,-0.237769954467807,-0.527308307418015,-0.0601601399882535,2.98148925041373,1.60051405355827,0.145060815269073,0.200746911309885,0.191519261470555
1.28870477008879,0.862485990024613,1.43186290047522,-1.6506658911495,-1.98664151568781,-0.197294000331119,-0.855402265786434,-0.0376792191957823,1.13092504527882,-2.38615581106018
-0.297232749306835,0.709496537811301,0.435095963669708,0.904997608805028,0.16188063491565,-2.38921109330144,1.66273714014225,-0.168726487104648,0.109036082475186,-0.265744121235972
0.197157264336,-0.83927742530131,-0.993182264188592,-0.907838749937102,-0.262104703304219,1.14227538582956,-1.54578643763149,0.0982274801525115,1.54879260239719,-0.00890338002473738
-0.0257325461505158,0.612512613174284,-0.476801667559495,-1.69378680632308,1.59870237265515,1.88429588646879,1.16295119339657,0.3700690882428,0.487845055170636,-0.669351732216052
-0.162649923188738,-0.943950756508851,0.395577439487396,-0.543841353899129,-0.126851908559363,0.481863591639499,1.24268328660362,-0.686518889752232,0.245037939676425,-2.33368892310557
1.90724935124988,-1.571696697854,3.24787278222688,0.176152788099973,0.93880657003134,-3.01415635769909,-1.20022557203594,1.63192850754112,1.23634263319754,-3.25589035014194
0.0269201338846627,-0.214809915943302,0.96135989781515,1.00919176712316,-0.770993051227989,-2.23902408681526,0.0376511056516654,0.416244366897925,0.822414830657967,-0.670189252368272
0.144142719906788,0.914161511450957,1.26852839864211,0.830209220285517,0.874397242613497,-2.63103272635709,0.148776226959151,-0.312003795027209,0.858609438471532,0.970521630757283
0.855090927178266,1.01590042225607,0.0963774416541076,0.887117136043143,0.468948041100069,-2.31348706087477,0.060855897029035,0.500323387083825,1.54883085378957,-0.724209847689793
-0.110849798086707,0.788682552896897,-1.04769647051063,1.16017253175551,-0.619530835841188,0.229771673844,-1.59280190605163,-1.65302746143431,-0.178284606147557,0.527871560131852
1.72450012077041,-0.832778014443724,1.97906465702409,-0.953701482782568,0.0765894196388763,0.82230909980274,-0.827990179735666,-0.798339212392124,-0.0479546861626992,-1.8314234799143
1.44047286959953,-2.81047963759485,-0.500462740707741,0.261750845900424,-0.698171978744518,1.95085363997653,0.244457494023062,-0.365206728944721,-0.602700717864792,-2.17549823564208
-0.333279827084149,-0.231483856320062,1.34175276007115,1.10538644870534,1.25167553756796,-2.17896890068816,-1.31904311178795,-1.51419118201263,-1.70885409100564,0.297488410360797
-0.255220442089678,-1.90914294854683,-0.807441744506933,1.33817013344285,-0.678303592378523,-1.75406989104974,-1.1168447450601,-0.510220915843963,-0.865888710794977,-1.56489914886351
-0.690380053767922,0.740408222335636,-0.164259322038234,0.12562053157441,0.00934171631145111,1.22156680774194,-0.152399015241,-0.356263199928084,1.79363861582521,1.6649742889728
0.638042038298358,-0.297847103803291,-0.421130585661576,1.1053988054237,0.122040809662569,-1.82556418931316,1.04661995957708,0.101205685242548,1.17690824338558,-0.17506594040726
-0.119365641326546,-2.31242925154423,-1.09035888811549,0.0530455974527245,1.08243447568756,-0.194445516516273,0.248889262199554,-0.340715479604581,-1.32479872918868,0.152667741222194
0.00059248937637274,1.30166917171992,-0.613589567961107,0.622824706721777,-0.64278064162634,-0.716114252511909,-1.85630230739605,0.123563154493703,-0.772890178645927,0.692939107355502
-1.09961201594231,-0.208904690628909,-0.193308870597734,-0.45745473990127,0.234562002052593,0.5577830277985,0.608385702292672,-0.0137342934650289,-1.00518663517768,0.363278575488681
0.000212611826924912,0.783203866995202,-0.107101896811523,-0.193724372939659,-0.515435547473423,1.55442862883589,-0.684465114480551,0.198783250136793,1.93367077955577,-0.663711109408178
-0.898510221482341,-0.295195743796813,-0.0050121220813425,0.755426134562712,-1.07271499108238,-0.639615304936313,-0.0780463581516101,0.84005034189538,0.255011717511007,1.34565939727806
-0.637562797422432,1.48166089493792,-0.582205409683921,-1.47726799547302,0.652607601949642,1.3109479657913,0.694227608322429,0.255855555584362,2.0880502355744,-0.26654395806391
0.0844330230950037,1.32668020120377,1.16710573125009,-0.59426797462658,0.784160784884639,-0.342940490556852,-1.85343659573204,-0.248532507857991,-0.307274057176766,-0.474008542109755
-0.498670291900598,-1.70691659677328,-3.85409460945503,1.06875472181979,-0.0904182421838098,2.55568089772837,0.492396713768808,0.447624471054556,0.710019422919845,0.701567434572298
-0.846986716800935,-0.920742357340221,-1.91808261819655,1.60319242149027,-0.380362789138844,-0.220106887869139,0.455963700044949,-0.486261584920763,1.57056479971952,-0.157361904291475
-0.173388173899861,0.987172534221491,-0.70505082282452,-0.114664623667132,-0.389836313105494,-0.256765832201438,-2.55488524222655,0.0509697403070066,-1.20084460296903,0.107150050196599
0.427638333215485,0.0621863720752997,0.321494489482847,1.65707573285841,1.10035366423424,-2.36705925359329,0.694807039767691,0.552158825649918,-1.10834979305377,1.87539361079886
-1.75775250134034,0.188360714561495,-0.92820650310615,-0.374155466471202,-0.293335680142761,0.692832446834627,1.28609858475144,0.484051870685156,-0.154874439511135,0.518847542978543
0.668748142707178,-0.798285656283951,-0.279757332793672,-1.63233499404426,-1.01428825436822,0.00891009702574364,0.920955648507561,-1.55315638100675,-0.7809412040344,-1.14453168753786
0.0596763563732719,0.808976676062934,-0.489495488597756,0.262612975756886,0.0825525963880692,-0.598252130777063,-0.292416765615567,1.73386171950448,0.278629893198706,0.0993267862353041
1.09990377852548,0.0911054595767361,-0.37348073035542,-0.23143876057643,0.145518872131629,0.287036335039746,0.390324494871541,-1.89414382329147,-2.40849367370829,-0.55395121391063
0.949104447789575,1.04142891083224,0.785261251656348,-0.842040547728832,-0.249854961179394,0.84005533677181,-0.0324107332164785,2.33779661497167,2.08751186553655,-0.495861745033782
-0.346848185928145,-0.0146605085740785,-0.46704363426448,-1.54874661733237,-1.27071860382224,1.63084667881852,1.22336634080257,-0.0298257177901514,1.78290174097489,2.09037156465715
-0.000877167138814068,0.979538346097852,-0.619357623778895,0.215105706271307,-0.283292142284637,0.144255231694978,0.0464154296107975,0.761879424463104,-0.799585144412119,2.49963942061574
-1.21904451555985,-0.791501342384993,-1.16820962576036,-0.684419884429756,1.10241434955862,2.35851525218008,-2.1841426735404,0.946683081056419,0.141648865840723,2.13304910084915
1.25611936741138,-2.26281491017112,1.56847260505964,-0.664263894422924,0.640229717144186,-1.43926047817684,-1.00189338499612,0.109148820487099,0.136098409263199,-3.73269012714068
-0.770191803613958,1.13382922429801,-0.261805727127997,1.24482196870862,0.675786536569774,-1.28560119657663,-0.578201707732943,-0.355443802232163,1.74125430920985,1.12979259942157
0.703227871381899,0.961189914067358,1.11908619595366,0.27664271705366,-0.190092889367956,-0.011130206194413,-2.494831143244,-1.44712417575742,-0.4398119942157,0.20681472836163
0.639630376559596,0.989044171077299,0.644414259037362,0.911668590860149,1.0795939344641,1.12166612446495,-1.5404715947725,-0.854375403930723,-2.49686461718405,0.559485659947841
-0.633941628624972,3.08262967295723,-0.470795345732929,-0.487616903257002,2.29648902739584,0.34784548315235,1.49422991766258,-0.654716089601618,1.80958712696747,2.00690678458735
-0.892189781819676,-0.0942843327833565,-0.171009019935877,0.143709271246358,-0.255658604384167,1.06465675182069,0.55303980365796,1.97812221451043,-0.429894197667505,-0.927491257467407
0.254084932520557,-0.860624254540522,0.109850966554731,-0.449610335615624,-1.12985596707285,1.79726325936451,1.84925457066464,0.000474826977874487,1.02503372190447,-2.86796410243045
1.28106760757735,-0.892626839684712,0.791023639860658,0.070621893474089,0.516853610387159,-1.98043836470208,1.05355214238035,0.335260401137677,-1.18664092843828,-0.28883935296519
-1.24684133946903,1.69564606525204,-1.85511898803299,-0.23195029942356,-0.24300277862814,0.039602221477167,1.37889839218735,1.53799988883173,0.752289146966652,3.66597976125998
0.555030385107299,1.05608181016044,0.641674415550641,0.287337585244726,1.83298584234478,-1.72731976770604,0.333210987730072,-0.354129239321124,1.31219722743964,-0.847554422100404
-0.870996331174583,0.451449725447059,0.850977512451375,0.00743663658142762,0.0472723736888646,-4.11390980897027,-1.43569172814379,1.63181046290339,0.806153739159299,0.561503239155523
-1.17623399047428,-1.85724885910039,0.752421201078285,1.55759982045443,0.68216492704564,-1.78986022356778,-0.755546678333432,0.716173696160111,1.46014419516395,-1.5440864355027
-0.144601903772873,-1.38874623662574,0.58446035542329,0.427009311710543,-1.19448856829132,-0.0637078339417691,0.659041244992571,2.09936333368286,0.932343783318864,-0.42623124964717
-0.714169479656285,-0.461129179842241,0.492785226898571,-0.207363140335709,1.16638368664991,1.91074991716711,0.854125989439108,-1.11741150218566,-0.635694951632204,-1.56519227459963
-0.285561835278297,1.45699059117289,-0.841183164494575,0.155943799899282,-2.04200122564779,-0.327806880434866,0.527336098723745,1.18623137219808,-0.0639948781220001,3.6084534659397
-1.94778592384761,-1.99172501325124,-1.1424628307421,-0.020135404136761,-0.459099443151154,-0.0934511007359814,-0.971316010185401,-0.0551344938074794,-0.656095894083372,0.671222709858723
0.286045049998925,-0.219786639404207,0.369039068333961,-0.0154056254598438,2.68262843899396,-1.89521193177159,1.21366331722474,-1.1908634344814,-0.563911509269001,-1.80818658772584
1.77897399706831,1.64016333979074,1.544822333195,-1.48378237482815,0.492715948126742,-0.990825101848295,0.170342440136109,0.672282668724463,0.202645716760118,-1.01612067808839
-0.738711728858498,-0.344014376425068,-1.37979069383649,1.63060682608528,-0.582984894093744,-1.24009060669109,0.805107907976759,1.00245087309467,-0.0495050336002482,0.776237166513505
-0.932350356590165,1.73481299638091,-0.153222559388258,-1.26958226801754,0.857936483623714,3.45866282808089,-0.606270292101252,-0.939487985267839,-0.49297638333399,0.685977785104638
0.546052614415134,1.6344574855623,-0.0404122245403644,0.382088131083873,0.427009576892192,0.302435275446994,0.76654864384164,-0.474698687477074,1.53218674939264,0.834994640025703
-1.35301334256155,-0.783998882946367,-1.170484910624,-0.633711705137205,-0.663716039822996,1.1098154124359,0.944048393299679,-0.164255730272183,0.294872437927127,2.00992578626238
-0.692436733636794,1.81030616166422,-1.99475029577856,-0.588500080826352,0.0246158150936413,3.38911959813099,-1.33595114666798,-0.626773062986806,-0.0676990214659889,3.24755064316438
0.423030152856383,-0.235639644239222,0.794118728856025,0.302857288141457,0.508482563919453,-0.508241717859335,2.00495318288904,1.79641765531904,1.96109082022219,-2.01324900705397
-0.461841027034611,0.875025494959179,-0.51345692317254,1.74896476043906,-1.72570646553718,-0.274711899429795,1.34479015371922,0.170080620551971,0.487772602528496,2.49106243390999
0.0343929921296372,-1.24225918678279,0.585907731442399,1.07617029482963,0.0183488694151611,-0.752219626417947,1.70055538316174,-0.96136224431382,-0.795221479972399,-1.78708851105603
-0.62473461186562,0.61656510927362,-1.65017239984352,0.930254678148418,-1.71471537485961,0.462164578076787,0.747446197128124,-1.32869529883587,-0.919391314001881,2.81222272196868
0.221393195202173,2.15624005117581,-0.228503351224978,1.87825156937123,0.0647611924383793,-2.85966064617753,-2.05472805656677,-1.92906933210666,-3.07637222118119,1.63335315862328
0.820037305618321,-1.01723751312895,0.318010063107799,0.338569946388833,0.0179361507810467,-1.31212328692356,-1.15777907367214,1.00795084678258,1.98471655634346,1.10795333479507
0.484628360943942,-1.04078006239924,-0.0344114188345548,-0.634169362398388,-0.152615986718691,3.38141489910156,0.834617540233934,-1.30258465816018,-1.10931554652412,-1.50000244563373
-1.93292283535441,-0.160233188261604,-0.481975950869848,-0.474307239942936,-0.000412806292744278,1.21993787994594,0.273451058736043,1.20582479012804,0.603343263871756,0.964064356211718
-0.552576627001035,2.40428103551284,-2.25912712777256,-0.325417061449966,0.249079594684476,2.53897906551354,0.475755395892751,-1.73374201288027,-0.0376970586195622,2.91463087826636
-1.17081017223153,-0.491824047581238,-0.215860769759226,-1.11566357638553,0.20709517639461,0.449214039324037,-1.64952710701375,0.000373881557319766,-0.994893138317337,0.601794013499335
0.694463513342244,2.42983633093491,0.616332522458741,-0.280693893171701,-1.94745011721679,0.859439193447561,-0.812898463219715,0.104699143760476,-0.781694122270248,0.855745217626448
-0.234247420275859,0.443313070431367,-0.723056181381269,-0.310309211759494,1.01952127003529,0.498319864212249,0.661156787540761,-1.52285713295008,-1.02608591832652,-0.625639831014228
-0.709582151875793,-0.306741426547121,0.368400670540464,0.260990508429651,0.268073117866332,-0.69794881578922,0.875510842898586,0.183734958551309,-0.74736917210026,0.940468922680648
1.41485745894367,-1.15884390850359,1.73325977738287,0.958368240334029,0.387995171121487,-2.49646720267764,-0.683554585464874,0.744808207741148,0.918799588880114,-0.848045202763335
0.134827914002114,-1.3756986054227,0.565952202701998,0.600168549171837,-0.642604046671207,-1.45642492137034,0.312224454712165,0.547994425369076,1.56571795176455,-2.78993694957499
-0.566412211704805,0.121935894724293,-1.41920301483675,1.14914187731033,-0.834108317973452,1.1669354973111,0.625534587911253,2.2164206463475,1.80967936974126,3.6570067103201
-0.285065553116148,1.64809131718107,-0.497937082077867,0.495127003281053,1.11084433979814,-0.156134749538881,0.652332474234778,-0.0266653140856823,-1.31826971202598,0.115429869881226
-0.860100035047002,-0.497241498939936,-0.296917502344032,0.0371060088914619,0.679320519167695,1.81052013029122,1.04402486802839,-0.774856140339555,-1.13392185951857,1.98232636890463
-0.444022655303831,0.297554201294031,0.694674664826696,-0.927886349666766,0.27609976844548,0.0333094010928981,-0.0784206299739472,-1.53156726540233,-1.42673857462279,0.715554572682543
-0.897809673789089,0.844828658661982,-1.32688204666836,1.32745985003552,-1.23735537185932,1.77734444311875,0.567265352206253,-0.787872078998003,-0.184174224805898,0.641768253070246
-1.2001068567694,1.12112804875938,-1.3384937986418,0.58174897667977,-0.570630984019429,3.03558672787328,-1.62506595674031,1.24828100567022,-0.00431066381603284,0.050897404971799
-0.897968319077623,-0.739915933925311,-0.458607135809821,1.93485018798309,1.78311113696882,0.668984515898534,-0.185402109704522,1.61640454717573,-0.133483226955498,0.296114648372709
0.851226583080003,-2.0616908096461,1.77670766004577,0.264344226866874,-1.00573775901328,-2.90193312812516,-0.0662800662578144,2.06922150493849,2.10412001270526,-3.24337863360137
-1.28615037978016,-0.754171447145998,-2.84295012031077,0.492532814123116,1.50792311748764,4.39833094133894,0.733286929268181,-0.0933779961994638,0.610630171690751,1.51001240279066
-0.767067371733039,0.77596054491038,1.85029079046394,-0.304337859493138,0.0112061810023113,-1.08462602595456,0.390934515467602,-0.12918223318578,1.53510860529136,-0.466209357748351
0.678368913804979,-0.403408058181625,0.76474345452911,0.352856793795764,-0.49366143176159,-1.00189216300317,2.70641351203088,1.09258648939082,1.10565722089022,0.276202381928996
0.98930884290816,-0.538600747386737,1.34732578529109,0.82759506029599,1.34416233435259,-1.08697539787202,-1.86259104398862,-0.606123769343894,-0.172803794598935,-2.31494989486198
-0.532100806355347,-0.0549104013094023,-0.32929838410296,-0.00687079384524891,-0.91653716014606,-1.1878620646282,-0.907456409366793,-0.760593835467525,1.16560666860124,-0.319170085225489
0.2894924802206,2.09278187044692,0.0150305037984617,2.57822559907154,-0.339009691815464,-0.761313640669881,3.39758322932761,0.805212042351034,2.23470732389264,1.85668064433215
-0.49710122662256,1.81494882697467,-0.186308945286897,0.483687905825814,0.693290970286783,-1.67131753233155,0.724389134577,1.17197874704449,1.57401268254088,0.00186715722513311
-0.112295854075649,-1.59674758371695,1.18433795504764,-0.274755868347873,0.576049055955118,-1.23411982110675,0.0158577811901845,1.56012432688493,1.42090026078887,-2.31349227486248
0.143118910260216,-1.10559403139201,0.545546976854868,-1.64689621566139,-0.171569061685753,0.857141521863665,-0.380453996259937,0.323642416318097,-0.853639071033487,0.790257289400694
-2.10082146443469,-1.48243449080426,-0.895241655668383,-0.571814834067726,-0.136028327411965,-0.183040722174483,0.418543754764235,0.366298084195275,0.545868278134772,0.759102894789645
-0.612948827971967,1.38061735608941,-0.713568626916776,-2.21295640237142,2.33265924982834,3.31272767095902,-1.05906101444303,0.395616031511092,-0.184583451661354,2.4890890722315
-0.303994666136005,-0.633004960091346,-0.75280647067683,-0.25222730028957,0.141890491666191,0.323354231682505,0.609126968980091,1.70665766528389,1.4281611672848,-0.0868184011699535
-0.500179448430847,-1.81288838363427,0.776242096219552,0.952828061179251,0.185608018713223,-1.84438036330371,-0.370043521797269,-0.0190085870365426,0.479823664774096,-1.59103270237736
0.204293747819107,2.42057668463953,0.823002702975433,2.04651097525808,0.750569330207717,-3.36471136267377,-0.579236093894716,-0.747962935343568,-0.642156539658514,1.74189038677742
-0.318747287991453,-0.363373916245015,-0.937223594075612,0.842043060659098,1.23411673753726,-0.914506004016582,-0.43748979438866,-0.435969511211939,-1.37722258320689,0.140349279834093
-0.648688938905765,0.762058784514856,-0.393343663412425,-0.829512024181332,-0.196456903127961,-0.0592111130515531,-0.401411077034134,-0.141271206454955,-0.867614726229414,1.2613023987681
0.634831798611597,-1.04400077489943,-0.375805761541431,-0.893430209132612,-0.351027028029499,2.73452125776226,0.640566828341572,0.291917722847386,-0.645011671345538,0.279993491259494
1.3918908626078,-0.755805787203591,0.724899108355326,0.191780382371477,-0.366648164387149,0.375505064720941,-0.861952572064937,-1.61831053473281,-0.882025437116211,-2.00594365414377
-0.586374296460552,1.13704959842079,0.928053188745179,0.718063073334982,-1.68707133606656,-0.587830952010004,-0.184682304626714,-0.878178063964175,0.288639812961492,-0.567024625737604
-0.715874215717001,0.42464385871428,1.0069222774288,-0.112279083046096,1.06658695138541,1.0425773553696,0.913117244042943,0.78842582674396,-0.598207147270769,1.90708741462043
0.467142489350031,-0.328364765015116,1.06723521265046,0.546329293753277,0.0763031724258106,-0.412777181200949,0.11290995935237,-0.195051877692773,0.155176160530923,-2.81437175954644
-0.410658212158959,2.15436472329297,-0.193233583082893,1.40113652606678,0.557004196947058,-0.0806707442975194,0.195061403863437,0.966550076570049,-0.697926040378827,2.39255050552884
0.0905552968863317,0.163632676675404,-1.17341973814905,1.4075352329517,0.240061854267587,0.476445769327559,1.04755167015255,1.11340301725226,0.376058930036254,1.39883340635713
0.189307670932759,0.1367991578928,0.770752594783349,-0.0150675398479028,0.0759063797896987,-2.24623029044448,-0.842073663093334,1.16760116494525,1.27318959029086,-0.268209009756469
-0.471755901827816,-1.12630933492765,-1.07801319694742,-0.80014781137647,-0.200262344436789,0.818252243748114,-0.232912699484167,-0.0802282887104949,0.150691881340753,0.650813136123953
-0.95533738233294,0.971312618131712,-1.47544431035373,-0.910721915305485,0.0942084354210216,1.8320336446137,-2.4537584971594,-1.68944107614854,0.283438562278558,1.22039544883232
0.333697727936206,-0.0419854481623907,-0.166807196558574,-0.184382614958078,0.620147623869113,1.89761178721571,0.0715663719276447,-0.55872034812009,-0.0794974863908565,1.54510478955732
1.36931606741939,-0.942607228924532,2.98096744255701,1.58186085745284,1.07934116032422,-3.56317360088699,-0.143944925132009,0.701055703507809,-1.52786123832009,-3.77921130946391
1.5469527850558,0.61903338025991,-0.0056614873840124,-0.476260445762097,-1.09246704883602,-0.163410940966505,0.533211009842033,-0.866601613856799,-1.03938610485855,-0.271281911665669
-0.847180318799005,1.38302327799578,-0.591063110475379,0.12630334992944,2.67852319721795,4.10215404809802,-0.00674312241879686,0.307216884482278,0.103415706243771,1.35403767959173
1.45503794229379,-0.0560615718309107,0.715357781157768,0.136668272450293,0.23501489106258,-3.01093685738041,-1.3556455384773,1.69384173302898,0.924664920284144,-1.69131438099219
0.336535637142882,1.66904354285085,0.496828650873402,0.766746980885636,0.162597025301532,-0.29961526232936,0.346280719033742,2.27358697820226,2.98913203093822,-1.54667821889882
-0.885294126087298,-1.84664125561295,-0.940083109568771,0.197299546896902,2.48200648017823,0.546947288123278,0.924875157524411,0.782463709745379,1.82508524804055,-0.0995117059392459
0.535543876007897,-2.01992092788888,-0.979274061175076,0.372436403696148,0.0227579935925008,1.46640408550527,-0.214159615657672,-0.613525265702343,-1.9751094324712,-1.18797769947376
-0.243889650652056,-0.206478621799333,0.24252468827891,0.528576607638691,0.689318962402298,-1.1112605767181,-0.712585209948311,-0.175896025312949,0.111646229556705,0.583970257938103
0.919609429747958,-1.30016484537098,1.32650089854565,-2.60647559951822,-1.33778915828723,1.93915630339436,1.97734741493827,-0.627452310255762,-1.22609336578026,-1.56734931296657
-2.61304737790328,1.13939262729107,-2.14059986722529,-2.55479313564285,-0.721263889722692,3.0231406705237,-1.41968279715016,-0.0740936232020465,0.903137090862139,2.98864536791715
0.390128219806402,0.000221499416462503,3.4149570087386,0.0634821163912831,0.94327220723037,-4.02643065656029,-1.75681818490622,-0.832802587716923,-0.999151485152918,-3.24098322772213
-2.32581821645559,-1.70255502011623,-3.11412822635865,-0.118441123082222,0.0959189579389152,3.53483404135133,1.48631920749433,0.681355341845925,-0.520195712174797,-0.183247344370776
-1.92714640632675,0.657817129755611,-1.38841907650173,-1.23506150555815,1.55638186110158,3.49191184631084,-2.52156764989235,-0.613851430867353,-1.38670871947229,3.30639614907599
-0.0444269849376199,0.375890390444767,0.889562155722734,-1.88574916506173,-1.10599893656141,-0.397650568930487,-0.118362274845815,0.372996463461672,-0.241933820607103,-1.56366586118662
-1.49646948707273,-1.72620601849963,-1.91034668647103,1.21994714201519,0.431955978388217,-0.585687472580918,-1.67658854932401,0.428693562992277,1.29280443307637,0.780824035633337
-1.29694692123908,0.734750480781292,-0.0732932458757937,0.118447310929125,0.578279205505001,0.323190648138435,0.577087331122053,1.04964821968207,-1.28699201206563,0.787228866914674
0.439933868129214,-0.866429612070215,0.994870064291328,0.761994702519403,-0.0039876667249392,-2.11555243423007,0.744693578537467,1.36779584438319,1.55568749005157,-3.82036898270668
0.470350002185017,0.306277406121009,0.337644108276732,-0.937337457921851,0.392341534959105,-1.14901331982389,-1.30554274484806,-2.43693223845759,-1.5465630547814,0.758509268246823
-0.113777535774595,-0.779185144154221,-0.270919796730979,1.07487190443828,-0.0660012011335905,-1.72883085088814,-0.341067502180666,0.398889175938713,-0.00688055147739439,0.846243085636657
-0.161965041986123,0.53371688230299,0.00186320959572961,0.965667918037158,0.117082093575161,-0.681837877601465,1.22396633140719,-0.857666008498063,-1.01707860577859,1.28464481084364
-1.45908936702129,1.36547113321123,-1.4647469678996,1.45917261818596,1.43224537070678,-0.0476252696239273,0.343255853536315,0.618253559658666,-1.29528854742299,6.17802469887541
-1.52560291622836,-1.28506886511258,-1.50231463644589,-1.87033721356793,-0.41005237637511,1.92258450035215,-0.470163923978676,-0.134357489309322,-1.03441935849628,1.87551084288994
-1.05891151282871,1.43852438620709,-2.05607736845394,0.527567745650546,0.481534444236762,0.702362541055424,-1.91951628247829,1.63284529287817,-0.109979094595024,2.84217128979805
-0.603838185186371,1.86930117798068,-2.1963959416029,-1.08121508011007,-0.116838187896426,2.37184612724885,-0.592279074054972,0.440197101664633,0.900633542143555,2.8270435720727
1.38761556051041,-0.53936786681076,1.01676096628996,-0.465218012827198,-0.446248136786727,1.45339584614136,0.632832839985937,1.91143250775926,0.490028804012715,-1.52591314567544
-1.33145688835545,1.07442621424143,-0.737699706908099,0.459620270896132,0.291589347849083,1.1696090774685,0.795532755760982,-1.13955680345944,-2.89391523910919,-0.327075572788775
0.664579797103861,-0.245687669064684,-0.32829171418475,-1.39423821494075,-0.780610459751839,4.40744958593927,0.315932375962824,-0.300385042377913,-1.41361875961933,-0.264538425420858
0.340645295251157,0.448735442345912,1.22133398604496,-0.0859722655288706,-1.43430749006539,1.07247253103752,-0.391581121313302,0.830283899730205,-0.0956386146984462,-3.20607341679173
1.21774451199559,0.854290893299273,0.102054407751198,-1.49747685951702,-1.45053213367536,0.874868777245653,0.185004745517113,0.42354871497451,0.970928667190084,-0.814257772755179
1.34108145706212,0.374525735733288,0.623597667606272,-0.660776811475172,0.71491184214103,-0.706060453326221,1.27304829975404,0.916223435970095,0.192742521933342,0.538131866535984
0.0921058519782051,-0.163134443444069,1.8063786467476,0.19761176980086,-1.40231495488385,-0.992091794150288,0.0998257413481337,0.38514278228752,0.622649702139014,-1.87698793287093
-0.543789560220279,0.0691253116158003,-0.636107676670414,-0.0164960373201639,0.378402292695378,0.876825719491248,0.45972769381652,-0.365114639714591,0.00148402955055388,0.431946044652898
-0.030632222382675,-0.0270728518408051,0.0625953521236637,0.0441775196221473,-0.470716326994458,1.47631856329,-1.6708618725605,0.98170404243314,0.303311332722437,1.04113601764893
0.0515633250528272,-0.881932166781139,0.127278025413089,0.982690129924873,-0.877839080171134,-0.922159033484403,0.982165440834834,0.79722076863322,-0.141212586803298,-1.15617530303663
0.477794338623531,-0.823717386564752,-0.163828414583892,0.754367413164305,-1.16810959392614,0.63906324567613,0.40440187711861,1.36098822454629,0.148108492636207,1.26824161974581
-1.5395726012205,0.772207793082868,-0.381620882886105,-0.575123270731916,-0.22834454861153,0.0428485946988243,1.17501785474923,0.826429676745943,-0.257276681305812,-0.214670840688395
0.775372141387238,-2.8701589267094,1.28240314332792,-0.909998130993687,1.1166712925958,1.02834963628811,0.998370637205664,0.309317309616741,0.00888583759970879,-2.49373367537072
-0.317499834609813,0.23129066656044,0.463905773577824,0.662119255310923,0.0741115547522354,-1.64077395957032,0.736666521416459,0.5857347362518,0.621135250314316,-0.376784555296291
-1.45491601795344,-0.987234856017996,-0.624637791693348,-0.348207103891707,0.587110865443398,1.88959536374479,-0.650530832394681,-0.420157591308291,-0.150456172551598,0.511975562389257
-0.735881115924737,-0.0977391543790302,-1.04162828601822,0.497803238512526,0.106062460960895,-2.21211256858933,-1.30786164523379,-0.789515224822315,-0.472176938341714,-2.30166348719546
-0.122176389995487,-1.42965524302272,-0.152722670984147,0.556639453158666,-0.375496590547461,1.37429728140493,-0.826173636442173,-0.562144343483172,-0.239721907646087,0.573717173368147
-0.862794222269897,-1.50155989489871,0.633750227485407,1.11834221239588,0.881531678108993,-1.3712999587267,0.131361448059704,-0.320194292429293,0.412309963593663,1.11906445613544
0.567143986711553,0.861111788406386,-0.971328786530993,0.0744568568056416,-0.379171796471923,1.52982236747422,-0.0179151262325585,0.86376211206288,1.78708599265019,2.36354855093867
-0.531069746613175,1.23503207467482,-0.588597906846402,1.28412244198018,0.176468999986267,-1.58110166071326,1.09360223338654,0.730661676660338,-0.68824279935265,1.73788148007292
0.568794476413303,-0.779817515718506,1.96321284915941,-0.248941505234203,-1.19139597990772,-1.41315269121017,-1.54030699638094,0.677490979269936,-0.187547566738547,-0.125962965771835
-0.453727640118361,1.1372307007683,0.106287432471518,1.81696007930838,-0.893199169299582,-1.42465807105078,0.109703565606662,0.576323292802388,1.2488484267986,1.20100599479411
-1.35489192713951,-1.17325080361103,-1.21645569944924,-0.158365049292214,-1.85001420520476,-0.900939681197271,1.15105890720136,0.322670721635638,-0.172140509317441,1.13852642375938
-1.11697195249191,-2.4287272963596,-0.64540707352621,0.839232405997036,-0.688689151673866,1.01658332944559,1.22684460856021,1.58464418640524,1.45031083293757,-0.577965901512529
0.588384013004889,-1.68155641266975,1.70127331280074,0.120453820121603,0.562385972807145,-0.54801098202228,-0.864355888154748,-0.0211379478730252,-0.483463050353471,-3.19148709533323
1.52432888888794,0.173409259708217,0.748664465476313,-0.132946952045064,-0.577665188893383,-0.0742192101266254,-0.0495282222314988,0.370585458810552,0.915166889703717,0.622499001920773
-0.343402526332444,-0.558554265476788,0.500994156476859,0.929233286890996,-1.22859891119579,-0.931268860205945,-0.408429997202582,0.279565313146421,0.311435133939545,-1.55007895153193
-1.18031886928301,-1.44068857043,-0.262526850837026,-2.11745445328141,-0.861890046148723,2.22970607854554,-2.05602123039533,-1.22367999651908,0.255317907446262,0.18015153120698
-0.562520776033405,0.248525254373354,-0.918632165494569,-1.64886601404421,0.544529474655424,2.79046957172056,-1.26358530738095,0.959261243367135,1.4951426831935,0.710391617764972
0.235356601087597,-1.65621750681044,0.672431605791557,-1.77227034827371,-1.77862062661765,-0.0180245057490269,-0.475698242324036,-1.46406659324034,-2.53022146939679,-2.7958689904412
0.67453336322832,-0.819697718568339,-0.721449122720943,0.742028969932945,-0.0564947962335486,1.866730604117,0.229487304620749,0.83584967813326,-1.4542951290865,0.191929410575219
0.305982434165157,1.14589121061826,0.42750690858976,-1.06764213157987,-0.90201768143044,1.54531266757577,2.06269966812065,-0.668990431272664,0.923125511611401,-0.389639108067893
-0.0555892104914612,0.147598270128688,-0.203631210621324,0.248905002271796,0.493874596213838,0.053137184178677,0.713197496978766,-0.271759576878623,-0.756604427733618,-1.01399873168198
-0.251773459485577,0.712143626613322,0.547483722325539,-2.30170580786305,1.0776641872237,0.823869473103669,1.23628173331464,-0.853980149363237,1.57409433959591,0.272401851366875
-0.278390757626156,0.0709615024396945,0.557263788532903,-1.34468939707145,0.449881005485797,2.40815342427583,0.999789872362029,0.748308192078558,-0.395939101467901,2.17843191337176
0.293840027755766,0.910006457729125,0.300111652187194,0.129232941422779,-0.385453544727301,-0.846247566199693,-2.49293398253391,1.28547385936907,0.536762068078579,-1.77717256304223
-0.192730693312152,-0.613257189281965,-1.44656608784955,-0.106521885923322,1.16413729971261,0.0531008105742855,-0.443245226727985,1.64751584227365,1.86431498384704,-0.235437336576022
-1.10926465861564,2.18887576866021,-0.527474975040999,0.279222826808121,2.11944398200656,2.22497176443682,0.445295576344029,-0.869006831922589,-0.538847618175252,1.48883191148278
-1.04984259958521,0.864273823751328,0.528987372965438,1.47642351121003,-0.746144184456184,-1.92473413415187,-0.259124443065267,-0.207019271446862,0.763170608997361,-1.51039617009476
-0.493642866505392,0.562600702741747,-0.867891394871188,-1.35651055757416,-0.930178965323095,1.45416214507627,-0.152764540931503,0.206171079308336,-0.438143840136739,-0.423434704696311
-0.158545053906157,0.0801277319831462,-0.00509151233049332,0.871740431000796,-0.303863248404472,-0.216997322165208,-0.603063651062476,0.117603948242769,-1.75448329330108,1.0737514184005
0.616621551649751,0.404451689689046,1.88748112011538,-1.06593588132182,0.399297264851371,-1.12071745507001,-0.870965678133146,-0.493346647196871,-0.611892022016198,-0.247420430332119
0.602125061270122,-0.802022030139043,0.728063060307097,1.96559025484753,0.81419087308207,-3.21386772404576,-0.354426829970794,2.10742517645692,2.4375140546796,-0.913096288898997
-0.208686547551603,-1.40538986076075,1.50473409130671,-1.4915514401081,-0.599277813646945,-0.695634716736952,-2.47444210128706,-0.628041217527391,-3.26978168912441,-1.00934325325536
-1.06156068901808,0.805845567761161,-0.863638148860213,-1.11792625821518,0.155514996521467,1.8341533445184,-0.0481197949876535,-1.34210090932614,-1.32784335840053,1.98291868064321
1.65648793596723,-0.497934960496492,-0.00498734421665675,-0.495913616888929,-0.296673991211563,0.518151657586293,1.05782007100828,-0.207139520838547,-0.843659951513687,-0.00595875610254877
0.390319397690722,0.532491826904532,-0.0944424911518283,1.21255067303531,0.485926424292877,-2.71913811951847,0.277782151147619,-0.152436270743359,-0.037145687930871,-0.472940599193425
0.535427857132293,0.0203033651276335,-0.0576118731769012,0.48731923539626,0.270531366446659,1.70697077534043,-1.30472105816929,-0.333989202758277,1.08611989050692,-0.0225970859689958
0.5183636475327,-1.67648351544513,2.45632301525768,-1.87319853192665,-1.29270140276839,-0.610503290860841,0.52797288265317,-0.559910071032837,0.46041221676038,-4.30468644686887
-0.694282376041451,0.681201272779422,-0.250352612627898,-0.461602949479263,-0.0836806106924688,-1.13258777171297,0.599328189791883,0.990730804603171,1.50883457089459,1.10661652693269
0.418574433088852,-1.15473410795472,-0.400301949216956,-0.315378237319798,-0.210200632553446,0.760638459178255,0.202304873620154,-0.202138447103788,-0.292199192728325,-0.461093276268422
0.518033239896206,-0.278166665814778,1.26186744627337,-1.89005327063816,-0.146222257961345,1.26971621422773,-1.80706008296068,-0.714961851534705,-0.825539106704949,-3.51123865346922
-0.446496944237474,-0.955646191822851,-0.16442494410885,-0.796189162282228,-1.00204019984638,-1.2625078265307,1.75649961750835,0.182866563479771,1.19843114463573,0.921692825329259
1.3634703705784,0.058444529284307,1.54241757864232,-0.470695760011654,0.862264640982102,-3.10984543530191,0.216965311532468,0.491994617545432,-0.649823235308316,0.153184992070952
-1.64220867365349,-0.451570901814727,-0.414358616435102,-0.196384981559443,-0.138762478874456,0.961487620514359,-1.32107048072901,0.60274741200287,-0.0341367637347922,0.542264141066324
1.92280464031408,1.12741638008257,-1.18266960589617,0.106825446669249,-0.499541453890359,1.14916087381072,1.08513402453321,-0.910614167975806,-0.590922115875436,0.293002071988213
0.575682160184277,0.304733710717552,-0.198738187734591,-1.13988183335549,0.0887415409506942,2.21972516226185,-0.506900036287038,-1.43241259195465,-1.15061574145713,-0.340067564470809
-0.664225172574224,1.63224431880809,-0.0298857172662715,0.662959252787914,-1.09442983666332,-1.33446894805967,1.17361518129451,0.29177211861051,-0.831264447309328,0.5239973934865
-0.13314927633221,0.333860649272017,-0.483620186210533,-0.0139513438726731,-0.274131475910168,1.26449715032259,0.457127303440621,-1.42283335036414,0.666231056633393,0.057494213097691
0.144339319554946,0.317282471774441,1.35088211248609,-0.375656972037475,-0.811364481798495,-0.435453695783725,0.717329687378533,-1.56658320713871,0.224461440519756,-1.39931163940174
-1.36256726581962,-0.688072601907893,-1.76217928284567,-0.842970445276101,-0.744342465251381,3.04168367838315,0.0851818999845994,0.998258317735701,0.179786109993299,0.804848698220952
0.185247470494919,0.0425359853981279,1.28297226189102,0.988813313498058,0.178239951429215,-3.00259400547475,1.51478166363145,-0.813935341689761,-1.80287154186822,-2.18316739574352
0.589262409044798,-0.658633592220042,-0.719475577779797,-0.17373536876397,0.560640601672763,0.626988038677237,-0.523201027679026,0.589324235711136,0.193397977422344,0.421155886982462
-0.406917819882642,-0.553956363365576,0.673301824177055,0.946421000783683,-0.225621517947838,-1.5120449057456,0.679223341150704,0.734795761383918,1.59355472410006,0.990422821956759
0.176894925546252,0.419638052986284,-2.29642411397903,0.876724122588689,0.783832443690848,0.778249609610052,-0.598243234833131,0.148269226783047,0.112257085687288,1.00851750420328
-0.243716480608541,-1.28840714445436,0.246536883293947,0.306743420557983,-1.15458818857862,-0.603899356179587,-0.385836310867758,-0.130879471230472,-0.556204765397922,-1.11359865570929
-0.443860013474456,-1.39327234545105,-0.129206908185285,-1.00130588418893,0.15988905933621,-0.478986254962559,-0.0400295923751971,-2.19114834376348,-2.11114926049485,0.732378415856518
1.10474086446687,1.96310793445698,1.53738575167172,0.586063583988501,1.12437419217492,-1.896561854778,2.32188967163338,0.585065883364735,0.193197962524588,-2.62612258440284
1.63023540095998,-0.211434084297521,2.09179168612086,0.891663777081814,-0.622665578341023,-1.41364315582001,-1.36903431616643,-0.0567599610913151,0.403035475610821,-3.01385965712405
-0.463477250626757,0.703277409253529,0.686799725718357,0.0119401066879631,-0.595247720845746,-0.707036599406482,-0.319162240278245,-1.08622947211011,-0.334557216204801,-0.9648767867715
1.62093684259481,-0.916566124013336,3.20764547366169,0.600265171227086,-0.49311954861104,-1.64976275954633,-0.883081206731544,-0.376098867888353,-1.06325007530527,-1.98980816228172
-0.63552510213324,0.0968883866121855,-0.522149561816218,0.30426352620943,0.363604322915239,-1.31452991036165,-0.220948959185217,-0.659357821879044,-0.0403470592818261,1.61350942138294
-0.504813566184175,2.18497949115839,-0.0812228051560645,-0.375316492302797,-1.24247823650573,-0.240550634117656,1.17195615722254,-1.01036750213241,-0.929644354589341,1.34933891842609
-0.46938649966548,0.391438719372428,-0.640143082639949,-0.00686752286147417,0.131065748034669,0.636557150501101,0.0470886431160248,-1.16274791942383,0.593746219116781,1.18793041448998
0.153470258916317,1.59639718340525,1.45737191227466,-1.43321030392479,0.522003361364904,-1.19644455212656,0.855826386130049,-2.00963645822936,-1.14960141114319,1.21045941189892
-0.301267316171741,0.156893986044346,0.164559343684646,-2.65899831238375,-0.294830769580987,1.59681897913927,-0.110745638418918,-0.041483120589037,1.19614655815999,0.272657823968278
-0.681450176768613,-0.689599051414999,-0.757631387572824,0.686398264051767,0.840457982085667,1.05461655291604,-0.514483637482404,-0.663921262434424,-0.819547463486802,2.12100049145996
-0.386886193836264,0.107952914718748,-0.222223414009273,0.891111744650424,0.20441992808537,-0.0408895827005167,-0.969571419141871,-0.861635756675938,-1.17586973003668,-0.477898476499064
-1.29452280471684,1.92099556439404,-0.205699460012055,1.80956292291161,0.870640625977078,-0.482200938553466,-0.558850219935827,-0.421972819956137,0.0867475510858169,2.07164779301513
-0.166843894454941,-0.225122716125026,-0.0674575125528484,-0.0917607938844662,-0.291218136470762,1.62078085747104,-1.20471442996694,-0.699551554887229,-0.0609122058324433,-0.824671628007473
-0.559743633740851,-0.114405584712404,-0.361642833205298,1.02695042312457,0.16358373662369,-0.0322836701679716,0.0326287314688616,1.05491495894618,0.171606137742914,3.00066336847254
2.02452257769283,1.31343504786559,2.13212094236618,0.39098187611664,0.28504523979646,-2.75597644196223,-0.318617135630724,0.0413894067588434,-1.61302306621012,-0.613339182367765
0.591572227720409,1.03177237062643,1.31791408114368,-0.264649168334348,0.161392304743104,-0.474388215042192,0.755812801334986,0.802921843402667,1.31574212900236,1.06608141501754
-1.08726217878191,-0.717276855345273,0.515504908626548,-0.0936197933400765,-1.30687433529993,-1.51266583935838,0.156872346754176,-1.63424617043095,0.0441887128047799,-0.537550722453672
-0.703734604364041,-1.29964899889952,-0.339455366015374,-1.2784044864402,0.734813602178842,1.83043262991804,1.64645562073098,-0.829197685835541,-1.76779234241436,-1.39322271183965
-0.960442931087306,0.125016363378652,-0.584361460743143,1.33626286367201,0.52288531292433,-1.09344754864877,-0.78757874567698,1.48229519098664,0.621661373922312,1.9434899214659
0.883163349984703,0.787663526012499,-0.589004008132922,0.568934080371315,-0.934421987183815,0.812762097568555,1.1586216154885,-1.46422776892724,1.75832990115994,1.3591204997965
0.528158460476353,1.05806688508506,0.55182385325475,0.95732208218523,1.14046734193186,-2.29474598960092,-0.715758109088586,-0.290917616917902,-0.0255529047665931,0.817619326214426
1.10562184309474,-0.928135686805704,0.48112285909753,1.09976309985754,-1.69141146048003,1.93520270968659,0.952328671460883,0.0300438906105489,2.41175251469141,-0.46081930474095
-0.290754710853225,0.0731764326181213,-1.09753770114561,-0.620849235220463,-0.324079940225444,0.164327723138858,-1.7422900745322,0.504839517822363,1.43715400671873,0.720236619287896
0.140028626358617,3.46475194833463,0.07897406631654,-0.351345196621929,-1.59202261224375,-0.422760764860041,-0.500550383998497,0.23446096391528,-0.874444529055389,0.930628985785424
0.099127654949624,-0.561860499273213,-0.160452911691466,-1.92984555479532,-0.0408209113658691,2.04196951419344,-2.75738941634011,-0.193090361161129,0.119334199715246,-0.993826571523097
1.23754059877207,-1.28817765069948,-0.0653725794904779,-0.774345957455709,1.94931413459732,0.411475368855491,-0.337787989679025,0.685271004669915,0.963794890917714,-2.22899168244537
0.103384248366424,-1.12237969812152,-0.521913568380556,0.830393187203944,-0.290676616341596,-0.703349125335486,0.868439230569941,0.496973967026712,-0.603077557516019,-0.842362349127674
0.257077588578548,-3.13992105626629,0.969916541237887,0.449450482015232,0.700051948588509,-0.0216751867951916,1.03660230791339,-0.254347686640734,-0.236001459654779,-4.25090274458787
1.08817784159467,1.04851568538421,0.549735012674026,0.791586833524973,1.19804319650363,0.21025409179603,-0.684987689725668,1.20526806334069,2.41190603804866,-0.471438998192001
-0.275290377288773,0.59793516932255,0.0294322006123464,1.77131059553274,-0.802360061969468,-2.19522985602935,0.393227972519264,-0.0320061352555996,1.70466474762159,0.633412631241172
0.871810724136128,-0.811691523819182,-1.48649656071536,-0.00095412409018035,-0.781234765563639,2.32926714649872,0.866512486541486,0.457509751027,-0.358730385902515,0.578840865010077
1.6794453913509,-0.305834926058134,0.36758070768469,1.60649623713252,0.213508489608298,-0.658791847432997,-0.459611580570387,0.0347022173808981,-1.08180819013841,-2.62427095874455
-1.64706299032315,1.90996986078351,-0.724492342713681,-0.145131739946611,-0.554341212881221,0.454498589410442,-1.96699971637893,1.49190861463614,0.275922679358497,2.1149358019473
