0.54455106764712,-0.61141155596145,-0.323446483886325,-0.111223119252746,0.386547936386938,-0.156194578404219,-0.0867616437483401,0.27658532881976,0.0249582887767294,1.99984802844817
0.422434077427998,-1.26788001922363,0.240391779631684,-0.913972833936503,0.020653280708663,0.017347705280524,-0.555048029350611,2.89006867965876,2.75061845426921,-1.1205342016445
-0.935753073880896,1.33035881575411,0.742937661296332,1.24630051638892,-1.14421740229587,-0.658940204371909,1.9749831531903,-3.83258064086685,-1.63135180961032,-2.54811196397498
-0.0566153653650276,0.939124262101372,-1.03459800996752,0.397932406747506,0.483401740305961,1.65451174921451,-0.105138871553979,0.171062422790447,-1.73237606766019,1.51831974855299
0.196761098361298,-2.06622669446624,0.523300420177672,-0.620747469107494,-1.51428862620026,0.0789681002023027,-0.776051464252332,3.43608811628442,1.56608996160112,-0.08284195371594
0.432469616788688,-0.0929252415716862,0.287872836055607,0.561425765655387,0.218187535387259,1.41081582307138,-0.228220968672368,2.56402544704145,-1.06952843303151,0.230858962909682
-0.45455694960185,0.31142541738234,-1.27765714250133,0.0381015734008537,-0.23884643293684,1.77303194573609,-1.71318052468723,1.24234893014655,-1.0983817821555,0.584571597617145
-0.558862419413764,0.530142636185807,-1.29884277683979,0.669392569677593,0.882030991613761,1.60276856973108,0.741445153586539,-1.07993596725123,-3.88948931325664,1.78395841121105
-1.01815909579182,2.22982247067108,-1.50522787647381,2.89258510651137,4.06369144950867,3.20883407611067,2.73065952573646,-2.03313184072461,-10.527476148652,4.82757833396569
-0.121846678251416,0.598778968752018,-0.147133078319082,1.50354259041373,0.823369534142111,0.299944525430828,1.05466772201614,-0.975304889865244,-1.56764426833944,0.764555706709841
-0.140833906537425,-0.219506499506053,-1.27944045641337,-0.22610571748897,-0.615870727129182,0.875378097528797,0.653462329892716,-1.31069958420321,-3.13034123673399,1.74339547863401
1.38211060184711,-0.627526243788169,-1.28472889807955,-1.19491872130425,1.06360577284493,0.834236359224787,-0.653810919543328,-0.741997474686491,2.00795420699736,0.12556193838859
-0.65042238906751,0.891533510594714,-0.53953007808659,-0.711181049065862,0.479466467157962,-0.409845483574731,-2.1878597484553,-0.170407460683559,1.5415891041296,-1.58383578150571
-1.57626682827613,1.91102113512212,2.01997859552576,3.42628271739607,1.50961991704276,-0.92569929271591,4.00852843459465,-5.81703688982485,-4.20539590084684,-4.14125749419551
1.4590210421717,0.198053588217722,-0.0640499796207232,0.170503323023976,-1.82546148726056,-0.994709736236183,0.434728636654637,-1.19223473091114,0.386475266017749,1.16294150719892
-0.248998611862851,0.998957349731156,-0.114169577588742,0.926911971512251,0.347603711486155,1.2607178651,0.1636653961061,-0.364751846843635,-2.36840250484133,3.56272111492858
0.213902961748159,-0.062084223701047,0.010676467209204,-1.65448101864078,-1.06825345022367,-1.78022943656266,-2.49695390123212,1.81607856117266,5.52801909331919,-1.7785383779498
-1.03099943946227,1.98515104083602,1.15798708879265,1.31271987137512,-1.10489612762629,0.288172449635572,1.95809968566398,-1.51920100621246,-1.1096780650981,-2.92899944822084
0.720930651107823,-1.21343039236828,1.56966441095806,-1.41068210152033,-4.52349951152622,-1.2320790287617,-0.811711965282292,2.46449679243895,4.6528031317751,-1.17716502970394
1.13865875963065,0.131476366849847,0.964781674438885,0.206473038965679,-0.573210212857846,-1.03733782158465,1.92563208808513,-1.39778232700794,-0.709635047141512,0.749819033799767
0.367770588991639,-0.841346620213868,1.19904039723229,-0.730338641912897,-1.64056830834724,-2.20199736393465,-0.295766232735295,1.77901879000789,4.27439656777076,-2.24761443039293
-1.50791728163103,0.347867828552614,1.1625804632615,0.342543788451775,0.22317852904289,0.454907894653175,0.0152338844101033,-0.476902802954731,0.314270974341613,-0.509782576197456
0.78496076757,0.315174544821521,-0.115050100667538,-0.0825851527644015,0.291430748404466,-0.683710135855502,1.93701585606227,-2.70835206808426,-0.785297969369269,0.294544434823949
-1.77780386186913,0.175916999327946,0.539404868353518,-0.465932470035492,-1.09855152379241,1.23813613412849,-0.457321553118791,1.82885195196301,-1.2840696831478,-1.44853315100533
0.681016533668015,-0.431313532395191,0.842378630913387,-1.62600874574651,-1.47353397914381,-1.16206524800261,-2.86916499903692,2.84446787098171,6.10624881047841,-1.94501909871107
-0.572293449215885,2.11497840829321,0.297106536888767,1.71370176234667,1.20248158965224,1.27782563854848,0.965936475831248,-2.01347294513949,-3.97132419283763,-0.507711102939216
0.52022630861819,-0.144700417902922,-2.37307243407158,-0.483423216891322,1.58013401714205,2.29743160886488,0.864470126976401,-1.52359169477468,-3.19324266775091,2.7304324654609
-0.00737371173125093,-0.215652422040862,2.37968723154215,-0.499657076241757,-3.66335240536913,-3.08696395533127,-0.211627591472744,-0.106585857903034,6.7178077530159,-5.86448255839843
1.10913363022124,-0.31771052022683,-0.28386505672031,-0.44033936529428,0.271835263253931,-1.1968948917275,-2.10380893312069,1.47899203378053,2.52354141964012,1.6618769241013
-0.800775074871851,1.29088161267673,-0.533793095141665,1.80809456655436,2.05601092422725,-0.194615955855523,3.13636724775634,-4.74617362007803,-6.52895816873716,2.95218833455033
-0.207522053260312,-0.948245820368668,0.415765561774111,-1.5665097689155,-1.01071557333187,-1.53218253392459,-1.71179676675235,2.91033714581216,4.57078249243093,-3.65049559490857
0.425233994236038,-1.22841985587091,0.271736843227864,-1.37975073774464,-1.58014437742003,1.5165655947081,-1.30331224138538,4.30565542492178,2.78260868953061,0.0154549607070669
-0.679172892830307,0.207125786152665,-0.756766072820713,1.93071126161344,0.750990368044491,2.94346086484926,2.07941243273454,-0.834509401988597,-5.51307987006599,2.61097793491385
-0.731138096826774,1.48210626407162,1.35219114957221,1.49509423471632,0.724339484351545,0.273641715805531,0.822330139480016,-1.10572994750835,-3.09394242299224,-0.381767154138697
0.26651370700178,-1.19887035520765,1.61563525193856,-2.38104997507871,-2.94517225073817,1.15403791993341,-2.34294794485314,5.47844103623458,3.09903898039395,1.07208011471467
0.234423821313801,-0.324118395420738,-0.0673060296190903,0.339643883455112,-0.0632617258685484,-1.29896098444482,0.838787322150355,-0.569193423766726,1.77298042311407,-2.48446377804403
1.18577404515949,-0.841799469018245,-0.462446686893359,-0.702513527130305,1.40629468770909,-1.15635906441698,-0.862460789187825,-0.521145493077966,4.02848756328424,-1.94267379388213
-1.03444605469589,0.304938903571946,-1.80780484258257,-1.56275965987944,0.810695744743558,2.79648823637273,0.071472727971892,1.30882252334007,-3.02737240621695,1.58567536128485
-1.20256318587396,0.120422001283633,0.338536918053128,-0.230249101502964,-1.00359911504603,1.08396180141015,0.496331049113855,0.65738897276015,-0.617945033827841,-0.225245394428107
-0.443717003407083,0.288504892371305,0.393102426352105,-0.214847951233827,2.40832728908672,0.899372001249149,-1.1749105464455,1.64555266616579,2.82541947302206,-0.432068253561114
0.537190653816092,-0.551796123559525,-0.875427189009385,-1.50276424167466,1.76607947073534,-1.72461364555356,-0.605021004004579,-1.94266602183748,2.51237084359889,0.23384182706358
0.754794654322574,0.516121377903656,-1.89224596779941,1.34411322181671,1.36752967408689,0.551319942483587,-0.494931298985221,-2.3455844974059,-1.43639559219286,0.408441925039309
-0.442678786616637,0.218456247023626,0.598289683924137,-1.23873422526484,0.608887280876941,1.91468860553856,-0.519085935832122,1.66775298164412,0.709089579862503,-0.663251337940819
0.968509243716565,0.196126378352747,-0.517185299841123,-0.603371431846516,-0.447531656557119,0.0949729337038146,0.152782064977122,1.17985535368499,-1.22843406989836,2.83500907022521
0.240260366253302,-1.08339414524961,0.283181601581891,-1.11907399809269,0.897090909501406,-1.53996195205005,-0.771992402852513,-0.865706769766939,2.43737594605449,-1.64935933944625
-0.993733971071888,3.04977690761218,0.042884710723815,2.38561003752217,0.452755926500806,1.78453635119623,1.68321670805214,-3.8679493536917,-7.07855157893442,1.48984106369014
-0.0493741647491194,0.64354972609859,-0.79003539932809,0.155583582754052,2.12747073835006,0.173519023737582,0.402482305597845,-1.48419853127044,-1.75419128538189,0.993959143666441
-0.934232221495658,0.160832114742972,0.956459179284683,-0.963149196975283,-1.73146791341786,-0.263735928287932,-0.351019342932862,0.955445941144639,0.40952033742848,0.524753970485424
0.215483885673552,-0.182610394152234,0.0741189028767584,0.16905083694891,1.05684130229283,-0.694083075967505,0.783091121317076,1.17553019343403,0.781983140137694,-2.29403164065363
-0.62885031786552,0.363986683568103,-1.35198919922117,0.083395769810816,2.63458084145297,0.9453886295484,-0.996371848005615,2.3593268250342,-2.47548545490793,2.38508151558356
1.9234690706987,-2.61884500021249,0.414802105757109,-1.04637794500453,-0.499186104453602,-2.60953766723284,0.363801624320434,-1.40219111965146,4.82009854694911,-0.576701268468867
0.782619261400367,1.30305493752148,-0.274632730748495,0.134265200488484,1.96196482230913,-0.710658009971891,0.855563823001085,-4.2629761701543,-0.369454746146155,-2.34303572277811
-1.53583286975991,-0.455224649361879,-0.760290586209698,-1.37763838522312,-1.55621344597996,0.914918389177868,-2.05442961319906,0.763576532524123,1.14673110423397,-2.39561212626247
-0.726358755477727,1.16406146362319,0.702563224967312,0.429279952086244,1.09572000860073,-1.91716021402822,1.146553705971,-2.13281343469476,0.188935289540331,-1.82637456794322
-0.246028478107503,-0.729415893212293,1.20934475541289,-1.32924954098094,-1.91078004199083,-0.692721360217625,-0.195315220147898,2.41553107665273,2.66783161001143,-1.54419603185912
1.32268641826178,-1.38113411125439,-0.868894375445728,-0.880766582275868,2.01488678488218,0.469240101800822,-0.809128597384905,1.03214789399587,2.61279139437975,-1.39306170571843
-1.31431002526484,1.0313364179147,0.23874030033101,0.59686887455993,0.336159835268738,-0.421802066749761,1.95812226679657,-4.17382609400051,-2.31570467836687,-0.967794776746782
0.270978243468742,0.749723553574478,0.571354772293619,1.25054597060476,-0.243879420550021,0.513035249965228,0.577293179993904,0.668257137737271,-2.67938008644817,1.39739020270258
-0.49618134759895,1.20145520249112,-0.255025204780794,2.1563296165947,0.939578734756387,0.107306384480515,2.65574425709913,-3.3614373891672,-5.032450377324,1.27722571813658
0.472328983269206,-1.95482615013116,0.451444789294248,-0.441894029107461,-0.275678869479281,-2.06487668456798,0.873886097936303,-1.00310261294511,3.4910648367483,-0.89170814861496
-0.068293559583889,0.119660681874978,1.51656794695379,0.682395788775925,-0.39717455369632,-1.50038923218505,-0.935943253745235,-1.67389254238999,2.73016419343301,-1.0570941544041
0.474606919089709,-0.0292749769971037,1.18925376740009,-0.295428417359842,0.249962908625821,-2.16821932719294,1.70651515466245,-2.03146598761567,0.725247951618392,-0.885973445349121
0.755847880844611,0.722939649876464,-3.20233514590012,0.382758777889631,2.27166666869943,1.59225847791443,0.199581851986344,-2.20958789611213,-5.68946909764185,5.79769682383019
-0.954677696096709,0.634100072990875,0.614920493582245,0.801951206307229,-1.38038136052074,0.611894539334587,1.84013372968306,-1.9788104052931,-4.99992555078047,0.804239925132607
0.111828537686957,0.651537933632715,-0.0988751535932479,0.750491122074696,1.22505819374476,-0.305102020614621,0.432298537889833,-3.10346288656597,-0.355618037338467,-2.15087295312505
-0.84465887899544,1.40620534507498,-0.644609707372304,1.34119526803995,3.76046683439579,1.45798675599719,0.518739759627622,1.35209947259432,-4.16874322686194,-0.378034312368251
0.00711082971694169,0.856305397138905,0.526809200040555,1.36185231541301,1.94650779888249,-0.0801540222323361,-0.44535767510572,-0.427681254114813,-1.38529774509903,0.778638238557253
0.565949458327744,-1.87590135225464,0.244663669885449,-2.75534033590503,-1.74638148249695,1.44719028836646,-3.74027659567631,4.32340895330952,5.16102045059157,-0.64586384635721
-0.550630935933286,-0.587797856069278,0.47083754195944,-0.422616587084219,-0.341733293916033,-1.50782246977036,0.546607582667751,-1.51634394754485,1.87625668741342,-1.19219069475208
-0.504652358725361,0.286962307621304,-2.61443175997903,0.975473256954119,2.71382191786569,3.1861910620266,0.896767799929542,0.391976111241835,-5.30555964672116,3.9106139732351
-1.46557809029243,2.0262116086796,-1.45326401074074,0.174728859368754,1.7768552343597,2.98018459917328,1.16719717154297,0.0903147243896819,-5.76082634970038,0.913803763535262
-0.81989279151107,-1.01897609311998,0.195549263515648,-1.26172700602906,-1.37144827848678,0.0543400173582357,-2.40399162006577,2.93753073909775,2.62644939142641,-1.96409515823782
1.30784958941285,-1.17111937935387,2.00125866543346,0.806009894111397,-1.13164299343038,-4.87303179878973,3.58384457922438,-4.80220648634464,4.48410619733517,-2.45050091063658
-0.706378236484597,0.0876681637771259,1.63938061824188,2.29981441452898,-0.395726469739796,0.383664029603328,1.298074101153,1.30095876852993,-2.63135728780947,-0.554801127003583
0.698750456556794,-0.0269247873606489,-0.101060646865572,0.414428386067292,-1.07319344418047,1.61700762640259,1.07823013775244,-0.0649009396627211,0.811798212270064,-0.409724048351901
0.385603192161251,-1.74112249505259,-0.494130206465789,-1.0901261291861,-1.34548860348709,0.828421937836403,-2.41736124038795,2.38032841196849,1.76968043815058,2.18221207754195
-0.927671963303909,1.64600054754447,-1.60199102897432,2.01173453142005,2.71796507100036,2.20006085640643,4.19313386191662,-3.36736300928583,-10.6246767390037,3.30370262049035
1.59722832662534,-0.711626330370477,-0.316000564505676,-0.896305775753477,-2.4807839027453,-0.0668897647410654,-1.29358374327024,-0.578561346307218,1.90056263122696,0.392413233385857
1.47636813507105,-1.39413854714027,0.992261416870158,-3.49028909946594,-3.80939045977738,-3.09611386299915,-2.42948282237168,2.08807916008693,7.73497643837553,-2.74012972791318
-0.672571266080076,1.25919512785121,0.831397379777282,-0.105566583862053,-0.522176295667729,0.392901845224084,0.752716426183749,-1.44481817855236,-2.81630417157323,0.491267774781456
-0.742735448560094,-0.136584435660118,0.995643725528827,-0.733271001366515,-1.62166957928675,-1.38342651322838,0.216126758081542,-0.279807466406753,0.250110446706708,-0.233486843395504
-1.53511852917168,0.875163372070307,1.52742441627049,0.963542395553527,-0.240176948892798,-0.539166460132088,2.83457329516687,-4.20607538411736,-2.9993049651366,-2.46971854359353
-0.499408129746022,1.58564137853917,0.0981944296089776,0.927863216441943,0.445638003017543,0.782614798244863,0.771145507916836,-0.0611417196958071,-4.3686233747822,2.32886775553323
-0.112497784054185,-1.60224337968858,1.78489595042783,-1.17212547932635,-1.68264587118425,-0.863777659894757,-2.14120855901424,4.37538020692508,7.0535617524967,-2.88479168364404
-0.990900493015121,0.444134924430086,-1.63590533284417,1.08208941169503,4.4010157612074,1.50731711139747,0.644131463935962,-2.32104040206659,-5.16383818979444,2.62365894689945
0.0386716928914215,-1.33958399022502,1.40522755670881,-0.411194548601875,-1.08480197437038,-1.58908822180436,-1.54982948912689,3.27193832949728,3.74265165068449,-1.03985030363145
0.134340501021528,0.31275852205259,-1.98106855244841,-1.17694525415464,1.20914273100269,2.63369942064103,-1.89503822723675,2.19667307161596,-0.888309171610119,-0.175825849891132
-0.98141966217943,1.78944076691506,0.750425721677334,1.42450190034778,2.62389216637965,1.39601391584761,0.707112902315026,-1.5289683346823,-3.00199587766142,-0.776391773994842
0.540948732926798,-0.0160915987460788,0.910909246733057,0.787468434147824,-2.0226953388044,-1.28413033190723,-0.0624104387378555,0.619742821981134,1.75851456474441,-1.39672536972457
-0.573611061536661,2.39750460942635,-1.01076980325353,4.61031772951734,4.73360043731886,1.4001892814035,3.67185386411671,-5.47161990749103,-9.52266040993809,2.80705567782939
0.921032719796334,-1.35428937917909,0.307581339036051,-0.697847284898096,-0.920188641937157,0.492210684570474,0.139628186988505,2.64196231164239,2.60405155553934,-0.473210564372244
1.3494167046401,-1.96764597605208,-0.88196195394669,-3.04689548157705,-1.68022427183658,-0.28802020827749,-1.7850923829055,2.57439010741137,5.38606263917724,-1.07299866166765
-0.175924614796266,0.567314907441493,1.10177100301256,1.91225707453067,-1.11535687389143,-0.0402654785567612,1.58092165428572,-0.954160181904758,-2.08865306858748,-0.108541714048087
-0.471358572540033,-0.271063048097265,0.227360386530965,0.823601915499088,0.378225090889772,-0.615512461911608,1.31875941571353,-1.87050287456873,-2.45769442663529,-0.171700549514043
-0.915780906177732,0.381515068206606,-0.354458013385981,1.10836006880822,0.567976524873047,2.66300694676719,0.63729490488597,2.46650371426237,-5.97816317214422,3.58044372152231
-0.24033877431224,-0.501880776734745,-1.16923512226349,-2.56645795017098,-1.91613314295892,0.527189809459569,-2.58567006241756,1.18124746864358,2.02601311267837,-0.159004612648114
1.10200699656508,-0.736946790054938,0.829794597475193,0.576174717969425,-0.659890736571586,-1.62468286008054,0.380036194206938,-1.79061015223207,1.97163257982973,0.408546885778319
-0.867210033856494,-0.0390177902213506,0.306867010144511,0.9589740852614,-0.794766442565758,-0.990673081848392,0.707032769357491,-0.878575638377479,-0.50686838630656,-1.53974185168705
-1.31806374830952,-0.180817179996874,-0.791497308614503,-0.470138476655586,-1.16755670751962,2.37180187901134,0.30740206873636,0.407989209878809,-2.91536557213153,1.88407031417593
-0.729557384653765,-0.990261741385104,0.824106681715554,-0.561097669671214,0.115802192538237,-1.0361718563264,1.64453626346383,-0.889050911521839,-0.450033457221595,-0.626989794617336
1.30445205418786,-1.19878120211772,0.36664034408261,0.633416838547032,0.487343503219691,-0.097360721757324,-1.01743210497845,0.756163360501148,2.26448070752912,3.30996192772312
-1.04678896934565,1.27531964744289,-0.169772548006758,2.58094515570928,3.77362221761715,1.77777632291973,2.08907318344641,-3.1684176688375,-5.82243203071383,1.67463010357951
-0.453876367446696,0.717882421095535,-0.809584783677712,1.15442059624419,2.89266613528301,0.110728757383053,2.30324850619885,-5.54069490895157,-5.07471343438284,0.543658856378537
-2.87066998857448,1.5055848371018,-0.227292651093203,0.427424207281606,2.93223704062208,4.14866485367617,0.880161225925628,-0.647196740371651,-6.32403475181595,2.09566541211
-0.155585181485075,1.30495670079903,-0.0754650070719617,0.288167131945508,-0.234286420668243,0.264471210948231,-0.60891330732317,-0.167161935525854,0.0795666082767479,-1.04011853039564
0.326306013883835,-1.46191269990071,-1.09766023398576,-0.516096879363905,1.62734120050393,2.55883239305378,-0.0308930994604885,1.90776243986489,-1.39961971083962,3.6396859208808
0.299550488308467,0.69522085722891,1.36049721333473,0.278309837597926,-1.71938772955489,-2.09462734014334,-0.463773577475921,0.254032222400745,1.63772606167936,-1.51649661223263
-0.10233025371726,0.128702339670256,0.384938451447712,-0.113366178674146,0.145899752927615,1.67215268135352,1.14627144176459,1.71854189295665,-1.36451220874096,1.79002177544155
-0.388614898568682,-0.436197991231258,-1.19530679583988,-0.605021753622231,0.835886132580267,1.70098455886352,-0.942486233193415,1.47216164017123,0.0425830041191774,-2.28149854574729
-0.322438480374055,-1.33961091815062,-2.82089622535683,-1.98443168538221,0.697639220749986,0.229840275340583,-2.49865735717913,0.165928404320258,2.33107222839304,-0.329367576428535
0.475819653628876,0.044841860590728,-0.558311993055229,0.117941966787903,0.827403986843859,0.0373986505951946,-2.02510867571169,-0.653661514759516,0.204522505083593,3.0679627294171
0.153355856067183,0.146837159557006,-1.92195073420325,-0.140554328301285,2.99539523007177,0.220857300419566,0.112626934022128,-2.10710253494544,-2.42272314265693,0.822528464301784
-0.136595746622846,-1.53477056674888,-1.02872609613574,-1.73142250444252,-1.12152785539152,0.592201328984451,-1.07647860508447,2.14763298874937,1.24335225551606,0.157666973908659
-0.660460269009347,0.963395883791481,0.576989738024552,0.67293939628069,0.250569586986717,0.437793209780652,2.10842443600571,-0.747185512855213,-4.50093372152196,1.23062113402361
1.87872867687864,0.287948473114144,3.35209847323946,0.248336358808488,-2.7425471758567,-2.89283581661875,0.732097011370288,0.301636083918903,4.81377508929895,-4.32064039474349
-0.273044777307454,-0.270475931298871,0.391065041658276,-1.25047159821558,0.542773637870684,-1.88887294763955,-1.75401925694406,-0.0770315612324297,5.80577804922777,-3.32852134660049
-0.651582527333175,1.31875149300627,-2.0813135084599,-2.02244458079927,-0.291775658814257,0.0986585791007774,-2.78146158537363,-1.20712534962614,0.641060949257198,-1.31950877262938
-0.497898061184489,-0.96465446460586,0.0697123290702902,-3.37399957552191,-0.683904386257687,0.436686035124313,-3.23621898207722,2.84166431944373,4.26276811126985,-2.69593546897337
-1.14281640414149,-0.146880577343528,-0.64904423693729,2.13736816893041,1.48876230957586,0.65017700881382,2.13774496709001,-1.93757199066666,-4.19926030870822,-0.113660714920901
-0.587669366517406,0.0266294188772837,-0.595158333405656,-1.387965230413,0.688007005985733,2.91132388702276,-1.73259800430175,2.11520890566472,-2.1204952235501,0.579505377552025
-1.63790174206507,0.582396283109836,-1.48430743394921,0.12591574629241,1.44737560385591,0.011929466338165,1.2088023192399,-3.3461502022786,-3.70518277654042,1.04117376180017
0.413992153886733,0.582133483824469,-1.10605058028838,1.66074674401753,4.56794568159484,1.25456207832921,1.48552775788275,-3.84933550396811,-4.31424006253803,3.49695444719823
-0.201504564588557,0.204060684987842,-1.09869264720866,-0.539915123310146,-0.451902782097971,0.989742750855329,-0.140747480828662,-1.65061481825571,-1.614412430465,-0.329398441624806
1.01617289942923,-0.851438331441664,1.75152697206119,-0.570856672407294,-0.567015309619977,-3.9734971072398,-0.210248345487688,-0.198626260386894,7.47597330340498,-3.89973642079187
-0.155788397170674,-0.987505319895459,0.902118551250107,-0.455668471232304,-1.36409770332462,-0.0443546905857822,-0.613848858141302,1.34191599197431,1.4293818288624,0.730214717782986
-0.752428659708545,0.792493226148971,1.12140219772043,-0.0956893977254695,-1.88719381304536,0.636154753926625,-0.549429221369461,2.1731838195871,-0.713633240078634,-0.253200655311957
-0.559441029932192,1.52439552425983,-0.997595392912923,1.45693789309918,3.21102075813394,0.251613652343416,1.81824551432176,-3.65800784695546,-5.43633526514044,1.84815586682235
-0.020771061843505,-0.145994654969621,1.11727660299734,1.1584784700351,0.826699299236362,-1.21539849123005,-0.137322550609295,0.353963826105157,1.15991289357804,-1.29679813570863
-0.821333336299833,0.220341627641161,-0.351855303786405,0.314923227132651,1.40059387119358,2.02434432256631,2.51599709396738,-1.53709192515143,-4.82034171111589,1.7080733380627
0.238836310211404,-1.0989836143438,-0.772885279562623,-1.66820577239088,1.18587896705331,0.568124516447738,-3.30694316593426,1.12953235813509,3.49933204949893,0.0169021534741957
0.674782088613392,-1.52213715695827,1.13376758057402,-2.52621755163377,-2.53489598358404,-2.73177790244152,-1.98254091214427,2.33014380951741,7.05213958730556,-4.79442074013672
0.430841040446335,0.757327829670197,-0.178823111248258,-0.670387650603457,-0.00176164737967325,0.0712152198574182,-1.83510284391216,-0.798793510567103,0.987247471419767,0.762155565156001
-0.161089217543822,0.152948698938218,-1.24380213320362,1.62234141270987,1.66698889885911,-0.614990210130072,2.64460176052785,-3.5505251157317,-4.75814236713839,2.366418203916
-0.747118100454155,-0.0423285196125972,-0.603880160743398,2.10797499238851,1.79172307956708,1.79867496585534,1.3371891887038,-1.30536843275526,-4.44459043416327,2.05723242177261
-3.22470971249193,2.62672090665589,0.469152679307352,1.28505608533246,1.82561502343557,4.50962586546225,2.36335957708429,-1.4490738044881,-8.9183206528952,2.81202658421102
1.1078953193324,-1.25129646186573,0.165401560148818,-0.988129647537105,-2.24230163133274,0.804941032415557,0.260472897025902,0.553392474906767,2.95009221901035,-0.750174491803602
0.671894086474388,-0.701072922988786,0.784740233198517,-0.0343191318495822,0.177514881931427,-1.394963699548,-0.639235871750653,0.137540809124853,1.97818971635399,0.622461067654438
-0.601357018142099,-0.183924199348186,-0.104263782111801,-1.44727889720522,-0.0644716537847886,0.415271783826217,-0.531402420500939,1.69236951147854,1.04355849919032,-2.39414090838616
0.525054067817169,-0.801926661635846,0.952364648522922,-0.705085484920234,-0.713698908954274,-0.786802287741159,-1.112787624534,2.70630010231481,4.90963962698847,-3.30251755314324
-0.559675457589149,1.34255314949275,-0.228930132960094,1.87070429195047,1.27875923945283,0.738919468319716,3.19729338794813,-4.52670480915486,-5.61293280482392,2.84983195191731
0.301123577037187,0.205859928702981,3.24597563994048,0.307191067852463,1.02792231156954,-2.39229040631988,-0.301236323986898,-1.67702928448414,5.77741517591113,-5.85176107893927
0.457236150038075,-2.6271839148181,1.32940278210594,-2.44713272956898,-3.62806922234855,-3.04015872414681,-1.71447900341102,0.498840300884255,8.99703837087445,-3.02393362698325
0.180287969730732,-0.430989759665533,-0.0349706071349093,-0.923916882120536,-1.51314630174417,-0.377743739504601,-1.03548333332589,1.06651410185233,1.62976965801535,-1.74164191372066
-2.18579889808832,0.660904118668489,-1.54706553410909,0.926285787321613,0.709254977671822,3.31546775413879,0.731625441433289,0.281515808787347,-8.25904570402458,3.62671427860943
0.916787924943729,-1.08274595284172,0.477980482337716,-0.185684248973111,-1.70007985593368,0.828617419479732,1.8316938733284,0.431818851340465,0.0045523876459876,0.0928973378587893
-0.867611026914087,0.702583564446268,-0.128036297774997,1.60071937671425,1.24392417456523,-0.254713182934038,0.446111210793668,-0.324638126343485,-2.28554778007152,1.34557679749406
-0.54253533082546,0.382603967847848,1.50617163035732,-0.27066890524733,-1.94530052458709,0.187863117006251,-1.08114139769718,3.23962040242461,1.14880182781029,-0.103457924335521
0.730477168456873,-0.208558814782974,1.04494936627022,-0.291649913491079,-1.13454578358292,-4.067200394793,1.02384501822733,-2.77034996552624,3.18768808650922,-2.84900224206875
1.03230371131497,0.580495219242754,-1.61350076487959,0.697208113997782,4.36751368986886,0.804177060320844,0.237612241293979,-0.0513893587238432,-2.84774497454589,2.37568408769004
-0.827109670012452,-0.13813079823062,-0.706442598011711,-1.33811882389076,0.705945995511434,2.42485144067019,-1.78092677545623,3.00480233233962,-2.28098250969056,3.29628872964489
0.0671184902317513,-0.337389036414821,0.146255019264944,-0.371974903817435,-0.542723054849156,0.373751528674238,-1.07351315514435,-0.372266364032967,0.837061655025894,1.11976158221179
0.678043525972668,1.72880506237493,0.671988888113203,2.73998559281321,1.51495792679669,0.14635635698597,0.783417806413276,-0.282156912958456,-1.62169677314248,-0.64060715112308
0.110891627137483,0.331212198582425,2.08472610556176,0.633808996212881,-1.55149770871014,-1.83754957892103,1.39792372790931,-1.12665459641686,0.629740744564852,-1.20843832100839
-0.382053350074319,1.05209464674211,1.50365473392922,-0.158461245813639,-2.65820203467429,-0.174843192332914,1.22306541344761,-1.10610737351892,0.236286670489406,-2.77271473356918
-0.969865077394495,-0.0188344547509016,1.10423829615151,0.219028193324708,-0.223575256621996,0.493482665551821,0.888799855496932,-0.331437049448207,-1.779212395913,-0.573864028992777
-0.880495140574419,0.449312657445744,1.57462573324891,0.0930583472954184,-1.35838514280497,-1.4231309822286,0.790237888827815,-1.21517015795752,1.18611442625653,-1.16561638239
1.23418694522784,-0.27159729384929,-1.00909195177452,-0.0646627954916946,-0.171845335498597,-2.07623186637739,-1.39340464430614,-2.08035698472992,3.05207790479021,-2.55001162770133
-2.80141310507902,-0.103806626096146,-0.581789299573949,-0.931586869401569,0.8687306677929,3.56884443951923,-0.292830226086207,3.64070374431362,-4.20433226606569,-0.165977550898538
-0.945499296207063,0.331534047712252,1.89321051299856,-1.76505076500769,-1.56504588991137,0.352011670110323,-1.41137721478277,1.48700540294064,1.20552999439218,-1.69367481700272
0.404164076103617,-1.91080425248152,0.442061238847608,-1.31106465834382,-3.14715218579359,-0.0500224337112483,-2.2666009391061,4.30310524757287,6.25758003560951,1.06218876533758
-1.7605997211599,-0.840860012657494,-1.25870368969898,-0.874470853045631,-0.926008577451643,1.42328204007034,-2.03085906965543,3.72068491675235,-0.0448276834840257,0.167162106685352
1.4174824280212,-1.57767997688909,-0.0317156239434024,-0.529747605450507,-0.0214451706859588,0.725654630958392,-0.243203390779701,0.158001919671315,3.19119347287424,1.05295833615738
-0.0783719925727146,2.01763590313007,-1.92464430334638,1.36396518416371,3.46859173075777,0.828267384238509,0.752384393343655,-2.47622329228613,-4.07203232544608,1.38974130706555
1.14793729186552,1.66092601360638,0.431267112235703,1.69369945523396,0.703690467802669,-0.53961553720255,1.67460476933113,-2.39733702269281,-2.89021495302562,2.3311378748426
0.0765245620688268,-1.65041503765473,0.962646924328407,-2.13341411320541,-4.49554806984668,-1.14488463472076,-0.399701731128543,-0.00281253175209507,4.88284616438386,-3.08518207711718
-0.441259837941294,-0.45791915972373,-0.610678007503467,-1.11957809231091,-0.351445107040681,0.834746384531457,-0.677405904158338,1.36464176032378,0.439942154505731,0.400191576581315
-0.10180595707968,-0.722467446066066,0.074296496657394,0.929500701240001,0.135909614511873,1.41783422257674,0.863485315682704,2.96434506938746,-1.69671402978034,2.45229704299312
0.97760291306735,-1.28035163920082,0.577252571178839,-1.1948123754353,-2.65452920495195,-0.715956940564155,0.32714355344232,0.979549542794304,3.02858428230557,-0.429483882515541
0.323622702914564,0.513345795781087,-0.363941649833627,-0.100878182308789,0.904074962902793,0.227920434607591,0.919332954392003,-0.808186347010784,-1.38379976140969,-0.555161772142897
0.644950959721668,-2.1033467966485,-0.456409814650437,-0.574518043450419,0.0972608162333396,0.883569104249981,-2.77233461303976,5.62190091917373,2.30870196983395,3.16128967091846
-0.920699781445468,-0.230767745283237,-1.65796328017781,0.3568899502291,0.94131215605634,1.76038182180709,1.13816519258244,-1.74801187364443,-4.02581416254262,2.23194074415099
0.595363498325835,-1.10042232927301,-0.0728958879018997,0.27964189528649,-0.0899934815859244,0.0762801352681945,-0.445385423978731,2.62591744823296,0.88314341801323,1.5364840367297
-0.191611906075487,0.694417564900462,0.0158875751489291,0.850722213717465,1.67430074183082,-0.267316928534292,1.79119923031696,-3.32205818716095,-0.397361313483072,-2.83715503659018
0.39416269397444,0.63400661369904,0.662090726803359,-0.536845314104452,-2.80240135768298,-1.45518255468945,0.125433478742873,-2.10035336460736,3.3113750896441,-4.83964397861332
-0.541845004344414,-0.401821705873748,1.3789458568812,1.82957417544254,-0.932676344093019,0.643419575805834,-0.082242845083623,3.11548692543736,-1.74752577665034,2.42504405164598
1.24928367450953,-0.147703447813907,-0.977393938251855,-0.296657191943745,1.5803854769808,-1.69190779306622,-1.31789276060021,-1.79877056038198,2.73250115866805,-1.18825129930874
-0.763931809870902,0.851417546963012,1.66580873655268,-0.693593772677431,-1.57200716980199,-2.51388818221897,0.795819107263985,0.212445123526306,1.98985076199316,-3.6494492878852
0.0838914264301308,-0.47617433087381,0.387780287165712,-1.18214334802706,-1.60386142814378,-0.309892837407121,-1.01435733506684,4.5364556301438,2.2136088220428,-0.555027360629155
-0.608063784686132,1.92744938114897,0.201307850230699,0.42778339083713,-0.0802586385492965,1.91872601629807,0.547702079087307,-0.291875913253712,-4.12246533351319,2.28352702280476
-0.247084537120111,-1.11418270604409,-0.079304918317125,-1.89738740495839,-0.537833791463785,-0.410545628807888,-2.03459773773148,1.97871039468527,3.6982087795527,0.235883170261833
-0.267648416623391,0.870586492618894,1.07883661237975,2.69250104190157,1.96481441035494,1.2675158575387,1.89559176519159,-0.126055237027679,-3.79023086172271,3.06334805479978
0.415223958879611,0.725146370852815,-0.362266566101136,0.564595454233432,0.134555627273908,0.563151389229725,0.614435688756289,-0.415562338787051,-1.16518097914958,0.64414880586811
0.113777630424264,-1.21816183428908,-2.44461778137543,-2.02720279221436,-2.47758209367541,1.02653268842137,-1.94317900296515,1.65311326804153,-0.363142284391494,2.17605008820726
1.17832094729955,0.0472158394312924,0.0141529489198461,-0.393301919496262,0.824119576089016,1.10639158310773,0.707189123673716,1.4032679014136,-0.309816044468891,1.04201605818693
0.615246427237774,-2.03290800589168,-0.0202864996056196,-3.30501292117026,-4.26650836753613,-1.29426658494234,-3.27462009638809,3.84454129595503,6.51171164562982,-1.76490864139902
0.20421528281951,1.28835655614037,-0.964617938150001,-0.634266103349124,-0.652173010400779,-0.712158355337871,-1.61640293396746,0.552385132979607,-0.212434766452327,0.579404123875469
0.865923860579193,-1.56446621411822,1.55504706530801,-1.24566233044132,-4.20965958655727,-1.69124374323071,-1.04032041223579,2.45554260822699,6.65707190689028,-4.43776189057316
-0.0493458239652052,0.588917188056541,0.937367671704292,-1.02659119283823,0.201533430342739,-0.932599865725039,-2.07638948102512,-0.00501425990942061,4.11918963574623,-2.55034603891871
-0.338273189212906,0.513128726609639,-0.249665592007536,0.789118442663846,-1.19346810211861,-1.03207294308531,0.0469291795683121,-2.22207872080296,-0.777014604252299,-0.351614673051631
-0.583531944956924,1.43570808323655,0.289667655133743,2.83271131225914,3.15503354810626,1.3237437631999,0.807868556961691,-3.10409748514625,-2.26250140323174,-0.478018683883312
0.234142548190816,1.61371224417049,0.440867365114806,1.0197948697706,1.46651290139028,-1.90177466108176,0.48136243237885,-1.4351622729441,-0.205646657877829,-1.98887370399302
-0.723301591898371,1.09207580080451,-1.35731927746718,-1.39951884803096,-0.274233427009012,0.772265644459237,-1.83565757589782,-2.4523031791337,-2.68454142669418,0.693516625128665
-1.13176459336414,-0.597515428234397,-0.552755531498746,0.0724611431040637,0.97246268756429,2.21798009677495,1.22960715682391,0.459787227021144,-3.59685517313719,1.45242300144121
0.0601315039636683,-0.143513271997185,-1.610014515428,-1.32207509736446,-0.0561480515506531,2.38818934505785,-0.938250101118553,-0.623494971849866,-2.82162246709741,4.45575079096285
1.11599292907887,-2.30993503976353,-2.15268801089739,-3.11501580645837,-0.819572372834097,0.00177260426493729,-3.14558140883553,2.02417780387989,4.99044857982305,1.04781460016865
-1.31354323440653,-1.14758173904063,0.959050675439568,-0.814968926804074,-0.679756805475093,-2.37903561219707,-0.540617067669988,-0.0851905454834316,4.05042376383523,-1.80663415555081
0.934854724037273,-1.46553763976818,-0.0655255875809326,0.522468675039828,-1.91023508840124,-0.899196764370517,0.793323487522823,-0.0649669281499996,2.24872481541649,-0.329909174361948
-0.909128146070604,2.67064419579411,0.189843849455092,1.11840132949264,-0.27880891477466,2.3363236549311,1.43237531016575,-0.372711187244756,-5.47107117325679,1.06279841642299
-1.16810208157775,1.6822706873833,-0.27124962636276,2.9107077245367,3.3150796297059,0.549093671524086,2.17330598017196,-2.56521559537182,-6.16966253813886,2.37647773186322
-0.982260644617919,0.668071285975829,0.619036640698888,0.602727020003136,0.622339893578066,-0.573682015186426,-0.603428715876087,-2.55071312639818,0.838021240994269,-1.31419859897304
0.391972677309856,-0.818100140064183,-1.55764653749321,0.209306501300091,2.08357879244488,0.977431032864128,-0.776984136338113,-0.104532228215771,-1.3652890877302,3.23981928500103
0.27366225525393,0.582355066681724,0.272915743841098,2.0158876883143,2.2883224361997,-2.13276910895318,1.01062358602255,-2.00744102540432,0.209140108585791,-1.34759889447606
0.642731944226201,-0.65815688729012,-0.496736607069151,-1.81523101759523,-2.58827135007059,-2.29835696705478,-1.32809217355899,1.29636767735546,3.62970723490352,-1.02163855919332
-1.54934708765878,0.844549980421588,0.325037476678136,1.00920621230796,0.213345422743117,0.989128594255508,2.92768627894858,-2.49876672106585,-4.91508429632734,1.13835215164122
-0.911448530600986,0.509301084099846,1.27867408829116,1.3669766882249,2.36950622861266,1.55173778125869,-1.47990825735795,3.23511801923427,0.0472429165697779,0.190824823760625
-0.134512141429073,0.6787950839251,1.56733752287168,0.357650302873048,-1.55960224910892,-1.08733025513416,0.00127918104944577,1.13050279639768,2.4546091774254,-4.38191763561326
-0.755462680016511,-0.836524199738848,-0.0466049625487005,-1.8137860627289,-1.04461999822055,-0.642910083992841,1.24168652124994,0.19822467692078,-0.665695162556566,1.03697732765439
0.493131159216832,1.01300495033109,-0.92570135545789,1.31031928136404,3.89075233271111,-0.850091680032444,1.32663937798011,-3.02608381524958,-1.62999578583299,0.349987957912668
0.797617839432857,-0.373392538568528,-0.621426617041338,-1.60289409935062,1.23119957265192,-0.934593170328654,-2.27190389641762,-0.593563434336246,3.92233020664466,0.474952897612767
-0.231173451514325,-0.72128353237127,-1.12005492804961,0.334099156315876,-0.272894936632998,1.24948346191504,1.46364213187374,0.571431016938189,-3.79724117548179,3.92455784733834
0.818937063708605,0.574636309372656,0.779697081565625,0.255634395700641,-0.657072582064253,-2.48442452139301,-0.455448665840469,-2.50745473402168,3.02226864845002,-0.044095359180605
-0.016112044463334,0.215888741365018,0.458262250347203,-1.02740848177334,-3.74534972339274,-0.964382914140299,-1.27224043023368,0.185901908630086,2.78493836412846,-0.875462642345734
-2.36724844940427,-0.216522884604963,1.55339374735984,1.66756376389852,0.543568232712666,-0.35118784620865,-1.12844715284423,1.83535362730094,1.59616536689158,-0.172825515153825
0.229159084906484,0.54858066909795,-1.7480158435669,-0.456011572890368,0.742463845031294,2.93237026603104,-0.108599440589086,0.104884846832434,-2.76928735433493,1.16948479583574
-0.760951399130099,-0.59469211879183,2.2890941487103,0.0703421171128511,-1.01358225944744,-1.32637761540021,-1.00443166740335,2.15344359832119,2.2088316110511,0.436834517495027
0.134840346971938,-0.443460527477526,0.000646199280982029,0.724631207434728,-0.550851875313343,1.52230127380121,-0.0437384034680726,2.81482463859102,-2.02815489827892,1.79479168833867
-1.21516055044799,1.26530233063313,0.403206817562025,1.46535041154404,1.19497727667892,1.15065697125333,-0.423845578311703,1.19695932756369,-1.83563820384581,-1.8245031932157
-0.69779461532374,1.06795636784533,1.00964174624253,1.30218231468988,-1.2529103579113,-0.533048257472696,0.949826118891874,-0.992559205713798,1.03000289141776,-1.32607444721707
0.630641349579662,-0.704873169083159,-0.949545261176525,1.39716614109303,1.62529120329762,-0.160704438544986,4.69174496971998,-0.409313942910368,-4.68918029039458,2.97264914747109
-0.0604304701206428,-2.45127220359572,0.0901948107219714,-2.05233862333803,-2.66457772361146,1.08980947592557,-2.62530434140013,4.8112591961377,3.58463924490163,-0.369703806119954
-0.377240406146518,1.87436493515319,0.678006597915183,1.35237234882686,-1.75071955793912,-1.0223003562667,1.75347089832744,-3.01001634438678,-3.26631945877966,1.16237088319371
-1.57227666325972,1.43368559879895,0.913157986901548,2.08661875575235,-0.432739027116235,1.43482478514955,2.35285043796877,-1.97499397680064,-5.25239421912782,-0.320621018596704
0.168512499903071,-0.419938666485576,0.708231182748195,0.634739877447983,-0.177986668107337,-0.848657764095614,-1.73095862328485,2.30247438347183,2.85091714860783,-2.15991366960302
-0.665327104767028,-0.228929943965553,-0.806437116746837,-0.398033382952735,1.32772836443085,1.01888582374137,0.945213268636212,-0.184641420052723,-3.35652594572183,2.00250680249579
0.610003735124812,0.247622813865352,0.0717420446704615,0.818798528599464,0.0460095975645628,2.16999369558447,0.683560106206702,0.254032445474625,-1.8057832120442,-0.608366627205107
0.0314987332470016,-1.41645387650628,-1.03901911102653,-1.53097110577155,-1.26947326665191,-0.205992181279229,-0.824615281072737,-0.00578665544310367,-0.645701482249348,2.7351122481677
-1.22360253655649,-1.37974595969251,-0.634545987683314,-0.996561107082077,0.353632868686729,1.56524258678453,-0.657485591770177,1.92686306644262,-0.0593589002186532,-0.501787445936499
2.73748562088378,-0.647456655288036,-0.65398614246982,0.408023500953259,1.66621656206562,0.222496562091366,-0.368813129612229,-0.291964756790656,1.77713310292408,2.06973000255672
-0.400359234825949,-2.04157906674329,-0.918137846024221,-1.34005585597247,-1.06740013566813,0.15737980228571,0.716471490139661,0.40310934912732,0.195519641705594,0.432695947293585
0.0316012129561005,-1.44752824689941,-1.76929956284255,-2.91809607420848,-1.5296930338049,1.47779606592037,-5.1970425018498,5.27636111430471,4.74651769464064,1.67319342745931
-1.80777945706381,2.53455458953267,1.10080369994063,2.62130046128054,2.74240706883591,0.637374007087723,1.83996620270624,0.278310847646888,-6.22577192104404,-0.214307234299772
1.79406602042504,-1.16297842972663,0.0516583825234183,-2.48720306129959,-1.63761387125184,1.32453055497981,-2.71048462636624,1.75683051110773,5.24205006363684,0.172090215480828
-0.0753093420159656,1.31352494390328,1.8723768219179,0.464776798167001,-1.05945171444786,-2.59741570487472,3.62959118187664,-4.80322673376115,-0.895531376936673,-2.80708020545496
0.649470748025975,0.62287198100087,-0.441349870644755,1.49735181300159,-0.12372259208708,-0.801454800336483,-0.613721144381609,-1.91423935426809,0.145482143200872,1.030978870091
0.580436484373723,-1.33597795434531,0.000211870854700508,-1.85077087730431,0.305580947717472,-0.512720572523021,-1.63990106831612,2.50657171374818,2.75778821851464,0.250052244582375
0.749637861370664,-0.0947599878527126,-2.21491850527403,0.56574842759204,0.47154168628049,0.475391791651583,2.11506624525985,-1.95443076638525,-2.09309197906383,0.10868878794415
0.373723469436909,0.735340096633615,-1.29313084682922,-1.26526990902787,0.528419870796207,1.15436616413354,-0.933060808613567,0.603999278646566,-1.49295920396312,2.33237663367281
-1.81580265049642,0.452659240755701,-0.747938702803774,-0.0738729089151754,-0.646149352175906,4.43877986827407,-1.43970327770711,3.3914400553579,-3.12565538695157,2.54037462442944
-0.492142567960714,0.448557030286046,0.271428582833364,0.799260667042217,2.13823463705745,0.299114577613353,1.58479664409613,-0.192367722563135,-2.71714713631653,1.439458562045
2.17184770400993,-1.41340218428567,-0.18595153536308,-2.46710634978049,-2.73274891586403,-0.0296297535064764,-1.61247715578278,2.70723074147501,4.55068025422818,-0.778983985021726
-0.738480420598508,0.440153682369905,-0.600074773750251,2.21754804959432,1.71906925377423,2.21703865526292,-0.201115163622375,1.07171466471502,-4.4331306989686,0.169147478225802
-1.35580116227852,0.971055596995053,1.02924272420621,-0.0673376949793037,-1.6895407428986,1.31550634798687,-0.326398489403532,0.0301325240827634,-0.705249120480791,-1.70096405993469
-0.51062459605151,-1.09720757468189,0.601828825528055,-0.865484927984297,-0.617089119666005,-0.653952805557178,-1.3481425848466,2.83023283082777,2.91900562185863,0.435399433089348
0.202133998142878,0.0845355950236925,1.58560577633689,0.463742025528085,-2.33412410289186,-2.21466081999367,1.23224653358598,-1.14808494334375,2.32235761877261,-3.10927400959828
-0.296249079456805,0.760186595612894,-1.46411547678229,0.00370599953004241,0.896690651750764,1.7522379033235,0.170825931252012,0.173316175757998,-2.11808891317444,1.30082026359102
-1.2203926770624,-0.797102804079165,-0.825143869472158,-1.33169518029843,0.119494443108859,0.881888309612496,-1.772245084349,3.70515089115427,3.34331838465542,-0.385495844117433
-0.790928813140308,0.912183766616409,-0.120388060110783,-0.462409994475264,-2.33907886590712,1.8014113746083,0.494343958728498,-0.811588636826829,-3.22768088496071,0.175421047368352
0.917867352945206,-0.301334332128737,-1.7327202071293,-1.45826102275389,1.09739111786972,2.55067329258503,-2.70473819319399,2.47444985911462,0.614677071054419,3.15187104374461
-1.25293481351609,-0.099327914260408,1.16933852504674,0.847000418852179,0.375669293075822,1.20202816342822,1.6009537344975,1.82207665408081,-0.83336054805372,-2.88479711782427
-0.319872518367507,0.553474674773077,1.43275080394046,0.364111673935719,0.189298100825476,-0.803095362986197,-0.0505067508790282,-0.557491357657333,1.08661062431748,-1.81032183792368
0.517237278912919,-0.965823867739539,-0.304133920556999,-1.67753304841796,-0.794969082135118,-1.04177160161663,-2.16212266937534,-1.78453599682157,4.75605552826682,-0.259524781225872
0.0461157622530643,-0.760217979570025,-1.72073388683264,-0.462083415062469,-0.300361344990479,1.18715576803416,-0.767891635418258,1.46922286020426,-2.16450768568296,3.05438781579158
0.358242034671536,1.1010965873103,-0.88652142964488,1.5312353628577,3.02609260110857,-0.47859449380671,1.5584385796243,-4.49527447377464,-3.43744268836803,1.6853690487201
0.226116694748543,-0.719187621352728,0.146519108469728,-0.192971997902355,1.70948521298452,-1.37401259478477,1.14871130534896,1.03726049349915,-0.466085945123859,1.32773388827056
-0.130189674958166,0.866904435410074,-0.972181019569258,-0.0103644778117794,1.12668099086737,-0.0697068448240258,1.11043437777634,-0.473382876257895,-1.38801069880505,-3.24279179219349
-1.24698514290151,-1.78822907446455,-0.304497514206555,-1.24509261185141,-0.087243582586633,0.329546228620101,-2.52387386788715,2.99749560596431,1.89061638728091,0.909977913772491
0.198320670081489,-0.870673128380479,-0.604838934466613,-2.28063916807807,-0.906579536527129,1.17315986338052,-1.32699207902847,2.65002051402633,1.55650869537393,-0.143757315694951
-0.525828123575623,0.331807280492502,-1.08685072782773,-0.0154333137497159,2.82509476262704,2.69826698561029,-0.0723863523413785,-1.10607436945961,-2.17358936064286,1.27586006847818
-0.467620103869075,-0.0697235359184904,-1.440340326913,0.344662761709545,0.0500230192244528,2.05056787596303,-0.159381136867909,0.835169860903625,-2.59770796856851,3.21991135364144
0.345295785512009,0.213191144328966,0.898205335327214,0.54949943383763,-0.613472616515221,-0.164798115420233,0.422754339026947,0.174303718240043,-1.17547676880432,-0.487909637809172
0.0360062036808574,-1.35497870111423,-0.0936606761320393,0.576106746239226,-0.82435180655413,0.301011506955282,0.526641571102447,0.767348251956628,-1.5705671306309,2.62868231711088
1.00468499278863,-0.652071708096916,-0.738824748690051,-0.944921439990955,-0.356003836418105,1.46125310934358,-2.27374693653297,2.82261487728331,1.46693951538789,2.64492945650021
-0.0173880224310532,0.678819740730744,1.31797915371292,2.58932733541937,2.07205369546938,0.176902265771282,1.69964222712533,0.8660648274008,-1.69220894882516,-0.634276865286
-1.34989423287535,1.00131204989609,-3.2414433214522,0.490153360481551,2.31594863662766,4.36178740613879,2.7062881525622,-3.47223401954003,-7.53095864325982,1.85251448740911
-0.848344893759736,-0.350590824236303,1.84203641310975,-0.852613206967107,-0.546701646026478,-0.846320484994094,-1.19617348063757,2.92431276394964,3.74921655840373,-4.75256164307619
-0.360973339776713,-0.874010892189795,-1.93990617155624,-1.21586453953219,0.812286688601529,0.93856858487677,-1.93636552236725,0.360408801230842,1.86884518432957,-0.675714508193923
0.683001937190141,-1.78919223649626,-0.907840710298929,0.0314763346170915,2.77133379091897,2.75691250941547,0.455664096824444,2.01221912009866,-2.54013296051216,2.85845249946218
-0.616866921076792,-0.364795573407061,0.359467430728213,0.874098717678849,0.942179736614929,-1.23680278873221,0.411266391344582,-0.924536100508312,1.00510896882881,-3.22197674664242
0.217393750195624,-0.0807649326169184,-0.982194151533159,1.81706844483417,3.53924407692478,0.00871652874475463,0.405317844665574,0.645276036020101,-1.19324420504974,0.262415021612296
-1.12485640491272,0.777431626558244,-0.785023457588916,1.48435342481335,-0.0949555848885905,1.74061376067301,2.14326033172813,-1.98683319178196,-5.12629500194065,1.14062377452056
-0.882842768245586,1.37274421106438,-0.0695058588168062,-0.00659494514176005,-0.724889047641372,0.559906132134348,-0.123435282202831,-1.32341593548906,-2.17015223172246,-1.21639136894384
1.08960358054993,-1.23513777116042,-1.63345684004906,-1.338142594296,0.0744342369898001,-1.21763626133524,-2.74609012336248,-0.056119057998344,4.71066065708398,-0.0555854981628027
1.90816537035104,-2.16978208511024,0.659712531238742,0.119460183396287,1.50676281024115,-0.86508626515033,0.748420228826188,-0.454655647682967,4.7616977811308,-2.33343918876803
-0.866435272510733,-0.209404286905895,-1.40118630059778,-1.15748985475882,-0.546227366600247,2.61039718216121,-1.3067993098873,0.43175431341958,-2.72113902469216,3.84089680227611
0.920645571701496,-0.339605798633447,-0.890066675270077,-0.851926817376753,1.75875436430309,-0.505002479150706,-1.31284459292686,-1.13982489506128,2.49527598398825,-1.41824218690685
-0.633497638801115,1.21113806836109,2.08795801055367,1.68669054636617,-0.372927142949983,0.120826543444947,1.7562578428889,-1.41597759868203,-3.32357467461385,0.46934999924246
-1.20770600695369,0.448302451832153,-1.57391775354921,0.197493509646467,2.74110882951107,1.70276351869998,2.01037424659448,-0.484795909695411,-6.34150009925656,1.93992258748114
0.268484174841593,1.20037297080278,-0.388005635029065,1.04068028443031,0.98289363588482,-0.763329053659128,0.296105301401092,-0.874180608979814,-0.81026397898639,-1.52799722385374
0.0984692261827207,2.1659094318162,0.656029690619338,1.69843297565861,0.0806983516189301,-0.425844695255238,0.822517151566444,-1.61166759652579,-2.41276631276196,0.909388185357407
-0.718940760166575,-0.635698396419792,0.220506157642303,0.162364486026315,1.55315536360916,0.183636105071707,-1.68739280751207,2.76548910480214,0.665126092247659,-0.348407263155368
-2.07488804482907,1.08047020391545,-0.911740693299569,1.94565928250287,4.72020361144941,1.66945588499396,2.62509003947738,-2.61560866789276,-8.4716959580611,3.69366658166059
0.232734221724729,-0.235506911944242,1.4669753378099,0.0408436994880103,-0.603011132633701,0.354534367122453,-0.0624739326656441,2.06976648736938,1.35793212474669,-2.10984465618268
0.936100545741898,-0.928238569169714,-0.0141291470449201,0.144559447763706,-0.360121283779208,0.798791882458708,-0.00368067834746365,0.264258282227044,-0.885215962552185,4.45765217513379
0.238545528505051,-0.635718300157768,1.02032682344624,1.1501180050164,1.95221985664251,1.11879106027958,2.07685675314096,0.633941987037834,-0.662141849638144,-1.79366975204262
1.16648661395607,-0.268497078772735,-1.12357664380025,0.980266503695675,0.72080121623632,0.307719409872645,2.84970251630206,-1.5503753983152,-3.72155659737895,1.58823392020595
0.366957986032222,-0.0796372045538936,0.370960043620225,1.51503699818209,-0.511081307480373,-2.29807367220461,0.640581064320887,0.0171642687860236,0.657228493097561,-0.603721508545205
0.416029202584869,0.152267602745288,-0.209733139268209,0.762734663003931,2.36476625955325,0.34652048643404,1.11983924483778,-0.317045071230005,-1.84932766691133,1.7100464367178
-0.674386715189754,0.607081308491505,0.748730212678419,1.38402841897394,-0.639207876086401,-1.44713296280088,0.789430373389751,-1.40439421069673,-0.375043598460727,-1.93318021596902
2.09417950818514,-0.72309155702723,-1.44199569826014,0.884338760697135,-0.49304136411851,-1.98939375324875,0.069091146673311,-1.29884195200537,1.04550380926848,3.1141208995822
0.472910880207353,-0.089554186993428,-0.697409432582627,-0.0461637368312103,-2.6024627372158,0.190377356432668,-1.62095759308777,1.44591784621539,1.41625696575048,0.860045731269191
-0.708665048352091,1.18204624722489,0.694002497771436,0.438874995019736,0.390269357541129,0.951130130983717,0.587013000102756,-0.298033911810189,-1.04548376939493,-1.94310737174392
0.254826861073137,-1.48413675023126,-3.52740920388249,-1.91304156982803,1.35802794550968,3.17989393347257,-1.68750328967662,3.08973143705367,-2.2472529957482,4.01599553632606
-0.937744429509488,-0.0467035088929186,1.00791687684696,-0.865427506186999,-1.73718470456324,-0.837124449137451,-0.460717137271006,1.0676017300821,2.39170559531311,-3.94127546264503
-0.149640607798873,-0.475194824084458,1.64152533874272,-0.412172625680795,-1.58899088071733,-0.947881162292479,0.431544277265498,-1.44546429288495,3.57749182617944,-2.56584288635972
-0.509195356506339,1.95053515227019,-0.43927717023645,2.37387877001991,2.08303340023858,-0.958207120549824,2.81836713777319,-4.53260506935757,-4.98749414271947,0.812615015169825
0.797904267864251,-1.51798941112306,-0.0784522566381911,0.432121417950082,-0.511814993167622,1.20694897375273,0.957118045443263,-0.194513316213696,-0.972314621660816,3.59409886404046
-1.4077852628219,0.378028085879762,-1.01588601529632,-1.56133290097551,-1.20355914002037,-0.464001028866024,-0.915007959542633,-1.59295716865665,0.870616442240521,-1.50452123775476
0.496401346229547,0.288068035555403,-0.892022819647164,0.877627146130899,-0.147852128290565,1.7091993207778,1.40270590517495,0.0647926555206857,-2.17733031498232,-1.02944172652936
-0.76346862784164,-0.269643057254673,1.06721764831864,-0.01657107777961,-1.91539691464404,-2.98815206252835,1.94653429196601,-3.09386276544009,0.427201698807748,-1.86392399533909
-0.356810762904219,-0.107189746877737,-1.4900780630766,2.70556020313602,4.73399366771358,-0.191805041601434,1.9686280731605,-1.36702085292721,-4.11115004787902,2.21842868519016
-0.188360528037376,0.276660353442071,-2.00995379423296,0.657491735332641,1.27271818144925,2.18978294310814,-0.644669509328806,0.796668066967092,-3.24978583214428,3.24932457265057
0.487035985954611,0.758308619124411,-1.2213306591096,1.35400850295475,1.71644043685905,-0.161307044897467,1.29363996453046,-1.18560192371314,-4.83323337150284,2.39264113317885
1.68593922576108,-1.2026125039798,-0.408965867763572,0.915725604727925,3.07286476043973,-1.82815155441678,1.8758037628924,-1.56379667047793,-2.11625258154264,3.20829145218954
-1.2597744231415,1.38537622029937,0.81855437204905,1.47867687832309,0.572839139086039,-0.950382854163972,0.612444107621291,-1.09224142652425,-0.134020328700233,-1.08162319439564
-1.15506184941915,2.13293653553086,-1.57650861594871,1.12520138928627,1.55949978940313,1.52465926844837,0.00536601331140824,-2.06275017287611,-5.25437721819695,1.67375202154729
0.11447143864253,-0.645242921855813,0.353179979258519,-0.319043845246102,-0.501081859166491,0.548522901666993,-0.257568680739195,1.46150645148192,0.348377912685382,-1.23934569555548
1.25418760427064,-0.710624138078469,-1.45235705538696,-0.905201496333878,2.16135556918168,0.88626763854453,-2.93720497823785,2.68600073041827,2.14596196618664,1.23397771062438
1.80065701140156,-2.58749225563103,-0.768847895560408,0.618674539206894,1.13441049688211,0.162561970031622,0.680103911114574,1.00355567929992,1.54202300416683,3.54251723689479
-1.14046154452938,-0.418592194333222,-1.78210221541292,-2.35973100211894,-0.170889421646458,1.41672344886101,-2.73422081701711,1.07511146723162,0.621666552017223,0.640893267317842
0.713045892640667,-1.72952563800479,1.57944580753413,-0.921838590154527,-1.37908705524497,-0.914763175793637,1.11715769242925,1.58707560792405,4.92504437454975,-2.56652796180453
-0.857218343647861,1.37134167747223,0.599612329457102,0.857197091018414,-0.108341052969599,0.996683254712504,-0.00261054053169396,1.48764800089302,-1.31130530434438,0.592150543153692
-0.991037151111559,0.573315286893382,1.12977883378258,0.914044923242674,1.70010587627532,-1.89281501437625,0.717764037627834,-2.9533377134483,0.909751354470921,-1.41970360544182
1.30108649454164,-1.53052010676407,1.41151105294249,0.175666970012243,-0.00169778981358938,-1.71769054054306,0.97838925916343,-0.126311277488886,3.48018777010435,-1.11466419107769
-1.35499144738711,1.58895278634157,-0.506338126142076,0.72569118530246,0.625719177247419,1.99992777946904,0.63807763221763,0.98728516355358,-4.54770415522529,1.37086759996801
0.473065126945155,-1.04054581098668,-0.160878851038319,-0.7561708441192,1.09727286026429,-0.436335932403151,-0.766716099784119,0.919059411930793,2.97010053237373,0.517955570871774
-0.604404018277454,-0.862020482164951,0.460217026527027,-1.62824996290468,-1.76741332979499,-0.350562615908779,0.493346131974976,-0.984220903701084,0.729936374056154,-0.790951666196697
-0.441680056911072,1.21672245131102,-0.254661508478873,2.4044952106452,4.50083951813559,0.894486257191937,4.13035763251658,-5.61770765593625,-7.11871111939581,0.593069055342189
0.201681795241213,-0.294758774091485,-0.323627255521943,1.43059803483081,-0.0138351107965175,-1.51098463583149,1.35764249450112,-1.61541416726838,-0.808659790085934,1.5984834870076
-0.330518359228577,-0.165029551450946,1.61901920546887,-0.790278268310619,-2.68689457877299,-1.07886224460645,-2.23770463985048,1.30970844160086,3.60231159450766,-0.43217117323187
-1.04853876540456,-0.367344366647324,0.701855141697601,-1.12675269316206,-1.38574044919855,-2.01626366697102,-1.86101970335452,0.84163698907896,3.22989013074633,-2.15252849045123
0.329248877711702,1.60208033825079,0.195551334092403,2.99542064658529,1.02308931151063,-1.0635001095356,1.86440376719991,-4.0026094368973,-3.40085929719489,0.430311917624548
-1.01541585949202,1.50890235946349,0.673505206710268,1.90027064219731,3.15055231195132,-0.545491669864945,1.59579315187339,-3.00509836320234,-2.35155156985986,-0.639353270421373
-0.223830520191388,-0.11296847810542,-0.648384574310712,0.132203384568924,0.401419145022341,1.51794478482612,0.915794521788536,1.01335292730811,-3.22886320134869,0.0174902410783434
0.515452296226352,-1.43533784378569,-0.763039375125191,-0.910888827234926,-1.35599835090307,1.06012882817956,0.436721622676464,1.27216444246721,-1.11218417638847,2.11214259547823
0.665230938441499,-0.619216471825341,-2.2160206622606,-2.01745917745557,0.953588367992598,1.02997169222229,-2.49776703035671,0.385963506482081,1.16878638922977,0.470732009215404
0.238490640023188,2.09622309773811,1.69274770171231,0.132571942602296,0.0613997493966524,-0.844733201577837,-1.45305708753173,2.25141406296233,2.48315906617413,-3.25280666355403
-0.0916787995246542,0.575296770021294,0.269084342908629,2.22113030902243,2.27498848166121,0.308272916508712,1.69083776031108,-4.73832421049599,-2.01290713559949,2.41306214635512
0.0306812045141837,-0.714354316070337,1.17225061826632,-1.82985715278958,-1.53875963729382,-0.668816558714679,-1.97325679070326,3.20278033518483,5.22276008008354,-2.20962822560521
0.84718321012925,-0.630166694714195,0.151702042002787,0.2357329572929,-1.12036099347847,-1.08276656354517,1.63605050163849,-2.85134770772331,0.0195675961935675,0.444370694787072
-0.504191693867204,-0.130394715863373,0.394995511729849,0.448515927332162,-0.0367627559629874,0.256229857112139,0.67848510669623,0.456422584255179,-0.725303153250052,-0.591700722840201
-0.208324811360247,-0.378704200010777,-1.42585859396513,-0.21540567374044,1.2420845140658,0.153065427697572,-0.420520389314791,-0.0128784768409771,1.23403325537216,0.109281389857012
-0.297224160854875,0.374017050071955,-0.433104113175643,-1.34968226186705,-0.606841922780635,2.4850573931439,-3.05668789871726,5.66800099484669,-0.981840239785958,1.90441694334695
0.317808089151159,-0.228292033166774,1.73203715054744,-0.02001242630602,-1.56924637967577,-3.23961772279306,-0.336619228423824,-0.649143499528599,5.57126002574701,-4.22040879890706
-1.92974856603586,1.43969012352787,-1.00764371300279,2.72805734893891,2.03640849967537,2.4227971467231,1.85194917891426,0.0569128576065647,-8.60176742725002,2.2317931426268
1.13994375973881,-1.06649995536945,1.51906716188742,-2.00177319256699,-1.97701711974347,-3.45830218055201,-2.52936121342553,0.860917232442258,8.79535419309468,-2.8610830205637
-0.08140253043443,1.44219813715229,0.404438185981706,-0.734700191328179,-0.8724615816873,-0.58756799360948,-4.30573276370655,0.953532853144212,3.03384054437458,-1.96973550749478
0.980750065309303,-1.53017563873816,0.639516100250151,-1.06215235384957,-1.68560423865397,-1.17385205752712,-0.268545244973163,0.966240023921494,5.51250607061206,-3.41400959529695
-0.840718536674886,0.58377600550435,0.591066074493301,0.430942330294065,-1.05419961721532,-0.556347001865421,0.437248546225746,-0.17343190180388,-0.650206101939348,-0.837189526301733
-0.1834952014928,0.438923353560103,-0.495350206107283,1.65396944740205,1.58877532305174,1.11235107869103,0.784674725286373,-1.05711622812435,-4.08686668030316,1.59465975933422
0.84277644193507,-1.99866665453904,1.01535012243996,-2.15382301153864,-3.34401237206124,-1.37027108292352,-2.77998650998112,5.0038170933464,6.83178031515471,-3.28231209923483
0.359667573567327,-0.765611312029759,-0.95131090376354,-1.63976426357887,0.042310668737888,-0.153966179052551,-0.135214332036101,2.45570980866161,1.75648205701052,0.163206439945827
-0.731631150324074,0.848251438056769,0.123730712895066,-0.563701548757317,-1.05882589495948,0.942439143700247,-1.27023183411852,1.4109124126401,-1.44599776457985,1.13235513570628
-0.252917824425775,-0.603931302822073,-1.91315388859474,0.771778093434529,1.94346020829021,2.33591023677452,-0.00559485553893329,1.99458111974853,-3.8145278884441,2.72134914221177
-0.943312967212667,0.593034028546852,-1.23093977212396,0.684032458839745,2.02398907887933,3.41470230663166,1.94377211160585,-0.862128755348588,-6.80697166773666,2.52038588763857
2.47071347239521,-1.4037068332305,2.19215410542565,0.893011996928338,-0.815973614592832,-3.0789941976169,-1.25861436433111,0.542152797619724,7.90826904716685,-2.43902151691621
-0.49890929751837,2.05263171635838,-0.327114233803781,2.17209770218879,1.28235517819786,0.116212656535773,2.00187513868412,-3.29901172276326,-5.39087150728419,0.0486631637532937
1.64437850711046,-2.34872185788132,-1.64277557519116,-3.21305970347113,-1.60368511967878,-1.2569483694155,-4.28686268682422,3.55130325810396,8.52321272332107,-0.888278037156197
-2.34494520485913,2.76624539055433,0.804508227394503,1.29677123076598,0.647906654558199,2.4744727195817,0.556926106391989,1.66035285321232,-6.05572923763569,-0.438587720059164
-0.382293981928199,1.78859156860241,0.738525055436505,2.72114707141552,1.19445785571196,0.25835887630518,0.164764903505366,0.385139051913274,-3.26935102860199,2.05945388848064
-0.905826957172045,0.975974549593998,1.8015446136251,1.79039086650295,-1.63269380479188,1.64580098588237,1.58418144487364,2.16310549254851,-2.71240659420565,0.969271159442126
-0.04309636918446,0.902942275588155,-1.57755030432031,2.60596421931662,3.28635554708668,1.08948378115581,1.08673019918397,-1.08639533213923,-5.53124799728435,3.58887557611593
-0.856890738101482,-0.211206463480863,-2.07454600770343,-0.308200133273333,1.7158076136929,2.56426788759072,1.22570123639519,-1.19397159784616,-3.94408661458654,0.239616315999951
-0.658998202427061,0.345337118370127,0.329990355378879,0.918519362846417,-1.24530085454437,-0.376328466661444,0.744727470798339,-0.0225451898436391,-1.84576000467166,0.856173580231016
1.04256149203978,-1.43206971754895,1.09333935963894,-2.0461292533146,-1.76373248499862,-1.35189362848798,-1.75123987754193,2.17599197507256,4.95365837658456,0.176818425157608
0.658249352144755,1.84475736672161,-0.439709680323218,1.25780748340505,2.56225629125297,-0.350847015764771,0.997339731178924,-2.2837878775568,-2.40032298948599,1.43219632684664
-0.320250103106751,1.13433014181323,1.11788001964658,0.378745927465909,0.460433412831996,0.219275178877601,-0.932287732494732,2.39745743493539,0.993984632633355,-2.61896227515498
-0.12180851314344,-0.0555578096955844,0.407936357156236,-1.239258416116,-1.58353997232856,-2.15674261237712,-0.989238142582066,-1.36200052253246,3.11996743708224,-2.66633621273593
1.20195063042615,-1.18920583114336,-0.993491916274748,-0.593635000899327,-0.350999906074862,0.244344937591851,1.13810765537574,1.28854139909672,0.959494741180407,0.27019742902121
1.05352431032891,-1.07866247868542,-0.645876721942246,-0.59530227301266,-0.991550253547958,0.750887899374191,1.16375218472441,-0.938507056283436,-0.40935904326751,2.90337908875645
1.48725391566508,-1.59907109775392,2.29395840343502,-0.879213711023185,-4.63385406305282,-3.18389149637585,-2.08175221892052,2.50026541458986,7.52201207380775,-2.51441093328422
-0.599122829403779,-0.382449464853213,-1.17161707904556,-1.78167185345678,-2.21249000141524,0.957699916114673,-0.954113461952176,0.827611067985179,-0.744789729071593,1.23234341470352
-0.0598115851450944,0.487392643530925,0.76741058345172,-0.58662903898416,-0.97539781969944,-0.322988076498271,0.0472406788699172,0.303438637406444,-0.00348644242336493,-1.78760257050984
0.806456284272331,-1.6792358578241,-0.538643651156115,-2.41857017957777,-2.3665966257436,-0.477325305902984,-1.3995317115348,3.05819356103282,4.74147799235323,-1.71513735615233
-0.400458062425404,0.0838348842474725,0.0696275745665878,0.912480419325677,-1.09551341310765,1.04710590095916,-1.07103541104378,0.405635868566299,-2.10697469170906,3.20683341577661
0.109324207408769,0.221877542146038,1.46185585473892,0.662832095378727,-0.723891850023092,-0.577183507107692,1.32711356639793,-0.783531437562092,-0.0259916033396514,-0.915069526064585
-0.242745111311047,-0.685586014072416,1.01935567150264,-0.0311162336984215,1.32804981904627,-0.67676975818226,-0.721193434503991,1.10560407072436,1.48718792517948,-0.225701245664785
1.5365357075282,-0.769977151072838,1.21624709612518,-1.4266730549225,-2.22572654246661,-0.5966313015496,-2.92923016279089,3.8381604881712,7.23650292540464,-2.48661718368788
1.61942108114321,0.547262333619721,-1.85890167304664,1.57565145726742,4.58631186173474,-0.0858421345560301,1.85655983953009,-3.32576297854806,-3.67468864578909,1.40916318474949
-1.09775990626492,0.0477541131801479,-0.101301071481725,-2.56782652530837,-1.27762554770836,1.50186685598374,-3.87260196062786,4.58394718083155,3.83684078425749,0.456666413306477
0.27645832992035,0.0488626261681677,1.98617123503222,-0.13596737229891,-1.32215772563092,-1.65217045244838,0.694202892768355,0.460046606915968,2.25874599883598,-2.19403337454365
-0.520402352751627,1.33915666292967,1.09325561389184,2.00105509517941,0.346904291925476,-1.42349338150556,0.495074721212427,-3.01941832916415,0.286280226446149,-0.882281502488917
-0.013550282221801,-1.05629534523671,0.985477198019416,-1.08159482930996,-0.544395710333484,-0.920972284307831,-0.190961489699067,-0.611326302422797,0.393668431683693,2.20518046253901
-1.49781357894857,1.57623030881352,-0.454873237920346,2.28314553510509,2.73883076374857,0.51944530169909,3.6777689532306,-4.76605094664308,-7.30736480018784,-1.42699244037769
-1.07043721982424,0.966377536222016,0.952812611378314,1.67427362765748,1.79121347138917,1.18477859834269,3.16025863473709,-2.51539034542549,-6.01600823101691,2.72794528216935
-0.199872240011787,0.347454306787446,1.33975002606648,0.469403576759552,-1.15715727774211,-1.67956334166198,1.07469646126814,-0.776727572509091,-0.208262632783914,-1.05810173923637
-1.16550734489954,1.18748846598197,0.409471920924441,2.39105762055225,2.31808219341902,-0.29703249274151,2.47393552621199,-2.73016547780038,-3.7937216484156,-0.328448344580952
1.36411711445725,-1.31532118449156,0.446767156444311,-1.95483595285878,-1.5066607351372,-0.229827977529144,-2.41702660069984,2.95779532437405,6.28840450795179,1.21771879205669
-0.835201322835004,0.535654610431195,1.49618695999624,0.870494020445742,-0.386832836666716,-0.737615044844299,0.502167065561207,-1.1731835149846,-0.866937118870187,-0.395414745891824
0.863562908840852,-0.72223374684512,-0.580433586264503,-1.28161038145543,-0.938000392025928,0.869891515811809,0.120289754268363,1.13235089145158,0.966728732970036,-1.1687242824181
-0.502472875458863,-0.297202877254783,0.405390737425363,-0.342114944333572,-0.0525455272310598,0.0378120638530016,0.469255263087934,-0.272682944656473,-1.2518712040301,2.19817629700704
0.943650523402118,-1.66617745944017,0.610476831071151,-1.97163721378359,-3.08484899328488,0.303479675987286,-1.2819982936146,3.15010962460176,4.41270490194609,-3.24830876696242
0.10545319978239,1.17838167030427,0.359501129951776,2.11892303003253,1.02722185401963,-0.109153635213557,2.44035419274892,-1.98429606827485,-3.77057537473682,0.207831544530136
0.568296849969891,1.50874334542615,-0.373277676229728,0.254126301656757,1.19928839320219,0.928280945967647,0.0856307617027265,-2.3224111644462,-2.63867071717475,-0.0948081782218776
-0.502145849594809,1.31845763602239,-1.42094781626604,2.22183829253438,2.90953925234556,2.12663514319242,3.32217301897406,-3.82263476527653,-7.80878468625011,3.9440390543966
-0.790839645339014,-0.618770521622074,-2.56086686123528,-0.443881207855517,0.875793702809597,1.72592433803338,-0.212582092734456,-0.265645053893617,-2.60093020434022,0.987842136037107
-0.34729069339983,0.91890919490788,-1.80748353240483,0.488868037703492,1.27528295817563,0.127313259268926,0.282507454893797,-0.760143581018049,-3.24702314636018,1.18866562228345
-0.107997693021353,0.738079975732534,-0.862720200271518,-0.49374240378772,-0.436483866241431,1.17488442218018,0.465380813732618,-0.167273313092308,-1.76058461412194,-2.10096828738973
-0.527631236290943,0.135631940820781,0.17909981998242,1.65077505536867,1.40110746406711,0.250782415484207,1.93774683947294,-1.74454506378766,-2.50467398413406,1.51924809147951
0.850211184382815,-0.637973186673787,0.067580302529517,0.0101713062111554,-0.0482849133402852,0.882822912985391,0.842455594189746,1.12450052897295,0.247214139736468,-0.11419569867322
0.178180431612272,0.313715611268462,0.0020664619010758,0.889340979579058,2.02527302641731,-2.71725530414258,1.06012383636415,-5.42810725876276,1.44429889425891,-2.09941171860112
-0.344028247367931,0.0661238653811928,-1.06735661377204,-0.168774265672533,0.535486749764602,0.335537457498677,0.734075393755786,-1.45063704383744,-0.92981195450985,0.770084579131761
1.26785061915499,-0.374916988600451,0.69868958523545,1.16694463863298,0.449865559652064,-2.63392963686001,0.89848693385084,1.16479924252553,2.87636494290365,-1.8093736990279
-0.939572300971669,0.282429013181975,1.06145226506846,-0.0372309764863435,-1.47390536905864,0.438312318980097,-1.4341969154155,2.50297868232354,0.468446456387023,-1.48048016441509
0.266424541412773,0.119537449763073,1.00890497098601,-1.31557448742178,-2.3426918321689,-0.835419481182632,-1.73528501247787,1.64359265578879,2.68803672315891,-1.01313229481425
-1.2971286987622,1.56880554700193,-0.142381167745845,2.66621580189178,4.27933803084549,-0.616360867939165,2.2002119484552,-4.21178527422362,-4.12249107016673,-1.42542343455274
0.550725017880141,-0.64118780793918,-0.345346892147968,0.670197206259834,0.831424148296619,-0.196972168133689,1.46413901870313,-0.506262885160336,0.336860689781553,-1.95442947182029
-0.124080603411526,-1.58369880295579,-2.0279765461649,-1.96053270686645,-1.02820314122188,0.740964241751803,-2.26542775252021,0.955703469081946,-1.58808209648242,3.86649053356396
0.405757117412905,-0.962858065518068,1.14867364540034,-0.127619096400196,-2.71128362610539,-1.35760774957105,0.904684260877105,0.517368658977065,1.95825997921752,0.297460218296776
-0.491933989628539,-0.605059620104773,1.35359087287656,-1.57917843167021,-1.55368898053181,-0.686601277362801,-0.966758521251163,1.64547762162118,3.62669070819072,-1.56898327249648
-0.592717108915468,0.44136146720026,1.21808823019682,0.812513517125765,-3.00833452651502,-1.1644925976154,1.25770297037522,-0.573765866266371,-1.44343688617317,-1.77219980117043
0.480585966613179,-1.14742109093601,-1.96834277305127,-1.06626648545276,0.624849486672185,1.00770680221579,1.24228785379363,0.960840787320931,-1.34995221676792,0.521904779791976
1.29575927564797,-2.04287354004754,0.194442925946218,-1.08774314918615,-0.715063078229956,-2.54005627888951,-0.378354164477992,3.38064793888289,5.22344313427712,-1.01737969973365
1.21912510023558,0.581335360397952,0.762742791828065,-0.949948461642774,-1.03048059339935,-1.66650754227318,-0.751091919450028,-0.305220283171619,2.77937307808698,-0.624447735152178
-1.97452160070046,0.618857480012472,-1.3434051938662,-0.206732420870329,-0.781996817612353,4.23183594503237,0.265329613583228,1.03271764958572,-5.77801194771605,1.03901803841168
-0.354335813014933,0.22781581979056,1.13627920126461,-1.59008716123433,-0.790378570076555,-2.05914536300705,-2.31172170919017,1.74161545175257,5.61874525680374,-1.88075046632733
0.516261821795906,2.22805992505268,0.795230526078583,0.771957800585469,1.70575080343695,-2.69353204378017,0.78213751699324,-5.33407305799012,0.0209497819670059,-1.30698197911399
-0.715523160545718,-0.22809399162088,-1.99169638286748,0.164642896108394,0.424963700923671,0.347125931893812,-0.26568793543077,-1.20016776759213,-2.1493693237349,1.37378673443404
-2.26437096266909,1.17400303581677,1.11891301428009,1.74014028422787,0.729890765817761,0.696072617642084,1.49856324039752,-2.34125175472347,-3.96072832398143,-1.86892392919169
1.1852775191378,0.236630016386437,0.00902489778081476,-0.72640729883699,-0.208811299219497,-2.1786108240433,1.24253811701485,-2.20008437137291,1.30689477620876,-0.752912374113084
-0.330168617971438,-0.626383604016479,0.393295516991066,-1.97907379121775,-1.02366820160708,-0.200865378223481,-3.09403547270843,2.76825980347264,3.86684524469436,-1.08238337447174
-0.749323152723657,2.37167061041294,-0.818616811528708,2.59236964725349,2.29557587758827,2.09197497283945,0.728309175553835,-2.93337368041241,-7.1091574922181,4.04292599462194
1.50491659356525,-0.204385882800853,0.430993828124551,0.611566111020517,0.76344740459737,-1.22028855635862,-0.0448449462690543,-0.678064005740893,2.99163343562602,-0.701634489081388
1.58882790750014,0.308196053450419,-0.277748387494562,-0.456675533622958,0.220449886200146,1.7172434553581,-1.77541246792822,2.60562832662047,-0.657533902440056,3.63180040108507
0.190575343248917,-1.02600417781292,-1.13198056778291,-1.81902028151559,-1.52116969716984,2.96589872841762,-0.945626541638274,1.69170609586331,-2.00945687179655,4.15147953064803
-1.43920569174474,1.39007928037291,-0.93769139678464,0.161401750498585,1.81452052382672,0.326698604910615,0.763974654987069,-0.279208187142383,-3.13667876518177,1.06170081700343
0.440242197035235,0.463855428928467,-0.138625289906506,0.0187800572665076,0.0121394392887901,0.106682987277453,0.748908571704409,1.04381516510299,-2.1761770751092,3.03038671431769
-0.692813781247145,0.133026436288176,-1.44743871692303,-0.290947355114492,1.70088516816573,-0.517574222204514,0.816498933756055,-1.50039956484634,-1.62076751841846,-1.20962110122571
-1.22582309116947,-0.608049332603203,-0.443431154880196,-0.502515253859983,1.20021051741022,-0.524380742085524,0.412858388700502,0.0990149853803384,-0.779453474159796,0.141368803098166
-1.1592253732587,-0.56226614848478,0.621104706078576,0.371826983865965,-0.451642060512507,0.264132233524583,-0.793218169953612,1.99388370773577,-0.826983110434388,1.47898639057099
0.907559014388093,0.323654460712418,1.74840638534252,2.06988846604724,-0.0909197282748368,-0.250840159219199,1.13052411574163,-0.761788701479143,1.17164965936327,-0.190693080615149
-0.632003823975247,-1.64818179128589,-0.00921088439274285,-1.88995569838059,-1.10169136626031,-1.16748498897242,-2.41327459912598,1.20158506921496,4.98315291770496,-1.19252343315543
-0.966425345563366,0.824891857909054,-1.72688150222557,0.111159012803594,1.575343782363,3.22989629864468,0.820262883066175,-0.71014998713088,-6.22461834472885,3.99656494079867
-0.428069914955979,2.20326748233043,-0.928373921180032,1.8434791856867,0.523438281334191,0.401411338282079,1.15691136572539,-2.51225797041247,-5.57949005326592,2.19717301762508
1.56927170538855,-0.465102474591657,-0.869653640429713,-0.998851765225294,-0.467906484476559,-2.04260768517752,-2.49564215364992,0.625486078157054,5.88891071479741,-1.30439657795854
-0.505743719371618,1.1932004868494,-1.96851298516744,0.0584185995969846,2.49069681048055,2.33090368758752,-0.907136923378676,2.04027318378887,-4.9688847317682,2.73762361554158
0.295946197587285,-1.37994401641799,-0.589933187547444,-2.3267282013029,-1.81490627539876,1.0981772376564,-2.54300367465476,2.99382398745148,2.52032503874019,1.39706177197032
0.112051653783671,1.53408778815644,0.518140344332761,2.3179609705046,4.89458001400448,0.0040437672049421,3.25790725896096,-1.84524649618905,-5.69625935513989,-0.450735618568047
0.764829378961407,-3.22697978018295,-0.517871183080085,-2.83456242595407,-1.74119182177968,-0.996944051886239,-1.67362054040213,1.60545560838801,6.4103141625266,-0.348574503660642
-1.13730167091234,1.92508259463454,1.33493331811453,-0.140615417365193,-0.588356574955104,0.0487579197696356,0.832420457093303,-2.21756033573694,-0.823253679974565,-2.90684485258743
-0.952957743389737,1.16654629836754,-0.0153439145943306,1.44508723312022,2.27338222099116,2.66049183530008,1.13401213298918,2.2016899085314,-4.94525723348742,2.06131406644231
0.592005348801023,0.485095536564058,0.00247920157660186,1.4720907806136,-0.0577952560801179,0.51819052850671,0.521258912845079,0.342117780731983,-2.47013138169613,1.03008466816585
-1.21646650202772,1.32393222597096,2.27418429411233,0.298409472935233,-0.40604926138493,0.893434791814419,1.87027377934484,-0.973718104804378,-1.98038579057125,-1.62170670363782
1.62411834558326,-0.656493360697175,-1.65548178674904,-0.902135565606524,0.772454744588139,1.16890858705805,0.121850525663092,-1.41221191678082,2.04500998789266,-1.52227310142062
-1.16013077437347,-0.160679254586035,0.700277062964093,-0.499808842385659,-1.38585541535279,-0.935164550851621,-1.10828587137275,0.536233204882027,0.733356476129504,0.527969025290879
0.127621178083827,2.25502537167759,-0.830252684940567,3.12062276769254,3.53940169385461,-2.21227186937856,4.8986919695944,-8.70168230770416,-5.8525258099778,2.04250224988765
-0.98858516194653,0.559521693026093,-1.35981136562257,-0.580628995948598,1.53897157763598,2.25653758271879,-0.19560978935442,-0.115520305027643,-3.78564647866251,0.101039853038035
0.99454026616667,-1.98326938795808,-1.04045287119637,-0.545966197486008,0.654442480002278,-0.349650862448057,-1.1977880739604,2.17473611085076,4.56258924949795,0.750714087322938
0.371759393861846,0.0431278356967943,0.082933024837625,-0.966294075742003,-1.43707576598319,-0.00250452206945594,-1.17371809197916,1.53359172085622,2.57897065934041,-0.105005451253978
-0.597263861590827,0.442170067134355,0.763977934174673,0.274348058738962,0.7512159434041,1.31339502193102,-1.32692875001278,2.38169153308189,0.150894328688728,0.208819207424862
-0.635742780574834,-0.725011360638673,-1.7927446197741,-1.70398610459554,-0.823449671951329,0.989490105991494,-2.03631538934749,3.04847340033958,-0.277259395857529,2.29409875937815
0.376108841323374,-0.176603859538072,-0.304183711965747,-0.493496505345214,-1.86843712752713,0.663608285335853,-0.682930586916915,1.89519330451663,0.533722295142922,0.331271216642602
1.31658253669869,-2.00462756799821,0.583062302837088,-0.497297753451599,0.563542703123641,-0.969503325777563,-0.318460260683618,1.48562087032171,4.43672811967303,-0.578451786595162
0.174208517589548,-0.744243561703781,1.17477642530506,-1.21185476855196,-3.4266874974305,-1.30368037790631,-1.43825322144682,2.88992546710702,5.12147715500011,-1.76552057084271
0.281064405706602,2.59486863002379,-0.641719083595094,2.44999426917654,3.10358656648402,2.51745598496558,2.20291981303325,-3.59917689677972,-6.11528754611473,2.68428237355161
1.69903970586624,-0.491874630664354,-0.412604636618064,-0.377602931467252,0.412225507004151,-2.07711459708788,-0.487343921361354,-2.3385181664061,3.73014650627193,-1.32512622236779
-0.505454965844429,0.0242820182145195,1.68308107816573,0.372251111732434,-0.00622866427559214,-0.379530668616711,2.51854659006843,-0.505116033094575,-0.669153491904908,-0.75373011167306
-0.986404647934627,1.13569371429669,-0.976263912917226,1.00975387414913,0.923811682408089,1.64017625584124,1.03582694668361,-2.9529903013065,-5.24227727530955,2.94654292422608
-0.373680083340599,-0.104417850332585,1.44143120957686,1.75493031390358,-0.290512946902884,-2.45988648613858,1.3904666535692,-1.95161417874377,2.21153475937199,-2.34755383130149
-1.07695885264836,0.231549660902874,0.0676547329472164,-1.07316938750483,-1.84697409659876,2.03266092457439,-0.87675587933509,2.15410352713297,-1.34895890096219,1.84956743855406
0.119865822314262,-0.463952054967447,-0.443081786596668,0.844897455772656,0.87109510303254,0.388906924176321,-0.38858031005455,-0.422653502981608,-0.698753638712213,1.21383194275357
-0.193467021496891,0.846466261976393,0.676793690194393,0.400780168864213,0.0287305436132909,0.960150603978374,0.0376292453713604,0.121331348863074,-1.4677876687526,0.822679445330693
0.829562168056915,-1.1379484087408,0.285331726460077,-0.385975830151499,-1.17804032751816,-0.700405358549481,-2.22258784082818,1.19911837362822,4.92678555848808,-1.35564531964891
0.407817134317418,0.590760528977633,0.874808728399634,1.21677356350318,0.366839507726003,-0.979641105705249,1.03083389069354,-1.83685444594662,1.00601158470776,-3.25334128110651
-0.4912493000367,0.284829218398346,0.708053477323351,-2.127839832746,0.954310336117766,-1.31080625747836,-1.39490274987907,-0.405652640768493,3.40518740613141,-1.23635016957986
-0.366303759536197,0.98978200173333,-1.5473333700334,0.20171772385196,1.65507401854244,2.77723620017273,0.664729128078419,-0.465854471477447,-5.10421221942448,3.2625160131531
-1.07247145855164,3.35070264043946,-1.31803025199707,3.44778461309033,3.10258888242224,3.09414451145592,2.03905857928407,-4.34567329105279,-10.101931446128,1.00014363593967
-0.377030035318345,-0.902052337684487,-0.166487960552097,-1.70066187826127,-0.0519479879468357,0.582296929561257,-0.562345213642434,1.42952444431867,0.857433640797093,1.6351036096875
-0.279266290006687,-0.209597973772221,-1.58155351143207,-0.892287089177144,-0.00981412385218221,2.20683019274626,-1.14269549542571,0.149343632160336,-2.22392404348726,0.59039115892635
0.734181974465242,-1.25684926341601,-1.84043917441308,-0.867749977867678,-0.11665757494699,0.706212010838906,-1.35068435913077,-0.00731987140475493,1.91838749944501,1.6111999457793
-0.605147234548031,-0.602268427561815,-1.35933812172561,-0.503488293992496,-1.58394713548008,1.31179829907366,-2.09667280625054,1.13758864180695,0.604801991377994,1.34265193914602
0.838248183216378,-0.701006360398454,0.570978381946956,-1.54264805218915,0.464096644830308,-0.15403414512193,-1.04041711420514,1.64707224551599,3.40086547910666,-1.69626907890694
0.573740323038416,-0.155446232100154,1.63371419813999,3.06596068768219,1.70919547104346,-1.27223953272187,1.93945556176041,-1.77429656421955,0.57855972729598,-2.04787570719385
-0.309588599225189,0.087497505369446,-1.97867679242505,1.19982086923382,3.11842259391148,1.63786040249568,1.83043553326725,-2.81954592724111,-6.03510533281255,3.00965215437399
0.736291794251258,-0.309838377124008,2.23966837337611,-0.225842213439333,-2.28499834719694,-2.75887042779213,0.33016749259495,-0.490654849534589,6.62451877983559,-3.59706550652853
-0.445804778512547,0.217193336006579,0.365213979937395,0.560801869033851,0.210913807967154,0.0710017908946833,-0.0893528555396244,0.293275124477085,-0.591506012811941,0.229932144947431
-1.33216671204317,0.893834674531453,-0.714675699491698,-0.498051757220432,-0.604939670851882,1.90257243859341,-1.02052832976251,-0.234912978770087,-2.45841609897327,0.911630295477963
-0.790401989711012,0.13302303240182,0.968823118254677,-0.207255936506235,-0.0245548681172711,-0.284239460214163,-1.83707796655833,1.09173202200865,2.79757599822471,-2.11676000789448
0.440981826511285,-0.188989900365896,2.01374872570638,-0.912454881307928,-1.04086229909159,-1.72140936407664,-0.466899767707291,1.83460404843133,2.71918492383455,-1.89973197470882
1.31975894225075,-0.351124834876304,1.99411501478491,-1.08715598356903,-3.08390260155396,-1.84607711690059,-0.354474954007716,1.44192310525429,4.04779232169923,-1.41701894640273
-1.13778996659965,1.08626627554569,-1.8056707078211,0.866500690206671,3.13974611020007,2.79486843636643,-1.3045749738735,0.198278671485177,-4.48291450817314,3.44671124313598
-1.47958097213698,1.91377951250815,-0.708066553855697,0.618170654528275,-0.0545437636746862,0.652996815430183,0.550189759348846,-1.23218569506261,-3.94850797951225,-1.43033915486434
-1.97715996878794,-0.625446317943242,-1.67380836894223,0.309266708605245,1.25463829455076,4.29702272354363,-0.494817636321723,4.92156715031951,-4.90870593681078,4.37517893381798
1.66583830243899,-1.17291896529415,-1.68873326386654,-3.02075046527593,-2.30521233144641,0.333375305096495,-1.88120320377325,1.18214168885653,2.88275195916332,2.10801834536535
0.0991870512753087,1.08273105785924,0.50383236444203,1.70367248212492,0.497571000324886,-0.0166986162899449,1.52695435675193,0.886124218869995,-1.47786130743966,-0.159388772643043
-0.203285098773281,-0.581043720145532,-0.0882367819796474,-0.975230269702439,-1.57646860915189,-0.170769611397171,-1.15801436029291,2.8484413208975,0.0908282614859558,1.25281022499995
-0.170718091256831,-0.161693401315265,0.300628802612385,0.331180070735054,0.219060715147933,-0.857798817462586,0.785679452820602,-0.721475672013691,0.499622499519809,-1.64813933876107
0.766415377625052,-0.686349015584128,0.682579858991561,1.13180319753036,-0.221453170775474,-1.3678321868645,1.08865386582294,0.521412011047175,0.395797738113422,1.50914145897952
1.10360596364101,-1.57828343498882,0.504727733865313,-1.68117332010641,-0.423871399199178,-3.10549635883431,-2.6627653169703,1.262785193265,7.12597008547514,-1.03695435732716
0.215805435129585,-0.0478640769004589,0.746840698235264,0.424625230553446,0.716650115590131,-2.03318709093762,1.83864514456001,-1.7464133282928,1.44821280105742,-1.6299277550574
-1.19538294181906,0.319257584579411,0.569878789751119,-0.332068175529143,-1.70915082027827,0.967047382489556,0.692078050965293,-0.342122453913564,-2.51632948648043,0.218251339277958
1.71539302382777,0.113580591051754,1.11951396470513,-0.21922537118304,0.343120180534455,-3.18453478783013,-0.509115698917188,-2.38094956334188,4.95072366655706,-1.96724572345749
-0.237761160272923,0.866917184433571,-0.0138012341648207,1.13934998800179,2.49755301926556,0.904653546155512,1.24794133990987,-1.66215268383508,-2.45058510566721,-0.621616959592552
-0.592035202657101,1.77628398483684,0.441895699232411,0.740472729295722,0.970113171216526,2.00011219421326,2.07169934164447,-2.63370528894716,-4.77576325923282,2.5046377040808
0.900064967912166,-1.51901766248613,0.685343230971881,-0.00704020012409606,-0.0979637412138719,-2.06067183018305,-0.282387765028016,0.267850189505741,1.98722987818995,1.56288843629654
-0.474730853621261,-0.962021998753056,1.62434819730104,0.0805235717886091,-0.798665463072753,0.115204229476776,-0.478907228628415,4.49811454349858,1.55940150792372,0.128239483841527
0.57164879713173,-1.17958495265634,-2.00153920665122,-0.441118994279425,1.79297892033965,0.426060948448502,1.390192965878,-0.359711269262658,-2.60086302488913,1.25666013790649
1.07987739264525,-2.42853641760205,0.438214485932115,-2.10293008830098,-1.87732470165488,-3.39032555178814,-2.1622150346953,0.782475269943191,7.47828679627268,-1.86743680570143
2.01697686252244,-0.895932106789025,0.844785171649028,-1.42011068785637,-0.998664252177568,-2.81290315327245,-1.68912420924782,0.355334368494993,7.79359005138877,-2.54614569509774
0.722461575271688,-1.25874409797553,-2.4779489282447,-1.65067342392514,0.328479698983069,1.46239659208574,0.45455323142927,-2.17427847731916,-1.8080533184546,1.22579372914295
-1.38831494463752,0.773923350204172,-1.84880392017692,0.0643347778444292,-0.79319871408452,3.22422459679097,-0.430261314862169,-0.582948031290872,-4.73813187373557,1.96779447817393
-0.0224742356951795,-0.0925070293776667,-1.26170557183565,-1.23145047630298,1.83135326598903,1.31385097481357,0.287736724115374,0.701634611135246,-2.91113492142069,2.45187973685212
-1.23513174551092,-0.183227738493038,-0.1886302915922,0.362784157996256,-0.340943255163475,2.70027762983331,1.10643851050489,1.89449526280009,-2.29189737980434,-0.878829293122346
-0.569854677320503,0.596912056067591,0.708409730201977,1.87593438384716,1.11644892255321,-1.61056485299169,1.7038785183593,-3.7793262377206,0.380393009346734,-3.15818878935126
-0.241408497892542,0.803786893402465,0.34179572908603,-1.33412019555502,-0.438869637177655,-1.83445532774244,-2.441738539986,-0.626345788364164,3.84157538699486,-1.91164125491618
0.463372189814367,0.061484179194306,0.202808723802882,-0.826007004919962,-0.19901134103109,-1.90721415550915,-0.898779173284808,-1.77248654259334,2.14585770592544,-1.01432665435891
-0.28584583513731,1.66939923191105,-0.305911030762003,2.01770453783495,0.913449405422033,1.20282367511433,0.69987472758249,-2.05469876462794,-2.44647596431898,1.82739614944892
0.0395471490258142,0.825370647956231,0.569634529029861,0.471778194473768,-0.953825465798454,-0.552208934556964,-2.14355627012754,0.449097610297793,0.929005046964528,2.07168637183565
-0.827427593688636,-0.335883261679474,-1.55993771998853,-0.470998586372035,1.07553995884779,2.12092238192982,0.126006487880452,1.43780157756296,-2.45556421090989,1.8554906905616
1.10446843167029,-1.35494519833979,0.425344385101096,1.25342605574255,2.15387170503675,-0.956024754624205,0.295655502956094,1.79185652535237,1.69877824591434,-0.478925382201845
-1.04489762733143,1.69269378176916,0.585277664284871,1.86777382642998,0.824632507362428,1.27900703907302,1.28063813387548,-0.262120594479529,-5.0884746523295,1.56095027645058
-0.0158919058273809,-0.59190143950163,-1.25462703525467,-0.329538592831119,0.809288220336256,-0.83997225464878,1.64899325136189,-3.22939421494373,-0.849410581631078,0.218524037726353
-0.367198927739757,-0.0485325631909891,0.216568564097704,0.181323961786683,-1.4760924976838,1.57332475771658,-0.682291026222257,3.42400120587689,-1.54906585869047,-0.32791823609445
-0.196502004044857,-0.00771270350570058,-0.446546069296221,-0.342584781110705,0.744043835506397,-0.770710164676281,-1.19834260336694,-1.26766034808336,1.85574625655996,-0.741574756936818
-1.23141981458024,0.871578688239913,-0.190870528384708,0.418430015307838,-1.19488673665174,2.88127087995027,0.0938057006958705,1.55243733553209,-3.54077529697897,0.435382138286168
-0.0533101026978996,0.181694263719885,-0.0895888599347405,-0.512546388048194,-3.21572862129631,4.25796440632727,0.638523089688558,1.07477794785175,-3.6076156874705,2.66575693630273
-0.562416168466557,0.612662192477787,-0.271238905897148,1.75152377538418,2.44417175982244,-0.218019952325717,1.45684638058333,-2.53354465075153,-2.84663485985286,0.585563218671831
0.0317519172585385,0.710766681343462,-2.0487991639141,-0.256407895354445,1.08515607883312,3.97393910460618,-1.12678621537539,3.160026700496,-4.40441348923858,5.05618924113909
0.20293593548478,0.610246573025953,-1.32273830618758,2.3049872107576,1.65979139144492,1.41236938245952,2.00871264689368,-1.56012212288131,-5.52687820736419,2.56118593056122
1.98084521762582,-2.0219190960755,0.897939138772021,-3.11354017873684,-4.20642973534331,-1.76683837094951,-3.10691522299693,2.99240685371292,6.94095314902372,-0.00649879438993878
-1.08633567645521,1.18795964531778,1.33053164989922,1.15289600929784,-0.514388051325248,-0.42881829979472,1.26672876255198,-1.86705977825274,-3.35497760253779,-1.02756331873771
2.09544564135897,-3.05707800476366,-1.02417771752401,-1.88647992133695,0.493680979548776,-1.54756940078332,-1.01630176301446,2.42219642383515,3.25302266204939,1.69907574746698
-0.273581844439219,0.446588709804124,-1.42804793300954,0.326222102485342,1.72051550106441,0.642211276281147,1.76656992816938,-0.353497195196756,-4.17863568661672,2.00725944126867
-0.096797005705011,1.71763803441539,-1.03946499883261,1.4546696310358,1.83739162702009,0.120756386901152,1.39272841819704,-2.09601504889925,-2.76165195004129,1.46028421648544
-1.30939370083432,1.41909996715359,-0.36951807858642,-0.913173965523613,-1.23538830025266,1.19056252247237,-0.296847978567827,-1.99524537409385,0.247891005439908,-0.233674120623132
0.519855142066269,-1.26446556928241,2.05972634633928,-0.733122393433929,-1.8993154598399,-0.991125731246517,-0.334977659384485,0.854176816701587,5.11509734445152,-2.27282968195325
-0.742685594261602,-0.795340112401355,-0.595819547670687,-0.809624868382979,-0.77681280148475,0.730810317865767,-2.8823938512527,3.39293278627632,1.7654911697171,1.44380736446839
-2.06712448440171,1.66361866296273,2.22370723600192,1.93179404801961,0.182831005308363,1.04643898775946,0.439502146278231,1.98515239501209,-3.8399354089049,-0.803147897774923
0.594420721850656,-1.86014010766205,-0.235269500066121,-0.226992630130388,-0.781631202152554,0.31420937776514,0.343903089655615,1.82950603571676,0.965607540585788,0.506701587731993
0.487292471844444,1.12662165618334,-1.43509258418916,3.07778737618728,4.10506020695641,0.0152062632699898,1.78375178207562,-2.74491833539113,-4.50804385322321,2.56483646240016
-0.290828464648617,-0.502530465790529,1.29147875801426,-0.420078597529023,-1.91907645238764,-0.684983681607234,-2.199770307254,2.06993292655219,4.15470250590356,-1.11822888406285
0.868258710138425,-1.0057959333245,-0.715328618894937,-1.99216913220414,-1.59861728800782,-1.00764532005173,-1.43421046659878,-0.0532842869384046,4.2350560143866,0.230304690488288
0.799439146436086,-0.640501394521409,0.715493612005308,-0.574090454776081,-1.36840192229731,-0.466878373348384,0.644915370346925,0.414270433983473,0.146478353188855,2.28887735661355
-0.0122710632843526,-1.09121948070114,0.792315857934607,0.475900295252396,0.711639740174483,-1.47660560781245,0.375605636187748,-0.870122441317403,1.90333309084938,-0.673362637416058
-0.0353361554347653,0.377553835439574,0.996160395038148,1.56519381843221,-0.0643275199418592,0.0753147560510522,2.20752806835232,-0.570886058991477,-1.64183383045245,-0.561813932969233
-0.280426044313065,1.0342350071526,1.65779262552186,1.14736178010507,-1.58538542176865,-3.10620167192097,0.993320619677571,-2.67582876300514,1.73896535115572,-1.80651739994234
-0.998715875723672,0.770463409238048,0.554834494084602,0.0449949294659582,-1.2392999452684,-1.88460031271468,-1.54111283698187,-1.05588109740513,0.93963535534837,-2.20127248969708
-1.67242082207635,2.65971792992312,-3.08885972999308,3.24486883827307,5.20820641495336,4.14163609409654,2.61985716207155,-3.01965462293723,-11.3391655690969,2.87252840860603
0.407572679808231,-0.0234814667965613,-0.827510171315681,-0.270535879625791,-0.888287544149637,-0.64574767052292,-0.408199576181158,-0.515810356899319,-0.0903437797435475,-0.317941440279932
-0.147791502307305,0.244360881200476,-0.345142640611411,0.121817635320705,-0.347288368306579,-0.609048350334154,-1.9770745088031,-0.819163298678642,1.5075501101327,0.708644589136106
-0.027330941391609,1.86997582575675,-0.664281465376559,1.65528845852458,2.41620906086131,0.168610059145783,0.820421319389143,-0.301159235048619,-3.64501558653547,2.18090038893929
1.06408235300618,0.47818868029912,-0.0620025026149423,-0.278702524308348,-0.281748008711314,-2.03571622605532,-1.3712633389491,0.427500530838732,1.64796845732325,-1.05553601558325
0.613434061696885,-0.697338282355133,2.07476378825797,-0.271908928860039,-1.28413183916045,-2.59267199023591,-0.901757762808208,1.66755489464154,5.43087161520746,-1.59823145683547
0.731790866608059,0.239485179195904,1.39275274818598,0.560828371165514,-1.74518115765542,0.508609803058358,-0.35284473673983,3.74012322749167,2.79755697400183,-1.62760654478005
-0.825929229895088,1.94333220309145,-0.521960269856011,3.39596353033892,2.32237556018566,0.284229579696133,3.8424558861897,-4.49828059200752,-8.82606432689544,1.15101052047264
0.27703007716854,-0.00344302222015918,-0.279414790072603,-1.86461221850649,-2.89830540009268,0.197947864658649,-3.24280263125876,2.92930864215793,3.62990881297987,-2.14808402617057
-0.578401605595823,0.249016788828778,-1.31680066598839,-0.547307114406988,0.888319532683887,2.40169646187017,-0.169850870815205,0.486162280491633,-3.08158231793459,1.12184888936444
-0.797235004077456,-0.706365859738406,0.876883383161301,0.25371616702687,-1.52150131615289,-1.61530390438156,-0.675518290812643,-0.568363225188644,1.22258044563885,0.107223927988409
-0.647766832528675,-0.922288611808287,0.0272498736455983,-1.21406168561186,-1.06564333487232,0.42401242470781,-2.40447547442903,3.87593399482073,2.30404412194138,-0.763913211764595
-0.444075839364004,2.00188798669061,0.10936272601086,1.64019987215915,1.92681848348919,1.61330511306369,-0.0202235864775057,0.420536886491269,-4.81608907157842,1.69253053218126
0.41613219192514,-2.95879771259314,1.78587847025002,-0.804048194524105,-3.58006213545027,-2.16041886104883,-0.375264093329633,3.72231296252209,4.89542434953602,-2.34970055187257
-0.499563330024504,-0.563156885789159,-0.514839171032519,0.294351532326449,1.79120668999014,-3.30389244270835,-0.335813135488931,-2.10986975850526,3.03194697028059,-1.04970256057253
0.377186785226735,0.102709881647607,-0.0755633006821817,-0.467611998174575,0.42518570123922,-0.905804051826524,-0.173400260922308,-2.03574279744609,1.70109676521321,-1.05112491578458
-1.40433364597946,0.0211355193555919,0.290300244657226,0.815300965214391,1.5396886057285,1.81070895537216,0.290296425501602,0.075005897265966,-2.1084881682124,1.10259875992536
0.372523381414365,-0.993437801963219,-0.08741962171884,-1.4909840179423,-0.858998242210525,0.0908247805671525,-0.495360218294344,1.61622700490601,1.69459753106692,0.491377043386001
-0.649871529455719,-1.74458349766251,0.0551250987964047,-0.798832314072973,0.313712866353833,0.175583250767204,-0.249592817320946,1.33420092424126,1.10021654694649,0.795554713904105
-1.18776478677504,0.891037452765136,0.126439362953448,0.427714437933602,0.367806041536451,0.366221300840353,1.60998927141892,-2.50165051844901,-5.25423944156317,-1.52395363036745
0.367182621507104,0.214862842787357,0.890064881937553,-2.32905570852139,-2.25439555349024,-1.00513356791764,-1.01958759631556,0.598134734850891,4.30670090286047,-2.47466085883205
0.490201142360806,1.73807986781537,-1.29907758740225,3.41020079864587,3.1371049154008,1.3882545748148,2.24705674737652,-3.34001786588242,-6.74148850100506,4.2348219250199
-0.734760778211929,-0.59271286653666,1.48125531644923,-1.61642250322723,-4.2982592944447,0.993507930682527,-1.58008347756051,4.73619493034204,2.69791403945474,-1.63511746941562
-0.761111452726739,-0.385456974121527,-1.04769963799561,1.62120862083215,2.70922454318599,2.45443394439487,0.934909460285226,0.861270508963843,-5.25528119203191,2.41781048455531
-0.039670655359293,1.12437482465249,1.65569490264928,2.17928335274883,-0.92983617193465,-0.459154655253765,2.73093363524415,-3.06893907198699,-2.11370691520531,-0.242614974218505
-0.196538157659273,0.415149784904752,1.10533335441331,-2.02021563875904,-2.56648059351925,-0.0210609388028144,-1.59899461020757,0.840926553794761,2.03563534249984,-1.16257379309666
-1.4921965330195,0.125984074786731,-0.543347611990953,-0.0147891905541621,0.866159936679761,2.83981177249541,0.648422190505818,1.01041034918751,-5.03530461252095,1.74683231306865
0.562793765332463,-0.624583436456324,-0.24723521891911,-0.266757258933271,-0.902841094542757,0.32552334642464,0.446933666545422,-2.60435126192808,0.139640210757918,-1.68330892887974
0.0388309821120263,0.659103266852331,0.744575016959717,0.823614363935392,-0.0175766542751518,-0.346484502189333,-0.200512998439308,-2.42839675325617,0.762753241867537,0.202114002270078
-0.238358369794733,-0.139675404372475,-0.534519880799605,0.585137878910797,0.339498211904579,-2.21854672168058,0.330032281254774,-4.81405792282618,-0.0825195789576404,-0.0773837744713456
-0.65313666520935,0.523233420345048,-0.263068200273557,-0.0365427995702027,0.327494812341582,-1.1209697323086,0.473675659003066,-2.37681037682871,0.195048520573476,-1.39435202137071
-0.260866001450422,1.69491634896182,0.827850315147557,2.26740638983503,0.0743548883781857,0.05933608840818,2.07094102731869,-2.46364286859792,-3.7850663396801,0.187285036321297
-0.279315428737546,0.295973132497142,-0.769684250367142,0.790451733531828,2.93636911236175,1.38148814936279,0.495292623492217,1.35924147867802,-3.71881129113231,4.54764149644253
0.171272735618186,0.28800546187021,0.182453779877699,0.562834605228866,0.696880084792545,-1.02094029809471,0.507584860035323,-1.72076598188789,-0.306338985680924,-0.3035232579715
0.20789856884345,-0.0725598869513597,-1.93051291877539,0.248328051163511,0.392062935149912,1.47228802586592,0.827547789667543,-2.48348721844386,-3.93772360416229,3.83095505377339
-0.448838682422937,0.192099626062494,3.03180011059625,-0.593699800854999,-3.52676593459123,-2.14032096724901,-0.933026250631812,0.500595192762156,5.26194595381199,-4.98096027495825
1.28400392958547,-0.125738626112775,0.427975266008282,-0.0902994419454144,0.285210772781118,-0.238346916010387,-0.0645218532843227,0.209878408162869,0.654767692820822,0.221254375720569
1.06590279571602,-1.91039389460363,-0.621024721142305,-2.33630291356001,0.493151057474355,0.938579927126089,-1.3163966368706,5.51947794114539,3.70540774587209,0.706835066918082
-1.09677659521008,0.0443526355345195,-0.52863445012507,-0.73311517343945,-0.530825711069255,-0.0813280614297835,0.560729435942611,0.837490290845519,-1.20824172806343,0.37185840224981
-1.25607470836015,2.07631035720212,-1.71648285053992,1.56144236110052,3.67359650073046,-0.16657175876282,0.590230024948673,-4.32567091462358,-4.84210039597193,1.03330263605998
-1.64982757582589,-1.73069865193393,-0.506948614231027,-1.87053473126388,0.462412023868278,3.21461189014249,-1.78926931180316,5.21119938970906,1.06481165076315,-0.139674125851901
-1.10514867712643,-1.14583521747633,0.321105430559144,-1.53957697424455,0.185149123401031,0.132452805069316,-0.127211432179947,0.829704775365741,1.18838907314684,-1.42588656182495
-2.20266698347452,0.745687374333914,-1.57496227492566,0.646992568274013,2.23181466944826,2.65556035051139,1.21247725233135,0.854830315478364,-7.36251805909324,1.49425469599857
1.67623923700414,-1.11887558196621,0.402796956846288,-1.44023837136542,-0.555798990230741,-0.514421698360162,-0.994552485884891,1.69091262798039,5.47220920081777,-0.683694508098421
0.772697351647625,0.538259022163655,1.37181398664827,1.18295728818756,-1.30944965597812,-1.31118119138398,4.03626983957926,-2.56919986481323,-3.24343226498366,0.428237152068678
0.187120762882268,0.376585451012079,-0.406454635988864,0.160354418613051,1.05480002488808,0.613720498095973,1.82670231031293,0.199169312029207,-2.63529462647631,1.64325966571927
-0.248653086776854,1.8235270903692,-3.02350072532226,0.325814450100117,2.83821664590756,4.73076357273295,0.311665924547322,-1.1929433332316,-6.82050004134817,5.74390881614613
-0.162397154972531,1.19081112522271,0.581433496077306,-0.978683587329975,-0.488552460531661,-0.960442670239885,-0.658665092424602,-0.458556486727903,0.332123746705983,-3.46204644676513
-0.220285436245852,0.875141842820818,0.455554657492313,0.205781250420162,-0.662575755587445,-1.33720466874855,1.86154166647812,-2.54000700400857,-0.711490769629217,-1.13426623870436
-0.524796253261898,0.815830306595875,-1.41997284534568,0.0953126607713476,2.46901323806605,-0.381094646090813,0.569320398911675,-2.19394097212706,-2.65766560902106,1.28804623732315
-1.08051199549978,1.38439527638218,-0.0744788654131645,0.104349384913094,-0.105308668349634,2.07592439394697,0.244865362384652,0.733883352438966,-2.60726136174198,-0.320379063161623
1.93307828043162,-1.65671788154842,-1.6235504550423,-0.944321946990842,0.733512755185907,0.559140318660837,0.644346715717266,-0.303579919593066,2.1627230710935,2.73085659848214
2.08751047161053,0.834118472721546,-0.957361570678836,1.51537420336291,3.01128075646518,-2.16787364131951,2.64878191330311,-5.84215765286796,-1.30153734900823,1.4409148854793
-0.343553002334925,-0.148981151541059,-0.645738745609721,0.33933201120092,1.78108165883574,-0.118298285605091,1.08118250114665,-1.69791277341458,-2.60628655191141,1.95662377492583
0.493063827806353,-0.132967555407761,-0.113470882923073,-0.394520486714528,0.842080670545504,-0.103808484839481,-1.5399360645122,3.44072223432371,1.55314746346666,1.2510586912214
-1.03439948005376,0.262750047905333,-0.957871354758023,2.20115672546018,1.45399761353178,1.17407209419335,2.56116682690723,-1.50320939210768,-8.02873729165087,2.91476738667369
-1.77612944328147,-0.0398366423416109,0.477357167804013,-1.68363201516563,-1.15025329131674,1.25158851072823,-0.446485152839296,2.65709198560572,-0.702168072496085,-0.209885532231916
0.886168769720044,-1.1984280662104,0.383017542781261,-1.93582747661359,-2.50836289945924,-0.0787052449922581,-0.736914696687751,1.08408233002233,2.43179233150356,0.933568563977831
-1.22126112693284,0.40691169920302,-1.98064763261909,-0.197782397111573,1.19254417389421,2.84658131984695,-0.0359183967679694,2.42078962286821,-4.75106612120174,2.75547208410434
-0.939899150279447,0.444915119592038,0.750199048471909,1.08633643835232,0.20540840113699,1.52397179653841,0.482093693156556,2.35751239583952,-3.02328808673239,0.0232295270259463
0.447552080314133,0.94399622413718,1.23853103812512,1.72245116958863,2.3955855335004,-1.29277896439116,0.887044666702199,-1.64260217031084,0.338735555926292,-0.729587520655538
1.05698757121507,-1.62786680650548,-0.616142926720307,-2.95275981832551,-2.83277338056489,-1.20062014345482,-1.09703708652299,1.09613246351563,4.88636861265616,-1.26451544624194
-1.04458766699394,0.18702711214661,-1.08441052223172,1.66139743624412,1.26141438201967,1.7069458029376,2.07450804165551,0.326506045604116,-5.97979305274353,3.63691337276301
-0.148263518893343,0.325537434920014,-0.908345966379415,0.900236649949257,2.4812149309471,0.891753314018626,0.507221149274649,-0.891879798716842,-1.50731612644973,-1.07331695689191
-0.0751466784674081,-0.599051691376693,-0.502864523326417,1.27539338710848,0.143884319438132,1.21768077121345,2.50443162327321,-1.79650425465934,-4.0554043790026,1.43668169705554
0.0503950212192748,-1.54677108029148,0.40238251289731,-0.412252882926297,-0.655050577449165,-0.457949462043492,-2.0268799711363,-0.178750610495623,1.12142097393346,0.897719928353491
-0.253521709140201,-0.76510265293906,-0.549954652667923,0.83886275999345,0.579214475457696,1.55439298813431,0.404840912132824,2.61969129882729,-1.73705180193634,1.13946840801411
-0.64107239364848,0.102822083041655,-0.969478094953255,-0.55235730303817,-0.826757098155515,0.548440370416532,-1.20188501229103,-1.17841870436674,0.0352180483372894,-0.210337504530262
-1.56860504769815,0.828942738875336,0.163769080816141,-0.0282868468934662,0.970357234042085,1.34337397738159,0.636453543731683,2.03026023098572,-3.73476123899704,2.04551199821261
0.392040273867654,-0.354445676813884,0.389163984405549,1.10940596436899,2.07857319966361,-1.46021305951739,-0.466655137377411,1.84193766584878,1.6326492925922,-0.496643325051869
1.60878895510327,-2.47823982650643,-0.129343767320123,-0.886535422149903,-0.764088770547941,0.943350776176996,-1.46879919379043,6.35000128468705,4.03523090688395,0.844171152986225
-0.226197661811955,-0.237774560176303,-0.478874958050067,-2.09274900801372,1.41738114882928,0.601148071980676,-1.71836908992593,0.632752110944009,1.22756136909623,-0.232367679424127
-1.46125332268807,0.576061846809941,-0.181668930640033,-0.205104146901479,-0.491860456098565,-0.388400783469916,0.246451971676655,-0.429791789276105,-0.777235372938864,-2.08372660359204
0.615934454531461,-0.0720297199021441,1.0853355094906,0.30408373231033,-1.86532284203309,-0.634257731676714,0.457769276591942,0.819249515431139,1.38217222814253,-1.96662816960712
0.654248024567023,-0.0865140205095677,0.942285430588036,-1.85996012854918,-3.09072750858523,0.103051183059971,-1.06834754334149,1.08589731336402,2.50329325086308,-0.302423180124011
-0.746044919888401,-0.121169633076765,-1.5238620104485,-1.20637295463633,-1.07496631676386,1.71613402825208,-1.41104869210298,2.09852425954934,0.077935930315464,-1.15608850694199
-0.496083520306192,0.975945276836419,-0.0470771529109586,-1.10534240063741,-2.54122456963624,0.0199379310946455,-0.791193023224401,0.913330030644216,0.32060212104224,0.0766109571388888
0.668912813850899,1.08880417817139,-0.913294339181614,1.97572989769459,3.38769302498377,1.26649322389827,3.02594848934654,-4.02756876966582,-6.18438670424351,2.66312279465339
-1.71106689263396,-0.0494517962288854,-0.876403870055054,0.338877526004099,0.442970537311093,2.26275769759562,0.768744712246927,1.88636805244944,-4.63240043319632,0.278479881118037
-0.93495345029514,1.3446604087861,-0.431869825998429,-0.115084934391896,-2.08647663411764,0.736387545003007,-1.35224029046456,-0.135512466754079,-2.13792627374022,1.23367682716794
-0.935902767133643,1.14372897930562,0.0507485150436886,0.935933468749639,-1.38155718156656,1.17235386938058,0.341743544058553,-2.47678767463862,-2.03531491488605,0.668652127948592
1.69713672942606,-0.646242620057177,1.81194335916624,-0.908359594789977,-2.18777769469944,-4.16217161577883,-0.983146169512489,0.947048040810853,7.13215185846432,-3.22089254015434
-0.0866131979393724,-0.831964049595893,1.65311824976708,-2.06267591831032,-1.55133416012635,-0.758936179390027,-1.35156785298209,2.32775351644651,3.7989620248206,-2.06218422141566
0.890246458573452,0.608663824728363,1.27779740916829,-1.11188614139768,-2.31122414801168,-1.38332824227644,-1.13205260105142,2.45699060673926,3.47589438724845,-2.20728575639264
1.14952543336049,-0.217701141266837,-3.20521288333761,0.262947017375836,3.65564637614732,3.51526686438274,-0.226912333836451,0.845959025828251,-4.36355024469392,2.61096780693638
0.562237299705328,-2.27342340541507,0.498975228268618,-3.77501633008089,-3.17652267541209,0.168289840321567,-3.34334015055894,5.39327680733284,6.30977480504667,-0.454251756356938
0.605498357501338,-0.584009165263847,0.56899385017032,1.09679050742703,0.0145673527883049,0.775192309025893,1.46563081544854,0.0267687714712703,-2.52475265706977,1.94821103664258
0.726056987148968,0.377447850333825,0.726884318572022,0.304099121021782,0.891682654074739,-0.501669938616574,-0.169037566396009,-1.181993673849,-1.11111362263888,1.00512822772731
0.176499845103995,-0.294139940911929,0.498071927796587,-1.31165355850796,0.92653941534808,-2.07479035633752,-1.15097441821622,-0.88675694736728,3.08964230090556,-1.61972810478992
-1.16536924559782,1.64747142558842,-1.42396590288996,-0.304408264705672,-0.40219586926071,2.75798707258417,0.237860372446684,-1.49315196277985,-5.42200506718831,1.84559986546913
0.261866658673955,-0.730006786213709,0.761030231515651,-1.09587153588525,-2.42778218935726,-0.364178986035249,0.525391314393638,1.15508155038764,0.878241411265806,1.26010538800683
0.532883695381655,-0.381888733831354,-0.770210522892707,-0.962134576361658,-1.82114268834652,0.0813258236872428,1.01092448743691,-0.718272131076232,-0.71866748344159,0.730678777017245
1.02741225508669,-0.0844441875862215,0.124416753593756,-1.65411750119351,-0.915308279508762,-0.927948235084262,-2.06308037278425,2.76895192025395,3.83430610369771,-0.0891447360005723
0.885218615130733,0.108590296680525,-0.177148004097472,-0.535252176962997,1.24449461298409,-1.22905616062689,0.426123319183397,0.365966910145684,1.95074791243527,-2.13335656562349
1.79182230119483,0.732117037203114,-0.489266574816419,-0.0528813065233951,-1.71574416799475,-1.22235911042129,-1.38376130072625,-0.000171627724992844,2.45928724429629,-0.979126575787486
-0.67159983934193,1.47908778881545,0.561749601675743,1.65195859172396,3.29977494532467,1.43173004233043,2.03724810483348,-2.21925912271924,-3.9439597695108,0.567665792247975
0.463379447804719,-1.71189877511506,-0.00421580304553783,-3.27482313485385,-2.22895988583792,-1.34799147115992,-0.795167612438631,1.70830519876427,5.30283486463266,-2.19033029922321
2.1689218914935,-1.28503311777436,1.66794700139812,-3.41335185057354,-4.6930930810125,-3.95876508249379,-2.46812599890149,-1.26607223308816,11.2969917152627,-4.20823276186797
1.38836820872229,-2.38590943156079,1.40859379657876,0.177113594881345,-1.19697481136134,-0.161853744741828,-0.697464900875987,3.92985065122341,3.03115347635458,1.9875573616087
0.171570490041651,1.10869681238939,0.414205074847897,1.06744727766334,-0.589977655806866,-0.628037487274434,2.34317898576192,-0.18850943025128,-1.31115120528897,-0.0743390290088914
0.676937208172814,1.3887828309051,-0.537452376018944,0.0253717098256152,1.22579687904722,-2.20158962059793,-1.15443835852676,-1.60562038652456,0.611308492034922,-0.46765085000607
0.767471254448584,0.468090510577661,-0.0688974178989546,0.921502922923801,0.993327232133141,0.577101702794965,0.843176030331775,-0.330223466960956,-1.91473146743383,1.07687451299211
0.23810224069781,0.336368377910661,-0.644169754356077,0.620753421817324,0.0365268047184919,-0.104786443176209,-0.311307056156572,-1.08518878074757,0.56117780068754,-0.966082979615526
0.710783879034445,0.120936335608815,2.32879082815692,-1.43708122562213,-2.6285592895758,-3.64201062161947,-2.73297174785765,1.61162031022652,9.62007469374577,-4.87097609922227
0.564556225579884,-1.78959248910295,-1.52711384400578,-0.977348541857137,0.463609493815663,0.619669776042604,-1.93920403225577,2.10104015355054,2.26479593255569,0.205985117163394
1.24837233743458,0.192451498617032,-0.296734623789549,1.49510023598072,1.18021892712766,-1.1129090218755,2.407287479019,-4.16586104846538,-2.14249505096345,-0.0825733466852168
0.216182802238246,0.220099781559972,-0.367750610193181,-0.75874375024591,-0.882666351249118,0.220170881781903,-1.81692296893887,1.33453951585498,1.53694059945665,0.0292650695079495
-1.95708116453872,-0.402368840157503,0.337595073416715,-0.037587044063524,-0.559456830099045,1.63185377455834,0.581291376087168,0.74126506929835,-2.17750893767785,-0.0399469055560176
-0.410572338461581,-0.304681899325908,-1.29981875281647,-0.992815492520687,-0.0197554392825488,0.353476671082007,-1.28564119047351,0.296225889801349,1.12443737859887,-1.28367972475869
-1.35653065195509,0.303264403041526,0.289330249109604,0.252042067845751,2.20786731302669,1.20617739426145,-0.137378716803904,1.19797147742727,0.186933021509733,-0.14742390857237
-0.77132558340224,0.919260433839431,0.66816582101648,-1.31408170344931,-1.07126159626625,-0.681778869657543,-1.55492741954862,-0.403756332735601,2.29419881189517,-1.76204411373895
-1.05069815402926,-0.0975674925252103,-0.0174030282746484,-0.702750175835381,0.713849097055005,0.506196417774947,-0.58815237122148,1.7974347634918,1.34841435214539,-0.996205110995108
-0.315894457524515,1.47619228653075,1.03349048594183,1.10138338329579,0.0807521231853152,-1.58151610412506,0.0900523345473711,1.68054854707857,1.03870276089458,-2.31218449150063
-0.617964571315622,-1.15233522183527,1.57359891650612,-0.305887335193072,-3.43063251159772,-0.0804804268933582,0.625907537892868,2.21529985069217,1.11313363005728,0.811282760606819
0.674566656572918,-1.4558655218041,-0.345484843474275,-1.20897313453028,2.03210204495135,1.76055430767205,-2.71252763729875,4.32910550470043,1.93783292286164,0.493827409105048
-0.715654354200596,0.835741796533181,0.455579905619961,1.17419291881134,1.74218510870023,0.796997939716187,0.805514521593355,-2.43418614773686,-2.31415236627577,-0.339651671309132
-0.984618411261969,0.474253575698595,-1.34903807589383,1.46827726028603,4.41043429829082,2.56471828810646,0.615404825987706,0.897840062970008,-4.6971478187788,3.07406039818182
-0.206312721926046,0.640083948711776,-0.406616395000047,-0.109188474611568,-1.11523569441155,0.636485341890102,0.559018993217942,0.306651010480292,-4.10317520278691,1.3516337435094
1.13855265502193,-1.26953549794552,1.05749776655705,-2.62951002725508,-2.88333934557519,-1.45462580696222,-2.52419610014331,0.735808168778971,5.3494480154068,-1.25595026765956
1.16982579001536,-0.28532169994614,0.0449053896603273,-1.74489559662884,1.21551869313417,-1.29101398942363,-0.569651622053066,0.201729143344309,3.62871258067874,-2.51337137003649
-0.140026699847279,1.79238996058359,0.617628819568881,2.78375130988874,2.20795507922745,-2.01509522354238,0.753173868132243,-3.11285093624595,-2.35955115460447,1.04499722834
-0.195761241557801,-0.301238781843665,-1.87237668733153,0.290728623189435,3.09873458620377,0.653192444560683,0.618660853630194,-1.73445022981019,-2.43914421538794,0.552316380845157
-0.123032572642467,-0.436432349798994,0.130191929399569,-0.00363747646212838,-0.0380575605538617,-0.914545279091979,-0.507024328036562,-0.109560307336538,0.576372041312257,3.04755129124702
-1.48748066813694,0.571415107321125,-0.957966701982841,1.75275971009428,1.43508298065941,0.510625244150241,0.753812711739087,-1.24349444521139,-3.63733886659428,0.257076862582319
-0.943268883594259,0.766692616884684,-1.0250899329213,1.67545780552139,0.316058551218054,0.321253414559968,1.6373665615151,-2.85966712923996,-4.74257885676766,0.951684018092088
-0.544473802244786,0.956161148590459,-2.35213626962866,-1.12016872668923,2.68653024003783,3.33423109252364,-1.67994485087464,2.41284257501991,-3.6069939136695,2.82378739998324
0.729044528466437,0.102169084855151,0.298541490153981,0.618399659566597,-0.00530087824795356,0.689237819443883,0.339350112637281,0.426368169847154,0.491808663979143,0.0731613955157452
1.00560549795956,-1.72581867853851,0.218606067029996,-2.17139489951118,-3.01066802735688,-0.921882029806036,-1.6133939071687,3.0290258753556,4.94745768515522,-1.02068696940911
-0.620625551591346,0.574024309085378,0.321333467862084,0.152205150127003,1.05218608584459,-1.2564802423727,-0.244048074152278,0.209420179939189,0.7962811281522,-0.567216191060649
0.79994685221154,0.554033259094742,0.179272120563799,1.01992491721356,-0.854019050345927,-0.641638106017621,1.22903331108993,-1.88731270186305,-1.54073799749241,0.92715605250073
0.615012360447923,-0.447728401926934,0.70432648949144,0.522889911420349,-1.38511910373364,-0.90575562245553,0.51360619276644,-1.49858396643658,0.676707522509947,-1.52488893241995
1.49816101256746,-0.306273435480426,-0.0183593567689153,-1.03008648579249,0.558198145439505,-1.73024582569281,-0.812046244525873,-2.12012608121579,3.64034746602314,-0.177714599541873
0.975592395981705,0.105860023743864,-0.738022919013225,-1.31968360448604,0.00450127549351958,-0.0596984212936833,-1.29379078994156,1.10983569411354,1.95338974838432,-1.67175411419431
0.651928849742681,0.250981787347524,0.210413945550972,0.731617784493738,1.48435496180747,-0.74636249864331,-0.727719096468144,0.340269197743927,-0.405954473144396,1.93730893336256
-0.143007596086232,-1.07519808990431,-2.2892900865757,-1.62209767312888,1.42995681516455,1.25230580542582,-1.55430955106446,1.41068885410297,0.14342104791417,1.69421787780987
-0.661542479899599,0.47362149478615,-0.639144637401491,-1.13690032242128,1.51630783869322,0.0205008627108331,0.388889503660341,-0.445728886911195,-1.82431893924362,0.138953493950649
0.444289666165851,-0.388888142957232,-0.766475597967045,0.958802452469543,2.31228989483788,-1.24417686952092,1.20845026258595,-2.61046878985421,-0.440069857792252,-0.298537942487537
1.77344955267301,-1.20011108753029,-0.881163550662008,-0.561217218974189,0.526415956940975,0.0314586261746039,-0.620278905272166,0.873347494806349,1.95773784653032,2.05112094870897
-0.471811435893432,0.737699945085625,-0.825409690832424,0.402296367598028,-1.57365343372599,0.397032063164016,0.448168026854373,-2.02096894945146,-1.98104865206088,-1.296116891931
0.187120435658085,0.880325650238353,0.259235932609381,1.04546253054452,0.96854412258926,-0.52229213693122,1.23992134262716,-1.47506433673126,-1.15023198564083,-1.75512125024187
0.506784312088088,0.802839160445377,-0.541070794319371,2.05693055021158,2.90068146136981,-1.07993850032553,1.51176675628726,-4.21851798920382,-3.29330832468087,0.665773439235972
0.0493868104058944,-0.749717076464343,-1.61376992326715,-1.35345446818273,1.14943012839594,1.0175609463205,-0.309589004038074,-0.865821138959441,-1.10683468619273,2.08610067029598
-0.154689021622208,0.0784500076799451,0.733817094071825,-0.778778596489373,-1.13952218383664,0.148917274729425,-0.224782697513735,2.1844711072248,0.176269500884886,-1.52558966032383
-1.3045973583304,0.634674021941555,-0.279038096099039,0.760191928426755,1.79334602240439,2.0509357412868,0.0755854516974052,1.4528819010964,-2.02134873668312,1.12583451930004
0.357473536241,-1.18968718745779,0.676140015440849,-1.08916670807735,0.0314960501965405,-0.471762041636916,-1.72832004607996,2.46690521585135,4.01864612373127,-0.421749904640056
-1.08486159898994,1.72463556800649,-1.04121869371045,0.465408583634182,-0.435414713560546,2.36258885144198,0.978961782242833,-1.93221899644841,-6.83961842980244,2.53369005426828
0.0830693283716157,0.862238136324818,-0.470842596311165,1.06906778034897,0.398378428968853,1.75959433390256,2.83715890167299,-1.92829179569619,-5.18027979677797,1.80862562401228
-1.43639731493797,1.85260692143358,-0.186265199103077,2.28886442881211,1.46303700519926,0.708267776514797,0.831593348817571,0.0221878115101443,-5.48317239512537,1.96916978410926
0.297380610332845,0.99672023449456,-0.362999698227684,2.13212662235126,1.5686261066543,0.676867690488911,1.6856952454689,-0.713603302963535,-4.43486211376869,-0.219591394991992
-1.55038487112384,1.89320214544634,2.10241135098352,3.29899403027828,0.208389832202527,0.335959990962875,3.99024334929219,-1.68911528724994,-5.80407451886304,0.594051195942081
-0.337034344958808,0.64687664951813,-1.5863078156944,-0.514259609123889,-0.653015583353273,1.92407136807967,-1.64956986125079,-0.385481659413175,-2.35458247926835,0.819443863064949
2.69673853594077,-0.216491971685935,-1.70323691355273,-0.160589827654561,2.24333445032131,-3.32130385541362,-1.02638282165956,-3.51497742015215,3.51782235765183,-0.260636556396342
-0.775428281819486,1.14861753675277,0.28382680388453,-0.298511275713016,0.137266309435152,-0.544481955985439,-0.944737185305822,-0.312246680797462,-0.667154648292994,0.71086393182288
0.475847009981233,0.0665796399756169,0.750007957531127,-1.30257461166629,-0.866177029746005,-2.07634897908946,-2.35843329389015,0.9431084380857,6.09978990364935,-3.03431379922384
1.19767494252155,-0.157829906332181,1.51079441723747,0.312679763222664,-1.51052180378399,-1.32918605625277,0.683652044639832,-0.379896573675699,1.93030285919664,0.772958356183234
0.286833067491822,1.16863631787638,-1.05248463605872,-0.14235343001755,-1.49859106003906,3.23112094212211,-1.81191972961253,1.95669586869245,-3.14873215013002,2.42032056136368
0.479810551817255,0.421324969354251,0.460704933189765,1.29753129652152,1.53743874339475,-1.13803533719064,0.71453882539504,-2.59896218486751,0.141629633736368,-0.847161723074736
-0.107215234754699,-1.4746736805924,0.662889306830165,-1.2488254394762,-1.54086188243797,1.01051448220459,-1.74511668855715,2.72076336958188,3.36078338323223,0.223680971892903
-1.34544478554022,1.11591358278533,-0.860686203881657,0.740245939663713,0.139811391038824,-0.047398588919986,-0.0323685044937552,0.798360328568257,-3.42905709843788,0.169194928415058
0.425756851777261,-0.507667967657866,-0.266799231056991,-0.427125556350437,-0.635469539714391,0.899809607219838,-0.453899096737091,-0.178952671037011,0.638243170369338,1.52116061308093
-1.03537643137051,-0.989076914226438,-2.4221787927999,-0.709609752691829,1.07807883239216,3.95002103274459,0.973774546324332,2.05929395531944,-4.77589819396595,3.43559227305084
-1.38664789579721,2.67251094951177,2.41351899699012,2.19864823461399,1.39153461773274,-2.87938614090063,4.8538280618081,-6.44737298597817,-2.74504364840802,-4.42501077964882
0.765002149453799,-1.68966748790654,1.04747671429532,-3.09533961407245,-0.786365342325456,-1.69498107378848,-3.65587540468593,2.06942860979991,6.391688614161,-1.63284460816112
-0.784842873202186,1.0498092061342,0.0832101179256977,1.76327183391473,2.07377106130479,0.389886962641184,-0.186406205293823,-0.107275619555145,-2.17453522233043,-1.24592254532287
0.254229378157443,-0.334708944957875,-0.650181489387181,0.816838036959217,0.239306838976807,1.44023830041411,1.39834475442057,-1.17746510827314,-3.59561242045678,2.52543788101224
-1.70634808601629,1.30362834735421,1.38654143073525,1.67040390555368,0.705352389532509,-1.37322424010295,1.38044488483689,-2.22734832476956,-1.96345922064366,-0.0771120360908181
1.89806895433133,-1.60287509477941,0.945745441484596,-0.710789632949166,-0.571295551586142,-2.14303098754098,-0.651028463453315,-0.16204581271783,6.54661265741235,-2.07679589513842
-1.04454536926677,-0.944980646730651,1.12471941348752,0.792979200611647,-1.72284728354416,-0.433329598374338,1.82744819484536,1.04153811270111,-0.841085252447074,1.10303297313256
0.233128490704181,0.155717417276814,0.559926988077903,0.0892012664416872,-1.20692881769247,-0.355197829568105,-0.39631610971487,-3.06175534396847,1.21938372854366,-0.484736893164349
-0.113935559260525,-1.86694715940246,2.08037470656355,-0.375767519517268,-2.00273585928063,-2.57568179885731,0.594925999134555,0.829773685706433,3.81096944668249,0.446646588925718
2.54611156281941,-2.43961000498725,-0.197505538467526,-0.354367836617513,-2.82895264036156,-1.69534752380445,-0.621967550111479,0.123262276145113,4.37023413455329,0.0431344671845396
1.79278863892837,-0.597639030072734,1.22666137158841,-1.21571664286338,-0.335996734555973,-1.67374748885278,0.475293846363745,-0.0371523108822797,3.64529457630967,-0.168485386657309
0.780085739172795,-1.11968455411528,1.02075161893801,0.414586473835547,-0.913133194775489,-1.69589545010529,1.21055023954409,0.220163835927807,2.37988263618949,-2.06869968977664
1.03413355517956,-0.460245809281588,-1.13070967785819,0.624472560747326,3.70435031621157,0.118932347380542,-0.850445119916582,1.47963374199509,0.360005983947176,2.81854179175877
0.423396693849984,-0.556121590655158,0.941712101780613,-0.348922982717896,-0.518211239650986,-0.947293951901042,0.026709375467187,1.23957857202558,4.25429638227462,-3.2157886383994
-1.56450137171563,1.22121792212941,0.449428472943034,-0.492677105911784,0.0267916456075379,-0.904942097164108,1.35525843657613,0.301014418641094,-0.50434872347603,-1.6022142244976
-0.803325235228224,-0.891056746630932,1.4463386759898,-0.329907911193652,1.33029311936356,-4.23803772843917,1.38832707407984,-2.08821055397073,4.17083366097876,-4.07060079056135
1.22199698013615,-1.28534476319924,-0.919785070391029,-0.96657186145218,-0.6330056344413,2.12022736242334,-2.64188600807793,4.13557524845693,0.946121602430168,2.65363901980997
-0.0651280742283962,0.157539587596857,-0.376546145360277,0.465890360054393,2.38359622155994,0.0944637958243942,1.59599295355109,-2.75273015716445,-2.88324173671377,0.0741911900292199
0.0306401446027584,-0.249979360185552,-0.294625160418554,0.991197451637989,1.37816608379442,-1.36343995022698,0.745824359121265,-2.82177509762763,-1.68626491598528,0.167747766663189
0.384146381805639,-0.340860661694885,-1.20453470492646,-0.91466875413414,2.28131751012046,-0.0614726828686413,0.689984454971087,-0.00596836042297141,-0.0345961201979865,-0.982392581967953
-0.36909334887668,-2.62455693717303,0.0817826404880571,-3.1378021104913,-3.39745508405043,-0.355289412225133,-3.0263227556705,4.96628507003466,6.04653563733457,-0.0106960959771786
0.419737533158899,-0.0030832404021644,1.38297586910953,-0.165069067886607,-0.88022457898551,-3.04927590048788,-0.0339022385914938,-1.51241329854203,3.20885483779922,-2.57555305118296
0.644587089124713,-0.210385828964165,-0.220821859024291,0.0676142426337735,0.592417009255778,0.48095781908402,-0.150234027340863,1.76518770100501,0.771702151044463,1.34749172129841
-1.51190305985385,-0.0161585979949554,1.27341105946626,0.180101952919282,-2.5573280233739,1.67039696091308,-0.0390120636564058,5.31038561178353,-2.25150683107747,-0.26241409234475
-0.755349930296391,0.803778499871819,0.872875283137043,0.986873540707324,-2.01323351892401,1.21740506996213,0.898518756887583,2.27474192006752,-3.47835587323144,1.21421551404121
0.444630099515351,1.33673952336509,1.58242666469066,1.45564163954662,0.0221390748858844,-1.01823165591996,-0.314559019192975,-1.09052060136914,0.0504636305463367,-1.83221833897841
-2.19556943504332,-1.08202568785949,1.27394823557802,-0.757606525593531,-2.26490345327183,1.43756087740551,-0.616823989109368,4.86363340523002,0.510006238948442,-0.128898523926374
-2.17031184319229,3.81165124861634,-0.213263714148133,0.786123817302843,0.866551964499906,1.41195061819305,1.91049438048002,-4.20077260194943,-6.48930247698551,-1.06899695434176
1.53725514677437,-1.67375636354758,0.625791192767171,-0.772080624917021,-2.14359227763776,-0.399490841490489,-1.48892770654242,3.42404948207465,5.58669431928981,0.00713264911805687
-0.299787877399759,-0.138132227899971,0.796309822894375,0.598396277682902,0.045992531206282,-0.019825258941168,0.220025147637585,-0.894948465171351,0.19384551235975,-0.176836945955519
-0.221639074687385,0.643683811877035,0.554019650736635,0.107112719002303,-0.28121102450002,0.652894082990825,0.894241213398597,-0.309604168492118,-0.893746149397116,-0.925372080610657
-0.00751268470229281,-2.09361295326083,0.425364344643938,0.000661778245552143,-0.211277857306285,-0.557254960779759,-0.685019251759783,1.78557580305452,2.26036531095072,0.758242063359809
0.389437972221693,-0.558940233185178,1.12184873139128,1.131580647909,0.921016553863925,-0.979369351521487,0.59119750720358,-0.352990577711921,2.16027925224081,-1.76673859764337
-0.0912771482708507,-2.55415593872061,1.39469604579667,-1.80161181046117,-3.29101057008589,-1.87355043387767,-1.01699479279179,4.76673067173551,7.59083453407073,-2.97595864542903
-0.834816290295582,-0.230304113673668,0.364973245968703,1.68584083110889,2.90909419970643,-0.993979011691956,1.52038241530317,-1.75159001703676,-1.51678689730758,0.00592875537444588
0.399990112684713,0.431634830755495,-2.71112865152807,-0.0255124928465547,4.01888540436426,1.02654470033165,0.438937751879349,-1.76036815440752,-4.45543576403457,3.58522696789106
0.627033138506485,-0.858672354853204,0.336109560243055,-1.49161279401506,-1.21704010771796,1.47331890684869,-1.37565594224498,3.59165588366119,2.67830387131713,1.14877702711294
0.745060646644005,0.968844654025777,-0.336570794874692,1.73242706475414,2.75139304200771,0.775769159592139,0.281145328555381,0.120644226886639,-2.35026817160081,1.32147006870955
-0.137867168288332,-0.109563960812491,0.940453756963985,-0.854228564302904,-3.04797089377301,-0.942119459691912,-0.676332372881032,1.51752905179265,2.86458437067737,-3.50141956283352
-0.474268019705211,-0.98382663616285,0.368411626680708,-0.0962485218769681,-1.00865013314625,-0.0614246469916865,-0.813761053638971,1.23254647511585,2.75226812089367,-2.18242185880491
-1.38786382087399,0.535162415945823,-0.0367527414732992,1.80638224022429,-1.68950345177965,-0.463317064136533,2.51897866123176,-3.66867752099414,-3.26640056422335,-0.784442532844965
1.85480314714102,-1.02081176265941,-0.700306057320576,-1.584104436389,-0.389133185536319,0.950967177033834,0.222085776295525,0.776924361355758,0.0441034615489355,1.3806710412363
0.694464898441468,-0.527245031363226,1.37271044331882,-0.787240069415928,-0.049822273319071,-1.8011539838201,0.586503138703731,0.731263376145345,1.55884202549449,-0.704903323454395
-1.98238047634401,1.86449130685218,-2.27692273290206,3.03663499892164,3.76587516940777,2.97678322733432,2.63782289004667,-2.93596834033016,-10.2963004638856,2.32447636459018
0.490195616440429,-0.65800094984745,0.803214531648467,0.363501645422004,-0.479697538446089,0.028108074447785,1.37714237724148,1.12539151440836,0.48044602324533,0.25692467451207
-0.578362160152778,2.4999659323984,1.36295157968864,2.03298070932612,0.902630000019632,-2.19580351530253,1.29309229694835,-5.64957528010356,0.434825491646918,-3.97282606759074
0.759448939359828,0.297152498641066,0.167593615097658,0.524245488821433,-0.3827253391265,0.0783089131667536,-0.924527881992038,0.726285406643692,-0.274144275180998,2.07140846131532
0.088047529590887,-0.251757183380386,-1.21987362568419,0.242105662580739,0.61889739666925,2.12279803466209,-1.25203155300828,1.74368483144098,-1.9156177760686,3.16336339733063
1.00305041573341,-0.957188554121323,1.06138031736028,-1.38028693786758,-3.16801422002834,-1.24963235293015,-2.28506359793056,2.88696349483941,4.98105811055677,-2.25871638282588
1.05930357749996,-0.606534704551502,1.31087231424845,-0.31418736948546,-2.18645123660925,-4.27127086932253,-0.411795176519219,-0.761754328194437,6.32896393711903,-2.52392511228706
0.654535978468617,-1.37570569469456,0.729194951422734,-0.755408020013439,-2.9768947240137,-0.0586580344830664,0.4273455961275,3.77738855909955,1.94774533287959,-1.03746885676793
0.152946043615047,-0.573748937529524,0.267317990866793,-1.63312562485708,-1.29068785716448,-0.967336405400453,-0.603272422364503,-1.85910367001371,3.33999848286087,-1.94075416829996
0.586246741653557,-0.841088597219491,-0.586052242911197,-1.5796604174637,-3.11161630031612,1.18561901150308,-2.71795264161894,3.64141083462176,1.55606081632087,1.60599910412595
0.366015418158326,0.492681525286855,-0.59350568234728,1.50889487184388,0.685539263913975,1.32599404678262,1.41881424392696,0.385623486438105,-4.70206926937453,3.85291647747477
-0.173700687437716,-0.839630896393988,1.13237456306339,-1.54705379513186,-3.05070149027057,0.21166431980334,-2.62672148868334,3.67554203275075,2.30061117223902,-0.667719443916436
0.902486718918039,0.343603141656881,0.403289490248449,1.34379526941218,1.16977963455756,0.113003980234506,1.66320856479047,-0.926000067711089,-2.09855014104496,0.595279349687807
-0.738265562441631,0.694664203424382,1.13423307977205,-0.530434623766876,-1.99061973811311,-1.40655149254145,-0.130126588356708,-2.30792948045671,1.75388621575042,-2.38067870266866
1.89794823182131,-1.49741433026958,-0.358922750278384,-1.91350624124557,0.626217479968728,-0.389700864497174,-0.351371643072524,0.766374994419825,3.06701658657522,0.686787550401965
1.4133711236117,-0.661665443540055,0.262670580145023,0.817184982878726,0.339605758946101,0.606698141461624,1.60671935223556,1.84146477146742,-0.342810189354031,0.196678562794449
1.0938780505731,-1.51712825018914,0.922586642094532,-0.392313582752031,-2.48400815403891,-0.730906266286041,-2.27830035963201,3.32901995006348,4.33565396880188,1.5806822107125
-0.885657843776882,-0.907664667348066,-0.135178161558936,-0.802757467633402,0.357647086521923,1.76949013150568,0.552718908481994,1.86404485929481,-1.65049792111474,0.00669322260869572
0.738178113229185,-0.884546805790039,-2.10898655725375,-0.201079169047959,1.419474131797,1.75158945524836,-0.0180954003733778,-1.84964500839765,-2.11892521900384,4.16196770315002
1.10011301378442,0.633943275628372,1.3944011613822,0.585224133051068,-1.05749708035034,-2.27504299811185,0.402276025044127,0.203585362548355,4.20795469077397,-5.06756410332756
0.209406717598193,-0.0995058227439855,-0.521683296543549,-1.70913733955823,-0.722939428838997,1.60317000369786,-1.77434286545171,4.30679326273794,2.57442390258633,-0.913493718588767
0.303400636884088,-0.720090322804592,1.02567598233426,-0.520755722066175,-0.292788716710138,-0.323077963870469,0.399794113507869,1.54773947219594,1.31021594322069,-0.832102659443247
-0.0221074576989462,-0.891981188754231,-1.39869948468012,-0.6590488493146,1.35988722953878,1.62196713971878,-0.938784091500273,1.55397092594575,-0.0337161089305448,2.85321476939676
-0.0221012906578899,-1.11592176837263,0.136793218649529,-1.74055739578942,-1.5507360110952,-0.0279000044226509,-1.93362051323693,4.13742067293866,3.07517357368303,-0.433271663874802
1.68757504203373,-0.537168447562817,-2.0057231773339,0.478658685852706,1.35926150454828,-0.299724680691191,0.264589901753102,-2.71924334469651,-2.33948919092948,3.22446391395015
-0.454210645503554,-0.036512790332764,-1.20588155354182,0.490045122387845,1.56438198920745,0.341324420607578,0.551289576198992,0.179326844491071,-3.35044164858265,2.26930076599596
-0.119477385246882,1.03860140934737,0.663613666833452,1.44619386011398,1.17931591226592,0.45527173750232,0.988542523765414,0.64454679425645,-0.293301821179112,0.187395160519034
-0.0974719257595825,-0.599501106863576,0.576881298751545,-0.409598788373451,-0.339176171822244,-1.2925460934999,0.234477566786454,0.923665886018394,3.31500611688416,-2.75260159659753
-0.752646835635107,2.52920359164784,-0.68018184752337,3.34150132020932,3.00521415849347,0.258709144225692,3.01639089433876,-4.62929878526505,-7.23552117971254,1.28053152313413
-0.546246316510453,2.12757753628333,-0.255838055579966,1.93748367837108,2.65544789647437,0.071941848434744,2.04265126058027,-3.02063379730055,-5.81654519771607,2.31669715061911
0.207531426936279,0.805964930999779,-0.235252077557767,-0.684371496726965,-0.525304627919903,1.43730779863823,0.276549829394708,0.314882762920469,-1.59688095538088,0.690201747405187
-1.06740442058312,1.26812150641169,-2.02469250067126,1.8387943043957,4.33155104427245,1.44699956069669,-0.123177746521893,-1.21977189146025,-5.45168730086212,2.38962056549625
0.417801230845647,-0.753324982807511,0.159991258540922,-0.388478665287204,-1.02910560302,-0.659986648077741,0.470647724202087,0.0472087120685505,1.48029764520349,-0.139803679554104
0.00366586683935812,-0.495664852193157,0.633635097493814,2.15167319228271,-0.211440208325866,1.48825465008809,2.22851790349513,-1.98866595155927,-3.52893330124168,3.22787074961601
0.0536719795801241,-1.48280137313645,-3.22396856119618,1.34443750724017,2.11651815337896,4.06485470339701,-1.36992285895003,4.92402028507711,-3.75378616334421,5.08229328999631
-0.479225017664333,0.932239874741605,1.18813475782348,-0.289630569573053,-1.62829926813199,0.364087706156014,-1.05474022730933,2.60174703054444,-0.00228682539857008,-0.367697349140935
-1.6951979265548,1.35372453966737,0.114197797126105,1.38220547198185,1.34285388516721,0.484096414735789,1.29760554544624,-1.0464273178794,-3.2639872949631,0.820312542619426
0.0190885264154016,-0.61076869130668,1.77678592490365,-2.99852461943991,-5.51425695490499,-1.13223464787447,-1.35972676097378,2.41998024457171,6.08975550601887,-3.9364491470252
-0.569541192046748,0.557411869152938,0.495248023017656,1.33838737101608,0.505761262584715,1.26949737576886,1.19549343657052,0.247421035510226,-3.57271811119351,1.09332190538942
-0.533033490012367,0.563749509496918,1.92931313934354,0.588143916574112,-0.913101497650792,-0.684880966526035,0.889629085137346,0.80866896821663,1.88406596577886,-4.20826757177969
-0.54693853517368,1.08059261432721,0.028793832997136,0.690126398416073,0.561048467719856,1.20633326922056,-0.870761430248674,1.05717100991783,-2.59528739440692,2.85535941646654
0.228483405731572,-0.724038494432115,1.65109542067832,-0.638877258580204,-2.88662282279067,-2.48916938785491,-0.526100084043604,0.952597666187149,4.65184033444782,-1.79850697138886
0.116696602246903,0.0496505435371192,-1.8501554696193,0.603207098157631,2.08223675492427,1.93649587529078,-0.0514784924490209,-0.969388249628501,-2.61206961532617,2.34596566408388
0.143605946268994,1.25593146117566,1.19368326921103,2.46728086232576,1.16984125727025,-0.370563464911711,2.09839636309823,-3.62259966739878,-1.83955317647954,1.19373117699038
1.29387124425534,-0.0403073825252332,-0.740742495207924,-1.04038193393768,0.509383926821482,0.558146122942733,-1.20915771122359,2.44392796112958,2.22562790678867,-0.162451278100972
1.1600664727896,-0.503285630432902,0.274383488522173,-4.33768952739098,-2.7274766222184,-0.888239072231225,-2.46457122910655,1.39533622529339,6.22629764550445,-0.59975063948919
1.44208240727601,0.39172410258022,1.63915288578118,0.490708685741852,-1.1468028933909,-3.32295401766227,1.04508954290364,-3.87474705240679,3.85916074491429,-2.086186528126
0.69003020968525,-0.00136758827819178,-2.20375729231666,0.692608922212227,2.79623297286013,-1.25364202694481,-0.279591649264865,-2.45419840839678,-1.04671663997879,-0.686847222560561
0.762936420529363,-0.940630161770811,1.34261835704393,-0.485098310225525,-0.709658758995575,-1.33328690687834,-0.920424165683054,1.58844801927915,3.74822032431003,-1.91126877301042
-0.237480419650129,0.95771633480621,-2.5699272326382,1.05887620612575,3.45180415309965,3.68310037695736,2.5693719682444,-2.02484431665702,-7.76013311668925,2.18497517305163
1.12964370475422,-2.36548582317101,-1.5261892311668,-0.814196910859112,-1.12934529548279,0.113933861734817,-1.2469528481575,2.26938842735118,2.28745157770583,0.557129360977067
1.17986581982025,-0.310711558545151,-0.816770963014648,0.383439607702629,-0.79900999010401,-1.75458486855386,-1.06273356115902,-0.767731069235393,2.16885972125831,-0.389126089888992
1.25731880869881,-1.18354414427469,0.00245018360412178,0.401363504001066,-0.410295168359065,-2.31301265468361,1.42784315551299,-2.60273036335272,1.47289486534347,-1.49285075054451
-0.624047517978339,-0.370864470658338,0.351832133587137,0.479511056537722,2.34708942332645,-0.122616945293884,-0.206869278007041,0.328605917996107,1.81814294752703,-2.63934578432272
-0.627435239528097,1.35001374208494,-1.44979202536446,0.23025685511773,0.500121873414528,1.11240156517669,-1.90369805617128,-0.603226116875019,-0.999510249972335,0.247003581379544
-0.290101110727621,1.29428545579139,-0.991472048123616,2.93097362807962,2.69642642208388,0.295459524135907,2.45479887370597,-1.55769842508172,-5.85500297716276,1.60378814627857
-0.340138698687686,-1.40134789400772,1.87275906476627,-3.26567973978456,-5.32648333184871,-0.346261843699886,-3.77944671668216,5.01910472533863,7.97804093080526,-3.73716657817989
0.634183146241081,-1.1847467728715,0.367333542328104,0.462961136958388,-0.372333476304394,-0.715781158905067,2.93052513567777,-2.80765122095266,-1.35918173837098,1.43759139504263
-0.213248255043866,0.44949259724925,-0.921859999309072,0.590095405717955,1.89348694611074,-0.261641869174132,1.22690250677108,-3.87364420901943,-1.47557373370006,2.64831288426707
-0.257316709705322,-1.66961425349218,0.372064722292516,-0.43807511419054,-0.258829892810498,-0.0963732042976688,-0.198774778449932,3.13554107223393,2.4176820147319,2.83961683405492
0.698867134987204,-1.22353124480488,-0.58434473389587,-0.955459259377122,-1.70991908564292,-0.543249277865782,-0.0421303630043566,-0.740802888573171,2.21100081486492,-1.17239207789899
1.20528214952057,-0.690140227683335,-1.10189041183228,0.282377001613935,-0.215798547757819,0.097331866115488,0.554831036080622,-0.315784669171941,0.790166213917424,-0.400523955528234
0.155688438474112,-0.357014784233064,1.34609187168352,-0.0700651509747189,-1.18980177112909,-1.72788781828692,-0.300473493068548,0.95333521244144,2.41458396435905,-1.06707155162133
0.0309859050053949,0.669017866341527,0.399065126476747,0.753582739575726,-1.55558961116009,0.0992331228249688,1.1710674417361,-1.04290945347049,-0.692603190340939,2.33807939882262
0.867052656020102,-0.728603621798778,-0.787068131620173,-0.247858641602951,0.983285782571067,1.17727147810767,-0.970425203712756,0.429676016090145,0.37196562585812,3.269973826157
1.27722344440901,-0.528056430682558,-0.305285758360927,0.550015086442789,0.110717710264287,-2.3064672485674,-0.0257775844689481,-0.0635148686336887,1.63239623371344,-1.05865166359957
-0.604210941063048,-0.341353439026132,-1.36733292199999,1.97810240245072,3.92637465790223,1.20623472044037,2.23345503603215,-0.513969946124071,-5.15603926830718,4.90679006025574
0.658565580149026,-1.0826899145596,-1.75381417313838,-2.04007721583672,1.70025938562466,1.00169179966068,-2.67973111648134,2.10512395818028,2.63932967487898,1.44643156591602
-0.913201241264098,-0.624621938308354,-2.21289714606703,0.897417474101036,1.30757285940677,2.10306558808623,2.40824004588145,-2.51036363516358,-6.51064281959741,4.20955029178888
1.21595941984799,-1.14577506419465,1.50903059236708,-1.08564158071103,-0.923237578174243,-1.09836913169713,-1.8270589511289,3.79664588623664,4.69082701824243,0.148234137735707
