0.700962633444264,0.907882013554243,-0.478683743001821,1.5520938488863,0.10988530005725,-0.581869280627555,0.726630715655543,-3.09210255239072,-2.85077240858965,0.716369048908787
1.65641080366884,-2.57507410671818,0.315467022951259,-1.43761998149701,-1.80839493042048,-0.885988818561307,-0.647944853796549,4.0322227387227,4.48719525235803,0.161075856068059
-1.66226464807018,0.4674496095732,-1.55244915546124,-0.401840748665961,0.272131224414805,3.89033380210649,0.490332387947219,1.87222274262564,-5.19296353528078,3.60731540088643
-0.28058778908013,0.30985291189483,0.080428749509402,-0.77965242045429,-1.57173181577898,1.59359656490108,-0.198762662527494,0.305901167447559,0.155275525229512,0.700566526216515
1.90768751926113,-1.17110400354389,-0.600481024819445,-2.04040113167174,-0.71404233098477,-0.500405210802696,-2.62284387330316,1.28237061813908,6.50202345153853,-2.7886152349294
-0.785516711882424,0.295928080076065,0.0231695633925828,1.54167814589489,0.360496234106969,0.663030376453944,0.0256938091499921,2.33334275891392,-2.80669970671166,1.93250311387168
-0.927666056795273,0.70403250253909,0.191053747933635,-1.47502996380862,-2.05769257003809,3.50150484045805,0.53002440664227,0.422960752261767,-2.43417252127602,1.31934102495229
1.54187191527358,0.578118044618969,0.3400646910371,2.32118067083458,1.22713969403151,-1.40602073422588,1.83163440202479,-2.39941924285604,-1.02920213328543,1.69272063156944
-0.0848436164399003,-0.790900755410649,-1.00314381046997,-1.23186439989376,-0.409242929492596,0.859368677558502,-0.394960851918029,0.437839092432962,-1.48103633844885,2.24708215894335
0.972131707879979,-0.270639300213566,-0.529445519210139,-0.731139509010116,1.18584415308932,0.656025408710451,-0.251047451587957,0.117915823592568,1.01474175227321,0.0150391267447161
-0.549830625195481,0.432180237178139,1.60782500241105,-1.76990237921699,-1.81870378837058,-1.27598511515208,-0.404995761706852,1.53283489195872,3.48588407189688,-4.148518418051
-0.769067309127895,0.477166879849294,-0.968473957779684,0.26244869972497,0.691855557371415,2.2621950657185,-0.925819183611211,2.61069357680985,-3.6946816933064,2.90434634606699
-0.781142068099152,0.906812301908676,0.480370158362369,1.81580358265362,2.90229603520717,-0.80477209532863,1.44318323005344,-2.35424536015627,-3.48017649709266,-0.0411284097170241
-0.346138861976833,0.65245592936468,-0.703872660794707,-1.44054357836229,0.248368201877839,0.161929346338978,-0.103494260768846,-0.274436191948071,-0.898668660609745,-0.0697647467974958
0.485238531202265,-0.0178413370804999,-3.16096485140267,-0.221212014364661,2.35357261898156,1.87849238394752,-0.583228895059428,-0.646429545460353,-3.30852273395316,3.54169968753341
1.22149633900921,-0.170002143712141,-1.58627642038311,1.08505748222336,2.17060954980466,-1.03587086468715,0.884665515669221,-2.01946383718108,1.06916062144242,-0.173095311806603
-0.729303413433054,-0.443565598333422,-1.10697806180678,0.0692535106891096,0.911367400245338,2.39535369974963,-1.3365226236404,2.1341816666726,-3.09939684801846,1.41202462170982
-1.15166011314904,2.73909797954913,0.405251375448226,3.64176344574016,0.633659970575354,2.94311311910483,3.68511297844584,-3.54064904572989,-7.53051325323213,0.852601836105652
-0.0384825086483545,0.24617139157957,-0.770027155794512,-0.858180231840331,0.022870516173467,0.372125401668107,-0.882535555895869,-0.296249426353531,0.991650214023496,-0.821949225447874
0.388357679535953,-0.904217285652842,-1.21972447430132,-0.245845174684536,0.692708431576865,1.04497588685053,0.207255788295971,1.18347470179285,-0.995430730481167,1.42168526173422
0.00185180239261202,-1.30791727745881,0.709198028925833,-1.3556298990648,-0.388779065614456,-0.920878513705125,-0.719941507142721,0.788902462994497,3.51152514124792,-0.447859058370633
-1.72091478753573,0.202311097814403,0.39653231896612,-1.66582388279025,-1.42155424025876,-0.952950326416889,-2.101757566999,3.03315977918419,2.5580850421126,-0.56834247134205
1.01662601548802,-1.74006809701303,-0.864555650973864,-2.05216042495547,-2.20012501887255,-1.24199862575647,-2.83959511329004,1.37650913202173,4.98589805110552,-0.671536038252481
0.399842889107073,0.124708346240446,-0.158132914696142,-0.0917789458909223,0.637531798766909,-3.63753822813656,-0.30530833075321,-4.13207181875368,4.20367727423998,-1.96906823237971
1.0642800909481,-1.42173660820795,1.03010607382893,-0.36743216481799,-2.62343504170916,-1.39919322801292,0.360231379172084,0.0152314140745196,2.82993701270504,-0.257046066244771
0.05337754676477,0.559668754168749,-0.799694337266847,-0.50027431791396,0.810278763567524,-0.795805978651916,0.858676006016625,-1.79033651011961,-0.679248628600868,-0.124775396081348
0.541797511190186,-2.24792309699007,0.557425512687151,-0.393726140617777,-1.54275631132112,-1.11195790255142,-1.27305280189155,0.700904234608238,5.62265689017983,-1.50670610960281
0.208536453213769,-0.320425890391028,-0.439134411893813,-1.32119035945683,-1.66938283352293,-1.76369993880805,-2.39297585919867,1.96320187073834,4.67295178776255,-3.55703029709281
-0.307036833309465,0.865652670778425,-0.203738330819898,1.33451134628046,1.04306278776738,1.20732168459742,-0.0334608828136095,0.779880562338144,-2.55496234492769,0.806572377104804
-1.06092994572838,-0.527461141167995,0.536561092890799,1.37904983391546,0.7472417995693,-0.224747110668162,2.64612941262968,-1.62784873738057,-2.59127901673786,1.40071103118448
-0.0594468085478495,0.269868186211837,0.109059834546598,-0.679002046414657,0.24419957761501,-0.182623596687378,-1.46652219773768,0.179106972826324,1.35109643693017,0.254238917700863
0.895623351982098,-1.60520763055003,-1.07178782940076,-2.25608488923534,-2.63472145150794,-0.276181546917426,-1.70242001845683,0.705940053354901,3.79566751487469,0.0369589861300211
1.91813344257414,-1.29901211924784,0.0522273186666534,-2.56084898306706,-3.1551434135735,0.584024892373995,-4.65926329626039,8.26459603151759,6.86318372109779,1.24313214978627
1.22652007814718,-2.45989482134245,-1.32604164904496,-1.79504310715286,-0.31292824680062,0.975403033935612,-1.80469520712111,5.31910409679797,3.62899819937058,-0.655566841287208
-0.098274750394618,-1.67610839750766,1.05449321321158,-1.94377995305841,-1.45700576439388,-0.907712203133897,-2.00777838736613,3.34181279833174,4.40185397599799,-1.90035044373509
1.74010492327499,-2.4059448265628,-0.610468459982993,-1.49383707307795,-1.63599559049855,-0.110629809648269,-1.76408933583498,0.921725176314345,3.48205174124053,1.18601056487905
-0.445643519032208,0.0489369693263901,-1.2498345136946,0.400007574753017,1.75876457789678,0.355665606506018,1.4313073586944,-0.180327147287165,-3.74205090965115,1.71915235211242
-0.821194344170618,1.12268632581893,-0.975186922191614,2.64579320163601,2.01170417252447,0.144369867460792,2.30049815653328,-6.01414190152046,-6.21887857528629,1.95446457863095
-1.73057211200958,1.47333243466836,-2.33378625487004,1.81341582013992,2.29105766575977,1.40098965342444,0.430578621303721,-3.6815688659628,-5.94198823688125,1.17666683766851
-1.14189590998548,0.834390994877857,0.0982885663985647,1.32487279566963,0.432130595470096,-0.705798414286412,-1.24248357484053,-1.99761664346748,0.293058405400084,0.313702674892829
0.438663794307057,-1.30477370995132,0.262861512474647,-3.17050307549061,-4.42595185793224,0.0553460248951498,-1.49811278252991,3.99770573876811,4.0044545470153,-0.846729886186283
0.230178908663225,1.5262133956914,-0.316796989474504,-0.289046451976061,1.06541589166738,1.53376730111154,1.46764782473653,-1.58889578644102,-2.31553518002646,1.01935650596774
0.445626608853338,1.05519387150502,1.03553421523828,1.30106596869506,0.894183438244324,-3.50175200667234,3.01783668618813,-5.06113905062659,0.880779724761043,-3.60533794174592
0.295016244342739,-2.46234253439483,2.3196510591521,-0.385178848653792,-2.37632438379385,-2.09493734065118,-0.59149294649273,3.59299245073026,6.28847674684197,-2.83747943607484
0.00617031361940036,1.26396959484914,-0.00204863299526301,0.512217719545445,0.137439066222421,-0.298788421653032,-0.220372127769118,-0.299471224718953,-1.77971553750958,1.34886262575734
-0.551236073779625,0.523105861347393,0.835405073989659,0.0348787247255321,0.303785997582488,-1.92121217755692,0.4237086777666,-2.71661747478573,2.71615308719817,-3.96346178719818
-0.527910536230695,1.63487165432855,-1.03597457244829,1.24719014811636,0.109105611349521,1.30627641152839,1.0247112443619,-1.00545257514591,-3.03767414686902,0.668908858219433
-1.88825694173353,0.0209673134164188,-0.409692719934448,0.19334876920218,0.0936060739561494,1.25618771621994,-0.256093842147301,1.36732323875993,-2.58500469294423,0.0868088126104619
-1.2833344980373,2.02384275185855,1.15701318885166,2.29349970391969,0.367810761767437,0.23775728581578,0.419632631660551,-0.435321185863914,-3.05807289422187,-0.919114005661336
-0.120276555583014,-1.19019674897133,-0.338186488800418,-1.35410884345747,-1.02968157878893,1.07785110993312,2.0168027535759,-0.0454649989872611,-0.374189302130277,0.333295226264897
0.726244640912476,-0.608910604874872,2.27812731355356,0.179433881539848,-1.74484123502072,-3.41335479394879,0.37876432510487,-0.407010530582879,5.40376079555694,-4.21259383727476
0.593892169930936,-0.549339926214926,-0.573335774211249,-1.15102093910995,-0.116184800282177,2.79941671105492,-2.61382097789323,2.66950407019727,0.645838254011174,2.99219501083315
0.278513630818717,-1.01644445708695,0.398984703151191,-1.10551524893942,-2.01995282005676,-1.68714628402637,-0.326127967519832,0.663330640474913,3.24875673161876,-1.79063985224516
-1.11023878948438,0.920535031378979,1.346129659657,1.66832957757854,0.0576983712537059,-0.047140986499959,2.78885838478364,-0.400319445047841,-2.57528735983613,-1.89676538175536
0.405532325644803,0.30710022788795,1.21719298071665,0.459623593465689,-0.828042948238494,-1.76151360806557,2.19673164434815,-1.7611207849724,-0.712601075792238,-1.57213398121658
-1.04097975545333,0.730089518800782,-1.17156103500397,0.579197546224525,1.22185979773036,1.72236637481667,0.507660893324071,-0.984538446409812,-2.83700396630245,1.70801555748748
0.788563761906901,-1.61518437622259,-1.52149768915771,-2.66617257758235,-0.301965421908471,1.3722851447597,-1.51260856624644,2.9502901737457,2.97145483135806,2.20778544161159
0.484457461390332,-0.460206010330735,-0.108690265094647,0.391499397118674,0.729637710615025,0.893277796415747,-0.203876934671258,2.37085333549095,-0.507408713100573,1.66786382163339
-0.689206362697238,-1.22264490708416,-1.37590307905063,-0.760443993859253,-0.271502895407108,4.04130108116157,-0.538969944906138,2.09521606731916,-0.106911149477114,1.35551486421986
-0.285663212439212,1.01876620677251,0.305133810426248,0.167330561732268,0.872013991135108,-1.81276359201133,-0.0730605103108604,-0.760486601588676,0.972338728622637,-2.21789372480477
1.01974119719683,0.104196118837359,-0.35218158882739,1.7547352966197,4.71922492513022,1.0100109534411,0.417769830352898,0.159018326085799,-3.53967202535253,1.69308938887865
-0.147843140994445,-0.382800304213213,-0.136444552273297,0.13234086379131,0.45328944102372,-1.97228310556931,-0.0907367455564764,-1.09187424630436,3.7223353548725,-3.86200761690035
-1.07656550593325,1.01796306122542,0.743157141163008,1.05447431866269,1.14273721583847,0.732405566641846,0.409418811563694,0.201232414131186,-2.48656992741477,-0.736409261553262
0.169621402733671,-0.346322248189602,1.07454885860551,-0.847828198036791,-1.34309272304288,-0.252149114443099,-0.399839813466873,-0.0564142456905436,1.42104633979965,-0.939109609052498
-0.770480487602536,-0.169702664461764,-0.841537140112426,0.264030111892548,1.88264582150158,1.56500229715821,1.05639588559981,0.391307009590922,-2.83594665435214,0.360917563852304
-0.208874968339804,-1.29308671657192,-1.15433130664681,-0.601419486978557,2.1160433009182,2.50978236388895,-1.62234677933303,2.99933234407737,-1.31146458981298,3.10446813022032
-0.410415631882603,2.61954650958798,-1.16901866681338,2.54386307706526,1.00048171053788,1.49020600586045,2.55391833462049,-3.09220502029906,-7.45281203333294,2.30338731482211
0.319753275503641,0.505954507268121,0.515053585709934,0.942691274436833,-0.235699351993186,0.434559262565477,0.503094393802653,-0.262073515121162,-1.08511810977826,0.456902817521731
-0.938047395609808,0.440116174197315,-0.417879640502811,1.8152102781571,2.05308827750104,0.731992143773326,1.59815908517494,-3.03891525279634,-3.29516509454951,2.47773761469291
-1.11407993173625,1.03215685581999,0.871768545071622,1.88399983087283,2.77879233249452,-1.61275648819129,-0.143365649471916,-1.59863918001459,-0.217339791837297,-1.46273074239753
-0.13875364755277,-0.267865187640537,0.275640458494532,-0.388133545847491,0.730676192450315,-1.24775098276431,1.29958790658484,-0.974817333195079,-0.541888795048283,0.417779290712758
-0.239416894112336,0.908465305986553,0.441774515139674,1.67444930333947,1.03455786469267,-1.47942685696359,0.777353143460273,-2.56755275213638,0.0811691890827783,-1.18128071500027
1.0789811388492,0.488448598390682,-0.99123097146553,-1.56140413759062,-0.940737207186288,0.0648394330190732,-0.272122727239479,-1.56048250533632,1.86497110085713,-0.0129394236922833
-0.608293117709779,-0.669137112732434,0.550345203156012,1.89734104501921,1.16202389445753,-0.452256232925067,1.49069784118428,-1.08985394003441,0.827485403194339,-2.63065204066234
0.196259579717259,-0.92796120900893,0.315759918038507,-1.14810485482307,-0.288610813186655,2.09879913509041,-1.53925214688875,5.11531952790198,0.496606006183598,1.55356455296964
0.540157877804275,0.704958422783749,0.267600620995475,1.23595549742563,0.50986476466734,-0.116481992537189,0.805491145324588,0.505007351328,-0.736385251327769,-1.2624620046308
0.86339938854233,0.878851185353781,2.12056770001541,-0.248302201830258,-2.12537944707114,-1.46592236505645,-1.13054580822622,0.950369323663506,2.66127808938873,-2.61480657463939
0.232681156639067,-0.95252494768059,-2.03660992733974,-1.51270945309606,-0.970259751810068,1.58424398633692,-1.61736326663219,2.3936159590469,-0.037378451542864,2.63243151324996
-0.367113844663568,1.01127044145644,1.32026355805526,-0.994390331711841,-2.76696245331002,0.865873423293573,-0.761574135042182,0.612783677006349,-0.430132623081582,-0.0682062148863788
-0.0184053929963106,-0.654754870030687,0.758869924349464,0.336144546491471,1.36089111531976,2.15926200645618,-0.364108032703517,3.83091057049895,-2.85278311652151,3.00365746797323
0.00511949746552774,-0.823216441316234,0.95204459802625,0.120772749755388,-0.897003947903457,-0.274960815424182,-0.0153163292384801,1.47095791812242,1.43098134566926,-0.811581233985815
-1.88373867873636,2.48931808544518,-1.2738429995024,1.58952456189955,1.51740820931994,2.63986748505519,0.223783884675281,1.00310629397842,-7.32730281386485,1.81973073136724
0.0529989147887551,0.387147987375186,0.961064372659288,-0.852213020573663,-3.64608289370462,-0.788351967652229,-1.8198121095656,-0.0342570807971966,2.70015975059794,-1.76790290575494
1.76704670454458,-0.118186307144231,0.761625926871904,0.619449168064671,0.984056069843183,-1.94680513785781,0.340525366242425,-2.8069167236883,0.629080117410731,-0.20357405792216
0.308211470909925,-1.00161327343799,0.197013120196636,-1.61957136622246,-2.71903655718673,1.01817593580024,-1.3187900721247,2.94855652733697,1.94742064310067,2.62008997466019
-0.475735712027686,0.130829379632173,-0.566791725912685,1.17686292690078,2.09095992933922,-0.0574826550647822,1.84833986244183,-1.50229499140134,-1.97571347299928,-0.464889335876354
-0.288607990586892,-1.82799723047978,3.16274671709803,-1.88944406498765,-4.8849529057197,-0.907117630650499,-1.45492380251675,4.88649154396054,6.87366852538682,-4.41435463180513
-0.252040404346344,0.66889798632298,-0.531435891250366,0.786684133793502,1.86964948185299,-0.0754658953228529,-0.10132739893257,-1.23895538385112,-0.831547912064196,1.04444343119263
-0.260027269586097,1.65029930806139,1.6596119101508,1.02067833501817,0.224095926837957,0.0802359524718887,0.274915280285008,-1.06912802353897,-0.503838299803101,-2.9487972808241
-1.37637160698334,-0.00466517993749575,-0.129283043417617,-0.132313698622792,1.328431313954,-0.559183603216942,1.43838586892084,-2.06826424359651,-1.45034653074801,-0.13026574627567
1.2810422263399,-0.927710871429403,0.608833853660224,0.997048315173984,1.86914837570457,-1.71756479025122,-1.95050558918275,1.58185517268932,4.27533033213111,-0.54048224682456
-0.0307984674383719,1.20540756233629,-1.26797521593146,0.730591665494114,1.46918266197471,1.25099651051781,-1.11103706150167,-0.722689786043104,-3.20126003697365,4.52629270643985
0.494203340654221,-0.812206202107129,-0.465273854637563,-0.975901205878871,-1.68217937230281,-1.38383290026208,-0.101809836932867,-1.00763083923556,1.94872252098485,-0.699866051167409
1.30725341505792,-1.0348437260442,0.65050724165396,-1.34976204187844,-1.06840702667605,-1.15587639626501,0.702592558476194,-0.759380504950123,3.56532322501686,-1.94401417429034
-0.318039424579465,-1.06412253093987,1.00320254109215,-0.370438203537035,0.0731678818814747,-1.26932199315899,-1.13404541445921,1.98493067875459,3.92865856110109,-0.399711729521828
-0.231866480024111,0.853911642814463,0.897801758090814,-0.0246633124955874,2.65517192354354,-0.2800199090721,-1.77603258732584,0.111069602030931,1.94944408299838,-2.09233654456797
-0.0517654906610135,0.311837352405214,0.165070228417024,1.83731188483632,0.977549526637928,-0.735294012804743,0.921024908931796,-1.65641532735897,-0.935489350289158,-1.49208089047752
-0.395409420627529,0.981205183372874,-0.434297010986275,1.69465756705935,1.88966397213192,-1.50249319336215,-0.0397618552243885,-2.66963929784922,-1.04637536698502,0.0939154833267974
-0.589031253848155,-0.0532940504511421,0.626406363913921,0.124572350573109,-0.250680126070046,1.63709025407849,1.18204205975097,1.92024426680617,-1.07519947731172,0.0826570078903742
0.596451591736847,0.520770761204255,-0.305926975785372,-0.10035022681869,0.538607093860179,-0.927465282280569,0.259466939166162,-2.86202849995662,0.798185054257277,-0.00335585282642455
-0.496342376764905,2.40860094382872,0.191406511744014,3.09690794701365,2.35249769706267,-0.382555865656707,4.31782184171737,-4.92383604844638,-6.30084969760834,0.486157656497449
0.52891811629676,0.943461433989055,1.2462436253126,-0.311920061375851,-1.46297956010141,-1.30199526197529,-1.57318983695479,0.813101801256106,3.95721217190083,-2.73274523401651
0.847401247438671,-1.83745297305149,-0.178600661584761,-1.71334005837487,0.243316622361477,-0.0968216451146855,0.00993710247352568,0.95724639837616,2.85919584792367,0.265534802111641
-0.456949027780928,-0.183802100569799,0.63876842452078,0.181987238505537,-1.5777336277514,0.464995787851687,0.611203818119519,0.571819967883772,0.254748247153036,-1.23720107370772
-0.473898871234599,1.41478798314583,0.800975418703301,0.0612496417704513,-1.19745317654109,1.46033951492749,-0.473724435145119,1.3638818766496,-0.770287075651577,0.125191449569198
-0.140414354271893,-0.554760132891086,1.3431913070813,-0.527538213623749,-1.35271833458346,-1.15757859019017,0.0243113224062973,0.62663113534875,3.33566704487081,-1.34639583818274
0.171988227424566,0.690824766052755,0.571781888212765,0.651362532179996,-0.068685002359783,-0.585644394448982,0.910413521403236,-2.09023633557042,-0.112944355017919,0.399840848363742
0.323358191184755,0.650621391449289,-1.40937475016281,1.56468173857112,2.79510637817155,2.13001823134472,2.186199377219,-2.83122359970711,-6.11580748523004,4.10332187841142
-1.18767432121015,0.607734656516833,-1.643453246889,0.371029169646954,1.34185169030029,0.164465393290687,0.494243888697647,-1.80096401592977,-2.86681626942571,-1.03107996655703
1.64916812636135,-2.41265731863083,-0.520900093417905,-2.2148237585114,-0.0167886329948006,-0.647017155947351,-1.76874989578954,2.04836540996039,4.92089930561568,0.164700274519475
-0.204658558529351,1.40706157911389,-0.219693131296417,0.971221182930948,-0.363057670655937,1.1614497953853,0.905519673811255,-1.27561425621044,-3.83301718681355,0.796967248641904
0.14188409227944,-0.671946513930458,-0.245310611905815,-2.42786781102001,-3.97304833972036,0.0107405331827506,-3.75438206173643,3.15510805697711,4.84537233982516,-0.392791553426505
1.96545566935158,-1.83957010163822,1.0225193701976,-1.98132419491693,-4.04895917350572,-2.90282366880979,-2.36626136844248,1.87627213276992,9.15783702038341,-3.43793757590261
0.23808873907217,0.680278046184862,0.6244210652254,-0.603790575643033,-0.353497523669886,-0.998377805481589,0.353663980482402,-1.48305512707498,0.701795443766152,-0.64935935691355
-1.04939914857639,-1.243447793739,-3.1300110936174,-0.445417628395591,2.19637399408092,2.23534012779436,1.45303834631578,-1.1784495976143,-4.59880567734942,2.65971178364136
-0.481324057314043,-0.801096143465553,-0.714633245193504,-2.19757858490027,-2.21602223776442,-0.364785217525888,-1.68308699117144,0.211408015102878,2.31698503542051,-0.658607593039854
-1.31771058728689,1.29740568219284,0.295551661260748,2.1877207911204,1.29645905414048,1.60219278199328,2.0079577994365,-1.67685483360824,-5.83626906655414,0.682967266458664
0.681209761310165,-1.41533595284006,-0.355054679766138,-0.709735413775392,-1.04269994641581,0.126592837183589,-0.13408925042755,3.03409663222322,1.39448950839943,1.8974422118667
1.28747087531206,-0.828306272025791,1.04547802658468,0.844673466361975,-1.77599489622644,-0.42027321300123,1.64526297952438,-0.666956414905691,0.570349505229776,1.46691945921556
0.136790500528626,1.02337271608618,0.555288279145387,0.879321473337833,-0.746609695624188,-0.518800632405697,2.6983914957617,-3.68411758755646,-0.286380298682723,-3.35264443103004
0.34413156269308,0.310338326117976,1.89445424087257,-1.54507542792176,-2.75584519044321,-0.0138856765234647,-1.24432607117723,1.9254613597219,3.40998124982873,-1.91583335053624
-0.0797403794476484,-1.68864913516749,-0.446007898470153,-1.59946715154005,-0.436897683530119,-1.80336955252287,-0.473121714679575,0.546405503044397,2.75766465631064,-2.13402172151168
-1.10761017759628,-0.616892557708441,-0.884573993738129,1.58116696909318,1.16631005069433,1.24630519676501,1.8230211846953,-0.761410048882143,-4.95648559182697,1.89301115774533
-0.817087196940815,1.55412137608679,-2.92549731261499,-0.00283245680647508,2.43242692643984,2.75794263245767,-0.134246270412453,-0.468205279441926,-5.66920593717225,4.06516212160615
0.532363816630686,0.578878806350273,0.373014466430616,-1.12272421614776,-0.916846171682819,-2.56503050437882,-1.57434400053999,-0.606619914645163,4.0983103018028,-1.70184733212252
0.988369288278823,-1.43401996670536,0.649815033968114,-0.700940670203123,-1.3743145566643,1.44577159790454,0.859825321549385,1.12183628072138,0.544246272741079,-0.383469243499549
-0.614512457659016,-0.0781576178375918,-0.714444816533078,-0.537913792916342,-0.0227980167404163,1.02944458119179,-0.383043311568148,-0.377336415580046,-1.47052391907099,1.75160986466041
-0.0255752423813988,0.0701421867986113,0.111589174916541,-1.93618043455292,-1.59259488977782,-1.07763817147207,-1.78410303656535,0.966499246938776,3.95022471289331,-3.00163168276955
0.00366128291474504,2.46762476369455,-0.478255807739136,2.47088318017847,1.74888196283426,0.000134343993066133,0.818151554506552,-2.17762318239733,-4.58128674731265,1.35369858121241
-0.474073432014084,1.35785162111681,-0.704307048251567,1.91641683837835,-0.0176683592444276,1.02285078681822,2.16841126573002,-3.93158654279737,-4.62065711488322,1.6016661610585
0.923035562209403,-1.01305885613081,1.73319425995161,-0.239795133651584,-0.815961350482657,-1.87851548722105,-0.638508265314629,0.862164557130751,5.14466575783637,-2.53663683999626
0.560319612532922,1.14574135149409,-1.12597666744719,1.20409094379296,3.2401352780381,2.34319190381383,1.95099918600547,-1.21826868208215,-7.02261212368083,3.21007791951404
0.686538168494605,0.124398026653621,-1.22054824167197,1.50334262307612,3.90379703561031,-0.635749030237214,1.58013792038294,-5.56113127832633,-2.22101988694592,2.0475531189641
-0.0607839115737872,-0.0546722442566852,0.504656518184959,1.1800315907013,-0.430459698347913,-1.29287949009695,-0.117272793133075,-0.27331123705827,-0.879275219960195,-0.285674350100468
1.31281288570967,-0.869753022559186,0.137538267926741,-0.690818183912345,-0.569504329458886,-0.607245632789136,-1.65781769771032,-0.0660355902922078,3.05204801671635,0.321853104044097
-0.179258148505061,0.0212047715814557,0.273412789492555,-1.45097818106965,-0.262720534194049,-0.187024433572905,-1.59748839179991,1.32149649559512,1.51251931269371,1.0087881604703
-0.198297778913105,0.657188944382723,0.463799522560027,0.207045921860091,-0.660328728880729,-0.321363320690738,-0.726832345533893,-0.107585051664616,1.17251069815501,-0.500196217906948
-0.344038226737276,1.06135511301506,0.246948316925673,2.25198335903026,2.02916198930872,1.24112793524374,1.44930003778052,-2.34450488712804,-3.19724935206804,-0.267450785971579
-0.717996220939797,-0.207006400485038,0.889253192396336,-1.15986840008162,-1.14168933320573,-0.110896885501253,-0.941468115846488,1.62378893578512,1.51486134716292,-1.54051783961998
0.291355974079128,-1.09059246158665,-0.0694405027771745,-0.762588452818435,0.206622253440917,0.0281628191191928,-0.124097659609356,2.5905381647733,1.09503662848708,1.91106396938888
0.110456959644385,0.629454313037765,2.05411090276595,3.26134045456974,1.66013446313423,-3.02620082799541,3.43397458170855,-5.70253109839136,-1.46489148484132,-1.41165891177545
1.17089269829246,0.00118835341555142,-1.5046907545077,-0.893983907686184,-0.722178508680977,0.00491249852395923,0.00746980930113489,-3.31929438805951,0.512347455054645,-0.192437542138096
0.710964804819126,-2.47391597371116,-0.360284659039916,-2.96022503493493,-3.50181134512888,-0.113789019791004,-3.18949579951514,5.27898013436732,6.95264141004385,-0.841448688787171
-0.0137455372186427,-1.65601395240856,-0.864081870073987,-2.40653171578984,-1.99457426694037,1.58608464308118,-2.26341843950509,4.93192743743208,2.58735165311916,1.88523648725061
-0.328656278513468,0.588315304438922,0.0758479009478485,0.297751024011033,0.0964114381047137,-0.310604339565127,-0.826201077951296,-1.4077967964493,-1.5313934217722,-0.48252574525116
0.439413796991183,-1.23541352391499,-0.919727590145783,-1.82211791283089,0.437633933188671,1.16902743713234,-0.471408270913528,0.503343825779903,-1.80779453443174,3.49795229639515
-0.2481231114935,-1.4703825699434,0.117596267114641,-0.771807051821058,-1.63830371787617,-0.534268560066885,0.408734452904435,-0.117363252086196,-0.530821551519993,0.0169507461657735
0.383390930862848,0.520912312160019,0.153145636261171,-0.143759306750161,-1.95500875174858,-0.278061867582443,0.715598236395301,-3.14453629259799,-0.786811705804322,0.0941581303903555
-0.134872905419356,0.416169157435117,-1.26930404372871,1.31441511489666,-0.0110834788747129,1.03110878124928,2.33147208977526,0.296118550012138,-5.77160093721332,3.00861029844109
0.188112234898447,1.30273109390278,-0.743297727810162,0.560886659002093,0.208425136128693,0.145427022807994,-0.312066630108831,-0.686718140327394,-1.20672752325303,0.873838307327988
-0.439702584142738,0.164011265383968,0.496105493655918,-0.501575377108508,-0.725689937955302,-2.32397784978408,-1.96435353527342,0.471552723067908,3.3627409887547,-1.35732241317081
0.618591731803185,-0.606190777918686,1.20272065189852,-0.127917783988326,-1.15191804078651,0.165817346480858,-1.81847283223577,1.85457695790927,2.65774977334635,0.663166139704931
-0.596515457165611,-0.0504646998136142,0.978870398414666,1.59317918853755,-1.01582855744429,1.49158303151508,-0.183032933346653,1.68083268527654,-2.05608229859998,3.62146223259019
0.453749755065558,-1.72177727620077,-0.737934578703253,-0.21319846860058,1.20451326369962,0.19662432882927,-1.46243878502564,3.82684691150044,2.66739366025848,-1.19077926898879
-0.045488402317641,0.183677320288626,0.0569240689723792,0.912065058603693,-0.23886923598868,1.2581386859414,0.226497155274158,-2.2141624984007,-1.9259312410003,0.892761792396379
0.360557668056825,-0.105090105344748,0.352779225132708,-1.44075682335833,-1.09424832456959,-0.673026128593374,-2.61717848675984,0.93719402189858,4.35864743819647,-2.00340955994447
-0.0862711847135375,0.538971532923609,-1.32292638495386,-0.906404023256152,-0.212838743738508,-0.274331832274369,-0.089375195498503,-0.782167167383553,-1.48464122661821,0.995727814949482
0.141754212673672,-1.98101410829893,0.0752679982604149,-2.73007586165708,-2.46046156215756,0.642703415855349,-1.80025276126089,5.24111072193622,2.92884539714377,0.876183950040198
-0.0907025569254943,-1.2273971987518,-0.929445158167537,-0.572982386269147,-0.464066857346913,2.01510076487071,-0.287298326250958,2.4095309276763,-2.24266360923908,3.61768449003537
0.89510735204946,0.281209782280243,-1.42285096945161,-0.0561766785087379,-0.531896945665431,-1.76190627302207,-0.283297455583252,-2.19277746245081,1.28485737290996,-0.114414759867293
-1.66222669242353,2.35046847530812,-0.708132745206653,2.13499187633468,3.16356212593386,2.32008550247507,1.22380897069728,-4.0504883224889,-9.0026794106344,4.13747566354397
0.585608316530674,-1.35569131572379,1.08291868733287,-2.60926419944761,-2.35014742016983,-2.098470839719,-2.38534258986886,3.65408056926586,7.08012343246396,-4.1068274895441
0.629620583991656,-0.127086613076785,-0.989361425233809,-1.53751358341638,0.436112923228816,1.23664175207694,-1.43469184145887,0.522953694442661,0.438669526592774,1.22584588648894
0.716818093352287,-1.76233356296265,0.264331176258236,-1.20151695241276,-1.76894781749775,0.232742479655176,-2.82451630630571,2.76323316291296,5.8245457780298,-1.38032449985517
-0.833222490885996,1.16412345569885,0.303011634087694,0.129729131546579,-1.92577284514919,-1.23650573683651,2.25229064853571,-4.70092839660001,-2.17000298877836,-2.27036064662242
0.676694154563039,0.257787139159961,-1.63407048990219,0.674245265624168,2.36124200080919,1.2365366230064,-1.21327884267726,-0.104784813980497,-1.2616671485445,3.73072044908334
-0.95014998979183,-0.252800691744756,-1.04281622663902,-0.0398739664516196,2.59488349316136,0.539274085813556,-2.27426933049989,1.41757693729157,0.136592892169685,0.711192883152946
-0.118144826642791,0.621784172385321,-0.418202445189465,-0.483976093544976,0.464077795975879,-1.16763282267881,0.614531419751601,-1.85620146004186,0.372295267026858,0.71949112834608
-0.561522414890865,0.525842446388706,-0.538024985046678,0.317358395791379,0.343885072188891,0.0679330267259864,-1.32470259706819,0.5835754130656,-0.119590349645557,0.305250505636919
0.0980627892279491,-0.896096370045937,-1.18687137824758,-0.104690807031752,1.91262384224689,-0.176347555340565,1.53225238646572,-2.69521222263651,-1.07699819616651,-0.730616442045109
0.140771195927334,0.164418708379295,-0.97083849366166,0.848348820219557,1.56329350832479,2.53751616258895,1.55478625061265,-1.16133417994895,-4.91840495747609,3.01602926548414
0.233588563250209,0.225257259197931,0.293597480294013,0.281957268934725,0.978265111585169,-1.58674378272688,-0.217177549077972,-0.841465477121201,0.818089849455168,-0.860193750069124
-1.53001067747415,1.45578619053663,-0.0621789891920192,1.80382649386785,-0.205101971611624,1.30118355161898,0.867633660625493,-0.238285175180195,-5.02150803187152,1.86744677132601
-0.929615357201501,1.34435166205174,-0.881309556749315,1.61244120813921,0.94047336830761,1.72199639245075,1.77878851287809,-3.4189534482064,-6.22615829999005,1.66513914782384
0.389411277293638,-0.652825948362225,-0.729863551207659,-0.409012980750977,1.01297852996689,1.11391111325202,-0.867019253735791,1.57329006987814,-0.216549349321397,1.00225911489249
1.44284853441969,-1.11559914759955,-0.393285868192378,-0.412328723009155,-0.658895222985613,-0.155043738097355,0.360696035355091,3.47498316939551,0.852752888729917,2.18204421913033
1.20570121994779,1.04423440937067,1.23313094391681,-1.11475324807049,-2.72797507890707,-2.13718985169696,-1.73298829386199,-0.0357092561254326,5.37125548975177,-3.98824547731277
2.03383634393787,-1.59429140762424,-1.12190452956152,0.819024697695533,2.81656962301808,2.15843397785166,1.40622689921102,-0.102050215887455,-2.48524856818115,5.39229475851788
0.613037867183878,0.620216094816572,-0.39781563025101,-1.73541201098444,-0.549129207330761,0.08509982675888,-2.06282919014427,2.5939808957726,2.69295232080671,-1.65188215198949
-0.543466587059112,0.386593322261685,-0.905629943952336,0.00728043289402806,-1.37206647380021,0.585135961000668,0.744460144808707,-3.09691672317182,-2.7943717229044,-1.41875010675979
-1.06863672442182,-1.94923188452434,0.848996571803361,-2.16966758396998,-3.24805291863684,-1.43768993822952,-3.89976091019187,4.46558286855035,7.0876387392788,-1.09105311506903
-0.438993638635016,0.928387151394816,0.498859639577147,1.12364819170691,0.251180347122952,-0.348112799136875,1.07504441165239,-1.71099716012388,-2.57965795263085,0.0439639895768636
1.2157300283223,-0.668993683031986,1.3594533863816,0.762837449160449,1.00812569528025,-2.42118856645149,-1.03434881050099,-0.76597574521664,3.93209244359154,-0.00392381254916785
0.17212648771715,0.788441202728027,0.605023216618486,-1.11540354766658,-1.72214272151515,-1.27646550135856,-2.47687295190471,-0.636556606259199,3.29644466222938,-1.97686814739839
-0.689147487574047,1.02140668455158,1.6441988055321,1.32681621810968,-1.23597102677276,-1.30161411347916,3.72222653867653,-5.21596957588332,-4.15715120536397,1.86504325488499
-0.735674549073654,0.677341724041259,-0.38310282883685,-1.55549138744985,-1.10382133928077,1.18925215412827,-0.359253322785138,1.04967670125731,-1.47953195598972,2.62988925374723
-1.18650096517593,0.812376790672353,0.365152412066324,-0.197692095592718,1.04783262899957,-0.27306494776597,0.248921130275957,-3.22540880947584,-0.113215574147076,-2.11059546363642
-0.0420799749834528,0.71686230740984,0.78509890216522,1.46836289320411,0.12686520030728,-1.20154629808846,1.34882403760489,-1.04425552734032,-1.38323370082955,-0.324955715623458
1.22217076273149,-1.80298584833013,-0.570686737656558,-1.35767159219357,0.391936487405536,0.65485151994147,-1.96161760819202,3.19493278490779,2.53775133513744,1.19326946506199
0.136026095699248,-0.40207132659115,-2.16994884695103,0.797452505090362,2.27256763400156,0.480499877040092,0.749094833646538,-2.31330538947561,-3.25382020048737,3.22825122094161
0.615369168556198,-0.409133182550299,-1.43095825982401,-2.67227741528156,-2.19762106869814,1.05748560984034,-1.67628043386059,2.34420971164685,1.80430006029568,1.41137273964511
0.546991303427931,-0.350807438439006,0.657618742475048,0.482985633106898,0.674604121284446,-0.0630404757136713,0.797788368880096,1.07258448446441,1.42089005912128,-2.08719760775773
-1.06092409016864,1.30726285548322,0.056519419933718,-0.642133919600061,0.645462092190735,1.09464716714566,-1.03316252312356,0.829889148456678,-2.8144731967648,0.378502458717783
-0.350809210656708,-1.51965085947213,0.306068838181899,-0.184564588987034,-1.98291503736865,0.778820342993623,1.15628082509023,1.75514724188863,1.33694933697771,-0.298165899474419
-1.7097175332326,0.338068232681716,0.986245753246345,0.733976256842847,-0.654140800568446,0.873412967933207,1.09904848933837,2.837798055513,-1.77389676052947,-0.761709401562992
1.23495860889414,-1.73157446434743,1.04101364933513,-0.198142226667892,-0.223485537551732,-1.93565711075271,-0.287009339106075,0.0819227999329729,5.42878917472984,-3.0510485796093
0.514597477209861,-0.81524384307041,1.30856341604479,-0.92111101667806,-2.31922084612834,0.190946061115946,-0.263578321705578,1.44665257537147,2.08598642190031,-1.68693541625933
-0.175146765857023,-0.84018239273318,-0.484019928740141,-0.623640252519967,2.44906252570076,1.12960537972913,-1.12616843523495,2.50706162450151,0.17927074534997,0.00412214523284735
0.126895755054198,0.80174880076782,1.91676634130815,2.88176814897429,3.60741474663183,-2.57910114041099,2.9899530557463,-4.94438998569206,0.0471117718768521,-0.699408422859026
0.98806441804385,-1.51703603471317,0.606277567266676,-0.736751149222017,-2.18402801377074,-0.223796956712267,-0.231918491545559,0.995482889238495,2.13694735230118,-0.282503906030912
-0.277928562802929,0.0058010513391675,0.937666515679645,0.71397263601369,-0.135110816903921,-0.678765085068808,1.09111285889047,-0.442709075976678,-0.582588635373497,-0.781717856741094
1.61431804792429,-2.49973517370144,-1.25394228812967,-0.242289546687227,-0.334173892658065,0.321028347998613,0.835419633401893,-0.39688392570733,-0.555466316431233,4.02008168873763
1.41541875849784,-1.39638340560369,-1.20872807793572,-2.12894857181543,-0.993620876152223,-0.572901006094736,-1.68955929701987,-0.859303864109015,4.13439805387879,-0.272126980288171
-1.03327942528021,0.871424365651812,-0.476817844534604,0.110033879594419,-0.193310922390598,1.38710538848915,0.918234393078643,-0.29877765421136,-3.57988626264546,-0.133869145384831
0.864906119109652,-0.216710802723156,-2.74981417297726,-1.85490311146188,-1.19239121069913,1.55706017780065,-2.53389680006004,1.11726728113487,0.511465192491963,1.10986803291991
-0.128672898471177,-0.831236465927752,1.52020020854181,0.376456131412223,-1.28455943640837,-1.6664327931358,1.84195631464753,-1.2223292332347,1.79352783341288,-1.28349124320808
-0.310696073053525,0.401079176054718,1.09812839136127,-1.36919211509402,-3.48731284233854,0.0534856474767725,-0.421257029872837,-0.145481150533851,1.20712615778133,-1.59872987243144
-0.310259387608777,0.297477787459283,1.54592263782226,-0.0101042516489212,-1.63050407838381,-1.13322723374462,-0.868635885831526,-0.295684854361644,3.78789162989019,-1.59764078676958
-0.783604951894242,0.751490242509377,-0.477768698584148,0.402952730768694,0.210414777525263,-0.119694623162988,-0.907964050015671,-0.678012465836144,-1.772411799939,-0.139852618983375
0.782856800123069,0.114989429794339,0.605588914778382,-0.96962052258932,0.58059354327043,-0.765637123185677,-0.479880354380965,1.15281012165798,2.2510557543774,-3.21527505893319
0.260339878059314,-1.21718059745583,0.618673214957243,-1.35590541763739,-1.69267669141866,0.418752507075995,-1.41613421711383,4.09884537235417,4.03828437558478,0.127721579211637
0.639488107794024,-0.6767745259909,-0.517156965690206,-1.07645714671567,0.518658090836143,-0.783698326332272,-0.819083880389476,0.530534140554612,2.57369208400535,-0.721346190613442
1.06579880949421,-1.83394616557134,0.0746289808232154,-0.204320133769429,0.764062708519255,-0.232734073099521,-0.448772825048581,2.22908184169658,2.51185645097619,1.8732610706936
0.891871398705967,0.444009435027519,-1.50918320551265,-1.07353926593651,0.360990253083359,0.297204026271367,0.654381706411321,-2.21484681744905,-1.50766843994836,0.503926131720411
0.51785237856076,-1.24334482895374,-1.67602992360229,-1.8887654322938,-0.413103316800906,1.29592795224196,-2.31886611957702,5.07761467780082,2.44100342175035,1.56166956286174
0.433434266680252,1.3939344907201,-0.250285284292465,0.166278373730398,-0.546302959090057,1.3199708501763,1.085175042119,-1.8437115860864,-1.33384773728036,-0.697644996685589
-0.204574897180862,1.40377203070244,-0.5552728814475,-0.0174053973493562,-0.0676449112555608,0.225773873080574,-0.709742951091576,-1.45726066089999,-0.457530140424124,-0.987303637704787
-0.0636705806312187,-1.47802891611412,1.15597926329725,-0.975815035047235,-3.05500452627615,-0.557160216656997,-0.935674771899387,3.67897261030523,4.56171116348211,-0.464044888488261
-0.865280924688216,-0.21453811110954,1.93956462932275,0.756375236976664,0.466168211571909,-0.546972061762973,1.04652007214801,-2.08510868730774,2.78887006837977,-3.34024239880552
0.791661058088755,0.0520294989816278,0.812340743859467,0.296255412176537,-0.470185657907129,-0.403508435178015,0.34491433173528,1.1719350047771,2.34224252060848,-1.45998022540297
0.300612802060605,0.656629662115855,-0.828796004313595,-0.318117068073489,-0.881022753566863,0.550016713275296,-2.07228711024411,0.350517606368737,1.0421349335166,1.6810782008272
-0.81948523245857,-1.54983918399628,0.337091673272106,0.366138746265022,0.830179533514596,-1.56727003808932,1.31631814791066,-0.179792992889776,-0.208089417594889,-0.60631128048364
1.31495344065721,-1.03309824894473,1.6458110226737,-1.35780225009198,-1.90312083878985,-3.05808061342443,-0.401334251733642,2.60920834434195,7.26430957231188,-3.26167288125038
1.26026537272012,-0.143105291090705,-1.38509246950884,-0.691014895233635,1.64436849415085,2.5548543670738,-0.124445572742068,0.426685067001119,-1.08687982215932,0.598820522695217
0.0550053713596756,0.78938920496679,-1.23759482945289,1.17502616074016,1.61653388629904,1.1965525852835,1.45302421817465,-0.887221197162449,-5.87074384086753,3.10464000461281
-0.36170613541202,-1.14629366292155,-0.182655982616629,0.0165762641618943,-0.700608317168038,0.857055774659389,1.89139932640254,0.929423179217774,-0.726532629887026,-0.0547792986389214
-0.27384167580639,1.82227702640189,-1.18510529460049,2.0057272731258,4.0908659261116,0.169649309276723,2.20892024745558,-3.62647041396512,-5.40407709206132,1.31165992193038
-1.48366438264584,0.865344832531175,-0.239714090209935,0.257115284310096,2.28515130192173,0.904274655295277,-1.67587482595059,1.73897080624803,-2.05202905769721,0.955684655043894
-0.534729050148619,0.945775731640179,0.134019974655098,1.80901004537868,1.67603550864757,0.549971798548528,0.511349965595593,-1.62437015223422,-2.98387048531035,-0.0991562810973059
-1.68074027771599,1.45963188906199,-3.2114867039682,1.68225074291573,3.09490956403608,5.10594858433371,3.0691865191565,-3.2811451850044,-12.80765197425,5.23075753894855
1.04030374026798,0.409406003094383,0.213283173653686,0.113101592029482,-1.96050035907681,-0.173485950889324,0.727862238422605,-3.07966116559763,-1.78671896374486,-0.0817966413905945
0.554441257459316,-1.15960277789783,1.08147155529592,-0.764657492909799,0.471847809707828,-0.454018966985753,-0.385561975660156,1.22532406794955,4.00713758682812,-1.65952387243871
-0.478972724163313,-0.529595484419198,-0.815518380536474,0.501910224692267,1.33256015735664,-0.602958334451516,1.24171754190821,-2.37183400944041,-1.12643982819773,1.03957750543792
-1.1603564785326,1.26948237788815,0.135726059981841,1.19700929387029,1.75184502778787,0.875025444315305,-0.541857528948328,-1.36573277098594,-1.73072580540477,0.0801788176206219
0.228386368726129,1.08778441026489,0.432047066632832,0.273151084948321,-1.86098733289874,-1.572342890409,1.6066092658584,-3.74256767048802,-1.87736120769239,0.842410828339592
0.538221015693114,-1.65019052730896,1.05900908035718,-1.20677365895481,-0.682719017557217,-1.45203757857502,-2.90198222888178,2.11831898273098,7.01673221285067,-2.87129670698371
-1.27480155641953,-1.29986084189984,0.990256746114732,-2.29292880634029,-2.68436806914798,-0.0511141838479053,-2.63870477559571,4.50400988166073,2.55971606553521,-3.54680583012889
-0.191053761206764,0.918896164304675,-0.0891784854903308,1.08429927420821,-0.445771156321413,0.10801060868717,1.02047626204154,-1.96222677800626,-2.30133014445567,1.91126396578244
0.144043521007231,1.05583584185841,0.713911205658384,1.0951478440217,0.381184782227337,0.348665352513031,2.05683841276317,-2.53146134812437,-0.611220331953514,-2.77096440776303
-0.539145094559467,-1.39163486368687,0.0425131914956116,-1.17265292912283,-1.37787073092276,0.621462693686164,-1.99092907482815,3.61837012121258,3.1691630629733,-2.46796917633867
0.970576499498115,-1.43473912969957,-0.440719811421757,-1.30241313525587,0.0537204193425147,0.284262353260656,-0.443891552071443,1.91817944698393,0.824201776186489,1.37898373916332
0.0745289055112909,0.558625129985488,1.04650432319322,0.627418463531698,-0.224078688183816,-1.42924660830725,1.85215980262449,-1.33511408083285,-0.613370754687336,-1.82689009222832
-1.42100972568278,-0.835456767099847,0.282966206126333,-0.164988362957265,-0.499180980433025,2.5839811212712,-0.518193286418508,1.91447132913954,-1.14921597143726,-0.789174708585475
-0.366276018509848,-0.394688852108509,2.571485277605,-0.829090173313976,0.295016716259798,-0.377316599777553,-1.72106704657635,3.18228328895507,5.36773554749515,-2.85349589389739
0.572924875114566,0.295917343266653,-2.27498798864878,0.96234106437608,3.78695929370651,1.37068519855574,-0.305338672560492,0.012086768383999,-4.26864285704423,6.05447161881669
-0.270103615601915,0.665370967432433,-0.359444501928825,1.18683089652942,-0.105839919751813,0.348845158617202,1.62980505235611,-0.646151063411037,-2.58046365974585,0.328830259026416
0.322790794328487,-1.2126523328241,-0.105773074858992,-1.75440087623033,-1.77826784589201,1.23916997793042,-0.413554433222971,1.1557520611414,1.20173014395123,0.511051940326535
1.9053084024188,-1.46427254622007,-1.61050930452831,0.542628645934932,1.6851912747894,-1.50888275739796,0.697861840039181,-0.628439850708344,0.308680611612654,2.24453562684921
-2.20456659771617,1.30012627808593,0.0666471884828943,0.350738700714468,1.4199322534791,-0.203644717860347,0.917052501184583,-3.49638495462122,-4.03161690754868,0.504662977556117
1.45587717030195,-1.19309409595606,-0.493427156245354,0.408212308788526,0.531767851524304,-1.84370025885507,2.35591411460888,-3.39218631265838,2.61073287903036,-3.53093372563212
0.0536439180508257,1.47915926128465,0.254572990689169,0.869911265067139,-0.833038969490178,0.650144211243626,-0.290959168403355,1.03259618294423,-1.13096733782653,1.34243958592366
0.380836349927397,0.87725303926686,0.55151440930728,0.431214284913498,0.0449797664457585,-0.905655540127145,-0.317273487889908,-2.11775708390926,-0.688732420345599,0.679449111510769
0.483989451982393,-0.0491365581391077,2.08099480373013,1.34405498624368,0.941049113130841,-1.18910148664968,2.3433823956315,0.192620954848094,1.13514573751458,-1.56833574508771
-1.64975787898626,-0.0573995476422926,-0.514064404093716,0.596908445227686,0.519918418177348,1.09775353851609,-0.38223098655054,0.880428460734527,-1.84193373348702,0.0685196490480923
-1.26380201426314,3.24759099466033,0.44072635657877,3.52934691634265,2.31283559654649,0.788386662046312,2.7536884082854,-4.72215295152123,-5.73221900628425,-0.673775922563042
0.186688688884587,1.14126459871249,-1.54797542451661,1.00860470569116,0.669911994096826,1.29252005180124,1.85018271359627,-0.796184977339079,-5.92371601264583,2.89344765755017
-0.559085170860811,0.180353111560246,0.107931931477483,-0.0308901680953411,-0.747023132292839,0.975750347992926,0.334130530409746,0.690736043523468,-2.77862561036286,2.25108196042985
-0.346691370621085,2.62153269010193,0.157388973588368,1.27112024105816,1.97040537650987,-0.0438272155226844,-0.0857042207376506,-1.43135384476909,-3.33107609597097,-1.27091654319227
-0.624146532775519,-2.49979192340541,-1.10835687756405,-2.03394088629245,-0.949354137038789,0.212304141566832,-2.50550549450937,2.41396100855649,2.38084789239176,1.68934811168469
0.632434514792917,0.414893014061594,-1.26031898159182,-1.15735657913694,-0.148586710665504,0.146970182352978,0.50862906246067,-0.265482405593527,0.121460362441976,0.565907891257175
0.248344948145334,1.06086008298523,-2.22512111588423,1.77919431389069,4.97012488832911,1.0999681260639,1.99851115991373,-1.96982677591282,-4.34178219889746,-0.703235973781962
0.338913704990812,1.51155810874438,-0.842902748336686,1.38443677876586,0.943126728156138,1.00052833166728,-1.79179441297959,1.14131357277209,0.501018844497512,-1.46514865446667
1.20862866421339,-0.98177614548689,1.29667314559876,-1.20138274308073,-2.87456787454323,-1.79844373746369,0.0547291548350819,0.856929308298093,3.3105881933112,0.606095680844631
-0.196949630808471,1.04569460600004,-0.906454949265157,-0.334324870091609,-0.277873010441442,0.779095469671941,-0.679555985953583,-1.05962608435722,-2.63705266986286,0.989027621755773
-0.37411586146834,1.55854287651814,0.486272442440969,0.434276288610552,-1.86365664855313,0.115833875058861,-0.855276625915313,0.0151300653462363,0.0540913320219033,0.334501883324289
1.9378617307464,-1.38330888570405,1.22406921052452,-1.14765516149613,-1.54644938718722,-4.63851329075583,-2.47358769872634,-0.726307655500168,9.01018648210815,-2.07906234209904
-0.176823267945081,-0.804028959147751,2.43121515291623,-0.612862367290878,-1.43179722783863,-0.922511782076931,1.23760184138558,-0.270789935704142,2.50256299605297,-3.35661264682029
0.659073341519424,-0.0727311948115476,-0.416237183103922,0.621974844855444,-0.119828565834771,0.254030176532989,-0.144060611511626,0.694037891268013,-2.38156268612703,2.60732094341898
1.1743204517829,0.740222984480947,-0.454602651433125,2.82543256207879,3.84248388357413,0.78987598711255,2.68478036271342,-2.36882067146785,-4.17868564303407,2.9192077350204
-0.437257609791966,0.0948887870957912,0.231406215771349,1.01212978236734,0.637796879937541,1.64033480296352,1.78253013413115,1.33146012062793,-3.2210182490781,0.199393997144677
0.0532424968137909,0.341514921696032,-0.369001463709355,0.113887420337985,-0.579555945228884,0.979094507164889,0.440593363433029,-0.543350506150513,-1.34504404476642,0.705932897690129
-1.52442270930017,1.15626965028946,0.247178433250549,1.98609991270897,1.90225777477331,-0.655189799158817,0.908068371270994,-0.424800964573534,-3.35256108849069,1.45342918697064
-0.852915250709228,-0.721047214986477,-0.175938019206096,0.672829689592166,0.831676511902946,0.788680847469061,1.6446450301061,-1.13883082232022,-2.53708025376895,0.572634155094616
1.06151761885564,-1.00053119205656,0.775182596946328,-2.1627826941703,-3.2128000090096,-0.124559546344347,-2.29138702765566,3.09646670535346,4.33809457747753,-0.515562320116202
1.11238873834668,-1.83018946303746,1.3613437692302,-0.644643665729255,-2.41957289694075,-2.27117616357076,-1.73930507161172,2.71699334368271,6.80046119404766,-0.864824619695385
-0.37706757220308,0.0535337811413615,0.107669667553706,1.35158999100093,0.303003408386449,-0.286400929085832,-0.363808782798077,-0.478389836042427,0.260746144889412,-0.846424819809941
-1.51984338600603,0.874465063723553,-1.48262613177042,-0.393581570492853,1.31986879336532,2.61383958927213,0.236402066860885,-1.67631834560387,-4.94068494038785,2.02345832510479
-0.473709864064946,0.901922499173247,1.2378452498679,0.548724669852068,-1.59556734466295,-0.938844155607964,0.0959382958044551,-0.448568324901522,-0.0984847666420959,-1.57390343091188
0.500784007466999,-1.17432742653635,0.0173684124159677,-0.140224754078195,1.13237269007487,-1.40146314115862,-0.659684217248233,1.09508312810944,1.59199420585286,2.04463526864501
-0.44029946726921,0.499255365884455,0.249832708850896,0.190827373285997,-1.21560143226387,1.13429249638056,0.325705883740728,2.24951470537279,-1.03708179542958,1.12318527807323
0.214762559231675,-0.376561249909742,-1.42707334901797,-1.09475691753315,1.53168655503854,1.03101461345143,-0.522520819562342,0.86525328726382,1.01564758685024,0.32309561563635
0.417599812495341,2.25110068977751,-0.157018624975816,0.763187706778403,0.267147176177149,1.16816543529871,0.817302770358886,-2.78219985353754,-2.12783208250836,0.327352115309024
-0.415876822899718,0.766230690014333,0.191985268745239,1.73430911787343,1.83792479350035,1.37355659011686,1.37670265926426,-2.35894855939715,-3.39800896613986,-1.10017456187343
1.77805800957854,-1.01164569177465,-0.0870042079866266,-0.261507970986179,0.33389631331978,-1.84217078925609,-0.285556617027575,1.37870828475746,3.71677615278785,-1.70272933970907
0.524062816181752,-0.216629346122327,-0.357678664015801,0.685333563511112,0.474231169236172,-0.182311743539102,1.67340425900245,-1.57856037611645,-1.4224851114999,-0.758528523334012
-1.11769939724821,1.40003560204721,-1.68521163372943,-0.940981668724661,0.764626558377496,3.72519417919234,-0.71371399848495,3.2205835152176,-3.95127713722763,2.0509348864879
-0.552367002604926,-0.490101551337772,0.818646478590637,-1.67128780917148,-2.45424735738879,-1.44235596349251,-0.854447126505447,0.36233271332964,4.53197295306985,-3.95584003867893
-0.472026242997161,0.180872475131191,-0.0663010645546546,0.0310164824415698,-1.74579812771887,0.125113568323743,-0.360688037722414,-0.286776791997185,-0.132580388482066,0.810140034928314
0.967568398792235,-0.863430005018819,0.977292576336196,-2.07224753858217,-3.70595620293906,-1.42713538824352,-1.83581247469106,4.05278093063327,5.19423648255929,-2.52845569300012
-2.06422407443907,1.32491051797968,0.810860651211794,0.621415119546381,-0.00497690908437013,1.11725540618353,1.83073635859059,-1.4698924996381,-3.0346148962284,-2.52454870217221
0.0724267895681666,-1.1247417389156,-1.22165804193585,0.787135037154806,2.63081756938427,1.32125661728868,-0.254868988224967,3.41178990879158,-1.10261600803155,0.0335752668776571
-0.537769756425166,0.595241649584363,0.655150305109624,-0.232885967371518,-0.830195651412665,-0.970934152064927,-0.522700338858322,0.84936984164741,1.48363242682353,-4.31802994698687
1.67624316203817,-0.242856407714626,-0.325490542320414,-0.178404934294709,-2.0255788627777,-1.72439236132181,0.748287277404522,-0.829524293567189,2.04786035602223,-0.388146195825929
-0.358275591915206,0.679977514819935,0.831328294568159,-0.840369900174101,1.17402956520961,0.307329956929882,-0.337585403185485,-0.341284203184513,0.416958908700616,-1.16022276991489
1.04419515815708,0.103003653206206,0.51901894259801,0.913551425204954,-0.102589725428289,-0.958055895641054,0.351120081359281,-0.842117670302924,0.446794011768928,-0.275026661316891
-0.683155652614657,-0.646018309271125,0.384343619090492,0.885702595437467,-1.30249525800233,0.793941266990702,1.42650125777286,-0.948153763677915,-2.81789072511073,2.58320524592897
0.883439658670032,-0.656573143133401,0.598825404634342,-1.28338948733887,-2.68971886730017,-0.982017605172287,-0.812980095804229,0.519178325871388,3.14423157049086,-0.474920877790674
0.0881906935316883,-0.0595543528447651,1.01205468337702,-0.586116363393801,-1.84055620492759,-2.03481983731841,-0.406155580215752,-2.29715936064596,4.16695553205671,-2.29000747316959
-0.246562193733098,0.537731672384527,-0.306622898562969,-0.62657526564519,-0.252452995952968,-0.0711019173530584,0.161414816755088,-0.356514421007458,0.69334011387415,-1.35206153878634
-0.541540506995001,-0.0224520776556292,1.51546128614809,0.823146516835494,-1.04478212641091,-0.38268546371219,-0.0984136187357637,1.99851395081185,0.204724884171931,-0.664820986456704
1.05823844035158,-0.388151137086418,2.53310577897737,-1.07076242651837,-0.801109473628639,-1.00220006429548,0.618356310774397,1.78463270835116,4.2002370008645,-2.9468335750615
-0.123002425156317,-0.630015958163063,1.01254371115472,0.886475020811594,-0.814018022439889,-0.726480461988588,1.42185389919179,0.472150411939104,0.353615043210573,-1.45224757552368
0.82692781920874,-3.25799616963945,0.744086608706588,-1.93672470989474,-2.44225206830159,-2.01926714081054,-1.45486692509385,0.753887925105446,7.1164505541962,-2.47960263490435
-0.62293019931923,0.88549552326111,0.994843958553187,0.381589240980905,-1.89895906280989,1.81540709469347,-0.0893434641638119,3.12544650000516,-1.02253045117652,-1.76795652495569
0.296025190157272,1.54147939323184,-0.314239511721715,1.41732074072396,1.84120433896481,1.9048124130998,1.39238245433397,-0.590395688447386,-5.36167787109515,3.94628868812069
-1.63459937441764,1.08594389141069,-0.352352268541702,1.35430506404331,2.13132455968992,0.631952788719601,1.60015182014052,0.758303036273323,-3.17661163190908,-1.40182911603093
0.447120757922645,-0.0136997782825639,-0.0581648760221272,-0.68697665782262,0.714813937615513,-0.161933902041182,-2.29015500689423,3.51665885227092,4.45996440448575,-2.27010090012471
0.454432281074067,-0.5480513035772,0.520751986650889,0.539124799748081,1.93727418208567,-0.784463432597697,1.62659402162506,-0.797129637897231,-0.522376190540174,1.12388965963109
-0.540342474074176,1.03462599231939,1.44784736286613,0.548521308202755,0.322428704016688,0.914571597850033,0.223036143354389,2.03506680648483,-1.42099891369831,-1.0119169738738
0.173824853099002,-0.565618824137587,0.396979143252684,0.0848309639524851,0.23187747987474,-1.30761579455427,0.0246984444016348,-0.386093314577459,2.52096819667264,-1.4945874541028
-0.863782499538731,-0.177732043484938,-1.04046905222041,-0.817876441505776,1.13791700127412,0.985426106148883,1.67229751699208,-0.0831147792246647,-3.2307274458414,1.88673221266911
0.444197348172846,-0.94815818698733,1.51425541342138,-0.841471715919592,-2.16979505284669,-3.10757977802375,0.337680333865998,-1.06549564945995,4.96077229640865,-1.51635486265
0.750516661631128,-0.698135622247988,0.641091835007074,-1.29821260778705,-1.72659982145214,-0.221971588316333,-0.523776577736354,2.22753859502624,2.10772358221545,-0.133638567081692
-0.817133574720896,1.82092396281125,-0.984062780480703,1.84977039661772,1.46929717785521,1.63132925705333,-0.212125716655508,-1.05946137898937,-4.05796002494024,-0.194811809852081
0.380583274266418,1.39014883684428,1.34217506426223,0.864249147787528,-1.35652503099889,-0.711533803245594,1.74920601390242,-2.63195858692625,0.894820107495518,-1.68995238605968
1.45241441759218,-0.862845663742945,0.856795939636067,-0.867364636855662,-0.560232255999912,-2.292967228727,-1.52534391700334,0.535543177900846,6.52312989909,-2.27544059081558
0.51195601188176,-2.26925195363335,-1.07775191247116,-1.86283009054913,-3.00748295145482,0.558990155188485,-2.38536564540932,2.93995468326748,4.33838068944533,2.09420516786396
-0.207304330005825,-0.717260483872772,0.0786598469146174,-0.749686890114785,-0.418294838070369,0.661259374695705,0.895180874917656,-1.47981641069639,-1.52633955884738,0.765322124929586
0.411905365987638,2.43637579960148,-1.13454906021914,2.6790628189975,3.72121073915356,0.290927477688079,1.22778931870907,-4.50674639173673,-3.5286379827212,-1.2601029568174
0.305528299460554,-0.210491388200877,-0.0308987683882003,-1.43776480093575,-2.18589930350774,1.65161131106358,0.0561776440847506,0.850214578032186,0.989927207972394,0.100725664204083
0.342324906374872,-0.0776234164955208,0.228151744310635,0.21941460941599,-0.0329352797382161,-0.563463681234019,1.79307938383365,-3.60464718921437,-0.852813204478321,-1.01274176448918
0.912700301603817,-0.535655842558707,1.58935108411857,-1.13462997464228,-3.78538449766187,-4.04504095414165,0.744767984653384,-2.88240861129905,5.33894954923963,-2.33755154485383
0.160539249702403,0.142644996231854,1.19489777295718,0.0427098251182638,-0.920934706118426,-0.489959722040519,0.341300571515374,1.758614115095,0.23089175246372,-0.935957612596781
0.395925689869632,0.214612827590608,0.190649769353444,-0.148474309822973,-1.5379928523475,-0.937796354582912,-1.10892618741764,0.245738166753735,2.40043772774036,-1.37721895863522
-1.69395202992535,1.06975753442399,0.540100609970384,2.10328689733013,1.69434322165754,0.857418703014609,2.04878472441982,0.51698260992481,-3.97922264686001,-1.87124412241697
-0.0612952956031112,0.286148180275695,-1.75337497648947,0.107925531171017,1.83362290771228,2.36712853478782,0.331262530219256,-0.655221661500027,-3.71195052338549,2.51248311714428
-0.874920644335611,0.510451625685835,1.30885572980359,0.14398630323579,-1.12879012848475,-1.56389113749728,-0.127034903182926,-0.484795171032916,2.23644814065009,-2.49945637669482
0.0322018744803271,-1.15494192497678,0.85283230948043,1.87197947830214,1.02335043637696,-2.19321024625461,1.84103819308397,-0.664609497653106,0.0831152926546145,1.75090081587237
-0.572084369290035,0.443887399280728,-1.0477514082949,0.832389585368418,-0.394505359455069,2.66150904635941,0.939804422779467,-0.168619700829383,-5.31286959905936,3.82033131698987
-0.94878837584786,1.97062997403769,0.399335382426125,0.829337767509828,-0.22520965575061,1.05779399585635,0.0986157626358537,-2.46304666062561,-2.63717539989937,0.0652963145685308
-0.132000263227597,0.640200402368418,-2.20413967901992,-0.00580427175946015,1.06432954882246,0.429150578347668,0.671643746889543,-2.42892493158301,-3.71540960714665,2.44889029962108
-0.996620554403657,1.13100903519705,-0.485020868012425,0.493552202692586,-1.62322730129894,-1.56287387254501,0.42414768237385,-1.72790610899579,-1.46326832117894,-1.33808363491103
-1.41613328142793,-1.55133654519703,-1.75494726980917,-1.38004757060435,1.78486826745671,1.40881350577748,-0.722948955172324,1.99995973731303,-0.746040707593653,0.773332795321124
0.570649717783521,1.39682169473988,-0.89420550465762,0.822975958332878,2.56786859017214,1.98325640608651,-0.715090654888259,-1.98497578435693,-2.17418386640329,0.261495250780545
0.0651782132729209,-0.359932997433887,-0.400241628464216,-0.256136015202535,-0.794752939264116,-0.0970782157602523,-0.588564406631678,0.340530013470266,1.90204942821996,-0.478836352692028
0.290000549718732,0.450266148946293,-0.512438868859454,1.12016496564164,1.45664941027066,0.328122821827149,0.29999861370644,-1.04534302571819,-3.24654281899263,0.933727443940633
-0.746729289063053,1.26416982103053,-0.438679616982001,1.83136861150638,2.86499882947285,1.62321278295651,0.70358473118835,-0.560531932001268,-4.66402501946653,1.00498083982007
0.758588102767238,-0.548775612488104,0.418185949544466,-0.0915587710047885,1.23079429008364,-0.529765867411185,0.267479147251698,-0.722831990767822,0.997193965374812,0.533957055310689
0.417834076271149,-0.253032425134343,2.60293524305248,0.59355168732503,-1.2626397901022,-1.81320508832018,2.08829035557749,-0.877491348129595,1.52732933498623,-2.56685013079715
0.763941924747369,-0.123631846574061,1.34533659720132,-0.164615437717463,-1.41509833403461,-1.67409355039055,0.975869686183304,-0.97500290095884,1.4625370574236,1.15065063586382
-0.214759640183249,2.9362609689846,-1.39372934152803,5.1665658657402,4.25163263038435,-0.169917471423963,3.93289030901264,-5.56651825320688,-9.19532261896508,2.0396362827331
-0.267723579339201,0.987609001713252,-1.36728841830741,2.44497828970607,3.58485314313859,2.5250584669313,2.37396612304214,-2.59602269859778,-7.53692858823135,4.11061987338475
-1.46183309599561,1.87447725699935,-1.27390181493339,1.476831798838,-0.451791914583884,3.6914052800406,1.01531260361642,0.938601146943401,-7.49110887998557,2.39103656093506
1.03880949862204,-0.0781505865491869,0.218469466352215,-1.04464778377057,-1.85032694397744,-1.09537460675108,-0.95220247376624,0.618382192758081,3.13235084737386,0.566180573922886
-1.59335917067431,-0.838523711677343,0.133208481460912,1.25249655577085,1.3070120079652,2.16399824129629,0.593670149915062,0.786953905246771,-3.76914474180238,3.16562111479002
-0.756583885388412,-0.536018502584607,-2.94256372646111,0.722533945152444,0.921317055345388,2.42322056150306,-0.969043423071226,0.605673024783283,-3.04458825142509,3.01783779398031
-0.275291458225998,0.146571406753781,-0.450205219681268,0.494126519038254,1.76880352610259,0.219969373718441,0.225222062985203,1.36618281292091,-1.5036151161754,0.807936307674421
-0.235506264070757,3.52151709089746,1.76484853305343,2.59307727976219,1.6370104251911,-1.49203167414731,2.76484422276092,-5.74204133831335,-3.88012292571309,-2.25164692918518
-0.0818661740658818,0.930778639755304,-0.163298075930028,-0.490491737195843,1.26830758002826,0.896350924884002,-1.88316878223807,2.14601537780784,-0.171974223457212,-1.20657701670091
0.563742306983604,-0.353551608663998,1.68332598838832,0.204343049205735,-1.49149504092772,-1.2572103659302,-0.719407249278083,2.22408014460705,3.93247758103233,-2.35670023304868
-0.450045748611762,1.05247936721231,0.155863550433104,2.9431519947074,3.06635340515184,0.365498970029795,4.56650563995959,-4.40241554827836,-6.98957297553819,0.460144609894929
-0.567632251264635,-0.694692872408131,-1.33053651305228,-2.34704671551888,-1.37258663891533,1.41654092212844,-1.90415333408098,3.30464026019705,-0.296458325746711,1.89270632375021
1.46302221872725,-0.519796092105123,1.05431363814688,0.361321547247991,-0.262975984783003,-2.1317582772908,-0.874135447585094,1.26852364419413,4.217519452308,0.805020133004003
0.320335728746563,-0.181568127531681,0.174180534136422,1.22183528157507,1.45847417896524,0.60889173027782,1.46436624738063,0.936346865167072,-2.12490302439198,1.32712689188984
-0.352634047102945,1.14415732251654,-0.513173871744898,-0.321130948855294,-0.0253026519069334,1.22509850635186,-0.774054568769063,1.40158318218118,-0.343394048883649,-0.311310402168518
0.663641213321478,-0.308543458271973,0.172949252936701,-0.432762302998298,0.0334723756648654,-2.00408524182266,0.274583612440843,-1.87886832152474,2.52068624397816,-1.51418596390253
-0.163505743499035,-0.63085453298904,1.32606857406974,-1.62990716695958,-3.32125015968424,-1.48088659234475,-2.39591517215647,3.25035400341493,5.26115364298524,-3.08616679364371
-1.02032061858801,1.11489029942623,-2.28220370879178,-0.474040882573697,1.20436528102038,4.04144767507968,-0.60431856355322,-1.03954880347766,-7.27843835087428,5.1318147531783
0.559439533904076,0.597778607986698,0.28907226203087,0.625490678907895,-2.28535086053564,0.917989670953486,0.841526025797583,1.00050042022526,0.466176102513474,-0.490735768842547
0.391044335878383,0.26033397773335,0.459864856501857,-0.638575168862349,-0.754977108261158,-1.23381624277933,0.237617009787016,-1.01612766611842,1.1325943301988,-0.294364999489799
-1.07672546833625,1.46031277484591,-1.51939593940296,0.901599782634478,-0.601806566437144,2.38655599844591,-0.554965876423077,0.502308629097517,-3.20934072351471,2.2168568346629
1.56730262280321,-0.807521670754237,3.13142797901278,0.183555267207743,-1.79645259859363,-3.46136979084673,-1.07788007363111,1.67866747722952,7.26208957585058,-4.22387753794399
0.606664780707353,-0.347969843094378,0.629757039788066,0.235338765728581,-1.65146476534237,-0.608927478688214,0.276180696994365,0.617393230185794,1.22986073550263,-0.624134557834157
1.44400230355381,0.924006008858883,2.19526508486385,0.505904295976092,-1.97081531210165,-4.45385391644969,0.819013651679914,-2.03720041412265,4.03698939094858,-3.4705628188074
-0.794738157483862,0.225135549938196,-1.37367842603071,-1.25800201506477,0.286459268986692,2.72167564732513,-0.112617506301009,0.369217599849111,-2.70532461596179,0.823154834670434
0.165588086488753,-0.320536269171414,1.87480132361884,0.151616984118573,-2.31887303578953,-1.88103211438318,-0.324770206608307,0.926123793489314,3.42443962967164,-2.32121966533762
-1.02602844286253,0.431785885617783,0.281756789905549,0.682601351802717,-0.764317205757585,1.98213899929378,-0.91584646075139,1.90502865668924,-3.69251966615214,2.5815946042763
0.226279891381384,-0.77625151831421,0.615459604115801,0.381777581520263,-0.0649064365743647,0.665388646967339,1.3447310798907,1.81752585294455,-1.06918173873724,0.755397773835686
0.719688230133081,-1.08788054760463,0.623530105162695,-0.120436143923171,-1.43806419833783,-2.1266794470991,1.68087733592679,-0.0780314665875784,1.563906018686,-1.15200905868497
0.708568197067608,0.0671848071643979,-0.822849753734483,-0.61988630164731,0.813089217120149,0.0393848917135102,1.59780471360163,-0.871722286897955,-0.251533258007482,-0.177209228154515
1.20173620717644,1.33015282423451,1.50939956158246,1.31506265241299,-0.338702498550797,-2.32593122016891,2.22378117023728,-1.94405258828565,0.691827135820813,-2.28221207720737
-0.772764615512924,-1.58484705375254,-0.96050676697877,-2.36707164852007,-1.61794805519792,0.562045613981477,-2.29410038111775,3.07592117027231,2.37220034224541,-1.35637367245937
-1.94227412521948,2.27777254908375,-0.144763871857024,2.48203439812549,0.974672267614544,1.97998823296726,2.01946575309947,-2.18337381406051,-7.28969554320399,0.237288238630849
0.895369166786158,-0.567800389205473,0.124154457109257,0.133653794979659,0.99706969192426,-0.303672551849834,-1.79622297206366,1.30663135017675,2.47551444110182,0.775770970636082
-0.276428308065457,-0.968623393129462,-1.32425739918991,-0.592978219363622,0.505875389358111,1.42816380405631,-0.424577107703098,-2.16322343990599,-1.36859512232775,1.76215235700818
1.07451439343603,-0.410219501413007,-0.804527043628145,-1.62732835147514,-0.303857114796639,-1.33749814738653,-2.31511008892418,1.53896367515767,4.21523234304498,-1.89479554881197
0.392783975819693,0.662689243064486,-0.0805827932540817,-0.328670687281567,0.87212178832512,1.44708726342779,1.04706711603305,-1.19581170099754,-1.13857489238241,1.22878268848264
1.97495128463483,-0.515556536061506,-0.841042427719757,-0.579251729184759,-0.322224043810295,-1.40914438820897,-2.24808741438425,1.60657772682165,4.3469514275005,-0.00600424360565938
-0.0156044104860364,-0.321287488643577,0.351589413012026,-0.597004077083416,-0.399207902395274,-0.828570860293588,0.517061586313054,-0.838961666166726,1.96765126009526,-2.09577046482266
0.200858820536347,0.184142520742294,0.549417570417414,0.469581463750689,0.7066601143715,1.26997383989179,-0.737211963817349,1.27420316580071,-0.89315257584514,1.58854430601028
1.00046580169024,-1.92275114578692,0.00809153155825164,-1.05276592291675,-1.31372461832397,-1.62068317669789,-3.8645419364935,4.91719008084182,7.39591377069027,-1.26869237789305
1.46555061795137,-2.33458252038968,0.415934369734247,-2.3069181826608,-1.01722143929507,1.77703287834255,-1.03826377186901,4.03222183492916,3.80094849712344,-0.313607965750504
-0.70593659504919,0.676476459676022,1.88868426420196,0.355500771816239,-2.04374013293691,-1.30608396211523,-1.08941559020657,-0.0300543760382696,2.7255116547719,-3.34565936687574
0.107062192593326,-0.802339767907423,0.233211742849755,-0.529576500769909,-1.21578774038548,-1.20879512340873,0.336373661747529,0.495855947504822,3.39546973904441,-1.50510458889515
0.752929169050411,-1.64594810784482,-0.338546293009315,-1.84225316743261,-0.677077818488072,-1.21893915270949,-3.38677854132078,3.25167886432465,5.7135844153711,-1.12705019378301
0.764513210775951,-0.286840360298956,1.11835146122346,-0.945579819118083,-1.24801811235039,-2.64523744053457,-1.53034296937058,-0.21449033654462,5.88950819070124,-1.58148689928289
1.72808285083442,-1.88982812908355,-0.871847014491037,-1.93370849374768,0.153668632407669,0.911812792256422,-1.42272252588093,2.74528949588812,2.50334329021235,0.764053449081114
0.582869635810388,0.332250042041031,0.75701664463596,0.922382095599407,1.10658215555769,0.449516473232561,0.907841794797728,0.675159116982677,-2.77135897572326,1.65477042043249
-0.712751137535047,1.61589383770002,1.37928213190759,2.68156908183333,-0.647083858621224,0.329264271357618,1.96537518688258,-3.39231747827966,-2.56793955129331,-1.52423534312202
-0.818436063544568,0.218061837072935,0.342292880553212,0.459929998975798,-1.18135100977928,-1.42865555132842,0.0609084183089838,-1.86924093473969,-1.22647563450628,0.596947192817586
-1.03310392684187,0.0253661856610957,0.04910442258391,-0.401942321306833,-2.52845261517429,2.65312629036726,1.0762952126653,0.17606924472076,-2.19359482911556,0.736601718941419
0.86034297233387,0.828246697814829,-0.644478032685785,-0.255191309320112,0.949203179258662,0.404842235097445,-1.15669023729822,-0.67808459089575,1.328309229688,-0.895256206491139
0.211595370911619,1.46862899288786,0.37457344565923,1.40076675166899,1.02402455201242,-0.77067277464296,1.41187497064575,-1.71268245058089,-2.0531468991202,1.07796740129104
-0.136368546505963,-0.0588371428183768,1.04478560583918,-0.616109218690478,-1.02001979313868,-1.74518217459768,-0.0698006200081122,-0.454900862333236,2.5265628290616,-2.16772985923859
-0.811060095136781,0.286859171891246,-2.31920526104394,-1.56198373521386,-0.451106162596641,0.96331852029039,-3.47046232051848,3.07135422075234,0.38338205285763,1.39499142841592
-0.920663110872427,3.00632992015713,-1.7074356883903,2.21099505438347,1.3231709832751,2.20916317877249,2.43679765160741,-5.57147341003978,-9.21112891087106,3.81505367137205
-1.21031102639438,-0.019868606299805,-0.527236768726647,-0.723649688288328,0.0466253137865198,1.58902027085829,-0.05578101487732,1.60373573875158,-2.88704993134167,2.24409126043006
-0.293178769500929,-0.774409407736987,-0.95242439262383,-0.413580280280603,-0.282944345987366,0.346914814793649,-0.246991976081348,1.28014475394036,1.46675027308352,-2.36492276129777
-1.98832596972579,2.32807582826899,-0.446802410761815,0.83828764276068,0.863995966826237,2.25601761584039,-0.0268828478805186,-0.298123486747072,-6.67878396759076,0.899580478384767
0.936725041126397,0.658162061832741,0.26182924226874,1.16569515954462,1.68690382042676,-0.811334251207329,1.66699708754794,-0.664216740330928,-0.635904723484669,-0.100598263912764
0.285377007400766,0.820081172953089,1.26754228654924,1.5100769069352,1.05772448172688,-2.78126828964003,2.59928995482967,-3.49706975962746,-0.588277700220896,0.0845756057567031
0.279796094227229,-0.152330320069128,1.44932552663577,-0.447002875421816,0.346774020104297,-1.32619659396738,-0.330435517927431,0.765649280113706,2.27431924675793,1.31913254327683
-0.0731834049036766,1.4670052855226,-0.788005344808643,1.24027805257133,1.72864083350432,1.52548963148105,0.532079127241204,-0.222784788167199,-5.74596332349613,2.54897576534394
-0.251238376248356,2.51418999312057,-0.0695906837211097,0.811858038874849,1.43597881654575,-0.0211798573666841,0.318600521057822,-2.17454403504223,-3.4009207981418,-0.580620629863264
0.195964541614552,-2.00289428828884,-0.281307571643707,-0.668277613712431,-0.424376748890349,1.20903520071291,-1.35916015344959,2.84068355884402,1.63351776098103,2.28655718865661
0.208730006715505,0.59910376500059,-0.426670595578835,0.912797929203545,1.80564453715044,0.34694624310183,1.98071080943791,-2.91965577649996,-1.89898193011789,-1.5067110976074
1.1633877968561,-0.357893647953698,-1.4640588246136,0.0242580816997694,1.63767860563294,-0.934065218479426,0.9055522265653,-1.47771531113328,-0.305389007546722,1.99062741755586
0.413577668962738,-0.590045564777422,2.85113266068073,-2.37348008438251,-3.24854992398545,-2.69249150774047,-1.44590367822947,0.889250907407392,6.39858809940688,-4.23249673380264
0.588130021759754,1.06980073538936,1.42861221361784,1.47203045694056,1.18931613150745,-2.11871835042036,3.79254734732505,-4.34226082744773,-0.675768209283924,-1.246687966826
-0.151453217269492,1.93574845949387,-1.38520800691988,2.87380599097387,2.97028022131627,0.208343274779891,1.54829256334138,-4.03243220232906,-6.30016828002914,2.34198955563752
0.537304590988485,-0.485842669679312,1.12747287154454,0.0615273426580099,0.675985057250021,-0.822051744258422,-1.20048211232017,2.74950105338089,3.39951371269545,-3.07596735639662
-1.21465058079343,1.458840818509,0.300931568000088,0.819487336013843,-1.08092653813862,-0.647223232603663,1.65079476759871,-4.89450383031714,-2.65539773182248,0.0103092003908386
-0.903983637657516,-0.576245973320351,-1.07350225664781,0.6736486540505,-0.964363625214774,1.47934488276334,1.68391971260515,0.105982106718489,-3.95141419679971,3.49919834242615
0.304527251512704,-0.848727815528644,-0.239631011843284,-1.58578954464704,-1.74859023439413,0.839683581367887,-2.1620569761008,2.43177014993924,1.94429319428016,1.62528844731427
-0.795906896470646,0.930573212762921,0.717177719516367,0.637750009831933,-1.55308024091365,-0.263833549429464,0.725504756873013,-1.4850876586292,-0.674480704861037,-2.62667353889438
0.498202278631416,-0.0446560392136608,2.29843809404087,-2.21888047131225,-3.61087926283839,-2.12889606204225,-2.58423185830529,3.02337201158825,6.60444152990454,-5.14147231278857
0.819560220957706,-1.52812569227074,-2.21392445594729,-0.775647363732709,-1.60662994523501,1.64683047394005,1.18997027942175,0.707493699689277,-2.74076269325219,1.04035164784547
-0.828145287778562,0.191616866618582,0.302487308979461,0.362987322552995,0.76397517485109,-2.08600485322688,-0.167598776823757,-2.27268906275514,1.50238746140092,-1.1023621995249
1.81148491486967,-0.952424764180432,0.274658479042299,2.03858514711285,3.23989800733907,-1.5636506331163,0.953822692109486,-1.42819483560877,1.88623874387189,-0.287758766740126
-0.520582281851489,2.97050463007438,-0.749945275621064,2.92962645626241,3.84155348082249,-0.390936671470445,2.48132869508214,-5.17901390972384,-5.31019455139506,-1.022266683742
-1.06641120598421,0.371771705928805,1.87803716626582,0.506004606860975,-0.2505450062724,0.453659712678689,0.455357507635631,2.08223878291937,-0.718430758277254,0.623052092013786
1.03378646416034,-2.39286828321873,-1.40215281518319,-3.27055107603965,-0.868664332427718,-0.381900007980928,-2.93186873967224,2.13258078335991,6.46501196141898,-2.09475775237184
1.00519937417467,-0.243645142779976,-0.0556894110899129,0.94441111694492,0.931200270414414,-0.07370640095331,-0.490619840306721,2.28547258702292,1.98971800870706,-0.362015962373974
-0.615425962985773,0.902624950667089,-0.166858497822195,0.741304630630661,2.78520332065688,-0.314384193647422,2.53062174454323,-3.02937753086471,-3.46615356489726,0.661693770209826
0.379501601408094,0.100040262370362,-0.292288621638569,-1.04688015455865,-0.641643949769989,0.203360142862755,0.141396115626389,0.314687054229222,0.7736170509812,-0.407134459025185
0.273084704993703,0.0303265389828691,0.0752363837199558,0.716689873075593,0.875188443646334,-0.193214775787114,1.24758796540048,0.351098918089037,-0.0543636169464137,-0.18017344298733
-0.819842057145185,1.30558181498633,1.48219699487057,0.00272685787107841,-1.1756885059609,-1.93157320318921,-1.94503800268144,0.967433447202303,1.93927854550856,-1.15894645297335
0.533521831442457,1.02688782842057,-1.04263179189726,1.76797749926752,2.43967990017802,0.215603984762071,1.07668566131953,-0.478971430313084,-5.14060402405672,2.46909738664944
1.26115366415442,0.300353069121198,3.3376124567546,1.28488975674182,-0.193455761827014,-3.43745827802259,1.502671820321,-1.52108067441407,2.62938544585228,-1.82684277395515
1.32424344345821,-0.450852147343874,0.974134707768559,-1.24014759952888,-1.0565334983658,1.53962007706031,-1.18027432194736,4.58675640090829,2.01483459569091,2.84927992928524
-1.50223044548925,-0.860461984804338,-0.776712221438635,1.64117007561915,1.67094995541953,-0.031159886161977,0.999928054266828,-0.568805333690764,-3.71013678215789,0.524481213122525
-0.922218764677072,0.842782362619429,0.274890450795768,2.46361360774079,2.12338393657042,-0.282280288044127,4.06599672851575,-3.26913828162767,-4.99140081052559,-0.373042994376485
-0.100488808293841,0.427423473346192,-1.13406208881833,-0.219756313881274,0.271530981174067,-1.00535480550454,-0.163621989940304,-1.88312571279827,1.8399390291666,-1.21781435588239
-0.728211149131242,0.337638063178063,0.33718348726563,1.12817936446336,-0.776495819384191,-0.61888227761614,-0.272527866056195,0.237119031967583,1.1391426332301,-1.14791691770825
0.446287417063457,-2.45064211891341,1.41968201632483,-1.8571473169041,-3.04943529464778,-2.63969446097144,-0.240506871638352,1.62664161440861,5.5728756176087,-2.05459795806914
0.860850353350533,-0.691334906924642,-0.0413600010416528,0.747253286461537,0.842482719801578,-0.0440198477830392,0.476221003623264,2.35082668543573,2.33938205661471,-0.216553435089322
0.611108289205904,-0.86560036682893,0.759327533095829,-1.17621424298524,-1.50226082013159,-1.42652541822559,-1.16028484093596,2.19814168041864,4.313436693385,-1.79630286269021
1.30532149244535,-0.737379542067663,0.947717433980087,-1.8706365416138,-2.57746768503566,-1.3116599740341,-2.63384279071961,2.15696688109227,6.49368636135406,-0.907085334550362
1.00078734127281,-1.10760108494811,0.782840866513947,-1.05830383847296,-0.37422569277304,-0.0229596714628766,-1.89074533970401,0.751428241101185,4.1904101218095,-0.479095971222401
0.710558503646659,-2.17478328730073,-0.62049675552745,-1.1170752187653,-0.113734522909048,-0.247936341323757,-0.718055371602795,1.0140244654789,2.08329282422056,1.37470920575666
0.687224681845562,0.300164953139641,-0.214607363526085,0.456516606886831,2.54739248924477,-0.873643977690264,0.949526652398819,-1.15708652916626,-0.677573633857004,0.129832875122236
0.807422156602239,-0.488718877378722,-2.95448577344709,0.826753058477637,2.70762939478748,0.528372014719751,1.50666573614872,-3.28886102019101,-4.33997333597505,3.64841621136369
0.598586931751138,1.67958186071776,1.31948153692094,-0.0175695864880027,-0.236623899122147,-0.0913412855884965,0.931677239361734,-0.955061158652434,0.412445084619146,-0.641021703351551
-0.85097433524963,-1.67425918625878,2.12651576411704,0.0262739579968397,-1.70475351073892,-1.29312301005351,1.77644245877123,1.80173697550032,2.12170194737154,-3.57642631346735
-0.0173245910427601,-0.906572187698768,0.16081257518499,-0.555000965368029,-0.333041309851494,-0.589148539246996,-1.32640380066902,0.950989445674924,2.82098457623885,-0.298369287220964
0.209204551209784,-0.956355235412976,0.131799916988386,-1.27588792963296,-2.113403766422,0.118225322387022,0.0601835917061083,1.15381871984605,0.450868063482817,0.515834484173268
0.046548576187922,-1.52102979807696,0.0574511848533405,-0.177366851920619,-2.11322994811621,-1.36925867593496,-2.43771659252495,2.05384395717142,4.37342921566064,-1.87305799015072
0.218317298773052,0.0267612892028293,-1.28666342601352,0.259209171361445,0.519714190412162,-1.17849114777082,-0.0694270026671734,-1.33933025923677,-0.711431011790819,1.05907036603892
1.01759807406318,-1.85520051672411,-0.629658867724031,-2.21780630424731,-1.36111039607645,-1.01313905537873,-4.2462955338253,3.07873075513048,7.00863978752762,0.160831872742519
-1.33997076636481,1.63584112017904,1.8325027476755,-0.444124881056153,-1.62399777123756,0.810993905406543,0.421262933151015,0.0404280951477662,-1.6444188690136,-3.68474406695252
-0.222499707335323,-0.506712204474578,0.557257103364522,-0.164766655443307,0.337815677035461,-2.56458040316607,0.214462451733248,-1.07063253505487,1.97257528794853,-2.6634748048441
0.0193727365329485,0.00341350246653943,0.302070328491222,0.759971052160322,-1.04447397801087,1.9984251680988,1.12793978067923,0.552226822047295,-2.19445690808607,1.62595898589163
0.230715673947832,0.91257158836404,0.833072451921604,0.416772804400484,0.258923537744522,-2.43772294395722,0.923576330115173,-2.12966507689231,0.0860515416420907,-0.403665760357696
-0.0538411781114543,0.0957458436816,0.126348862129203,0.417868525535021,-0.967887467476139,0.798606938750774,-0.945530384455768,2.13511322458601,-0.577591688431909,1.92849129567707
0.19084357651768,-0.423722742224953,-0.240213348807686,-0.688759353728151,1.22823562507044,1.55302093890154,-0.204079461759888,2.22014159505624,-1.16010451363795,-0.00698061978065571
1.60668455152567,-0.522231986763536,-1.00255682712902,-0.904449739346835,2.37464546790336,-1.30092014433759,0.997755771476084,-2.63141915651543,1.18420788354663,-0.48134010617317
-1.46692351459693,1.49338924584725,-0.845595438609462,1.76535289574306,2.50203778669565,1.97885709173852,-0.0528864724280284,-0.484865602993816,-4.76565658320678,1.84926734967058
0.699674818058179,0.891414634136889,0.729577291042446,0.228115785209896,-3.6130731255306,-1.6898833411016,-1.72341612370813,0.827603454712429,1.49113485369592,0.171460717637864
-0.428238585372554,-0.113515910043464,-1.97692288477701,-0.34625410417404,2.81053548355781,2.94220832793622,-0.198026175500934,1.75643666601504,-4.18880918394755,3.68732916838429
-0.00324316723374536,0.297514512916805,0.648945607799486,0.121453850002607,-0.419470252666984,-0.982262525933143,-1.56526787096432,-0.658778487269403,1.85823922053688,-0.0283396343763765
-0.879267515135935,0.102180198920672,0.322322996166607,-0.711620394732373,0.978103305897055,0.919784958533556,0.0164957876129359,-0.0761081936183215,-1.74815220525917,0.144406113214869
-1.72392164617875,1.95834047808476,0.618889884591991,2.06412689963861,1.89496428548074,-0.662503710050983,0.351941222952213,-2.06333795708408,-4.37076845699457,1.2223458482323
0.536406975639405,-0.0291209077247586,0.0606223872725034,0.0897409511700856,-0.963689389995626,-0.162110236704181,-2.1089367464669,0.171928799169742,1.22070884961295,-0.89521444618265
0.749938889552116,-0.855814169041265,-1.00402512729748,0.717405063398699,1.84389810592792,2.03748855977453,2.24129634294496,-1.40466860303816,-4.41973327732976,4.03404033703481
0.94678977492867,-1.40721354561604,0.28571466671003,-2.73561806711783,-2.66006352498499,-1.08036389084426,-2.81520268105992,4.81508701072241,5.60363170491504,-1.99331446839827
0.650839279746367,0.187194905643835,1.89025428867091,0.822864871899778,-3.11526941591732,-1.49772655886251,0.512308738861545,-0.159129386224328,1.7770822283167,-0.501581227963646
-0.779023436117673,-0.822922783356576,0.31789442741939,-1.70363810453252,-3.58178333083281,-1.76781713512644,-1.15731561057493,-0.540926399546761,2.60751813972491,-0.897625204770438
0.241257262794837,1.13794820771449,-0.477563778114522,2.32178988163592,0.199628689315968,1.21217973873508,2.62944914171527,-2.19705086317193,-5.56831910831345,1.80555060277909
0.350373425506525,-0.767905117684546,1.39533633735727,0.102862593808345,-0.727598302554299,-1.98143344796951,1.69570022555471,-0.18311528420988,2.26177354675659,-2.03590572485633
0.844536439438289,0.595481537291783,0.424311905927709,2.08076240234331,2.31463030957603,-0.457925271465194,1.56632739656164,-2.17383209610665,-2.69772178135297,0.915284275348634
-0.380637269853406,0.798825443485597,0.585921522743716,-0.535673557203778,-3.06817445158105,-2.47972594592287,-2.60995805530691,1.27275711284298,3.83188885517519,-3.22266859753109
-0.865526265301635,-0.339668570212317,-1.49162974899505,-1.30183510621876,-0.756251954431654,1.38099231404546,-0.649489878633396,0.545799608004867,-1.86474562949026,0.537301929203467
-0.833577140232889,2.47110700200654,-0.382103628977798,3.1095525612298,3.98064659740081,2.71751338108209,4.16321665958582,-3.34598864496674,-10.0654946565609,4.59905506142018
-0.629608083120337,0.143588330519823,-1.22388607743165,-0.231688894548038,0.828141184788246,0.140667379395026,0.745750241356528,-1.4456349090189,-0.602556962855278,-1.40093104211145
1.01547583470274,-0.10486977552471,-0.882284518769104,0.562478318002034,2.11515631166134,-0.0837363830928533,-0.370574558879809,-0.0791580011931579,-0.4274110468996,0.907852256282813
2.04980440642567,-1.45443197603825,0.687931076613167,-0.192060591223886,-1.14090330257273,-1.83983591744609,-0.172491820197285,-1.27907110384297,5.27978226053786,-1.64142824961562
1.00649590986108,-1.11081106629061,0.624332074956975,0.155488624988888,-0.765140534691866,-1.72686404848371,2.83311057537878,-2.74881129652621,0.772177679709732,-0.733109063815125
-0.980561790219947,-0.167284415113023,-0.0485104146899208,-0.387145588560038,0.00668269139815055,0.698456209607608,-2.31175410612415,1.09106002416856,1.19176998207167,0.49459681783551
-0.288205130902122,-0.784706413062234,-0.417185674287159,-1.03983182233465,-0.99097124665477,1.40999779996609,-0.467424462296021,1.69571112916369,1.61568285491678,-1.04341441960705
-0.890268447225155,-0.924112484299964,-0.0509719291845596,-0.453004743879488,-1.68394363592433,-0.45700877080746,-1.19614633584031,1.17472289662205,1.69945309776997,-0.487811721667315
-2.23962882808803,-0.257329418217694,1.42116333344748,-0.291291764592408,-0.481967280084,-0.487701188774196,0.201347167393805,2.15425262641378,-1.39696587181768,-2.00814583260769
0.226315190631156,2.32456216307716,1.11232820605755,1.08281033956626,0.121893195208527,-0.287113268346699,0.246700823813931,-1.58344595350045,-0.373427274404257,-0.220362883429535
-1.5362942482262,0.0872026360975651,0.396811385948649,1.35879198494448,1.70454535656647,1.94230962640663,0.981638151892592,3.49060188925559,-4.37571206662926,1.07738100239775
0.188300003491344,-0.869644412825139,-0.32139202187913,-0.2687862986887,-0.217314404124445,0.38556726805703,0.544174827909751,0.191938273295085,0.444950122662226,-0.338541325003065
-1.42245999939634,2.41899912296414,-1.46781096006688,2.22007938329558,3.17224343823578,4.52819394258663,0.648656470949486,0.307895816489366,-8.16622863531675,1.49255056397015
0.747015639545577,1.88812136217998,1.32472978540467,1.37388001442286,1.06705929933837,-1.19130178563698,1.81976273200482,-2.57476430899455,-0.0904653037975986,-0.893735604268554
-0.809725247429922,0.139834445315461,-0.00211925135602792,1.60139777875279,0.425489341416338,0.183776515732549,0.944454590606056,0.594140808069634,-3.22341496811822,0.81804537694806
-0.0151507259431696,-0.45051949299,-0.886664423882242,0.865474963051562,2.68158080801932,0.742434794709473,2.30121769053283,-2.24762384221299,-2.42426481600631,0.146080030211893
0.39378489326115,1.0858419631388,1.95262788411827,0.191224579066954,-1.87234345782535,-1.72583151928477,0.251262725451466,-1.28185263824525,2.81617316973364,-2.8527752289432
0.552354645982252,-1.34355729876576,-2.12356497783794,-0.825011824086574,2.62219802622005,1.28679927915889,-2.5017866488368,4.17718270570446,1.70993333041691,2.22871162995395
0.114431494151287,0.769031394756014,-0.791596861768642,0.142042950029972,0.982991615420824,0.680423998361827,0.522049705029143,-0.498278938677925,-2.86625546805873,2.37190837445246
0.011012480077032,1.1103266096779,-0.407433026725013,1.67836480827966,-0.0529104511877463,-1.14997879844395,0.288879962932147,-2.75657830139382,-1.09765905537902,-0.0783211785620808
1.17913798190171,1.94761964754657,0.69468135429977,1.79618538883879,0.87072184534724,-1.68343547943485,2.80345523820767,-5.12468752233783,-1.28569036640048,-1.76354672894037
-0.0687060644808276,-0.252243098125844,-0.814087090106417,0.206469360861554,1.65842894154562,1.03562667149237,0.412779747621817,-0.379853523645073,-2.65322461270988,2.2407229936556
1.29798995461047,-0.522051595740217,-0.930082079483351,-1.44668292077926,-2.0395643832435,-2.63005130800005,-2.32990519417329,-1.37569783457326,6.63496356404949,-2.02870137943537
-0.350069654114576,-0.288543166421304,-0.593483909078601,0.765679358806122,0.925183339334802,-0.601065422860709,-0.43565851652078,-1.75546485779469,1.2069908310074,0.257039962452559
-0.227982058358163,-0.103708852629893,-1.0555543606961,0.214134118895717,2.53614377404628,2.09609812398393,0.972335656960511,0.560130600208029,-3.64280329291062,2.70390858716759
1.03011853051999,-1.51854741240504,-0.822083613749941,-2.15639525790798,-2.33043501135001,0.32948984415134,-2.71275479581764,1.80757458420951,4.86086075392476,1.25325721889158
0.513459587952816,0.837161164454237,-0.114444400615265,1.20287699193555,1.83898482673676,-2.04404711833161,0.38255937534138,-3.11299706510452,0.358672857318573,-1.98037787138716
-0.640731443758215,2.18187413647824,-2.08614261975621,1.64978537840595,4.6062037319442,0.842819484349355,1.82589241025741,-1.89552185258772,-7.65625908292781,3.78240668612005
0.313837237084345,0.810321444286758,0.598437757854765,0.817188539595405,-0.343936377298219,0.0207584099635107,2.73459554222855,-1.91244635478025,0.187087468691651,-2.77525216889023
0.777733204127133,0.0691034689810912,-1.85700469576788,-1.36331565654053,-0.579431427703777,0.502508507765493,-1.60828326064646,-0.781664317932069,0.865089703836329,0.514902089110461
0.223105564386128,-0.0705762345703805,1.89483701362872,-0.41169429161621,-1.722999791756,-2.21331540459811,-0.967188794842246,-1.0635729625388,5.17055296809155,-1.56733457695972
-0.851759339901025,0.734925802281024,-0.0183735203872206,-1.39097804077013,-2.56568957352894,0.50852189061183,0.299271394192279,-1.12351366379664,-0.767779855052209,-0.796536818643833
-1.22968152618518,0.548268018239104,-0.722379775528287,1.4686670155355,1.30228256636429,0.512634483126173,0.861928527092485,-2.15586496134085,-4.38723068429238,2.28235425306909
-1.37706986884506,-0.0996780507138861,1.20209108206882,2.08476930059739,1.70611781161519,0.0256683685055349,1.44748461925669,0.587287453020646,-1.06154284594218,-0.461518870023818
1.61065936899679,-1.18253125103319,1.51775111230393,-1.75810638963657,0.476259024167575,-2.26769306271958,-1.27363149522245,2.53602959867165,6.45087336329715,-2.74623895128116
1.13982653777979,-0.569619650222676,1.39819438958386,0.341248204215472,0.0963531623621431,-2.41364531377064,-1.49530981712408,-0.643916417261141,4.11870912407247,-2.21122228171285
-1.5508285998008,0.456993292806873,-1.0277716562785,-0.656888102565442,-0.927281554215935,1.21497043405079,0.868910085891935,-0.677565564773015,-2.47978099388102,-0.127387188573199
-0.0341808234961903,-0.522522382121884,-0.173576272687766,-1.90334472829187,0.535588786610442,-0.141170569972522,-0.987851461212806,2.20380736267072,3.04244856176241,-1.11859561298298
1.98316727083079,-0.0692827320362679,-0.479387224368976,-2.1257026005622,-0.974872274652818,-0.874177288406169,-2.0963481304143,1.15757901832367,2.72797195410057,0.838569713534792
-1.68828568102263,1.2514140555908,-0.177865802458953,1.66605229402787,0.3840028666598,1.43710457860728,1.75530946716826,-1.66004831709774,-5.23688180006087,0.185318389401699
-0.51266370482422,-0.241043322028331,1.2002574651452,-0.383365006679222,-2.22858339209677,-1.87346622059033,0.681655132021129,-0.403305206391323,3.65073167202825,-3.57621283518912
-0.778929362190231,0.90545312488989,-1.65656810437365,0.0800958730570666,3.37463893716135,1.55443666172065,-0.109767659223092,0.383318235592393,-4.06025657827445,1.51159140813458
-0.459649900147943,0.902695800229099,1.24938098008958,-0.397583644582863,-1.54665668132729,-0.612967093805708,-0.0541520809907415,0.678649061453664,1.69331088223833,-3.71507244353183
1.28615475915336,0.981354396991981,0.192235930210248,0.0502437954257367,1.07526144193956,-1.48125185766592,-1.72016871720671,-1.05223801463462,2.10072307506386,-0.092520581560694
-0.158068609111086,-0.506081150577037,1.40505344477974,-0.000516836237309755,-0.393091519067722,-1.69140396872704,-0.26246083404553,-0.20701391524684,2.98718532889666,0.0362628228160677
1.43710499655171,0.297563227710073,0.329509001738335,0.523309526716655,0.894262766023807,0.278763123283543,1.33599181465735,-0.0131466172464962,-1.46010400067561,0.901456054430907
-0.230579025212653,1.1838355665455,-0.199184660890025,1.68559746155999,1.04482302103279,0.677231194490381,1.06894990359723,-1.43788829121434,-3.23413064015538,-0.867455490023633
0.666806776869538,-0.167530580644529,0.136456739104195,-1.18298121614134,0.593644046620233,-2.0450734189884,-1.23450826292761,-0.463011050787448,3.65212219421818,-1.40506986546587
-0.38232185583372,0.464576502220023,-0.387183651754426,-0.0453016062781088,0.0993910458176915,1.02000675356006,0.659606156569486,0.0920033378686467,-2.17141279479434,0.569911126240549
0.422771615487174,-0.58144678898486,-0.768224429888867,0.618705290994582,0.0970551647259577,1.8511842343976,2.5168445262637,-0.284048313938284,-2.89884518175881,0.311351166567139
1.97119814196958,-4.12626436631013,1.27777281833735,-2.94231615881196,-3.17111467277225,-3.36863905489876,-4.05978718310722,3.64714649507833,12.4728769615077,-2.57790882857569
-1.11043540328543,1.00493851514808,-0.195208894946765,0.520816422643761,-1.08323529834213,0.122915747704955,0.315326312169254,-0.93206313890267,-2.51475648174418,-1.15520772416356
0.886485295613184,-2.03727820566234,1.52290378248419,-2.52004683345224,-1.53495925741656,-0.185717434447391,-1.05674289503464,2.65528847095275,5.53675505850105,-3.5711841570696
0.408351236199811,-0.383418203214916,-0.84986974528884,-0.600965042390822,1.18146171905219,0.977623811773465,1.60274935336699,1.95249808516893,-2.92930164189497,2.87475499766772
-0.502348830400724,-0.0434798124586852,1.42464300888894,-0.0164521823018244,-1.19688214046492,-1.22319164981018,0.680312510242245,0.66853517389372,0.898444397918316,-3.59001926923428
-0.0643830058468211,0.427291769630324,-0.330342623419566,-0.288501561682506,0.831400769482618,0.829667859402504,-0.828934069861283,2.40574467765856,-0.343651142641215,1.67858963085584
-0.833615008610432,0.49998416492358,-1.73025287474983,1.18491639431547,1.62151740994674,2.17703065839523,0.0226529831995073,-0.0751592318285233,-6.05006667449204,3.1697824934821
-0.174342937691504,1.29790944896762,0.268011778056524,-0.0349785386159296,0.378511251507323,-2.4727979741886,-0.318717782443695,-2.36843364291537,1.64993347528971,-1.41726314502957
1.13783114816343,-1.00821307294616,2.87346858693109,0.0335228732842128,-1.70616877915056,-2.52086159683965,-1.34222393841643,3.02220165111842,6.72800627948298,-2.51504680971311
1.19487414038979,-1.15602880634069,0.231709419931252,-0.46005465869411,-0.981108351827889,-1.02066599582265,-0.218752629828441,0.930110977105638,3.05799818386994,-0.985019193432972
1.41101454954617,-0.834086669909581,-0.94201824448254,-0.868244742646345,2.40565729952689,-0.617442920336351,-1.27446769886349,-0.172139725346051,2.5598692677218,1.63874794565347
0.272270344929357,-0.672526541696768,0.497212064352917,-0.294759034800091,0.320373346765478,1.31015324037723,-1.26675972287166,1.90761303374186,-0.102918603533211,2.0569556262349
-1.68754706762852,1.12069365561014,-0.107950636143712,0.00839221969504279,1.84847772440076,2.36151850483539,-0.16032029698178,1.62564305932845,-4.47540312716718,1.09128746954554
-1.09071900321457,0.55004213937464,2.50100825749455,1.83577465886582,0.438381990782567,-3.91258830083257,2.29120954046768,-2.79753400901901,1.79558883064116,-5.44404239663412
-1.12360413489478,0.322747952690754,0.173015839930806,1.54657780726534,1.06502510000834,-0.0604474548769347,1.11884173892167,-2.41040478129468,-2.2414108261145,0.205059632858799
0.0439799881050685,-0.0452184711158717,0.267766022520717,-1.31449929761825,-0.808552334670501,-2.70142876146012,0.0955145052719172,-1.431299507339,3.51719520963375,-3.02760896462544
-1.06696407167196,0.116517975020789,1.27327246337595,0.505904237399121,-1.27796875144155,-0.752754752558375,0.11558790852275,1.75500910862774,0.0489168783072718,-1.70203352116726
1.23641907436194,-0.827413119047812,1.84648735836227,-1.76732146400778,-2.78674621753978,-3.29911429482393,0.392996187652269,-0.862418694473855,8.01230534402369,-3.0226310054365
0.246402911078169,0.349975860984581,-1.17010922824746,-0.595538829770203,2.03944913048128,2.02020980464819,0.40067942722926,0.959583675715025,-3.51713792412507,2.6170108276065
-0.299880205710616,-0.705626107059798,1.12133778222395,-0.337153996737221,-2.0860495147852,1.13551240451447,0.0118945420412067,2.57222058222877,1.12055464926656,1.23759712461744
-0.657621581753214,1.59543949166263,0.742424053508462,1.29756327174899,-0.283795352823647,0.643443584442598,1.35001193243346,-1.68740075156424,-1.99838390624203,-1.56384358447795
-0.132774157536077,1.07613417412921,1.60971701014254,0.858442923488654,-1.44411069435037,-2.41699740699219,-1.44900070205412,0.898180095549926,2.94454787051826,-1.52548709154331
-0.862698206493311,-0.503783558331093,-0.0807503809714658,-1.28446343441905,-0.743468570242602,-0.192284616791842,-3.15716522559995,2.87498122472231,3.95505102330676,-0.449276754948863
-1.17916522876904,0.531250659246098,1.2400377529929,-0.775677763763004,-0.958221485344048,-0.264862627914439,1.0960737898892,0.318539142919429,-0.344265735323852,-0.201968929848113
1.13414994686874,1.14595305403407,-0.0119001765335966,1.24399163298227,1.7026130231674,-0.502906040442733,2.39745978127691,-2.92742985997779,-2.11419364753411,1.62911369765106
-0.677825653166797,0.421839597314547,-1.25331313549609,-0.788071105450775,0.199343990614282,1.08667481557582,0.577509643735815,0.413298528831437,-2.55955952651179,-0.147538298376105
0.966003280650219,-0.726650465134283,2.50797299526315,0.469440282162391,-0.796018659555246,-2.9610338368394,-0.822830291713625,0.348317170970133,4.61641355713531,-2.02591261320098
0.762306707629883,-0.348160860962971,-0.374759395615456,-0.324014251621681,-0.251586718341702,-2.77336958038422,-1.07498131452577,-0.623059803195543,5.17755038228234,-2.53775027656532
-1.78437328468583,-0.249368902189298,-1.92179206336623,0.966910603750511,3.1104827265147,2.06193835209893,0.257820318858656,0.742214403128391,-6.48212388234656,3.76843191670061
-1.10739719723028,-0.632095847028099,-0.233616546593382,-0.672046824370005,-0.795480454297147,3.37366156563781,-1.16169614344305,3.09273812829516,-0.460345059878469,0.237034098418902
-0.42707248526433,-1.32301726283715,-0.0825779492756792,-1.73314752817568,0.136263670236892,-1.05998048402832,-0.508442616185324,0.761727978888234,2.35233264065185,-2.18186483858192
1.24850439724469,-2.37635722288113,2.07398968490056,-2.82663213736579,-3.15106805995787,-2.18890980689079,-1.65047679865476,2.81860614023631,8.43314905012331,-1.50179049573958
-0.858098269702564,0.508883805646835,-1.05115889998997,-1.30440093836236,-0.113741011713193,1.21235359048896,-1.19859597188192,0.748260638628794,-0.729375699430503,-0.199552446387358
-0.123931791445448,-1.40810866470162,-0.918945848540778,-1.48319422487188,1.326264355848,0.870454590672833,-0.222841978918176,0.16189527617572,0.469787202876748,0.183431188699436
0.178742335223729,0.621674231543184,0.82024108852899,0.727727615987417,-0.56496578482849,0.539755177440265,-0.741929628554666,2.41168564677449,0.0298641654730004,0.229475350816976
-1.19710405113628,0.65678588719069,1.08877877187666,1.15750781219122,-1.31763072474322,2.03207606658403,-0.416336524165057,1.67911295666009,-2.85552189892173,1.60424136162746
-1.74199417703114,1.42902867614985,-0.794399010939514,2.13577330426492,2.44394073779123,3.04096795222193,0.760826380600803,0.594983193755684,-7.20420212434177,1.89805056124447
1.86714629941236,-1.72934832319479,-0.617421351388534,-0.872545741902753,-0.878103953148616,0.680361725182257,-0.852154458638972,1.97110806363709,1.74415957203155,0.209894538963541
-1.4357716034371,0.197972406393901,-0.606178316482048,-1.2123810431777,1.18455809824453,1.96980098116886,-0.782879426628178,3.67731351440819,-0.857574072003452,-1.86724955992259
-0.0179962002146485,0.291873239762283,-0.72824800561516,0.959876623324827,1.48138867265926,0.874036521585128,-0.582002464673375,0.864528901073977,-0.86976095809425,2.01809522349127
1.09366212922261,-0.381675614204523,-2.67825999637974,-0.582544308292867,1.59689681525383,4.51934803333511,0.834725327662707,-1.19764794164957,-5.67729723476887,4.09414039814909
-1.12443635455707,1.11364210808603,1.62448323491108,1.21687600692187,-0.121010959234046,-2.2197849496763,1.53860845440773,-4.31332018770362,1.21577694348706,-1.58013165576794
-0.502364308276923,-1.23022792808766,0.0579379778342685,-0.730344301195672,-2.50521903660544,0.364777366388997,-0.775323693721066,1.51637148259355,0.52042168842361,0.532683717882115
0.0943013376674727,-0.188702348751443,-0.390392839477149,-2.05803597711174,-1.81835456782672,1.19178658708813,-0.473487171944641,2.2707587284932,0.757549674003967,-0.82177997377032
1.47209724699574,-1.58867311875517,0.829270546938823,-1.46971426821077,-4.12035134866213,-2.77802134107453,-1.58421354901059,-0.449561402959741,5.78559957190072,0.0651864896436007
-0.415949082162233,-1.63284419759858,-0.349880257309828,-2.42642689624459,-0.815214750878293,0.982707518954593,-1.90946810264136,3.9106933379605,2.97861426849353,-0.546383141393423
-1.244183047511,1.57355290101796,0.38204967782534,2.27510975840695,2.63803303558559,-1.08190934675274,1.89025996570056,-0.917080652210383,-3.47048039879768,0.0124429422171203
-0.874951856724551,0.247404935576536,-0.955598027830264,0.310077017250505,0.679616706319278,2.85272489717761,-0.314514171766846,2.07677197232792,-3.58465876979132,1.65059795134675
1.06617675326558,0.167682259192651,-0.582137980985201,-0.484257448276476,-0.254718941479166,-2.0920270324261,0.357966537845859,-2.08813532988757,1.88363153457316,-2.74201290791138
-0.0129414795072612,-0.0828409804616824,1.06604716701218,-0.819733764613227,-0.488982230989953,1.34372748644898,-1.68086761943324,2.98626052215414,1.3953822254661,-0.0729898535811023
-1.54672243665067,0.512305663993749,-0.759961705769683,-0.665862800870475,1.16270454229282,1.82009112054949,-0.878808028044815,1.57756636660014,-3.57831818276102,0.564055024340409
0.473714193645707,2.02266753300632,-1.96113163664391,4.24081875877721,5.0109435795919,0.845830995409797,3.31103616639388,-5.3733718976151,-8.7561513560154,2.28623440315271
-0.985022831889318,0.149234439482686,-0.286356043658405,1.41915414679678,0.0687147410803534,0.516487326704603,1.87606074109525,-1.27048153688972,-3.83425465731358,2.22780852556237
0.313863288545968,-1.34693046667055,0.328152612883396,1.02370083781511,1.30846562242495,1.89342168989034,1.93163905182564,-0.698780635620842,-1.86479701356545,0.817947990813687
-0.413277423338936,-0.278329403567914,0.668070947314498,2.12887497642122,0.548234365604172,0.527991736438815,1.27710361866635,-1.0154064389902,-3.28369394694236,2.36319040825324
-0.660781527595565,0.917172926295412,1.72272017423965,1.41731739489898,-0.774563260897748,-2.5510800698608,-1.22115992667173,-1.9518108423177,1.73096937102461,-1.53873902566204
0.671408663000086,0.436307389656468,-0.882601909969009,0.68048930504608,1.48862424960058,-0.029930616304165,0.642722123603217,-4.13479221632994,-2.29030561026524,1.49363224495968
0.888246508848981,-2.22932671956731,-1.08430213646091,0.178155054796959,1.73491634769118,-0.426350498153259,1.61430670254249,-1.08474674795422,-0.620646338538585,2.6725060300177
0.184751001343876,2.16546138056732,-0.853290547108837,1.20642803881747,0.545771496170382,-0.233737032817106,0.540113994128923,-3.42199504166688,-2.62548743677641,-1.02022853998411
-0.666905318006283,2.30465279124424,0.11562483266098,1.00240030872002,0.882078443273375,-0.61695667975445,1.61816068100898,-2.86504479454792,-3.31325503780027,0.433897142370271
-0.136003759141406,-1.07471573418285,0.255454468001765,-0.850862181737972,0.199787255093334,-1.07560690534,-1.28615820368361,1.73336488476437,3.27635044946124,-2.84210905318374
0.0573207303497634,-0.204255947426862,-0.891357281814641,1.0478927331227,2.36288764100708,2.11297128512055,-0.123408024135077,0.532589278141077,-1.4821194192841,2.18625763788502
0.409376742416622,-0.501014621722606,-0.730532796442317,0.339917396878103,0.80424683470782,0.197747086150959,-0.206274991096783,-0.245466709749989,1.10073675671699,1.19564165060299
-0.370035464343079,-0.924459701024993,2.59605526708917,0.341601223239451,-1.02763463032711,-1.60545741103058,2.74543684437965,-2.52188718909782,1.05519852096928,-1.52159790075524
0.725313593545691,-0.386764743211571,1.48477572602695,0.488388459977942,0.105119191582251,0.304095065795869,0.253681942992196,3.53731775475289,0.998398034937088,-0.961824095566698
-0.14478467031423,1.70929056799959,0.661843957490932,0.385314747931887,1.00868620260804,-0.0413015245327038,-0.721033265640168,0.301230377625317,1.25348764568626,-2.8208378664708
-0.134507288558434,-0.81325744088129,0.360329752106554,-0.228633067711708,-1.79135501984243,-0.653380301042761,0.179934392459355,-0.109759245106824,0.80305345247857,0.401165869832371
-0.562800308402068,0.549185585004786,1.18440141749201,0.839088643476132,-0.781718436118454,1.10223885350558,-1.4996950611724,3.6648862956344,1.69501675868191,-1.92655536880959
-1.60394441133706,0.439457130306757,1.38714787608401,1.62512888628813,-0.434131609629246,-1.26218733327168,1.38692993333244,-2.9827016910775,-1.10159925908767,-1.96850398260068
1.36217227641929,-2.93872992031931,0.263683855878191,-1.33503783925312,-2.21675138430226,-0.469921816974374,-0.895507892589286,1.92135864481291,5.50234971250171,-0.540143720348395
0.741464581878943,-0.225058832510536,-0.150579008692808,-0.457184378697936,-0.667688810853857,1.35121878885052,-0.861803196237421,0.885715882156739,-0.10816811622552,-1.0414843922333
0.0126920729823287,0.769324334178676,1.86999798498556,0.768903158314703,-1.15882131472975,-1.88195535511542,1.63411106485379,-3.50988177538017,0.787021658190882,-3.63429547667971
-0.1779230718962,-0.846122226793243,-2.68310889721245,-0.158168900145386,1.26865216346725,0.404096005051905,-1.02461088359864,-0.68500325656401,-0.297915007890726,1.78210263131021
-1.21230412002675,-0.0209591135222916,1.39514152494121,0.0539735598090194,-1.70358381390699,0.537502463987238,-2.2501967059207,4.55758258985464,1.44729039532335,-0.668651167769226
0.469841312718989,-1.14882406155647,-0.321639294493318,0.526235623015244,1.23152711533293,0.17805185097194,0.552032423260461,1.75963970610439,-1.44418937420382,1.6702416622755
0.0233479673473831,-0.973530608719625,1.04185405077928,0.536141274224733,-0.0984617241883643,0.390708952188534,2.58993242746343,0.335059181518785,0.345572079830166,-0.312818008385333
0.60954660249757,-0.758824496981143,-1.22595164194374,-0.181606705263593,0.0171725967651169,0.234919117097933,-0.270006199402204,-0.492271668996737,-0.30800812348222,1.27424960537531
0.262134652151494,-0.524514489653841,-0.0151813019555115,-0.0841322384347866,0.159975720573757,-0.375977797244707,1.26842338497708,0.132645634299068,0.00582471872295023,0.502492551946756
0.634028513460753,-1.27379296085358,-0.27864411803915,-1.61204957201476,-0.302962003197587,-0.256592994808119,-2.24389519530599,3.50644455519547,5.00531700177059,0.0739167567429463
1.27725324337017,-0.702626942079907,0.669998012552477,-0.351077015735093,1.14954259192333,-1.56963875291143,-0.295847759105308,2.28178856415659,4.22532462056881,-0.773565446231667
-0.370927905951413,-1.10428516647993,1.22230932718758,-0.519661428900503,-0.953104557058675,-3.70994840804274,-0.658843745497506,-1.12901840418765,6.4614949926073,-4.99561601422305
0.059163434291565,1.9176951807366,-2.13857793265885,2.52898786905554,2.46406427050903,1.19872791232857,2.92078784915764,-4.6331674981014,-6.83946608069357,1.27146267434985
-0.719920309687115,0.173426419960558,-0.396200742163218,0.23150862391635,0.126894618545817,0.0627384113060977,-0.034659055426023,-0.0648696396441616,0.12293187313445,-2.87782716037221
-0.133624067925798,1.29216497061113,0.274247985880245,1.27057501671494,2.35167103314866,-1.97064285693864,1.32702999791054,-3.81121971282947,0.542626849265492,-3.37999733639202
-0.249466916129345,-0.102835615495092,0.263709059245347,-0.301619578537869,-0.638065333996177,-2.36391845418359,0.345173880170818,-2.95495282909994,1.63437066865834,-0.981508894992468
-0.312710449310196,-0.484327348118755,1.63860023952549,-0.346854500287833,-1.40601102243781,0.694567951648691,-2.88682566566966,4.95090619873384,3.12253071394651,-0.516745253528065
-0.946733869485816,-0.77139981279134,0.899706749752307,-0.93900591949708,-4.1488065357212,0.097757663117556,1.01536686343407,1.0357316071471,-0.859926096288005,1.33216240217945
-0.0253634950470576,0.615561261329322,-0.804173697655993,-0.352089196990826,-0.900579218088897,2.86023233312069,-0.663123537519764,2.19033671770005,-2.4913104076676,2.39557808411509
0.193345794274135,-0.876024637089318,-1.51560444302162,0.592075551003126,2.78841911362322,1.02159832833959,0.789782311166543,-0.400785741191979,-2.60758402724286,4.01531972634619
1.681513630165,-0.771641037151515,1.2096592322667,-1.86758537591429,-1.71995165472169,-0.00355681511438643,-3.12847081887015,5.12336757730719,5.5804058570251,-1.23558145885708
-1.31439063624187,0.226434773575547,-0.112317596074163,-0.22054202735604,0.963607889734151,1.33057422082505,1.03022561745875,-0.655756635012551,-3.34454067273371,1.10701025232014
-0.915774392988364,1.12041868093138,2.30830771225299,3.18110903195662,1.55008476355334,-0.700447966663928,3.14044485849561,-1.33828220430292,-3.22674416828352,-0.738575417232875
-1.68616537868385,0.988475488310283,1.01680433787539,1.16658425298802,1.33586793393484,0.845126328143165,2.15096694176416,-1.93468165030387,-4.59771517785871,-0.366111432732919
0.413975363289708,0.170805258414453,0.0197962008833505,1.37932601747253,2.02974663659924,0.60974746666096,0.668686595111367,1.55969220456288,-0.657662135341321,1.54587409590694
0.154709921621143,0.625051892709945,1.52770245801214,0.830906615573455,-1.04073298634909,0.460109922708367,-0.940842367265063,2.68579060038184,-1.09635794551544,0.647286887740986
1.60338902615958,-2.41619141677549,-0.17535886391997,-1.55270049577926,-0.637349184608706,-0.231021878053672,-0.109219955284434,2.40822471727824,5.13921467613449,-0.977304185923611
-0.668235150970767,0.707412660090649,1.06962703590921,1.41124359800193,-0.588868705856761,-1.01579605329744,-0.234253378428103,0.164450528423082,1.88687603527625,-2.48265649228278
-0.830779761335367,0.265026430164311,-0.0649247523560627,1.93610513151932,0.68687468881699,2.09786696729238,0.940243011820052,1.06218822997671,-4.57998512621183,3.13283405331508
1.20637985254246,1.06396157575656,-0.603240256802617,1.44042895568664,0.997529778657394,0.273637939062588,1.15500325865975,-0.54082566114251,-2.80229444121614,2.15268271887433
-0.273702091543726,-0.490812586509069,0.118599450903454,-0.513293425307838,-0.373045380070354,0.586669204748841,-0.00359550005675184,1.64625170148199,0.156865394415283,0.90777473199388
-1.31232006741737,-0.795365265972228,2.41228201723431,-0.524429395855525,-2.40828150332902,-1.70732659870717,-0.871866444656041,2.23426598929993,4.80165802485781,-3.40375229272154
0.644108139216577,-0.192458152482875,-0.96491318669902,-0.407741717805179,-0.329443620325516,-0.13560743754591,-1.31312062916461,1.73157325530837,1.09003646506261,0.36923486805116
0.809944673825517,-2.20851892282367,0.255628201318098,-1.55552096677975,-3.46644177917897,-0.673060972653958,-1.50638938325483,2.70251030144347,3.77981816877335,0.214585447742669
0.875922822065779,-0.980223815107127,2.68666649276389,-1.07447899579212,-3.01563222151439,-3.89143992114937,-2.55175006109613,1.28993395998639,9.41885301110784,-3.85048469228306
0.253903964529013,0.701563493927424,-1.30557142455958,-0.405685751480911,-0.289916377722369,3.80721100175502,-0.707273980188358,1.04664154004274,-4.3451859805752,3.21580278059437
-0.554671798881329,-0.899334378672541,-0.875882501479846,-1.95742195133391,-0.912072743205677,-0.4742977600089,-3.19877389841098,2.18023654147151,2.38253470523755,1.21384876303436
0.278014860666861,0.337794644907133,-0.792289521533055,0.352868521127842,0.968505117624199,2.39297731793474,0.904202489444746,1.84742331970461,-4.11942416284991,3.2991711210502
0.83094617053401,-1.70976067840095,-0.244175200227404,-1.07870004903012,0.86856375977133,-0.0464120872813531,-1.85779828726475,3.40721650959558,5.15500223341327,-2.00704289922124
-0.714490403741196,1.12448928470864,0.540871864874368,0.592665720975872,0.146992648631043,-2.67563782546776,1.08363773012519,-3.4310878015418,-0.611140400555494,-1.74300212247725
1.43658531677012,0.569019798352958,-0.400580590713091,1.83303593899047,1.52446144759101,-2.04479509270073,-0.493223286401692,-3.27399422787692,0.537734476516001,1.27070921918137
0.923984700240171,-1.40414170642253,-1.11832820870157,-0.997397483464155,-2.53106186266711,-0.162690435553187,0.0362256622942404,1.04152755555438,0.907491937690242,1.65251071832542
0.192207439350319,1.49544546930763,1.2656917599211,-1.50446968537407,-2.64556561214713,0.417165606431304,-1.77092548467369,2.19051523169194,2.51736206428779,-2.01477347381373
0.765344827688696,-2.10312016384326,1.06628664924733,-1.92449702452724,-2.61987030883449,-0.805815683813503,-2.60429071330405,3.80740025285287,7.82167434153667,-2.9743359247976
-0.349691930114852,0.473208784275366,0.45961654392184,0.91437258183611,-1.59205788329375,-1.5780251342899,0.0881651842480506,-1.440292659116,1.75046827517003,-3.5964681798744
0.800088197236692,0.0106976366775079,0.483278411262444,-0.766776591910423,0.845751083976999,-1.33208374894958,0.480329028086707,0.187436830057581,1.70901793827474,-2.56732418654603
-0.383449471247151,0.687139894356104,0.198057691980078,-2.1504788754357,0.119043536498434,1.55215499561235,-0.831366856608486,1.32859339964606,-0.263515663884629,-1.1029438002678
0.303008746363683,-0.745932935618278,-0.559614592830458,-1.83198606018857,-1.39019822601962,1.53974121456203,-0.349678311783651,0.434249740944286,-0.298266873556627,0.766153529183008
1.80115823675744,1.15163566302872,-1.58457842093448,1.63887386240754,1.87908697989528,-0.653889346257256,1.85066291445315,-4.11208524622249,-4.87840428132334,3.22772674704991
-1.6922054140846,-0.555587929763518,-0.787147362145596,1.12969516984176,1.68163907348698,1.9996496523653,1.86126406248925,-1.19462349319497,-6.05710714711785,0.989792081261158
1.40777246889913,-1.90433840968298,-0.585265597071708,-2.58712440745292,-1.99413299026002,-0.980832815880414,-2.75341917798426,1.43692724063829,6.56533508749643,-0.15165729261248
-0.510722491575394,0.455857099351203,0.50493986645483,-1.70554498693053,-2.28994522878599,-0.0471222059194868,-0.341099315952769,1.52918419105601,-0.581814983718915,0.477796856161758
0.726885015165758,-1.40307907740461,1.24916124221388,-2.21817766460004,0.41251808262082,0.0262699504497779,-0.938554305173704,3.53066360768205,4.70272937097462,-0.0429601872329642
0.223906939334048,0.165894169649819,-0.108480315991111,-0.584586191919066,0.596037492038647,0.691821025507733,-0.104509361866484,0.51638626011817,0.807255139983348,-1.84758121620527
-0.408876875328119,-0.649650873906634,0.668263121046839,-0.0245240684931719,-1.31928153302817,0.22995043945937,-0.614170453461192,3.37671900194356,3.41475554798684,-1.51908105591525
-0.397113881381886,0.775498642004263,3.30022177598234,-0.242037200123036,-3.84640492671179,-1.67974026621624,0.0504074781863324,-0.242881025966784,4.17860536410687,-3.59012668292592
-0.694490368375938,-0.584939501819893,0.0278314694820263,-0.416861679752662,-1.91343860222109,-0.642354857337504,-0.00704434658679004,-0.356156493662458,0.749553913260178,-0.0866092778618887
-1.22239144442314,0.876785743391269,-1.54643391885313,1.98013632640478,4.20522543310391,2.2801951853105,2.86310770454012,-3.0501262277445,-8.22785188814731,2.05528329570466
0.956485838796276,-1.13223999312559,1.99880230409483,-1.98658529525574,-3.84304373225628,-1.96373719567265,-3.22592844474786,3.93100447481568,7.70147860392786,-0.445523933968493
-2.04169096870286,-0.135117304306322,0.324429574859843,1.3879004041087,1.19315348045849,0.697895812062433,0.757060824328324,1.77447307164165,-3.10059886944013,-0.711951781214915
-0.368295630056397,-1.20706414439858,-2.3137355580376,-1.21751334413908,2.56520537190135,3.23378771405289,-1.74004427418694,2.58157002250974,-1.32168388731368,3.70073170698479
-0.224903989894124,2.61603970204989,0.265536990622053,2.63412462160484,2.60971669431857,-1.17729274588106,2.97429211932715,-3.97822255851081,-4.33443613644886,0.219456172497081
-1.60673470416021,1.01812328725459,0.784560626429339,0.252612411205251,0.600918075362084,-0.648719423313341,0.124623783948817,-1.31733506646051,-1.43620445131374,-1.58475941175092
0.574027021622862,-0.489796016850153,-2.77832633905094,-1.91474996233922,-0.620609078218579,3.23105971806578,-4.32048709929313,4.38890456810485,0.397660271750625,3.31059587439766
-0.196270815821926,-0.50840349768942,1.01893625906394,0.573872144879764,-1.59242690574948,2.43065316705528,1.58284654411279,1.65008834811787,-1.674324172318,0.23584634382282
-1.62781488278283,1.83439406845877,0.00385120767213719,1.32833619431579,0.247970598047694,0.924833879976143,0.533761968113741,-2.01753248944832,-5.00118636218678,2.42802469310771
0.762203479814341,-0.167470835325433,1.48394395093042,0.688148396467451,2.14582883686688,-1.57113435044443,-0.268243668381554,0.405041676463195,2.5162194598121,0.325710788024007
0.0326911815426392,-0.432584371133666,0.83942774155954,-0.109197782400973,-0.97754828506441,0.767112670968548,-0.633007709494435,2.48043810966747,0.944215523852546,-1.99543044056955
0.91585862064202,-2.06133106905436,1.28505984244422,-2.16804414605272,-3.53296255626523,-2.19935268545555,-1.23646432160628,0.466972986145007,7.37403708812743,-4.10268204050731
0.197914041182876,-0.473310021101049,1.24486624131731,-0.675602556630848,0.586107113339199,0.859254105541357,0.0633692411077039,1.54338660903494,0.784504102458888,0.463503647503333
-0.692608978223158,0.42100961123565,-0.700611361069218,1.65752023240529,1.3188922540426,1.84234746979476,2.35906552331929,-1.95333606592148,-4.38150245887457,0.112119990726367
0.114700109863168,0.427927990378558,-0.0344765183257634,-0.063323674162835,0.232865572191548,0.09780506301877,2.12450586377472,-1.51893548263693,-1.65572109683523,0.0773863585943354
0.328876403159321,-0.468824339799523,0.957488386403921,-0.879135423697684,0.628033975707092,-1.28646143364266,1.95938233851685,0.242246013947512,-0.785565638637906,-0.548854149267437
-0.294636674375518,-1.03372652169753,1.53264253209401,0.0257738852259838,0.682190850005629,-1.09180297160719,1.41537339349855,2.02908229677186,2.29283270691191,-2.13147335983338
1.49793139451165,-2.2059790131671,-0.362251125496116,-1.22546391750663,-1.32637027877569,-1.45155126202704,-0.722063295771946,1.03329346766765,3.0825712552485,1.87013240163525
0.969451898844572,1.48627010065385,-0.633151933222064,1.27349981225439,1.49695017328351,-0.0549023587723352,1.83323963284589,-2.88449815208131,-2.03657311893434,1.16217030482982
-1.42933830534651,1.45756441393541,0.44874953973395,1.18729393482263,1.62016354366471,1.20959050057571,-0.248591101906901,0.697515671964445,-1.86090711741316,-2.29583059687145
0.429891461525978,-1.34626062375441,0.597775546528945,-1.15629708632891,0.485192345271926,0.624462994120904,-0.608917025305329,2.9377156637164,3.06279425495533,-0.414131689061446
-0.919873203486614,1.34163495523026,-0.291166742555046,0.991869049800299,0.567295317434367,1.3613731987838,1.80666330932179,-1.07667717649354,-4.96280963630864,1.51540138963387
-0.10025254357391,-0.190079413175485,0.743877927324061,-1.36005407844722,-0.802107309097909,-0.819065382045618,-1.54129202438561,1.45121068556448,2.81729105241386,-0.874778260127363
1.32780111833623,-1.02614121493841,-1.17528497532161,-1.24382441408858,-1.2160802941613,0.648267597088192,-1.27419218725563,1.44550165295152,2.71641863159243,1.10697338545453
-0.601295764898786,1.02393144490661,0.462128856320341,2.19819969992543,0.459260381118147,-0.851248909012413,1.44941026510829,-1.97886003025741,-2.68271798033404,1.07330868912301
1.25723145795747,-0.575563560489935,0.508551601999837,-0.24232125064001,-0.961180258622184,-0.492385888784142,-0.124891466174548,0.302243686736343,2.58420313504132,-0.677169276306074
-0.53741205950106,0.795773673300328,2.3465808963291,-0.424441647400197,-2.68997345211744,-2.92039000612127,-0.159343823349267,-1.78599207283787,5.13730683183241,-4.90564271045826
1.12140756663862,-1.56910762842252,1.20801678043122,-1.16749212971848,0.451128494699712,-1.21340128482834,-0.417889758274079,0.934961510637918,4.52222675393682,0.444202608622921
-0.618682534115035,2.10395352863426,-1.30911137557191,4.54095989887464,3.7492472587706,1.36935622233309,4.0403909830388,-2.91482518298776,-10.4114397427279,4.20377441609493
0.596842034930306,-0.510213404318493,-0.0695190478363052,1.08909212906586,2.23345964836863,0.101773478945427,-0.839571477269757,0.290480433278385,-0.0616660151522792,1.95166069694475
-0.868652800785607,-0.613975528452785,0.171076599114442,-2.20970771205625,-2.19855368060952,-1.24055244802596,-2.67605672380271,2.48617097548398,6.1050192706634,-3.62982309739816
0.403278601959156,1.02539253402647,0.289783718217912,1.6358044835831,1.23534684381485,-0.126223249469422,4.94683761603294,-4.40505101159668,-4.92315097761657,2.40046837641625
-1.10331525518759,2.22263616323125,-0.279233499384748,0.367701687470565,-0.648763785797408,0.678955877585936,-1.24153896795642,0.0416615635288571,-3.29941092644517,0.402686107223645
-0.707487087520619,0.225039806059001,-1.08608415957935,-2.11100293101769,-0.986012239296226,1.24326750058165,-1.17796302718913,0.742131535583551,0.696337147410378,0.595965465582505
0.848698214443866,-0.0822724487370963,-1.11329365711398,-0.816316522781889,1.12513757125411,0.0516662374647642,0.51692562017511,-1.08543115514109,0.631468506570266,-0.0640450344311198
-1.16231603723301,-0.826949572807078,-0.574196122788992,-0.15545328294427,0.533174783229701,-0.294027927744379,0.687181873002155,-1.85820883856436,-0.501593698032256,-1.11133072873887
-0.371634438544724,0.000469243347088318,-2.28115726403558,-1.60830260453786,0.430918078569096,1.74980309842718,-2.59354916860662,1.24418714683439,-0.999795317523977,3.08554739151751
0.389690812422248,-0.744796089748409,2.24173419872279,-1.88475005029526,-4.17646936166446,-2.89554652421006,-1.76681924779961,3.06123845725171,8.23521098840047,-7.93035472872302
-1.96984578244015,2.79322671054241,0.103743886638939,3.57400381015278,0.851220814030814,1.04770585420578,4.08939297073364,-6.03659920984648,-10.2418731792684,1.2345378418385
-0.41187971462844,-2.03420763292759,0.81441068544574,-2.38853180870083,-3.01382446656317,0.547413690467973,-2.53715966141748,5.54644929678913,3.77700523586251,-2.77517826568084
0.222871513286338,-0.75442485231337,2.69903700188195,-1.85909600024021,-3.44082532888928,-4.75608532163083,-1.52231197699718,-0.124385780979597,8.94820153886681,-6.85074156133602
-0.436903041470161,0.696398656800488,0.767192491646116,0.488756044954785,-1.89246309009903,1.14294625402329,2.08020499074661,-0.664508977491458,-2.65244086998261,0.717043728546447
0.172337703388696,-0.0428270571512621,1.31813305151672,0.11375919372733,-1.88522210319611,-2.41284505821504,1.05539263122537,-1.88791080031516,1.16661133187978,-2.09667490879188
0.316519663412373,0.102784630279026,0.591126898211167,-0.667056749413987,-1.20213434022104,0.487971794856546,-0.25842326313331,3.08257569651164,0.80425465801669,-1.75883784630781
-1.78670038965401,1.28359447901697,-0.558692183975916,2.06733365844389,1.03137320103019,2.7595262442799,1.99426679964554,-1.10723592993874,-8.19191951271291,3.14229414116848
-0.796107345216585,0.439239083692172,-0.568840082845113,-0.0888248018138353,-0.195755172784313,-2.36692035632631,0.122948403709108,-3.03641492223171,-0.0716951478485095,-0.315519856169002
0.379774541350885,0.739754387781933,-0.903174368462328,1.43131612862621,1.5044866460806,-0.452493567651417,-0.586783104099993,-0.917179865753931,-0.311421124921176,0.0621350140521952
-0.0613822523028604,-0.593694287774076,-0.35419138169262,-1.11968593286393,0.347114394099959,0.973520280292108,-1.5736999948711,1.69930912891495,0.562434010388826,1.23151817728928
2.55376252953273,-2.23753645780961,0.0865551165665978,-2.95970345091991,-3.80459412486143,-2.41916863967169,-2.41019912841552,2.4973667615295,8.27643372677091,-1.10832320358918
1.08321615656465,-0.389451819537936,0.82719922263506,-1.55120128946311,-3.65875001397186,-1.68627917985816,-1.42262448862129,0.814864374387861,5.48795246520736,-1.95233565562677
1.6518125559017,0.112931808622668,0.813837983876385,-1.2979219036151,-3.65189002291226,-1.88215869848946,-0.71731024006199,-1.49527876899198,5.7693092933319,-5.07042072974617
1.40867201003338,-2.9203113610371,2.61214382598107,-1.26564303565358,-2.64556201600102,-1.92136139315439,0.324411986268437,2.72725472062647,7.99154767814996,-3.36502781822645
0.67307603759598,0.508997998467587,-1.44518089907919,-0.963071684737171,1.65440081839902,1.25671458491172,-0.157282480924036,-0.632460053150311,-0.908001873667206,1.71172025609937
-1.25275580369036,-0.150147251077392,1.05210221998753,0.678521423170585,-1.80733711692786,0.163824773696029,-1.03807365608893,4.11072966484643,0.456215620889038,-1.62361040642118
1.00989276048856,-1.62515321440821,0.0862966657960786,-2.2355019726952,-0.754095881272876,-1.38520540325254,-0.111065003312282,1.85866292130258,4.40918171121986,-0.320417550317192
-1.12127581967845,2.12126280221876,-0.650233218710198,0.908956843294067,-1.27416409741823,1.28670531975412,0.345417580074375,-1.83045900380757,-4.16491076399836,-0.489203231942895
0.148570826297367,1.16574394844854,0.178807392817897,-0.498812957204202,0.534207519486039,0.812290473739562,-0.414676135336591,-0.409356256656594,0.720565857207036,0.991605927516052
1.4134980227949,-0.536700455785213,-2.09274235113004,-1.30590277421449,1.66549487263538,0.231069771280536,-0.811086679722722,0.997061219686586,-0.787365614963535,2.39453407056547
-1.19912553326163,1.44886811995972,-1.32866159743869,0.433987280736566,0.119636946962407,1.61640227785592,1.42239762591851,-1.47509214805653,-4.741290915241,0.909236471527254
0.945519835320527,-0.315116278964592,0.764593576753866,0.0513327015669568,-0.110619536362213,0.745157233092064,-0.0618595430433298,2.37646133480785,1.99825636263531,-0.939393995461191
1.04712309307323,-2.05519961227005,1.82656792988075,0.368673020548256,0.00931839927631885,-2.7404745676446,2.58181359358365,-0.960529824858801,3.24710689485286,-2.0501591946113
-0.649474540606061,-0.347351072545006,-0.386201718034513,0.581021764385697,0.304540741515153,1.13084787458536,0.954827323031237,0.680357273175347,-2.89877658120081,2.7903506750174
0.845008455136948,-1.25972879175153,-0.902140746453373,-0.703415144800537,0.827734504472913,-0.737262251675591,-0.857270252195503,0.0892930048103245,2.50980178398191,1.47367054400153
-1.67044986883142,-1.2799414733564,1.12713544693001,0.398206028634597,-3.04568763665857,1.64253716328383,0.10629450401349,3.50958395361687,-0.469478223687541,-0.281505720608876
0.547584784308326,-0.431285979881314,-1.14737129123376,1.1431650668264,1.98936478393123,1.04451197449345,0.794496822594729,0.164131302547891,-2.96568218679888,3.44010944375258
-1.420081558613,0.430001980676482,-1.3024288843525,-1.24360861334989,0.0914958113106049,0.950189102105358,0.962243496695258,0.618892275689629,-3.09057829316003,0.797507168063267
0.00308553302656522,-0.648990152204503,-0.162573423703818,-2.09942656785464,-2.01836311963668,-0.0132494952745185,-0.573902862648866,-0.263974156620072,2.47142632367588,-3.90593171439746
-2.18619230440443,-0.408044313519024,1.74867857539524,1.01440790224448,-2.22458479555106,0.44513159557353,3.54463165927714,-2.92401165746728,-5.2121608726612,-1.00203197538474
1.07133180755049,0.570590944269912,0.489515179290641,0.722388048838592,1.6743821605552,-0.517371131101195,-0.326024565899216,-0.870837392137239,3.19662803507729,-1.1189101447152
0.318329640511635,0.304533925433518,-0.379589369340596,0.446847137292725,0.0437818499814108,0.349419405537649,0.230703091986952,-0.546526383158749,-0.218546542828841,1.33468049350715
1.2360099256996,-2.21523431413306,-1.09159360906272,-2.20748698450601,-2.42995132833367,-1.75773566202857,-1.32550683840847,-0.279085102539359,5.07466642656479,-0.00461264892550057
-0.769344426520742,-1.34476204491146,0.751293605066814,-0.0929481287919404,-0.0112407354953585,0.751526752487121,-0.827987493800008,2.41633032093011,0.753533008661347,0.955395000499313
-1.26991225487338,0.990543731085782,-0.233810300166116,0.624236428840917,2.40446936900675,-1.76178443250477,1.68137085738012,-4.05850583135388,-2.08863872602028,0.491246106551992
-0.203498545133657,-1.15663067144139,-0.00573275798213663,-0.0879204285075954,-0.208239345495203,-0.417569366343727,1.6252534128546,1.10560306212736,-0.537564584342267,-0.253873333039675
-0.0412042732970509,-0.325350158293421,-0.0265365731428707,-1.25286076184522,0.261863422841373,1.17551216139679,-0.827690402709352,2.92113814016899,1.06518663190162,-0.254547516699119
0.554557529972499,-0.53811084258213,0.581115057360777,0.254566221360578,-1.02678580285851,-0.891959658426698,-0.658908707123516,3.09127450055459,-0.549831489096306,2.34232993995457
-0.480541847631702,0.243563482978967,-0.246773976383609,1.52050619981924,-0.716540458221422,0.372039765594417,3.47610465693788,-4.15962925005022,-6.01679632738653,2.34611183681483
1.1794859675632,0.046689949013985,-2.17951097170217,-0.559918060071833,0.717419718784254,-0.296732760978768,-0.655896880961267,-2.2290763402295,0.687080945337024,1.66079920533034
-0.742224750861021,1.39472058223112,0.415482115933157,1.40433250293492,1.92664148728008,0.138406234985696,1.33733441133127,-0.157086444904366,-3.56276752258602,-0.685088342379847
-0.313677949621737,0.285644245974874,0.991026028769101,0.286482044501795,-1.65789890515752,-1.88806946064665,0.25666390559913,-1.96749393108736,3.52357771215239,-4.21326092692612
0.39952502187128,-0.255178693288949,2.1980254231632,-0.762201892985822,-2.18997200810087,-1.44471399712463,-0.378144185282813,-0.353649119064027,5.10225555486911,-2.98196803661909
-1.49969918347924,1.3398289850793,0.345825986411555,1.16959644907944,1.92226321154383,0.66357802396634,0.798922982553542,-1.65425436649854,-3.59765819395823,0.086726358593486
1.82080119913623,-1.33189164227915,-1.25683198427921,0.190211252545526,2.10721106567978,-0.367859433585045,-1.15471966809249,1.03319445017823,2.41229191589529,-1.01769757648642
1.11021352142156,-0.533523022770393,0.403736083446023,-0.662493249118104,-2.83052914574488,2.27447353055247,-1.23620833627808,3.14112337075271,0.603568786050237,3.0769801884518
-1.09632882131973,1.25069305243562,-0.336394439734912,-0.348404408901661,0.115111352508879,1.27914382671193,-2.17339465424639,0.441092921602897,-1.57593518532063,0.303957988211502
-0.353309815032693,-1.06594451051061,0.581522092669688,-0.361490234954526,-2.1353131978928,0.647501493785287,-1.15318785500648,2.50793928076432,0.843405823329962,1.37608508232515
1.5356916883887,-1.15804558558083,-0.384431985771692,-1.76638515328804,-1.37160981492601,-0.456049446939842,-3.15507787606617,2.32669362406229,4.82661832987142,0.112303562137617
-1.28493655076151,2.13095291117149,1.48307337590489,1.64666962000702,-0.823486073387881,-1.50231709224988,2.79499567504775,-4.49099384773802,-2.85683360814711,-1.77838584316946
-0.0630093927466896,0.927632117988512,0.576030953032637,-1.33114343057674,-0.560170007674642,-0.813503426603367,0.665562528235401,-0.460010067060677,0.712839459127112,-0.288299949936924
-1.3769227177578,-0.70147939181214,1.12735365321054,-1.26612764998809,-2.7569255441088,-0.548504425360131,-2.22777125092777,3.18222627333682,4.19595354290152,-2.31317994659243
-2.04709909126836,2.54697692739307,1.32889414589678,1.29801678447228,0.494535905062944,2.02117878214007,0.696080555604874,-0.229738721219395,-4.4831928129886,-1.3360448875467
-1.02582570138706,-0.574306506815121,1.00325797299448,-1.40771659241618,-0.492020913857656,-0.630013378730564,-0.358121356491291,1.5481091986965,1.082804248546,-2.70364688664987
1.54996878837227,-0.0234139885635778,0.449136025083954,-0.38108513530405,-1.02911163478937,-0.510211259851038,0.156052675083603,-1.3551332760485,0.984593451620447,-0.329113897269916
-0.239621265359163,1.22105612031835,0.278677052844364,1.22359967590121,2.1836854234639,-0.704620926374793,0.841755770297037,-1.85403359589589,-1.9980555141029,-0.0207267354550424
-0.957897254913893,1.87828129045349,-0.476294940283731,2.03609143022956,2.92661972617835,-0.307074030464392,0.298931646277049,-2.67706135829411,-5.05105303024533,2.56127292121723
-0.0616756168022987,1.75020627831885,1.55749633567964,2.812080559551,0.235427425927297,-1.11147880297143,2.0845571727936,-4.90991766966829,-1.70828619755921,-1.16475342015934
-0.41574548135651,-1.31327135719483,1.63254185890213,-1.4472690356059,-1.92223703246294,-1.31554674266529,-0.836966021668266,2.47088006527647,5.27355077324173,-2.10784995538201
-0.19158223069142,-1.1197409975605,-0.904811596536783,-0.709245165325574,3.1199297423038,-0.461152532891888,-1.9794567664603,0.437143539306685,0.7095849456783,2.96558105607757
-0.233779374698705,0.159599467748881,-0.472799982997425,-0.0524621538536787,1.72390911673127,1.96391087479616,0.912173643596949,-0.987413231277285,-3.67348775262549,0.464847531957527
-0.547582889437438,-0.77969057399628,0.57895452272881,0.157760778999586,0.816586810608569,-2.07484099808744,-0.0125990062532235,-1.90842480409614,2.01457664233856,-1.52856788289843
-2.13886690583446,3.36288086218237,-0.373072895501638,1.26958478062241,2.33582474384451,2.61320962820875,0.361510596005784,-1.63630741781278,-7.38782804081929,2.64742347232305
0.633328062049656,0.479116909674733,0.0747019670225206,-0.47973603185284,-1.54714160744734,1.04123924608732,-1.32512654943544,1.0692588568387,0.150596342133078,-0.151714990578711
-0.315619564990948,-0.678914011861882,-0.444942208290233,-0.536110197732076,1.09091564148026,0.527640975931311,-0.0532769453938622,-0.449907842714615,0.872448157836232,0.641614809566788
-1.45437699107575,1.04432020654174,1.546259392235,1.97486387047306,-0.723775993730133,0.0238192674688991,2.83447777970417,-3.75339717842935,-3.23529357142181,-1.02387508397818
0.142205424102129,-2.29946675511828,-0.708782732843583,-0.632610324973405,-1.24749433894984,1.14683592842038,0.388085609407693,2.357909457676,-0.296806897589043,3.21159202033342
0.914234070103166,0.18186498436054,-1.8178570140889,1.11716995979021,1.10759707914601,0.490000308714294,1.51474673635331,-2.32162197194731,-3.52476326305998,3.6604230168867
-0.312584483862381,0.161207852763289,1.58131778087013,0.400399984262637,-1.22368031766116,-0.18362458977557,-0.28760177165551,-0.62936365050448,2.12393154613868,-4.29213850300928
1.26516920029289,-1.61684894800416,-2.31302835729424,-1.26912234554428,0.093177253050995,0.58844366035083,-1.70835466408068,0.513301871649406,2.23799138837394,1.51376880952317
1.18313387420172,-0.488390611249413,1.17075025873404,-0.577260468020051,-1.90401433770169,-0.834967747309621,-0.542219402230469,-1.04405734737738,2.0149642386588,-0.0859066082156791
-0.492136465621284,-0.511286194064564,1.18836433234316,0.264498157623947,-2.01503958774838,0.897003122229787,0.992006699481182,2.97065873843522,-1.0828541047348,1.76745563599078
0.606722299855917,-1.66154744339396,0.9907030446538,-1.31490154260383,-0.782369764990681,0.666235537578351,0.425888500767407,1.40400854285848,1.29291107575694,-0.447561210056203
-1.54407077309683,1.75802775014309,-0.400220031313144,-0.292468264279906,0.805012514183236,1.20787226552488,-1.5207390752863,0.00485011510862853,-3.52498780797548,1.08857571237105
0.316039914675898,-1.093662015119,0.682138980518668,-2.22564552234918,-4.0868760584267,-1.4245747151468,-0.605081242072313,2.27112086636907,4.80001683907889,-1.74239833967858
-0.71014445152053,-0.0788956273428518,-2.47771750110945,0.813417783046263,0.598483314365455,3.40604407699149,1.11240035214853,0.269071688703182,-8.09397146291081,2.07437389231954
0.0970942079785006,-0.593143118835548,0.0756267365432037,-0.598956476752299,0.678477421799352,-1.10498658909661,-0.522075995007675,-1.51246146804381,2.05385784345238,0.18764270856326
-0.215146712432451,-0.104243055031935,-0.530618421051824,-0.428068924794474,2.01909666877954,1.09874977390929,-0.472597949406602,0.592013414115557,-0.787884321119783,0.656950694636529
0.858090722191403,-0.396648522596653,0.82692146093394,0.0958888204720365,0.0515774722764001,-2.06192272741102,-1.01737933680271,0.589682696447079,3.51072662750637,-1.44105638740004
-0.0202483982316793,0.835943548247274,0.736623942614123,1.93639343910324,1.56187413288716,-0.652748743193476,1.17861920411613,-0.0463141958182559,-2.20752013645586,0.40581095825103
-0.00329027759785433,-0.806831555946503,-0.691821661530507,-1.38374683675178,-0.411098965766472,-1.48838954098711,0.727800005303491,-0.0302203610077254,0.210300160672999,0.407682985429109
-1.48662429278962,0.872636115050621,-0.792222525276638,0.813847945025862,1.4284354727721,4.11458245850191,0.676560757605138,2.27041831078426,-6.72907747810027,3.9180005827099
-0.881766263071793,1.88209096763618,-0.324313100997359,3.23980597415942,3.95903575453837,-0.0686422526564196,2.65728586876345,-4.12377341376075,-6.10190308436436,1.01397629122067
-1.44977449929693,0.254213557832298,0.65109853700096,0.774659368852977,-1.59755614785288,0.559585847422806,1.71501656285807,-0.618086411829685,-2.45718650046172,-0.098014232827506
0.139904470864565,2.65297966593736,-1.79800588379317,2.30340462324852,5.13191078857668,0.664528789457672,2.04642033796133,-3.97330590257049,-5.3769189892311,1.60267204471251
0.876841379542335,-0.11198965837337,1.31937523759558,-0.569470204510354,-0.377930074840041,-1.90831973704587,0.881244804697749,0.972325459668033,0.69319603635327,0.252927242045402
0.695486245566621,-0.0308948447756231,0.737080451452839,-2.07496338849295,-2.83315574963997,1.19963065948999,-1.04142414941969,2.48788545601938,0.960805315886235,0.366385378478906
0.17910221949826,0.222277060053223,0.427512769221323,-1.26679127879553,-0.275591372633245,-1.01427910068886,-1.23640562611835,1.34450317406892,2.3884680428304,-1.16365082963257
0.279566688620169,-0.704830388280619,0.469290729936989,-0.72851759609513,-0.0762938403618375,1.31025662015136,0.0306865270321031,1.14746593408463,-0.339233907925387,1.08904511779911
0.892881147022231,0.351589085792624,0.23494831065437,-0.230007141118019,-0.890985901376644,-0.635100412972053,-1.2534578433694,1.31290411999653,2.07990804341148,-1.89916393410385
0.24370428128887,-0.632914199597472,-0.913079742632603,-1.92757454324433,0.213918653602015,-1.80297189449982,-2.84323720416646,-0.384338336185885,3.71403682859902,-2.74599334836044
-0.461328205648447,0.816151429715465,0.438308899461824,0.462107183275939,-0.826180149843151,-0.479948847063396,0.421406401739116,-1.56571641599556,-0.710092847809565,-1.48147923866987
-0.429389541071535,0.226339479893801,1.90904918684879,0.0856461180787857,-1.89675811863669,-0.834607818137308,-0.435144409024444,0.830262510715748,2.09175055914423,-1.96532036469925
0.0243620132865014,0.0338023952549849,1.3944498921539,2.23310906476963,0.856590489932848,-1.94090705580179,0.529778775954842,0.150556900368184,0.80325323399615,-2.34234881362727
0.715496176896832,-0.363935708370007,0.265115400710094,-0.954836519131758,1.03332082900849,-1.0328962352532,-2.63120408214067,0.632803465101887,4.20573040859868,-0.764997706246263
0.473830262015283,1.10153287412467,-2.66744737676176,0.993028631888581,2.93941462236641,1.72843646610053,1.17674028607929,-3.73375759884629,-4.38961644977441,1.30153149965405
-0.80839574983747,-0.392465124924939,-1.00575292450493,-0.210057414303806,1.0936846231028,-0.841850394885026,-0.883271528348982,1.16179701392944,0.140361106762988,1.74684771178177
-1.16372998188056,2.361511260609,-0.49132116695408,0.267026592900882,-0.45071988871014,0.726363938871307,-0.317080669154795,0.00953892761048415,-2.77938865236701,0.0359778523262981
-0.351294661127461,-0.559335838580254,0.036580262604622,0.259222430039447,-1.08173129319798,1.80024511170522,-1.29715176398392,3.43286186227275,-0.00487044231533582,1.05497513308584
0.804545759357846,-0.3482683610805,1.38128581508094,0.342875132280273,-0.819841429582731,-0.734213577707107,0.555593092410598,-0.508500369775107,1.85039558148713,-1.15273431511495
0.901909121535462,-1.17622185966992,-1.86875427563209,-1.77044284593144,0.656471530610747,0.257705476154184,-1.81823009300061,1.66525051058135,2.79823010596966,0.792716670489486
0.310458688401801,0.186804451382594,-0.55263887725374,1.04487929990755,1.15209493986855,-0.495523595395472,1.02104309592127,-1.78549034289246,-1.51078976937284,-0.14469629082297
0.395733052720625,-0.439378173153754,-1.52475532694554,-1.08838811173805,-0.433848171578127,-0.33865736736181,-1.68820632856018,-0.559629047981166,0.686654626910081,3.67743524755023
-0.710195451403816,0.0559112902754839,1.38796658418597,-0.441635390893542,-1.29353789265373,-2.92284945732158,-0.163603878527079,-2.37108425363669,1.87816177852895,-2.03932226603626
-0.212698767937226,0.745230365929901,1.20034353244754,-0.382407086637971,-1.04259171492389,0.514708808058857,-0.390105937992399,0.112376217008006,1.03486062181867,-2.45975213473735
0.0825385545811326,0.405175588568152,1.45122530269288,0.843250580440715,-1.33674023432857,-2.8244242912135,1.15703775429741,-4.00690005986445,1.52763050335202,-3.51326789454538
-0.265396081486703,0.370799681627335,-0.789998712122657,1.08169636918461,2.28966404783731,-1.38077143723808,0.794120321646694,-1.03583491536334,-2.43690572114365,1.12421147719436
-0.332711096902381,-0.847720131514739,-1.15037743706181,0.11354821086596,2.63471715899514,0.412907110277106,0.455912873207069,1.75815557091792,-2.16990801940658,0.504731720461505
-0.979505545881106,0.239641644287415,-0.282790617397641,1.71156856624136,1.41978140040148,1.86511688480621,1.70588702114906,-0.318286866696203,-6.84989908840559,4.05201615238036
-0.232219477357076,0.296606286571633,-0.125897029277047,-0.198800134539401,0.201421397317913,-0.779740448243584,-0.00769073295639086,-2.42119464033016,-0.842900559847581,0.363401571222929
-0.714049415329975,0.486851494667588,-0.935437039599013,0.890775298578086,1.40469738708592,-0.184792087595044,-0.195763508696123,1.0852834665257,-1.9723042338354,0.19976606602804
1.67320843149884,-2.30835910166434,0.39587822802626,0.235279582912372,1.52886946352897,-0.46142492546922,-0.965920759636226,2.49664427915114,4.55408983372326,1.27966937758154
0.895041782580316,1.07782137643575,-0.462220027841231,1.92404373308956,3.09081263306588,0.699630509239506,2.5019554291279,-2.07579481327243,-4.14295242869997,1.49002729433863
-1.59476667641595,0.0310800091203246,2.07185855984266,-1.02287239226641,-2.46988481916687,-2.41877107962632,0.0475266684470957,-0.556103909063891,3.7647892811154,-5.51984554152669
0.160527164907956,-0.12753468254204,-0.248473107988477,-0.747213041759917,-0.800374628301352,0.61925847119905,-0.271230871641807,-0.998152015461038,-0.719990795648632,2.1892982409065
-1.29800580953802,0.222555878263402,-1.01506499562767,0.344924193253711,-0.582127133916246,1.32137053636022,1.3814161885677,-2.34499624031678,-3.08637046779213,1.40365101121968
0.719088760197111,-0.770221348375898,-1.1628894907117,-2.05513853001377,-1.50902356135375,0.0308596862460699,-2.22523607960703,2.98270909191372,5.02288703398252,-1.48845525672274
0.375035495125316,-1.26236794369213,-1.56053825554962,-1.9599870210508,-1.29242941438435,1.44944981313128,-0.831691205975142,0.434569651131754,0.147703196318748,3.9536372853867
-1.84825593563142,1.03555512893043,1.91286446305525,1.12442691268824,0.262981814040129,0.318054493214713,0.0902518508363949,0.178622179558281,-2.40900510700931,0.31998788583557
1.62264864546638,-1.17625483387921,0.625488439885994,-1.72732728557517,-1.32269412789054,0.935937062619511,-0.534923388752685,1.64874615315927,2.86332963410675,0.371988887707807
-0.150026479739201,0.284485496034436,-0.788727093020076,1.03564000070651,2.8010884464783,0.313024758658899,-0.294540412560183,-0.814995523013362,-0.131919108015904,-0.000973966938066687
-0.597920249841573,0.766114948415047,-0.716770763881312,1.87054588184548,3.95321730374115,0.705523132243046,2.01153546128321,-1.85537174538682,-4.39004203893276,0.794861107996284
1.42332242975485,-1.8776513095151,1.06957820858513,-1.46632803835691,-5.00686958959043,-2.66746067656519,-0.821757732957423,1.72663881185004,5.43766042046269,-2.74249614424183
-0.36539400495786,-1.21956888470037,-1.1275229488224,-1.14633309877714,-2.12622057852395,1.4672191985375,-1.56178705996689,4.31074790208779,-1.89212888203291,1.85539516397911
1.57710427749499,-1.13648202386541,0.00340076543297527,-0.218323314111206,-0.745506526562721,0.0171876245091366,1.07616731535353,-0.49122539100362,0.127738641841603,0.303699912635309
-1.62118297748722,0.449483100830138,-1.32010565654893,0.195687098140637,2.39836133587416,-0.715886344908515,1.41717939786526,-3.07436925459946,-4.34767996648154,1.45343639190811
-1.67960509268921,-0.397745766856708,-1.55683902931008,-1.00313187443883,-0.228134633706673,1.95695785408599,1.93846409514142,0.638393172657265,-4.60169114965868,2.6387796227767
0.944767780109127,-1.40936162403419,-1.53069214997015,-0.580765130910776,1.89007457929842,1.99177534447104,-0.698467251778484,3.11148407581076,0.290569387186107,2.45391809279543
-0.891061995332417,0.766825900777131,0.472447372151282,0.693753858719383,2.50481406712176,-1.47575503303087,2.20455847084318,-3.22546667366488,-1.57909194400686,-0.568529025109152
0.966544427424463,-1.17640616866857,-0.142239497364322,-2.32673190631784,-0.802843771989158,0.375045648977752,-2.74669908343562,3.30447135225605,3.38644799327086,1.62668801131358
-0.13177711204899,-0.34825213032291,2.18512859139375,0.642872158336693,-2.86405890556047,-2.63220352434732,-1.0357305095543,-0.422691927260658,3.70203843258671,-1.69508354293011
1.34827511151911,-1.62817837101429,0.591291817988951,-0.540950516965107,-1.28663862433931,0.101291259822488,0.0191756213102253,1.09128295710577,1.86412371606045,0.506699469825668
1.80381947600215,-1.26376870685852,-0.40054013096383,-3.27037310548136,-0.810375068033535,0.0290964590308834,-3.01237610966087,2.96399884674811,5.369701551951,-1.00676522653339
1.29596597194803,-1.53417153690406,-1.34314961741844,-1.59969636424809,0.130837885573478,-0.131681526232216,-0.651615445040092,1.65142763099297,0.640086591883083,1.76411730663099
0.489311704585226,0.479537968523976,1.67897348081789,-0.78780486325649,-2.79583179564197,-1.79628098646716,-0.87242332561601,0.878751144215348,4.24214800800127,-2.02416237266655
-0.900700687204911,1.09448269129448,0.87652822078492,-0.995076518013654,-2.98135687467601,-1.32293209623114,-1.12636368890409,0.582901352457659,3.51045064751439,-3.43151933484783
0.315213433020892,-1.76002450733199,0.675427398024595,-1.8445813888803,-2.76001235652679,-1.84334793276825,-2.12315196176742,0.255994210769499,5.95167446438048,-1.8398493754532
0.383877742859817,-0.826878308185909,0.770104345954269,-0.0579979143571696,-2.38035478921808,-0.998067982899466,-0.447380995661623,-0.953182810324157,2.03537947014596,-1.09699540196824
-1.34392686943499,1.50102978187813,-0.966972210888779,1.20163486096651,1.96436969257867,0.529842987268353,0.79938881109009,-2.42291107151024,-3.79204888867778,0.540773647906915
1.20929464527456,-0.929717359155786,1.18508955085173,0.829899938244746,2.12817224827523,-2.26644115367589,-0.840807911692472,1.23529783366806,3.56461981705289,-1.23617818184505
-0.278921233132173,-1.13620059293054,0.943383163746015,-1.8649161277489,-3.15673417395333,-1.57437531904339,-1.85988571514701,2.02045381774169,3.601309866966,0.611239555608934
0.315212310274094,0.70492962569026,-0.0953442847248087,1.11936886564647,2.06515873326105,-0.155630712824092,0.511223942854332,-2.34493728720316,-0.855088078709868,0.448471563627228
1.32946323152804,-0.822661201169616,1.56404344807865,-0.13708040951838,-1.9508530082218,-1.67660983771674,0.175947291212157,1.10346853774133,3.89504259858051,-2.79140715084039
-0.642335833299824,0.632127658869435,-0.652805808121179,0.335312748499419,-0.900413849837074,1.17241813023163,-0.0378946425410743,-0.179502225658623,-2.69544525359304,0.545902009198197
-0.18533319097373,-0.148615250718242,0.156424893385544,-1.25332958254401,-1.77930505783362,-1.6105234094242,0.0344393194808711,-0.859127656104287,2.40271572751517,-1.79371600652332
0.833984173974668,-1.21336590707298,0.631590488637989,-1.99627079555787,-4.35536839036861,-2.66612669363822,-0.885430890859808,0.168866278925913,7.36230195466463,-3.4631341729114
-0.201328642241506,-1.35475735455054,-1.73572456108781,-2.00969930394256,-0.146645194381709,3.53136243429258,-1.27021269730541,4.17364311285801,-0.966071819417943,3.3195345356623
-2.16056212974972,1.63533336752352,0.102878742726343,0.00665030908749596,0.677424299116683,0.503453422355339,0.958863876449398,-2.3726456200976,-4.39751641691455,1.52076296155483
-1.93125497433282,2.2532569949445,-0.810301859401254,2.0646101276672,3.03485557834235,2.74174458321442,2.97359248726789,-3.26684841286614,-9.09177349902313,2.75562685027565
-0.239877735435739,1.08847338025402,2.01906926664297,1.43978601394021,-2.52567684590176,-1.13349958741826,0.0131534723959515,-1.00095898321853,1.08435722108097,-2.49159111713678
-0.32214148442123,-0.309721816904315,0.887635205401078,0.901127739905362,-0.436438517786008,-0.329448278100139,-0.612844528554039,2.81698029362708,-0.310654595785928,0.716901710932684
1.21720741136265,-0.629383962925566,0.497548510585789,-1.21338051220546,-1.87029932296483,0.119221372962729,1.05708526688219,-2.56058218855113,2.28775867508107,-1.44964307357072
-0.501143188285586,0.0427030827292166,-0.442395806131636,-0.673093041959415,0.165539623787626,1.13006313047484,-1.61368269291407,3.40561924046714,-0.113546021622423,0.125943828371184
-0.216620966436543,0.398345562055376,-0.33618185827174,-0.60817501627618,0.93112467298634,-1.94340688142403,0.881314661621432,-3.1187560841389,1.38956765695735,-0.507173731682984
-0.0161765848165253,0.869904607988062,1.0486598669513,0.777498762256482,-2.19383455360318,-0.860846809198816,1.62766287086994,-3.23802904735746,-0.055225844432811,-1.54355197897424
-0.570586928689871,1.20220744541886,0.537885535899003,1.69241023568078,0.72212568699776,0.171852870972468,1.54766023480609,-3.25381580588045,-1.93144274913017,-0.830048154771119
0.436447036046094,-0.495399902068637,0.885633147114221,-1.38606715297559,-1.35957963098518,-3.96888643576864,-2.67691715209956,1.09475652062881,5.32342842662143,-0.439435579144579
-1.44716802789191,-0.356470777333726,-1.82067850679739,-1.21622091835071,0.605452337529221,2.4549331523756,-1.43130752189752,3.20543021860347,-2.15186314181367,1.09864605022363
-0.3863945242995,-0.332666422212217,-0.106899299595169,-1.36137769696485,-0.924292898845046,0.9633337234977,-3.6401328333538,4.20627553648659,2.36400709535377,1.26092064174591
0.602282300499546,-0.541191923193269,-0.472869820302811,0.776328122059312,1.83237334132418,-0.0744955362561828,0.24037840636534,-1.65794477803114,-0.658256746884319,0.715282952733275
0.710052957872943,0.482384236117908,0.00133402228862898,0.423048089874517,-0.797003200031029,0.984572289126618,1.14006963670267,0.0472639945281037,-2.79598243151468,2.82212721909242
-1.19682730483915,1.46926488734961,-0.338942405030378,3.66949110794085,3.07985474709079,0.270378364135811,2.37576631725081,-2.94452782018515,-6.87516093917437,3.17900228599364
0.070618362977628,-0.832753204517309,-0.315776482337061,-1.10993159639612,0.577190807124626,0.88467492020147,-2.39661800536161,2.66824954791127,1.90377044978745,1.08340942634044
-0.754266426789627,0.0410370157982171,0.245618196488251,-1.14396600435535,0.510083235077394,1.16364741904263,-0.556404711733948,1.05401059486527,0.82732346501074,-0.328915662068841
0.463239365374202,-0.990757839143908,-0.319224333634033,-0.517571185782089,-0.675911449564586,0.729795104657442,-0.709995066210322,0.877392781031871,0.43139056777073,1.36367001032721
-1.19982499457,0.244438866510118,2.62306846839861,-0.55501419829883,-2.27651321661136,-0.463722840267127,-0.392551294464352,1.78108659412566,3.97789610654601,-3.66568068659242
-0.375096241318385,-0.386245791133568,1.12527407285879,-0.51052311043933,0.0693059876298941,-1.84299996581446,-0.415928325582229,1.44194064294959,1.63908075120861,0.363745395154485
-1.98698875001396,0.467288876839329,0.181524673489346,0.12721259782225,0.822502754898698,0.294072983330998,-0.172835551995316,-1.05579956423229,-1.21855528829988,-1.21907636131092
0.147939728909323,1.59580148266348,0.174708134787541,1.71779437832381,-0.578198600179716,-1.40696088728709,0.911510765907938,-3.15553754374455,-1.76095314443778,-0.439310108406837
-0.119508982297,-0.285402077092707,1.58016747035148,-0.0762992315317313,-1.78451524185895,-1.62748780780767,0.717435925989153,-2.9664608356551,1.54586995095569,-1.31227964037202
-0.500158395601556,-2.12408657597669,0.412032162377803,-1.01320555057446,-1.11772646839468,-1.43988074680107,0.305714200747716,0.590863137834244,3.79005657925413,-2.69010469166453
1.08795652429375,0.214102217220311,0.689750574529466,-0.461736524216121,0.0810797720124161,-2.07152292610384,-1.62349143724431,-2.01645242724889,4.12504918620956,-0.826667852091094
0.640727440424881,-0.24472048341578,-0.478046314547069,1.1966220123928,1.09435066552854,0.822757693771859,0.235122523696417,-1.04936758717966,-0.142936884976066,0.143792382157721
-0.367181259946124,1.49404159636795,1.80134821417806,1.21502661381322,-0.729409607570895,1.03667398238207,1.39138897851572,-2.33528452301053,-3.08850799936256,0.616683578467113
0.0451524928853411,-0.440499605313394,-0.524012705260719,-0.714582614177694,-0.547319354207104,1.14856867044088,0.215691099772775,1.75914559112209,-2.47789441240679,2.12030157012674
-0.073628453206905,-0.173023624483677,-0.19152851624992,0.421406658685531,-1.25189780845552,1.08572520389001,-0.807803733824345,2.05668779982681,0.275320827724639,-0.661920018741957
0.353937155016733,0.654582933498184,-0.166840863942025,-1.03170725977737,-0.639914339976113,1.36998356930992,-1.76916472320381,0.25154688810056,1.22169569398717,0.19715501480934
-0.363642587399256,-0.922991341633727,0.627381591397569,-0.780218980756148,-1.72947381227191,-0.21480572247958,-1.99974810299027,2.06449563185905,2.42972523461972,-2.10622497520292
-0.622620702532157,2.43357444567128,0.663789864742242,1.12633410531127,1.10038375446299,-0.0972683575338767,0.358202108079293,-1.59460449475082,-2.24788046574243,-2.94496489641497
-1.52655432712921,0.96345159086067,0.809850058076063,-0.674176200233736,-1.50912993079632,0.602477241236656,-0.235981307873079,2.89798746839414,-1.94223834040923,-1.16154388353041
0.15848072142666,0.301745485112983,1.11277658528809,-1.47322324450369,-1.4131658345408,-1.41889125964456,-1.5535629200068,0.0430158637012105,3.21314679664843,-1.39182451657987
-0.282697280135632,1.1837386141027,2.25719363969039,0.82143444491406,-1.3279939030377,-2.05737231812278,-0.625433795510829,-0.770245541777274,2.49406343217125,-2.80670381726618
1.2003874915003,-1.97216348585219,-2.82051349069295,-0.58856183063675,1.48709139721397,1.44405639359562,-0.442388426511011,-1.08370362013276,-0.514332808837388,4.71996445295944
-0.974006657921068,0.313793570686896,-0.243981247059184,1.26005285219889,3.38247409153622,1.60821317451453,-0.754407547273474,0.890913626542353,-0.473911259606067,-0.397624830803954
-0.787767161186745,1.50603578608676,-1.74225793834692,0.375684675872881,1.77952324009237,2.50159572682367,-0.757860693412018,-0.373792977130448,-4.75350249318988,0.937954879062522
0.0448391075683536,-1.44018690063451,0.421355534743554,-0.502601084319402,-1.74672313260448,0.521370307143197,-0.260849718554285,0.789115629565644,1.54963747316325,-0.181172945613359
0.0265808784472975,0.269318203093979,-0.292478396881034,-0.0785887880783863,-1.27735118099015,-0.880612258919464,0.123873407914942,-0.1113392466917,-0.440216968310616,-0.3421564708746
1.20519760652762,-0.736192417551518,-1.92097711238876,-1.5339272668745,-0.786523241303192,0.538861481711113,-2.47422281382974,1.78321435278757,2.62357589779897,1.45766225094356
1.93694157774238,-1.48089933638174,-0.300438231297195,-1.61671059842129,-0.392568468243003,-0.955398649110516,-1.312601355257,3.02012180890019,2.51440054286223,1.07447541271785
-1.37205670218039,2.10195067664845,1.09345731371465,1.56580199044818,1.30099341888754,1.84661925070296,0.7693922994672,1.92998434950089,-2.88507238267724,-1.10956085413563
1.13887829313921,-0.399530343767341,1.00455888605655,-0.165416537209534,0.336047243524495,-0.462590681786764,-0.318041039840361,0.335156364430708,3.91882239215191,0.0261317921785836
1.47633747675772,-1.35812617412224,-1.78792968401866,-2.02054842271157,0.561070023523364,0.337368311902521,-2.2999620552431,2.10947966434695,5.37277578828191,0.605422428027504
-1.1687208381563,2.8049806721998,0.837875735366171,1.91671906763366,2.45524373076243,1.80054645667282,2.88706580397029,-2.61336962799191,-8.10872614792297,1.18753508364796
0.916734873401612,-1.21861082976198,-0.171160529236802,-0.315338955576845,-1.7486089408093,0.38951240402491,1.44798474450541,-0.00096162277606519,-0.744085704336776,1.95052592693143
-0.167607068959074,-0.909387865610093,0.341189405677064,-0.872346414667352,-1.89788089396,-0.261259135978274,2.07716011341707,-1.87802621504369,0.998253851776809,-1.37121744741446
-0.101327011364716,0.48467972110937,-0.335121312679698,-0.224296943114034,-0.481333954473585,-0.377724396789752,-0.121766954765525,-1.12855828405061,-0.653057026588476,1.11907630313086
-1.48518725267654,-0.815427830586365,1.48506193085277,-0.0341980712157912,-0.516549314589575,-0.833528914532135,0.341077241726665,1.14097919224939,0.340699116999081,-1.45257484646748
-0.425440302641584,-0.305894962418602,0.652609290948158,0.919524537763239,2.60710179413173,-1.59495945910046,1.06632059436167,1.23240164331223,1.00965880211825,-2.51631550113177
0.00077074832725256,1.43396026598261,0.877082896652428,1.06457584504887,-2.41865150679719,-0.0551495642310476,0.68171149789528,-1.63401144361259,-2.92459527204641,1.87536888550543
0.430276457142923,-0.313239758998866,-1.27522282879851,-0.0342813483474245,3.67651003857135,0.631428728336942,1.77044232592829,-1.81027136380056,-2.4999135713175,1.11042475820794
-0.257122454536106,0.699154634726065,0.52767314116174,2.33759849245557,2.15202689251762,0.429685236962551,3.11585073740704,-0.279576772367306,-5.09395902138204,-0.526371722391458
-1.12376430097703,1.61956379231799,1.55655003184898,-0.292195621900877,-2.10000697838589,-0.845677909530628,-0.566536764151887,0.239312099086943,1.20188627341783,-4.91576920506916
0.976686736365413,-2.37390340510185,0.421517830082023,-2.30893588112183,-3.32566983580426,-0.122354416760394,-3.67178060529454,5.55060230666307,6.63138814505199,-1.6835032413977
-0.380509939694115,2.7196105981646,1.22645168425801,1.16380366840026,-2.22825727191035,-1.66619060431041,0.58708785447411,-4.31328391766608,-0.313607586397617,-2.73896892450099
1.22792004791875,0.257306665376029,-0.270624355693135,0.676864481230609,0.814368883888012,-0.141820306229762,1.42130759678761,-2.40855832534507,-1.27466712159306,1.08096601695099
0.749799921193105,-0.172396336798099,-1.00835307570955,-0.741867713008427,0.619658959684215,1.33787108589573,1.41269896756067,-1.32149586148553,-3.3866739023951,1.47848644549525
-0.680276989673662,-0.0364110557914257,1.26786613577321,-1.42525948195132,-3.68092030754676,-2.08511332936323,0.0435240662192695,-0.7092495510285,3.17806675271734,-3.31705046830624
0.311247952721474,0.94846979310721,0.705533315898232,2.3016913350362,-0.118705356583707,0.999116810206053,1.58458053879925,2.22398108902785,-4.32067284038032,1.3221613607113
2.10837670529056,-0.809081986447571,0.814039198115405,-0.540985064546751,-0.211996190751732,-3.47773943163745,-1.5136628138565,-0.23213517323074,4.78071785387788,-1.28639013550057
-0.309081338971345,0.00268909189187344,-2.61720416112859,0.0965610470675635,1.6668553197037,3.10838564275159,-1.79722184180482,1.23137969664643,-4.55674406796867,3.91551648913741
1.96599151160729,1.28276224618954,-0.721153602855762,2.38755820064044,0.37169825471025,-1.25430916494829,0.419668086315395,-3.17592906113304,-1.60471380208217,3.26801858349151
0.136748902684479,2.37024522613178,-0.775839174451675,1.36562537956486,3.78451040819212,0.424544321068626,1.20854646897789,-3.19995790161106,-4.07414709636979,-1.21701143877214
-1.18945447192209,1.11963328839954,-0.436537504567973,1.52433655666729,2.50910059868941,0.452335457880073,0.847503532012663,-0.651786297176903,-1.44291531510589,-1.86676801554277
1.65525473177648,-2.19088175065566,-0.082077318595333,1.10333834395238,-1.33575213287352,-0.0686643282016803,-1.50911453740079,3.20639515749013,3.09762906843865,1.24374805035582
0.158474346269858,-0.329082403219776,-0.179990604413342,-1.66019687603683,-2.27759368440736,0.999991963869695,0.0532302267331107,1.54332924511329,2.32296971688914,-1.51378240742472
0.338567556354333,-0.196732163522617,-0.565062509074862,1.23382992365181,0.252317923687712,1.08786155510279,1.30491477869109,-0.441500570302442,-3.78376691728821,2.28822091816549
0.802961236622598,-0.863667448867307,-0.804587032547002,-2.26887386941008,0.755525148377074,2.26122217224066,-0.668216682218411,4.36430379474283,0.960386576304608,1.93640683867155
1.00836890744318,0.265417012453635,-2.39118422864491,-1.31728189839938,0.661855983312358,2.63564117870368,-1.12548439743397,3.07032602584866,-2.03455546914237,3.29698231023943
0.0707601622639023,0.529065698154232,0.5439450329369,0.487890528073536,-2.83963729091367,-0.647979198847457,0.285458638027252,-1.13176759911373,0.399029393426076,-0.498450214965607
0.869801556283032,1.56147622737056,1.29335780996379,0.653196529209782,-1.36544205250501,-1.11793086897769,2.29402677059638,-1.72027833254251,-0.453098515763858,-2.0143533112469
0.0396438244244663,-0.536519031475011,0.59304364774746,-1.03824451175447,-2.54401274534063,-1.13226377131882,-3.04209865082218,1.96235958908331,4.16702449965298,-2.09605837244422
-0.0830021617556102,1.64700905792335,3.31835059380049,1.06626253603624,-4.29595273100131,-3.00409315772437,0.904105103892658,-2.17652577310827,1.48272892954523,-3.58985016425522
-0.675017933994679,0.578933523248647,0.92443762978436,-0.70845960175862,1.09310203185406,-0.754328087306199,-0.145247642351402,0.990024082378846,2.12330048838733,-1.94837638485047
1.03650353065038,0.115185444467736,0.232762521411164,-2.08473382731679,-1.4980315442325,-1.76410747299936,-3.20347206977958,1.9580758047983,5.68691333549223,-2.028306432901
0.431661279346834,-0.238772513170404,0.437913391414621,-0.2426325697704,1.02028580674374,0.838611389679535,1.33960947270858,-1.46797260795767,-1.1558582771007,-0.830365660641594
-0.104059020822269,1.13585623589295,0.125297913972133,1.66352414424603,1.12262111064242,-0.108061169668948,2.340721128228,-3.60601413592261,-4.74757039620263,1.815213622318
0.153944184712802,-0.822413688424314,0.462485927100914,-2.80865277096905,-1.45406300975611,-0.262106868415105,-2.06937605961305,3.84299067590869,4.97648513170628,-2.79250035585838
-0.716689705427637,2.32731862953273,0.511358082839763,2.59816861331867,2.93903091152527,0.342941126264879,1.99579483173455,-2.86529661351038,-6.69259080304253,1.65133699963359
2.52474385928385,-0.410404156200718,-1.39379556079669,-0.897449575838612,1.83035811225741,-0.505773984459751,-0.5976477448787,-2.1915012244469,2.60353829889393,0.0478228074961259
-0.489416483761962,-0.44210812542494,0.691532341778479,-0.808663203344408,-0.758643304223271,-2.16795386058494,-0.90429035171947,-0.880682522657234,2.67394371396406,-2.96855518695859
-1.28803264989002,1.8236129404067,-0.283915073926939,1.78435603436508,0.72444897501137,2.84669109556136,1.78145369753455,-0.848547180118571,-5.27010238725373,1.26022292625736
1.68908799729475,-0.748814141785276,-1.59187558599993,-0.288179176944175,1.03389355827786,1.07058926810481,-0.783792137808761,0.876131513031658,-0.37459842882171,0.941022280823341
0.262215938778814,1.43669558689271,0.876372359091229,-0.108346240530441,-2.25399247538758,-0.86067941769219,-3.27296326206962,2.36893463077167,3.40609824538733,-1.37930009720133
-0.704817530222131,0.134707837904598,-0.182508401326969,-0.399406725247146,0.812726103614127,2.708877185376,-0.0693843952719015,0.107568802611089,-2.43200994553722,0.606605142559388
0.467935250857334,0.614995869321454,0.519646116505581,1.07948382402009,-0.411869891581829,0.44234627177999,0.671016419590887,-0.541168132710344,-1.80723512892179,0.59504640254936
2.20972378259104,0.846518304379647,-0.445574658681562,-0.16301060491877,1.57451339122723,-1.02157935653881,0.0769866221590097,-3.14933102713817,1.01285823061872,0.37664702964699
0.083504699725833,1.42612360256798,0.423151380397841,0.344407058546777,1.14931289665269,0.0679426655127295,-0.531100804684611,-1.60769440744951,-0.100533983666364,1.89160567155962
-0.670631346715513,0.796084994735188,0.254343137272107,0.147834238641045,1.3973570548118,-2.5606410415711,0.965295425450732,-3.82089835018078,2.15896325908055,-3.19805144233236
0.461591272219461,0.182757418118109,-0.149141964299009,-0.314980544127639,-1.48135133036653,-0.608280156653576,-1.5756482320358,-0.0829502470132254,2.69858681826029,-0.980807801812443
0.329801604159455,0.504500590644748,-0.231582247910298,1.19393268078717,2.70742635679663,-1.03589101233823,3.4168076786813,-5.87261294717713,-5.39537624621434,0.564083755036042
-0.877617229128979,1.41209844329547,-1.74859710573793,-0.649813828379292,-0.868387971182034,1.96117694548536,-0.630426032144099,-0.402837725006367,-3.18668929746435,1.99051161257567
-0.191438426329074,0.615114399377676,1.84218292378777,2.12711639173734,-0.931872619942838,-1.72980556198435,0.550702956634942,-1.15633657323389,-0.0490367194005203,-1.37944577633476
-0.642414332814111,0.798298367810744,-1.61025576757696,0.190219698957062,3.03085996639113,3.80056914892467,0.560215129668919,1.96649758024241,-7.49964026707276,5.13777463235451
0.281179351856283,-0.810470138792226,-0.484004767800303,-0.506736477985439,-1.04596459662182,-0.36397688451794,-1.39611623294511,0.563192507258674,1.03456091964501,1.3036408703774
0.40030380927363,-0.413066510359236,0.274351164082107,0.881224296619022,-0.728674395040687,0.900524650177543,-0.121008155598082,-1.01940315741758,-1.52502849532635,0.959676115105968
1.65395916761216,0.961128900787244,2.76730179942985,0.376774932917437,-1.58368775652144,-1.99140243662885,0.957363722781903,-2.28141703916561,3.27464135997876,-2.27703638700044
0.567341853745881,0.408777305711622,-0.456400272170828,0.206958149027816,-0.151239139633175,1.03749281944593,2.38975530591278,-1.95476291654323,-2.94276040028716,0.591861272643684
0.618934805748446,0.43090553022693,-0.636148871592823,-0.352328329521786,1.11245901741655,0.917148723677733,0.633536176921919,-1.71119282081995,-1.01104157966083,0.993039057727324
0.729568584399921,-0.23313818964251,-3.44479268530084,0.626425876348217,4.7318350010457,3.13431913291828,1.1445819115047,-0.79132328433089,-7.80632689722398,7.43447202766341
-2.24198170347758,-0.578170840952348,0.612832101725959,-0.129947669952373,-2.13028201585356,-0.0711003451146711,-1.02402814919138,0.237017564143713,0.27772515181004,-2.61338011364916
-0.584000961620703,-0.177347897363256,-0.092383425815736,1.41033745396009,1.90546557575727,1.4153572515175,1.67244432190299,-1.62586797155862,-3.6966874403942,1.75598899465376
0.28189829430975,-0.00198403822961199,0.40266297957784,-0.416281990088225,1.529306391696,0.840961925768325,-0.244541391613617,2.90818410474405,0.663013118762595,1.04155554480702
-0.745755881865428,-0.315001245567937,-0.924749811558224,0.859051322963543,0.612081553880873,0.357660579560316,1.19544080102667,-0.387885622978481,-3.73508274304201,2.04350583542329
1.33418169568526,0.495992726051488,1.17602870962269,1.72029612345445,0.659257023047322,-0.600499787529169,1.92428812426859,-2.35101525764265,-1.05128258619852,0.322284112392452
1.86677452196075,1.34605074777972,-0.955104493072522,0.715541914409491,2.21235156197098,-0.928636399249168,-2.49323080348133,0.421008589172104,2.19208386653238,-2.51627897207623
0.465228625310051,-0.366535668749809,0.4154273343462,-1.20725217696211,-1.48858810329409,-1.17071546344416,-0.548841811526629,0.252525447176309,3.89237704266525,-1.52850505348606
-1.57248887681484,1.55769275691814,1.95197757055844,0.617014327433018,-0.676363201182411,1.011688785088,2.03936640534981,-1.47637345258587,-3.4747781525074,-1.13688097974065
-0.844829178060073,-1.38993923944754,-0.634027150972507,-1.46574607081958,-2.63155294635761,0.52356249317431,-1.63024386183678,1.03581806026762,1.7341562766355,1.1752679069815
-2.46872404194055,3.43162192065344,2.4341327192325,2.95336685857496,1.25531881290143,0.47133759290034,1.24845629414847,-1.43765842604052,-4.47518679284116,-1.07642299213978
1.52204280537264,0.764482391339503,-2.67155444318849,0.237595597462591,4.75693022260268,1.38985925349725,0.289769732675246,-0.849602969928029,-4.76062963207331,4.0809838161644
0.970224067193729,0.329274353049467,0.393265083645714,1.34976734382346,1.93584943957745,-2.10478941574202,0.416778569944512,-2.04914492102967,2.63998804471534,-1.86989810365625
0.33564222330489,-0.932607568503819,2.07554924387726,1.88601456961914,1.7185646492392,-1.4653951154722,-0.367935362575619,2.99574637375931,1.58444471157958,-2.02765153890874
0.244564761118509,-1.56368204852596,0.427441661364641,-1.18543115161521,-0.265919504872729,1.85194832285977,-0.30668016698022,3.16568240579423,0.672839224211778,1.45489217368053
-1.8502876342655,1.12769272052437,0.596414963990283,1.43102531236436,0.227934984859086,0.756769531621505,-0.465110166896819,0.998339255993562,-3.09507262197781,1.10730110569516
-0.72403111198924,2.18800913179772,2.29533738148439,1.26834454124574,-2.0035594736205,-1.28349441336378,0.71648253265298,-2.06579009576523,-0.0184860499772587,-2.99696141639417
-0.326975238729403,-0.98952177147143,0.884407161510037,-1.68428530288873,-0.996812736929041,-0.387601701901004,-1.44770976020345,2.60475501296395,2.27987282384781,-0.332493910021186
1.8842399979491,-1.88261770332355,-2.58404868158182,-0.107217063292271,2.62172238295381,1.06912220504615,0.0521800182389757,0.701930569146139,-0.616960342573521,2.45021043353937
-0.522032313646326,-0.0791368593971511,1.31974970042666,0.73427659340243,0.180646486880838,-0.303812979064388,1.40517523666822,0.804944436803263,-2.60224008560417,1.7182145151814
-0.168576814255277,0.0604971728098322,-0.00702031182973964,0.297645553399496,1.15937741876873,0.0591652309912585,1.53786362895875,-3.98005646108291,-2.33733063423535,1.68759453113979
-0.26506499954665,2.07572263962603,-0.183406852779771,0.575679928302947,-0.378395532416455,0.533305493775932,1.22651313286285,-3.15494273868797,-2.01661162322364,-0.0816840474563045
1.41979389462006,-1.01145752756292,-0.599202719682743,-0.20949021042518,-0.265412199600005,0.797995662574893,-1.00750168996795,3.60313219830026,0.443452798209653,0.963040657407352
0.0969957508425153,-1.52632523101881,0.322843135785132,-1.83573515433356,-2.11419812724594,-0.465482634400316,-2.7152301403363,4.80567756615454,4.18549665319716,-1.22606050459601
-0.479398672313662,0.635886085848684,0.150039837796558,0.655665948846493,0.269004197505636,1.07024957831872,-0.295813610319139,-1.11229772554763,-2.46506859085216,2.25859452774611
1.37936428035276,-1.96153411455768,0.300013941435421,-2.98743628336331,-1.9505843435018,-1.86436479183634,-2.42042123519829,1.4245602145192,8.24732565094657,-2.90262568087368
0.124123358991395,0.617589684582614,1.67714670682667,0.420868924319856,0.47207158962587,-2.00774955358974,0.196354354184266,-0.748953396277683,2.27092596815362,-1.50782248032798
0.383536207508402,-0.299756568922424,2.14794500277749,-1.69669136626502,-4.03760503903451,-0.073338899824794,-2.52473699650876,4.12885093327746,4.86305119792792,0.10537105816249
-0.0369741545014505,0.521154720385576,1.64323257635513,0.6462403750206,-2.99111987025935,-1.5909291388889,0.426852497815283,0.277734349712362,-0.42506610924078,-0.858965533283426
-1.45226926727699,3.518291570876,1.42134295714937,1.93113145446237,-0.677186442805465,-1.55623531586128,2.19410662507967,-5.93526533797831,-2.0210644632487,-2.48079868428801
-0.0097912717432374,0.35589238263694,-1.01568379777517,-0.391601604808298,-0.163534294823061,-0.546907940851349,-0.79816550594148,-0.0352615318740219,0.465573747550956,-1.18381964143206
-0.254860622972196,-1.0939586820714,0.462319011003012,-0.984907586397454,0.558270717710223,-1.02812311000714,-1.60366617155067,0.161865792852365,4.57910448550006,-2.1512039459667
-2.70437123795652,2.27289990694882,0.260528374921632,-0.249488630305188,-0.221081666556092,0.172080213939533,-0.744832787593269,0.148329486211809,-1.57788164599012,-0.979200035316379
0.00909690526782697,1.04811796704314,0.650355747383779,1.34639009865015,2.66749316828475,0.629869305517342,2.15886847436357,-2.27457638855207,-5.0092014581802,1.21486561121468
-0.528343947080854,-0.119954007092929,2.62637686320157,0.562247809301324,-1.68223946185236,-1.06777675717948,2.0735108997223,-0.0791183596409163,0.701668607086814,-0.755565043966346
0.257428700119986,-0.0256986396136195,0.509512551390716,-0.832757852039744,-0.649669344347525,-1.37193379479971,-0.442013369294264,0.436492343925205,2.34248591781354,-0.648174155140819
-2.04445621021779,1.1511666558413,0.727265299277432,0.593512523546784,0.0523056066907457,0.491853292768434,1.07522758083362,0.743712496325986,-3.21804374502405,0.647171934561751
0.0831884172571952,1.94720900474652,-0.24687759857859,0.699244726218327,0.801100669809233,0.677971805037388,0.251677413777055,-3.0335992947884,-1.31653543353388,0.043052356899425
-1.4239415082177,1.22965706796686,-0.434352912965096,-1.44859376923162,-0.820341262040481,1.76587542413313,-1.55800677976966,0.944423524253679,0.38094835524338,0.494480814179011
1.34412636984085,-0.652526982170889,-0.547859803877009,-0.789771962822627,0.865161723001577,-2.05522757921492,-1.02773857952568,1.41285175967683,2.35799670835571,-0.467710502462717
-1.09865982263832,1.29700024396089,0.598705236812917,0.382443836616054,-1.44523279974019,-1.37207998786439,-0.0274718138798513,-1.26148311000026,1.37222157792791,-5.35794269081474
0.812780802599017,-0.289229535543126,1.74449329975626,-0.653046411786312,-3.20884544933669,-1.61574640044799,-1.15918762638501,1.95873369544815,4.13206568329576,-0.79936932564102
-0.854280313936544,2.27454239216639,-1.68475320994481,0.312052375687827,2.49107760359338,3.29795569729873,1.41134399221336,-3.02402833094566,-6.21882005737268,2.76359123201581
-1.06405592545592,1.24469566237287,-1.04589604287991,2.93185667349496,4.63210855384499,1.6476126778941,2.81744332435571,-2.12220746749263,-7.52619477258687,2.18395359305185
0.133093533312372,-1.28876467678893,-2.68037671230139,0.417539379931711,2.75479713054845,1.38686601969401,1.243604286588,-1.92603440176818,-3.76661915979608,2.40182095162176
1.28405754355826,0.835482599725662,-0.426938066420996,-0.372047119322669,-1.35077434478548,-0.722184218822032,0.287014786564681,0.200991331837406,0.531532071484109,0.0342986403264266
0.252215246559062,0.586802857811681,0.371140220314978,-1.65993649673549,-2.23172070019506,-0.765706562356856,-0.875451266488288,0.161526875516966,2.39203946269179,-2.99564409105496
-0.311415086153643,-0.745790505973963,-0.021656322752006,-0.456598794028227,-0.783844391685791,1.05028601201905,-1.86202554415532,2.9144328290875,1.30044481409049,-0.0733470281710618
-2.07825830077569,2.00937235066803,-1.55489334960106,2.14046383205937,2.99714459492082,2.16901033334028,0.955328023953956,-2.47872471503176,-7.53341457322389,1.85316234760837
-0.0580417110035696,-0.682327877178748,-0.472319813611892,-0.799659063403991,0.438341963001867,0.0618262022902287,-1.2005555809118,-0.20859898851325,0.928612708786416,-0.650689194829306
-1.07250861868842,-0.563664210251275,-1.53976305011638,-1.28495106413394,1.6100055731297,4.11291233738024,-2.74818573300091,3.40722483994912,-0.729888803479757,1.49356148532652
-1.18054304937918,1.63546818635742,-0.0486952230554628,0.717553049535302,-1.88273234497087,0.450235418579036,0.355353171133081,0.163559742141153,-2.75135475369126,0.9012343247845
1.02569576740595,0.0442696942920534,1.2196915164502,2.28422363811832,-0.546732806102234,-0.996391203652715,1.03892231313862,-2.49215835460915,-0.483535809027887,0.447335798568759
-0.69633013581639,-0.338776657057615,-1.3687513413918,-0.891554571399028,1.14343656800912,1.0211519456692,-1.0238735841096,-0.457304497114771,0.572485486279231,0.901302626635341
0.0383626478435874,0.427118029383204,-1.17634552112981,-1.48299626682741,-0.704572594054151,-1.20992215727546,-1.99261428230698,-1.45896560440905,3.24091869842239,-0.0299557358587202
0.0339108976121259,1.15870911257961,-1.35777498940943,0.31305388246773,2.15784409176234,0.531862870656002,0.581260441241837,-1.78780181801236,-3.16485740078914,2.98670744635011
0.184065713705762,-1.99566431772499,2.00360574535328,-2.14918518554881,-2.78806195953352,-2.12795248328475,-1.8231782997275,3.63439306594578,6.77306683099047,-3.52979888938431
0.214616608817287,-1.21183768912508,0.436670053821209,0.654089053648715,1.87799379111425,-0.126721984087571,2.15068757533495,0.088805608516566,-0.493590551857409,0.576164023121989
0.554046344626923,-1.19581727934944,0.357438667607999,-0.219858039516338,-1.25944437366713,-0.454890543700503,0.184270370850688,1.32095611844756,1.14092170442698,0.726670982733375
-1.46684089254818,-0.187978094225056,-0.920785423037924,-0.276431463597482,0.709702735717674,1.31909497898866,0.0761397331279758,1.31966371943776,-2.08455839351033,-0.201947858127814
1.30524350588057,-3.55418618351795,-1.00750109309295,-2.32603608214889,-1.72035188053499,-1.38636055427501,-1.68567467203213,1.3658965228122,6.55953666199049,-2.46888772279146
-1.51527933182214,1.62930469352095,-1.48514633191202,1.42743181973054,1.21995020684472,3.99944438675285,2.16386068648646,-1.74381742133848,-7.2541993857062,2.3889607600617
-0.169715292728511,1.55939759789572,0.839366275022946,3.09814720740775,1.51271650956771,-0.0693382795798324,3.83043376553718,-3.66446966125832,-4.68899993529243,0.979844823434325
0.467480627359773,-0.427213339839939,1.19833665927635,-2.23126285736322,-2.62294544348342,-2.61766589819431,-1.00058849547734,0.051481002023613,5.15053860796223,-2.43768237620079
-0.543612241006269,2.1446090443218,-0.00650054193953761,1.73667489958833,0.732418911219071,0.0581994695544045,1.43383810446161,-0.326944769839933,-4.30943331396931,-0.556581213874715
0.906833268863385,-0.73783706590762,-0.0465560782161842,-3.11494588106135,-1.73214344611273,1.69228769668096,-2.67133371149482,5.68109549428548,2.45616083191783,0.77460130675923
-0.754965681772264,1.34054433371962,-0.706355389906997,2.01108448635952,0.0355535566634069,-0.0586301019168055,3.47487264504961,-4.9561855404043,-4.50701402266236,0.541513572172703
-0.419737505301359,-1.03305987292576,2.4071875278718,-0.506412266775368,-2.18196990546524,-0.655944837978114,0.276872728376121,1.07792121345682,4.44578416950894,-2.64555060228168
-0.613761196820337,0.644196713419206,0.344748256173784,0.384468726078086,-1.16888585968365,-0.91592922593501,-0.0176905907912721,-1.75028009914783,-2.05636103207382,0.786707566080956
-1.18924229598703,0.185302113980897,0.120278460974442,-0.116407378773804,-1.95498093597649,0.960988376662322,-1.98101366768329,2.42290002298385,-1.19399753638704,1.74006398028467
0.0344742189474444,1.04513491398996,1.51540661153891,1.64074119233667,0.00744509071429886,-2.17575326433378,0.553306026528145,-1.40705540777831,0.46599754126916,-2.45934731807509
0.0741346509123627,0.879363364449859,-0.77815802225962,0.437565500841504,-0.0675491822195431,0.890380638892216,-0.206744155757439,-0.171385514743135,-1.76680871606337,0.118909939907141
0.560584438006167,-0.871560108598563,1.01283494789775,-0.426348842476759,-2.02123657569185,-1.54210774213608,0.872738763513665,-3.26234607632009,2.81890289293414,-0.796958936496057
0.724845211253858,-1.23465970135075,2.24072967013373,-0.0848204286514625,-1.72907329467059,-2.65395074316307,-0.741404694316822,0.941525948953077,5.9340466135648,-2.77897769792541
0.371019701518706,-0.0580812292637342,-1.21286311654101,0.831141876498493,0.985713496443937,-0.558784727520085,2.62288549687446,-5.20332853013507,-2.51219026745158,0.390455085871506
1.1577372160665,-0.0415222493021237,0.526785150946574,-0.440322504604734,-0.241041123118047,-1.02660934451595,-0.236434780405482,0.821461969021435,2.18797102537771,0.642837512009539
2.20047518567981,-0.669323170856225,-0.654880876888321,0.117875535459268,1.54837000720161,-0.331171369860976,0.700099200801011,-0.105007134506624,2.19170376087706,-1.11402384794314
-0.427653687481526,-0.67153041576423,-1.6180140674664,-0.616823242757523,0.405265883817899,-1.74396816117104,-0.521560249831893,-1.90563812954809,0.938838012817595,-1.22911287592093
1.18194969488143,-0.996140048571675,-0.520590323265866,-0.208532951184508,-0.197633074646764,-1.52110871721767,-1.40650938858736,0.904801752952516,3.96459131681421,-1.57111539731208
0.031190006365523,-0.808803936079752,-2.61020685483857,-1.14579856294721,2.32939032017266,2.57611883341585,1.07166847610677,-1.39052437201176,-2.27711337444748,3.16592285267484
-0.678474270648358,0.413233824201568,1.02878871998758,0.367511055287174,-1.54293740471993,-0.506290189485721,-0.702323649052293,0.721978983349297,1.02928350152536,-1.89856234709482
0.480994376843657,0.161933459111375,0.450914059010629,0.883182650037705,-1.31137982113324,0.391356696250591,1.07365382689705,-1.35222852335393,0.418311479661581,0.900218524241796
0.646318258994041,0.879785400001655,-0.23409417049792,2.44081955047331,1.71472252613248,-2.14545553855011,2.7811053820667,-5.46197719766243,-3.1362593480233,-0.668119965719557
-1.42325388423858,0.244281570674022,1.35677660609217,1.06912578571002,-0.751933599087086,0.825988827970078,1.70261136705605,1.43700529048858,-2.05705098666488,-2.58185512313601
-0.353312624998694,-1.28845231242796,-1.94326193296487,-1.10780671967336,1.62662130559189,-0.243382867732669,-0.704939813705051,0.856864614414759,-0.689363747018828,-0.686995115321433
-0.47729221212764,-0.215298770631926,-1.21769505044292,0.401787019864064,0.974164149366394,2.34539262533395,1.79875099353626,0.611082676913194,-3.83655926723348,1.44496319538518
0.178534284052292,-0.200158337689181,-1.17169698188009,-0.722212157783149,-0.134996540891373,0.521593525744994,-0.622072001635026,-0.221759710557918,0.395717104102813,0.283769738694198
-0.313173601809786,-0.313570634640806,0.78995537069913,-2.58875377414279,-5.07251337825441,0.670605949072797,-3.25076006919773,3.0287901867665,4.79692903567633,0.39564609878466
1.62077392070143,-0.315284118102451,0.489967372515221,0.101946995658151,-0.982503914451956,-1.74446991954777,1.48346161444729,-2.79109706703982,2.10534857051626,-2.17741993832404
0.406371751902708,-0.44231099348002,-0.263535240951668,-0.315343145052881,-2.03497739893174,-0.133922712803064,-1.81451858133059,1.95523021019577,0.59537853860529,2.85419585675984
1.12997883164434,-0.816926156534168,-0.729979277962316,-0.822169562763223,0.150298048533708,0.266134231728031,-0.304879841596716,-1.46629767348977,1.7227226312672,2.41901546897179
-0.686652711368459,1.22955609357149,-1.28670677789938,1.67074558804232,2.76424171826038,2.05997012339683,-0.253040288388334,-1.25859761129942,-4.53237585052252,0.852051876867521
-0.68075633848544,0.192119858705473,-1.31559842320508,0.0507307130983385,2.21881942970608,1.62795150761562,0.830196266263133,-1.74016765909755,-2.7505656194673,0.498436347338621
-0.514644969846265,0.732195739936399,0.648321963194092,0.884050922335989,-0.247848398428117,0.200534602488355,1.51426152376428,-3.28818085477385,-1.72937889182111,-1.28876457196877
-0.81723876571487,1.31998933518248,-0.806912923770226,-0.296770239579001,2.39210741244249,0.0848920969164788,0.476306062037506,-2.96675819390766,-2.24208239729439,-0.389114340023868
-0.0954264079125718,-0.718114797475813,-0.843503830856875,-0.985403336954373,0.845146122744922,-0.697720252008237,-1.44879068666692,-0.970158497849134,1.92204290696646,0.0672955613499045
0.323947397216548,1.63844497443516,0.402614428088956,1.81760641761647,1.50315494874638,-0.337776755911916,0.403473597231442,-0.979036297370049,-0.660899482136774,-1.45414429380139
0.781539336429217,-1.22177885307482,-1.39367739264707,-0.881345329919311,-0.136411152055749,0.646500892149731,-2.12901756744212,0.16521495393578,1.75714327062911,0.202169865147344
-0.608020437989308,0.0553832060630473,0.208720206883056,1.21488671255705,1.56484180037901,-3.14520176180877,1.07173463278844,-3.27969122187561,1.68384572287213,-3.22725794143465
2.07725077315904,-3.0343793019024,-0.76163683760067,-1.78256957489605,-1.21733880814267,0.221894544567276,-1.34054925815105,3.21610723084722,2.33194533921111,2.20447881666708
-0.803165936001516,1.16410411448462,-1.07514372178311,1.39600601383483,2.54412866301839,0.905417119340215,3.24083117221909,-2.18568902692684,-3.58149527394288,-1.81552251461126
0.249796742424263,0.491232035634191,-2.45903559352639,0.705749770036291,0.468785959678675,1.97048970915914,0.430050369437288,-0.352494894036221,-3.37599563274528,2.72841003741794
1.16022378976307,-1.47455675455084,0.590462856332295,-0.52971620963477,-0.990913471900379,0.0140429270576729,-1.46663519104262,4.2800874864651,4.0318479368155,-1.21343536618862
0.972196090889041,-0.166599744151622,-1.7349144965089,-0.602791742484835,0.133634429831865,-0.483033554627007,-0.586301126117448,1.35498160839639,1.02092269302868,1.3438825406125
-1.30894289639637,0.761045065655538,-0.307520994840183,1.74682397106562,0.212321906846065,1.12128641227855,1.40844437167375,-0.738374907305158,-5.45975699735079,3.00112043017478
-0.161582251877829,0.892500580941916,-1.14518233583876,0.267299618499154,1.51593855737001,0.537871545061772,-1.40063835913329,0.472480356259632,-2.0371825948503,3.21764967781856
-0.148984380059989,0.315449371672738,0.868658753672258,0.266734953940604,0.603528506949484,-1.2823174625999,1.83500908368295,-3.65576762968624,1.42184112018511,-1.53157254918638
0.585034515970834,-1.0845643819214,-0.145466533415765,-2.07038424287922,-3.11809322440228,0.406518285018309,-2.47068725417294,3.23438188245388,5.1089507844156,-1.99352236826717
-0.0621547137243278,-3.62931911778973,0.102638610608822,-4.25674916478156,-4.94323954213203,0.385225275211102,-2.8977645646161,4.83231801006397,8.09838459663279,-1.35363655417484
-1.85172383060348,0.733731123220059,0.708917895953632,0.0942838495085384,1.20370421657885,-3.0885731438051,0.874017853584963,-3.11086017756428,0.572081539129986,-2.73011806652238
-0.335177694200508,-0.0472717882447305,1.96880440377991,1.52745373544078,-1.46734011846824,-2.37842606242441,0.521955503921104,-0.50260375756912,0.870040694445964,1.45661163663894
-0.589884427833988,1.22033273990247,-0.155737538525891,1.21243281566044,1.06537534265897,0.578125120895861,0.462337848804057,0.432790184955966,-2.91904143433302,-0.0827974155806529
-0.788005888237758,-1.31906338394216,1.83318856123097,-0.904185716088261,-1.6461892627336,-2.18699534247117,-0.83829344418444,2.3777481663148,6.13452090646951,-5.23810129515008
-0.933100595980572,-0.443628798157315,1.28924509822491,-0.850618883947263,-1.17635124021167,-0.595504966218581,0.506182914519845,1.44139560820817,1.22865579795101,0.774643820199928
-1.1926885915102,-0.259900140991635,-0.574562724914769,1.52589221042963,3.00050906817193,-1.12168030531227,1.26007027276619,-1.96636654521495,-2.05233820756075,0.82659476614563
-1.21318492729178,0.867241334772352,-1.37591351995881,1.44332701197675,1.00970863147705,1.87689729240247,-0.0725309815561326,-2.47775996392257,-5.08339077312967,4.37921436725543
0.409491704738239,-0.00584690851651679,0.111044469866928,-0.332458113745441,-0.709809042588353,-0.236224109304483,-1.9223002725735,1.93854797808569,1.06581068540995,-0.493234594763663
-0.381923255152692,0.826100539982182,-0.520483725739791,1.77557532013122,2.79629477606728,0.297039133739857,1.99150673267928,-1.33803582344634,-5.22097414050499,0.854673267822525
0.866943351997348,-2.07385766248027,-3.43115986603704,-0.600105826846119,4.66187011143725,3.15979789528639,-0.743854546031749,1.74837180901733,-3.08815404138026,6.18308755754894
0.319671153981995,2.14947789627045,-0.873032268846044,0.449915115922278,0.193026910716671,2.74233763656657,0.773700310816372,-1.9445731988056,-5.21844461789813,2.80198626748636
0.256581054940254,-1.86350504046251,-2.49058859885415,-1.42826729525569,0.903772141171492,2.33448340895058,-0.702925856267277,3.690757576488,-2.42981314016001,3.17901830833182
0.743939732408877,-0.960435886412125,1.26403434155833,-0.769922978007812,-2.10771704246483,-0.997885465159555,-3.00022924923478,4.10424733622739,5.647328338745,-1.25155163867276
-1.60356178725784,-0.68589121532693,-0.556409745813064,-1.00463662737643,-1.25753965502458,3.4034236256744,-0.0227028928391465,4.51239254649322,-3.38909580681742,3.44322044354828
0.997311794363923,-1.85775991364438,-0.485363862012173,-1.01147728874585,-0.413187028073151,-1.09873607841614,-0.974331106190522,0.342884335734602,4.48461090139566,-0.797284834876097
-1.53073956587899,1.48547497773566,0.310628109049943,-0.0770376011959896,-1.2124743000789,2.49071695217633,0.61591077907054,0.69134793184761,-2.27990019542808,-0.725146160986247
-0.572816195046952,-0.598273179073499,0.187733603624757,-1.02150092941583,-2.36123360763871,-0.209898814235181,-1.27257449206234,2.85772111266618,2.30167348919902,-2.51847853690617
-0.92965213929743,0.752373080130058,0.778725774067239,2.01040114899833,-0.083793484758781,1.83408564058677,1.72156577080497,2.84009097006838,-5.10056914824205,1.30737994302507
0.223184381698606,-2.55325993064789,-0.142490220019427,-1.54648586282813,-1.56746172786966,1.35087893733351,-0.999198103774375,4.64004054914869,0.283299116375327,2.96527502745522
1.66284306919429,-0.0907481788223036,-0.835657073523968,-2.47956673654861,-1.45525685279646,-0.718024012788216,-0.902996744393572,-1.36516484070762,3.57687651721852,0.51901095990214
1.01518612499483,-1.83902620029354,-0.908724460929756,-2.65376076206582,-1.70441087708175,1.17551068240937,-3.1949338117107,3.74395912095475,4.91532501959883,0.134754461497114
-0.616704894742856,-1.07820943015103,1.35233804923182,1.00322584660177,-2.63298644943317,-0.0748520076339459,0.54582347119407,2.47453862850892,-0.807785562926847,0.235850949279871
0.234287902925096,-0.198424297719589,-0.275265685735292,-0.577219837974424,-0.0227787013625109,0.698044942373661,-0.904211464004902,-0.0947213971081483,0.17142208719172,1.3342241474176
-0.766220752075878,0.923475115481168,0.528515891897365,0.112084492232065,1.21560215889862,-0.561207023168336,-2.27702934620353,2.80132430434832,1.32814161513823,-1.66194722856003
-0.598194336988754,1.26290416659322,-1.73181109611821,-0.817313301304345,0.176323334174897,1.42604619640308,-0.810703718934637,-1.18193247334475,-3.18492852600381,1.86054211728671
0.571691501656415,-0.541869058655225,-1.89321789968389,-2.29308558233794,0.383384248393583,1.98196148590273,-2.01992257668387,2.26124378385763,2.0340911274425,0.905622497211143
-0.709683536794531,-0.738349843059761,-2.1183242807916,-1.09126881129296,1.26847767472658,3.23402678553878,-0.247176001740284,3.21102814579693,-2.65873426511699,1.55691685516469
0.522861284965699,-1.70880002357661,0.712065329794071,-0.641654411621169,-1.03527688681178,-0.197030550944569,0.300855582504496,0.779418200087015,2.45586875026458,-1.09647742088469
1.69884654069388,-3.17907631648067,-0.709776087234282,-4.86049841186208,-3.18702331813894,-2.10964287873323,-2.88458150297044,3.27198231155546,7.34521535375958,1.84408516851872
0.912924069696603,-1.75740308434701,0.61731298167736,0.185927623271074,-0.902654343929417,-1.20376899718833,0.874367135718005,1.96123872162154,2.00822094074432,-1.5753090302575
0.871841606489549,-0.658034031508217,1.52487443976636,-3.3338469684184,-3.05326226727509,-3.84322862465513,-1.47731189452864,0.0370200942019408,8.34784636292093,-5.16578734760489
1.34751354754714,0.476131186135553,0.809296861955004,1.81423818988458,0.25294160493551,-3.52795035695011,3.21474720002926,-6.29223322473532,-0.315117616474347,-1.18152475442499
0.913449006162701,-0.0864208237702737,-0.560837313520671,0.320275161252957,-1.1334708499006,1.11340875751012,0.718395632314783,0.599257963779514,-1.08675134225076,1.80127709987867
-0.365254334103453,0.769869019456205,0.66577889882451,1.72363569291609,2.00608813554641,0.499390629653581,1.30888739172794,-0.998916567125009,-2.51663027141905,1.72831763742337
1.04087536389128,1.91123900212107,0.802817491214097,1.02600432081418,0.0784498275753314,-1.36321874952494,1.64965406988942,-2.44747980595045,-0.265175009217031,-0.880553183290706
-0.261546496846801,0.855101972042076,-1.67144931725972,-0.222676331917339,1.46980523686436,0.919901513375039,1.94391345844003,-2.66002090233799,-3.96994321806784,3.49383557056374
1.7939749471816,-0.999016922919374,-1.24773540971563,1.08612236152802,4.36404609149956,-1.37507696300186,1.31078028020277,-2.04761520637485,-0.807050028949973,3.14954103126207
1.71054738399826,-0.428238898574192,1.32620285365193,1.35735855451142,0.383881797430135,-1.13308531670322,1.82278791751609,-0.700651321702891,0.823637512429676,1.6269026239358
-0.31491734391486,1.39098233099189,1.05397390449499,0.176219294424463,-0.986296295080071,0.554857052393671,-0.0889939151683974,1.30505386166496,-0.763440930017731,-2.21820437491388
0.682039351461914,0.564563640531066,1.20071554078029,1.75881186406172,0.263453759286136,-0.832727980255818,2.00731040276416,-1.88220654936588,-0.87131872569826,-0.0329308504043244
1.2392450397177,0.281258102333219,-0.279066584264878,0.656725813751178,0.0102293715142691,-0.569339513699528,-0.261809473719136,-1.86768299588752,0.798115210252158,-0.534877270399149
-0.724197325161156,0.497825055099825,-0.17280397927572,0.0413052359730888,2.03264372386544,0.344938623793161,0.485426577603029,-3.8306908723326,-2.0044497570628,0.498823575642406
-1.0194090560573,-0.0424995279936551,-0.241514946440526,0.576380759121102,-0.231338786870529,0.464469431547304,-0.500674108505283,0.590689588455782,-0.855106443773385,-0.881432900865809
-0.124691366795801,0.48629589190536,-0.0443906951906845,0.392646304339899,0.777005837014254,-2.26739941108927,-0.602920067997373,-4.16919551047804,2.24206950527515,-1.72995161497907
-2.07356796353242,2.11756209958844,-0.651442942024975,0.43005206003081,0.340570299284529,1.28272963085777,-0.0551518964075343,-2.33134519712378,-5.78525810808256,-0.593925184938033
0.895501205029565,-0.816139202490299,1.30118789822375,-1.40092356945281,-1.98840483890944,-1.28484684760589,-0.74265489929968,0.301847540441627,3.80222211819307,-0.940498562556058
0.476472174698394,-1.01831269094335,0.383825992484971,-1.55450572478368,-2.21676619455504,-0.719305186414064,-0.416769268906592,-1.86553316860993,4.41693109736617,-1.1135809805986
0.772034566258303,0.593728241764585,-0.66277286950255,1.05235811597507,3.14984730302266,1.70090109624341,0.10786476179459,0.943693174429338,-1.91738400430815,-0.199778564862563
-0.328428966663655,0.280988883328014,0.273674674939802,-0.546568543202519,-1.19106908103961,0.0897011781749429,0.854580106548421,-0.33224566001623,-0.120714757923558,-1.3353764188261
1.84998142743707,-1.32470996110837,2.70103650759316,1.00084907180666,-1.11141877011658,-5.23815050570537,1.30042227572291,-1.54471090567554,6.43220440590231,-2.61868982040369
0.121986883696045,-2.88584221093802,2.82309262430677,-2.49549982047054,-1.60503029852606,-2.69446616580695,-1.12129563178873,3.14455832099887,8.26041495167304,-2.96857819566198
-0.919787051877283,1.51295245622848,-1.75741073947103,1.11084977696793,0.0301632605328051,2.91695629527736,0.515220076787851,-0.545247187742584,-8.71529879554563,3.01923247266645
-1.30893478358786,0.720776402406515,1.42968930280569,0.687133099501989,-0.807613807739176,0.142970814090168,1.45271555014268,0.453736859927709,-3.16584536363563,0.645962266339177
-0.120175419755224,-0.611882711775324,-0.16069489242756,-2.46411517700536,-1.57673182728793,1.71728263948124,-1.85352454184231,1.64821448499427,1.29508597400531,2.0798874577196
0.123444656229489,1.42951105205697,0.598039514824089,1.48300878836791,-0.592552516179917,-0.82470874324963,1.01470439258594,-1.18152001362387,-1.20736687478415,0.462777544868089
-0.474350456579838,-0.402948494412569,0.429647402703853,-0.288064258418501,-0.527881894999519,-1.09587437449292,1.1546429742976,0.0311949195665126,-0.402537283334087,-0.427626272177845
-0.0354886643275012,0.745029281681981,0.646874342035986,1.03987056449944,-0.384604961851995,-1.08444018237271,0.768405743948756,-1.47538549833067,-0.76513123732301,-0.460091760419351
-0.245672698533457,1.26764469408822,-0.0186327825057281,2.11323245610288,-0.840892086924356,-0.0304140450766619,3.35504192746503,-2.93675998287314,-4.33305039647129,0.0860454369117688
-0.896516185230575,0.181029416827101,0.0890880611575703,-1.18619933627428,-1.49512990250374,1.09095673551597,0.653986009942557,-0.761730209658478,-0.470647620478552,0.669501979472169
0.482893255208424,0.375044735536429,0.886788638427068,1.32963890083604,-0.109590608584005,-2.11942531213304,3.00667738966599,-3.41860766333505,-1.4015153820875,0.277854798125922
-1.15478413770353,2.61286012472815,-1.04497513590453,2.84301080508885,4.65174956073021,3.14391420082817,2.40257257019571,-3.29304390557092,-8.70925023902875,2.74967941972586
-0.746425211480671,1.05387948636792,0.551574071917879,2.00216012395878,1.65059951561739,-0.885925881643116,1.50482848167139,1.79319050861433,-1.05008868120749,-2.6146997622756
-0.444526532419914,-0.712461575183811,1.25976115158163,-0.0197894701163103,-4.92752604150463,0.8830980652977,-1.26161867891533,2.57163036434171,0.668097643041583,-0.383703437033082
-0.563559192078232,-0.11754485684951,0.652900803800116,-1.34346291800193,-2.07084308782254,1.15379617867457,-3.73618275321438,4.0044229723568,4.98690184367627,-2.73238540314331
0.878462461867019,-1.32229592768144,-0.220043464418202,-2.9037918958576,-2.022426559006,0.851682284811115,-1.66446287224159,2.61419779513395,3.74291801162023,-0.52968474923284
0.457357910268809,-0.289598836062658,-1.21508087208229,-0.890398331590691,-0.215465281993071,-0.581050431338585,-1.8059909190236,0.833414392045399,3.00623411730087,-0.32622076001332
0.533399522341664,-1.03221403348582,-1.82722439341272,-1.49540489459019,-0.156021927420837,0.641463718612579,-2.64453071492813,3.93790062064706,-0.0438375679420828,3.07187184347501
-0.375224603862985,-0.151614373283631,1.13219947323619,-0.527719122831168,-2.61773303932293,-0.778336700210294,-1.03182364948851,0.509167133910252,3.00474338671806,-3.41492673694295
0.399311953263393,-2.06898761354735,0.129623951931393,-2.83724356224946,-2.61666807694798,0.663289662981096,-2.18178319001139,4.67068068756784,5.98347618285847,-0.326503824872415
0.363445901300112,-1.22628260024035,0.451677684298702,-1.35901890480107,-2.86620171779867,-1.29850345540791,-0.732221367008926,-0.0610046473111968,4.97370351486753,-2.30044673374546
1.62703801625156,-1.38233131091252,-1.41531291967474,-2.21096217876038,1.58591232402383,-0.550889308098092,-1.89382338333037,2.25548167903219,2.58351950155942,1.52845855711463
0.597663708572489,-1.17731166286299,0.923273442750534,-1.72307635040954,-1.99204174546539,-2.50595302760949,-2.57513082780448,0.581466718851762,6.8852388124719,-2.80679013073455
0.776686598479376,0.602023219610167,0.37366359104467,-0.518152012269235,-0.0550228539946126,-0.583205448825059,-0.593955682183507,-1.3864177135798,1.81543607634105,0.777999925652256
-0.800803182016231,0.767787689575417,-0.628593986289421,1.10575028361052,2.74540331512625,1.21416693886619,0.691467631041503,0.515793022328473,-4.26036944378813,1.04574595065297
-0.0210328686977445,0.0139141275548819,-0.256123315073118,1.54453987884155,0.563239736998222,0.514884583416037,0.798978742561874,0.111682478030398,-3.8563830666399,4.57997699758302
-0.0191140269918839,-0.0969613920597534,-1.34590574035688,0.255469167095902,2.72493494197823,2.45053157872656,-1.05666685145319,1.1401926688087,-1.96880130937311,1.49898828650112
-2.44704450862136,2.9891698284521,0.861281060200178,3.4606862469188,2.95298251173902,1.00914011774969,1.42164671451761,-1.84000597280817,-5.06894331191197,-0.804969482067764
0.684719120307351,-0.361797155788346,0.461197876921266,-1.96267413788683,-1.86356672142502,-0.770038392012753,-1.00833513692875,0.48053505166068,3.62818800846944,-1.77857473122346
0.151007106909176,0.602647581152131,-3.58655127487562e-05,0.330103772542951,0.700857370483664,-0.00183974307556174,1.32000197485404,-1.52998398187049,0.213203568297234,-0.873764441349077
-0.117670057492783,2.10630458033778,1.11300161523071,1.31016501938526,2.18468577763761,-3.61664752922394,-0.0719707479045804,-3.4652493083575,2.79887297025781,-1.69857807002092
1.43691277102041,-0.916815149800913,1.92691864575968,-1.08215860135508,-3.97388426413247,-0.382215837611529,1.31684983406948,-0.806695658759815,2.66575796372427,-0.794664223365327
-1.76917979045209,1.01612787955082,-0.89539163442189,2.09996617668963,2.2169026614749,2.35620974691599,1.4514953685302,-1.19877391901365,-8.40057479226784,4.31699941806052
-0.372056006679682,1.34877591419317,-2.42400217035468,-1.10654319661998,0.206834678089983,3.9093795064848,-1.6748633964871,3.15476741491301,-5.05595649529803,3.73675693362183
1.53566970556269,-0.748214182960785,-1.79712550685124,1.29229836616799,0.644751785409265,2.39372062865393,0.810320857257283,1.32114654340441,-3.38242693839458,3.55336661973899
0.0174459904992537,-1.38749317698066,1.04564373864351,-1.98616290458589,-2.55970343560307,-0.20950979243446,-1.5196426539633,2.45710102555928,2.75393743821994,-1.16093500850977
0.658799605995577,0.0115205349604436,1.39553170888927,0.850415036655066,0.8497898412011,-1.35556116156117,1.78598381089596,-0.641207995990776,3.15992851313945,-3.5201910392175
1.04626429414889,-1.05913919209448,2.18534179199008,-1.52624414945812,-4.00386648303871,-1.56116706336794,-1.96699446100595,4.69507873370811,5.98018584788638,-1.69462118357646
-0.692618403977383,1.56128063527867,0.402846965762447,2.67421762016396,2.00136454184438,-0.268971929343812,3.2289916041649,-4.79114546806229,-5.89552085230963,1.48115190975033
0.731778872765899,-0.468365420628419,-0.337592094990869,0.521161416650484,-0.941343001751689,0.588942390568473,0.785720915765132,0.769407762233143,0.395552077165973,-1.20080484104227
0.430864974161801,-0.145148936767468,0.242404615304176,1.0059120905393,1.47199079876529,-0.452703840059346,2.33669250355035,-0.812614493274755,-0.747131851744908,-1.08551132214304
-0.19890008596243,-0.728079447738587,-0.777584708965182,0.433347663375743,0.605861425317443,0.584176494139968,-1.45784244409672,1.82876061709691,0.0428556416625807,-1.03173950727963
-0.859087466189383,-0.131290770532019,-0.322294553983017,1.1370262872867,-0.273716710365305,0.183536396953956,-0.107038989665899,2.56882647405022,-1.77445190021383,1.6110245366731
1.35478578429608,-0.222111993602997,-0.0875419082192646,-0.703231031684319,-2.46411744027849,-0.706976268874197,0.18100157477165,-1.22821760976115,1.49893571897366,0.372169067767227
-0.423269684346077,0.112121464036899,0.413316837508911,-0.466441650314822,0.618075680324319,-0.463196644125955,0.888405835925458,0.413477303789846,-1.1466086627369,-0.173186511119224
1.01597761033279,1.31686102014685,1.80637430149503,2.53349954029735,2.6809088264558,-1.97939735617189,3.12378061717158,-4.72423831637208,-0.686553572358058,-1.8372235917297
-0.147547065221919,0.13574452237663,-0.738296266309831,-1.06198067513373,1.99926123493802,1.08603452409665,-0.241024031273069,1.62266247656474,-0.0483655376380951,-0.213145544329429
0.61544651752862,-1.05409790421678,-0.752740445657502,-2.10545007811939,0.927019049167876,0.430770356320413,-3.21881366107532,2.5638852106317,5.11843651144043,-0.18497567194523
0.855844046679747,-0.608136623363443,0.682518495123345,-1.57554086214641,-1.45042349337562,-0.0517441191611947,-1.38253261378204,1.06905893995974,2.83447594358844,-0.974069211250582
0.986788513745013,0.546531683857423,-0.543595594859847,1.28947539003913,0.913514944284363,0.704286836181197,0.885020131049609,-2.93014352353053,-1.57492836104495,0.430492367193158
1.01132111937219,0.593938251193461,-1.55901020138246,2.57368705887982,1.85208513787403,-0.166781814283502,2.99790790985434,-5.06174433937343,-4.02045610722668,1.96677109202802
0.695196303011487,-1.35611348810252,-0.539533165833956,-0.716670233260236,-0.121529530409006,0.466282667157804,-0.598546542803387,3.14460971038256,1.69909528003941,0.188203692693763
-1.29369511388484,0.0576822363039163,-1.48360211596178,0.826205518584419,0.303268386392958,0.0281055470912541,0.815370592945001,-3.76967702311763,-4.10475475340273,1.60926107845952
0.215418987636553,-0.144098712465147,-1.1406524796635,-0.820134029089877,2.62856496017811,0.719431940528073,0.0267450881991091,0.679729610722889,-0.928090693697662,1.50248514041375
-0.647241913875817,2.0726238752944,0.744037510218821,1.69491026423956,0.490134201212921,1.40378315914022,2.33609342010606,-2.19489613835185,-4.6510226074071,0.713048807585015
0.0932019037320283,0.382043949326974,-0.780869553076238,-0.586967537627764,0.44796522629095,0.727408198406475,0.56017173792994,-0.0780375890627746,-0.97610850081495,0.666576948852011
0.339555088116163,-1.34484185511852,-1.64097913422785,-1.27854519904519,-1.08641986265439,3.47178642659271,-1.23704238585492,3.59125739692854,-1.76251992449268,4.00347662246091
-0.427763481330703,0.710017171548008,-0.671405905395079,1.34165751878335,1.46007296177402,-1.16992981184229,2.52050351401536,-4.78435235145428,-1.96556526760952,0.276557740671769
0.171855316069356,-0.923878599586533,0.660883578236917,-0.883191095437343,-1.59915794718527,-3.40354922430537,-1.42150869925108,0.181446893123393,3.85381371124072,-0.545617875686394
-1.55200723436302,-0.089868975434558,-0.143460474037774,0.384073732785549,2.14739789564858,-0.401020983521686,1.19670397627106,-2.07419451566127,-2.84732666155632,-1.13321673494565
0.149985655795645,-1.26602317882138,-0.73087624872899,-1.35837772217516,0.354411745567806,0.326441280691703,0.602394613970457,1.47762663200019,2.1803398830518,-0.381729530827916
1.62974573398603,-0.302278388148274,1.4864144871625,0.568115432632093,-0.956728571094744,-2.77949679704833,-1.6845138272389,-0.967857758797902,8.68800939863871,-4.83291415283374
0.962955931745536,-2.79161028240841,-0.527094384296577,-2.47617018720736,-1.40783028354613,-0.358756558387234,-2.41763670529701,5.54511377132595,6.81937293827236,-1.48914672402815
2.464330540303,-0.0879364836192609,-0.121641392133913,-0.648231882207776,-1.65200876372635,0.755044002100127,-1.4344139963687,2.20602327901714,4.25946244430625,0.707928330055259
-0.318241737119494,0.816657909504677,0.618712924981297,-0.0428709361248555,-1.44476892832558,1.2634816808198,0.1703731617262,0.237944648997261,-0.641282211183126,-3.16899816488858
-1.84415831903546,0.821847143348178,1.49834854566192,0.536655047058241,-3.09339881554514,0.279060326285225,-1.02961014912347,2.62029927201085,-0.561131890987411,-2.40830279818112
-0.33114617220149,-0.697253101876711,-0.590159332823715,-0.939700816547064,0.131582964159261,1.71943389640538,-0.0484544363676085,1.19128439794576,0.0472703830800431,0.153344350253582
-0.54219690762747,1.62085727689861,1.60096572263958,1.77253123658326,0.324838616744755,0.498052646087085,1.35485878527557,-1.76936435945496,-3.00773268298564,-0.83414798702718
0.0928337796726387,-0.0638524056161128,-0.744798635871742,0.359103820243048,1.05320971518123,0.628647856497155,0.648934099118279,0.659124233016642,-2.12717860248229,0.863781959008084
0.286797844006747,-2.53750097685653,0.267518529490523,-2.56295084500841,-3.44486156149262,-0.662843038813341,-1.97392017582071,3.27859398490964,4.55864826585844,0.813922229927601
0.651261986457279,-0.62466624513642,0.459906644180196,0.142340324862332,-1.18595626836595,-0.00259789180845004,-0.844474077060912,1.2313348145578,1.73410023762397,0.00574857215067041
0.944021204742184,-0.797760953586551,-0.720303628640051,-0.815270095316589,0.817821507602451,0.59340894494455,-0.40015735254448,1.49705108652965,1.23052472746085,0.761169426820837
0.838397460883937,-2.0224739593,-0.49855552097021,-2.73894383576671,-2.27962010502062,-0.195566629774792,-3.3571355767478,1.7743007914248,6.68235263327091,-2.17074442053933
-0.294467310864574,-0.658331203368792,2.19296275838841,0.22492680388887,-1.43735236532971,-0.926035867159565,0.10880133036423,2.97440924886203,1.57557853441579,-1.00534321242376
-1.23918628400763,1.95395441515428,0.461648233591511,0.439444877197239,0.544327946201209,2.51305253469726,-1.62593007273966,3.72394945844413,-2.24154068361707,-0.0762613641344972
0.244476081162939,0.786318843104157,0.604140041880317,1.26455370245835,-0.982648516889598,-1.17061996014765,1.99811814302576,-3.09558643473205,-1.32658093906106,-0.104994496237662
-0.68469232318127,-0.324965584598781,1.1798914010905,-0.638754981422461,-1.29996301274585,1.69759048233335,-0.361951209571404,0.923382950422205,0.338446892593015,0.254663823841234
1.01631825507121,-1.62259479759845,0.099622497503252,-1.89609650115767,-0.485085012827452,1.2455802814163,-0.584087933280023,1.82781989720956,2.01215883642312,0.0342766698371075
0.330960735037574,-0.332510956030349,-1.30505358258508,1.65191331920436,1.86175885661933,2.20468239952049,-0.147998795647872,1.89895150741612,-3.77406950794813,2.59758269834379
-0.0962669980106135,0.816063429833212,-3.00670590630362,1.72147758180579,4.55787082814308,2.63682131078009,1.32676113014171,-3.46544281048038,-7.36645161939657,5.43803719500571
-0.76593272452944,0.0305485020069512,0.732551608239782,0.89623052435647,-1.8750242716119,-0.876160236209925,1.19692424938183,0.681245598403652,-0.34774893737519,-0.751474759318266
-0.179211630367389,0.426186090749894,1.39377529551759,-1.28682844808833,-3.03228257316617,0.00708976021175519,-1.04891852497598,-0.3951422004046,3.65864785432621,-2.03102195690776
0.606464960252112,-1.20281841041983,-0.0661911997585171,-0.11335312166097,0.265611661100503,2.21822587152892,0.542533482848092,2.64935463159385,-0.0576850847583558,1.53389973000661
0.456251615515301,0.874045739055195,-0.512341289202665,0.977029018865375,2.67958698018926,-1.15527477920977,-0.929418404618758,-1.24678463636336,0.630227692705908,-1.37229768975279
-0.836554472871911,0.511357892366045,0.477801840793658,0.409003226744694,0.381820585094145,0.796979937416537,-0.516265514867204,-1.6031041310657,-0.168357073618157,0.562778461137349
0.310302860772221,0.0780833238418445,2.23431735720073,-1.27469405833134,-0.963033273300783,0.327449362204293,-1.12097424031494,0.0588686248356886,4.00436185292429,-2.36703186160853
0.220262096533496,-1.33917355540991,-0.367762517301583,0.623198174101139,1.40128097573387,-0.575262326582001,1.68272991088534,-0.542061887122542,0.634630496501305,-0.624879968099046
1.06370453306602,-1.25128914425766,1.24427532457535,-0.969048391585808,-0.52279688725827,-0.312338149278152,0.0837801259111722,3.81763520586717,1.40311350601255,0.0963500376585425
-0.419807262043362,0.644686281718977,0.801810251190458,-0.735832918717359,-2.05242876107105,-0.769850733014129,-1.81119698515304,2.32883512975449,3.77322358284524,-3.06300393263513
-0.224325420056265,-1.1125223820774,-0.699046748784853,-2.46999095259735,-2.70336824605299,-0.661294997655412,-2.13054610233914,1.99221537209448,2.75409615944474,1.49970518889072
-1.86444784467648,0.569442911848553,0.962224266330273,-1.17121890683772,-1.83685991202261,0.326702112346015,-0.0193117614368811,-1.29568121914498,-0.723181522648074,-1.67252762999099
0.647858527887236,0.265742177385233,0.366053198830191,-1.53297159835948,-1.89654887014033,-1.55731047242315,-0.113487000401632,0.00290829682441276,2.06239416779666,-2.41495751706583
-0.4050156762172,-0.730086393747484,0.585698048932571,-1.12932135651567,-1.20777278028806,1.21689552169585,-0.114763476218507,1.46830052949239,1.82642318802272,-1.64599810379878
0.829155119460028,-0.218509662541004,0.592313675051379,1.89288175651094,1.50939625028188,1.14268915073074,1.64745466893846,1.47908007694526,-1.53931892244969,-0.513867498316644
0.62926032969324,1.24624262677492,1.78983939026608,0.219365945454744,-3.30023852773389,-0.731510084311724,1.07284482590402,-0.481440375242777,1.27156713725731,-1.41129256958669
0.0666777435776198,-0.918511098911138,0.253513429265652,0.363623235913023,-0.706604914054071,0.261703261544416,0.893266516185704,0.524596931994504,0.0253132179405922,0.0973498107897565
1.7761967842404,0.0898692786501124,0.644657152774958,0.509444094281599,0.756387149673824,-1.73255927989336,0.723579181230418,-3.21021050901135,2.39694307858262,-2.90551011950307
-0.029122476245212,1.3477568955054,2.19120030341537,-0.0938011359858039,-1.38902797210658,-0.976398837877323,0.462375799697975,-0.59930206323908,0.154872664514155,-1.34879232129433
-0.0432993779986731,0.944952751095652,0.858683265060024,-1.35727819979077,-3.21496224534425,-0.337185361946735,0.211302812887736,-0.180831728612877,0.796639885826846,-1.88924971106604
-0.980896175132104,-0.133966008553425,0.396719096085908,-0.732663339145228,-0.233206501817194,1.99285706169328,-1.69534649413989,1.53538136216533,-1.07177058235977,1.95149888119336
0.483605343349253,0.726774672613593,1.10406337343946,1.27802397263373,1.45602379188638,-1.92536466963218,0.79215462979676,-0.933449461744525,1.09262329925472,-0.71392334425538
0.382611962621302,1.33150246545968,-0.572948254240719,0.477209438710537,-0.244945954854965,0.0392718513687889,-0.421570186195978,-1.81009349230108,-1.34617589598182,0.0315599835011056
-0.407951900819634,-0.943523040912427,-1.22307300590104,-1.25989866260952,1.46838766996871,0.80759919667372,-1.84565177325089,-0.269619848049632,1.28464226765645,0.0622192391138887
1.63304310568132,-1.59536087598486,-0.605468016657072,-1.03699369704618,-0.468178719235859,-1.72616186178178,0.609032293448397,-1.08070311944378,2.79607654040339,-0.265519496318219
0.5530629386779,0.611001838621326,-0.169671728433059,0.705720388114821,0.200821464018994,2.15022342800469,-0.550532083998313,1.73481723844642,-0.850658920685571,-0.634612076765685
-1.36613768152976,1.73416685736028,0.0667261417013461,-0.662980564406737,-0.106026385982659,2.79753875253985,0.902917928836192,-0.821583523658191,-5.87022325742945,1.02328216745841
-0.820312980655233,-0.084330470240394,1.41754163201527,-0.270243517163387,-1.54477312625794,-0.965895881055743,-0.379347870373112,0.927175989126691,1.47766663259853,-0.633798258556287
-2.0393424304637,0.620596094582131,2.05598570007573,0.181968981589306,-0.329182810757943,0.984239602973638,1.49110699277572,-0.290680905996374,-2.65514575179532,-1.37901358702776
-0.706424910679925,-0.385168526790543,1.1938518329176,-0.189164699512408,-1.55123381244596,0.294077872065074,-1.25646275524018,2.05160530134838,1.60143992937973,1.42683693176053
0.472066018296344,-1.57393837483202,1.08791968100104,-1.97073859193894,-3.98633861907171,0.448204380782347,-1.18914276151873,4.929351328115,3.84064082235006,-1.6836384014073
0.305480551132011,-0.862523229441078,-0.982576662722518,-1.69995646641449,-0.538762818533635,1.82014571902624,-1.21750867944754,1.66590634707383,1.16246998644563,1.34352225423599
-0.919096313379508,0.303401611012404,0.424740295923,-1.91329047101514,0.861468481042643,2.06408610088695,-1.58198532756775,4.99985730110404,1.82425668638931,0.263251599943453
0.812421019220215,-1.9025234694667,1.29151590402839,-0.458786218938762,-2.2458673210228,-2.25830032225925,0.334146544434611,0.428679684218735,5.50781756610941,-1.89703792313285
1.28507958462713,-0.99031860317488,0.387815782085898,-0.878103820365916,-0.314520077623648,-1.98280878555947,1.13978553044944,-2.35033055129383,2.44171621452961,0.0368778895184442
0.0583048922087964,-0.949792112593665,0.867026854032261,-0.321709934070577,1.23548153584164,0.421635159469892,1.48185007335365,-0.0862719752980489,-0.785057806175653,1.75876068994728
-1.20197955277435,1.34953614796042,-0.908257456287824,1.17009633915052,1.80364831188399,0.283946435950481,1.63908768019733,-4.14351830780561,-4.89523517554437,0.281236194542833
0.517499816390517,0.188203195379719,0.910814095612733,0.759156035146887,0.402233325861939,0.00175252945840496,1.65040188486487,1.26914272664521,-1.48250350823136,0.89401185243044
0.129038336504113,-1.57096152657611,0.219014246717912,-0.440822467811989,0.788735403201797,-1.95886302833245,-0.314555517951258,0.297995395995567,2.53324320285758,0.324433189194761
0.672378726135132,-0.962217804237491,2.71456612329626,-0.741956842134868,-0.8543588479822,-4.62568275441394,-0.964952402459338,-0.0378079645397826,6.8164954776238,-3.4746651524613
-0.864849798123921,-0.403010467090127,0.244808737723894,-0.39862475779817,-0.0497982550258399,3.01124978246158,-2.23174960374783,4.63380505458048,0.971990276570648,0.299305569206085
0.578796719618902,-1.77835182548006,-0.970099044786108,0.0911138595495774,0.619368204769832,-1.05415562643683,-0.386635416588052,-1.83518300306879,1.93373511133529,-0.101651267133054
1.34289779897327,0.313412722022812,-1.04089179318569,-1.15517273680792,-0.295120400419517,-0.397901570746684,-1.15734920096995,0.0767933182762809,0.296927772979843,1.1489577060854
0.551559158531588,-0.107885475218936,2.19742734345389,0.307365503215024,-2.4038447006332,-3.26446112744106,-0.0448034430305681,0.495632538861966,4.88014409896102,-2.97632373255488
-0.138446231691068,-0.483311624539325,0.820444868131787,-0.641015050770603,-2.57497127532016,-1.02988604453792,-0.00679633777990076,0.104752030684827,2.34596638940764,-2.63606808117183
0.256640918694339,-1.27347721636733,-0.991089641746143,-0.292602052642403,0.111415654493717,1.57598127023017,-0.55349419584925,0.410209433706206,-1.20467527729881,2.20927838929867
1.28072274778658,-1.36214203913696,-0.54784789346736,-1.35868669432423,-0.00199624335110713,-0.946817590039706,-3.06520056603825,1.52994512178187,6.151190989428,-0.511362934936357
-1.52755831496222,1.84465268330513,1.4616215446586,-0.271781474292438,-0.596917884882987,-0.88565446714515,0.00850262740596416,-0.709677879000117,0.470825112849551,-2.28847670999878
-0.0754802881406378,0.500781047222986,-1.49212959319578,0.829103975271778,0.235262889947421,1.57539203402785,1.93646835976657,-1.79093712229871,-5.60330105079085,3.23526131347465
0.749906648354327,-1.14179878661238,0.570206400614483,-2.27834592346086,-1.19548258473644,-1.98589667570008,-2.44477161110161,1.41269465866442,6.13531572947205,-2.3280082354774
1.43754516550352,-1.16551293587162,-0.95484552755913,-3.61451851590006,-2.01168937839212,1.56051381770797,-2.87694548157817,2.50591574450215,3.22488512047079,3.09204032939212
-1.44438148773842,1.88466445187837,1.72159720665671,2.35106769257261,-0.912219402912269,-1.10734425657942,3.86373977517781,-3.90296670665047,-4.46995063021908,-2.45679246157664
-1.2069452920338,1.46160015348477,-1.35548591868607,0.00560271483156538,0.478098497370558,0.724793794963707,-1.04385795833715,-1.64080371410509,-2.5205111628423,0.509829795374361
-0.663978322827933,1.22972754823054,0.842428715149016,2.12481164161928,2.22691067992462,-0.763747516352299,0.719526457318871,-1.99421694742509,-1.36337254933506,-2.90024933703981
-0.276155468677363,0.28452778631843,-0.968479375995409,-1.19444711652817,-0.4861150654988,0.221398630588483,0.285418912102037,0.313646397852373,-2.27436173071217,1.08734559801317
0.473156538227785,0.441302231582886,0.480206162173195,0.14708697895084,-1.59105692280248,-1.38249886396476,-0.0114158722016874,0.53287618056009,2.37918808249578,-3.72320508744017
-0.0687609751868779,-0.412554323167166,-0.223368077635885,0.595358486096488,-0.225527870825638,-0.217202819537334,0.895589418143191,0.395504645928491,-0.0423498496016956,0.380317249510369
-0.936812041308585,-0.756943715256818,0.739236058152211,-0.291011098799091,0.0942479418168457,0.75541156167463,-1.45167787616918,2.45557210498377,1.11963770500536,-0.00423922565656554
1.16354304855546,-2.24957435117934,-0.251070475295128,-1.4455856724841,-1.36592335620843,-1.61861368350648,-1.13602415573368,1.00650526617449,5.00268773383106,-0.10173598972822
0.910083702421704,-0.460850909455309,0.326229484942127,0.630327961752258,2.7584343968607,-1.6993079407799,1.56405738730214,-1.811747732562,-1.11589259631293,4.13063910992456
-0.337624189367835,0.483278069062988,0.27611515631497,-0.170538499629505,-0.154420696722161,0.517137199735362,0.957643886077098,-0.559183297317962,-2.51152771384133,1.46444359558604
0.351693340934367,-1.34584601670254,0.0358041970374687,-1.75908960929076,-3.36326269142298,-0.849605599605508,-3.80469722496645,5.7720141705367,7.08888782579444,-0.459903471880887
0.471791011383254,-0.610553294743281,-1.35340842698333,-0.662779360349837,0.0272697407776648,-1.48473207889067,0.101673557749302,-5.13808754957918,2.63140035526549,-0.952366371784056
0.272551600641934,-0.575435940641017,-0.206280459626625,-2.11657234050296,-1.73952757404426,0.50303254379092,-3.03149543740358,3.73491248072801,3.1779850066436,-0.294036675906888
0.499334587827417,0.516834236304535,-1.55153640895803,0.815741985803563,0.958096801635492,1.85893595232825,-1.15856179453525,0.698705035314617,-1.98395838730841,4.41532577636006
-1.67795061808282,0.226388290579975,-0.401039772394242,-0.284817495512408,-1.87548415932621,0.766167927860112,-1.05950883705075,0.0410641227719891,-2.41255704954777,2.01697056803173
-0.488923111916189,-0.0414392280991971,-0.442912654750693,-1.58595174466306,-1.13650463693817,-0.441884513792924,-1.37846000964261,0.298203402398652,2.36548938760825,-0.950853371700855
-0.328477714067855,-0.518391182863747,-1.56818497908386,-1.12892648805392,-1.36329542467182,1.68793096714203,-0.333568854761737,1.23903968653651,-1.28219285410311,2.05197941388989
0.21113483386639,0.281206996975153,0.239647262035149,0.532194813274897,-1.36249115188382,0.680524600164513,0.662346183804293,-0.0995713399211501,-1.32290168589573,3.14827352245735
-0.792919904436782,-0.0282659581074804,0.82885419520784,-0.771859175031711,-0.838434271151031,0.56966878861947,-1.34772223499532,1.60167794433202,0.119129428112308,1.59120473648662
-1.77340025750659,-0.621927797118502,-0.933165247696434,0.484935868907678,0.00845157512427799,1.24009648154601,-1.96686034351962,1.95013032640867,-0.980575945946998,-0.576922003946928
-0.397874462122901,0.336445938890207,1.7029929580615,1.7223704283824,-1.63815470332494,-0.874102822539229,1.35482379488363,1.19218137220337,0.101952513491958,-0.871785475960216
1.52783822027301,0.12666720370404,-0.62862913808915,0.778743290037211,0.720513991937192,1.21448474174655,1.67754321888049,-3.08937602621789,-2.3696085001234,1.15786161684347
1.71839365990955,0.109439417519899,-2.077709573483,0.32936916024799,1.2266869832371,0.594984084494122,0.973870466762021,-2.678281433487,-1.5609045068575,1.4559361582352
0.196966452453945,-1.41796115866736,0.22197397317773,-0.311477908613194,-1.70853775845671,-1.84232486871511,-1.54864618953147,0.588151191745144,5.43784869905358,-3.85570512515852
0.112048324503997,-1.39357648574902,-1.22979662553864,-1.1595454104874,0.480574838163677,1.6993265162993,-2.46116989920842,3.71905263431078,-0.703654830027904,3.13701895296529
0.783498066362527,-1.17030743580776,1.78343263339577,-1.33427077139511,-2.89549726862052,-1.51205512950286,-0.443997224332187,1.07737332968892,5.30112563995983,-2.22834587904624
1.25073614076108,-1.7695903076915,-0.611577214601354,-1.26321327139893,-2.61291552129123,-0.44623613037712,-2.05415822943571,0.660106145625133,4.97168185142449,0.388646307201783
-1.17104556103003,1.32184232771886,-0.363387614985197,3.51918931401615,3.13824435005559,-0.549351918993772,1.95079220690575,-2.63995054242069,-4.5966857690774,-0.761696355467678
1.87264134610718,-1.03624336281465,-0.692187002884754,-0.933702131832793,1.01076758536135,-1.47315078462171,-1.66454262889828,0.622842287709974,4.62837938196085,0.651241007614719
1.12451093290411,-0.383060768869197,-0.0162572298714492,0.367470711751772,1.13270368394305,-1.08945803955247,1.01083436000479,-0.253851872323781,-0.757201151998005,-0.602615924383889
1.04572891684282,-0.743817169218913,-0.304232267227747,0.0599544477719058,0.303669304543823,0.419881567704245,-0.709041003411176,2.00313846582669,-0.713605677376619,0.903061667365671
-0.558100836846056,1.28077282172557,-1.23282551669579,-0.0837832732319935,2.63359494548832,1.62239890715121,0.745815248699579,-1.33067776808472,-3.58765269712118,-0.445042466718286
-0.238409837810479,-0.598611543028616,1.04211131720099,-0.0545888706648723,-0.591812146923548,-1.36489465108439,-0.580461909834673,0.317128105602595,3.20877525272703,-3.4327957101682
1.54412304790684,-1.56567096756223,0.628543351527542,-1.13483731119282,0.0532591572253394,-2.17129845578776,-1.54229761878003,1.30504863822723,5.05013164315576,0.319941927398696
1.08423366331905,-0.958181568082562,2.09313706386182,-1.51646137427661,-3.82644690689125,-3.98081793194448,0.100768973429761,-1.10787227920552,8.19105444823097,-4.06075682511885
-0.949519535161165,-1.58764530661251,-0.0939842261087298,-1.83271507240238,-2.35090994148544,-1.24845956634071,-3.18086905754347,2.13313278154364,5.63045679980397,-2.30500260748354
-1.30019462611037,0.0392591036552481,-1.32004330796901,1.73294191042025,3.02534492267557,2.42633683226986,0.363354548478519,2.31477067883205,-4.86614246964877,2.50499102817048
-0.121393778003032,-0.298074888300762,-0.790578979309297,0.290862870780007,-0.210968261917528,-1.49196868346756,-0.302168606886808,-2.4822912686158,0.382559804284988,-0.176036846125801
-0.479682314547197,0.58960886219579,-1.28509311553329,0.460636835322688,2.07955598726614,3.3517838029035,-1.05854770923205,2.87209785863464,-1.98071119468724,1.01998178952875
0.103277504882068,-0.980073103918604,0.147385367054754,0.569668248949746,-0.768354735122893,-1.20866367815859,-1.01989565376089,-0.701452504739412,0.270252395042363,0.518520336692702
0.188846034629641,0.0522721940468616,0.916808350875568,-0.126883488837964,0.46007590860459,-2.33973350929313,0.860692217215735,-1.2427173530008,3.55403442627026,-4.10582692869707
0.738142679210874,-0.536732762590488,-2.12750564470916,1.56701742590089,1.63840957506843,1.36241171402717,-0.236743879587307,-0.618465996952417,-4.89904941795299,6.05244329216325
-0.463798194709765,-0.521407330880944,1.06245236155405,-1.06900190689126,-1.03954534227925,-1.1616610008781,0.351783111490318,-0.46286364811098,0.637374892428567,0.691656375871337
0.934645848168079,-3.71620974819024,0.31115555204664,-2.92601641393793,-1.39920023664848,-1.17683407391393,-2.49323802623734,4.3183252421088,7.66109457989709,-1.1328634638434
-0.794448475953116,1.25947640969623,-0.0392233548953098,1.6997073877177,0.419521907912961,2.37988303580708,0.959960507270597,1.44144851631798,-5.722972324333,1.92291065746193
0.573325946446115,-1.24497994912132,0.71719293422073,-0.0807681087237637,-1.10804116961521,-0.54353884805122,0.824531779886757,0.0469855709912385,2.14187946463316,-0.878951800257577
1.02162009212357,-0.244239238381675,-0.569347206417252,-1.59500242729114,-0.444323105518357,-0.112776116629769,0.343971529066874,0.37498257342726,1.72330607664191,-1.21666917716853
0.0396379101425142,0.133307799486064,-0.0422309481939927,0.737361969468843,0.355648721874417,0.367093611920417,3.46932993792779,-1.7006635931746,-3.4548811987696,1.09328328272462
0.846215374227898,-1.14886706369516,0.189880690072639,-0.157990550072097,1.08740830171896,-0.359908270891671,0.758890187452843,0.912134913727514,0.57104944863209,0.377697164586478
-1.03498486678354,-0.0505057920383587,1.181432217086,-0.523815017202491,-0.508537294168704,-1.55579914630801,-0.427887014381829,-0.921763571504973,2.76756641793556,-2.15852991526855
0.698093716951855,0.883647514505942,-0.397258969744121,-0.151227299967048,0.761228936371901,-0.402163732688091,1.37552036231362,0.114631662802154,-1.273708942842,-0.580610085798288
-0.40932218637133,0.45837021733476,2.1192875067907,2.20247767928864,0.35930145538962,-1.20164200724019,1.03312405462879,-0.952784953721749,-0.319876712675511,-0.667294948895221
0.863504090666876,-0.140067439408519,1.16734812099332,-0.0747491537154363,-3.13099892388936,-1.74233687263988,-0.363811359452704,-1.11747269146818,4.1810715586561,-2.14603916399044
0.279382257239108,-0.267277491581287,-0.236043662225995,-0.0158525310460879,-0.713835019763574,-0.241812778888586,1.75345944810886,-1.80819081468677,-1.15064870095325,1.13773281956176
0.298493095814014,-0.855928894376471,-0.192055754350993,-2.56510144695891,-0.48555065539301,0.595511878396574,-0.772120091484619,1.64344984125417,1.97904527596676,1.08449285335586
-0.542336604344347,-1.23290515244344,-0.641797608295059,-0.975849880364468,-0.518478539665383,0.491176355633584,-0.0823732845441574,2.40739844824296,-0.929776970023211,3.04896807153135
0.817553704133659,0.492292243748791,1.88315148709346,1.28953706073136,-2.18717141951354,-1.04161942576941,1.18174462232062,-0.759530866432321,-0.775487210470222,-0.620403631437615
-0.259088739668302,0.370103999521295,-1.15864068963878,0.502813683333324,2.32881525210155,1.30437584803859,0.58428915280325,-0.440807778175951,-1.4620247291759,1.12133636680859
1.2073256231382,0.214016058482837,0.388118561283704,-0.0800219115547259,-1.9197163722012,-0.445128738775341,-0.690976468615866,0.587402192473347,2.89391723478831,0.212460007579753
-0.0199628633695594,1.64360374447692,0.250591963058093,2.02830803137968,2.43131062862794,1.09209616432804,2.10461491462793,1.25993747086854,-6.03493055294781,1.15790657651776
0.0224910618947661,1.38745461884357,2.22161669367915,-0.30552519083075,-1.9881695746684,-1.81598898758987,-1.89485844031476,0.492031580092529,4.02115960517348,-3.21214395121439
0.2076302914708,-0.274448182071731,-1.4269676605307,-0.275717827849488,1.29673723864172,0.665266972890561,0.950345076373344,-0.364728441756873,-1.49140651789686,1.46048596426219
-0.547518060610738,0.257516011528297,0.36618026760114,1.359337110361,1.81190346279198,-0.18301179464251,0.443092829791505,-1.6502594659531,-0.63006788435064,0.873433415645691
-0.853945105027532,-0.81322455635329,-0.748461801478934,0.273643199971954,1.40293760383088,-1.14739633840908,-0.86033363701686,-1.78384829546382,0.882989319466708,-0.115702304627831
-0.181533196339348,-0.442348301792946,-0.0130065010866363,-0.18478047771339,-1.29207127380454,-0.827944661850268,-1.24331367252894,-0.449138382352276,3.06332008401714,-2.96979372781075
1.11487502543951,0.81341981984457,-0.654157282890748,-0.936861516626331,1.48972217748715,-0.994270296794945,-1.15482427182294,-1.17498970713804,1.76291372955513,1.31807069724926
1.48281033695135,-2.75956185222865,-0.717526309278688,-3.4791942121623,-1.19001212061346,-0.219175194885335,-0.72013698414469,2.22269943829493,3.83594809873163,2.19644370511992
-1.18134619562667,-0.977718318955374,0.263164283862413,-1.46140105275564,-0.143945891964131,2.02717318904875,-2.46783272908951,5.53815271625749,-0.276386939948957,0.70116070135942
-0.579753572825069,2.33784840220881,0.907746146554773,-0.297968355948934,-1.72224860352589,-0.792661950960716,-0.922963152343693,-0.355433853394524,-0.945213673232671,-1.20350128659102
0.846696544863285,-1.56407399361711,0.667963721010986,-1.72980920623768,-2.42235334633958,-2.60073910494622,-2.34820613458562,0.741007657081253,7.84419105314693,-4.20753308366683
0.607387063723376,-0.0639323608555728,0.0327686606850817,0.943203956457276,-0.0842823099724334,-0.946880288872901,-0.153639291706065,0.584282974326138,0.164301474315897,0.408263201117788
0.808706621291804,-0.648028174973905,0.254577592895556,-1.67079379925814,0.99371660345698,-0.135507180874733,-0.803634080617,0.560373646290783,2.16034455206641,0.868590529710772
2.27701392174761,-0.5599612121728,0.307168586687173,0.0639013409822146,-0.455855040404483,-1.30658305449274,-1.11646638312761,1.30479499452195,2.92780038571033,1.05448286690712
-0.519990553260269,1.9957767230204,-0.162240022819149,1.54749204502395,-1.19186148942918,-0.44779639969462,1.52082346622047,-3.21754702486393,-3.69063417244133,-1.58733242204587
-0.438659326797559,1.21996475054967,0.760601491623725,3.2545979030186,2.34000844920635,-1.25880153470097,1.68670527319596,-1.08562604930117,-3.98185977621781,0.980690651054782
-1.42318252803788,0.211242219873564,-1.27443349527167,2.74380097116482,3.40153096007984,1.36011901092333,0.56801697281836,-0.908276260248461,-5.58343908898112,1.31327621016114
0.545812166507784,1.11631688934393,0.440213172939604,0.940045882714192,0.430124402371192,-0.876917660445427,2.39710212629165,-3.68778900540662,-2.12284520051842,-1.49560272204597
1.10735149851021,-2.33296547176372,-1.56327909916158,-1.44499217057732,0.389237119670254,0.120787291363013,-0.778985807211827,0.665387262414812,2.76459834254966,2.50774723020977
0.915995385471125,-1.16455287837604,0.385684570304435,-1.77986788867803,-1.88734449859523,-1.55993102240439,-2.792940255189,1.78607434578315,6.3712293277682,-1.40926917328989
0.963551217761042,-1.48366031541841,-0.768028172722155,-0.278955507662345,0.367216618180367,0.172938489878254,0.227939059723399,1.28303672523374,1.41038108049422,0.179365319299259
0.121428969259303,-1.29396409543805,-1.48452824353066,0.0732603017165484,0.0524261548732252,0.388489657814465,1.95258827360951,-0.673039701054041,-0.485601157686073,0.283879276927781
-0.476671697286534,0.506815482153783,-2.07833530513175,1.40355045684487,2.73127409999242,3.33194201048037,0.990139983304326,-0.150236104990829,-6.40856314134879,5.10438163072772
-0.237462079450913,0.270865487766172,-2.7441847286772,1.4496571837636,1.75793456868281,1.42360760922398,1.47880635783352,-2.21091553312761,-5.54563413259366,2.70193299696202
0.658326436793429,-2.10068310625196,0.847993811502878,-2.987606277132,-4.18476348575646,-1.65741692278612,-1.20586640486772,3.22141537111729,7.6351093087021,-3.43323790185077
0.513511859496014,-1.30227277332086,-0.209091769971198,-1.5740486183292,-0.0696469152080564,-0.679211923434329,-0.145721876520687,-0.912607472998456,3.97722649932197,-3.9814994186383
0.69869410914845,-2.2035323663159,-0.592095289162936,-2.00571896674947,-3.90812764299172,1.26631290211367,-1.34099342970504,1.75229743117326,3.06291991429702,-0.036316779423708
-0.748752169912216,0.735678829343792,0.203957507496739,-1.45013220445136,-1.96900990199214,-0.337038642871674,-1.76763446957635,-0.00864661511221459,1.6583799356262,-1.24008723992064
-0.282407685837112,0.50464363469484,-0.61267656928017,0.132778538199806,-0.823806643653388,0.246531590573702,-0.779850940641265,0.428062792591649,1.34352734776626,-0.827901266940227
-0.387809769869986,1.35037622221622,1.6115665935683,0.465769048575796,-1.84607973538875,0.211019445714165,-0.426414543417873,1.12063941558802,-0.267521469164468,-1.89417413350547
-0.919655794808726,1.04132387624672,-1.01247357612319,0.988811575502379,-0.681573074289528,2.06835866228152,1.09696647035917,-0.710309889391008,-5.78247347986543,3.98953534692023
-0.457073060669176,0.623747132754728,2.40062437661306,1.79447343082933,0.0689277531872075,0.402082330583307,2.96643654252751,-0.741793246145469,-2.56382056459416,-1.01623750318465
0.533626175179344,0.752510435634784,-1.53129350416231,1.08898341631931,1.54824699286931,1.26581633583286,1.36144108660765,-1.14559051712589,-3.44423982100498,2.08054070908
0.14898026013272,-0.586134013079609,-0.62550788472421,-1.56847443934678,-2.65304113914346,-0.423213391900337,-0.0210080667631734,1.43320792485092,-0.0394143056318607,-0.93701621294241
0.048301643648477,-1.27950125676219,0.0781551544436285,1.19934149002936,-0.23422313164416,-0.523579645020737,0.494363628646513,-0.107404334733765,1.28218221409147,-0.719974964615865
-0.0659621165049465,-1.32874683305715,-0.633602264394987,-0.803607918647999,-0.288126992012377,3.95348622747013,-0.561383491904059,6.76203615001259,-1.30111514949711,4.61292018710408
-0.54764450486013,1.39418901545961,0.197270229376149,-0.629633975510315,-0.112404159630563,0.841655012395049,-1.4419782355612,1.43520786293128,-0.179122057548233,-0.291138221569295
0.732729192327533,-0.410388568789552,-0.728247430771239,-2.25704755469515,-2.92864148428592,1.77022881041934,-1.44685090731676,2.07604941269974,1.23905090243792,0.29457049806219
0.114996755399005,0.371265591443794,0.11850514963921,-1.97057577630235,-1.37119845736741,1.68130517424805,-0.661469563352879,0.208066530453934,0.583887045254939,0.686868368084109
-0.829011749251064,1.8787136426693,-0.802972135213473,1.34343968093075,0.801875532874187,1.55517974246744,0.775332289920884,-2.02760758700519,-5.56236498732724,0.520026115007954
0.384876557852538,-0.0367345840134673,-0.0370488926872537,-0.952510739097036,-0.385205586678196,-1.0373000856474,-0.143421529074694,-0.590177407436565,2.55338909802407,-1.18920470401813
0.308665661841858,-0.0680205817581853,-1.10894246906806,1.2418769121059,2.45335662201995,0.0781385046719468,0.595250971158455,-2.51023393521246,-2.23785792825181,1.58854822618384
0.275348246395866,1.11705567331284,-1.95681317393816,-0.793786466012424,-0.447922994875936,2.42257733648152,-0.951764259944994,-0.74102072555691,-3.76010649033363,1.8075260629928
0.0376517646479646,0.404404290043569,-0.215743804853709,0.11838319623132,1.97544019381147,-1.13195067772556,-0.551801055593126,0.097404593935775,1.36411596669046,-1.30411959781327
-1.11670804784679,1.68405018965186,-0.490111898294282,0.334058708202945,1.88070520054023,-2.35186822209585,0.600828627909267,-4.86362448539779,-0.212143604624576,-4.91278083266191
0.0822850916535617,-0.471948839715868,1.00914188342067,-0.195528822577728,-1.21659087215319,-1.19005061047506,-0.326124411034603,0.338016010820557,1.46568723134195,0.509462194102287
0.383755749707062,0.0596066159288055,-0.151492956571963,0.922132292241699,1.49771603549037,0.953077000350458,0.981969958031521,-1.44494703387227,-2.8829171844167,1.83591728638762
-0.363191451943117,-0.323494143317109,0.808103333466142,0.359990113662258,-0.512686204674128,-0.131388314003935,0.0563563316098461,1.64427869777505,0.261804844155389,-1.22580807306974
-0.467057612118868,-1.3056133993359,-1.37899105740091,-1.41734639746016,1.27351300647331,2.41868683013178,-2.57020782637978,5.06247652877587,-1.45343846767622,1.86221799141035
-0.358420740692853,0.403643140647513,-0.899829187285531,0.700046139296902,0.558414181559363,2.16448522268462,0.00936011986321007,1.90303680900751,-4.46016525890499,2.81659921828885
-0.304413351154093,-0.0227707580289108,-0.565833601651035,-0.932105592819342,0.336370363781148,2.6508248805224,0.490602530774705,1.08617772540599,-3.18724095685893,3.56748609070765
-0.786990822323952,1.78044706230892,-0.0719190707025879,2.8193825334666,1.85500537155345,1.32830953123779,2.89260263146958,-2.70273893467425,-8.36944861274983,2.36947994620301
0.205468506080682,3.00924626968429,0.934138938734729,0.622708422888707,2.13706762906857,-0.464858467989521,0.334831533167469,-0.548536376340696,-2.037849708398,-2.58532769585117
0.857821436999262,-0.740044061775136,1.13646811201539,-0.405020769399795,-1.59020646440725,-1.13247857789506,-0.752012711928893,3.54881359252044,1.75389705620326,0.109836349215664
-1.02767364245291,0.601551511958018,-1.50763210266309,0.485651038515623,0.984182832209988,0.503679852141796,0.811616354004852,-3.812394229233,-3.98754209969455,2.33915971594803
1.44658990963948,-0.940597427661056,0.964182125430948,0.942615520453599,-0.610342891352213,0.235637340886917,0.0572878811793655,1.81869915984941,1.24536343870106,0.441300153038402
-1.01063144370304,0.632954659033971,-0.702960265576885,-0.733044247948169,0.581984912840307,1.60304500026332,-1.87772756888698,2.64245058407681,-2.99346929613693,3.68318650963299
-0.0209382389455329,1.00968815598327,0.547634859919851,-0.923999331619922,-0.207095882016375,-0.138535840948505,-2.90606136038556,2.26955659361399,2.78134911686264,-2.45303228338736
-1.28260198592571,0.858625405528634,0.390231433578125,-0.631687248821333,-0.307846050723732,-0.188903073935548,-0.939725024992682,0.993145542959691,0.194936409736951,-1.64879133323854
-1.44516242918036,0.313495887107116,0.54369902413295,-0.662362617927593,-1.77421376696643,-0.979963682821175,0.85478433412501,-2.28376970554361,0.315793040554218,-0.962152193244392
-1.40147336729374,1.16900874318675,0.0668260744644144,2.37858642938503,2.5476129217898,1.51134857386831,2.29560165929098,-3.15196678611224,-5.85238519273226,3.8627409208173
0.438918564332455,1.34666191734702,1.12466072776165,1.97612011778419,1.31825281317635,-0.0301931542291201,2.92994696601787,-2.4547226503288,-5.31256248230379,1.89263076056491
0.40369467739136,0.601875740615172,-1.7025158997801,0.326689785146184,1.06406179988089,1.06596191876918,0.158003592555245,-1.75199392425452,-2.18707512418346,2.42549253803915
0.127630004095216,-2.18515147360597,-0.957603957803436,-0.15521025305074,1.08028089557898,0.251123374894049,0.0687727745499875,0.699637348199246,0.810887989383675,1.81822978374543
-0.774100044974343,-0.94803233231855,-0.359430037343716,-2.9666097060498,-2.22736515325046,1.72132937981476,-2.00334250448805,4.11653474490294,2.99157121415477,-1.55731462095594
-0.556085858060263,2.31631306316668,1.41071265069563,1.37251524269318,0.318020244078222,0.739731071436282,1.53389359760102,-1.13517536715091,-3.59060825227023,0.191172374192844
0.630640324899984,-1.8409703282642,1.07945696508914,-1.92570921546792,-2.07917794947381,-1.52982099764748,-0.165554723683966,-0.840374865360281,5.24942810258294,-2.67254890056522
0.364081863088077,-0.540487893234627,-1.64730787748715,-0.614784931188099,-1.12918069665673,1.48171661701314,-0.941138919631455,2.74466083790421,1.18320633206289,1.92457941461587
0.175624112521131,-0.659670595952133,-1.23695001826417,1.09105063536747,2.47464442431751,1.2913446097397,1.77940640021048,-2.27070944055233,-3.73812455060115,2.45427786634026
0.237401228393528,-0.334668998525678,1.48413723750027,-0.773264794638434,-0.602389371717376,-2.31953757795846,-1.61802881510524,-0.647822100191037,5.07657856999511,-2.74688671901748
1.03807319799227,1.25357117090174,0.277130809100933,1.80551106754848,1.07475122982897,0.247235436498151,0.595659558130161,-0.732535771311837,-1.24035902579575,-1.70822717144616
0.146654991453636,-0.460399367212375,0.424711431740665,-1.00386863992009,-0.328986343991985,-1.81510377549545,-0.897303740564758,-0.490440992064728,1.66071119829697,-0.439230963751129
-0.0974281077524561,-1.33258086695323,0.382481990890021,-0.139182968086812,-1.97930046344973,0.582213742613478,0.418668399764003,2.12601888657217,2.41518642866596,-1.44519681115508
-0.00751261725689203,0.421660316891753,1.29991173151088,-0.607782450361652,-0.560536894012036,0.5093162956739,0.726845632511261,0.329277406666746,-0.993776768343424,0.633164726772396
-0.152828945895846,0.0252223854743873,1.93571149740847,-0.0657147195546158,-0.708755175371136,-2.3847073310352,-0.487216359401941,1.10206089782126,3.60485945096741,-3.41846030922649
-1.03202737617239,-2.12984327067416,1.02466791597462,-0.707610763174886,-1.04434202069578,0.325726121279079,-1.9300578770701,3.61752982709231,3.86930351403296,-0.692104546105973
-0.0782294429574308,-2.43202975119129,0.059835902851565,-4.21706300805935,-1.81979210776059,-2.51789224997897,-4.941554506947,4.93954518869611,8.73842920873818,-2.6519417953931
-1.10074499930275,1.45386938414267,-0.276428064967786,1.47278594679067,1.21667445922981,1.71228503800826,0.0970548335956238,-0.443544656994859,-3.08315053316541,-0.44806549223749
0.74096144309929,-0.587737529189998,2.30481401128499,-0.773597254376551,-3.36765822030472,-0.628004903631376,-2.20878688234283,3.69271143786375,4.93832893435108,-1.63462261918944
-1.19720882856375,0.750857542953019,1.15253706214959,-0.637459760001767,-1.83659815488669,1.51973130212667,-1.14391087774229,1.83760666615993,-0.563072907594427,-0.893122790017785
-2.345706264769,0.980169829110056,-1.09048241917573,0.780480218520717,1.65384973052288,0.0868208575749491,1.17325903314657,-2.48416078404682,-4.34222724007274,-0.54916922913201
0.085779271774133,-0.350083340239793,0.00929552580769916,-0.369592140768638,-1.40742489722356,0.775762576956049,0.345663594684376,1.76706385656652,-1.20382023352177,0.533075502141533
0.293812348297333,-0.744529622102939,0.161288396001904,-0.47055238884798,0.697992377039469,0.529436144231206,-0.880248572564844,1.89816764285481,1.03767998362098,-1.89540383779497
1.6990242356545,-0.173813561536417,-0.806730001927788,-0.60353520991321,-1.79467392969326,0.191978509160271,-0.0442827923814501,-0.668131341233955,-0.707482395039841,3.2577725549897
0.737543314500457,-2.38475141355151,1.27833170042713,-2.57762469898901,-1.65262678844268,-0.793355786606389,-3.40714136607456,5.19149168240301,6.52279236711709,-1.55720145259394
0.98597365193855,-2.04965154417406,0.614394671068037,-0.547193450085297,-1.31013365222952,3.30195032489314,-0.323978962143932,3.73794090329822,1.98285899725062,1.5191682529271
-0.717225559298293,-0.194882146175789,1.48372543703285,-0.76804466021104,-0.584886184876367,-1.06515373248995,-2.10693828613663,1.69637068556413,2.90623435170972,-2.05586677972015
1.10352697121816,-0.2366817603722,0.911499426327185,-0.413561073168829,-1.42539477552509,-3.43838732536366,-0.0644946585076213,-3.20279373016044,4.37127766892384,-3.53080798823395
1.10144507522271,2.00113228880135,0.358191919253926,3.10304767059369,2.40011268738686,0.813534739116807,-0.183445461465505,-0.904359950706082,-4.42230701587394,2.67454846286544
1.6814265153533,0.264661982461573,-0.390308620433452,-0.306241243673663,0.907771184732799,-1.33801234396944,-2.00637177890728,0.633634679635783,3.88719651380535,-1.73602858589245
1.0048720916054,-2.1285730677669,-0.0852870909117883,-3.22320343931866,-0.343331905316263,-0.166933093122941,-1.7162707620521,4.64490071753599,4.53042629947211,1.33864944953878
0.322844251196635,-0.518055344279167,0.469532987506562,-1.12840966543974,-1.56566206384632,-1.59329707860891,-1.23980509462076,1.84968597642965,4.81714616216259,-1.96677861545732
0.312314890005938,0.680034097779661,0.93862140569813,0.12126687230231,0.16828850570503,1.05713083859367,-1.27723986423997,3.69901931771785,0.203821009215932,-0.259396813485482
-0.39385416986227,2.33119218363505,-0.150136709483575,1.0386169114963,0.578703720793694,0.129486920427505,0.463099415135535,-2.8152852399813,-3.31776829895098,-0.215436864227612
-0.342381059070907,1.2796154865874,-1.75968321935512,1.38142031384036,2.28816674219999,2.87034194534202,1.53914541002506,-0.0511426870682129,-7.25495718268591,2.32662910227648
-0.0863835904119984,-0.274264485729135,-1.69279385561697,1.13828247710029,2.07546780688323,0.761016177524169,0.650917942538289,-1.34720925928261,-3.28883409765379,3.29671785453583
-0.238633822130193,1.82690520983632,0.490430947895785,2.5614892152587,2.64337862736626,-0.799135646331611,-0.0411544686107125,-0.986623306580543,-1.05743651848476,0.0681652030017714
-1.02060886632577,-0.204351848415405,0.630687671626808,-1.81345533094908,-2.99818768204885,-1.30076527746097,-2.28699302312872,2.62243349136928,4.40313571259436,-2.90001875755523
0.973076117821719,-1.34102719736761,2.3988701049031,-1.26327928028375,-4.56186020309907,-3.49334101037849,-2.07317216147551,1.46844048607685,7.6164467745727,-2.54717304114808
-1.86857887813529,0.561823143504042,-0.658080936608186,1.03508878852498,1.11617699886497,2.85740021730565,0.948503772612014,1.82082783009014,-5.37035174203825,2.23911552469892
0.500014035757186,0.0823614286322064,-0.650972678031504,-0.928783202890374,1.38557789410535,-0.203978525618427,-0.0960372654888418,-2.61923379614417,0.0464581453692406,-1.09481396442173
-0.286818961258656,0.785965047497379,0.995722939231901,1.7247882835836,-1.80952872272644,-0.330783372341777,0.993362107689688,0.68958202503939,-1.59187512783543,1.13454813177649
0.326700661514058,1.47346863222662,-1.38807713828789,0.0485467914008685,2.22733012924651,-0.337935024483641,0.998662697818939,-0.889692028625132,-2.57704195698747,2.19639003094027
0.0795465875277825,-0.795290264033916,-1.91518919283629,-1.21533927067224,0.252627162726389,0.764483242271516,-2.10066900187494,1.62243840659321,1.35954689763571,1.0882820847629
0.608912505303656,1.4386084791651,-1.8410670784871,-0.714391948180816,0.77443340244288,-0.0685095148682402,1.48714064249527,-3.68670879728797,-3.31322386156594,0.665836938118589
-0.198375419805807,-0.955238840208814,0.486364158778099,0.120569560672403,-0.140216435957452,0.177912242640782,0.334150280110011,1.24125159598769,0.533905237317215,-0.191732807331141
-0.643260464407191,-0.655065167490108,1.25118480679741,-0.930819888075062,-0.802552406120375,-1.36546652465439,-0.676881213849335,0.0647616054357469,2.48292672885127,-1.93770440682732
-0.725759202888836,0.681608566339843,0.674642356815781,1.34257449041278,-1.08652337345502,-0.0969335466553642,1.9338631500596,-3.49697493927316,-3.71853269020489,-0.26030605448112
0.611816622840994,-2.07085173242112,-1.16811638690892,-1.17211537484773,-0.81906891053266,-0.837389005997465,-0.769693878363236,1.40495633624894,2.35685056118528,1.09735761650049
-0.780320440042657,0.714099181198935,-0.689508973773036,0.0128398120440903,-0.180089353234935,2.32673333973753,-1.78818744094164,0.569937151417057,-0.345575114701389,0.75935968566828
2.35836035767438,-1.5808966943536,-0.691744239492073,-1.11959552467975,0.32356471870495,-1.14876417363346,-1.05584986819029,0.181759139760799,3.85512063495536,-0.86677091879907
-0.168601916809335,0.249871798316459,0.332531920835258,0.312783962631973,1.07167500265925,-0.416798045958571,0.702507918468399,-1.70981058428893,-0.0315446399237014,1.19722106751177
-0.0662800140607439,-1.0081827236151,-1.23579423152322,-0.272406853297896,1.0768606351714,0.0450033551385943,0.758903851367224,-2.50443224117532,-0.502607198931235,0.288249288928464
-1.43033433710149,1.82110941309003,-1.48500999368843,1.92620787135665,2.16102877435149,2.77890902381946,0.602308797053669,-0.388404583548117,-7.66307875462959,4.18185494737597
0.764888229557037,1.23643641259273,-0.585125170920395,-0.144144384024919,0.858875706532771,-0.42227542428113,-0.723647719872643,-0.39283503813393,0.261818197994681,-1.10817664824763
2.12399064212654,-1.02785210233759,0.213582276650269,-0.86058116360787,-0.524654143125946,-2.17325457501658,-0.461690812735947,-2.01367650454072,4.87809144039876,-1.25336343408839
0.349100344743842,-0.173792017863398,-0.626006655631803,0.38588695927762,0.0309259218777779,0.0589064054958025,0.956673573944436,-1.41396601403555,-1.29374351633412,2.4927414461791
1.23531000347018,-1.41536111860872,-1.44719916794446,-1.31207170683226,-0.137280502816562,0.793895307840181,0.113693814834403,-0.291811765859447,2.01590984163851,-0.636887628771948
1.57479732933368,-1.09886688568469,0.420519734717481,-0.559208654695457,-1.14454607106852,0.090621769749352,0.839016549611527,0.50959977960218,1.7598546905474,-1.86448055005968
-1.30190019710165,0.598777601552825,0.23557019520897,0.1619478567949,0.915034203444783,-1.42575277523458,-0.108797029244943,-2.07337371831414,1.95496724291778,-2.85999018855989
-0.185222600270371,0.884245499651362,-0.954665068252566,-0.559156600709289,0.0229552279044674,0.673337776919035,1.77373752267307,-2.89521097458278,-4.04329778431137,1.36834404740745
0.0796819801024929,-1.92960104357852,1.12090741133934,0.460321201381615,1.0855526512823,1.54596519168158,-0.179724127613009,4.43325278586779,1.64420525611217,-0.453734696211869
0.553213118045098,-2.06087884977117,0.78208454976232,-1.58107806893417,-0.987992809211399,-0.574867549348717,-1.74833447797395,3.12620605723712,5.09454262924635,-0.804626150725081
-0.182479228487725,0.449881252834656,-1.33405742690127,0.771693244226826,1.75415180814734,2.12336270576373,2.21280405274361,-0.372981928376606,-5.84576389408236,2.56745659791352
-1.30737765421922,1.81675292406759,0.461653320485774,0.990487582664202,0.121736559474992,0.0357735283789775,-0.102459251853537,0.211028917096748,-1.38920849492544,-0.556803166564817
-0.456474240687284,-0.373552974431708,0.169062392447781,0.447152999892757,-2.28786509450593,1.96449237025119,0.478673456321051,2.98060892983592,-1.75109078677013,0.745977178542645
0.414202429777779,0.274342042776503,-2.65678298612597,-0.27081812459675,2.42882029183199,3.61463883257373,-1.07868380453017,2.55725640578569,-4.43675386992387,4.39810817009128
-0.0870414045367593,0.404558131843205,0.00978727008519444,-0.705284561075933,-1.03804248057516,-0.0775887859682247,-1.20237292231292,0.49906774735005,2.20420024509258,-2.53587280613515
0.800908345152142,-1.52064007753289,1.13895909712235,-2.64628615752696,-3.60942384120688,-2.01528559797883,-0.118670827458498,0.0760064940443077,7.46713619404691,-4.75588422649535
0.370922529361763,-1.68071341115513,0.0410513477688584,1.09449374800776,1.21638762570168,0.83834927544986,2.09329300706789,0.922642657819009,-1.23241897100524,1.97806848566139
0.241746510734783,1.17607399435006,-1.74289174795464,2.31616157973966,3.69737322984854,0.360679319894514,0.827625609416962,-3.07480396030243,-5.04143202209113,2.40853192901214
-0.392404298345675,0.226453396689164,-1.91626089713714,-1.90446702577113,0.776063590231168,1.41691605171909,-1.41110507978612,1.65674657221616,-3.18788202972277,4.4407937914194
0.0248897659784166,1.13569989027483,-1.94533553335409,2.83328709373019,4.62188068987919,1.04157496701766,1.9820484566151,-2.19679745627507,-6.81142200395908,2.74681459065836
-1.66969002386184,0.144910373718718,0.321733610517956,0.747350069618618,0.287643943996973,1.191937147241,-0.51690727961567,2.12067301591541,-1.82251299219206,-0.0293995927503078
-0.486983583692198,-0.44953109935159,0.435091062989536,-0.115120018382013,-2.72648093563069,-1.02783464303058,2.37605907322572,-1.42906934963411,0.603074901869442,-2.92280229431803
-0.0734942533324159,-0.790333087848453,-0.137382631887129,-1.39974042386252,-2.9361722977595,0.780725326227732,-3.4658494406928,4.80277951301143,3.62601617492749,-2.34367884167344
-0.249862004490196,2.22620422350283,0.676240266897347,3.11196800651392,4.1409428878903,-0.946785677973273,3.20234766958143,-5.60468157263039,-5.27682484043876,-0.777973935122631
-0.139627425524425,-0.25333065954424,0.318701101546469,-0.230440965526075,1.14123958597869,-0.669739983430436,0.501124379195023,-0.538896249566031,0.309231980163523,-1.16190790113876
1.28735057394829,-1.95725367253542,-2.91547119126089,-1.19813449553116,0.419584533224755,3.06127776757468,-2.24490779519155,3.94395771551717,-0.752546110584634,4.18257776877303
0.0714601369756542,-0.158842949583933,-1.06399766814968,-0.482262775831917,-0.278313815843495,0.379703552651151,-0.997333994468182,-0.304221831192043,0.854522027874975,1.96574727170853
-0.318494337440249,0.294288129024101,-0.634909073155319,1.99231229377433,3.62671699426852,0.875332038146287,2.4400351573109,-2.33664073620497,-2.95344160105691,0.316593577171632
-0.749236599733013,-0.184362735170893,0.453471813679479,-0.488330538014584,-1.53892591636017,1.19148548031779,-2.54137062687402,3.51767057883246,3.57227492538994,-1.38761548600865
0.626724988651034,1.17803422523829,0.391401067229011,1.3461740213226,1.28537663872878,0.882336847190598,0.0611909282172242,0.768905567362649,-1.97279666516568,1.56798032402448
-0.586050547364218,0.418966355462375,-0.300784352559362,-0.672412863364058,-0.531033043742475,-0.588286351243603,0.287009747738905,-2.00225123391948,0.240206745960549,-0.845769931902175
1.04838382748182,0.846902283738065,0.376617942817315,0.237153508769234,-0.0933806083183288,-0.632982919464261,-0.0491690369662367,0.435099770987973,-0.00194626929330334,0.694262621916033
0.0929864891251559,-0.814351955164507,1.04501241246671,-0.793669834948919,-0.814974698864811,0.565094438575399,-0.0232495038320533,1.78107859027717,1.6728077733231,0.357497936016222
-0.225486042830767,2.90418095674289,0.0168929270782575,3.37451660034929,1.80888004332735,0.129178447809988,3.14760502232734,-4.14962974283283,-5.76368062320079,-1.88950032406353
-1.26753278269167,-1.05828098777401,0.722911280092958,0.819836643836981,-0.358271786977199,-0.253637595612958,0.794383535976082,1.66546612668346,1.01126001830894,-0.953811126857355
-0.443604591141709,1.003911996185,0.510465265078889,2.69031094739187,1.48054979045437,-2.21006005989822,2.29194589520455,-4.48088814032832,-3.89070410956979,-0.117877053806637
-0.613599855831636,0.490566486635569,-1.08221899803866,3.87077400319097,4.04888716204801,2.32464919960343,3.28281673313216,-3.50649876637082,-8.81342289188749,4.41899319131538
-0.447164104993829,0.0519918054518732,-0.801014251199892,-0.0245993563012243,-0.0111767647309213,0.416632085018688,1.20805990423455,-1.30364161297194,-2.95195331024805,1.17772847820714
0.601401185880084,-0.675216581465712,1.46834521233281,-2.78527753266669,-5.24006109641998,-2.4386252333696,-2.71726008979679,2.9859065732299,7.18458008291387,-3.59633814425634
-0.953980232061577,0.561590282125906,0.0981048703567436,1.13472946511512,-1.1034077972529,-0.696802748869778,-1.23081889209058,0.846528016635893,0.351425149020994,-0.426188702378852
0.814935902376777,-0.549146737755951,-0.967037933731029,0.0840992364743072,2.20327067832472,1.16643160969223,0.328192195026907,-0.600615633551933,-0.88401246050739,0.693792909131241
0.0360120244984109,0.0881474398025703,0.191951510928236,-1.17977515320064,0.613649378702919,-0.818654240466302,-1.20380218257258,0.982559664001799,0.563992070834394,-0.344398724335331
-0.286527594078527,0.773120327478378,1.66865443990955,2.10613541266585,0.519003196123999,-2.53374265247925,2.55274040182601,-2.88329891569903,-1.08323135751004,-2.45820082635313
0.396216047431655,-0.372405797148679,-1.46328516974741,-1.56208774670288,0.749849169935817,1.09191543860567,-2.5687249403672,1.30280431514258,1.62628356027658,0.847449773762742
-0.919042542469751,-0.792316505781256,-0.499014081256945,0.886773238648659,1.04762852487801,0.481392520826243,1.25372489825152,0.898047473433185,-3.26142177709928,-0.206645664894799
-0.638022256573686,1.13773611517992,-0.798134089322015,0.566331624155896,0.681065930424526,1.80979678965321,0.778147278546656,0.546264141712958,-2.51645423488606,0.172232926856986
-0.164278463705661,-0.611445518809651,1.18729528878486,-0.112006984506135,-0.761772628976833,-1.16951639902818,-0.691922341567001,-1.15255487720913,2.0755274854452,-0.953499234531755
-0.672913921169838,1.35865249569536,0.374677761329385,1.20244488553782,0.265064420681452,-0.125892250516601,3.09120310187581,-2.25477536791126,-4.2711521855168,0.118624035917651
-0.39731176303517,-0.725256625068415,-1.75085829943581,-0.383684611293342,0.200382496105891,1.43608031683267,-0.358468627779552,0.383268744309651,-2.37543211215225,2.97566424621533
-1.23832342944969,0.0800262890774717,-0.217990461593755,-0.504335432611367,-0.635654772951246,1.35597720569881,-1.2193209932372,2.31346854817129,-0.924857089978363,-1.49714746070485
-0.951530240492574,0.513295535305461,-0.222881939784242,-0.297192480343117,-0.122230256241654,-0.0425831196311797,-0.0122254355211484,0.833230286977405,-0.672842357076906,0.360666439673532
-0.95553013503979,0.937280150774527,0.861086326778945,1.20592354989751,-0.979155792794795,-1.22009393173831,1.28311506379702,-2.07018876181734,0.139214556350189,-1.5701217690208
-1.06896402595831,0.513423990340279,0.437957323960622,-0.735206545265574,-0.968748870074318,-0.535945559705301,-1.16032799450343,0.023570605143182,2.76392159103003,-3.02784719635254
-0.692834947529336,0.958575926804511,0.500945499307071,-0.262567037619487,0.190364933076446,3.1465989454396,-1.46833650976053,4.48342250813932,-1.9217512321097,1.06611422166978
0.0535901811873137,0.30533121140857,0.476740045742391,0.436775902032731,2.37225174033114,-0.893877316357405,-0.0801495977639455,-0.554913190045209,1.71400456466016,-3.71611366965283
-0.0530635954175665,-1.550505602673,0.233195991516588,-3.12071070076026,-1.64925993562852,1.11716301123035,-1.89999014978925,4.57921992911851,3.86702060461214,-0.150487134769651
-0.636087691163382,1.60333333137857,1.33425462395098,0.787636376804879,0.0521593831340434,0.834605509309993,-0.219327303238993,0.351301324782051,-2.32990365631799,-0.297187109007549
-0.637664092097309,0.27924230736175,0.873822592837001,0.657986969517451,-0.149956201016999,-1.32412465664611,2.3357611041867,-0.516738647815109,-1.94878127374051,0.573459217391652
-0.962398205741985,-1.29381460355915,-0.121792872573017,-1.35177102905762,-0.711906333874747,1.07956280345216,-0.964474028203287,3.47967408485151,0.100667148991249,0.769959132116856
-0.00594021246406647,0.0463955862893493,-0.158902583570718,0.529551652069882,0.755436271607314,-0.792724931478779,1.2254056773666,-3.24614918206754,-0.503008401844502,0.356984184473655
-1.08851263288484,1.48679821131738,-0.42536149510595,1.78690084733152,1.6616421039443,2.15401313826452,3.75002790090511,-2.33651844126424,-7.9559555689609,0.671838305465221
0.256562243429545,0.668092353457096,-1.03420904365466,1.0206340356123,1.89274786496279,1.87375115235538,0.253284102278298,-1.39877233291366,-3.78759064673036,3.99735584654765
-0.434338381103094,-0.29620060003157,0.602960240421329,-1.21829445909084,-0.349113010187519,0.0455396654348407,-1.86387074767013,2.12715703158879,2.1039520615008,-0.428912303088095
-0.540073756239602,-0.469632542499335,0.40949195234447,-1.98185347869424,-1.69054219427148,-0.433815932768392,-0.664125116883463,0.0437324343060866,2.33470964454875,-1.45031655224886
-0.223238861750794,-0.502507547248846,-0.380196884692825,-0.662705871341409,0.922975441118403,0.295450184058307,-0.268088617347836,-0.827493865998145,0.0934565225141991,-0.75879310801967
0.841204783310637,-1.91728849529153,-0.257277984315346,-1.51291083860235,0.354511570377179,0.883324706581612,-1.99387519129192,6.80204364819795,1.47452372828734,1.79662806492383
1.25637827636167,-0.121759343423097,-0.221173650793736,0.155059015941221,0.512087072358024,-0.0705425823650938,-0.582254513797047,0.724289763614924,1.75108457510899,-0.0511566728712156
-1.14256189525678,0.319243772107155,-0.414100399566771,-0.116311738342236,-0.229846604644132,1.68401643444187,0.337402203304929,0.126463004119225,-0.161627099755051,-0.514602279798132
-1.9103925444478,1.70832465170261,-1.75058045323072,3.29654546655129,5.44703998055149,3.26542594869371,2.90877576566624,-1.33846348564047,-10.928862769256,3.93691709831695
1.11805392666197,0.378884858072406,-1.66041089001211,-1.0586215550946,0.626843436815949,1.8876791449943,-1.1296904211356,0.38023064195265,-2.28920734902873,3.05813697492722
1.81022682157656,1.17104228022802,-0.110967706843517,1.19340752831273,0.491527499243628,0.173540414417562,1.14391046138458,-1.02661753269031,-0.910501495618795,1.46148118970477
-0.351972954416601,-0.82858522748909,1.30084584715439,-1.93005592574105,-2.14035652778859,-1.68385554029675,-2.02841225331095,1.33502511168435,4.99265569099876,-3.08505738412826
1.47598066670199,-0.227076415023027,1.38336917177077,-0.409230962002025,-1.02748520495848,-0.948923474118362,-0.114091276140864,1.68330347169115,3.68240062152654,-2.53673188162575
-1.45162841254772,2.49137156033798,1.66590233006178,1.49034291967299,0.283633792551014,-0.951580722055767,0.143926840625896,-3.69726965114363,-1.88786657789243,-2.41489853736233
-1.97094510852401,1.20273284313483,0.469385513988131,0.609708462501868,-1.44495435603957,1.92682212370599,-0.355615585963849,3.11344366298153,-2.55986752858033,0.61784095901759
0.346871521191895,0.165940026847762,0.362024744232419,0.421444074100546,-2.61345056450225,-0.248266481621121,-1.06708558251022,1.32524019441129,2.57364515777317,-0.725665167128561
-1.39608256641711,0.808661487129631,-0.836885343859832,1.04821994478209,-0.751174222941583,2.23495878085274,2.71877084950348,-1.25955832176629,-6.77131861644467,3.51699266989601
-1.12164744699303,0.727764787720931,-0.716639836760214,0.388999632623734,1.07223360684195,0.881606352962671,0.0784275957281626,-0.503858291376568,-2.30594773884579,0.98475831265885
-0.643101596090272,-0.0122753458971399,-0.699445118698086,1.2895307483935,4.37468544627062,0.560556978203164,0.51590290087415,-0.13479794843082,-2.63824537589168,0.0737664578955679
1.23389180704601,-0.862142171950273,-0.425668178247835,-1.61659040691775,-2.57385106608015,-0.0472142757868036,-0.145705606508693,-1.73266128993561,2.25572042406866,0.425808001245373
0.434584366842464,0.109519542172142,-0.729310992192034,-1.01265762906948,0.114695928006086,0.652220265705999,-1.52213641407001,-0.987163212130901,1.76230004285647,0.139538921762862
-1.71410920880308,0.359905873122831,-0.5279286998394,-1.07307979313,-0.348769110590634,1.03374093735327,-3.52329569619185,1.27480325256537,0.104214846146612,-1.54600252335342
-1.20742510156451,0.303537881432336,0.0547682095536402,-0.266201488402321,0.197636174128651,2.52668296397277,-0.487915679997781,2.44993891600868,-1.90009842779756,0.237984112720973
1.05047929291144,-1.27503647559094,-0.690781478457586,0.445118904219576,1.60650020354696,-2.08424746769508,1.7511196742852,-1.60023030579966,1.02889469997914,-1.9325075101282
-1.36137451510697,-2.20962474381935,-0.0458774462652088,-1.7891782173585,-2.23090002734543,2.74675215505009,-1.9841680301068,7.83191974982724,0.950918454167418,0.547505117530877
0.925089340238554,-0.338909252952357,-0.651823809947383,1.02947869090901,2.91346049118813,-0.117287572818813,-0.352429817125894,-0.888775048387966,-1.29041453619456,2.31196530487577
-0.44400377210561,0.0581519394170719,-0.0702820377126184,-1.252098626125,-0.648530104208482,0.211525522550365,-0.589235777992895,-0.643324151746443,-1.01878265473785,0.519777410152024
-0.211674114226121,-1.14771459832962,-1.43869770461201,-2.17430517536926,-1.8607589348944,2.9187847170347,-3.92292929614029,3.98883405357924,1.23736840571735,3.02625571367563
0.0251344446140777,-0.654376437692902,0.0253515882571639,-2.91348559223404,-2.06449196148109,-0.543800266019587,-1.31552662888343,0.975637720082932,5.2447824422411,-1.78897887063335
-0.0660573713499254,1.45187885031127,-1.58299479619343,-0.257446008921063,-0.576733174203678,1.46156266624083,-0.532043322317575,-0.330112832958854,-3.3872433483546,1.95372683772857
-0.0149372837516502,-0.437014890695133,2.09522775837631,-2.17216946438934,-4.23443082699159,-3.61954738563596,-1.37034919271319,0.300093588696277,8.56243043031197,-4.32599189407734
1.03814847812259,-1.22654016471448,-0.835764140231576,-0.63583211502105,0.351863905931143,-0.4938855673548,1.0310845016852,-1.6247613595344,2.63008718403176,-1.61912138846627
-1.91270789403637,1.35169721038048,-0.137570989081636,1.16239303871692,0.557617098812146,1.84552483358712,-1.26208835433056,1.4160395988957,-2.09891575305044,1.89073844572381
2.26798810863233,-1.9391290874182,0.719842280559702,-1.79686055614861,-2.17076388817905,-2.32962369974283,-1.67070622162422,2.67729192437343,6.09277263285177,-1.73660140150632
-1.41800314478778,-0.635721660230664,-0.378915369974941,-1.33591936592792,-0.9174981544751,1.24123444850918,-1.80419601615122,3.79880143198006,0.313776908260079,1.17775319579454
1.17258774774747,-0.885873223825057,0.321668193094229,0.0739779740209243,-0.433727319434113,-2.17641911337351,0.805339199116601,-1.285418740538,3.56424108368102,-1.87161483461389
-0.17226392192362,0.396175692405845,-1.93817244502802,-0.298954824807944,2.67537270693575,2.23819599006379,-0.741508608478289,-0.740099479101691,-1.2870781820565,0.049401362024705
-0.87388268592155,-0.317091363913999,0.512074175455378,0.909333908173137,1.84829110611929,1.69633969445715,0.834460722663307,1.83179171886021,-1.51519235837219,0.146770461992158
0.890837123631023,-0.501285424206607,-0.395022298681096,-0.459233052261155,-1.36048941408728,0.393300052087495,-0.342892988915006,-0.339828271741665,2.05122158681939,-0.181975994747024
-0.182950501474549,-1.00966328791539,-1.71530633376632,-0.481120306920488,0.247839028086078,0.213877477157013,0.0495077616676792,-1.25794416319787,-2.0091829355974,2.12121578432468
-1.32716315302191,1.31491451235245,-1.025249804988,0.462535428725579,2.38394136519405,0.872493265079472,0.478004799159839,-1.90299855590117,-3.72275623143606,1.0511312728756
-0.744814233785732,1.98831332857112,-0.268668568214983,1.92063233606892,3.29091100817721,1.32435593233371,0.491021610973961,0.173177211005862,-3.81263682146322,0.151024700298459
-2.35493759267495,1.04613455341264,-2.12307330261232,3.02085311787667,4.7816013948334,3.7832359214517,2.44323178735537,0.690971834102564,-11.2699778108508,3.94900578659595
0.394231617402472,0.815882249878374,0.48497541823196,-0.283294727404378,-0.165132225200975,-1.56995950709507,-2.39983565864009,-0.407066896188551,3.58355348649261,-0.696335568256946
0.681373736802562,0.253943835584498,-2.04943762642464,0.917213252058478,1.1727132799436,1.50810263568004,0.789213085842933,-1.5798169079652,-4.03965845253301,2.86581381732054
0.455914586830599,-0.13428064397057,-0.323645333938437,-0.112321014860091,2.09529270722202,-0.390759664931671,-1.20125651763043,-1.57090985734608,0.214857503285526,0.903007303070541
0.533382311736688,0.143589688548506,0.977363570489563,-1.24637212961217,-1.60491996708225,-0.973840451386935,-1.04300566624076,2.08787399447688,4.8241081451795,-4.27158158988439
-0.304308001823201,0.567663646627663,0.114669610059449,-0.824258702517797,0.273104101335269,0.20768592474011,-1.23383811567957,0.885260780338662,0.21684757193203,-0.408278222314086
0.767174596554946,-0.322825820769301,1.8603067719748,-2.39707345893763,-2.39122725907082,-2.47611672984699,-1.52870530744778,2.87982639185825,8.14616192209557,-5.8524386731541
-0.300880789786566,0.222039019920486,1.9824180148004,-0.625402024806027,-2.26476072419742,-3.11926469510138,-0.782890796224853,0.19937906546073,4.98083140810087,-4.85364679889318
1.30876976718994,-0.593834341394784,1.9382795083278,0.149829440152074,-1.74865988615439,-2.65771969550183,-0.922679150025533,-3.23986190787691,4.29559126965209,-0.814511196830687
0.0697294656218046,0.193780543971627,-2.3214209406512,0.677049600763831,2.04113602068502,1.43492633227158,-1.44658860719104,0.852538986163612,-0.850763808091207,0.190693584231417
0.00119233851442106,1.33915409740103,0.964412513741129,0.605013170665393,-1.93008253410421,-0.749318720943694,1.08878759310762,-1.89406076492983,0.538660134115578,-3.33817279169501
0.0374274825112059,-1.07071513489102,0.717667126682983,-0.607661639529856,0.460041751268759,0.181442660352836,0.495600440392023,1.42305481256791,0.469982055287584,0.250093447821348
-1.19733809358912,0.816684310220064,0.938716830643505,0.662295810223814,-0.434652224614914,-1.24733169193979,0.598950238484031,1.12074443524189,0.525483742480295,-1.81841026404597
-0.231595066232748,0.605935976853117,0.606510673801091,0.218763113619491,0.233187283217102,-0.672258496438201,0.783012642096338,-1.60582250419688,0.127779519326318,-1.47711587709281
-0.0437910368233074,1.10469062545068,1.22046153728318,0.129432528061604,-1.91625086517365,-0.382356218909734,0.926725937840842,-2.72203910825437,-0.984122799993386,-1.73500315033497
0.127974402471157,-1.17040898987602,0.114022038743979,-0.209457200491275,0.296536245464269,-0.662134178351633,1.28695482337149,-0.53638858823074,0.0607683949183474,0.225579253870833
0.92936651374525,-1.29920067186414,1.78426059703873,-3.3769189340716,-4.03494219378439,-1.34283456462338,-2.72749424506214,6.06057789927566,6.15773896888256,-1.64156705842318
-0.991534072265755,1.27819413708953,-0.840238598855327,-0.0458246314424739,2.71245644975728,0.890345655945204,-0.72181462035219,-0.904930317296005,-3.02429963881752,-0.184115100064349
-0.38265579455931,-2.08447423138663,-0.066676103359162,-2.12380846817802,-3.40028727187775,1.07106925947017,-0.610232070822146,1.47439155383543,1.806438152706,-1.09926534483984
1.09110652787303,-1.48464887978625,-1.72957055532151,-0.584326668736781,2.11331019733955,-1.55100586445916,-0.0960736072715883,-1.41777823138125,-0.304975857430535,2.27131496755792
-0.537095335161434,1.21039488624573,0.982482377751485,-1.34380154018928,-2.3127116018313,-1.16603272253358,-0.671569461906151,0.643870136284429,0.693326253806094,-2.09868382040809
-2.10510927547803,0.511791187378393,-1.2888334238064,0.507522000647851,1.37771991868098,2.1561207846706,0.00137152354246948,1.73083134052656,-4.86517507605609,-0.271695624958504
-0.306918176839968,0.208654309160795,-0.0229625601705679,0.828011972561817,-0.286568286490159,-0.958854077433717,0.462341761806735,-1.17476268099145,-1.33845576311658,0.545575298183339
-0.900249039195042,0.95752513422005,-1.66438286210694,3.21390555326765,2.94018454247755,1.73797254406153,1.66731656571758,-1.98967831839453,-6.11622494875077,2.84060378104024
-1.36867018430266,1.6177193195294,0.639041229251709,0.703285956896102,-0.439972970667745,-1.05817564143646,1.13258000247921,-1.77969900599867,-1.41654516464908,-2.38081178969539
-0.75096747954549,2.75589311372808,-0.365783901228517,2.65140971481039,2.39831059972132,1.24836851844144,2.89301423229311,-2.98750246621843,-5.91966201212387,-0.133420153115702
0.27983694642999,0.374171792010947,0.19421824913912,1.7649015947942,0.197573816914235,-1.754828338349,1.09828494677681,-5.76512518360767,-0.923346101484274,-0.362356546643266
0.379407204604688,-0.709158508537396,1.82716355917351,0.143452640917127,-3.23066968826711,-0.4637711317364,-0.0913486354211696,-0.0545258267312438,2.60635382978428,-2.53092409817277
-0.106490384936008,0.302434639449114,1.35221024008591,-1.22367334979565,0.100479205298269,-0.0179740089583001,-2.26578100284567,4.39140305932182,3.78389657391024,-2.85374131285105
-0.0915247242561914,0.260400423853505,1.11456641001831,1.46061219293432,0.830527250545611,-0.304313704004274,0.779313563015163,-0.480096717345829,-0.287403585405548,-0.952977086431888
-0.415772792807217,0.460837560356754,0.834906203256986,-0.966841523207334,-0.923740279107915,-0.653932530849266,1.65265257554207,-2.62897475391718,-0.0691251159507215,-2.2611494631893
-0.118071372472133,-1.7054162596924,1.14159254070517,-1.68365213379324,-2.92146749560452,-2.00774771699868,-0.259787294776448,0.209807412471722,5.90062464184333,-3.39998993481974
2.1390222498525,-1.31097383021051,0.978180056156972,-1.27627510395065,-2.290289977336,-0.840331090663464,-0.595204885018882,2.86499055274795,4.26912700563835,0.211039195623282
0.900732122147908,-0.627275587936159,1.56995703556811,-0.805382747887632,-1.74151783440632,-3.31549421776923,-0.949169641983955,-1.94117682391044,7.59629746516442,-3.87355591830976
-0.122554058221565,0.0260822282410741,0.973948737713662,-0.265136611751613,-1.33350409951796,-0.748433228887597,-1.16194284458713,1.44795656018105,2.27302263427054,-1.48366860388473
-0.237362320584249,-0.768668549125586,1.18953286734307,-0.258654877372487,0.365037451986301,-1.47900405521706,-0.132494070371311,0.0252418575947053,3.01561345209849,-3.46901682124427
0.0207584562243615,-0.180042072945125,-0.0862402902314954,-1.00601412085347,0.0824715970616907,-0.446482804356423,-1.38769098889553,1.11933946713269,0.679946651922285,0.66764922748152
1.03261437110256,-1.01049027837771,-1.07559850674721,-1.09701648281621,-0.0119340124192645,0.504667371823906,-1.14560721540569,3.13176984229985,2.19944001558872,0.334858286982018
-0.386129504539922,-0.177776472815841,0.685953260743724,-0.0220885876709451,-1.86241867760554,0.480297409751675,-0.843403371599632,2.93623510700546,0.663581211378335,-1.83441902736143
1.03428670924539,-0.209132197199779,-0.538250826618991,-0.389106177291361,-1.13296846284463,-0.36154108140072,0.35964538694641,-1.90528996450834,0.531331107972037,0.439724705889154
0.712015192351281,-1.89313227927393,-1.41559651654982,-1.49291976563583,-0.334214087251502,0.931708069715004,0.268394160178051,1.08768328699749,1.87916255698731,3.40374409945449
-1.13454854634481,-0.508002096519484,-0.181226689393318,-0.208725513189487,0.643399880982013,2.54233530013377,-1.39253117193923,5.12069560287009,-1.94158948884536,1.99354401731946
-0.687579078972871,0.450286110891403,0.584788027500481,0.993786161582299,-0.410268899444766,-0.580966486644125,2.70865969583161,-2.45478504359483,-3.37745488304627,0.995225383196543
0.812150436868398,-1.56216733405245,1.30436647946898,-0.482019297318807,-1.19776362702966,-2.31715855404745,0.609331509519648,-1.41175197309446,4.44144993253658,-0.453369765311408
-0.181978091555195,1.57696333400248,0.295574825756049,1.30631998353931,1.62393367885441,2.02412772264443,0.734488601801067,-0.977255315625768,-2.30158808477233,-1.13546331689834
-1.25579754486632,-0.787116269688628,-1.14451416690902,-0.360718715056278,-0.49626536254487,1.19775605799027,-0.500491545003519,0.0739627613510619,-1.18747171078987,-0.298534480916816
0.164866694727061,0.195551295318387,-0.795352401048365,1.57234943112543,0.85539301072143,1.60317528289731,0.676360626461968,0.00873015388937597,-5.26324413599303,3.10771601471128
-0.337701204719611,-1.12126665196331,1.30336408773762,-0.0722425932923419,-1.88773742170973,-1.22639531719617,-0.61218682598897,-0.360790144224867,2.20526101464148,-1.77597917042661
0.573383690516939,0.127644979780658,-0.18568488605054,-0.949291826831279,-2.10175361808684,0.567705484693929,0.0135411906395004,-0.673551265266149,0.367180203984764,1.01225551938655
0.936505036859776,0.268029006550273,0.299314978968317,-0.313068592368453,-0.792195812971772,-1.12486934304839,-0.600588160067607,-0.200288383927616,2.46249726246209,-0.192779269136456
0.42268264856474,-0.358231442457553,-1.3080352637035,2.01270197861321,1.8821185914162,0.571824785640296,2.28329372585779,-0.92717888037037,-4.17088977005398,4.2876995080808
-0.389547053082749,-0.838773250207729,0.463937177569507,-0.920926070122166,-2.28819298655971,0.680262200671614,-0.191418319957539,1.50038218444143,1.58406111723039,-1.278936475811
0.374590637379653,-0.800227339186317,1.48851098631594,-0.896911912519488,-3.00031014252958,-5.17832478702276,-1.89178884247537,1.3505363871286,6.79495073582357,-4.67224331332967
-0.168642600880557,0.374349778809886,-1.14788987906668,-0.319043229585405,1.46856116045769,0.505446881203555,1.20880143925029,-2.41955296977106,-2.89178690258274,1.864434635253
0.472436465859621,-0.0848651498349997,0.59906997776391,-0.66125247838679,-1.219006185157,-2.07755931149669,-0.471005748082853,0.958654585057366,3.1405963035062,-0.327541907549133
1.19730552914618,-1.4258207258716,0.90327917185838,-2.20888283666561,-3.09539169915917,-2.85768102477124,-2.14265662938282,3.11178041623121,7.97182934515101,-3.0957928506186
-0.119203525101701,1.79284548118857,-0.738313977584985,0.237861309969966,2.13706676806614,-0.568053386517089,-0.684937734245898,-3.58622007434605,-0.799616811880598,-0.843917352017782
0.406763952352727,0.135938284764135,-2.08452952432161,-0.0736464054241387,2.80692871264727,1.92081927201782,0.781589263135926,-0.0673377190631315,-4.18707027366069,2.18842533144672
-0.570093792546533,0.808473931190543,1.56936357520427,0.83436701919945,0.755871638054753,-0.655258227354042,-0.646847207233549,1.44642880358308,0.813970207014706,-1.05714760059113
0.855243293712621,-1.52485473340254,-0.902648701312589,-1.10142038831934,-0.733073594374921,-1.78190356079032,0.45119648221837,-2.14244471986415,1.23504063364075,0.578542014172934
-0.544233144755825,-0.756051402676036,-0.0502631620142295,-1.97536858986103,-1.61799454009175,-0.210919149355589,-1.84886943707328,0.968736418875699,5.0368631838327,-1.68745598930238
-0.988229945507265,1.60788830248854,-0.321326227584712,1.39326043453683,4.08178664106627,-0.296527664059582,1.88456003601028,-3.24739151937588,-4.04201536278599,-0.752657030406126
-0.371974919318548,-0.833729668360132,0.649353067355602,-1.03334712010188,-2.06468779938897,-1.01238693063538,-0.250285622253807,-0.681770052069606,1.14088552794843,-0.196549964188691
-0.114931296414069,0.232902766253688,-1.15377019722647,-2.07421154772571,-2.82555425099594,-0.742415417576617,0.0182825670540586,-2.12893827882826,0.150878795232471,-2.71716676529281
-0.271821567357061,-0.256259698854658,0.680139902507197,-0.743528096549638,-1.30909650382688,-2.67272318664997,-1.19060044253845,0.40289662265865,4.82451653370814,-2.39742197244994
0.617734006359315,-0.863406815469663,0.0272676724251214,0.861101321134749,-0.307873442861597,1.48691366330862,2.50222276152277,-0.922642298185806,-2.47517272636948,2.00402978292841
0.545901987528007,0.389848892251932,-0.4756514480019,-0.754663404883951,-0.0292188618181103,0.894834019062966,-2.4126863825132,0.357903782817907,1.57084130321026,0.695164572848934
-0.99643231695049,1.85550696692872,0.548274848746273,1.38595594278513,0.131979332853032,0.0645061403037703,1.46421200447376,-0.974634795115689,-4.65144256831078,1.21093275516984
0.707490671765854,-0.772510883645637,-0.836706493584701,-0.06148555596008,1.17404933821501,0.0850789043721628,-0.144635561880392,0.227399294706204,-0.401630923063054,3.55401484562518
0.214370021592262,0.617482272008993,0.714541911271385,0.997284975809615,-1.12657394357577,-1.61174314603092,0.240637226033521,-1.62875419231653,1.38518140108495,-1.90788367750463
0.514061050257555,-0.465454524553452,-0.41398807675684,-0.332856654844644,-0.598139973624184,-0.369646960282726,-0.35633015638874,-0.209562866820509,0.225976958051011,0.937987679905058
-0.315051880028021,-0.316484662129938,0.165421112640349,-0.296851491649684,1.0038604584749,0.671110916655337,0.0735084833297035,1.93084008701985,-1.51889482917583,3.13489183379032
-1.98954699195996,-0.303795397000025,1.04892221817721,0.0507057138274587,1.77236792018212,-1.28760316800656,0.0976589549085489,1.17010639329434,0.942147952245642,-3.63755841319818
0.191545869995201,0.594619996903313,1.15069375581763,1.18219753909853,-1.5095225927814,-1.95431387590057,1.58919953705268,-0.688523671200183,-0.558010552073237,1.13917383692628
-1.12562348592101,0.627957467287349,1.57069743583384,0.917289441788087,-0.941278378611492,0.62937773298715,1.20141697342787,1.37172895898861,-0.44191805486329,-3.53311227046327
0.333376214021022,0.156206410306127,-1.21746323763616,1.63170752442946,3.1015991464519,1.72331668332887,0.523696663086494,-0.913209269274904,-4.25825213610454,1.47952151623137
0.395395798571435,1.5794244644895,-0.469747977841918,2.15115577101345,2.66135708290936,0.0339993397630903,1.03165519088336,-3.67394593401652,-2.77500897506448,-1.28796034439921
0.332463617079063,0.299427638943726,0.104917047347339,-0.310759520262847,-0.0470317153723107,-0.072400986894403,0.430013999077952,-0.0553904323940545,-1.19237107939514,0.933740091906442
-1.01746519582172,0.351906836470166,-1.81884083757159,-1.09476202324359,0.969045152198084,2.42658069186868,0.401383094930566,-1.36292774319929,-3.35946917457542,1.13693702470997
1.08177095194216,-1.64023157398796,0.28561972042645,-0.51678550908333,-1.90738176078334,-1.63187921994175,-1.32463062203129,0.396360546264255,4.3246416785338,-1.34443795576991
-2.06232066627796,0.613355096596036,-0.567572781326779,1.00515960024216,0.335671012258558,1.52668437888561,-1.03296861604674,1.84251251763925,-1.64008530276491,0.653755867874385
0.116131080834615,-0.839050540391769,-0.203636255094808,0.191110493464148,-1.43162876908214,1.3641460944279,0.463822277154031,-0.37263943204351,-0.656791893478437,0.343684065837314
-1.60342748912188,1.03101692041426,-0.73131944247397,2.30112284319755,3.44126552444024,3.23615433580013,1.62377900312186,0.972306468316052,-7.43772077558101,1.34897865141453
-0.287119939615889,-0.578939748866426,1.09986740649176,-1.47499228742089,-3.39026479305009,-2.17508268817236,-0.518847074895906,0.89851770399149,2.80147091813285,-1.1011728077054
-0.788479533199057,1.43152733769304,-0.400169316897662,0.892731515432832,3.03170782396646,2.39818179706501,1.73053399057768,0.12017564570019,-5.34646365061308,-0.832073051123575
-0.136981717409751,1.12113614650824,-1.55945854044785,0.848751258624568,1.40774808666465,1.1078136140994,0.897886609850119,-0.809898003676154,-4.65566302793255,1.37614607947507
-1.43088465003406,1.34031768089286,-0.476369523175633,0.315012660156535,1.02923819261988,1.08244651049119,0.489628957169412,0.140989447494679,-2.88829426693565,-0.167226749332313
-0.298915956674454,0.0127260504785707,-0.264944624843649,0.923134327331505,-1.00185001132405,-1.73308287870992,1.76696193481044,-3.10357887627842,-1.28934732746775,-1.15355050063824
0.656821893077317,-1.13587603546073,0.117082463868574,-2.22337604651086,-1.2304296187619,-0.448505212424286,-2.38856218765904,4.08717862244244,6.46020234562228,-1.96103839043188
-0.832107785113077,2.21380043606696,-0.751626798740989,1.40245403779288,1.25304766522105,2.07247642527095,0.399499917006657,-1.21867576323761,-5.66229590930906,3.02731724782794
1.10845648008072,-0.888193011317359,0.382284079302218,1.80102065369298,0.384154978460754,-0.743385572030216,2.4022649354999,-1.44975545457229,-1.43629440007758,-1.33235015806422
-0.569727055799693,1.16166299092424,-1.82398135860264,1.14552994564702,2.1192077605471,3.00504734362086,-0.294931563578296,-0.737765356139606,-6.15672310994837,3.79282002773252
-1.61495650586354,0.90938574219485,1.74681944776157,-0.238085600213014,-3.48387637188559,-2.17067306459415,0.159839224719408,-1.1089230351299,2.63547661482723,-5.17050169120486
0.59847667889041,0.230375555781538,-2.87783347778919,-2.42854432817622,-1.5743969163607,-0.834676795942916,-0.803178251432459,-3.4473058344645,-0.208499664794803,0.673051255821168
0.00343231041817981,0.780541516957061,1.07776055541623,2.74325895509305,2.44688349312194,-2.85528761879419,3.47049197852862,-3.68800652562445,-3.17275390670538,1.19316654830084
1.75274160301636,-1.04860628002888,1.12736538968838,-1.93187711169018,-2.01522314516074,-1.52858242752531,-1.99968122442639,1.93444525751005,6.67425885546177,-1.86560884425334
1.049009769719,-1.25557789944837,-0.731776533381886,-3.36474953316145,-2.06162282102561,0.615723639886426,-4.91767888211952,3.74475155939124,5.16705258301609,2.26972734007975
1.02163580869712,0.478265087318773,0.297612074258229,-0.199737259060073,0.627820063747764,-0.703515378651658,0.956671785240036,-0.166690878430587,0.578094104956698,0.0132098860602624
0.272826711183537,-1.46257214013965,1.01253890696717,-2.45276111042774,-3.77955395339248,-0.630534152278086,-2.12895666186576,4.50179684946889,6.52421234647882,-2.23889887197463
-0.831169920714953,-1.27606584515888,-1.02707626407606,-0.210294529650668,-0.217072686444939,1.68365047530249,-0.287628761069719,2.60235957355073,-1.14875130192318,0.755733824981842
-1.4655853008606,1.80002381010089,-0.517490917952363,2.26997439754851,2.02276504548928,0.951136788729746,1.36544848048509,-4.31654436444934,-5.81268537913268,1.04637951027667
1.85459143974286,-0.417988641000565,0.216685068193299,-1.09247444501413,-3.03839453178874,-1.94226559805436,0.254803310216194,-0.845385936377118,3.75086112177424,-1.37227021790794
0.148742708807696,-0.208005775527478,0.354108692103919,-0.579747346544834,0.795329533299301,0.246078290304246,-1.35131054869987,1.09860996780877,1.36129667848185,-1.07715169916738
0.334591170650646,0.631159513488649,-1.38172187296681,0.198401414624723,0.649257078825793,1.28178158954878,2.13166388263073,-2.97175494933104,-3.74084973362115,-0.394587548366455
-1.05677490859169,1.04625514586122,0.556982757600089,1.0163648828048,1.48283872672884,1.20046728895609,1.0064612220379,-0.354279529806879,-2.91456826774376,0.0322018989095519
1.50136020031882,-1.33620316470439,1.55411543031348,-1.23928267179026,-1.67833979352348,-2.39305241998103,-2.01310762856756,3.30582839557204,7.27894306320358,-2.30387581746802
0.66341610091147,0.15200387881305,0.695780761924349,-0.693971827792958,-0.731800580846239,-1.6051111120264,-1.67453684468341,-2.52076108195062,5.04872328739722,-3.48678904490485
0.116600725019029,1.32130217252095,-0.550116612530223,0.677479823826317,0.54038679749354,0.595981548370248,1.79521790369511,-0.710640679827161,-3.55051533481294,0.702040220805771
-0.597834577610541,1.20585427519241,1.65287191606702,1.29076942581815,-1.29200301721638,-0.657640250301082,0.789700138654822,-2.48161357589805,-0.318748464279438,-2.4500184701111
1.49279892166273,-2.62873202753248,-0.187353979260111,-2.09924085061824,0.118762462739294,1.41993621820851,-1.75363492666015,5.53398119829147,5.38177983460559,0.0480893296732009
0.706191849784989,0.222929082216481,-2.04810662677527,0.647573811343193,1.02511506088107,1.87002635368947,1.6625671339984,-1.40487570009589,-3.11151204371608,0.854631005267673
-0.964802753296003,2.03111944464697,-0.263787346523519,2.75816525755053,2.16091970882938,0.724592910907491,1.0408017970592,-2.61409368907929,-6.53541298000225,2.4685770946915
0.542962601008943,-0.458846814080966,1.30743535710658,0.768611544316199,1.23023214613087,-1.23754597801524,1.47353665998984,-0.945091847795602,1.65282856629084,0.000620569044297983
-0.204597770756282,-0.106882323880612,-2.1161272177012,-1.64168446001311,-1.27284306624578,1.69996521182935,-0.328623495640505,0.630722168442827,-3.22956483572636,2.43133520065861
-0.115712633317211,0.993867792780516,-0.259461659989062,0.96636175963218,-0.322637168407445,0.214405633463659,1.63364204851201,-0.522541008751375,-3.85107650999588,1.80632939405515
0.0684352127391193,-0.00808998007681641,-1.85849620127629,-0.139350775167909,2.00582865555608,2.97274262457007,1.03080114196942,-1.61049795619047,-4.53489515668374,2.61397150048072
-0.389665970927849,2.4545754892256,0.0552958742573465,2.69354578374818,1.98112881411444,0.89990770318838,2.40774094455388,-2.65868342246751,-5.32657706825364,1.99610552070127
-1.78414065963326,1.09491376311702,0.20312983772376,1.33206996275952,2.29305522368789,0.959112938116622,0.0172068208767232,0.441281273186816,-2.49783535154403,-0.00540535526671038
1.49777286859529,-0.714745460796517,3.46740545762156,1.26361606687663,-3.72161430822272,-3.53443292713696,3.05386402381841,-1.9374712500701,6.06443118399536,-4.46159303373794
-0.263489567791617,-0.137766029343058,1.21672537821796,-0.768554420400407,-1.0215940284877,-0.765723010502559,-0.522002714179755,0.898031405764733,2.84919023747439,-2.22579616670776
-0.432455914110445,-1.32169888388427,1.32281864423004,-1.14811901313206,-1.23986741378829,0.827652552612269,-0.617373034402373,4.72208795221638,2.64694010395693,0.446526826617045
0.483079838074284,1.70321809986899,0.769214976666456,1.37348823266968,1.28852142924376,-1.18943507768336,0.724460726851456,-3.08578770655667,0.147456383780052,-0.507109257084321
0.234098700132411,0.288704198124769,1.24454254387776,1.85962661984828,-0.359636341626888,-0.44048008451644,0.190053139211836,0.470863315049193,0.877503650682736,-1.2863633866316
0.392462101154736,-0.262038896111539,0.589672338620917,-0.227957751224537,-0.00497012302547128,0.180603020512425,-1.75906585592638,2.89572799368888,3.36415025026956,-1.46832752022771
-0.686640498464349,1.43510626224286,1.35160400651929,0.647051511480064,1.5722736745348,-0.486541322559256,0.475951462596796,-2.38950764024898,-0.0522635886067164,-3.10233852671284
-1.07046785571238,0.711993927359451,-0.126747163826878,-0.655952368096637,-0.0809640064409749,-0.477588714371982,0.688578480791376,-2.98283806485569,-1.10343871649291,-1.7340960457768
-1.11486310864792,1.29413594180993,-0.666278495266666,0.161901947948726,0.976678509749987,-0.534398214275802,0.091250315388816,-1.09350858778824,-1.78472658888403,0.344754458922364
0.0836811799572529,0.0978485241178483,0.689732854589611,-1.41519331768314,-0.954455477124816,0.292843150004645,-2.93208970271832,0.75793151793933,3.99461061981244,0.496012762460064
1.05783490987362,-0.732190556965176,0.633556559115332,-1.283500744646,-0.0953060043901194,0.998706607942663,-0.688241199774817,2.37110059334687,3.53421735785334,-0.990998218106116
0.523144941305023,0.706229076479663,-0.869665850933819,-0.203497435550256,-0.253120512711254,0.79407335926374,-0.778558880582485,0.25741696951075,-0.258034141012448,1.42038288114724
-0.950285513231078,-0.0180849664324452,-0.255682516672214,-0.784139545742336,-0.214948961222773,3.08344419051878,-1.37533096756361,3.6263997223538,-2.04987081116667,3.79871854571543
0.081251494572438,0.55409126073672,0.713532968510896,0.06425610151337,-0.0318681582260542,-0.399258895276672,-1.2840023879297,1.44998317437149,0.673891217809294,-0.18350155335824
0.212213046027282,0.312165454498001,-0.147673099208307,1.06048771447771,2.66173023106526,1.94775408578312,1.85214119610321,0.870326106721199,-3.56134240811195,2.45733738864118
0.249577775628547,-0.317690506624832,-0.405272534801016,0.825950338166449,0.438748525375637,2.72624683333512,0.484186909760372,1.11941765592458,-2.54045371019961,2.57852156351013
1.03746166582045,-0.620010267510561,-0.870478129597077,0.0845733278610947,-0.843502955450775,0.306969775294219,1.15498817687538,-1.89239187076696,0.196655734291462,-0.188854214344556
-0.520190139339239,-1.54052455185564,-1.63866153126239,-1.48771162733168,0.888527032363306,3.92502299645807,-3.0944728549908,4.61126336534103,-0.637848118439714,2.29938800189182
-0.660154708938761,-0.0464797839245094,-0.947708753196355,-0.443174967650966,1.43941034998302,0.172059795627621,1.16812083178852,-1.97408495200969,-2.20603941468727,1.77953247803746
0.60156409978435,-1.13525458694166,0.849693508080084,-1.26904089673725,-1.72367644761751,-0.815330802399259,0.691150639063491,1.12927394392428,1.49600930161212,-0.468114680956636
0.261426421208651,0.716211164057198,0.170345678034099,0.481239902774135,1.30505884418492,-2.92457197218743,0.820960660759655,-2.76093783858145,1.14578579212943,-2.16203351374479
1.19706503487185,-0.758302578119961,-0.941015867112943,-3.74716316573958,-1.86198763968042,-0.981546183406416,-4.72717170829124,2.66860074610537,8.19992654120326,-2.22233849146811
0.873017589005961,-0.360795347566766,0.63647574873249,-1.04683772095683,-0.577678986850078,-0.376181482480704,-2.77722700857974,4.53941426850822,3.79304530918241,-1.71252425944871
1.40102758976433,-1.08761127734933,0.024371758551178,0.765596432206105,1.29931668133331,-2.38652471252062,3.07990937136545,-4.96048633563415,0.444131023512666,-0.225039063914398
-0.364841438461036,1.3820886487266,1.47620646192759,1.29422736129159,1.53105133841582,-0.844687787873295,1.49021537845081,0.404051300643397,-1.43603849720708,-2.0886806940565
0.450263922879247,-1.38117276941091,0.00356184969289366,-1.71422675515076,-0.756903966612694,1.37671600599398,-2.27368489523448,3.56959796544368,1.77166190530274,2.08424389768125
1.18597106629919,-0.582341538739575,-2.19108514583163,-0.572649741290077,2.39355473695369,1.39843726352525,0.0437628892095224,-1.67445055122212,-1.68575139707695,3.03136558385809
-2.00048510639258,-0.537864772698319,2.24395687696007,-1.88780736721895,-3.08106936888784,-0.385220405156838,-2.60500718508889,2.60544034641605,2.46844312657217,-1.05927989419248
-0.797713535216642,0.381651001175161,0.0392229703168155,0.5475815833546,-0.368798424794484,1.45184965557748,0.983580808621135,-1.27553700511088,-2.02733624898734,-0.294731267924615
0.0709140302415646,-0.906152008789359,1.53680944137753,-0.358840914419487,0.0562203992387022,-0.31189921785821,0.345320136199835,1.97164726137235,0.964642347965367,-0.550229903688374
0.122802954180739,0.238459044660977,0.986861322013552,-0.931075530521715,-1.9532755504774,0.436841723190614,-1.00297616172444,3.36436747180828,3.94662280806734,-3.73251410122335
-0.0452639786894579,-0.00873982925524931,0.67558398737373,1.36406580069919,1.44558174662223,-0.508272140291205,0.987187173042555,0.261368267973009,-0.383631692247127,-0.561622453529658
0.522838496314807,-0.496230853669127,-0.174923019120941,0.945567599802144,0.451178829297915,0.515169883624341,1.43812288956666,0.735045005060829,-1.72476847872159,-0.941842702274546
-0.45176011094872,-0.614822306969514,0.202888419048295,-2.21566413774226,-2.34107255977889,2.6636020300656,-2.37137342245014,5.28001198230418,4.24077597432198,-1.73893922520262
-1.0015721960522,-0.358882938858746,-1.06980304575419,-0.503383137027197,-0.588836965271085,1.28381958681843,0.17150751465423,1.67317505601322,-3.78116758227357,1.57480539104609
-0.829614736368797,0.17865700444014,-1.17565007236307,0.25600511784322,1.86308263390009,-1.34258528126015,1.73030017296326,-3.72903787455195,-2.25773325481262,1.03456887763205
0.647559550166287,-2.47938579684023,0.0978025916747216,-0.918191099579894,-0.751330371374228,-2.11515791624867,-2.10365579873205,0.545446906535291,6.09075271982868,-0.764324173529296
-0.00493499293189631,-0.126528097052634,1.35518777102429,-0.279071177232538,-1.13501429572104,-1.61977854531092,-0.613869423636384,2.04295231917638,2.45520890941913,-2.18226603884923
-1.08055712312028,-0.0270931537304442,2.50312757029263,0.0514541125792349,0.0777215738495356,-2.84344310150009,-0.101438391667197,-2.52849603268035,3.73667842927676,-1.36346055336066
-0.395020796512265,0.157339081736717,1.5289472542074,0.853954949939968,0.899324823947254,1.08060115768095,-1.70984278107714,4.21928846111998,1.79351433563421,-2.4795002996454
-0.843569743543847,-0.839416274217879,-0.709004169388574,-0.775905445442231,0.861746357798458,1.03866886352735,-1.74393969463222,2.42058649973216,-0.234005100002512,3.00233653621862
0.592529878500831,-0.542309498535533,0.603977637782325,-0.840492101087938,-1.70727947798929,-1.55809332880662,-0.605519530269326,0.666251392288783,2.21861443225245,0.549299612910071
-1.59791008311319,0.795235790244832,-0.238850433068206,-1.49946736022749,-1.61038633533374,0.147449056686415,-3.03927728668578,3.09877670445476,1.74802156798521,-1.50153884330007
-0.699657924250858,0.211595481796101,-1.21302858875828,0.198425995820212,-0.679554055979082,2.41790916852458,-0.528225394548117,0.543393954448668,-3.62446022525426,1.55824137468814
0.00927888656073771,-0.0325977472346504,-0.427529404377769,-1.45039750428887,-0.879862537377131,1.64608382008282,-1.78179740688323,2.6735890014386,0.646800405177404,1.52036723381966
0.375380297950911,-0.0470702207268399,-2.18274243693271,0.131201486100549,1.45447543108302,1.1173436268566,-0.661592707508737,-1.36412114207463,-1.2127526408242,2.49605988928704
0.837011492415084,-3.12639897899369,0.319297873921317,-1.25633741961923,0.37229032993713,-2.1656369249449,-1.61470521066681,5.45938659509803,6.18243190731968,-0.491868757646355
-1.10295035482682,-1.30787125715565,-1.02198362568884,-0.220163285306435,0.621172522959583,1.89261322379082,0.413471065124645,1.03125434769398,-2.60884457964223,1.44452008071956
-1.04962367593162,0.0733414069039542,0.103547167251886,-0.743128934732532,-1.61781694530172,0.606110373316792,-2.53762071328059,3.75155049014892,1.5694857503793,-0.831231742634404
0.702629201830558,-0.910474623662763,0.123479340568182,0.0673948304676418,-0.233760894782378,0.106833096991879,-0.541133510813476,0.185444173148247,1.22875880630026,0.0502361363792753
-2.14140739566701,1.31249568934366,-0.411955783508086,0.911509640557641,2.48563515750677,2.05407665844693,1.59461695673764,1.13247153844633,-6.27501272013172,1.56147179575888
-1.98589642336357,1.92442574872142,2.25711504321207,0.453254944532278,-1.18339877490187,2.23241831206055,0.10674159137236,4.46162655223441,-3.59358712680817,-1.05930708077847
0.322158868747952,-0.0360724525084394,-0.000750637496527484,0.978127026260434,1.53089149980846,-0.35501247580669,2.71172627389285,-0.997194842776395,-0.924056843703653,0.241049215340158
1.04242959489315,-0.962277833915066,-0.891444358527976,0.634860335641178,1.36388865502433,0.508621650873353,0.946879991381239,2.01773039800716,-0.840869599581033,2.57482106576795
0.437866560650308,1.11027226387215,1.78346450831433,1.97663034748447,2.54878603093509,-0.700433785511259,2.53185516174704,-1.42489008370506,-1.27447914266197,-0.654363819855935
-1.55546404353621,1.68127128768715,-1.31275925689776,0.897312867464293,0.167497446321114,2.75345028358687,-0.135809614244967,-0.511542177948838,-6.42545109844807,3.24774126505938
0.418118955043834,-1.46078608386643,0.183131345452972,-1.9566746346042,-1.00573667907926,-0.385662959620291,-1.34375771780719,2.68720491264079,4.93166186439612,-2.09560421096749
0.395370376090121,0.185254639360287,0.606274053663592,-0.974529085998317,-2.35427359384647,-1.99974038164395,-1.16026182674544,-1.2282792830906,3.77446368961698,-3.66188192410848
-0.595354896378403,1.32551146970981,-0.252678220140704,2.98282488346822,2.56739197809235,0.533045267997213,1.46960532302256,-0.983435775624104,-4.90679497668228,1.19273452301875
-1.61748820692129,1.1661076612839,1.54299469084451,-0.0770254537262776,0.224946193024041,2.31205984722279,1.1386162222467,0.978580886772143,-2.92704642165003,0.763735128351751
1.54227086225005,-0.663149778143736,1.74968454083965,-1.37797735355138,-3.46377994693656,-1.81223430719606,-1.22696196726497,1.42249483888539,6.89109142750867,-0.660393523046265
0.539111856426739,-0.39783384926137,-0.859438771201532,0.621045597540632,0.742954562520672,0.968070935546768,1.22345566744409,0.0556549553392973,-2.28583516940663,2.2692590063365
2.20557235299279,-2.01130167529103,0.0706708272247846,-2.80440689114179,-2.22722127272344,-1.33117661685027,-1.73305788340548,0.473298936598014,6.233566282813,0.527501699315411
1.38817705843127,0.234975952629298,0.320860319768302,-0.448898305435968,-0.0807201793996876,-2.02151505942464,-1.02524606811787,-1.46403622193347,3.095418800915,0.669260083897514
0.351002125092757,-0.0565190053560741,-1.14444158783191,1.36543125607057,1.47285280238557,1.06399752859517,1.39672690993474,-0.178448759563881,-3.58153663406588,3.208593704721
-0.473762493396026,0.727142723735531,-0.290660211251896,0.784862518868126,0.212521020598509,-1.12702103234299,-0.341618161732878,-2.0722822053677,-0.62788637924176,-1.19654552885264
1.04946887304245,-0.304890197225973,1.60431322343179,1.0983702643213,-0.00612196630119357,-2.28450819797179,0.54110873207151,-1.33783717536335,3.01145410983628,-2.66765300854526
-0.33368967663489,-0.886545697750192,-1.38243768296044,0.127369899016014,-0.174784067007737,-0.774469436679791,-1.68520807119991,0.91288225536241,0.864044013511971,1.2919234916536
0.0110722352945177,-0.381316304225253,-1.99316370794207,-1.39008189478956,0.186419674497508,1.41164763196364,-1.58966844999286,2.07778580928604,-0.906927353929068,3.47052307287537
0.18014611806808,-0.172602012279332,0.683735340873879,-0.243085229045078,-1.36097783506746,-0.103817565766703,1.94722215403565,0.852776305213849,0.859077233643684,-3.40535584812671
-0.716116947543899,-0.362750067438645,-0.456746900234298,-1.58891528335433,1.52097817067169,-0.606100975903516,0.691539035416346,-0.093460346008343,0.468563412148001,-1.53891062218055
-0.52613030551925,1.34344372980261,0.380124837746873,1.07806268430891,1.41516173626689,1.53723288211029,1.62300188629149,0.912413563141669,-2.08313160475349,-1.35203652889381
-0.172803581362099,0.341528255881968,-2.83717961196306,0.569084622280661,2.35346371557424,2.77762306875365,-0.639123126163755,1.48612871445027,-4.11937130488773,3.84087613170291
-0.439072544825834,0.554396776571921,-0.471274887281551,-0.971298676920884,-0.423546020051493,1.65194452023267,-0.490003715540101,0.803908136245333,-0.557059066911153,-0.134180669850689
0.436099839028206,0.639196104322078,-0.0357719720938788,-0.995455753656833,1.22647536385966,-0.102638142601607,-1.98908141873875,-1.20375420525985,0.694934241700523,0.188770105139643
-0.431733157165503,-0.428956374529388,-1.33526477970611,-1.78739241186681,-0.127870330492998,2.33545202843536,-1.16515943657668,1.52423263253486,-0.818114398614737,0.608747912102788
1.00473044376849,-1.83670597116522,-1.22837767938814,-1.24880436581427,0.603915832893327,0.225496591290322,-2.32656504874879,5.00148398598985,2.32039316930842,3.91792415986572
-0.128566101584934,-1.92088565728811,0.218453873320982,-3.17577323470377,-4.85247586818523,0.481232542210727,-0.815398489543629,2.19036340387406,4.08036629021724,-1.49897228801172
0.865402071355172,-0.779510806497848,0.506970868320528,-0.776834926327989,1.27764561136371,-0.624468967026263,-1.71585524345528,1.448723411496,2.85051301827083,0.762389493279298
0.947111037982751,-0.820383445938237,0.630766919592635,-2.57392589127312,-3.81440913714534,-2.05571058043266,-1.16709910496286,0.268289718179168,4.96774813887454,-3.04529555917076
-0.985977424036259,0.901995983139523,0.921379467024857,0.955975435485148,-1.10474198269674,0.29251770063147,0.396680502371034,0.349958731827696,-2.1698029815072,-1.0545166660664
-0.899682871420396,-0.919925860678928,-1.4704337673507,-1.08941418451823,0.426431129612021,0.164641402936888,-1.13443563522124,0.184641890684319,-0.453991066080807,1.18353798833485
-1.23300700217505,-0.539642039647373,-0.410763150207017,0.933157726381707,0.872524622081831,1.37785826537668,0.644024333895118,1.7359151241884,-2.08887459778621,1.97570949458514
-0.756671692600543,0.945831568339621,3.15841023265109,0.852868250086018,-2.47454784968671,-3.59454383321032,1.13812198745337,-2.36351026273982,2.37755982775875,-4.65617447032977
-0.269499165849122,-0.339697023702116,-0.731111356538202,0.873371379486265,-0.724598189179708,1.47016110162587,-0.593315590634346,1.05619180663005,-1.25842298846063,0.365676601668504
-0.56969585107636,-0.105560345391183,-0.852411508404768,-0.524185777811115,0.258934420904793,0.0558788932702523,0.0354998163322016,0.99942853979599,0.0395548459184498,-1.28807715627149
-1.51968999355981,0.786315351834198,-0.381759662731743,1.99891845443347,-0.660158968532371,1.85147328267677,2.31182714297303,-0.617282614271721,-6.20376467919543,1.80996474564934
0.757460399636897,-0.340089046770252,0.266689450588571,-0.786703929959483,-1.40564798108083,-0.558704062593914,0.197978043858881,-2.05052757717688,1.38826961409517,0.446139717572987
-0.528515105215407,-1.89020390888099,0.507750679850103,-1.72602004447013,-0.0961680396623648,2.69882179878317,-2.50692584991109,7.14533468995468,4.70710957078568,-0.951049947476295
-1.18857895766044,1.8857442895941,-0.413322378982852,0.560349849661727,2.46442590477525,-1.02124136086668,1.55053260320535,-3.37963810444073,-2.0370331870684,-0.852801711033287
0.876993934364453,-1.16487754226957,0.464157560873396,-0.595581311500517,-1.54017733562083,-3.58747469325523,2.00478269660687,-2.32165093310021,2.38632199276464,-1.52558855571119
-1.03476157195948,0.705559182477998,0.77071467460675,-0.873215267099659,-1.07540239136804,0.563485345315912,-0.482308274270509,2.59426367756313,-0.406165982266679,-4.27531309701559
-0.0398575973311904,-0.808546299086936,-2.21977103523036,0.214852875041251,1.31756053604745,2.71258047682532,-0.793278768292278,1.08445186928244,-2.73921598731114,3.04901522360247
0.445395999991118,-0.794938671212205,-0.704082196844372,-0.305859241118116,1.01810388149102,0.110073784591023,-0.778727662047623,3.41958837919616,0.0494665553938861,-0.314757601818025
0.381406102254947,-0.656914678889301,0.0866767998404592,-1.30180359931825,0.266744603223691,0.972337183627268,-1.29554180736587,2.70219970867703,2.8517898482861,-0.126914013075971
1.68361319373236,-0.919887836167841,-1.6356836998689,-1.33920152852438,0.509325676626816,0.179145546767001,-2.21446610297731,-0.185038187467074,1.45785108374469,3.14879986139879
-0.753369807605591,2.41223915082976,0.656555056521229,2.20042641308928,0.786666138807034,0.520595670675227,1.9158354256065,-3.53467656876319,-4.50711022744245,-0.566069568231263
-0.366266442619097,1.7445952101378,1.48756224384851,0.0086128997257764,-0.245585033955451,-1.02396227753663,-0.830710313347375,-0.0851010093098756,1.69007134455102,-2.48478721090466
1.61998268891937,0.43340558052438,1.73706042219362,-0.308065883940928,-0.871563243691828,-2.53599016155971,-1.67685190534757,-0.716318032147112,5.4370255467584,-2.92691641085413
0.164228075530179,-0.767344952985581,-1.49436691213858,-0.730610145275505,-0.251581585262135,2.49538698657945,-2.05134187322879,3.49511835177336,0.671147745822435,3.69528458393679
0.0281481389439415,0.14628539622445,-1.07188459295471,1.07885805465097,3.38277793294826,1.88680639821459,1.10195599127056,-0.782751421938529,-3.23546156072421,0.984855132857457
-0.35226817894849,0.458816266778624,0.80931413573627,-0.392203290096698,-1.31952670143297,0.838565052570381,-1.61858695994071,2.73281834909324,0.738798174551636,0.214779151837557
-0.130150055916492,-0.218771890722375,-0.451821775051724,0.418102217151117,-1.86227518708607,1.71678229249915,-0.342372849470427,2.30531721519376,-2.16861985296601,1.53362900031409
-0.380930725859744,0.088989327431781,2.31522407125885,0.0640161010862197,-1.62005900278083,-2.17723432018942,-0.652224055391157,-0.769713661869364,4.95448654911647,-4.82786496627657
1.19809971063163,-0.302677575933569,0.803051051548018,-0.714306590896165,0.890429609173853,-2.37217158147705,-1.21163978130163,0.360163829596728,5.34512295744512,-3.16119547196076
0.194931460744382,-2.02549725655746,-0.447833739612528,-2.58375344820608,-2.66860799253641,-0.88684374183079,-4.08099523375016,3.62349456384598,5.75967667845852,-1.87441471959833
-0.21875610989161,2.01133967971399,-0.0495171314672914,2.17364027194372,2.23458692315033,-1.21182031836915,1.86679063495994,-4.31867206990222,-2.21277367186918,-3.39660026607242
0.483536506304205,-0.0277169375894644,0.932990070890797,-0.482852199475328,-2.98341151292164,0.214579692850773,0.530688298402412,-0.38439787144684,0.839163630030992,-0.970525689984455
0.276890867563746,-0.424753579664539,0.527285026423889,-2.06957421609093,-3.27926366842297,-0.905786339679103,-2.15175330560123,2.61208041103426,4.37421604663696,-1.67815314506489
-0.936796423497147,1.11321082903745,0.0690210134238953,1.37159592500979,2.39662336612143,-0.735102849091095,-0.295805244948291,-1.12555527763649,-0.204298118514574,-1.11410078965448
-1.18562001475075,1.77195498373916,1.0017836816932,0.35656381631164,-1.11327059927953,1.80088493835632,-0.532307729634895,1.23184494788009,0.375219462502089,-2.83424694058572
0.080629942570007,1.30886454553044,-0.367881916780749,0.490330348982954,0.349515580571596,1.34875878278184,1.06473112723959,-0.699991183201667,-4.43688598474411,1.89511967027126
0.397606138146072,-0.182939499698318,1.53571375858293,-2.69454646789606,-3.97936345221922,-2.08868308025604,-0.709949251085868,0.504050715613024,4.31190151611753,-3.88711806710069
0.62350498937164,-1.1060281661066,-0.762854966253985,-0.400208724285441,1.27451891281748,0.761826590144214,-1.50110220536237,0.246476198802541,1.09121490774728,-0.104454313830578
0.195853496318717,1.55378530065396,0.184380020288436,1.88404409097986,3.16752721777725,-0.22304845911872,0.286533475894881,-0.662277905276376,-0.677118009919549,-0.467739632435367
-0.455650954727859,0.516549590512684,0.492405825484972,0.824679544463881,0.354348079259222,-1.17820975061409,1.02372475811021,-2.15714495310788,-0.630446232302748,-1.10144871913328
0.542673650288817,-0.476964445946118,-1.13141012627394,1.02575526453,1.26401063756292,0.365739355739966,1.13151515872751,0.126140386886066,-3.12469095955497,3.57741405081421
0.0593273754881219,-0.524516422709786,0.319867130607275,-0.565064132330301,0.352195192814794,-2.12258800425381,-0.0605647740871556,-0.90946942042789,0.757646424526992,0.079820126610328
-0.206970222999257,0.31873658358069,-1.27144335577245,0.331591650328448,0.413479302584575,1.84569690452833,0.922150678789355,1.00339928815371,-3.04915137527667,1.03173626523895
0.211238710120348,-0.508618271132637,1.15380184994193,-1.38604505554295,-1.24823966453946,-1.20824378998493,-1.71133438851714,1.51540787397475,5.12018290009977,-2.13188244729662
-0.0684621836335392,-0.606772571829426,2.48055444664582,0.450671332120158,0.061722147873213,-2.62730125818092,0.883050444996863,0.348339109780405,1.49278635777678,-0.213115510685789
-0.117662812653594,1.6652801269027,-1.71630011385774,0.276766153030303,1.51340246453091,1.13266143553343,0.567255755401156,-2.69142107005488,-2.96497975417307,2.28172655636794
-1.8729528719248,1.44730887936985,-0.971062334915218,0.89185729140855,1.41154405366546,1.69185670785895,0.916722758499601,0.0323512170156392,-5.27285735399588,0.607325196339601
-0.817826427154808,1.82339734613493,-0.143033295273294,2.06335356452408,2.52215411318765,0.865146519443456,-0.519407132914651,-0.719569477556922,-2.78426673416024,-1.54928184315957
0.779633220728805,-1.06038493342452,1.19438678162269,-2.35493780914232,-3.0596885258413,-3.25582520168129,-1.02432586235194,-2.61839992201197,6.86244090475146,-4.80837861742032
-1.89499696103113,0.574714518593447,-1.05623767733166,-0.299983915358778,-0.726710414091465,1.28150742790652,0.492375016842279,-0.338136672979781,-2.34176866997565,-1.7131817458183
1.40584184339365,-1.5608607463031,-0.127626374053092,-2.47622166714246,-1.74514522473713,-0.972044307835193,-1.78526623806236,2.46350611208905,4.60247575666844,-0.152353625090656
0.975666946919325,-0.856101088034973,-0.615576102263243,0.519376194971489,0.334150342080089,-1.19453613117743,1.48073374539871,-1.71374067818706,0.610714209469645,1.1506164883233
0.154103587281222,-0.384687959942132,-1.27782300325099,1.51746031641329,2.69574371797775,2.67955914152768,2.30814658431093,-0.522284993327836,-4.92929877789964,2.08050614717905
-0.0338637386801473,-0.846580311386042,-0.347126096919426,-0.418566875003786,-1.2033931259323,-1.15184321763349,-1.93511117767285,-1.68234124124742,3.92548462904633,0.917824241296927
-0.454074295031053,1.04619656123527,-0.371226973987475,1.02850266479195,-0.582582742064729,-0.974650925301135,0.709964895250542,-4.17379014733878,-0.99915898131237,-1.82695218194396
-0.42498545995002,1.7386637098034,0.160017499940186,1.73589356942924,-1.14259416852919,0.862157670344941,-0.644668720709608,0.492732067881188,-2.87609403017927,0.314151020981721
0.102254271752256,1.17932257727829,-0.50568786779097,1.2263120706533,3.19931453123685,-1.36166578219197,1.21204944649166,-1.60465256802907,-1.71147941443552,0.057752948820794
1.17432247151706,-2.0932624424782,1.1649252136971,-1.31935076645653,-2.81531049187523,-1.19983922641435,-0.841301490779053,4.05679173970575,4.29136004345453,-0.442640286993922
0.193488377096596,-0.949812068507942,-1.55102930780325,0.604448894683278,1.4825854340976,2.48658459951686,2.19189354877132,-0.27908184004375,-6.30587187674937,4.86618325041035
0.362734190802084,1.38028981198194,1.62828468219892,2.34991936428334,1.12083287400556,0.175015327161542,2.83792751218411,-2.33443698826893,-5.1318613317557,1.3797521117915
0.0266771374404971,0.256738491368005,1.20153127642762,-0.804803658750154,-2.86513880482571,-2.24281215528956,-0.91975075970343,-0.673562297049952,4.63932323646752,-4.1334836660056
0.931504689253723,-1.90601265796889,-1.64953412371373,-1.52923343295045,0.776291263272555,1.83961591307303,-0.648991622282477,1.24012716256892,2.27596371956488,-0.0804570943039017
0.136541536950943,-3.21545258914563,1.53126909920373,-0.972871112770884,-2.71864878232494,-2.0985908537315,0.136142412655494,1.62372957669462,4.06353293966986,-1.74325873335082
0.954555317152918,-0.749965319043493,-0.201594711359532,-2.42038789415767,-1.41519987331294,1.45179689202137,-1.23717017342277,3.17017847710788,1.76651955584782,0.0944249954796616
-1.02757085745751,0.158861588869562,1.45112045221438,-0.692904566168209,-1.33753804900331,-0.157381313213736,-1.95928861483594,3.56008249665511,3.8586997907042,-1.75264348210665
-0.698736399588598,1.87752631068881,-0.244834072466487,2.78851211089562,2.80576712544271,1.4076537288737,3.08309311734506,-0.818379308726681,-7.82402041120273,2.09489132931756
-0.476324983984522,0.389197602098725,0.565710568322999,-1.24350708154986,-0.378121372565222,0.0773051335135096,-2.2732925758575,1.10326789059612,3.22056972661776,-1.01310436280951
0.636218670437762,0.0982183540293343,-0.966186122834107,1.86678011895077,0.979007387598944,1.50082990380326,1.01519946100443,-1.66556619162209,-4.6443289790373,3.73873893077527
1.77888840359276,-0.349289839411947,-1.03985962904397,-0.217220092347421,1.06145684139752,0.414059541147482,-0.892927764019749,2.52167580082358,0.833621192484924,2.15574748151078
0.368618713541271,0.117363261131667,0.680075724087302,1.55436967554165,0.309121787898757,0.635159109226388,0.901333698241208,-0.157609761557359,-1.25995678176832,0.0647502279937232
0.203717278560539,0.234482049423659,-0.111429666517005,0.108901674140519,-1.30052631002792,-1.50433359140511,-0.403603294559326,-1.43654674602642,1.71927700445216,-1.5301815106278
0.632595278324521,0.263933744045435,1.43858327827895,-1.38366782603108,-3.06377814932228,-2.69818623824644,-3.0493091365149,0.0805773104231723,7.60638058221611,-4.47545605674665
0.236134361611023,-0.627794074256009,-0.242910279880326,0.333001229998503,-0.374276167299859,1.39806199078994,0.801968005854986,0.0275007711449146,-1.45577019730803,0.976178718668546
-1.24936191521449,0.0481917984977192,-1.09139002687889,1.13588748589479,1.57935239637686,-0.361077787055748,1.8860303202586,-1.21525249518307,-3.76616775013302,1.74474866693644
0.139356743918276,0.051630316608599,-0.586553531822149,-0.249381305628165,0.859033646938617,2.61896649633446,0.0575504599518449,0.919822139281139,-2.17042661919629,-2.64725653382011
-0.320593061409096,1.84259313962378,0.407043494031153,2.36812390836701,2.75419266401856,-1.22221169615475,2.29590515304635,-5.32428699839245,-6.08091562693547,0.84004337416467
-0.331263126370049,-0.404793276784858,1.01219876972832,0.132650742040216,0.345410790216769,-1.46246524335634,-0.835305063433561,0.802975164962839,3.19619373732541,-1.49461965795438
-0.204607365095307,0.120203784754316,-1.30917357960002,1.36248930538283,1.83185175112459,-0.546261969856449,0.916167214077067,-1.91157567717014,-1.58447043517235,-0.281775764856574
-0.748532001764654,0.859708524242575,-0.285677734591585,0.474227069310074,0.509022878290221,0.548845094496327,0.905113461014378,-1.87080820264138,-2.92251682050992,1.72101148682071
-0.383914224168473,2.41600710011895,-0.945638575755417,1.66185694362668,2.59501782329888,1.59803489562859,0.223006126109125,-1.35737712203381,-5.59812450183287,3.77603019782675
-0.547070081750563,-1.12422762378316,-2.11120938058535,-3.18342634270963,0.000998169457629363,1.91813950732096,-0.0928993716121912,0.281843001756573,0.236918298560052,-1.33203276070766
0.866583877354844,-0.334710879493883,1.14665633930013,-0.379466293414103,-0.0602324784922435,-1.15467357509575,1.29959107081407,-0.653747992772173,2.77885557802583,-3.3116261787919
0.937663224267165,0.104418903548063,1.0397105727068,-0.093739998846494,-0.338870796233651,-0.940773518144784,0.324113510540578,-1.90690884481357,2.88758916157833,-1.47014564029211
0.281484012894993,-1.9245270141754,1.63034501615207,-2.58326089151439,-6.27009647949576,-2.13944273123476,-2.32612813841067,3.22148726008354,7.6002478226958,-3.71946038212881
0.754593921196744,-2.33490861478243,-0.536812279369845,-2.63440047646065,-3.32895297286441,0.725196578851435,-2.10281372940001,3.96988960730433,4.19075624061709,-1.08888878166691
-1.56861920873695,0.826105122878981,-1.88199882742011,2.13234378158966,4.10133751703328,3.91867497995217,1.22949894295764,-0.220916904967679,-5.64792602697753,1.47087207776949
1.04727656048488,-2.19630880736006,0.835762697320788,-1.19714227921645,-2.70448884365806,-3.58374933767579,0.433679263365167,-0.843227486584959,6.71378767073341,-3.9854513260556
0.79786671097457,-2.37606832138473,-0.731341841287776,-1.42417952851925,-0.138927129445318,0.99645888993225,0.748559696475288,2.06403802983877,0.643482325928689,0.237628133494901
-0.49636912303127,0.332872963079579,0.482031857839958,0.0666125933309316,0.0895942703363552,-0.0653644088421856,0.860461009440957,-0.614383253467875,-0.273015035027807,-1.39151642272688
0.407937362218474,-0.515451282492743,-1.66831884766308,-1.05016295067294,0.803867015967205,1.74538671103509,-1.53715972798116,0.324767482448871,-0.325756103167389,1.49786531932611
0.101379972877926,-1.21631194637775,1.46496620809746,0.265099690453921,-2.33373013006802,-1.00244269717824,0.791133176303162,1.71164244781415,1.39071985616408,-2.54599643755647
-0.587597476040784,1.40992705546398,0.93814315873587,0.39880216143236,0.138570994327497,0.137717236179738,1.83190278636733,-2.28600183097692,-1.96581660500215,-0.207803998167079
0.709786793282616,0.117828722473714,-0.0706683486036203,0.0776555811988048,0.729751366525647,-0.510298937214811,0.41873594448159,0.126563351668339,-0.588926849188141,0.832412055864391
1.42139438747964,-0.155231320701105,-1.99986585944026,-1.14426536837165,-0.399289966166244,0.916638301344217,-1.05174382051769,0.65205339102015,0.602810015519573,-0.203129991778412
0.840784821860055,0.230001407670739,0.380143997300383,0.779861507130016,-1.96851958502199,0.40861015526319,1.91520783510089,-2.32955543073663,-1.10732640753094,1.02613189547638
0.50993266066219,-1.1105053713954,-0.583344881376361,-1.08380069917061,-1.5863091115664,1.15568118090148,-2.21467786846461,2.71103397935299,3.05074091985889,1.22547010818471
0.849916777993591,-1.35354650680085,1.03595523925028,-0.668385006272638,-1.63872744080468,-2.51742064429624,-0.87791318107077,1.05815509316096,5.1707596315863,-0.156651027966507
-0.14424064128147,0.97704937700794,-0.160871423856122,0.616823464456206,1.72607973951842,0.314582515924272,1.43221449857015,-3.6673496223472,-1.38420993513984,-0.37503727686033
-1.02625166447898,-0.225232167454307,0.904325308119018,-0.428569939519648,-0.635995626881283,-0.556797303223627,-0.0872657681954239,1.09738184300319,0.77637993598938,-2.23266934382299
0.861446738129041,-0.750285071528231,-1.8944768616555,-1.13540008633001,-0.757631665819196,0.108074942130408,-1.03959361173944,-0.695122829646436,-0.424914814780639,2.72766382672562
0.645315477406391,-1.58801545208982,-0.725290065159591,-0.66980164161917,-0.482367631025454,-0.0787156309118078,1.03392402362715,-0.826085141716691,0.397580928396335,0.450109925824244
0.11252901602298,1.19054013853762,-1.79370727658928,0.438220716241391,1.84748574557895,1.12041187190933,-1.18443501970687,-0.0664495957222881,-0.676213845844533,-0.533195349259599
-0.729503534809228,-0.120020832033261,-0.0981718877504303,-0.486923685423407,0.227276834573158,2.20581250560799,1.22930500055981,1.09178941427659,-2.54189401866289,-0.790989787440791
-0.735450728560686,0.525258870124456,0.705660586221794,-0.179798301314621,-0.351539309306559,0.644224840401287,-0.679826165590564,0.20767248600171,0.252999121974119,-0.372747247752946
1.3930704041662,1.45295471353203,0.408810857251961,-0.237178821678108,0.00704888605183989,-0.626697578560856,-0.621310744708347,-1.8622039475364,1.48552553557733,-1.87418369886406
-0.526652534662011,-0.0824741346931355,-0.405960665905191,-0.471969274946201,-0.527338073711907,-0.361305450831544,0.802831047973063,-1.05614025330681,-1.57924791867825,0.202829197381294
0.0715234925816016,0.587259692294379,-1.30259212796295,0.191486941019758,1.58547973656395,0.327181161347883,-0.289054877785529,-1.73503414008964,-2.46662276643844,1.06346758337214
-1.32457680659274,-1.65585307540167,-0.186123680514482,-0.878468739078659,-1.77307577824316,1.05968907823765,-0.923042524564275,3.00092384405264,0.755315122880792,0.268034573570236
0.349247361540781,0.287906594659062,-0.49734863348181,0.533300426575616,0.993700845794724,0.947034526585757,1.26433315719686,-0.0903801183388424,-0.621949523295579,0.908005460310703
-0.0826908979893369,0.602066351177417,-0.0990202159106629,-0.279243812837362,-0.971875514779812,0.747313820746127,-0.0921241647772688,-0.0768150762323074,-0.812025786701143,2.19045704283502
-0.579762119511159,1.15186193659639,1.25174753313313,-0.848458932635157,-2.51125009413841,-0.822051006848751,-0.606126280158983,-2.15594468143194,1.77888139094971,-1.52192412554463
-0.487390647723313,-0.439939690631402,0.505882131361402,-0.553194479456105,-0.25068313946084,1.19424874301186,-0.0338796600565945,0.317144176556241,0.880154088094712,-1.29311393680959
-0.332654323933456,-1.36117140110368,1.72588711265487,-0.560401821630345,-0.775763440256962,-3.21865024572703,0.477685174983345,0.13381527555377,3.97369457442096,-2.46059561197253
-0.314373753074681,-0.744652111224283,0.126637319426255,0.308406393934503,-0.176858112310891,-0.206402621690513,2.09573293882295,-2.17493962172111,1.02282176007857,-0.273869659006942
-0.483031812102442,0.469624753631622,1.22470494544129,0.443746025091434,-0.822803523531234,-0.974292721174332,1.6175909822158,-1.53150832850055,-0.337585273985303,-1.32194214593896
0.682189023353882,-1.43133265984711,0.895003579910301,-0.945153551950894,-0.612634244979008,-0.604201209763821,-1.48172279792675,2.39813584007178,2.57837086825567,0.771363683327956
-1.45670389431338,1.54087817946933,0.0676884166524996,1.71515294583583,-1.09137659788585,2.24038358477468,2.70580343693192,-0.297524165751412,-7.5481829947539,1.53454074861991
-0.57726222326721,-1.61073492606686,1.19420690142643,-1.7035612836339,-3.15287445980908,-0.537684661790081,-2.968820961368,2.50110954834768,6.51171315726084,-3.04265666619795
0.225017754266273,-0.903497806926559,-0.0678930165815302,1.50920953952463,2.34484085706312,1.40379476247843,1.13730480777918,1.87631514596076,-2.89700165676471,3.04815137085168
0.250696753880922,-0.471193626373011,0.20734986946458,-1.81776336639972,-0.679545369751128,-2.0357702689872,-1.75299545719231,0.694167077525642,5.86885262437495,-1.62988205347869
0.387590144365926,0.621555434217285,-0.307121136246066,1.12008798038265,0.731658303462435,-0.157302243956489,1.23534661241664,-2.17220193219574,-0.569561982584512,-2.17261589353857
0.605775006348005,-1.46253732707866,0.725995481764275,-1.46894167096297,-3.80928978147517,-1.81997334630675,-1.45503671730339,1.63472780287047,5.58976359785488,-3.43479549837931
0.072487377051671,-1.26483047233894,-1.6650121374104,-1.22908870754448,0.998595998132602,-0.664905202848038,-1.91720598613104,0.790224649522543,1.28091559642368,1.71661554949587
0.189766299420908,-0.994296338157281,-1.08544347964838,-0.651974759403629,0.933424197828663,0.76163536969834,0.50885935896856,0.91891733580001,-1.13382790894228,0.83986387427641
1.10121072333231,-1.60977149603487,-0.720746302704503,-1.2904499141238,-0.94182988087301,0.622508078426935,0.0553203003969839,0.981785436280815,1.30727458899901,0.371067358924171
-0.909353893267048,0.275051024294443,-0.212653115057961,-0.331907810609891,1.21118724700911,-0.200819262860918,-2.26873718481382,1.98746091158251,0.829520563314307,0.251980466644362
0.594600598868086,-0.317448784873939,1.16841182576351,0.367366558450202,-0.253764563534788,-1.06993180410024,0.24921954429068,-0.19538213709137,3.53706552993343,-0.828426241335475
-0.723305470298894,-0.597745885631173,-0.548650974591849,-0.905490276229976,-0.448527151975586,1.68521473932572,2.51470167715927,-0.47386599508604,-1.5806267513406,-0.794632832816415
0.636214088963837,-1.27280830282174,1.23070223763999,-0.119074945783578,-0.0108790343663855,-2.12412725935718,0.279835222689133,-0.868000179840415,5.20563198791432,-2.1386879386936
-2.90505977239876,-0.752438850860827,0.927223809664979,-1.35147746541282,-3.37023284205622,1.54791421800801,-0.975250097484423,4.27373134880865,-0.580844705367794,1.23926894946004
-0.486450333372545,-1.98710671387065,-0.51817438387347,-2.10300049475892,-1.3931797004686,2.68335540000422,0.199958910561701,4.59824713046118,-0.601937628298637,1.88474454129032
-0.959678263503957,0.226478483304527,1.75075080180028,-0.16720222330312,-1.64297080442803,-0.662771304888558,-1.1160271508323,-0.231288848497796,1.94852809969313,-2.3420767167121
0.993018810117354,-0.660010793234825,0.577127188781359,-1.66810006757911,-0.899486641139051,-1.02764720069583,-0.422704112880193,0.264999144379745,2.57513846446693,-0.0346560051027979
-0.0936940145892531,-1.66757564707939,1.36285719149297,-0.219418300611075,-0.240835399910378,-1.79442208652292,-0.216171141553489,0.452575250364377,3.56966157033377,-1.7522610086686
-0.646002290496204,1.24182094112038,-0.79701628450822,2.16043005813348,4.20997918983721,1.48251577414742,2.62976356398742,-3.1729634997959,-6.7465362974301,2.65205175187143
-0.132044686695156,-1.76519316286367,2.16970109650451,-0.265165498106434,-1.284699288853,-2.50125104857656,0.211375132611051,2.05840838603568,4.45533185126149,-2.88675181617429
1.01042034449146,-0.246322266235271,1.21311986958701,0.0270249085432714,-2.23517772633504,-2.41868542041736,-2.8348030182857,2.51427745050328,6.86717868681161,-2.81861200267008
-0.0705428838904769,1.0422819696118,-2.36204293351826,2.75842260963255,4.86238971233484,2.50461414114006,2.11895185771308,-1.76001113251546,-7.33193756899616,4.26900773038802
-0.199299085309234,0.0541995484724267,0.592192514224021,2.13674428430773,1.30684041116806,-0.717579899425689,1.91526099215165,-1.66313095102724,-1.34019996504987,-0.993138305917138
-2.45889590035845,2.13507933420982,1.0373522462975,2.25790985312108,-0.905224210221847,0.940172314747886,2.9779265096129,-1.49430903563988,-9.31423238425462,1.17572616770426
1.21248359160829,0.349336525511354,1.27947109686823,1.11452291921036,-0.469787134898271,-3.59222070812933,0.850359179432069,-1.2456240530502,4.43262200784548,-3.94212106118753
-1.01079370951264,0.00923966952912275,-0.331017807758645,0.490207415954373,0.640088521036774,0.23843934337792,-0.530550845076049,1.29253393355746,-2.53849057623527,1.33245795454003
0.603573926384889,-0.883030900396482,0.426992882457272,-0.219856622892256,-1.96873263330268,-0.010911929255978,0.292716384276404,-0.578670530356159,0.0365134927484909,0.410872042229743
-0.924493807770464,0.809091902427513,-0.532299600489908,1.49765147879683,3.17166128775695,0.38786379665392,0.60598047787879,0.688745500277163,-2.2462947058939,0.725119201328094
1.61716516514619,-2.00997573738737,-1.3477555410089,-0.95119511153506,-0.826918232365906,-0.453511388590787,0.536889931924043,-2.51207389895926,1.34204203205638,0.729415342585254
0.5787298178954,1.19130831811778,1.06084806767769,-0.723449690335949,-0.202655838829725,-0.175304083106679,0.817948077356843,-0.305920482759412,0.856029242198962,-2.4357495802685
1.1585802937586,-0.408079388301062,1.16488516658122,-0.227715173581161,-1.41565537006745,-0.599772627817301,0.403504249243728,0.449507230324913,2.20257194084849,-0.705125538402162
0.199219459283721,-0.594367075133293,-0.505950360168963,-0.580226596272509,-0.0389054810925583,1.4026342220032,-1.75387732460065,2.06690747384338,-0.417945233262121,2.00578049599076
-1.17301473924184,2.02667563085159,-0.528630906853288,2.17706071042155,2.79597583665682,1.97831219842496,0.769534769313392,-2.05953244802244,-6.26208234976734,2.69848247187128
-0.548851741221905,-0.806836703146599,-0.375429408166228,-1.53271632653666,-2.20575967604746,0.868198952170454,-0.397472502282833,0.923495768338736,0.487897266150967,0.574704283389374
-0.273523599256719,0.100223066718803,1.5158856956816,1.05149392693259,-0.493817400352049,1.62196968400788,0.489436826986973,2.50229857209897,-1.0942991559292,1.99058306797313
-0.985170833140336,-0.257587025378259,-1.80762186770947,0.530461664304776,3.52709617559503,0.395106580544163,1.90990577513635,-2.95223078756138,-2.15091562797688,-0.0466754609071558
1.61174193766406,-2.23857072983467,-1.02999476473501,-1.60978479547968,-0.568244423327154,-0.543682101819468,-1.99583773564484,2.34776198812164,3.43357510165332,3.24996081623359
-1.15141683803485,2.44618169622558,0.30309999959147,0.910935401228481,1.39441136823362,-0.901361108101343,0.234145679366417,-3.32196080089379,-1.68445398539482,-0.754453111374534
-0.130148618631445,-1.55992430475106,-1.91710292279502,-0.768869727939775,-0.13717061509328,1.26397118365255,-1.33337809322121,0.483264880967982,2.004641669937,-0.500723706339339
0.999374033671552,-0.728708539959905,0.494693106610436,-1.92934199026813,-1.97940169960244,-1.5469177612183,-1.57097571165507,0.664905699950694,4.43686635487635,-0.943358481404988
-1.19823981535031,-1.11556958916892,0.572847125510568,-0.761138794726744,-0.978888756940812,1.88343973468328,2.36294133152739,-0.168089796859312,-4.47761044712367,1.6143571033148
1.95973209131319,-2.08538260122028,-0.0811625860007112,-2.26542259916665,-0.229383419804204,-4.02352437752173,-0.159037540805242,-1.54369163150558,6.77511033038603,-2.76245928848438
-0.647721498323057,-0.188652491661938,0.546134056411654,0.270189249459306,-0.0532341208649833,-1.76792566201951,0.179615406678238,-2.50267980723623,1.05809502764642,-1.97210840316262
-0.537947094436286,-0.388628316108826,-0.323942792935483,0.35366773102948,0.680445077121537,1.40769598488225,0.682340006051795,1.55550527065066,-3.20316939301919,1.05765858061375
-1.61946439919947,1.70548979730775,0.612159640529189,2.1114918028524,1.59016864249508,0.806813419895653,1.66306884293755,-1.46232529971342,-5.38864726957144,1.4893351364424
-1.68139915354812,0.949805737369522,-0.17278710906988,1.78536528087722,2.51658861498496,2.44101906121675,0.994852539326812,0.671943968212535,-5.02446602586862,2.65984300762385
0.323786072640997,0.434881372609363,0.309187299027266,-0.499775744343517,-0.987908066331485,0.401119807197778,0.0259244154864126,0.665281859459439,-0.202998372364731,1.10065781671963
-0.385201130078929,-0.818856570780516,0.366846637271344,-1.14381692127793,-0.0808943147451581,-0.265660626697781,-2.50888391014193,3.6153903636657,3.64045173002395,-1.99665881616556
0.259594191388284,-1.79516971660992,-0.936080619462099,-3.44057614600973,-0.0994104015994099,-0.839254694390971,-2.35354870016447,2.21642424791973,5.54358513079237,-0.968596757431861
1.40509245054019,-1.36121695747157,-0.722927660453443,-2.02033103223408,-1.58083828165253,-1.24619671791806,-0.876633419606382,0.904606001218113,3.80885668137633,-0.546480731678948
1.29421035194276,-0.117154070089255,0.0956328951767507,-0.0947653609797825,-0.903023694510392,-2.78111512643276,0.631990426644525,-2.92430903119193,3.69229025550305,-3.51000233936981
-0.742511011502035,0.552486187199073,1.75273078938979,1.48969753187081,-1.35356573874297,-1.52629838591924,3.14246259663865,-4.39631278411515,-2.47688680404779,-1.10502659028631
0.773088668588533,-0.497844686076042,-3.36409335943483,-2.45557644948681,-0.619914756756595,3.19528675889397,-3.96370453499281,3.49823193620222,0.173441136674563,3.61285340570173
0.17148262135657,-2.69339057824498,0.0131582304249619,-3.37068090157868,-4.44242755436658,-1.45075752720875,-2.53577591683462,3.48131973489411,7.37738637536053,-2.50374442662523
-0.733628849503302,-0.553463322392439,-0.985347180080074,-0.873664238754628,0.198762328133496,1.98362758253094,-0.962522428280947,1.65096539814095,-1.24421126361653,-0.206271243303932
0.420917422939119,1.7268296369408,0.189719282349472,1.02043613063697,-0.577379836830116,-1.44933810639385,-0.971162995178465,-0.650742832356845,0.480089780474357,-1.38408725511117
-1.47828322359073,0.829633439391917,0.344454725708814,-0.581545784073011,-1.14659742593713,3.5447877251145,-1.1325324473435,2.48446059478851,-3.75074383796242,1.04406056083485
0.959683661405925,0.737315281165466,-0.669079889280725,1.23532283729063,2.38402817488487,-0.134544485070367,-0.296202062365678,-0.284340793910744,-0.457808607125098,-0.347775031209078
0.298601828800978,0.553262656070764,1.5261106707636,1.55728933478462,-0.312921694398733,-1.2592045870384,2.13628779547691,-2.12859483606709,0.632824893866653,-1.35319414734342
1.06281780729981,-1.23559553993907,0.539242161646173,0.721344692668266,-1.62619778705685,-0.418492616349936,0.38169272982188,0.290476553972453,0.0314413925931809,0.43732271501095
-1.30865099515285,0.211712360367709,-0.275771418077346,0.379011485785976,-0.0146000154896726,1.23243535287026,2.45002375160162,-1.44160337730038,-4.37596909146683,0.096829385061266
0.636633139072754,-0.279718688615165,0.425967491763081,-0.15063216869347,-1.79836337470896,-0.0865643800513849,-0.103550870808301,0.615292836112235,-0.0309952764215903,-0.00029300874504648
0.366060733269912,-1.12663473898265,-0.832213624261968,-0.36910100624852,-0.747886852417263,-0.436715343692985,-0.527109916726178,-0.26379581088043,2.30093968574647,-1.02656978427759
0.317486612031109,0.912876919824128,-0.170550213258824,0.651183206977376,0.480255820250192,-2.11445964933919,-0.71585711816265,0.116444980790885,1.48230058931374,-2.07344067205325
-0.729433065624361,1.71893943528444,0.836735747121526,0.513892312995431,-0.312622676307915,0.169566847067654,0.987278894797309,-1.9887506939009,-1.61498156966795,0.208154132652272
-0.556300363613526,0.140347938866469,0.474462559566504,-1.12472890822494,-1.71686902353439,0.931469754818629,-0.711904060763713,1.97813553206831,0.919554593195898,-0.750527977321065
-2.22059103557087,2.89005951025961,-1.66617488199695,3.07806174948642,4.79126039823636,3.02247512398937,1.8674378995241,-4.58667844917815,-11.0886274387201,5.41922233483718
1.55795986114997,-1.72844577476908,-0.425883093496759,-1.71878123866048,-0.8542312954802,0.11576562266351,-2.22453737286866,2.73465492684578,2.74767810993767,3.07246898372469
0.556969046456771,0.926800576168508,-0.494468442199881,1.11229561831344,1.50358964206048,-0.532868437764392,2.05774852347843,-2.67801779565898,-2.60706412515962,0.739129365892422
0.744692204577931,-0.010369870938214,0.880513783630942,0.992030204388167,-1.10354943323047,-1.4972602640329,-0.257368086719608,-0.803526796833424,2.2143915026007,-2.25939970404613
-0.298390679828617,0.121205693427259,1.01950311227246,0.631204975327758,-0.486836327161474,0.726935257880818,-1.61011719675976,1.4780381317029,2.02288003822271,-3.115725941937
-0.451009839682833,-1.21838149061044,1.20083994947494,0.43578396021962,0.466213544476029,0.338046165113606,0.682686327326834,2.05116996677918,0.125099931859276,-0.423269945453825
0.573396884715126,-1.79653884522827,0.472977698249441,-1.07261305203775,-1.47539025304077,-2.54685990030048,-0.115066256448757,-2.34141080457076,3.51130565788762,-2.67513727008274
-0.437853030635754,1.86391054800539,0.00757777557496975,-0.740331761719016,0.0784979410259826,-0.367757912771119,0.684655885034284,-3.1330527628932,-3.59796351120587,0.533714705879477
-0.600789171133044,2.31942072152069,-0.172425510180871,2.72037961226319,0.943992750709979,0.635635869322911,2.07844511456487,-3.32019898226512,-5.21121286596004,0.500688479402031
-0.12073120771582,0.364232736021561,0.534583448490827,-0.839384250416845,-0.438053816270421,1.17024935614519,-2.04993908148254,3.08336931281879,1.25104412187149,-1.35874474481243
1.93886748993067,-1.76149654367909,0.509164873925783,-1.85307180516574,-2.5549933267444,-3.18693139075518,-2.26200638112552,-1.47674284855177,8.43557335016446,-1.29933645449554
-1.62504916882887,0.271977587203638,-0.15297599562093,0.461178753852878,0.665835103086451,2.38260551684195,0.36462083919143,1.15379710287211,-4.39696182641811,2.44650670108092
-1.20582536236674,0.240287424327435,0.0206888084589639,0.792976558473999,-2.29644282811881,0.246969561849321,1.91780886539207,-2.07911177843099,-0.385000521641349,-1.38661438470023
-0.00251891747289056,0.143736422019143,-0.625364278579665,1.34600358492266,3.28610134481977,0.717253769865568,1.52506790262238,-0.611606218578211,-3.2551302161584,2.75424655344992
0.65366269711532,0.00469433159489735,-0.807688888943001,1.32877441246533,2.36270901459423,0.120336303266568,1.85296672554809,-1.35469220518492,-3.48486040206962,1.55429458236075
-0.0792982681035691,0.239187296188887,-0.338035668102475,-0.570049629753597,-1.88569878573223,-0.0786355042121085,-2.83097493482768,0.867510600835809,3.09194039828003,-1.80967481085293
0.139642865350662,1.84324736902969,-1.28158847900729,1.28007692532784,3.27264749115864,-0.935260465760339,1.0030123555389,-2.68173848034507,-3.54008664553977,0.529312061235656
0.344281677274805,2.55668933352076,-0.755109938809024,2.70441634784713,5.49329867232666,1.1613600358382,3.67171492173031,-5.2293278385592,-8.17607309625151,2.26310637909826
-0.0349780294526495,0.133359994612991,1.44964892629892,0.114027151097059,-0.984591181508507,0.0216029068754222,1.6390660827308,0.342269798922572,-0.43957933904659,-2.53667708048203
0.440601558728603,-1.5753535027281,-2.27458061899646,-2.09942812487007,0.155470505781535,2.04867463599998,-1.83552612710385,2.42149961551423,-0.436033705646638,3.12718894546508
-0.0253489818198064,-0.056365418584541,0.434630504050949,-0.571033956177613,-1.98225090842342,-0.897057514880693,-0.77224801703164,-0.161634239276373,1.70254976736384,-0.485971841406326
-0.915706428255492,0.728477062084079,1.07584895906634,1.84594395610389,0.739057144724393,-0.75240707929485,0.87312958707129,-0.431155370183515,-1.85365337729408,-0.885380602154325
-1.033070854346,-0.386686640181107,-0.739080110736884,-0.822211436816214,0.649634704426364,0.869545157689021,1.75639184471537,0.412875214920252,-1.29506417035884,-0.858363216659153
0.205240404742347,-0.987970448802995,2.64385564099387,-0.797123603313955,-2.82963221923807,-2.41777914875323,-0.958694175690918,1.38847004514884,6.87046347153446,-3.79730324476653
0.484215749411446,-0.625735232890713,-1.52499874906218,0.86484552783382,1.59633351311385,1.34262185886262,1.40572526950453,-1.5556803483234,-3.93731525571553,3.15563916124584
-0.230567333779516,0.192752015693483,-1.52303701870599,0.695421632114811,2.05773634973682,2.55564442025659,0.861947951700988,0.48015460023942,-5.8205731711648,2.08275316926309
-0.601256453196682,0.0784818401911893,-0.915953860952741,-1.91550693193879,-0.609712564844613,1.26688081429987,-1.0913596890095,3.20763020816286,0.715322728555128,-0.978327332252618
-0.252841452726643,-0.589448403455945,-1.1452797597471,0.26355333888409,1.01454392788677,0.191118508760672,-0.915879809922767,2.80057474845979,0.290400205751196,1.73006791043109
0.723936771548239,-0.126659865513466,1.94154916334237,-0.986816629736222,-2.03271817610226,-2.55388866139115,-2.12410606215427,2.21561570740712,5.40942296235292,-2.2724810009411
-0.87136388598915,0.231192373128341,0.328372470361117,2.15409762415685,1.32112955331455,1.04282445382542,2.41489521824081,-2.62757684903428,-6.10812573959378,2.1571446381764
1.4099055665885,-1.44175443066825,-2.00438594240894,-1.11482131193611,-0.151592075731165,1.2615944800853,-1.16765160109395,2.83036597053588,0.434046233538203,3.48957643811655
1.01466878458549,-0.224338001261879,1.80662929951234,0.134512517753102,-2.80691197248201,-3.53096242098885,-1.92437182983677,0.890865123673276,5.9836145519624,-1.82128055680604
1.19323107731868,-1.32025581952508,0.113439143906768,-1.54338994306941,-1.27876231946611,0.656019668978991,0.306609640093841,2.66401900727092,0.624285609662239,0.795536961816375
1.11900261759592,0.799687897507586,0.323702860730483,1.04454121358291,-0.678664616011152,-1.79423129926157,-0.21638017855758,-1.5811692536906,1.45930517866792,0.699698247397066
1.38945667411629,0.137015282049635,-0.397227699872745,-0.80581635886292,-1.48666650453478,-1.63595766493619,-1.06606716188334,-1.59010100129579,3.34064051630065,-0.383451689236573
0.7160926480533,-0.527712802367987,-0.671387851265606,-0.542878899345254,-1.06941763019525,2.12473206276244,-1.1166581186905,2.72410875069049,1.66211013124594,0.444923800184597
0.526052327187045,-0.414432068451018,-0.944670676734152,-0.1798744174955,-0.346081031227241,0.521386933008159,0.318433208062946,-0.446841310116642,-1.00938415700763,0.274500842224932
1.18565079093102,-1.99486790112512,1.47066075070109,-1.37945084305643,-3.03844579879588,-3.15541422806689,0.604673653021522,-1.09658775597858,7.23791316214564,-4.33692530573093
0.399196223493319,0.0291670769121455,-1.08579251144874,-0.268138848043439,2.07168413527226,1.42805319562432,-0.525651690372503,1.42123573940579,-0.0373213161204712,2.34128056174307
1.04538529297565,-0.815213618660699,-1.66925893139748,-1.24559387912296,-0.000791708857067266,0.103978323183169,-1.28749945454429,-0.244878337035381,3.3048759988166,0.19829730367568
0.327246229671415,-0.275093197822568,1.81258405681531,0.761624133982545,-0.470868770105243,-1.04029209683112,1.66034111555366,0.0470652414575493,-0.527920203970848,-2.34188172178451
0.897250952566478,-0.465667632056922,-0.714696395512678,-1.2434954985571,-0.901255308983822,-0.774610824137823,-1.42278765307122,-0.176202338181239,2.40494264334006,-1.77636194336385
0.878680962722057,1.69615582878361,0.110172892353079,0.809270574915734,-0.938589768147908,-2.89376872527756,0.758837054428408,-5.40320023535254,1.88245183316987,-3.66334764687348
-0.635823229808076,-0.00613676548047698,1.57303517813285,0.725955496531093,0.346313171119306,1.42729132161294,0.860411308649135,1.10421106868706,0.244487656339973,0.243547146380436
0.971637665635228,0.30889733763179,0.622042598228975,0.279317722084707,-1.07956265009085,-1.25542782772343,1.5815944682678,-2.80505685866125,-0.276245420427473,-0.5816179031361
-0.744060373590884,0.533666812902892,-0.0612380352834098,0.993323928887482,-0.652698730495548,-0.736944476051971,1.962347069019,-3.75381959367504,-1.25587749220232,-1.58451070429474
0.228587053335948,-1.07187356602831,1.1993164098947,0.708811596271921,-1.62739869960937,0.0815397966756981,0.897660405118582,0.291973349963023,-0.463931601297512,1.34234633165552
0.929402730212147,-0.291058959185238,-0.647034461647469,0.470735892668017,0.877971320251994,1.32444165942746,1.121222447088,1.07777813623198,-0.546212928583566,1.91039978634935
0.667641771300436,-2.88074911684891,0.444817943405027,-0.758545800508913,-3.36019996177903,-0.769210031535166,0.611323266702473,1.67958171945876,1.69985851405408,1.72933670722102
0.266271385677541,1.09197749457726,-0.349832886212281,-0.330260118046671,-1.86838658815122,1.42441799908843,0.0653022520274047,0.27335845218049,-1.20859926995173,-0.192263418925311
0.78419827963201,-1.97841977903159,0.0128101837144075,-2.61216614695453,-2.11148128836985,1.00389528346645,-1.93636026147516,3.84657665473287,4.07882008372506,0.879708961977146
-0.162121662638615,-0.0437552702909715,0.473063886696085,-0.238038473661676,-2.07612676068464,-0.86945297138336,-0.513761669737298,-1.03099593207242,1.75533519574591,0.600815057787888
0.0401949794865574,-1.16051954736387,2.22891865070995,-2.78401044830862,-5.00783612984453,-3.3900749750825,-3.45482271921849,1.36805802933235,9.56304658539075,-4.8999141472379
0.39884046126815,-2.67640666087677,-2.49014036436683,-1.04160052057655,0.467075690685113,0.730887885354272,0.0962157109430717,1.68378897740489,0.0117694255023018,0.979133385987839
1.10408717765025,-1.25580888673826,0.567725083528404,-1.9071359522839,-4.22651004169865,-1.30999262930626,-1.83545307778331,5.47108426285684,6.06485546246406,-1.91856831929162
-0.228670996017829,0.510941876159776,0.914770507306127,-0.323845666051202,-0.986393533708959,-1.19871605216387,0.937523420111469,-1.49483728725364,0.827045688749646,-2.03087038022666
-0.142019141790759,0.0433900552822585,-0.0110683443393998,1.15552425942476,1.28103234718985,-0.882696270133678,0.419335438309188,-2.81038488429479,-2.12536350405901,3.1349442790559
1.1525078207388,-0.385685821366533,1.60991265485138,-0.0492487838964263,-2.48163342109076,-2.23913906538022,-0.156396462906708,-0.654695258938512,3.67390017976523,-0.485412648697473
0.851882927022438,0.330413431546211,1.03623206388624,-1.15425622472402,0.377420612322636,-1.77543466171452,-0.708396216401031,1.20547885106422,5.20286105518631,-3.54192740580063
1.92617322785202,1.38399653918613,0.312364717748926,1.07140317519693,1.19480207231101,-0.943676727663036,2.54662904104034,-2.84194825665829,-0.767950742468218,0.388363859384911
-0.938682286520682,0.507784035170951,-0.00968893199626941,-0.605571197886905,-0.623015667381628,0.786951921516599,-2.30022175800054,2.00300613035051,0.525999391934062,-1.46521145724848
-0.592598676505534,0.270401571684946,-1.00274707567605,1.2540730535701,3.46644659967254,0.605484222841414,2.62271655467597,-3.57151848688714,-4.96523805743586,0.366007077952466
-0.0221615619903197,-0.00191565125780247,-0.295431821148445,1.22011490348777,-1.21272369881283,1.15916647750691,1.49440056717556,-0.762946243710675,-3.09309137136955,1.21015846980863
-1.72556100134386,-0.0726890217912772,-0.828491993295436,0.558058835567413,2.03863728988223,0.605102683787441,0.823591450939864,0.384538301903911,-3.78625823637929,2.50048693820227
0.647757488678812,0.326191226764647,-0.354094595149876,1.27190484485122,-0.708267423893114,0.526315698755249,-1.57911709064437,2.63359321353897,0.3105973356589,1.12961005395388
-0.687319166011373,0.366247803279324,-1.01962254407489,-0.497751709716427,-0.598827794470275,-0.0200448813853256,-1.19286731125271,0.094289869944706,-0.664762989963993,1.04233928087213
1.72550172580583,-1.14260998599382,1.48561151099212,-0.0156348002172621,-2.37671782750948,-1.65366671304774,-0.115507208439963,-0.79743841348483,5.55074106208614,-2.05640243779202
-1.51401416636407,-0.313288230060031,-0.294193638689279,0.316437594216581,-0.362044646129935,0.0189978526576966,1.56906032037319,-1.53931966264331,-1.75050023930139,-0.417829203924363
0.987751031173172,-1.18200102873011,0.915421115033755,-0.454970275354039,-1.42022645143159,0.0657991718086544,0.18974746627989,1.08328340856907,1.18686356342988,0.589015051400635
0.827659421266819,-0.285830633513476,0.12879052551238,-2.51731778772948,-2.38654257950222,-1.28550848632289,-3.04605512237226,0.371272777750899,4.50080685259471,-0.414091551330519
0.890665338963367,0.234224880869129,0.29708753364476,-0.463645775922084,0.0941173893271825,-1.89494147108784,-1.59859387899439,0.381829141184882,3.82865455154972,-1.0121872223865
0.429156887974709,-1.50641439699129,-0.565126424625304,-1.37572942745869,-1.10714843491105,1.11842388243367,0.79769599851168,1.51738265987265,0.588766650941215,-0.951455793588985
-0.55180688721713,-1.48253271218175,-0.472902563303791,-1.22688811323341,-1.79444760016582,1.1088774182275,-2.77175359820594,4.14707304303683,2.59433148170309,-0.0565248387005185
-0.442620271285078,-1.07510381986976,2.68195092449281,-2.10222210958387,-2.22540240897317,-0.940153089627208,-1.06084738537169,4.35202941801874,4.22804233483645,-1.04357303644878
1.02348416821302,-1.03425480118597,-2.34230947012456,-1.33939691934899,1.07211138639644,0.434635759174193,-1.1244656010467,0.837900708611752,0.787720906332393,3.01340409750321
0.532907312681522,1.66449544396842,0.540078654262643,2.15718953873297,0.801807982178707,-0.60682000510836,2.03153370175524,-3.08907528443992,-2.01872819798796,0.158293073578182
0.00788527471387442,-1.87055784153848,0.486075910649669,-1.18991933038719,-1.84082862410704,-0.149128376091435,0.131181722684961,1.71011839506378,1.50250924047185,-0.0653783269073227
-1.61213975673317,1.65004682983562,1.08445186548356,0.178943907466928,0.0135054090950773,0.625096516860795,-0.564502898542181,-0.478047451098533,-1.19599921408789,-1.28643938390681
0.560424643813783,0.0397107003550244,1.71369128556898,-0.234586177571938,-2.9063206186524,-1.25805056166717,1.07114468382837,0.461883887691294,2.07271636593089,-3.4742998909732
0.961856149012001,-0.825858300695839,0.337035877632626,-0.0342742716804172,0.234472101216628,-0.0263094906185632,-0.429617204561002,1.59884120057914,2.9548852309568,0.23044932359748
0.0595619713182506,-0.056755335121111,-0.268232072659622,0.0882756063021959,0.539790330080176,-0.588614950285381,-0.640912363441368,-0.570176072652937,-0.0256830058478238,1.57128818188796
-0.400500504737375,-0.046169464030747,-1.18406367493731,0.379579651418882,2.19429340453052,0.761908118313532,-0.570809234479891,0.731428111579828,-0.268991224872641,0.626917924979299
0.405268439771449,0.221300998114215,-0.459268189672611,-1.35458907147473,-2.54995805981596,0.0885929374649765,-1.32874382752462,-1.23191065482697,2.72928908999815,-0.621095693608877
0.290697133537944,0.757504668225535,-1.70705258027255,0.776689279501455,2.85270188767254,0.686856588940158,0.0458539312832459,-1.35949670278564,-1.03236742728022,1.04481448425359
1.04161059095223,-0.772912538187778,0.264340935129119,0.0964181553939501,1.20119594280435,-1.93602513560748,-0.230705818987766,-0.858056309605413,3.54203382135301,-1.86303718662893
0.275974278635751,-2.20958290689875,0.625101257646816,-0.328131396703997,-0.485638489508385,0.384563429843349,1.60604966661217,2.22387433471207,-0.229296841686746,-0.682679634750987
-0.0753257626891626,-0.982464974720025,-1.72584404893993,0.156195268486613,3.93625252067921,0.323974695867485,-0.0740531818046936,-1.85943039353742,-1.00005133093928,1.95637755930488
-0.940015723494151,0.0610680712734121,-0.0878191053718479,-1.04065367773121,-0.594070359146534,1.56443752422235,-1.10660218872864,2.47074062534095,1.06649609140169,-0.642666992049121
1.2656148297841,0.440719992781828,0.202030956829465,0.181291382727146,-1.80657371742075,-1.44180627778149,0.472194172465017,-1.84739798271133,0.266261494676341,-0.857224455755132
-0.421173386159584,-1.36515757492403,1.35699290416159,-2.94609969356364,-3.97489729752112,0.153672334744822,-0.902213746979786,3.11418345726443,4.91740185780367,-2.50482801354533
-0.366238731464909,-0.891329956639035,1.20249364636436,-1.38805594813667,-3.88207829928594,-3.40184016652381,-1.57380132693176,-0.142741900288743,6.03333312174222,-3.31072266291552
-0.237844736364186,1.50555000006138,1.05816567845021,1.43529448619573,0.143373059811982,-2.01893703198524,1.1252136700877,-3.4337598112809,0.863664596797387,-3.4408022618356
-0.460728588377098,-1.21102305522576,0.337677699145401,0.674336019661583,1.35302727402954,-2.26020164755963,2.01089751650525,-1.32234277183587,0.339736572259278,-1.66468595986815
-0.454075198196403,0.414629263610992,0.0694491720779332,0.554144429752968,-2.32580044167313,0.521802746015523,1.36359966348811,-2.0630535502233,-2.8899399000335,1.535524812845
-0.7926885618385,-0.543121993727419,0.882745569876187,-0.2354772204587,-1.87350475445885,-1.15177544437959,0.880122491084949,-0.179879781146712,0.750406883631811,-2.37667844822318
1.15770504612541,-1.02845288839031,-0.0226378129508738,-0.416892916496147,0.297723744864364,0.666834167940859,0.554367763755542,0.674441814560042,0.131783053183988,2.4530785801141
1.20407023449474,0.545901698057183,-2.04029821629482,-0.0344228830320188,1.65100934719226,2.42033735515587,-1.32199216329244,-0.938709359916636,-2.18702703961932,3.75838206971256
-1.29050356053636,0.454340684522163,0.257117401374292,1.18813612200836,2.44924397262421,-0.337469746578669,1.2426332465693,-2.2092268032331,-4.46523490050856,1.03008193477277
-0.568498812857727,0.1891003087273,0.227414599089235,0.12945955270171,0.703689766023404,-0.203760670710216,2.40234355944969,-2.84570950407409,-0.620332129967239,-2.0729960641879
0.149970060474557,2.10686427914371,-0.587457044806074,3.71982371787138,5.51102702555314,1.46333204777054,2.82577495932253,-3.17122169546908,-8.12950265908748,2.74230040235813
-0.856778591605167,0.958287132755326,-1.50676471335273,0.22986982716726,1.60151768052688,1.97540072095398,0.0904384540754891,-0.672113657886515,-4.43875967420191,1.00893943926158
-0.234678412790571,0.286116198262004,0.207740538992682,0.127980388403735,-0.770815528781166,1.01309980892316,0.335236556755125,1.51567126143097,-2.69462536802092,1.21884924582825
0.24933744376736,0.521926362498622,2.60302519831363,1.47477398514067,0.0348825121335054,-3.05265556998792,1.60531266302055,-2.57171532170082,1.88783369364063,-4.72251213538237
0.972327631764839,-1.92262806082926,-0.334969243033617,-2.91066045063554,-1.92141965126527,1.10919202814997,-1.16035234824126,2.72109546928807,2.88050609311469,-0.602688996939801
1.26091600801602,-0.0829084450810444,-0.79082403759481,-0.864040233779514,1.53779571250152,-1.04293955606912,-1.59143363330098,-1.331941200012,3.03779106419664,-0.803802371435414
0.14278242116351,0.126219845851922,0.110627832687586,-0.35968566926058,-2.01738640180699,-0.75057821090014,2.13828000936578,-3.25600362073272,-1.17949666946637,-1.14102452553287
-0.650678657367687,-1.11419273034897,-1.14494480766804,-0.850579168317894,-0.0493369416735003,0.308644338206065,0.734592314782937,1.79943659533302,-1.12253284545607,-0.312350167884907
0.511462687260118,-0.552952866483628,1.33988509461413,0.48159737989365,-1.65033417492547,-2.57784023798417,-1.19483033756862,-0.874582506418824,3.60098297616654,-2.26739384187744
-0.0437513517833935,-1.14288897813683,1.23895247098833,-1.30638532872669,-0.664328490634931,-1.87426145299369,-2.89955460918596,3.19414849396326,8.47011816087943,-3.20060163777457
-0.195476751627762,-0.00664998076922113,-1.9491873711336,0.565866605488985,0.23733225871557,0.791097423381962,-0.594605447308094,-0.000283017044075434,-3.68016204714188,2.59119709436674
-1.60279206387123,1.37202945840722,-0.676807627032088,0.545630405124608,2.45473891995242,1.17647277606705,-1.67205720542454,0.877859328895817,-2.50159606066348,0.683948459295906
-0.584266514407415,-1.32761824967757,-0.133118153093878,-1.34081561289516,-1.24382700424124,0.349443063881055,-0.647372274040739,3.16567079184772,1.68011641462663,-2.16992576654277
-1.10935574827387,0.947662631263035,0.12552020917896,0.777739093463112,1.3977324456529,0.465122429826244,-2.27389633836175,0.770151434568556,0.839558166125193,-0.75729092467221
-0.335510614976285,1.18103670113143,-0.107768494992609,-0.255864365909988,-0.933412196406469,-0.735978841943495,-0.658749900844253,-1.86710224331671,-0.049582549924087,0.514800691217625
0.562495741992656,0.0942414243969501,-1.09961328958652,0.453235729428179,1.25137858001432,-0.0728168754427902,-0.664765419019617,-2.27494983565515,0.896668324287807,0.129906849714392
0.648592079296162,-0.943678644879063,0.145161207425207,-0.939888040118402,-1.05132409048951,0.131367844644455,-0.0783034214038797,1.28592650530666,1.80148445005538,-0.583657411683372
-0.0680198638479175,0.176054406219423,-0.794016345650052,0.680635393131651,1.24099274419797,1.36077415504096,0.827977985408816,-1.08973616161288,-2.96428907062643,3.48637452815147
0.86666044701106,-0.176659700778479,-0.686374491705738,-0.512601051156603,-1.1300849075975,-0.190921269830648,-0.097198296220936,-0.57396789632877,1.82203382746139,-0.698920769188088
1.69709906830042,-0.153540107215181,0.322019620701289,0.910539410096267,-0.589523884104664,-1.90174328270848,1.66492216510954,-2.43653329205787,2.54578075612622,-1.99165692203275
-1.00434389928854,0.44201871650226,-0.282838687062099,-0.0458326747362419,-0.0715984037903762,0.663969821303357,-1.19563840837658,0.861012917556498,-0.633331395623842,0.877441636929433
0.73120294109045,-0.388442266557082,1.34341953049761,-0.395788475451789,-1.54245874163459,-1.21160539539833,0.0540979326189008,1.20858797051679,2.92240371268422,-1.22928300359212
-0.682288759558832,0.522574371086329,0.0180412613816427,-0.421784913198271,0.422441556092847,-0.0701615943943507,-2.50765853954841,1.45908746173206,0.924790618314643,-0.0821121658384165
1.07163812566658,-0.114166355934965,-1.64082262082007,0.749565175962231,2.67092002156452,-1.25388846161756,-1.37868562198932,-0.443425038469286,0.335683071130816,1.12755428040826
-1.38871704957443,1.53535316932405,0.24491608692247,0.691032505993068,-0.48270686770409,0.0901566945898508,-1.78134204685098,0.351781398494292,-1.18841560819266,-1.09092080451267
-1.36075257303796,-0.0880682804001513,2.68314093652796,-0.470453072821605,-2.44457350497398,-0.657415562156757,-0.563398614634694,2.57174347149864,1.91313771885482,-3.01259753268405
0.218985171774782,0.638089183395067,0.999047350048994,0.613347987416162,-0.71575504222109,-1.468901869489,1.34074398930518,-1.33145033239036,-0.451672582341515,-0.855693544414408
-0.826769248850579,0.459652818202483,0.866307318741255,1.2167551724822,0.918910065740196,-0.504011426777694,-0.848059607289604,-0.591176874183133,0.574660762756534,-0.344403264432951
0.884803215620486,-1.49005602398958,-0.429812179820532,0.367165278221222,1.36922273120058,0.343720363964895,0.916805981751006,0.401240696878309,0.047662762509442,2.15832081185514
0.120735626205532,-1.03104746259806,0.605267832031961,-1.85808970355479,-3.0997409564448,-2.61856820620944,-1.65237245808887,-1.09402930710699,5.41219586069498,-2.7402513402466
-0.929297760215524,0.757137634710279,-0.650470482129899,1.00907286672105,1.82437083339835,0.172472701780358,-0.362528093084295,-0.716611594546115,-2.4960848636156,-0.3334878252811
-0.777831051982479,0.583732490013121,-0.106370054688214,-0.379525315843449,-0.512668574946131,-1.0880096399182,-0.593930240643879,-1.67234951276674,0.485816784511502,-0.579660642149874
-0.454260817214397,1.10335925164775,0.00739774364342596,0.782777625747067,0.595826708893652,-0.131596451407004,0.841293166318004,-1.7016554622268,-3.19919074882573,0.823765765308559
0.296721845170528,0.496798449895006,-1.03548738975062,1.20720400277831,0.856515895923285,-0.361378509257492,1.82577417257769,-3.74691757959505,-3.98752340832066,3.24094901937926
-0.114468345200741,-0.251977135742798,-2.96362650801161,0.0941425721454669,2.51357601593402,1.97302652941623,0.0647849053150922,-1.54430456360093,-5.10918995149143,5.28471493487502
0.440246946272058,-0.540563494792851,-0.638866703947028,-0.0590727028993224,0.494807864970112,-0.963841044867115,-0.389534321246577,0.58315582580385,2.04236877796352,-1.65601611955993
0.662801185047755,0.0359426488481056,1.42470243936794,-0.617296815111113,-1.68884148624401,-0.914108311299864,0.0166082929226515,-2.08536703226682,4.11973914443965,-1.58192934635951
0.199480532390522,-0.105766653040516,-0.182103372736317,-0.0598403936804049,0.353027603026549,-2.07413368368917,-0.826165282542537,-0.93135453217767,3.42648588071388,-1.50026095201617
-1.90535212857973,0.84815910716791,0.00569086876915426,-1.00997649189032,-0.810550655416777,-0.0387582083140293,-0.565819701112542,1.45688777136773,-0.125223066682105,-0.404556160158462
-1.40067110471425,2.57654854082862,-0.952729009028308,0.313140114919233,1.41730374015439,1.75714934753735,0.44003749277262,-2.11402059274599,-5.66256617888998,0.69119007993443
0.972162135882815,-2.44646803099342,2.05263704212963,-1.1413657233454,-3.28398234912886,-3.53680561005774,-1.17614439385287,2.82809082384682,7.64500294117791,-2.99822365949067
-0.00692712954161764,-2.57788043053,0.627425132090772,-2.88828818168776,-2.58735453283196,0.591627463970347,-3.35425464231878,6.41389422138158,4.26763934643633,0.656682053752887
0.43656502193439,-0.580793446740555,-0.594747536066915,0.0281933920379036,-1.48815099153367,0.808807076387409,-0.668752157092621,1.84844733746973,-2.04167335068152,2.5304711052046
-0.388417683463095,0.451526063838374,0.378412775132811,0.739680974662305,0.756535083453872,1.64790191289506,1.17158564866051,0.258830000508343,-3.91978035138704,1.09548374992343
1.08595403864164,0.184211437315264,0.194353194685487,-0.591550275557973,-1.72736006909498,-1.48153408426372,-0.791560756793785,0.731297912540346,4.04104190341804,-0.68914259768197
-0.150041341923235,0.273687786728922,0.748142799823995,-0.0364756244462273,-1.14222585334849,0.369657210043919,-0.152568163721193,0.780639019944444,-0.000446169112103878,-2.2195161686636
-0.681885544316566,0.36710011339759,-0.714325270260973,-0.62710083128893,-0.622319518391837,2.29306977608703,-1.72011631058899,4.121779226371,0.952379332668186,-0.688045518891934
-0.445513563282673,0.0587099554932714,0.408706916040885,0.613951107566305,0.268240467619384,0.452288472571746,0.188343373058703,1.28967274313811,-1.36534719929939,1.0319322942864
1.24174794329239,-0.00625677133781405,-0.61372489978294,-0.721915254822836,-0.845921624396391,-0.773944504258943,-2.06042475431231,-0.480390936462892,1.67768869852276,0.813700832946032
-0.844157329429772,0.398073962481871,-0.246142753039219,1.63272987289558,-0.147183533119993,0.705340640175646,-0.122566531762215,-0.882506549188002,-2.77718599621882,1.99990970995686
-0.356373426788964,0.71323326248733,-0.497560081854142,2.91997574432022,5.12437170914553,0.805606326344345,1.93200261189865,-4.44712103749365,-4.69499318092951,2.80260203864558
-0.162743848147046,0.785340593766556,-0.575936429180229,2.08276261089172,0.375966243226516,-0.549051780383869,1.00413165516205,0.448631366078512,-3.13592024133808,0.329536060152859
-2.2825075591102,0.682753942999291,0.688166980373846,0.528408787625561,-0.719009855348201,1.53566693696468,0.313594932869449,2.22672145809968,-2.51456822950349,-0.29854391513371
-1.10099240065007,1.02955677642433,-0.749664374024341,0.958528167444356,2.64420463626441,0.354624555221927,1.24830721281252,-4.43908956116077,-4.08051897613208,0.986132871445447
-0.262407525300906,-1.06752748212863,1.00887237580828,-2.16548249920992,-3.42220335678886,-1.44413282127058,-3.01534353448497,3.75580008376477,5.85803840770179,-2.83286519005407
1.7728484749889,0.376080138154709,1.26430627697781,0.944777979310867,-2.23822170048351,-1.06216040928907,0.944300823978745,-0.551604185126151,2.55504190910393,-3.2365596475029
0.193817648766328,-2.16739341637926,1.09791476064437,-1.20647646475052,-0.465485785860805,0.443643107377743,1.01772339945078,0.319310453637968,0.39515889913326,3.37009294238483
0.711899627303977,0.0713530434271211,1.87519926664368,-2.19962499355635,-3.06432008316665,-2.43605100047216,-0.718964113605123,0.11755950654423,7.43928177543049,-3.63894482632846
-0.227088050634017,-0.635348643024039,-0.242522309840019,-2.44317627010633,-1.34573174774398,0.993025433433685,-2.17238272132845,0.993976441791526,2.85371710606351,-0.457941379554211
0.691047899435159,0.668907421460405,0.722783556768466,0.342130925110433,-1.1605535174044,-1.55961648031924,-0.475475478222161,-0.432322751043109,1.24050060481903,-1.92970619101092
-0.177621638541339,-1.00842601667382,1.63580078307995,-0.372468609583705,-0.957592492350696,0.458267563625767,1.09562423532616,1.55362745070788,2.34260147022913,-1.29661871971468
1.08026730231132,-0.700340776211952,0.561115604644206,-0.630952389937098,-0.95558355784041,-0.41767952595709,-2.3428743094876,2.93481029199734,3.75877063064799,-0.696485203390387
-1.02178327459195,1.09551855541977,-1.26094248165358,-0.977059032212384,0.57695202032221,2.68751429164583,0.840556490356215,1.09626856718913,-6.08160559534272,2.27288606890346
0.245561076325985,-1.66886892658489,-0.983040678844821,-1.42629779070852,-1.94201472160874,0.751252510866923,-0.236277903685072,0.515783623537524,1.65202390278427,0.455329128643998
-0.256976987541705,-0.180577702395864,-0.0872442814614703,0.812698420780404,0.270872370065306,-0.412469811173755,-1.38800525630045,-0.922046981127339,0.726959985099579,0.145261872185772
-0.638876465340355,2.49066017846606,1.7056211318568,2.16742918056208,2.34901135578702,-2.44867096821135,1.44476970925511,-4.26932911201322,-0.272766255235159,-4.59168529394235
-0.609599525596684,0.286252361549357,1.09926477676732,-0.10613888742709,0.537071844076741,0.208103812312427,-0.0801285112733228,0.648374841187159,-1.10580101937883,-0.00764983886147255
0.437803157584655,-0.718163669525018,-0.665354053717865,-1.17944350799231,1.36677765672866,1.12351488887044,0.97980150834506,-0.687425835537185,-0.923275834197888,1.00981090474266
0.555414507468807,0.00314822835217935,-1.71824573114739,-0.770202429792813,-0.897029879830013,0.860999129307524,-1.23465201445943,-0.453935655022254,-0.341589497355139,0.577093421947552
-0.0965955917003532,0.0421435182420221,0.554421377768903,0.762945471482487,-2.72410775816153,0.594467240247822,1.58352887843891,-0.81784056954271,-2.48085510551126,-0.298173895726724
1.3457922964003,-1.80113283464129,-2.33609505649857,-2.72334355925155,-1.00352562044316,1.75981678324677,-0.162157297530346,-0.566001538675416,2.19651629071093,2.51390620619636
1.15225627237666,-0.824752485133046,-0.430584118600515,0.416829917745924,2.24672072219406,0.388107891324636,0.766612399908417,0.510546863762319,1.55258191463391,-1.00725205013217
-0.133306781022719,1.63699364766862,1.87015259826004,1.64717088135076,-1.98503520401902,-0.663969650975493,2.01216429192933,-1.38503931826223,-0.359479294703169,-3.83086803279414
0.391188085545132,0.416026339376849,-1.61403001741965,-0.126383953058141,-0.382799581784922,-1.49754087969391,0.50951240768256,-2.12858254309147,1.45676863168693,-2.17083366226377
-0.146024488050287,0.468500401191682,-0.0750143366956686,-0.00886345432698262,-0.629456210385136,0.290304416610069,-0.107023766761821,-0.0406554592779423,-0.476061516948178,-0.255053402710208
-0.119192477367124,1.87485899842257,-1.38195480276286,1.06291209244561,-0.173193892800031,0.0875499182189672,1.04842431735816,-3.60929842353626,-3.09395274440736,0.639520259556005
0.892652134188719,-0.275283377184712,-0.482698423045556,-1.47044663438067,0.62758758984091,0.947685286233404,-0.848564450991921,1.28893750458122,0.883774166191982,2.12051253091294
-0.801011523718218,-0.869517650569907,0.815021592943165,-2.1324818714441,-1.43084135920698,-0.315497893102266,-0.308082056064172,3.07128158784681,1.5219708940848,-1.35004039990343
0.441920290267394,1.00410603445415,0.44914161649985,0.620919188850755,-1.64814147723546,0.373371577060042,2.6415884870439,-3.0199320106762,-3.18189411591466,-0.0315239814371002
-0.546690212702292,0.00163165043373259,-0.374768722792668,0.325934287087615,-0.170250995264105,0.384424502572348,-0.673284021683201,2.48533531748804,-2.06087094740284,1.23788008053985
0.339338179754417,0.0131020738398583,-0.473369370524519,0.0130059963111749,0.1391270553407,-2.22553055718028,0.773454504896865,-3.10494165961838,0.439956103386801,-1.53067545751753
1.00247282016093,-0.988619488969349,0.051802201997059,-0.580261715833197,-0.462286657712703,-2.09695391513114,-0.515104634980892,0.250223767681113,2.14755263717794,0.601766574319976
-1.63240951881007,0.283180843568744,0.948106482689132,0.213091960077205,-2.11837294354541,1.27032900150944,0.59375622019087,-0.187669871945319,-0.676589078340455,-2.24720786182265
0.513779062975999,0.153388139777489,0.470021552189354,0.244039684895315,-0.825693071882955,-0.518912608494904,2.16263238994031,-1.7929627741803,-0.217668256600782,-0.084379758127889
0.393108837659417,-0.90167157933389,0.699173683955671,-0.751632793728837,-0.849111825309175,0.153647980410635,-0.943483514868216,1.72669708535033,4.22816416467378,-3.11684435836233
0.572739748209649,0.144618489291069,0.217227811262883,2.29438328491005,-1.32844222742355,0.257507807544917,0.614203747630694,-1.92142475285507,-1.78201112914347,1.81501566958919
0.942115229818455,0.00582104787007004,-2.06386394094521,-1.41782189317822,-0.455810828364105,0.65970697730201,0.772621089558597,-2.57582009549393,-1.15662412797892,1.06251082057657
-1.6267742964208,1.41680104422791,-1.73942864317234,2.06143783297803,3.22017005948885,2.97851177863281,2.32558638010129,-3.99291417879701,-8.75329844050896,3.04372113848631
0.560584008494705,0.112775922968511,-0.048618627830371,-1.16180698937062,-2.14000735192806,-0.48612462402771,-1.89568219918705,-0.44589259196875,2.94004038528325,-2.81623199585932
-0.680586333358247,0.0718809744173605,0.290209392667146,0.352429015790047,1.28794404546482,-0.965770554633284,0.25356807991815,-1.50077868132371,-0.385034623168527,0.0675472992099657
1.39552596979147,-2.63089494215443,0.999616647493424,-1.56402950091902,-2.32542166846223,-2.92650451038234,0.374698801053517,0.33489660555236,4.79236250659697,-2.25726947420547
1.75029583349124,-1.15499293038028,1.35520164697376,-2.76832215658062,-2.75601134060281,-2.82301739215315,-1.89891389367463,0.759663217275141,8.59352429920685,-2.30612050129086
0.594257548301404,-0.839051347855278,0.194333852833589,-2.07036232567382,-4.18717145290904,0.249983866049163,-1.71846568706566,1.31606023606609,4.31382280481108,-2.32432056725937
0.459182872837864,0.353678385901695,-2.80256085294812,-0.531337731712168,2.09676367098656,4.18970676255714,-2.01650620373611,1.24380170843044,-5.10003326778993,7.31892958679562
0.886505604939201,-1.0683546131918,0.844680130427536,-1.27673202492198,-1.56871720639743,-1.07874004048639,-1.58505364141204,2.87422642080002,3.79868019839096,0.445802327818014
0.888720363060717,-3.54199150301073,1.10959105402837,-2.88081801396395,-1.36067200392964,-1.72129260958603,-3.27794045296612,5.35201493438501,9.70125925720455,-2.4417605647298
-0.689731541562011,1.56308830342062,-0.699665062735021,0.391579200802918,0.0132312449456389,0.400477926636739,1.04194257664574,-3.0418379829083,-3.24561178860271,-0.222871882300738
0.169263590736812,0.725206297924764,2.74784116451792,1.29919551502663,-2.74989630750927,-3.05835293399941,0.492320371970958,-1.91751094542641,3.67120433907421,-4.41973250434991
-0.834506831706569,0.684728893155349,-1.56314112476552,0.55197069007704,1.29871352651171,3.57054546733262,-0.170142337308935,2.54742480784458,-3.89495566468635,2.48238564960963
-0.645290076163619,1.5233571387338,0.17409740309339,1.50258205827136,1.29350753140659,0.13257459452026,2.96039048597611,-1.38056294627495,-4.65716664441877,0.465306005462689
-1.04841004105108,0.813869771590895,-0.621110251719943,0.375081729785781,1.20794651650231,1.36022056885563,-0.114110987291821,-1.76185268323756,-2.92426884988877,0.271965477178625
-1.86992014821822,2.92004167279153,-0.183133068175294,1.54363480382703,1.43475853345699,1.6489709902871,2.17918864062439,-5.37497321228505,-8.21916655169002,0.00305114143283501
0.417583839458485,-1.52686857146762,-0.378342297446797,-0.696793071202854,-0.468479282322485,1.92771709568065,-1.54970776527421,4.78500002842056,3.33642622572072,-0.194880199112962
0.767764874887771,-0.727514711609285,0.548909203580902,-2.59322660695615,-3.80047885580925,-2.75207345942517,-1.91884430474163,0.746158373141398,4.68141120081347,-0.434918487041727
0.277289916431502,0.815697608026708,-0.663028969458824,-0.44483741735218,0.202544454389343,0.132728029645785,-1.82260600220258,0.71839241318435,0.328073563564847,1.14114577764784
-0.328644648893573,0.237914625156029,0.74565570175437,1.81291892964565,0.855618350560441,-0.184064693902407,-0.219723244766342,2.13032406371862,-0.329396188693389,-0.232926885256044
0.911574736481502,1.8932375604153,-2.07556955951361,2.6993581628639,3.10236323297118,1.23053196826703,1.99436429173513,-3.16266034585415,-5.60730206726715,2.15882348635424
-0.782388547157003,0.889468477500327,3.28080853374628,1.6131401507282,-0.585050101996722,-2.85080486583603,0.773078072371008,-1.92002669022656,1.23231836717639,-3.20683123150105
-0.672341438307163,0.274412027831293,0.884459445740903,1.45709568611492,0.442961752380634,1.72217482341395,2.57503169242424,0.839287373559347,-2.12050522782604,-0.442244667196585
1.10270900344891,0.073158987902393,-0.682240765310875,-0.168361323198644,0.816023718840369,-1.0494459889472,-0.397865904038223,-0.523371282931639,0.7759013525356,1.6761350556066
-0.530376173134269,1.67610548539344,1.87922250574413,2.26647952063497,-0.690397913703409,-2.17332882356574,2.19281074274183,-5.78151909227921,-1.16408322272205,-2.43920058083221
-0.962288622467927,-0.286157884283823,-0.896770943300622,-0.306812990547387,1.99303486743377,2.95997580887873,0.813102683367067,0.201561510562159,-5.16458917690068,3.20805094071489
-0.305212334552321,0.117565350405144,-0.234685011401545,-0.30832702111202,1.22402338790128,1.14772408443562,-1.0282432800753,1.59792896478474,-0.492355569187082,1.71631410038844
0.0690212173167268,-2.12560689302493,1.35288650202801,-0.337089194686474,-3.07528075526256,-0.701660400767971,-1.14618957764628,2.89651641856304,3.55728895449143,-1.56510092758925
2.95142325743756,-1.57802051049034,0.785780322712057,-1.11054679136406,-1.55040516916125,-1.09045717357942,0.272420574436589,0.679632738132073,4.50910135131364,0.779034323019631
0.727921045383475,-0.894257326793259,-2.11602636406336,-0.16242340970217,0.778546466824131,1.93975631081373,-1.33447706682049,2.61228823707475,0.535361749043384,0.526759710184041
-0.214989563043433,-1.79947804629478,-0.641948823213204,-1.17309210869637,-0.343782070818616,-0.252107895054158,-1.46227957393119,2.19986249289431,4.05790445941136,-0.315640160301284
-0.027649738041171,-0.517580113217874,-1.95251359816453,-1.52007746086943,-1.5543814750067,1.77663364812065,0.500019020644044,-0.350756834559501,-1.40712532059576,3.1533487787391
-1.12508987858859,1.2821958274398,-0.882669554998063,0.503567102625076,1.02513250383842,3.2475119749449,-0.671803332920435,1.93930970183821,-4.05522820322972,1.42671003883918
-0.785341727485546,0.626995834324795,1.26114055430334,0.803387875884984,0.668792100710986,1.97783397043079,-0.875547723616569,2.55386702399439,-0.457819018261506,0.294752207037127
1.52592641492157,0.309679156380739,-1.2999373914672,-0.0395444261315363,1.40458984509562,-0.945151596567615,-0.710286055991393,-1.23425767576003,0.752371015894089,0.480569946846276
0.547044663311295,0.808198961531129,-0.775364864990212,1.11516950547054,1.73510638749935,0.874755413192552,1.03310137427563,-0.644732471867404,-1.32069253386181,-2.11912125397511
0.0290004561185616,-0.29913398891326,1.57352595550132,-0.402592013223077,-0.922328521597795,-2.03406673575213,-0.0101712034625076,1.32213525940556,3.01147717032882,-2.18161237305494
-1.1224115961757,1.34018281261407,-2.00773877485656,0.538425586563791,1.04667037038463,2.70889417225903,1.85390757650071,-1.80811928359205,-7.5463346473567,4.16495573166729
0.793181909764118,-0.383169375557961,-1.65257037208039,-0.573549732253863,1.97574211872103,0.979405689435197,-0.265779886299093,0.175361532378865,-1.41526273306487,0.942867410923084
0.319152366146392,0.909087172815651,-1.63658603016738,1.55390453047721,1.02166526050471,1.97842575698286,0.43151905890849,0.171211621840477,-4.15258013876356,4.31053085260952
0.694619124957639,-1.86020391098789,-2.24387659986924,-0.157231594872537,1.69308297786197,1.8663688558245,0.183942704503004,1.74839735514689,-1.25077700995684,4.20384401874885
0.774284510687136,-0.364003867569686,0.511166327525958,-0.889951398461406,-0.953171591738526,-2.09515006120832,-1.52207310226799,0.217428785644072,5.35786085581576,-2.21208185176298
-1.06407286166857,0.333985121140511,-0.206867973393158,1.2497456475686,2.46065234023811,-1.24599547718057,0.64634637443087,-3.19107936921999,-1.31249541753664,0.49013062663093
0.820202796658071,-1.02808914291007,-0.431392107026316,1.02801186748153,0.782129227770915,-0.413231241577798,1.316931833643,-1.24557095174051,-1.87170617898623,3.01102597334258
0.0885183194581731,0.420632561714176,-1.23511690842165,0.121545433488631,0.458922810380418,1.2445910804601,-0.237965208243271,-0.537180500721528,-2.90611052130936,3.52461870832929
0.258708546724273,-0.0975414183572675,1.07661348915056,-0.960993299981863,-2.43034728813017,-1.46445363675428,0.597247435543957,-2.52027020062079,1.97155327432095,-1.51522793278125
0.0384664778609813,-0.522337773919688,-1.60724237521696,-0.144460436207673,2.71374073726675,0.669662825423916,0.355937986096298,0.600399964539853,-1.0304396923593,2.20019066923032
-1.97028255186697,3.02174007094582,-0.739985782997117,0.535560357106055,1.50229748757599,0.993579349263023,0.663385411938037,-2.95913086593017,-5.64690942898672,-0.717932849003673
1.20104773288676,0.810628597907906,0.933219026215942,0.142015242817728,-0.300817084960694,-4.00523827913157,-0.591633814847046,-2.90720504779993,4.8346018495958,-2.73171669887372
0.478055953270097,-2.85036222668945,-2.3921811083502,-2.35851858901194,-0.00186108411737362,1.57685071415251,-3.14808858177933,5.04774243591933,1.94324378666159,1.92896417784353
0.0181879193099956,-1.51423111786845,0.238288989602316,0.489821542441787,2.55310377072843,1.0229315804162,0.00313706926368018,1.72563834298679,-0.31208879208242,0.187799228679348
1.73464835701411,-2.62604479201367,0.422790116601981,-1.83553008246356,-2.49223418845529,-1.36710210356866,-1.5999272037398,3.49705212344691,7.42882609943259,-2.07275145330973
1.14435300257603,-0.59230497514286,1.80938880288616,0.0955328415279227,-1.05866105979104,-3.18534107309179,1.52234101831747,-2.22018539296744,4.75111674917879,-3.3420245961631
0.516075326936112,0.313858867740784,-1.69246587985275,-0.993831770046328,2.1783932392054,1.54333354897958,-1.18679106963809,-1.50647657797832,-0.89465633282408,0.599509108063177
0.842257797816891,-3.21661033547576,1.7594810875608,-3.82026065983209,-4.30033250022666,-2.48158510869836,-3.30158670255008,6.46078233634799,11.6445342342547,-5.39955585783932
0.398261578453414,-0.961193001089952,0.0574184990054811,-0.728467064754748,-3.94310291905173,-1.40469133812536,-0.348681043083652,-0.807342372558129,3.76602110855723,-2.90835826407986
-0.0306356953126702,-2.02496173723977,-0.491717115473287,-1.45199697834184,-0.265679902284365,1.78141943335705,0.991365588045976,1.64931429897782,-0.575508628609861,-0.379250371326652
0.0840338808780653,-1.79585843362063,-1.3876813591291,-0.520656548244769,-1.2927904854219,0.952182058377931,-0.212411508194647,2.0036470417278,-0.146060721356077,1.49519847546067
0.0832389805485092,-1.1753137011866,-0.231159726855026,-0.720831418743957,-0.599582118109503,0.511132846298335,-1.29297107857396,2.0678097209766,1.99931997018528,1.43714602457489
0.570228258220276,0.143991405220948,-0.455188576539181,-0.471485273774078,0.0855114757711266,-1.15137629151535,-1.23464436266386,-1.46752096913767,1.57259138967636,0.90790373273801
-0.510587839313921,1.48889185503884,1.67510458725093,1.88640824304772,0.647762491651007,0.685004458486852,1.73023532980379,-0.906049115356576,-3.93184011598605,1.96345443234989
0.0710087954302803,-0.423365007727383,-0.732815398557888,0.15578166009264,0.43468595245776,1.55587634710998,-0.151290522077573,-0.313232651354197,-3.13262591686113,0.784091788646803
0.406609793800204,-0.731592291317566,0.138606343108828,-0.431451816376059,-2.44298692800423,1.8644449405333,0.233341146781473,1.54540479671329,-1.32770346705372,2.79712262812346
-1.31710361918483,0.416169560553194,-0.604302898283783,-0.383707335815576,-1.25346019857252,0.967876553466769,1.75201917325906,-1.79710218740865,-1.93551944632345,0.68529746019325
1.28189391025456,-0.637883713339968,0.350981199822069,0.730267614254082,-1.09469503220792,-2.68156715239059,0.842679928500888,-1.37527874880643,0.922119088706067,1.14762613318033
1.08617545098989,-2.67049578842547,1.24674948808083,-3.35294550141603,-4.12756156376666,-1.96193382408912,-4.02825846665747,6.2116856824568,8.34972976542103,-0.368919011132675
-0.919609723623583,0.529426196984674,1.06797517969544,0.221124813892514,0.403297761543421,-1.0542576520051,0.51536980984854,-1.49621247778901,0.129669358015961,-1.7768076659903
0.0829548175271755,-0.461098655029693,1.09331163829655,2.12093880516226,0.401773099303925,0.271307445872971,0.469374295447952,0.0796526978588952,1.26694177843234,-0.211233924296731
1.46584393222046,0.0996749668475649,-1.06507903843038,0.845275792181581,2.37773645870528,0.801850264083536,2.05201960896411,-2.02507311914845,-2.91767096884343,2.12687902645517
1.0752001034252,-0.683820181991913,-0.300012140126116,-0.0540998098743444,0.57346250744603,0.887522573986439,-0.149978745218297,1.6446356659439,-0.594427901453992,3.21321987563916
-1.14487467587555,0.411488223099173,-0.628764907548176,1.68391686072323,2.46553871610462,1.61316662343937,0.649505088852847,-0.595256838013388,-5.98502609098725,3.83661528625328
-1.1643082714743,-1.22432411677469,0.717609042380216,-0.655502823162004,-1.09438680661192,-0.128945447418228,-1.2514271816647,1.73374963522534,2.70627969673262,-0.787961774410506
1.63093612606211,-2.07438178697478,-0.224916750903275,-1.30017813591444,1.51148217363165,1.28164008887001,-0.152494175799939,1.95313724719747,0.785112994115062,0.794857384610354
-0.525560481021546,1.0431417151886,-0.822668126359683,2.45816382061281,2.53827871321644,0.7480037297434,2.56237085960267,-3.09741054199282,-7.35245517491636,3.59715254626711
0.672673645417227,0.661260469107581,0.692915877855295,1.51425924424189,1.4266653688553,0.38165918427318,1.64430833530697,-1.98744023382613,-0.860809172496063,1.00160683875083
0.0978567568306303,0.771409976425601,-0.742805137924688,1.11984446657744,1.9665647493438,1.17261847796015,1.80415437117535,-1.39748266925288,-5.49574892694914,3.11006646400772
0.63712694134399,-1.78869366968652,-0.373054222890199,-0.679363340194896,-0.686341400837393,0.414976767282825,-0.379238198069904,2.62552601913467,0.367091894912761,3.40776835107694
-0.164715976052187,-0.382331579116499,1.38885982989084,-0.517370873993474,-2.85921378624325,-1.01926932168008,-0.94104942376565,0.930684279904353,3.25112762115911,-2.36793244830947
0.618211058928063,-1.56677182828964,1.70849527719944,-1.63263720540128,-1.98283103680306,-2.5648508505146,-1.55331302062951,2.89044650915871,8.76483333414754,-4.18674966754482
0.12500362507141,1.58058909884462,-1.63061517765161,2.55067020865011,3.67244328359811,1.67104248882895,2.79564821312792,-2.75869401889219,-8.16281580364072,2.80836044548261
0.469061462778526,-0.828678396427494,-0.201456830102963,-0.369576210451827,1.58567081079326,-0.346565538654745,-0.445748270702303,1.3068017328342,2.29122629213061,-0.434772407253226
-0.266128760808633,-0.835339645276347,-0.721691871688561,-0.72017220396717,-0.943330757384312,1.48455451881948,0.324705319294009,1.47020005666319,-2.08931075536624,0.874618370272158
1.07705601537854,1.90301065225859,-0.843167710559141,1.78059966218406,0.67368461431215,0.464050270423042,-1.07929394192769,-1.93670523758398,-1.97465604222959,1.9404454157256
-0.757061407173106,0.704336740554116,-0.412188053915561,-1.18658881473847,-0.048196680314478,2.49865382207761,-0.262417276298584,1.69359003594277,-3.42044038499378,2.80454382141054
-1.14237636312239,0.889880474485039,-0.968648991354657,-1.2215023295884,-1.16732085531976,1.21605066529917,-0.956422291170805,-0.300624553558787,-2.66922618578252,1.16508601424087
1.40621831743502,-0.121524257806215,0.119547763867933,0.3902163972889,1.00200522671956,-1.19889091723878,0.0219630646804877,0.825806263295183,1.19493547947019,0.890259601389219
0.810881520336762,-1.19448411353933,0.771460812942795,-0.85629694699423,0.398211190786948,-1.07252314849106,-0.857902263486992,-0.762357240339794,4.45323513930188,-1.59743317071055
0.355412430184355,-0.295579445103164,1.4250322440513,0.936590435824546,-0.492173371168311,-0.948808307723125,2.66737089472476,-0.570941092776616,0.0858311174684652,-1.41834950688324
-1.53198227171793,1.24155369590187,-0.225562112008087,-1.03935462357777,-1.59956033971035,0.892794172995256,-0.386258347166829,1.92705360607169,-2.57768858679443,-0.68797538538823
-0.770824524906957,0.434753485882765,-0.580096254545639,0.593660344260836,-0.0798730216114966,0.34699143664461,0.348826046751635,-0.604313412432639,-3.57589885936217,2.81809942446763
-0.15243234743139,-0.928684715999157,0.325999345235922,0.907195666465868,2.94560514936853,-2.02464584476636,1.01689457645623,-2.70925819012129,1.63147398408109,-1.68918741744669
-1.44906209479564,-0.195225858284208,-1.40400116431827,-0.875599022896669,-1.32575163267704,1.59843137322759,-0.788553199185984,1.02869345700616,-0.434028021780899,-0.890303866821143
0.272987458605952,0.5918185053351,0.989320210070394,1.61873021601989,1.56444007173305,-0.528698228813801,1.57825993342896,-2.16883821372566,-0.760761504758654,-1.66161786817577
-0.737881133188444,0.577296345723134,-0.780246479334566,-1.52216803642327,-1.02108663170848,1.39677131488699,-1.74329104735787,0.733098491557159,-1.30478434608646,1.3670350007188
1.30024271166286,0.756579562335895,1.12285230500126,0.758548367901296,-0.439336498591243,-2.64610024980948,-0.37309664097341,-1.87403482477559,2.00228253780701,-0.36780600008838
1.12241851773336,-0.285651446722419,-0.880547031760785,0.0214199046901443,0.519286331457671,-1.92457195421753,0.0381645309909816,-2.60168541123102,0.784685303585812,0.588857028265733
1.51154662910287,-2.04791633537862,-0.735262771588776,-1.81546678785561,-2.13312342054556,0.320803244718522,-3.94668418262743,6.44230009799005,4.75372932782485,-0.196559821846573
0.414129698705813,0.894676093789899,-1.16636770988425,0.823400696874767,-0.169261444258112,-0.837983764542988,1.61611838810886,-4.87198198465251,-4.36281592694219,0.820444215137729
-0.657862932551745,-1.09465243555322,0.0462925529243664,-1.56858000918184,-2.04631629546476,2.12107320317198,-2.62512810946781,5.18043818301499,2.34737187336241,0.15202155212737
0.719052561734452,0.671515080188797,1.70362448847527,-0.312822978759425,-3.08670685892373,-0.0140758935465916,0.983681080284997,2.20921587486872,-0.887997138878742,0.178047042308658
0.782023020620849,0.2179185334551,1.99678826456375,-1.49346105137305,-1.51646458535404,-3.22128461462086,-1.28501912745411,0.450585424513757,4.99491113398906,-2.61263187030191
-2.09554385199721,2.75371941397544,-1.74003826047732,0.879626963456188,-0.243569068190818,1.45726448413716,1.1421060332199,-2.46911745451768,-6.40474393497272,0.602137241572774
0.558821925424091,0.234912878221297,0.760927418237463,-0.529493132174078,-2.84229213282194,1.28443809970037,-0.816279112810874,0.74060134614433,0.57885449161433,0.876661749438639
0.316080603669896,0.494577505398759,-0.036377913159688,1.51904657672199,1.40115058223833,-1.65216160413648,1.27474555336976,-3.36890475053437,-0.402380455027821,-1.10217499030754
-0.233063913730518,0.556563712143928,0.0586896545527082,0.505621586032693,0.873351259274125,0.944313055685408,1.73316173212492,-1.23812870826264,-4.46746651718209,1.20573112206171
0.571782978856481,-0.586418319099242,0.98498266762237,-1.21178362793724,-2.07048004173179,-0.759312972839441,0.0134020843020148,0.961392734260953,1.59498125637335,-0.995583691120258
0.234429953292071,-1.42406468606451,0.539939111199139,0.973297907064608,1.30982998210413,-1.38774468097017,1.24698449682874,0.411490736345405,0.909924106975512,0.66860746934927
-0.55499085742069,-0.594552884671749,-0.297015214877067,0.0878724167899693,-2.15703656696477,0.628162106836596,0.721057094490328,1.34735884149737,-2.07424680371776,1.38283852071209
0.547682424535625,-0.160545836036003,2.79561009957675,0.31056500193777,-0.204030056902702,-3.27584929371492,-0.471212487241124,-0.608995108116159,4.28802637456914,-2.49162470515018
1.00876907679377,0.429191306925152,-0.759054634482588,0.695948059558153,1.91185074875023,-2.14030117676184,-1.91753525361416,-1.30696067792456,3.01688611621823,0.790517746256158
-0.0748560615989368,-0.408013187495842,-0.45159856466475,1.19468960592885,1.68910781813107,-2.46577359207964,0.435460361981308,-2.56859161758057,1.60021061601021,-2.566932799256
-0.199063135268066,0.424568798133099,-0.0985859448846785,-1.13080501879085,-2.17043675312561,0.484296518349428,-1.32049233868323,1.36844836760873,1.56406858629298,-1.47277201065312
0.999366893180391,-0.361355398023541,0.296884303364636,-1.04319104076489,-1.36815948626908,0.470926316362161,0.129381868149703,-1.6193156206822,0.124435665301792,1.40859795787763
0.320394177952538,-0.67294215232337,0.846072184614309,0.157550965521539,-0.513935794359283,-1.13265263496193,-0.689691606618514,2.38468806053056,3.87915088920425,-0.159221755156805
-0.44734720866808,0.858760012624595,0.188064960092468,-0.636636801568107,-0.694409223853289,0.0454468086262755,-1.94560278796088,-0.44473373362822,1.97368671904677,-0.187005049349351
-0.650271312312538,-0.301447141820623,-0.0167227747472894,0.545461314724357,1.22854276050054,-0.182444379983404,-0.0271414469400793,0.204416178520468,-0.324552223455321,0.280248099828985
1.74573294021662,-3.18014260049141,-1.28682064096493,-1.49999663875391,-1.2513168983916,-0.539713820609937,-1.69915788698085,3.36347047887831,5.40810223797256,0.579025204814547
1.46555005724358,0.459397623517355,-0.563195036222273,-0.898989642852323,-1.45685350661521,-0.892767515692168,-1.77291694511631,0.0135486593008769,2.93010929397907,1.35767555540459
0.720073904433275,-1.12312436930786,0.261264384742957,-1.40466837747434,-0.90203269031255,0.81323438167563,-0.0661220641798475,1.20288272255283,1.16579315854651,0.8957823905255
2.2019764596022,-1.72587610410559,1.99708956285181,0.848976625521954,-0.244703565828996,-2.7117420324035,0.0133425520048251,-0.00421944428578336,5.16799914291771,-0.555145390460076
-1.49277098121992,2.01431751698578,-1.13690274911833,1.486317431387,0.879290293260694,-0.34010579354778,1.13435313220653,-4.31786552144721,-2.29228452252958,-1.8897835793072
-1.37397720029645,0.0109140797563591,-0.0387855313485618,1.11451872060185,0.444419028850528,0.0567303467134773,-0.36342555052122,1.0413235387679,-1.80973157954507,0.753627583917416
-1.13438098777082,1.56462326486193,0.630410508628583,0.768464389755043,0.403274213043687,0.697445863065949,1.40960215397152,-2.50971653231118,-1.47259612997851,-1.78073280369869
-0.436504937524253,1.45616592574641,-1.86375641121486,1.22736961903183,2.72278300639599,1.70616189807884,-0.0132721382901687,-1.67570074824495,-5.45290600708168,4.19740614566241
-0.529956946565681,-0.175882447769434,-0.655532200682281,-0.138313544977645,0.471445474272951,-0.38586570155108,1.41829935721158,-2.28349773324391,-2.55356483315016,1.20769615623644
0.0474122556880533,-1.52324164274881,0.449321891446297,-1.0507679581332,-1.23989669856578,-1.05633180341052,-0.194070893882716,1.12728025023217,2.91980052026356,-1.60124066117723
0.474615528412203,-0.634700884865201,0.580952669473882,-0.656986458378667,0.539901957339322,-2.30337903523165,0.367661200729616,0.946680584912023,2.75193914358748,-1.69244956508882
-1.87763943387484,1.13937227024565,0.149879733645377,1.32091590842625,3.10619401216912,1.39422496992358,-0.0624445126257324,1.5591926483592,-3.35706068726064,1.25455891491843
-0.644699939290486,1.29470755365657,-0.246674586725795,-0.355357477663235,0.0736433326926726,0.421417905477606,-0.0653243747166755,-2.96044273295526,-1.43062953072399,-1.34562177124683
0.507242303156737,0.504634243284502,-2.57553184476979,0.69539617207977,0.747435986847812,1.73526106240871,-0.219190545428648,-0.251915269265062,-1.65026176626034,1.54532550626966
0.896166619844608,0.305066546588087,1.4329324101491,-1.03090040393672,-3.64203281851192,-1.95792999188951,-1.21362026778842,-1.41083569409093,4.42539120973098,-1.81275288454059
0.62972543811326,-1.06213486118414,-0.499189345049007,-1.34702180747323,-1.99125579469654,0.854302010689132,-1.04791886126733,0.281958409076101,1.73593945732692,0.584744527154021
1.79133525341121,-2.28560033330967,0.403458831600738,-1.6614965417865,-1.97802008032492,-2.32083424431861,-1.09341538181393,0.635306975636037,4.82653587522809,-0.26306017717594
0.902442794108519,0.0852993926839985,-1.18051529662195,-0.634807347741387,-1.10153967568156,0.428293268087764,0.764195801831567,-0.693165464855531,-1.14427966937217,1.45200455844532
0.455295438618073,-0.140754997439695,0.619371988004155,0.593179417035805,-0.171866945248132,-2.75521944888957,0.401693142927639,-3.65836068416491,3.17361522186849,-3.36411705730363
0.364247332396454,0.803150485536594,1.97784826836138,0.170149090630286,-1.86626666492076,-2.50754775839006,0.412351199208041,-0.906733968646556,2.52025743106709,-2.11301950375314
-0.0863192477216801,-0.649821958326891,-0.567161718073952,2.1796782912474,3.15149978107735,-0.321523462565875,1.0672771586388,-1.17062309701697,-1.66624810759616,-0.0467755183351922
-0.370678331046167,0.304314896576945,0.573796989652382,0.69853807036231,0.552276615893706,0.381750403311825,1.36892204783114,0.576249610644122,-1.34922705851647,1.03994942477238
0.484230981933294,0.348061993167631,0.777881986180053,0.622509689096123,0.0596591205914573,-0.851769186353685,-1.30044759214113,1.61149339480596,-0.154896162251061,0.565945952448055
-0.977210630248743,0.821682649707338,-0.776344263361561,1.26787979959331,-0.242575703218832,1.8562932362535,0.176453527732555,0.329989086506232,-4.76208811554641,2.80174002827405
0.667932182439311,0.261323271526529,1.66531465204684,0.52583756383624,-0.81106999380193,-2.00955362837249,-0.639266992964663,1.44306729124778,3.23623262240058,-1.87673111355945
-1.51763655644038,1.19054583709346,-0.850130431393932,3.89135553234112,1.09749989543077,0.474788338016908,2.94960941095058,-4.60628730178053,-7.32812904838679,3.81441736815131
0.773471998563249,-1.72103918813498,0.297258170550464,-2.49303207426128,-1.51686258910486,-0.927968210223413,-2.42794785660209,1.78786621019307,8.55381030341333,-4.33390732966367
0.896783464009866,-1.73905876440315,-0.715190059625817,-1.54088855798656,-1.07790962327828,-0.0793851206974349,-3.03667623014245,2.63959875594079,3.70780787633127,1.68334282197107
-0.614546613038218,-0.477836801337556,-0.345646319873059,-0.256096702487133,-0.337620385062808,0.887249974240147,-0.19873385914495,-0.935212129314467,-0.638544977277252,-0.351463087982137
0.295443212524409,-1.55785396945933,-1.25472881004417,-2.03210483975569,-0.401607441058128,0.186727086123783,-1.77441349990006,-0.0810346514780411,2.25202876844982,1.80975233896879
-0.0103881208181401,-0.63226838599375,-0.390551828838588,-0.268557402069488,-0.727169847259751,1.430632022229,-0.459846762792818,2.29404322340318,-0.147664417620347,0.360537050632895
0.333581576307252,0.506597688538547,1.04772223965559,-1.53894214800066,-2.8858852605484,-1.15729113164988,-2.01143859580976,-0.963402310397494,2.62641892013049,-1.12591314299199
0.0935954035983009,0.0914043452865569,0.435678136296879,1.91114562164809,2.09970861549366,0.00792995249368828,2.83040534884347,-0.550363397586283,-2.74693156067503,0.693764023883111
-0.3010490623948,2.31911869519891,0.781884731456182,3.50018596809959,1.44237464347401,1.09416871893868,2.96630017766558,-4.75910062047207,-5.88151604596246,0.865175396707862
-0.113992906909879,0.615352925120818,0.54822939202671,-1.10844764111896,-1.22201291655817,-0.0757488243760988,-1.37474565372307,-0.199333843629631,2.77604789328117,-2.24959991299324
1.49015458913789,-1.76283559304616,0.750854653998613,-0.11570530322599,0.505160845015709,-1.68955638584152,0.0532131448837156,-0.57810797119381,2.73399851313412,-0.698295139374073
-0.337063181168682,0.583018934149706,1.60469390691208,0.0913922832967658,-1.3212273351182,-2.77043895925121,-0.561610101435629,-0.584247174387971,1.96885373952685,-1.27115868258282
0.380262271611245,-0.636351732868329,-0.150610925618161,0.942889092599845,1.17487883324477,1.2007195492279,0.205157080000175,0.740389193431547,-1.62870252392909,2.84374264941424
0.670113559805534,-1.98611651142728,0.83642210623208,-1.7034836254219,-4.56115282522728,-0.98498685896712,0.72831996683546,2.19386783654354,3.07280824184984,0.126059604814021
-0.17895593886121,-1.14267811132956,0.868528307738149,0.163519731686862,-0.44240861910665,-2.64152732312326,-0.547675859602175,0.20890393293071,2.531173787064,0.530791807617366
-1.14472222135062,-1.27450487497452,-0.259975378981051,-2.66089654456893,-1.54663405588822,1.4079829305495,-2.72417415425022,5.97709291852582,3.08930396587118,0.151128511376029
0.110155819378934,-0.74767444655093,0.483698994118984,-0.408730959464776,-0.996624652882793,-1.48306069850595,-2.7346453852098,1.7052630146026,4.68237818615604,0.513931291382069
1.45281621814527,-2.21839103685088,0.369613904416821,-2.40632207248087,-1.89138594828805,-0.580728357727389,-0.723160121462677,1.61284778515782,5.81087195074768,0.14988834360912
-0.0546956055918955,0.159582515731008,-0.0448418941737064,0.751756238973307,1.44315057297085,0.208924552634136,2.56299013316624,-1.68722918352501,-2.66328655692123,0.74396350849978
0.550721955613978,-0.251797271301925,-0.02229431246904,-0.645682190551373,-0.517440846456325,0.801201215303632,-0.417615788596366,0.89945098940795,2.21493960562801,0.184794439022068
-0.157577541745327,-0.9083222858863,-1.61886612947785,-1.45800678339759,-0.308291678719706,2.51837353634977,0.441928352706236,1.88889868266881,-2.43684083491282,1.21814384356908
0.111912097831149,-1.03166605157339,-1.72428350702131,-0.877314146854501,1.10278420605377,0.0712022638297385,0.867024205722764,-2.55601285404067,-2.67627006201145,2.9600191896279
0.460308947426194,-1.68409363773521,-2.53929912000385,-1.33598240896961,2.77114226199661,-1.13032544041397,-1.39448732023588,-0.119998799206308,2.95352315732728,1.3706620361545
-0.598730523116086,-1.26716344108194,1.22606607780801,-0.390884258941992,-1.22065990060466,-0.790634429635549,1.64950421193874,-0.76991433647705,1.65341251158066,-1.19105276731132
-1.06782814832335,0.727598301893153,-1.6293630803281,0.943468326082877,2.13029603598165,0.350063332325327,-0.012290328786604,-3.0811392642528,-1.27543731401356,0.352140852852023
-0.0890728637706498,-0.426609999513898,0.871340003355346,-0.951757187647649,0.543964720606914,-1.21479863152144,1.2448758518439,0.125537411837798,2.4018689533625,-4.19839016231738
-0.494693831870175,0.33036290890123,0.0472202546912717,-0.0822498442940082,0.0677606547082709,-0.209897755706802,-1.2035445971424,3.54241103135731,-0.456952365248229,1.41229349644901
-0.616387306620457,-0.0918264337944581,0.989722563291661,0.719062535796415,0.357570509281636,-0.764218370099027,1.84782784270862,-1.20608527309224,-1.56299550870877,-2.01421741681984
0.143319606550399,0.465030064313814,1.71949363524282,-0.210177512848888,-2.17659078262922,-2.91429506491575,-3.31165330689796,2.65229980975836,6.67325086827951,-3.45165076983565
-0.0847369077590234,-0.543490471191487,1.61155802041125,0.76746842299753,-0.0810847158566048,-2.06708115635662,0.791053149531802,-0.167987773871985,1.34910943890708,-1.27190015485214
-0.560921739244416,2.87816394192389,0.846377569601048,2.12720778396701,2.66646053221193,0.355557095588555,-0.341816889074006,-1.18474118697566,-2.606184571415,0.348529673831326
0.302374106289286,1.46265777087328,-0.938739339832501,1.57060405060744,0.902894888628953,0.728341079855392,2.06939250164951,-2.60000749174229,-3.62789622250563,0.405150118925469
-1.12453888709486,2.24561128565556,-0.675000141743358,3.01640718006172,3.99857805695602,1.10926357493445,3.15788374356281,-5.38475007343875,-8.93981324148444,2.00575367908908
0.42613531552047,-2.32678573593321,1.13334876606113,-0.990141826661319,0.767900502881841,-1.14607620277855,-2.35455921511651,4.49435774183765,6.19387476505867,-0.402086125925449
-1.08758713791639,2.46720267057511,0.978765549722154,1.72859285208377,-0.180711921452069,1.00594717920805,1.70515388006137,-3.19765922735381,-4.48736260920299,-0.0129975229285547
-0.458171173627163,-1.47348103263875,0.80900544621301,-2.02688339974002,-0.492270026945114,0.812916173877701,-1.33755646058912,2.54331369109037,2.7193889066277,-0.817912585244086
-1.04492184632154,-0.1160684014072,0.783160311922733,2.82850340942183,0.870703674594673,-1.03294558175462,2.67985067109915,-3.30419665011751,-1.87514743479613,-0.214670995966362
-0.500929532279762,0.500118788488549,-0.625667076638159,0.650138776345482,0.524875594034295,1.786598484246,-0.139113278377463,3.34321050836552,-3.04009314165158,1.76898270530241
1.08527618485163,-0.468312382863241,1.04825509262675,1.84073154832968,-0.317320324722321,-1.18054924227966,2.10025243976505,-2.14118732703896,-0.967492153454936,1.00973045311874
-1.00759694631674,1.05819997397788,0.116143997208853,1.93311016845253,1.78667179891489,-0.248563043285464,2.62711647740136,-2.14686265362595,-3.91606008920685,1.75120516702823
0.501358341696499,0.4162234486897,-0.0738064053784998,0.65476776143671,1.20455263683365,2.01898022147747,-1.03986321552585,0.814420136571959,-0.862963958983196,1.9682173356306
1.50151747265254,-1.60501776753728,-0.918050753601746,-1.13049287938673,-1.74163089779049,-0.299357173598977,-1.48908795110243,0.994291889556918,3.23079396618517,0.776234591706261
1.17739768149804,-1.57797378859696,0.54661167768737,-1.37448866172552,-0.542783769786542,-1.81770176495586,-1.09764800117884,1.02608559001919,4.22105110153695,-1.20917334564413
0.835650987023227,-1.48739288162863,2.00493577739687,-1.85085415517508,-3.84009199056339,-2.84171913894379,-1.5131803469416,1.86295172178311,6.79007890243469,-2.45682614208143
-0.226932749234439,1.01563119709965,-0.601716000902437,1.04362996303926,0.767465116217085,-0.415393422616198,1.79624995712688,-3.1064881776674,-2.65369651383442,-1.154430036348
-0.0696738600796791,1.42026412367178,-0.799156858694524,-0.0354308004928273,-0.841807869350674,1.89492513460942,1.09961128607275,-0.686358877807203,-4.37906572093381,1.44899787537555
-0.551673146645945,0.540879306613553,-1.86093006455203,0.899255012915503,1.52714144548585,3.14571880200734,0.506419192801793,0.208802814454072,-5.83733589932749,3.00032324217026
1.15043243389894,1.38508818739513,0.749788981660475,2.08519884654494,-0.245637557037656,-2.91788776343576,1.80876010767055,-5.27107541187179,-0.270628988422934,0.406460187874279
0.0674101121712229,1.47060918560795,1.25687921639246,0.856666359284901,0.231848789533049,-1.76616098076683,0.618729506064615,-2.72660396608906,2.63527233248143,-5.08545304592438
0.610642823062019,-0.852281719744844,0.704741072196021,-0.651844962337415,-1.06373966436729,-1.62832909142205,2.04611062978048,-0.451448157126868,1.83751205274516,-3.78863621234651
0.444486995848232,-1.08818355200654,0.548513161696291,-4.30055198225978,-4.99054861711126,-0.26596542143358,-3.13715519843383,4.22603291051679,6.11645864305403,-1.91796510352448
0.809441979125005,-0.147405839503123,2.00416417488944,1.50546380352193,0.613172247686634,-3.12743802615194,3.17031728195149,-1.01035179627373,1.79543401178966,-2.569705178684
-0.23645664537851,-1.75672829893944,1.15700066870088,-0.324423117960469,-2.14242256181113,-0.100062544794168,-0.965749257737395,4.22927019670607,1.91292855014751,0.291004301276351
-1.74767140149257,-0.187533771267754,-1.32529819754068,-1.17151756576078,-0.745323928284536,-0.476928690795253,-3.32396591372124,2.16740216912998,3.82216500827199,-2.18800164056832
1.54139310359486,0.174021348764049,-0.290894698378637,1.1646234015754,1.37485392344234,-0.950740410057862,0.968172475826607,-2.16527288390826,-0.200670849555334,1.08838834609076
-2.68706063978025,0.771372792644857,1.34654523313306,-1.66983379436494,-2.55698051707548,1.380896292119,-0.896377975545397,1.72086812373784,-0.277406798525855,-1.80781373107973
-1.15083591599675,-0.28195174954449,2.10553375523828,-0.30152733552215,-3.02963419356305,-3.93962276334014,-0.884534508331986,-1.32945032464545,5.68369747519592,-5.7971040566132
-0.50966630813671,-1.54923373205215,0.644252122686815,-2.26082372072846,-1.72428543553701,-1.6782748969537,-1.72883874330846,0.354260027318719,4.7025297051002,-3.28563018076865
-0.0173124998521269,-1.28112587105581,-0.20685866094392,-1.81904004383694,-2.70479912085309,0.402112489366996,-2.9785600353264,3.04110963551919,5.39280855474708,-0.101146348918128
-1.72153754346332,-0.944428740597105,-1.77376420949729,-1.13797900813869,1.18956770695122,2.43243349341431,-1.42037412743721,3.14434800041329,-2.03207828885773,2.00766191547603
1.47845003788162,-2.62784169785541,-1.92507810879863,-0.897319711721565,2.00741546068254,0.885472647587143,-2.82234093483829,2.78152277314377,2.2432420995096,2.5983601748608
0.0268158888954003,-0.546091299526395,-1.52855060243731,-1.04296884983371,0.183082489684755,0.694411677169828,-0.193017486632376,1.37197911549506,0.00515207589466829,0.354508275986227
0.142400954168297,-1.15314566547624,1.10204270310297,-2.27725964788493,-1.97480493779881,-2.10317438238174,-2.26534572188373,1.68027965612648,5.69305213506205,-0.514725978837395
1.24467856917401,-0.947822603108205,0.931763733896352,0.348394133318906,-0.768560975711065,0.932138642847863,2.13267915939276,2.93402238504183,1.0188336598502,0.616623158923308
0.76930262345645,0.358534372624505,0.167285167523159,1.57267531519841,0.399754005524614,-1.3812372464241,2.69697661416963,-0.984312257679525,-2.56228981690651,0.746665376631716
-0.573462164698934,1.55111361934911,0.0132629862935107,1.12302563718108,-0.824321520255309,0.757649137120069,2.94442242047816,-1.77025654780358,-3.33698235104092,1.49917134922142
-0.207916618786234,-0.529363042953713,-0.15887664577639,0.631826833869162,-1.29860980560463,1.67001468930888,1.16323231555579,1.43154250790452,-3.05043851230138,1.43767058077543
0.645775431409302,-0.389812068876391,-1.25514985108712,-0.245165438985436,1.77971371853788,-0.442890773806525,-0.162028322151123,-1.78647763534459,0.220409265659172,1.68918948903249
-0.639743404084014,1.2954703006368,-0.159565657253836,1.86511633531329,1.79803679244541,-0.682878669877667,1.30238966263857,-3.57062464449122,-3.59166988139764,1.8343440720867
0.597945511049806,-0.257756242509161,-0.0933911481246554,0.0601658906427425,0.969179731435566,-1.19168840015773,1.54680037510484,-2.07573942761206,0.559223127684417,1.7794254178611
-0.576000141013324,0.41439727038277,-0.466177641588224,-0.48597396355059,0.874843134898358,0.760709565959741,-0.765043511439578,1.600772968632,0.240043085038164,1.33958295103974
-0.296225124606063,0.862074478160408,0.505291727067901,0.581458150265297,-1.19093970701567,0.429934767598132,0.718637934811373,-1.46428873008983,-0.0765539967665504,-2.29771237375629
0.735871582429625,0.113338186087926,1.12769329656969,1.24087617963423,-0.507015729280225,-2.6342921205862,0.875566423562341,-1.97728769736782,0.341560932066242,-0.00673640534458964
0.86713276786454,0.614603264144035,-0.0518110185221918,-0.723979031894316,-1.79945177211748,-2.76248705249087,-0.604216996035233,-2.27765658364109,2.545013009922,-2.2450629275622
0.528603850666872,-0.736046197495936,-0.203680117798827,-1.81427370380806,-2.05125402456638,-0.742519002512885,-3.1132183367503,2.8527187905023,3.91154145618267,-0.00222814127091789
-0.0204002649942238,0.364309272387149,0.0535903409748232,-0.0716337616477883,-0.105099981593187,0.755406575120908,-0.664154850155684,2.5456751107052,-0.518560117881374,0.233800234746841
0.0980566711927842,0.821196571401712,-1.4760256022515,-0.171623897239791,0.135792664624892,-0.0111191981865717,-0.198618349595446,-2.03516749062302,-2.23351360382447,0.432783240363154
1.04334338607696,-0.467722290797524,0.295009499724238,0.786272840773179,1.70429418406897,-1.11293618226866,0.514229411559984,-0.649311280065632,-0.448115598225451,1.59288713005746
-1.2457588564413,0.960437949593506,-1.34751176945011,-1.6767165147737,1.17295206560883,0.787544210048949,0.298410182212425,-1.66500722523136,-2.45985294865129,-0.79387046425072
0.719851130873195,1.8657080814371,-1.04026075774208,1.78984059376633,2.30812703226943,0.305739183873323,0.455346620814691,-2.89123872052925,-2.13175687121116,1.89022366273767
-0.0587577830516406,0.959171287863803,0.800421618735751,0.653028808724914,0.498045751029804,-1.82659388032191,0.839497245304419,-2.77589528445151,1.51494871216732,-2.61426880451084
0.13658206855103,-1.4641785002657,-0.0755589847144012,-1.7429219550121,-1.16470898455875,-1.48677320332876,-2.33916429837331,1.34385893162622,4.54857190156621,-0.945135852911389
1.00748023581901,-1.33504695940983,1.72190974888148,-2.0355393213718,-3.47221150495145,-4.20380073064309,-2.03161074374815,-0.0610592412214182,10.2796469555117,-5.72677989979326
-0.271372031102746,-0.486578135840686,1.11036679818875,-2.30813105554064,-2.53406399075261,-0.257525281853161,-1.7085678764729,3.36035882650493,3.72557664536792,-3.06492003878935
0.212670514362919,2.2500135706903,0.140995816663175,2.46501879488851,4.27933992379443,0.743392163479736,2.10756852014694,-2.30110029545795,-4.33182667517496,-0.492589629859257
1.25829722715478,-0.00784157525151172,0.41237114924355,0.609939992168338,1.72239375146427,0.013047150793972,-0.400209933252795,0.743265470670671,0.95203100704241,2.14732405436287
-0.666707314006724,-0.194294122096634,-0.163414011897353,-0.0498399490821064,-0.121757662416879,3.06416202677736,1.62817425606883,2.78675291895895,-4.78976983076416,2.65557622444843
-0.392845614522839,-0.53465196420078,-0.750111514762567,-1.8823879737508,-0.291006461014301,1.35586714756182,-2.37804419564201,2.95883034683151,1.27823088612312,0.988081792173631
-1.28871755307641,0.141569583101045,-1.23783699833362,0.721354200049507,1.53417049710194,3.46599167718182,-0.382300058911653,1.0307940033226,-3.1294546283039,2.9409001999405
-0.335107072860504,0.205959085649889,-0.291917992373931,-0.965229567109974,1.17339699892859,-0.651110095736191,-0.0298104798104179,-2.85217094014909,0.585964196811048,-1.42809572173749
-0.900150091932096,1.57061230388153,-0.722597454371215,1.05307097607523,0.165144317001782,1.81914012101678,0.627553007510383,-0.429006740676491,-3.64149211570715,3.20377303890266
-1.00133746615674,-1.70700524948737,-0.586517585673879,0.569726535864595,0.637580775274044,0.683582524476598,-0.347691225557275,2.80717955518924,0.233833106565961,2.23404458894288
-0.373860503039604,-0.809624702727965,0.409005230042925,-0.398027251996694,-1.29574667910287,-0.402024198995522,-1.8335289614247,1.17708233095106,3.23551140837563,-1.61771906922524
-1.15231725786043,0.510798311116596,0.993007693689017,1.57540275316058,0.447280856857666,1.40142759948799,-0.639399938331996,0.503870912574648,-1.28850853850255,-0.54747669181776
-0.644298807765255,-0.529452767986422,2.10115105251999,-0.78278757996153,-3.43428314185484,-2.09111251269598,-1.27811311982724,1.60336982954647,4.68116883678491,-2.89739675183927
-0.202918958553492,1.38011904650047,-2.57665932702298,-0.0394962475210652,2.35089283614623,4.21278094484278,0.867047658153041,-0.992149671877104,-7.50884749891796,3.12775685044091
-0.252605499894576,-0.495792508954411,0.0662097721652198,-0.124723935800585,0.162100281710975,0.651048825183647,0.493476565954796,1.83176648352461,0.311032195811323,-0.83881826966762
-1.23957582826262,2.09312047526455,1.19804553993596,1.17333172156257,1.73182477958694,1.92246844520386,1.08042206310902,-0.763740240843717,-3.54528532344486,-0.520678002589934
-0.974457429261884,0.228215257100612,0.103957013405968,0.734885067158582,0.215249255348422,0.70486301574218,1.03673159787209,1.15867963061246,-2.33902777926942,0.283507703240731
0.747311918879782,-1.83811316686921,-1.66735694693915,-0.0412624900626472,1.87769848251805,3.41196853243452,0.17982220634557,1.93336139149977,-1.89614603897964,3.99246409420264
2.35476420073835,-0.178251119910044,0.0410400703103533,-0.235208528542829,-1.07571779253628,-2.1751567655768,-0.0754055221921318,-1.76153621833967,3.33680060917219,0.397768335798151
0.343696257393501,0.085715348029706,-0.132936333976531,-0.378949542820039,-0.413563283038862,-1.60659102230017,-1.88048968946259,-0.85541710884011,3.06764271843702,-0.965747138509052
2.0543850413566,-0.484411406731227,0.666907294184797,-0.759839417944781,-1.87996487747865,-0.645167198479863,-0.939849282954564,-0.591844337677921,4.72946927682252,-1.18968109640629
-1.08542968540727,2.09447143516256,0.184964347736956,4.54067247237072,2.60031528033877,0.752538143481716,3.61030715978118,-4.45391911825956,-6.94717243273536,1.44181022241731
-0.127285279121214,0.915952852324217,-1.74395357598398,0.948044767227584,3.19210273926545,0.00689839307769408,0.844383152639084,-2.9883237359394,-2.80118271122476,-0.864713464646587
-0.0518246777270023,-0.346673701953129,2.19767314829255,0.348997373323811,0.156376414199065,-2.01280436312021,0.396018214918499,-2.51657008812919,1.89894900808289,-0.677672948364094
-0.0824177509312609,-0.968798505633915,0.56072223163498,-0.142346906179739,-0.107706855568089,-0.913347189839331,0.607022053436269,1.84498025389374,2.82046897471729,-1.82853702051403
1.73979594951369,-1.79235575768032,-0.146537816528254,-0.237476964125366,-1.42775338922247,-1.13114097418841,-0.36062714083985,0.937564583275202,2.21263757514187,2.833207943795
-1.63421957161176,1.20055894646586,0.904404067954238,0.855302123520242,-1.8851386771301,0.184270940039292,-2.30298632844724,1.76610958087504,1.53581450170471,-0.662774056055228
0.722776233910585,-0.65464597944415,-0.00758457559693052,-0.118635141379198,-0.00696999086954012,1.02242274976161,0.773439013954858,-2.09821402018328,0.289566171538145,0.707682763290142
1.06842892640129,-0.585212941140896,0.942710272944659,0.984312927188149,-0.506983059383939,-1.64673341629846,-0.479316061026488,1.71804153442871,1.84654801378558,-0.944145454840873
-0.367524387478105,-1.30579858164675,0.85992363088146,0.127829203275368,-0.366400709485033,-0.239113105183712,0.950973867001275,-0.494238611689475,1.25639638010312,-0.788264871599991
0.70547116704754,-0.384160125754855,0.558519208316608,-0.472384419283469,-0.820012687663756,-0.994085533723202,-0.809106510916092,-0.149677254303432,2.95583240821377,-0.0484828690447171
-0.395269357140556,-0.27060226936103,0.0207233277870868,-0.882701294669652,-1.75256428450479,1.03665856067638,-0.0868872515625523,0.457749620683158,0.429990861879353,0.113262899834251
0.097160456791678,-0.400267037846126,-0.274117675117594,-0.70401935215664,1.45773056501174,1.32948846470122,-2.44959895919239,0.688239043824136,1.26893254176398,2.19386713243285
0.407591326647477,-1.24153262132161,0.848450119537539,-0.317300695122515,-1.45852060831931,-0.12891305000719,0.301319115011729,1.4559494984798,1.88563134141999,-0.826062349392883
0.902408190790029,-0.461899631160296,-1.89745330002535,-1.56919154880942,-0.762771931399932,-0.337148973173258,0.406735548950475,-1.1415877177134,-0.825650191737168,2.86223562707834
2.38697409577037,-1.18086697633502,-1.28859772697416,0.222624193105772,2.7139457313008,-0.594473090716111,1.45999885756471,-3.06230586413184,-1.15661535624091,1.19288159167221
-0.241691895907448,0.284596529699714,0.270708016210514,0.426196472460647,-0.906242357634819,0.505547538836615,0.288377238262854,-0.987916866045128,-1.75321664584028,0.495465124491951
-0.265857948468644,-0.132992466971127,0.049207757834863,-1.27516562821377,-2.75990078304518,1.4462950537174,-0.24208772272108,2.99976736736272,-1.36706584737851,0.703499945789243
0.0647532409047424,-1.06798847905484,0.472945607791684,-1.18299965434959,-2.00801686192128,-2.64448820407533,-0.958440742355079,0.767105683086002,4.83325131326061,-3.0995952954134
0.724703629464694,-0.423670773817961,-1.55057077820485,-0.936532924523444,-0.0320728159024214,-1.442434866893,-0.0204164673234126,-2.51210385164679,0.0952456711649816,0.819886939282238
-0.207123392954303,-1.07586168344284,-1.93692701553611,-1.73179575667577,0.747195955584763,1.52357241992664,-1.1207683875272,2.79414039110291,0.620171421697308,1.6987396437077
1.30861162316309,-0.661750763373564,1.69896899218492,-0.572230998972325,-2.45427391721895,-2.28350601120842,0.856406424768607,-0.0812403498852875,3.61788856605083,-1.088273672564
-0.212904993099765,-0.658331498148035,-1.56073323646898,-1.13395251343579,0.213530491674005,3.02247510903118,-1.75126321238152,1.75051297660997,-0.198539412337303,0.312101906130963
2.17419014074876,-2.445331764595,0.247420854150682,-1.28664500194377,-0.586426150268861,-1.15055896053565,-0.864029918900098,1.45610888681161,6.28653631045264,-1.47363790292068
-1.09371124224171,0.825350863782749,-0.269842076327229,-0.47193128622721,-0.00919842392018219,1.61532516469859,-0.79325616551509,-0.47576718819554,-1.37655881254978,-0.392169546416296
-0.0479240807393404,-0.890415797385054,-0.34531382521039,-1.18039264537773,-2.05260439911755,-0.0644345100576501,0.154977289879852,1.7114545701351,1.48310602636589,-2.429745857364
-0.453714343727122,0.342856560477974,0.783254930458988,0.182439854802757,0.844197945988026,-0.925126721933655,-1.42226851268618,-0.161186277813554,1.1606141872798,-1.26289425713474
-1.15844499160711,-1.42241953968538,-0.551080021062773,0.37607693331927,1.05647358373784,2.07889455403665,-0.751108840985804,3.73829441024777,-2.05484794781304,2.5080339986193
1.42914191179593,-1.96542804945409,-0.168468550007448,-1.94077187332152,-0.871042863254008,-1.96465176920453,-1.31835500548912,1.80473216650674,4.61762208135637,-0.529673036973047
-0.835542423655089,0.795792188328029,-2.1357190388617,1.18712620282924,3.39101656789435,3.89201896454176,1.38621713281488,-0.148864561063268,-7.8711346324727,3.52388855736295
-0.103275073993038,0.913280279172854,-0.0459791773088779,0.590436720830299,-0.098725382047908,-1.3447989209275,0.936368276175915,-4.31331051113086,-0.988728947017302,0.261347326298167
-0.0500958539351073,0.17245564876459,0.0726739919734136,0.803376241681473,1.9671983961556,-0.813747137344475,-0.0496070842802615,1.00493733205614,1.3314860223687,-1.70191440341517
-0.426032520909427,1.42459080472693,0.0231572268928339,0.379404867154763,-0.789639433434516,0.161670847563014,1.26431949103382,-1.98876767485944,-2.3401168582284,-0.697126175406004
-0.214732829164896,-0.929960067981059,0.910088714263082,-1.21372716772728,-1.6131516584234,0.905363299197604,-1.30712788721185,4.7538066725789,0.47500820499151,0.922210752938723
-1.22621431259849,-0.912848473589465,-0.849728365999875,-1.13162351933804,0.377598188743374,1.79162422842243,-1.51905661597989,1.90591978567854,0.131048437419795,1.06468322771416
-0.864388734575831,0.57723174021388,1.5162189202959,-2.45853601906628,-1.75751214311623,-1.48845630270824,-0.329757540298685,-1.31960025859075,3.42438853361599,-1.31083523596968
-0.46692784578233,-1.98562745614842,-0.158313315977028,-1.6395691099862,-2.05581852197108,-1.29680249572216,-2.49942197834032,1.23530494510772,6.54432705831906,-3.46523066601041
-0.216034315609135,1.1813468269416,0.809825800655494,1.15447651753443,1.25664498402717,-0.367253313717302,2.16411965399372,-2.70936710248821,-2.32756998597325,-1.80775214356031
-0.903131049722365,-0.404627706024955,2.08190983640241,-0.103723230858881,-0.671175693579885,-1.03904057242092,1.14391678697602,-0.317551124587044,1.02690693254034,-2.08097215940737
0.669080133567867,-0.264454793200178,-2.33940556896,-0.239849768932199,1.43648686864108,-0.398642800107218,-0.552331781136768,-1.51118280070569,0.208262147105035,0.670200960415855
-0.68168623521998,1.82333291088359,0.226139794910728,0.643084597622489,-0.5508642850245,0.479100066495353,2.18009418154345,-1.04103799763571,-3.91165709395097,1.14490269759332
-0.87616715595229,-0.0601841937293942,-2.36597589122357,-1.70878820659957,0.86581569305721,3.04526521028137,-1.1832679892857,0.933820219683044,-2.49403383908039,1.7879810858925
0.0469136744250531,-1.77530029801862,0.575965335980695,-2.63340730757599,-4.85313255195327,-2.77142371163693,-2.1400335162717,2.30218082092383,7.72295839749908,-3.2846716529533
-0.198722099096269,0.355100636582122,-3.62583502406916,0.125839395296562,2.11644293199296,5.15528638623137,0.390781000207146,-0.103699067106149,-7.99010629144752,6.41444141848195
1.12505189291714,-0.23609060969449,-2.7662350922804,-0.515711233841106,3.62273278166673,1.24471668303374,0.874935346330866,-2.6130771153608,-3.85381571479369,3.87808617563202
1.55573180306953,0.0691817615120615,-0.869054093819751,0.863388978903263,-0.0293172417926972,-0.124591683488136,0.375909904788709,-2.49385082998993,-1.29469217579952,2.88406819304611
-1.62446872059149,0.248407159164758,2.02758161041549,2.02178775208288,-0.118328907221025,-1.11726833619199,0.653091938768911,0.600850592038545,-0.697838373292127,-0.988102551419608
-0.622643560918729,0.261742436873337,1.01155023410509,0.323660378769704,-0.37587400379122,-1.4551552006994,0.736818337347816,-0.972625005852705,2.06215368602103,-2.90476310153973
-0.410091263068498,-1.64250523214847,-1.29042707458408,-1.35021582432349,-0.189805071874742,0.972549076548432,-1.32542435425522,2.59803832267795,-0.417305112004664,3.08334873072853
0.489532603019532,-0.739684965943282,-0.709945243824682,-2.5975593754987,-2.60614620352097,-0.950808597110469,-3.92069368085102,1.90144932248876,4.32704673238968,1.00292071300428
-0.413082957586492,1.52468263452528,0.80047734046675,0.602235483604655,-1.78327702217582,0.203230437356935,-0.1659063597374,-0.0568053916379338,-1.45841931668729,0.924208670689927
0.330247038442424,0.0343654798700686,-1.9836953881635,1.1061156177943,2.72762844205433,0.398176938298736,-0.394825900236698,-1.20211524758469,-2.18453975304394,1.59362578798828
0.776957791041573,-0.625265577092618,-1.25606699468002,-1.85288977382976,-1.59608324997861,1.63545504514403,-3.24320772385568,4.40243859535919,1.61412518318117,0.710998177730824
-1.64172300564447,-0.0118886323122985,-0.784402086277049,0.452310953370439,-1.06836791560923,1.39306358700763,-2.26857243222983,3.64488452318539,-2.02176026935056,1.70889691778161
0.0752875258816121,0.549792447208178,-0.188944466198418,-1.20727012370767,-2.45368752833378,0.58779036514729,-0.879732212982222,1.15521645792313,-0.115155011467224,0.313350724349668
-1.230672645382,1.46800162709359,0.491591435157331,2.33914428816491,2.30231288829656,-1.99982233513974,2.28652833214073,-3.55588150735137,-1.91665742527591,-2.39246893531623
-1.34602407290656,1.69701459644317,0.109065139750516,2.00950953820785,0.681882802445844,1.33820661852319,0.929375931979192,-2.14770009127338,-5.02901661245312,0.197463857468349
0.371711252417439,0.352335400182227,0.615718391151537,1.53133725357695,0.654237799351104,-0.484932593455547,1.74315852295279,-0.258450514698393,-0.900484921539147,0.348395894094893
-1.07906754140483,2.13913754476378,0.410702880132287,1.06957382301143,0.183623360185783,-0.446869956933048,0.272596414833201,0.1835271056945,-1.62791150371393,-2.90810554897109
-0.467899242631913,1.43695694004146,0.562255147262353,0.551121413115625,1.38461997961499,-0.271594579795442,0.0118218547485452,0.465599890416915,-1.89394354794241,1.9389710936887
0.206453938130598,-0.165905914446068,-0.787935965401321,-0.938774732958743,-0.517083040823999,-0.63984637067945,-0.955745895169851,0.0682310238809777,2.04952925412514,-0.906856188422834
-0.234581160921409,0.40520912016844,-0.371998558813132,1.63581494250985,2.22254948170522,0.379147606097496,1.78412940261443,-1.74457836790909,-4.92189937229043,2.32588019398248
0.245129289196482,0.518438081369353,-0.264555964056917,-0.168038966143687,-0.239318960681339,0.319618546286624,-1.34121020953559,-0.441602421882185,1.80607441941518,-0.68505336862746
-0.1221535915569,-2.55148451602829,0.278909617005732,-0.85985953052844,-3.18603848247966,0.495927583587193,-0.604555976235757,3.97484030778938,3.31276692407083,-1.99513461303358
1.30832222824637,0.163553611032132,0.281797982651517,1.17268300538939,0.0136837475808376,-2.4441930990163,1.54322313988703,-3.48678159556695,1.59312551479126,-1.42391401916745
1.24438832385248,-1.13066673771425,-1.21891193172284,-0.281470067599694,1.23586465131967,0.564256090692593,1.15372672919884,-0.14287614864178,-1.23071288017407,0.993820757069129
-0.580992772682964,-0.162732386069343,-2.67281726843944,1.62040556523714,4.29011809270659,4.74296603659936,1.43221315115021,1.48369910125175,-8.3395924017287,3.56283953193228
-1.39964186224319,0.749056220554536,0.148977762158114,0.760724133157651,0.99739550752274,-2.76197293170356,-0.811292651596062,-1.10464920381498,1.30100354688328,-3.5806173654725
-0.683508357329254,1.06817171243772,0.960151487788637,0.769588609340015,-0.224528772222654,-0.99554468627445,-0.644819692858996,-0.900438608548866,0.703762298236951,-2.10806681091832
-0.790526051220824,-0.0687380783633606,-0.520821171349376,1.34375904622913,1.00098198846703,-0.217801785053557,0.278152793579112,-0.687959855339817,-2.45443262017512,1.05498439559666
-0.840966689284003,-0.206112809592326,-1.01027161306817,-0.194619071730079,1.53720788787844,2.31232072484441,1.05224196571717,0.0800490131136475,-3.00391854547751,0.425481370222443
-0.0760725984680286,0.0288193902026506,-1.63691912586596,-0.859675317751908,-1.93259086604235,0.649426612732567,-0.898293957636705,-0.600575374966934,-1.51019235185409,2.75368819105254
0.112384963586263,1.57529036135189,0.252516965544915,1.34204609601766,-0.816312699443961,0.722884737314351,0.4602828059339,-1.63310676284748,-3.85251308485392,2.26670286995222
0.487537367528412,-0.842214143144751,-0.597519790183823,1.08726581005302,-0.647439874434558,-0.869327400410229,1.08137843550192,-0.169400622543724,-0.506396830177383,0.976628687944064
-0.650671046282063,1.10638877311989,-1.73074865670897,0.0853728307636555,1.4755893259271,3.17203913857072,1.6525761204811,2.27975834105905,-6.39330655141035,3.72141153971752
-1.00529286958793,0.233757087840376,-0.286378419449984,-0.886479320983798,-3.60569148558981,0.800841750027143,-3.66368679612694,4.13977205379926,0.756164299788502,1.30811812876681
-0.622151693073663,1.74845991697826,1.43973633205988,2.75581829648151,1.44068688439723,0.456062552110014,1.18077246123339,1.79506088490581,-3.23052271839085,0.00556189884262735
0.160733490656934,1.52853589645366,-1.39437176004712,1.75711930615365,3.0916483117465,-0.101468440320466,0.106591985311152,-4.33129684791322,-2.21556099301886,1.17226751796113
1.28988411938035,0.842412595955211,1.61991782903136,1.50243010550938,1.55531039328714,-1.49901832796569,-0.483007292832992,-2.6066919434424,0.53969291486331,0.266802301454533
-1.40124389540817,0.623185083145727,0.779302436852319,1.82226607586084,0.791067457437624,-0.312138641424717,-0.25961756686896,-1.1510632215328,-1.20322890187616,-1.16818096406356
0.00868588794081093,0.81614066295345,1.28043606182878,-0.703855982523679,-3.64511901799214,0.468327867230116,-0.855501006367404,1.47481916236273,1.09836778771804,0.00856290320372434
-0.147573765574819,0.661546647881616,-0.950030651177473,-0.181860234045903,1.8992183525228,1.30104907381042,1.74828942693584,-1.24025193131719,-3.00829051376239,0.877636636442101
-1.74356520247715,-0.583487404045389,1.36389379861353,-1.13916775750048,-2.1669606483311,0.080306456840152,-1.48620311900041,3.45699202283869,3.29718567144991,-1.40013098693655
-0.714187196688581,-0.197589603145304,-1.54177114902447,0.444407256991626,0.175251056684259,3.00706107928208,-1.1353758044753,0.826464188282658,-2.86692848333518,1.96626317280101
-2.39095346895729,1.29999252533352,0.567851021959479,1.9503435893751,1.49945278981392,2.51525554776416,0.500539070455716,-0.0149579307508912,-5.4777567942797,1.56606287873062
0.207163306648171,-2.10293139840577,0.417582120992892,-2.0625475449257,-1.81823583673446,-0.341045785219568,-0.695698349418402,0.530369930619219,3.31835495714577,-1.26175089178035
0.256033281129728,-0.111371006518699,1.49455697519256,-0.155582932462389,-1.68717274040434,-2.6695733863444,0.965229252376864,-2.04441369387563,1.80140037781637,0.0791946245539554
0.0549067147120933,0.351016269276612,-1.06182764898438,-0.180126998708497,1.23719551257501,0.031223050041378,-0.265199553467086,-0.8472735212754,0.0682248138656197,0.118012907449331
0.0478881938592462,0.924384002118021,1.28808579651196,-1.33811848869705,-1.08088647409554,-3.21358632819257,-1.44021781503077,-0.232624008708279,4.88990931047709,-4.88952121344266
-0.512125156504788,-1.70739229924314,1.36399442608729,-0.395076378225532,0.93059344581731,-0.462568495669887,-1.70856760075498,2.36629132612646,4.2366101657291,-1.15751080875504
-0.596680835492378,-0.393749298453646,-0.494881700234858,0.216568947502686,0.918655263982501,-0.870101756854482,1.8521833331217,-2.21099936000816,-1.0521946244518,-0.536352848894469
-0.510108524290244,-0.621208245716769,-0.407165306358155,-0.179808878644773,1.18559745012599,1.65957390045439,-0.513824281623885,1.09206563434165,0.0765634363179363,-0.234156889293895
-0.0434676183252939,-0.758046964907841,0.745505080002971,-0.593169941956611,-1.43468681966415,-1.49578320736312,-0.921410089402986,0.888272105224334,2.91287454679256,-0.939389688292379
1.23215806840191,-0.092361796896511,-0.0478036628014465,0.950714123532737,1.04885492988845,-1.18694087890749,0.499859012335876,-1.65675967031964,0.761478935642729,1.66488164231608
0.66304370769126,0.556693595121302,0.450992183336991,0.634059047839339,0.287006832106853,0.831654145770303,0.368177228390707,-0.51041011711839,-0.765949110533863,-0.0986724783857283
0.177404606443564,-0.468575308779501,2.3552373235088,-1.00472282962129,-4.09814599511424,-2.72205223530742,-0.764600409194312,-0.00311127533720203,6.76873230796356,-4.72494986999773
-1.33853036402567,-0.21150043609145,0.685606402568063,-1.39834605239288,-4.29890760333335,-1.54556020992311,-0.0747206481071753,0.0737503423449274,2.82335203425156,-1.80406287477287
-0.260139926983294,0.447784105674221,1.39235504696478,1.0555514037292,0.522126288104296,-1.7062965606549,0.88382456114855,-1.38106260816564,0.206305146196969,-1.38592841983692
0.934321969080828,-0.167143742483436,1.5253698588995,2.04843743672236,1.34036677160238,-3.1190480805061,3.14805428247608,-5.26632574023196,-0.878851737248371,0.0821471368894518
1.04564580261066,-0.887203750328572,-0.385513059803943,0.209455652190024,1.16479773620364,-1.54976543214603,-1.19834273268426,1.50486572012283,3.71719613743833,-0.418879083328086
2.60739178479369,-1.95010620247796,-0.338506408795351,-3.29125057448055,0.242363097726777,-1.11364627527166,-2.41131908994037,1.94169317459674,7.26667804159792,0.854869869629741
-0.780241701589915,1.21162262533114,-0.478973449409001,2.2265567588261,0.0756511516397916,0.0956758962170124,2.93783206336675,-2.08224692255132,-5.98821711565882,2.72113601499361
-0.994317865223854,1.6489645333018,-0.860510692108908,0.27937589748802,1.09651460588801,-0.804997378813706,2.29024718077588,-5.06908011419035,-2.8714711611085,0.265998956983413
0.215568629897465,-1.65449518937046,-0.0200387460014216,-3.01310842514824,-1.2103462351376,-0.715919921886929,-2.32543691983642,2.86821298362113,6.67363365942593,-4.66032559641166
-1.29098713101813,1.97755473868907,0.384636910541387,2.2297441884811,0.839268699309672,0.065580263340619,1.79649358030047,-0.198507291350757,-3.04903912343048,-0.233846931257456
0.870342528152402,-0.832592632221816,-1.30778615941266,-0.713357674249863,-1.32896434419791,1.18414661254322,-0.0624994564427107,0.0147897688184018,0.539664567415794,0.103437990252688
0.674475906895588,1.01807443408777,-0.0316199473784999,0.0165097842309309,0.874492233617215,-0.326271620976614,0.475339084997415,-2.23708874077133,-0.108161076330699,0.921120047359938
-0.364213763929108,-0.0153439510576129,1.85230857686722,0.285976594015529,-0.388412950767039,-1.27607429904296,-0.815358516190033,-0.688190122279216,3.83846258894421,-2.36772046552671
0.509046907594227,-0.344014840071339,-0.0134621510419322,-0.67551995999888,-2.13394584222104,1.08689042927977,0.319666733981703,1.16982569092111,-0.408986380378231,0.701039777422704
0.212517593074833,1.02260712408726,-0.520645553418943,-0.455688217205867,-0.372252968323297,1.15537215399915,0.00849396627606047,0.312243729019453,-0.604380116930924,-0.567146193792198
-0.30687449750926,2.07353274071973,-1.3369677330481,2.22042492499618,3.94778684468427,3.85662378667379,0.923144698697395,0.923504183971612,-7.9295957086639,4.18233358787247
-0.851139090546679,-0.793289894813201,-1.28986752582515,-0.181093014521331,0.671192628442598,1.53184427505512,-0.855004958068313,0.414975851850938,-1.23394430158627,0.555186426079888
0.0901588379168428,-0.326188006232065,-1.4109190635931,1.43733830747429,4.5974977318043,-0.134683586823393,1.47043389642611,-3.16079731692595,-2.68349846523435,1.40962334160218
0.712544084415068,-0.271596468506613,-1.14245932028858,-0.695436135726781,1.13327867690378,-1.32363699272381,-1.26362710785743,-0.952673418239803,1.69904847667502,0.307973688204595
0.262466032160493,0.278925428069527,-0.611224423111033,1.30567069479657,2.23295619103275,-1.46196837250097,1.73098367008145,-3.19652705033448,-0.0336435881902318,-1.46670645519528
0.0329545950494692,1.25552944583989,1.66625655460321,1.37040973569252,0.386391119270261,-2.76343725478892,0.54234294177648,-1.50006100082416,1.4173664676762,-1.80963576224361
0.488362287356832,-1.94645569780025,0.704434177279987,-1.00995180477333,-0.848178731604528,-1.55316343341995,-0.438974062582781,2.17443272638039,2.46757842303818,-0.0293770923576528
-1.0934210647891,0.231717703739284,0.634308556302035,-0.0976322944634448,-1.70048321907197,-0.234886219776309,-0.620254187878281,-0.210059102389381,0.911202143125088,-0.767540359420565
0.722952783559065,-0.489532754070649,0.720148359241377,0.867699291996375,-0.735559996322383,-0.650736152246681,0.495621061991386,0.0886581061530458,-0.186039223946926,-0.670787840276708
-2.18707743104881,-0.425761768137232,-1.28983592821308,-0.316682139185089,0.989083743829796,4.22454452316544,-0.474045212383361,2.70250630376182,-7.02410070984828,4.65177698931253
0.0167515470198311,-1.3067410141486,-1.60218821922344,-0.638365017594017,-0.673083371258143,1.1638705683919,0.928817831302668,0.376731164695791,0.0609568861743088,0.385760053395594
-0.961097830105577,-0.456229939414933,0.925872585544406,-0.310661146664928,0.367439287712657,-0.965005048110624,-0.761620204690954,-2.10692158376961,2.24292748648285,-3.09808269019168
-1.5221309631918,-0.328783002044522,-0.410071445500905,0.0321107346494389,1.56838514405836,0.160831836519888,1.7553799444494,-4.23110219734964,-2.36464891350393,0.991019234946383
0.00134557034891869,-0.224504767150206,-1.28801605309903,1.16331333352963,3.24133304017984,1.13553883252373,1.47558521294927,-3.56991599973506,-0.936594465476452,1.22867015424004
2.08588007109087,-1.38646611680454,-0.106512654485211,0.220544123380319,-0.812277916267128,-2.15998670193052,-1.56692876392385,-0.0630715466540711,2.43055830566006,0.609930604195978
0.398638663667931,0.106911038996581,-0.775878564360951,-0.489893337823302,-1.67593073934898,0.906559845415756,-0.578339138515678,-0.614646107800223,-1.14196201808438,2.1124515511149
-0.0157842986496185,-0.247861351674022,-0.676875733761571,-0.0352525205003166,0.457366595968231,-0.998773599065949,0.954816262602847,-2.95060878620134,-0.310742095206907,-1.46467739234815
0.758878892748868,1.45838673623753,0.0352877454530052,2.7157321399168,3.22709807971003,0.688844462606973,3.9647386910483,-5.14658166368924,-6.72485051106702,1.77924535161658
1.71852654724156,-2.11646419339434,1.41592669041016,-2.74079131412658,-1.63495471910397,-2.45265399065886,-2.8821832129059,4.71180517757521,9.64468630528262,-5.63169638014185
-0.0401201519225135,-0.516723240160199,-0.73328486462313,-1.23394921235563,-0.950980549521097,-0.33437507361491,-1.34331297227324,0.414875526490121,2.86851579027223,-0.125231568912985
0.058735405859752,0.491850548908396,-0.635087993578587,-0.0684006268407717,-0.928211509497641,0.86523694036691,-0.0220109311218204,-2.15361762057619,-1.09885459929046,1.18564008766131
-0.158538007199171,0.897581670460022,-0.728218765488373,0.439243941324823,-0.200515154473719,1.09409973138719,-0.136054923265598,-1.26641820821108,-2.87442261981416,1.84468503678292
-0.982391206143481,-0.791000182510543,0.801933674469551,-0.334664979874019,-1.05463896871977,0.0432614781780387,-0.190396883288502,1.65220948321683,-0.324146440213403,1.40072705212561
-0.468129992524773,0.993481347202498,0.705150174044311,-0.187396861637877,-1.77452331414405,-1.3946984271775,0.10096436960219,-1.99616050639816,-0.0502559853078022,-0.19037864252003
0.139083604766143,-1.19838352136022,-0.292710492374905,-0.904809120164503,-1.99268006282692,-1.17322799015927,-1.63400667330107,-0.175743983522813,2.42698101425701,-0.925161876241136
-1.64929603813381,2.65980108446843,-1.8537533714124,1.50119869919891,2.88903741559208,2.89299753706337,0.0274298512901517,-1.61382964305755,-6.37748231204564,3.02303811292624
1.46779396734786,-1.47058683082086,-0.432501594064807,-0.0564550020016308,-0.741372241449622,-1.34349759914055,0.0271275798492426,1.02621683211421,1.65934120827452,0.277702878474448
0.679025171429237,-1.71385584961781,1.18992882327919,-0.463621834029319,-1.07566026555399,-1.18884112819802,-1.53702439210505,5.73317664173151,5.21842014221373,-0.665594425269456
1.11761170968223,-0.733514674521101,-0.233599683513373,-2.63835846783031,-1.19373810313015,-0.993369225316601,-2.24651764014703,1.67004079208596,5.26279904480783,-0.646207445610242
-0.0677291423535679,-1.21457205629697,2.32800302399348,-0.119143518059738,-1.09545587397035,-2.46277268480599,-0.249180637463361,0.767695197563793,5.28531494621263,-2.77361467237813
-1.23741929361798,2.14340193234469,-0.183240287790207,1.33609561078451,0.698322376805867,1.63816290192881,1.41404228099197,-1.25265987045212,-5.47050006924272,0.308477757810262
-0.77504391290767,-0.57157748042613,0.84816881601205,1.88150299211362,0.225555680527769,0.0792654861112554,1.34412253081984,1.02705632840545,-1.99326040664279,-0.731098870921288
0.730106389573225,-0.362894387512374,1.42235510006372,0.748393668331455,-0.180766352623848,-1.44582251715813,-0.202004764885914,2.09349604621199,1.5341183251831,0.733168776553606
-0.740000849004232,-1.14679901257375,-0.874815221957452,-0.636005580886107,1.12993440646415,1.54963284488899,-0.528338576410475,0.907185365505916,-0.493071624626685,-0.140423918294338
-0.141812516182884,1.22293231097317,-1.02253779008287,-0.398526288214556,-3.10337128007191,-0.465849884118613,-0.569954423233628,-0.276257881948597,-0.696435448187689,0.722543347222564
0.542772026253574,2.2831689661251,-0.117799886854178,3.3377430715885,2.89838647455172,0.651074025479349,4.97235872587316,-6.50306586501742,-7.7759407924292,2.28274548542837
0.163368597857731,-1.48107276166442,-0.102220526466898,-1.86224609388541,-1.70684271567519,-0.837495728488714,-1.7596164154064,0.33017998300275,5.21123971188948,-2.12721750349531
0.312375712384761,-1.07040693086206,-0.446455465665668,-1.09119510015687,-1.24287493123028,-1.54878576612696,-1.26911105204957,1.09881916934597,3.83101668409404,-1.09304351468661
-0.386856567805643,-0.262792140011162,0.76434943637635,-0.0362240437186584,0.706000089713042,-1.9434774850974,-1.03708237876248,-0.638168288737078,3.49210955639266,-3.59647955607311
-0.0132137719998036,-0.863809008146652,0.647887479027943,-1.18855015350925,-2.35755260339223,-2.11904294071554,-1.33699836831188,0.117442728509587,4.93420665798229,-1.4660297344291
0.0621665169116891,0.81204161976046,0.603641281394924,-0.475077207989561,-0.633693647013757,-1.35662603763283,0.660187323390047,-3.11098477747326,0.703781349202328,-0.930087919910141
0.300066316261703,1.16509807220936,1.86698101099874,1.01026903889922,-2.33787713382714,-2.47241515903355,-0.634628738637241,-0.0638810095835095,1.04041465432953,-1.52133772278726
-0.552686903190001,1.92680023352888,0.922222943603421,0.478887237941116,0.114906053342006,-0.613892538062521,0.443995278577034,-0.264761520954988,-1.27579959725096,-2.44076786576713
0.763163327703542,-2.23043694685951,0.423824933562947,-1.97578106195511,-3.06983583305332,0.163977556947304,-0.0553580212938716,2.55838304769891,2.21930526011144,2.43787391758717
-1.82921781662174,0.486492419269259,-0.0309228741028172,-0.0537951021885576,2.4640207117251,1.85762356145173,0.97169152455517,-0.179740992123564,-2.25772159020097,0.0816093395032269
1.30846133702365,-2.10305657416846,-0.480521990366339,-0.839958580005818,-0.97778658714181,0.775223592425805,-0.237562325988033,0.584580074492842,2.5599601834219,0.881510609573177
0.88595725908947,-0.970993547004989,0.186974518012804,-0.304691111043078,-1.35130083197953,-1.69795618046337,0.757268825117,0.460703793412786,1.7517701649023,-0.0137447867369251
-0.487270924211637,1.32817424866119,-0.51165769266228,0.0756354097508988,-0.367021033048428,0.915732230665458,-0.604962691859822,-0.412161219458954,-1.24237766516543,-0.400914445013883
-0.453714228405308,1.24476400818828,-0.208688445256252,0.450586241065094,1.65231176238131,0.881445994351322,-0.335340541476462,-0.444575098964635,-1.46733947075046,0.619440324232812
-1.9671266555829,0.0196112922662999,0.157909306891938,1.16848430253999,0.739819455861821,1.6278440337171,0.0225927334063548,1.92662808932212,-2.22345688837702,1.62750682106409
-0.936227068152287,-2.11252253059837,-1.80984137313876,-1.70541723817066,0.713513640923476,2.75947024449833,-1.60681569842781,3.86029648649453,-0.576039139221897,2.20342665160731
1.27131882637894,-0.475532110253691,0.544952313710865,0.339743646605527,-0.747262608407315,-2.13221783847103,0.933801934672828,-0.578759089619993,1.23768457421693,-0.659804492913685
0.495199617178476,0.0702636658357535,-0.590296050034142,-0.934301877065172,0.733136737007321,1.40937101954066,0.195902848621443,0.651993490814639,-0.713398918953095,2.33442396672168
-0.955876072139462,-0.78403512352268,-0.418590525652847,-0.0306120208906364,0.908848739312727,1.43773609185802,0.0460341566384649,2.67866475764727,0.380903068476741,0.107487955360892
0.139204866660238,1.13680562137405,-0.766794426518034,1.72337982852878,1.66773180261984,0.479305154257678,4.05258688942517,-5.00606506534247,-7.13569096541207,2.86632419182749
-0.945116028058634,-0.625803624178668,0.958530478046047,-1.44762100183696,-0.543713502926133,0.29985813531113,-2.32135599588038,2.51689270983404,1.9676069908154,-0.370430519425816
0.0638662556171053,-0.602811336231594,-1.07201955349628,-1.13416621549663,0.669675895330744,1.76156644364501,1.84851059781692,0.730705644402005,-4.54551459067391,3.77550769883664
0.035066890707766,-0.292886285099915,1.2118468071097,-1.00643876831355,-2.8163134750418,0.44290633883445,-1.7065151849854,1.83741771592924,1.88920659040704,-1.09233781426535
0.75979068984828,0.808706012086545,-1.08462731767683,0.726267316679909,1.5718386270354,-0.197277859083569,1.31247418351331,-2.81686485031187,-0.900246601562791,-0.0937101796175282
-1.04512366956783,0.493986657787547,2.62657926685058,2.23475668640702,-2.10504519375627,-1.41020598194767,1.52872610384909,-1.0554258992071,-0.329137387407692,-1.53909954244065
1.94240110436925,-2.09895452838827,-0.120355578706966,-1.25298977644905,-0.252082396045033,-2.01720032741365,-0.360473669640331,-0.801607943333711,4.88432682404085,1.57200899095303
-0.183996478033455,-0.715086932921135,0.638545513186469,-1.68330860589237,-4.6173897777787,-0.593667564216461,0.0553339453264869,1.62020505449312,1.86502731611894,-0.792045462007681
-0.122499576670432,-0.593827001419406,-1.46753040516975,0.644917540853697,1.90503440686775,2.42078058323692,2.29795064849709,-0.482501527396009,-4.64495831461554,1.72943219664172
-1.51109860388677,1.08441998408106,-0.134999123333156,2.1507868696146,4.39646039842849,1.54512393271487,1.8414229260195,-2.11068795245344,-6.22927152690486,0.794641109531107
-0.0948270226474839,-1.4746304645804,-0.199233155250469,-0.0700540389689404,1.38331494366236,-0.430993159847477,0.450196287637413,-0.893935248178145,0.301273036427298,0.50431038725312
-0.191892931330286,-0.399373559527873,1.91938489487431,-0.395696407055394,-2.10413042945744,-2.11766818070336,-1.82961921326154,2.32070686648332,3.55172061157226,-2.04259379055053
0.206823214963102,-0.558542983871814,-1.22667316333518,1.56641632478589,3.00802204340574,2.11077613413277,1.35618506342948,-1.14493854906081,-4.86249537103178,5.23471252644712
1.61998725389938,-2.94649491236452,-0.271870335618769,-3.05265571013774,-1.86025869057914,-2.59961166105882,-2.31143657130859,1.94758122045909,8.59980842451429,-0.351799165840721
0.0146462335513325,-0.392894985726445,-0.202588968770296,0.578508488681949,1.83577772013987,-0.863813526135237,2.44853413355186,-4.44846591258333,-0.83341161955455,-0.647885856306308
0.463357089828082,-0.343044179205663,-1.29337020638372,-0.468888993129046,0.342503610035452,1.86097216501588,0.126928500725521,-1.36428681446436,-0.748499880755676,0.905043569349597
0.681942032972764,-1.02756016178929,-0.41364559185724,-1.2756933671771,0.533145762163152,-0.852212579769978,-0.790140921825094,1.72523197443891,3.26040706204375,-0.583104456065976
-0.434768446466313,1.12305764108887,0.363133631236997,-0.15337679801224,1.8896575097145,1.77226300052048,0.452351092788116,0.369937577945091,-2.20625121134284,0.00212345715787573
-0.654732748904095,0.463071881128765,1.52801900387763,-0.267139305388816,-0.897327998569522,-0.364684657973387,1.38542190322192,-0.596514163497555,0.346477141230973,-0.814743941927774
0.527850182618554,-1.71441972711443,-0.871191889989386,-1.61866231440259,-0.828917584877249,1.4221743822822,-1.83142990413777,2.80594661320961,1.9593259892703,0.345512182891121
-0.488774613414803,-0.245455024107071,-0.796916253238083,-2.13592417223362,-2.50892454599514,0.121989258023962,0.187004871036966,0.837399513807951,-0.141586276429984,-1.02814830696501
-1.55703883916646,0.558897851525279,2.67361400239033,-0.158005451437845,-3.69365916282975,-0.698374513287437,-0.505625517431703,1.31500334305828,2.32390137671996,-2.80875040474751
-0.77254938009742,0.361807083087,2.36464375831424,2.3203530050791,-0.0488311373105345,-2.32429997261683,1.11945297404537,-1.3658059405755,-1.24111845686941,0.632244043903382
0.240521383727196,0.167362176455507,1.116728893012,-2.01290441947438,-3.24452154696978,-1.38119888725112,-1.64195293682656,0.420102870837523,2.98238299800407,0.941774709130539
-0.192975626217276,-1.89147723270888,0.156717812608997,-1.47899948922133,-0.716807740114263,-0.167349107458363,-2.04341550526114,2.63194109511205,4.97433615707337,-0.425834287540657
-0.539685554637134,0.989797258634338,0.26685241135007,0.733502495308806,1.63083796293695,-0.584749521735064,2.11231822517338,-1.98733751861746,-2.75460557314473,-0.601025563607241
0.644272602480531,0.888824050768013,1.12874440261487,1.0103934715143,-0.921072272808926,0.243896369507161,0.475513906707103,0.100528860091831,-0.467657036312993,-0.00925392456651599
-0.245236740376037,-0.0947766894813448,-0.758684085783105,-0.422106907177278,-0.0723981983953783,0.354682435224143,-0.194511354632065,0.015449740981633,-1.50627943111143,1.79535148567906
-0.756272411515098,0.108607958110733,-1.6937364323405,-1.96855393659089,-1.59332272431917,1.72013894209419,-0.479245154371258,0.363908006105699,-1.21695600456483,0.929488147575225
0.062736024984519,-0.789183847009539,-0.778716264174173,1.87469791883207,2.31118858651344,-0.663035121962988,2.44754814216639,-4.94164282857013,-3.84212445127805,2.29295091534322
-2.18275657396651,1.86540555304926,-0.946248458687706,1.05227289736165,0.369584060457803,1.59425773628624,0.351055357837257,-0.236407230965765,-4.83840300034831,-0.180386715022788
0.855437794670258,-0.565081568697734,-0.485563667894569,0.591325503141968,0.989644899661051,1.34018675536096,0.56589964582163,0.0876745570381228,-2.16085512263701,2.68143839650156
0.162474453886327,-1.8314084869975,-2.04279782300841,-2.13860549694189,0.123021999527867,1.26678708222477,-1.66420086845558,3.77890888591421,0.893449038254824,2.23458557115745
0.603342081926908,-0.0615975002001466,-0.457686052819793,1.25336329849406,1.073982996241,-1.25098272409983,1.96197148633654,-3.44261098922938,-1.28511902740798,-0.398253241265475
-0.556584431281701,-0.188179283253833,0.881108931164848,-0.796849423276974,-2.46165074410738,1.20504274959637,-1.49272095841731,0.223026190152072,0.131615755951964,1.83012797135317
-0.593401488404623,1.22405282878285,1.50303271022316,1.08243470495015,1.20267188553316,-1.83329549399835,0.779470959537083,-1.19161169252501,-0.0568223618116879,-0.966871279936039
0.133938251294075,1.39770715270347,-0.333620021522959,2.77329418712712,1.02361307168379,0.765316013563477,2.4884039238941,-4.33151153615049,-4.08329779843929,-0.318299901575188
0.844866510321836,-1.44766378883165,1.84632303275665,-1.19860922974021,-1.81790949019475,-1.79362832183708,-2.02170106054972,3.3379864330015,6.61540743604047,-4.1619206163435
-0.699369996581727,1.64754411732332,1.1562136214534,1.81465886837117,-0.723132630356905,-1.01489215180579,2.29741255571367,-0.999315791922512,-1.78224918816178,-2.37313191075424
0.429638291558582,-0.994402236543001,1.12812379914506,-0.435887154334519,-0.947797476461082,-0.612108054810395,0.555099725921195,-0.740709005950056,3.3351519570492,-0.921134251189942
1.04179402759702,-2.32253066398597,0.0408639361537792,-1.2378049317897,-1.08298459064954,-1.56671193375518,-0.114906674961254,0.559584805039378,4.9109842557428,-2.01518171459376
0.887499698344496,-0.697074269706096,2.17184345309377,-0.506614765647142,-2.06392960789979,-1.35622592470941,-0.318591942363502,2.11876290579555,3.83913358310414,-3.3125964790227
0.308358529040091,0.731436408879441,-1.37190415338131,1.54383204586095,1.68452386569555,0.373065270231866,0.563500454581113,-0.140285232372462,-1.94059522613952,1.35283356355868
1.26490260130837,0.226489378927247,0.672619890339366,-0.466127665383183,-1.02119769075821,-2.66186864099166,-0.455513929795448,-1.36675235666164,4.3869581474021,-2.45462707848375
-0.27202192743678,-1.19459528845279,2.92166490202738,-1.79188296366463,-3.08203136882588,-0.92342547824087,-0.00715908713880779,3.13276792335611,3.74871893221355,-1.10469389404211
-0.268099461651285,0.786610408434011,-0.213443977677936,1.6100779260812,2.40431047650434,0.248772345536252,-0.271499218238649,-0.95361634551111,-3.39276213839645,0.766448627450847
1.53646026581801,-1.86553689329916,1.74294555842049,-2.25212467080952,-4.29889464724766,-2.42471957563607,-0.531127660794462,2.3026522958235,6.72454548274732,-2.45005851153995
-1.81653511845083,-0.342517483912002,-0.167246973740023,-0.581890581009584,-1.64526460340451,1.33384824683958,1.59047013678687,-1.12140072359764,-2.96035193902369,0.991686632688716
1.18468014903637,-0.0441782110013448,1.62390735658821,0.999101566893633,-1.15341348473235,-2.56190992588882,1.08062586519258,-0.266280668546292,2.97644548583733,-2.3816284771945
-2.63207051946727,2.4427129525485,-0.533548378134076,2.32408565775121,2.39754620337964,3.0044883498809,0.589822373184044,0.551780283094327,-8.27211531132106,2.90237976546525
-2.18911170919442,-0.767680094251988,-1.38159599367975,-1.31690403572102,0.738814485350034,4.10045248409894,-1.01653090379918,5.59673771203544,-4.41879051598384,-0.124433164097487
-0.450917675784241,-0.113154689317801,-0.574665173209181,1.12915152954723,2.20024253896375,1.25553555032346,-0.457212478465207,1.84609763725847,-1.45380811171942,1.53458759197619
0.0992342792576316,-0.571553636802369,-0.683240832146914,-0.508151221354516,2.72510219663091,2.26569888779695,-1.32225895782729,1.65173602511624,-0.940825541437994,1.25578475230146
0.816579322064136,-1.23445891065654,-1.14361106469505,-2.2694757368286,-0.601768275267358,0.888592829151734,0.417363331920173,-1.64044349645467,1.11925157268489,-0.963484537164365
-1.07465500161351,0.999035576957377,-0.345500393809457,0.38007978358725,0.120301383102165,0.541735774349112,0.820839883121667,-1.44439400683716,-1.5971959796147,-1.26320658277221
0.263502576253283,-0.758745351357961,-0.163513122944634,-0.734663022504619,-1.41342126545633,-0.187695558402795,-1.38129578060094,4.06181053788157,1.09379414815074,-0.75126809594917
-1.66007153915754,1.54223296241704,0.835986027043659,1.65146539270251,0.889824177500919,-0.729493887107264,0.660505145526774,-2.65719876293474,-1.18221665740338,-2.1606634599204
1.26255712806709,-0.325414471544006,-0.241396004006498,-1.90756843246947,-4.20356049177484,-0.768516072113941,-1.65893383037522,0.773290107047739,4.80478891215109,-1.9918499772511
1.44196397364274,-0.575339494660818,-0.349655093229181,1.32256861585977,0.112322479874381,-1.43418691533887,1.0787148082012,-2.45846497188264,-1.392627399836,1.07021758381202
1.21761015089156,-0.755804647502003,0.0680768083631385,0.285407257894279,1.00187957827962,-1.29097109827496,-0.432226856350034,0.247256416308568,3.32331120711064,-0.386715168777685
-0.911504408766913,1.80159667327438,-1.05671385990691,1.65070077486213,0.762160370666142,2.84271197837973,1.74889297162176,-1.02543077575041,-7.70054479284682,1.84067804333141
1.94017713661814,-2.13855015485931,-1.38046952854858,-1.72309715587064,-1.6989495799109,0.649869313582493,-2.24162730921114,1.23049706446376,3.42817543848164,3.11366496728807
0.11191463069612,-0.793390831116215,0.0750362199770227,-0.74288060760613,-0.867255562242246,-0.378132888863516,-0.548070838655743,0.375602533256265,0.813146137409194,1.4264245664879
0.157253777280972,-0.205205407364556,1.34087655437046,-0.298800198515354,0.165616186346863,-1.58570909008238,0.0906106129157409,0.495870192182725,2.77996968956304,-1.51512413268458
0.839074721607048,-1.13476321359583,1.46096682452921,-0.487557653047582,-0.0936963389231846,-0.332255306580645,-0.639798466902809,3.0724022583269,2.72095029637475,-1.14752926115606
0.809091736340052,-0.00302208903971882,-0.734800174787277,0.347330616456903,-0.329523209709299,-0.62257765636644,0.613425603417085,-2.10031448822253,0.564167869249743,0.850087185971014
-0.559063348245062,-0.126405937157987,-1.02844182179321,-1.06137517205821,-0.730004457657484,1.50421466393849,-1.06400977192193,-0.0691433360099038,-0.624457625495068,0.932756587436348
-0.222610808671061,-0.322896586043366,1.49856108876842,-0.17525859667421,-1.97332155648317,-2.05326339487162,-0.0772851325412753,0.57637611962429,2.94159918141591,-0.589717760962295
0.613829086071273,-0.620215201105648,0.855875842029266,1.35150562766152,0.0508890490834314,-2.90678589967578,0.448399758735659,-3.08730999434852,2.67508994943533,-2.12434023098594
1.0257362387888,-0.763779109083503,0.106555724982719,-1.77801838298235,-1.52728376044867,-0.337026664289328,-1.96315141115111,0.237035530064356,5.22938705169219,-2.94364118436688
-0.89560268085998,1.5935873694503,-1.92742034425776,1.22391360748279,2.79846071713276,0.281842087079914,1.73804975292247,-5.24004414428549,-5.03738714155465,-0.0457811387821102
-0.373323818073161,-0.421289731338044,0.806710951496035,-0.604511655794554,-0.205372105681217,0.186872830447643,-0.703516206755037,1.74987945728521,2.71317944781539,-2.06606218715472
0.313903466646197,1.10486290409999,-0.418794160667418,2.24281464343258,1.7448554895737,0.266586430422167,2.80448505629019,-2.45889478525601,-4.7765169445118,1.20456550149359
0.405872172914351,0.187047170261692,0.452859675587852,1.36817188767713,0.840728950854119,-0.158177050045468,1.68269986929564,0.429571420388103,-2.00717378120147,0.0143318852535353
0.802625551998108,-0.00795479844439931,1.95583938129353,0.0547307704220325,-3.04366449029128,-1.8697118722221,0.543860987584071,-0.295364514025829,2.18951586981977,-1.3620691769614
-0.200598664250895,0.396703040713408,-1.05742654660249,-0.296406013112394,0.14392299050733,0.553528774552252,0.990886038280889,-1.08965490228142,-2.46947943894797,2.6116223635343
0.127146045887144,-2.08995320105185,1.76257511673498,-0.954844030940565,-1.44864709605778,-2.87347033876319,0.308494896448063,0.190031585512951,5.35802516193625,-4.08132043066874
0.449511915169722,1.75579345935021,1.5199129925924,0.27716564498843,-0.495984446387695,-1.62492085412009,0.505796064384347,-4.90754297982452,2.29484797215232,-3.59100200292395
0.605628900199296,-0.268549083625795,-0.0186429618864031,0.448254852911854,0.518418065226574,0.423985519718766,1.55424403228443,-0.957909802340942,-2.67658278575963,2.32895365931159
-0.710348354469384,1.59768399089148,0.167826546883705,1.36825097098805,2.28760037026795,0.92872181106434,1.25923421676527,-1.98465889535215,-4.44267148582061,1.63787824388584
0.263956352763508,-0.609261272827297,2.20963549231713,-0.992341051575565,-3.25064229702497,-0.020484799043821,-1.22193156237025,-0.209147909047603,4.93731680038758,-0.530744945794536
0.670453485928661,-0.38164556248491,-1.48748940811134,0.39728252160463,1.16254635396168,-0.387711516054965,-0.534090265946809,0.32728856848892,-0.192004591081996,1.2909633219466
-0.303838539493095,0.0685262806331186,0.632897523407274,-0.976300182692035,-1.82665902048149,0.212658279174584,-0.331442941192581,-0.348501702168548,-0.588056246834091,1.07560598415434
-0.188687228353167,3.00645359732544,1.14893988318131,2.67728565780493,1.02169503221448,-1.26864391014153,2.02874421750256,-3.45102493447733,-3.11416639858363,-0.460300313825201
0.336547028496232,2.63882149327207,0.452754824258183,1.46547057108677,-1.45015397966256,-1.04200604248413,1.38311330897996,-6.8623883742986,-2.33688754812917,-1.66999599062759
-0.908047559980975,-0.234151991638332,1.65949000922588,-0.0220133255456477,-1.54839769728777,0.628192173227731,1.0034337822458,1.08750479316022,-0.566000760832422,-1.15027926094238
-0.44813150144377,0.244029251153974,0.029473013672865,-0.612982216090917,-1.29300671744869,1.63679349167337,0.168267181884536,2.04843508278797,-1.60237170111032,1.55437601203493
0.360395819855892,-0.825664746446478,0.264402105744207,0.832053364230046,0.178955034972469,-0.502457348691199,1.39055203326589,-1.81824877006621,0.483744853428277,-0.505871601019989
0.804017687389865,1.0816840674418,0.43815857955688,0.397462725414057,0.313697080759401,-3.14610966590426,-0.144085488245994,-4.05918499727085,2.71596718475708,-2.9659352467878
-0.0545044186917183,1.55350706870429,0.441961038751256,1.30996587413195,1.4012135794442,-1.67695475244437,1.43175062544301,-4.8133457389014,-1.8823727864205,-0.404419385989389
0.458796284958354,-0.0556390504790143,1.08878652789793,0.778885328616332,-0.192031448895898,-3.03504112243231,-0.619640245204741,-1.57855918653718,3.35164690093791,-2.85045583926731
0.291736815244926,0.403729877152845,-1.48322379012632,2.0125680919667,2.56630646622101,1.901016456213,0.703252537560235,-1.53698112597533,-3.85716880757581,3.63677213934743
1.67315749655374,-2.56466160149822,0.104914054752987,-1.52356905641312,-1.7227004702204,0.491378004199105,-1.57086705238563,4.65236828340701,3.95508961065216,0.448113776647412
-0.647360424026186,0.489342412531839,-0.682547166406265,0.0453474432137184,1.89615031396133,2.31567994441951,-0.019955724524872,0.854475761106311,-3.86714040602849,2.31317521572449
1.61851417431342,0.695775730249245,-1.21700870535667,0.339327556153851,1.688617897401,-0.444380375375399,-0.735728963920867,-2.87037342572553,0.929451683222215,-0.0135670776118896
-0.894439329101493,0.00975858217496719,-2.00189702827209,-0.819951370816933,1.09659779596597,1.91658276795112,-0.122815233797462,0.728824620348993,-4.46131875718337,3.42851446614188
0.617493523684012,-1.18132097734888,1.4306250566009,-0.932009852083861,-3.24588317483993,0.442131280916067,-1.74088614240659,3.38360386126047,4.11159603504149,-0.516195218758093
0.150961769399623,1.7675252773402,1.31661683345667,1.52688721709408,1.88576838696041,-0.890584972757951,2.23867793550394,-2.63873795159483,-2.47955694542119,-0.535192342639533
-0.791442517709196,1.4604999898842,-1.39802677767124,-0.44078494417138,-0.433939172443174,-0.236111067060706,1.1562681383844,-3.8068393988202,-2.3441624987516,-0.181318667804864
0.326263621606305,-0.203511799493815,-0.279563572531781,0.191099916414902,-1.88922863382046,1.18758015752293,-1.10208885529535,2.61875894109961,1.40885322606676,-0.27681642105646
-0.969895574524799,-0.540334045890865,-1.23725132969333,0.273276904038299,0.817772500395589,3.56091877367706,1.31992019004451,1.68434137184109,-5.87793422466167,4.36867232282909
1.36713484905565,-2.9330889630083,0.72898719558535,-1.59402099343333,-1.7817573122755,-0.466868877398747,-2.17602303124203,4.39277494470625,6.77479617476732,-1.55093730246462
-0.603785488076432,0.337665406441593,-1.73606149897304,-0.101512196455805,0.831729095469567,2.16802647292396,1.42925119407872,-0.957873080192895,-6.51734486965324,3.98293701290292
-0.063676207228022,-1.25273487626488,0.375094565107992,-2.63913819983535,-1.93944971653781,-1.35093717715588,-3.16906400685565,4.95884191377296,5.80916029855477,-0.81792466065794
0.478127364817801,-1.31100773465818,-1.09013731392268,-0.934915175915477,-0.825775688976295,0.504620143223158,0.175917978697435,1.24405932562259,-0.733466493350113,-0.500792701470179
-0.0588924547368726,2.25634095542849,-0.963625365127475,1.72434200211474,2.42195623652059,2.0649606749003,1.04156334355828,0.173490240676143,-5.81940960250268,2.7721275618617
0.504649205912068,-1.05383300088742,0.314114754271375,0.033008332528289,1.33810958155229,-0.157450211811534,0.252368624010993,-0.200187262632526,1.77814581064422,-1.01443169164286
-0.212160492239216,1.15432548989554,-0.445000438481374,0.519207159306628,1.24164854882123,0.422786651844263,0.724179407040016,-1.34087728610514,-2.55954295670639,-0.451720566209248
-0.0865617788834394,-0.0290267547370493,-0.639400118803518,1.03630584449828,2.2148931143013,1.12340267718729,1.1718949362241,-2.17005197340628,-2.9387930511604,0.0948896717956756
-0.55044071398231,0.360766303641239,-0.259313013988071,0.0552975151970958,0.795549973019372,-0.0448115538455489,1.14034638028782,-1.2150712656014,-1.27628461558555,-1.38913799894947
1.05176013404067,-0.899479575649878,0.662448920803135,-0.202508588707059,-1.64112045729783,-0.791428950992543,-0.123555987544207,0.490289611051089,2.89131712310924,0.21677745527629
-0.203128990819978,0.622662862742104,-0.2331671636424,1.37545360433798,-0.615699213055802,0.887412699206964,0.203929749157591,-0.589343775459057,-5.11858921391193,2.50657084899144
0.409705959840391,-0.127163472835476,0.0182480919560536,-0.10046753196626,1.16149311224662,0.224581445790281,0.507050092945565,0.44062612028926,1.23179954458757,-1.38531862535747
1.29130746470777,-0.379386578120541,1.04772257458758,0.869366952731805,0.37975760341795,-0.974727613570435,0.197506890925119,0.787008860309328,2.75249558051019,-0.38399343781227
0.218675648499421,-1.12742221921175,-1.12141837561326,0.911707452369594,0.140906475234358,0.847379567465472,1.08330088080167,1.11235885036877,-3.19564850556965,2.13151368571107
0.627560092484005,0.10112883935942,-0.324980817108394,1.00899265595704,0.632158125840931,1.75582984837799,0.907660873870515,1.87861386843747,-3.84490996004699,3.44204984765638
0.194020823842659,-1.63874549287817,-0.291569215204099,-0.491511324047227,0.104158037103196,2.27207423324148,0.771901512727399,2.04536089472386,-2.10984216135548,2.03880057820177
0.453048010369888,0.480877658233462,1.38460193893841,-0.034857661695645,-1.08564952978658,-4.74327563785301,1.3726236749024,-4.95953180382125,4.30754109290427,-2.48948307069976
-0.737887024332759,-0.663005461025901,1.71774444968324,1.10937810302946,0.463875431237885,-0.26840828928348,2.73559701002006,-0.164856330361959,-1.06124036143084,-0.976709853244667
1.30609576487435,-0.442320216940519,1.19938035399961,1.02297560275544,-0.50062116358434,-4.47885592133614,1.49793763552717,-3.56600937903938,3.88701454930095,-2.50587348829723
0.854501043162981,-2.3215600798542,0.822317903703174,-2.80328574182098,-2.58006047443097,-1.56344427857965,-2.7392856598991,2.60586558447234,7.66517866988514,-1.11494216838453
-1.85233127528176,-0.0755314581608146,1.70152283697853,-0.220554525535708,-0.607866373514984,-1.0723349584878,-0.643728364243661,1.11854861769857,1.03055412086348,-2.38218143128924
-0.302197598869011,0.146536778592714,0.188890163986562,0.771577694450942,-0.111373798488946,0.398210289006132,1.85523307632543,-0.618648024287724,-2.07146747363368,-1.92180484856085
1.62374478332069,-0.395416527700743,0.977876043617603,-1.00906597406785,-1.11668988043189,-0.0573630808510278,0.900281533489779,1.46767268016629,1.80591058989908,0.254351798600743
-0.00507769474049789,-0.237498163538607,1.64549735310158,-1.22486060859616,-3.04656839688607,-1.67529712231332,-1.06307737101108,0.827444081829299,4.1234562492935,-0.735904409562216
-0.257128318277093,0.304656781973658,-1.36807103350018,-1.10207553727561,0.0494631610502956,-0.0242812807944116,-1.17700419706516,-0.0344614354893143,1.49007283117942,-1.05500465085967
-0.561057477551656,-0.290063198617565,-1.92242295217965,0.0810676744709527,0.923225162785075,1.49854842133801,1.24444267373834,-0.646369068080882,-5.06623736880708,2.69673977219096
-0.395430550525673,0.988698558512088,-0.106032863507146,1.0328860647145,0.886089318628983,1.72828582650859,-0.788463879737819,2.52794708767302,-2.88801393677386,1.8031105595293
-0.253869783979334,1.39991401504512,-0.911458084134889,-0.105177383615558,0.13219893515925,0.886903871261365,-0.594057892317889,0.669823329876481,-1.86549201885384,1.67007784542036
-0.244123409318611,1.32801689314924,-1.21852311356909,0.769813339544575,1.15443740767436,0.803299037770912,0.955899156765058,-1.5311401759158,-4.3769570999237,2.23529925153677
-0.41022200941247,0.964639328425288,1.47013694837703,0.992151718057922,1.4933675767266,0.168289087258508,1.824183556164,-1.02349275650057,-2.17030268698085,-1.273955610923
-0.585325233254373,0.110852971800122,-0.0329895990454213,0.264920563837917,1.50495698378445,1.40041853084074,-0.940633993192897,-0.472937692254236,-0.715915304646509,1.81617925670045
0.558300415134784,-1.00482657392935,-1.48360634513441,-1.0952473552084,-0.760401966688469,0.888146276003046,-0.821810479829193,2.1074123567374,0.734771492969845,0.583000276779705
-0.563606707320806,0.136890962777415,1.14017960148482,-0.166486061562733,-2.29341526037192,-0.588887539818934,-0.45020750672279,1.43822824314449,0.114244204215155,-1.86469849712142
0.595767548466328,-2.21819087220363,-0.716347550784401,-1.66695521780382,-0.951085593273928,1.6779538277203,0.23047783818376,2.60457664053356,0.0550106223375493,-1.18540986239491
-0.243221333490811,-0.0671555567493195,-0.908280230993891,-1.14049957649564,-2.20796498164599,0.309170179874586,-0.735504253178493,1.01471330598141,-0.106451216122039,-1.10831266475172
0.0431428495845184,0.861120281413465,-0.648243736898315,-0.0636615905179493,0.50619802653522,1.28214348426475,-2.22287923837207,1.93396988689293,0.694544864089818,0.939267927379787
1.42183501284398,-0.805156268277045,0.447917932035113,-0.371021886813164,-1.88638974230648,-1.52273018832418,1.11012117785172,-2.74271880897172,2.57268581704344,-0.871210190979391
-0.742095484770249,0.730787605345226,0.207147776094408,0.828249594748848,-0.455103608581849,0.218132103167007,1.55238942415507,-0.0465210450952704,-2.40430832987544,1.13821106857009
0.569909751411628,-0.0265330108333103,-1.13908614937794,0.425988785512549,0.86244381189502,0.683737236981782,0.325644608732691,-1.54489332867892,-2.77258242881918,0.295151079104915
-0.375501424477078,0.716223823797316,-0.724847146552182,1.12191361672504,2.64831571410803,-0.508515458693868,0.556350434460577,-3.28037444218167,-1.85718975290413,0.582331759386683
0.725367474349656,0.749163484623119,-1.73988854820738,0.77658761370913,2.0231516658566,0.339291998226778,1.17421304674038,-4.81156175202683,-4.26497792416575,3.15035457585286
-1.6602996475178,0.245871534870781,-0.22293167107431,-0.597722615165068,-0.102418596698629,1.31624695067269,-2.05663329817167,3.01275173770033,-0.844846551980059,1.14171333985106
0.490001868068147,-1.62956788236153,0.0134793935913437,-1.42159226389367,-0.477430868153272,-1.95267237486828,-0.29834860089287,0.829373199308487,4.10249931844947,-1.73379140206315
-0.00567212551566694,0.187823382590665,-1.08562243802926,-0.614751007271685,0.87179690620805,2.7840628802919,-1.5416182544851,2.9185750804285,-1.11678824932509,1.10990022526131
0.517376250288513,-1.41562666187323,-1.58357361663603,0.0745755206058902,1.46353818204824,-1.06496169747601,0.531231738844804,-2.38806928655842,-0.472177904821495,2.40918796998243
0.233464439234122,-0.00990463398130931,0.626479497025324,-0.597785500794589,-0.66664431381079,-0.310323249720103,-0.368745398567445,1.40260241718051,1.17237899726035,-2.12937553419828
0.303945632884103,1.14709536705378,0.67836835259978,1.22705101802665,0.358837720306454,-1.56091268839939,1.67199509778985,-5.77990896232565,-0.608579128095669,0.46749053591609
-1.70495683258595,2.52047125955031,1.67051566319157,1.83133722746456,-0.796585190121209,-1.04024856459409,-0.167058442846099,-1.3365629948814,-0.122381675869541,-3.00390353759696
1.48848747942119,0.104258969132745,-1.64424294479454,-2.08259570822791,-1.2391469192051,-0.590402860150506,-0.817439688815653,-0.822273262797068,2.38576624671328,0.640007711135202
0.0415958360964037,-0.158315937227413,-1.05795646431385,-1.63728507444194,-0.228554981953235,2.33684272863688,0.370082764710543,1.51681678003685,-2.68022594919479,1.57565249804264
1.71217911072518,-2.1553447137036,-1.68180853083745,-1.46101781446135,-2.12851473008344,1.42743832570029,-1.97303325496272,3.45337150128216,2.04636305969429,1.90541422464962
-0.109560659140435,0.0586919268784599,0.418471507409263,0.124559742740162,-0.645217302871732,-0.944014126437234,1.24506823338558,-3.77749969487505,-0.105060429386408,-3.16646636642567
-0.461423913226791,0.134591489404251,-1.67737379926483,0.311208047318698,2.29536699938675,2.85025243002694,0.898241524635772,-1.12274209100084,-5.21968275441575,3.25214969312286
1.18805069564971,-1.77974418226598,-1.10037256853242,-1.80512331122681,-1.46381377244496,-1.11334823770601,-2.33077615839467,3.02461760176709,5.43831930839715,-0.582913716539165
-1.17933238859499,-0.0122907509082966,0.43274119263273,1.99607876710421,3.52674047879973,0.672064233133896,0.621030506306037,-0.318067921589191,-3.48203169009789,0.365246007250431
0.209252910538271,1.39136306193346,-2.07880591476844,2.34884871695278,4.26781522265121,1.99596123874449,0.816292472041949,-1.97195975354008,-6.40881445139959,2.37481894365108
-0.897983631170802,0.166088985882565,1.33364504754941,-1.21744683020035,-1.34960483217063,0.0616350737231774,-2.5294287389368,4.14463173388109,4.87766080304332,-5.26424842827591
0.363077082208537,1.07873398415902,0.647192519369425,-0.377656568533775,0.00906855349646203,0.294359110755625,-0.241387077740206,-0.173368768714154,1.43128949738306,-0.976502433366774
0.0894726549571513,3.15213554451266,-0.323640729934382,0.580522801734527,0.588768355860111,0.74338812265191,0.803875471474235,-1.75454977495131,-3.05755788043155,-1.41418570148009
-0.116487525148718,-0.278418843383554,1.38487236729584,-0.0693852773352816,1.73304558441048,-0.31280426950412,-0.472629500404169,0.892950635299892,2.28483950433911,-0.0508721636437628
-0.120544915283831,0.647065545520447,0.341400785177929,0.883344064060542,-1.52279440262573,-2.22383412408134,-0.0271223512902561,0.0052004862054356,1.05134358643244,-3.82386925609822
0.410003993913328,0.154780087900354,1.48863368529639,-2.19665381384221,-1.37416240064859,-1.84187149922692,-1.77340181767697,0.434066907506313,6.89767987591837,-3.46772601377193
0.531593225821537,-0.795508735829222,0.139076640214293,-0.207238448059477,1.54529681127065,1.52480495947908,1.59504833060392,0.154081877155305,-1.49382623304133,1.6215399538963
0.707500598690735,-1.57734877125209,-0.0520440749213601,-1.71726213799076,-2.90067791329531,-1.15980236868688,-2.39495878424319,2.30006938873933,5.384805889331,-1.60046304179786
-0.735361987761794,1.06893841206499,1.72664907425866,0.416208586572594,-2.20232633940245,-1.20624953918021,-0.044652146631294,-0.264798513944871,1.05689954846932,-2.83742789688789
0.871632108263915,-1.10739884102591,-0.132105478199348,-0.709099347592007,-0.316984255211465,-1.46809656406405,-2.20399808163552,0.190414767110785,4.54619659662036,-0.517382714432492
-0.400296564321144,-3.19331314962141,0.351566347740238,-2.51247176405289,-4.96096301019727,0.419534057988146,-3.01289124166281,5.23411304752935,6.64961372265645,-1.07892958826524
-0.0406109856153817,-1.60347102445229,0.772681609304037,-0.960350605792938,1.2375584511892,0.596221034100542,-0.066430593001486,1.31353292103739,2.58177651607061,-1.37678385525524
0.0629042962752375,-0.243774743882717,0.213089919172656,0.662535550417978,0.831715755271494,-0.523741425862569,0.182347437765893,-1.53551877511392,0.812356059779628,0.321605796790802
-0.0384077216297311,0.0707520523563783,2.0496564395026,-0.606584249692317,-1.32736431425285,-2.43449217462266,-0.324537549568399,0.616365407792085,4.65909237664345,-2.73977656975434
-1.3902229595005,0.556533046182814,-0.98528763111985,1.22137472524501,0.230214054938769,3.1962899966845,-0.315057745262077,1.93391026805312,-6.88696573389985,4.07038138569403
-1.15934300970433,1.8265094808201,1.61913596564655,0.496965408264145,-0.0737319170987328,-0.126918459655072,-0.309209630024158,0.767234568486166,0.776705473392992,-3.11676958087092
0.682996915324172,0.0820903409006306,-0.548972095618664,-0.882641796153253,1.95969743002431,0.408547420678333,-1.33092835203208,1.07206578717382,1.91574811003288,0.543615965176242
0.861030313326906,0.375487198733684,-0.121130357440174,-0.739156148731001,-1.25747870497096,-1.24109481231679,-1.61728379330401,-1.97413230717435,3.61653993708795,-1.78927534684033
-0.969027698599463,1.35704869634134,0.132860114732265,1.78198796700553,2.36187792362758,1.90802927808179,1.10701905696857,1.06247923883177,-5.44843336637366,0.460505251601998
0.172862147870786,0.754142264799163,-0.766836972259202,1.09789524524618,3.64407339128781,0.140339922437435,-1.33394090864388,-1.08524254216129,-0.174531373116616,1.21678012980379
-0.88805002113926,2.47534537705108,0.676688388634536,0.635427691256732,-0.706630876570737,1.75454436455976,0.487671896537389,0.370800503558309,-5.05003961205751,2.07511454985246
1.05384786644962,0.457786694553245,0.585470966618903,0.559050533637057,0.0730205613588437,-2.21355514842926,0.181822717124808,-2.06887501117402,1.48499059610768,-0.705897308914707
-0.928890615677843,1.56445693545766,0.4625510831805,1.24781889238998,-0.443870256270618,0.502685249756968,0.663170207780315,-3.03896450055702,-2.41246428861881,-0.514644803846918
1.27018870015807,0.498712733770328,0.893729026847892,-0.760972007477298,0.953046486424136,-1.05467053364001,0.013599240813768,-1.64198906576669,2.77981813038148,-2.78740399816142
1.26155133911588,0.449613902433515,2.38114349962407,-0.136848273461284,-0.0872142082364492,-2.77406883377824,0.191327176711205,-1.29860511486608,3.24513448124572,-0.359937032687902
1.19441509517702,-1.4692721952962,-0.120764937949518,-1.14983768071568,-1.08180208196303,-0.225076990799893,-0.55513997555115,0.716992965541327,3.67424183715679,0.883879949083473
-0.643895449885886,-1.46385378589878,1.11357103590332,-2.67410963219779,-3.57501912323308,1.22465531722193,-2.1126916358764,4.00605749390837,2.42829756826308,-1.29257471569848
-0.621285100095843,1.13848354641394,-0.708304168269075,0.0500256171485444,2.19940954401084,-1.35564264509919,-1.87135259525759,-0.191802660701604,0.0442191915549528,-0.203887343451821
0.93098529747338,-0.968909649623894,0.96775242759555,-1.1234455448674,0.559653868556279,0.098534361037972,-2.18310201660452,3.36789268322507,5.18016750296345,-3.47373385810907
1.06410417883052,-0.127078130373935,0.266951455644526,-1.79954919142153,-1.2071567621738,-0.147237410201009,-0.49621655267397,-1.41145350672803,2.28040946450576,0.599820416696183
1.10980022182121,0.773052066845588,-0.923195567895097,0.805112364232362,1.00499254707901,1.53122695192401,0.841943404545181,-0.267286076023522,-2.46059298977445,1.73690471141114
-0.176689079187667,-0.264161644398706,-0.117063773625917,0.352165716022636,-0.333503950662262,-0.454621233302175,-0.548742381512737,0.138125057713309,-0.133269317024401,0.804435242362794
0.250113359676465,-1.12349014529971,-0.484596522839731,-1.25603638412276,-1.75971089521916,0.486384861256632,-0.436292050136783,-0.0389492579760714,-0.186710940604443,2.53188827296422
-0.0910972432270261,-0.359995489672892,0.662427028471928,-0.214323780173733,-0.157231731083925,1.49279497816353,-0.0744112381306015,2.96324265898416,-1.1389556860704,0.674648559974153
0.648118475540342,1.44981366536976,-0.35100135396366,2.16108773850022,1.71841860472098,0.879453062067396,0.553044025567955,-1.00009648825558,-3.54167333185841,2.51532589483875
-1.00024115840837,1.76154723634278,1.58446625347497,1.91513019092399,-1.49901103789559,-1.19282293582364,2.17482011589172,-0.253639436547032,-3.24968824143443,-1.16448862119545
0.0657450140185493,-1.16639502333243,-0.510711600880278,-2.07321221039574,-2.11918981820821,-0.707566214217354,-2.77819376077492,2.11700214967707,3.80167803755625,-0.3711146867559
-0.0137272418115656,0.368069015506107,0.801742288926336,-0.457680818079428,-0.71309260792904,-0.520090131848685,0.22298930074883,0.596899826926359,0.776169129799835,-2.06679731349789
0.866214627238183,-0.874443142746978,-1.11186975900959,-0.419228130390164,1.9792537528557,-0.379379617912323,0.105221979221956,-1.94124948541881,-0.188154078356072,0.0298809635539525
1.49928701624671,-1.60713666839554,-0.173908597188876,-0.975781130510621,-1.26150522652226,0.743648123210499,-1.68773445678488,4.21280229089605,3.26088292548804,0.237178735236962
-0.0661293249210617,-0.0412923424786287,-0.342877295728492,1.06941582309437,0.0844973872223875,-0.483279311973046,-0.219422904059386,2.1452147782792,-0.625551341039144,1.62616263250366
0.384316716654329,1.1413638997689,-0.0440621234067357,2.16294063139381,2.53390517774019,-0.69129119972492,1.9011761016363,-2.87711707088951,-2.74592291512986,-0.939446247244253
0.781764581068482,-0.642231536723845,-0.321006479868869,-2.97251272958155,-1.75615433459992,0.833469983456327,-3.83904369610352,3.77221866566446,4.86184502015853,1.38284361302323
-0.52237842294931,-0.522561170625343,-0.00644705735756126,-0.922888335884152,0.974619597454678,-1.17703515978684,-0.194024317988888,-0.0837077206642109,0.360652401803162,-0.981621051411604
-0.829460407693464,0.771042424876403,-0.344558055080155,0.9063340776552,0.815361514848299,0.349637069054957,-0.2584278324765,-1.45855654252298,-3.23130572018246,4.26361077522813
-0.071415290881537,-0.0408861574547931,0.79809728242869,0.964332851791278,-1.17030088225372,-0.275202844248762,2.5453042612155,0.133402129649998,-1.40281863236496,-0.95364707500352
0.887496645172986,-1.03730152878909,-1.17503557540269,-1.24439057434735,-0.620969293534245,0.763245093726521,-0.0130795314731489,1.45165482031879,-0.669818047266812,4.33233889933678
-1.86968564425435,-0.394605613922291,3.43149881717752,-1.37244728369096,-5.20441634491184,-1.05956410725109,-1.43660428439379,4.48236515260778,5.11970481763779,-3.54369864970378
1.46086433408494,-0.00297083810777704,1.03638331051947,1.04978081799993,0.987412191879745,-1.88724866284744,0.178981045016048,-0.535320390525003,2.08700434413774,-0.761220276488583
0.760208112649562,-1.90334148754202,-1.55498504436488,-1.94034526419236,-0.373992124951114,-0.41053732336272,-1.31525280616011,0.119475717600908,2.94413023758793,-0.0908631535467443
-0.609123097068669,1.8423838947951,-0.905083505235047,0.381321474533541,0.729016898792325,1.51125530493193,0.372197751093109,-2.01646914042475,-3.1814646053993,1.72128584466832
0.763978486654393,-0.55144139050239,1.19669723103661,1.21491346223485,1.35835890335377,-2.17888545095312,0.771044029249058,0.353510256293864,2.03004798736356,-0.0767990344536299
0.152972739260707,1.44029176269672,-0.645878561494973,1.08503115129608,2.15646070416912,0.393438842963635,0.854677562693631,-0.305274730705076,-2.6680325434178,-0.259192109035056
0.420581511098899,0.0103749538591488,0.411769611093589,-0.811159783544797,-2.09180844068987,-1.15948586713348,0.166905048805171,-2.01008853166025,2.47583827363971,-1.3967333702507
-0.380317214534679,0.920770197431977,1.01553852794755,1.3364873803812,1.35727446816036,-0.0467973705880664,1.22075883963051,0.160043730823221,-0.328366792610664,-1.21291652657064
-0.392533344340598,2.14726244042889,-3.20091228679351,3.60451071333839,5.4807398426199,4.41249602599553,1.24702233483773,-2.3006523130525,-10.2020263235052,6.60350481172999
0.558005600008462,-0.680418834168063,1.56173520501109,-1.2630152962923,-0.919908696785509,-0.422236456603852,-2.43499466107105,5.63160867390781,6.24508800746773,-2.87491700088721
0.622840327517344,-1.84627977526654,-0.231798785428022,-0.382622404530541,-0.13107811970369,-0.227726312569808,0.0613499371061768,2.05373997433524,1.21240696527438,1.43996625754013
-0.145533507016868,1.31861477575213,0.370091756027027,1.37486862484505,1.98501392385074,-0.694788276443109,0.734024188112817,-3.04364440378944,-1.71112923249882,-0.919081711355188
-0.7541172535785,-0.433618236196928,-1.36302436200331,-0.125155860681851,2.20744845406762,0.578198405506375,0.705658835771842,-4.87941610585571,-2.14311066623722,1.63393813750723
-0.119943408836148,-0.603946009842225,-2.43050937260197,-0.538818181287465,3.49116407278585,2.10166840201092,-0.868470935362611,0.583735675932857,-3.0355032214678,4.6963894222505
-0.243914867124958,0.56195325886854,0.559438970706532,-0.0238917054074106,-0.911754354760611,-0.59335457674834,0.967298328764257,-2.57706407226934,1.77655606116685,-3.13995095911793
0.453645043155066,1.20156043392281,-2.29620845936764,-0.102885575052997,3.39069299221626,0.775963428976919,2.74828902110095,-3.78306466208858,-6.02083784786792,3.61958120390201
-1.28100473644137,2.33007648510807,-0.842397791751209,0.632104047699593,3.04787009863559,0.357486435426127,-1.06790432404875,-1.73113856286549,-1.53751093715621,0.321611075919983
-1.36493914903135,1.33011042098099,0.606019561437471,0.468563393096584,1.12168744678411,-0.659088745448351,0.153325341673583,-0.575526615390231,-1.66205438708061,-0.766771532041731
-0.0559182835249536,0.647849550310751,-0.555290263441987,2.03635743975478,1.53083416499487,-1.13934541879612,1.28239025128476,-3.55142711672095,-1.55205236716438,-0.676678369641146
0.748286394336745,0.741789983970394,-1.67698997835487,-1.7370862168174,1.19429101029513,1.10800333646799,-1.2482420494522,-2.48831316942249,0.740326186165678,0.854045725865944
-1.73228662627829,1.47962467103427,0.143481624315276,1.73610579120339,-0.157411910178687,0.254538501300019,1.76265609902507,-3.32649302016966,-5.0447398674811,2.67919389841813
-0.545421029341862,1.14826529418842,0.283112305980571,0.388015704200051,-1.23112652110623,-0.898991227128372,0.798843347294202,-1.89597571223203,-0.184133245610593,-1.4564517362838
-1.15521079681568,2.06704881903415,0.926565542253076,2.09998183283844,2.24407012255424,-1.45330552982786,2.58187979905293,-4.54778929217316,-4.22621613041593,-1.18275196452108
-0.829409015633571,2.39569884281607,0.380517389196673,4.79905822450497,2.66330255552936,1.57791584253597,3.26527591459022,-2.77648571479607,-8.00745328712159,1.90962319992811
0.367458606449841,-1.75728737901679,1.03173793162182,-1.12958990508885,-2.02658229005247,-0.26473747589935,-1.7712994405379,3.62288864836971,4.3834481636909,-0.67173393614767
-0.0157231120181188,0.725029068988797,0.550864700194879,0.717371627642953,-0.0533282553691958,-0.235343170202484,1.65948170262593,-2.40351603722161,-1.34980356351484,-0.525466078069332
1.28626550100296,-2.00570627253136,-0.719334421273887,-1.91480435662551,-1.86736484307214,0.336750912536877,-1.69526435923647,3.09399678549092,3.39748698212872,1.07611951781684
-1.64493215986843,0.790810107908563,1.46371585127235,1.73929964866308,-1.17690819321711,-1.80554172748088,3.276106116409,-4.51280597477199,-2.50200389036913,-2.51297757920374
-0.0776054805158864,0.289664348754313,-1.63995654596017,-0.224006438472663,2.44716085741854,-0.198838876416639,0.0106222085084584,-1.47108581216385,-1.74697197591535,-0.908185409856156
0.747539471025658,-0.901620447088866,-0.816105772936678,-1.46398493644072,-1.10352981137024,-0.595885076214796,0.180341122325946,-0.0443622587097206,1.24616549251055,0.551590841333631
1.481038648958,-1.21026144121848,-0.307660602543646,-0.890076907310912,-1.15654172398093,-1.375687659054,-0.705650653688247,-1.08080935546881,3.91838142537054,-0.824343505839756
-0.518004296583181,0.558755737495354,1.37063223630734,0.994941390045567,0.0651434448971311,-0.985921920975959,1.27586746212375,-1.3510300395294,-2.6589765321318,-0.81964319213837
0.160465600800487,-0.630676766466408,0.0435234518201544,-1.82284986643723,-0.650004146885485,-0.424324269016239,-1.94466407333752,1.53065928376479,3.69472429903245,-1.8298894132106
-1.83299563327492,0.212278883869592,-0.149968671670216,1.22179104504171,0.799827012340606,2.77814248495169,2.84049195459068,1.82994440349344,-7.85648727396145,2.39719873609446
-1.36484935855216,1.79520694441473,-1.9931630066717,3.27618241732682,4.16058898987562,2.78243107761275,4.25341064645779,-5.7136597466777,-12.5775260509769,4.4075534595689
-0.720456659184836,0.841428072484066,-1.61546774775659,0.0144899426674709,1.82663666642876,0.368839220221959,0.1200149312824,-2.31009714344366,-3.57729203199734,1.50514776626575
-0.613101897988925,-0.105717008773356,-0.671808702832489,-1.15139243043549,-0.958101185260124,2.01245842126959,-1.68619823505161,0.87440826200401,-0.0585987341866205,0.299839112508096
-0.712539254098948,0.196726745265019,-0.754421405052832,0.379860820236562,2.07783224692792,2.28295061406493,0.989645642221392,-0.810899005681267,-4.54644577609126,2.76869731623408
-0.518092282709457,-0.181458586166504,0.0893111699261816,0.0430858286911003,1.38684493832433,3.42116756787535,-0.276769170779609,1.24951458335232,-2.21695287783877,1.99948872606944
0.252455497352132,-0.193271503125714,-0.784227327960175,-1.2695171895451,-0.561513216447061,1.83016367166849,0.703021400220426,0.300045306544187,-2.46965886208134,2.95669112756107
-2.08421628022776,1.58332340623046,-0.502585744979129,0.252679867815674,1.8092617547435,3.51188852758259,0.884246870770845,-2.53060128803341,-4.50188341918657,-0.260704506451764
2.2243206307062,-3.00029501957992,1.49272593301098,-2.12801509414687,-3.73138307218329,-3.63315621138481,-0.757948054108331,-0.46907432133305,8.29597045359145,-0.942891178179059
1.17731379294549,-0.234967959066931,-0.735236326456056,-0.889380727210763,1.83245028862147,-0.692054738635089,0.125180638342091,0.879748691883511,1.56660212218323,-0.589829389847967
0.143310616383272,-0.912411203226642,-1.64649722538855,-1.76806838299868,0.386670753238947,2.96648114525281,-1.91718701752591,4.522683310372,-2.36699726201346,1.94084986367101
-0.851147224464213,-0.158173358652992,0.0348277923528898,0.505512593748904,2.35386793360515,-0.132579560874203,0.313467301070236,0.0935379229327924,0.836472469775049,-2.43866778265142
-0.387265084785532,-1.80501095853405,-0.0269682178936496,-3.41409515762874,-4.03890710318448,2.52915967018702,-3.2047902643274,6.43465191444697,4.32242884765814,-1.22670536966018
-2.06741512766916,2.25248134062337,0.600881049776495,2.42075180357843,0.397113183738975,-1.28828498225278,2.68917216575068,-4.06468488572997,-4.67955461716447,-0.233323389353698
1.8567177436641,-2.09676322182088,-1.08549629769169,-1.75137569011382,1.7108650760362,-1.19135667868676,-0.819897615049745,1.0369862999749,3.16457682416261,1.52335057146708
-0.145177480615902,-0.153351973396256,-1.22130829260291,-2.36756602932093,0.291300150060279,-0.595488479604258,-1.5062884144719,-0.817972263053084,1.20817428848073,0.600690142051259
1.44326486456078,-0.22507774949727,1.23115854832763,0.230124514331817,-1.89934973506503,-1.20141035341297,-0.59263117250428,1.6029754891792,1.33004164028187,-0.410969637509189
-0.0641617386489524,-1.43234142461818,0.51956439527546,-0.117637050730906,-0.681138851016487,-0.918559414312774,-1.14143940512022,2.50399387804419,2.62069101404122,-0.245352408245974
0.0609610555417844,0.224020025177728,1.27895684892286,0.685124476329492,-0.26795257997778,-0.295973972406524,-0.897968513665135,1.36624501026327,3.04848135321213,-2.1139654009724
-0.176374433389448,1.36842482040326,1.39295060859119,2.89396477602119,1.78898276751385,-1.0683347764722,2.16164075032765,-5.21034713158793,-1.78888101458478,-2.47239639962896
0.463704297866275,-0.666914403750103,-1.14621356416012,-0.317166616655904,0.311875164876871,-0.753250380548942,-1.89697757926995,1.24228774452345,3.65196226554838,-0.658474936866236
-0.455959937547815,1.5853146443361,0.996679815781683,-0.233487487658726,-0.622207168987641,0.325196028370099,1.64641449065496,-2.77723374378189,-1.75883930295757,-0.0705503096110893
0.0882214050130192,-0.381147424039594,-0.64185515214857,0.474158933813277,-0.0466578964098886,-1.09061032889206,2.19520574426197,-3.46226421507326,-1.17331892524023,0.942640219480059
0.0227099670157815,0.418038514705064,-0.764799235888856,-1.60789130538274,-0.296539018335222,-0.791813623431306,0.216257646796223,-0.0227658877852515,0.550054172649854,0.937998538868723
-1.2803480404529,-0.163284760320935,-0.0334569806531853,1.01036424275571,0.0805208816887611,0.840544835300161,-0.567862188122116,0.736239559997791,-1.43564435338493,0.330738190795511
-0.979035193295042,0.972120695486598,1.93319851716694,1.20822836276682,1.34579898930809,-0.115760937957516,0.0776911542633202,1.32092455523506,-1.4736613882437,-0.137877925191608
1.52650516707168,-1.62451717244665,0.483343384681305,-1.56713736238899,-1.06012602547626,-1.88481600528472,-2.48279747314125,4.46576225939766,5.64800302529852,0.185158548372135
0.44288581242338,-0.880408337509923,0.581250241890946,0.784849652950385,-0.380187710695399,-2.02211378462913,2.06472404676197,-3.58258468665299,3.90358370240639,-2.05339629027201
-0.483715647820266,-0.173018560891522,0.0652216148272176,0.336710443489318,1.68448974608171,1.1583188601943,-0.452545634968379,-0.0707973970589673,-1.95751286382595,2.24033191051287
0.819450536516303,1.02659785566449,-0.446789655300981,-0.161814661770365,-0.516475735503189,0.38986388922396,0.369060922603342,-1.01329201375125,-1.40174476622494,0.258405157402871
-0.494721642245671,0.793167387984621,-1.52646010392716,0.355263103582915,0.89313486498966,0.97311169077464,0.38099359935071,-1.76693207159289,-4.66414695000936,2.4497986397262
-0.34753993646667,0.669613942407463,-3.00395521887521,0.664503278411639,3.42462527319623,4.77704291887891,2.00928803103762,-1.29917190869632,-8.94973013240817,5.77865709297821
1.64599380588491,-1.43973427683825,-0.32668827002848,-2.80757115806858,-1.87027349023495,-0.258695122254741,-1.47820161670868,2.09861546559387,4.55219691337835,-2.02541802091469
-0.479585547353914,-1.18076179462382,-0.512535635520205,0.641611271909414,-0.0411177724045486,-0.59793230854979,-1.80205191607646,1.0980968226129,1.39267213217276,1.4301819958038
-0.487062684326666,0.129812271100406,-0.965106548654245,0.933076917093233,0.368968365723578,1.27927760717369,0.112757640910468,-1.12367457140717,-2.12136055598898,1.32827464856779
-0.427360041764929,-1.1899091612704,0.5610318213119,-1.19344311884029,0.874052441560403,-0.485672046800655,-0.0161483969127407,1.26973154587047,1.12034322265446,-0.668690026509774
0.228244325390232,-1.03123697722222,-0.289757087932977,1.64683580895004,1.98546942085225,2.50487360635595,-0.461137467840325,4.20035796104808,-3.10343666353387,3.19064194012409
0.640261409909879,0.124438486413963,-0.557159177092748,-0.161410855779972,0.243290064919153,2.59757369269596,-0.797883463302799,2.41574317226936,-2.2462613078941,3.12676982249124
0.261959987910339,0.780445903249582,1.16936176168523,-0.339205539922885,-0.72198249518414,-1.43353406359001,-0.486974409574705,0.908077903202864,1.16932557608346,-0.508809158340809
0.221821495653161,-0.488960184077801,1.99686652707574,-0.823697529213864,-1.80411206691189,-1.25242509744802,-0.379639852496239,-0.0915857623707257,5.63704922466801,-2.68668890547171
0.533747905303286,-1.27218114793139,2.32239746377039,-2.15677130565755,-3.31515813779217,-1.92310055386016,-4.29773124140995,3.22003936360031,9.85050729668054,-2.36923446601245
-0.337732169295485,-2.46365033713899,0.366458401721875,-1.74528924207137,-1.20167601438615,0.225891520270439,-3.73930792710875,5.85265867716499,5.00027824891992,-0.840772396298769
-0.886542492456584,1.73357606820411,1.08961305478429,1.37195530629064,-0.856868858241716,-0.195520580975115,0.534367574672729,-1.14773949322379,-3.5722344429416,0.00582944124555139
0.158895560578888,1.49062761393433,-0.0756948216525233,2.33635705658817,3.90206559739616,1.14567020386653,0.65547761948923,-0.990117341404555,-4.52320767591679,2.38188255194329
0.47708063180453,-0.652997097047058,1.92962600147513,-0.715151998487426,0.180276474697764,-0.792865536040242,-0.929643056605348,4.09015098892836,3.64152274463865,-2.60023205204159
-1.44284052348182,0.756785960979788,0.474317207179287,1.70160330022417,-0.674079883006323,0.55672039142026,2.55858030898743,-2.06376322444256,-3.03580167877536,-0.592661054472138
-0.91017150878257,2.12631123064022,-0.841638282773024,1.69117601444871,2.88704881886124,1.41305164105845,0.921312885865252,-1.32950920738944,-4.95091846249702,1.21020498606293
0.736654713782995,-1.58930048653144,1.24353535279283,-0.753608046645541,-1.54400070258728,-1.4090604606594,0.396078107919044,0.539049031813815,3.77524336665516,-2.46425461578681
2.10126385692188,-1.65039084586711,-0.425683281725165,-3.01706652983532,-2.10028302389136,-1.15570743803442,-0.649308444293567,0.740663237344898,5.28938722958057,-1.55758469560226
-1.57563603886887,0.867634227013617,-1.63863707165199,-1.42653932427039,-0.302422631370605,2.37459158628443,-1.63085836273029,4.13505931323655,-1.82338334567104,1.82385839974076
-0.583457585088346,2.32377091127608,0.16275381367237,2.66051590010608,1.59665957747509,-0.531127670068325,1.75187447841208,-4.11881491332473,-4.27488822834503,-0.715682212705898
-1.75882196169521,0.802004755338694,-0.587962548438746,0.0714715636563024,2.16453735107064,0.72788579350688,-0.0123265440525734,-0.139606549328066,-3.65926732148579,1.10222114065214
0.509716437327175,-0.860106701518537,-1.74656379982768,0.728858144267827,2.85769867426247,0.802826131134981,-0.00552898526501305,-0.900296057962246,-2.22534544469816,4.22764664178113
0.835832765128307,0.19093482484132,0.529167686635549,0.509737317759252,-0.505579440345211,-2.75238279110193,1.01823449620404,-1.50419002425006,1.70184332397061,-0.682516943294256
-1.36503087557699,0.355119625746601,-1.7400320185773,0.120311894655083,-0.0501981941644251,1.85038735489445,-2.52648509878898,2.2271503211043,-2.36420111633427,1.33182455477326
-0.236290788155353,0.432508592605455,-0.923528434424282,-0.00972586900093903,1.6170982521965,-2.52098309646396,-0.290236719521696,-3.76665208633019,-0.164190691854331,-0.423116199134895
-0.929398666896228,0.52379406941788,-0.456757974014535,0.0922961993129369,-0.324912453026061,-1.15803375746426,0.170806944591285,-1.39849643605276,-1.17073496320969,0.545648416639941
0.930200439313519,-2.03466449561809,0.211519253839705,-0.818274144917158,-1.13406181571145,-0.491466615632982,-0.864619589661079,1.93216600042123,2.04401481974177,1.98046458765706
0.418210267191376,-1.22142599755229,0.603810314067736,0.919959042769257,2.85357996761432,-0.745199902937493,0.54874821596951,0.073820540283812,1.58538461012391,-0.420418283122665
0.710315344553932,-1.82783450497589,1.35724214758947,-1.04133874011979,0.033094584658451,-1.93860391674827,2.31752849852856e-05,2.10432814076725,5.72801755893181,-2.29792208057689
-0.871696819871933,2.26492634455976,0.879191963979824,-0.379152872100679,-1.91109940138526,1.57993579305485,1.21485475068305,-2.67789175583658,-2.65464241186411,-0.656053603666359
-0.134401125369936,-0.0792732491674163,2.12289619760755,-1.3782481861543,-7.73143789728392,-1.22253558790789,-0.633026859266992,1.80452689623142,3.70372624046091,-2.66759422972167
-0.251427123489163,-0.0950762598234775,-1.82243438304599,-1.6774504653612,-1.24752655509544,1.85436219377534,0.697726157612766,-1.99426471347334,-1.88508609141495,1.36794163944616
-1.4167745310367,1.13469785952836,-1.59830294962872,0.182454693070084,0.795893720796028,1.99358057148943,-0.427661234007659,-0.26013713789433,-4.45123362007427,1.01658337307081
-0.272540249067618,-0.234305007143802,-0.668378130325913,-0.13146946239817,0.822693725188155,0.179962859996504,0.747892067491547,-1.67985494748596,-2.65042641526394,2.22323554427358
-0.642179677512901,0.42183353524212,0.816721969902975,0.863174824144662,0.208773379550415,1.15711355956652,0.785349392338813,0.366651238865411,-2.60637588824716,-0.984772909388779
-1.14765898351285,1.15584602577142,-0.58471380098557,2.73157654321765,2.96642139324158,-0.433543927548258,2.78167923248536,-3.5145065874502,-6.84960831867484,1.63800118781894
-0.118778871914409,2.51132970881873,-0.225722355328635,2.95020830349132,1.17251431621361,1.63430632685014,1.28999386213153,-2.18586224283469,-5.89986698083489,2.72908951111777
-0.567030097062433,1.80855790572657,0.397208997636066,2.03232520159225,0.556162798246565,-0.181108015595653,1.86521901238148,-2.16381252498853,-3.40006289730832,0.275422662109791
-0.253205329706165,0.0286176416063438,1.36269281667997,0.0975889365529112,0.967500199413766,-0.821229275492968,-1.65797087265868,2.06403746121529,3.20550990600785,-0.671921224857326
-0.273869773141126,-0.00911313126240798,1.53691005110841,-0.664297993158251,1.24411934749022,-1.34676723359625,-0.665943296062255,-0.00140430899834065,3.53413925720934,-2.92932491923366
-0.1625851364146,1.04630732243587,0.523033003703928,0.42744351096279,-0.9525601826314,0.308353402544965,1.78579494202424,-2.03809901344823,-2.22093048490227,-1.10961836155732
-0.835716334676517,-0.755567338528703,1.32450665177088,0.416245449031694,-1.02368127731995,-1.04298617335936,-1.04506803691947,3.32012377312819,2.67956205738787,-1.87751970181968
0.536977443554198,-1.66129840116028,-0.302835809188013,0.877076813762622,0.669874972399863,-1.10129903879967,-0.866793232259391,1.79927519097895,2.51428766192608,0.0640521234540001
-0.2961963173056,-0.80494615379042,-0.341611009967107,-1.02717153581825,0.716901079046176,1.09917497439563,1.36425987465865,0.888433705827556,-0.291204534862415,-0.330701691427301
-0.499239368321872,0.0532400437994091,-0.346324495578928,0.477585419893204,0.0268923858498037,0.272635691925178,-0.339121051427135,-0.405425489719125,-1.60326950210104,2.04483458138113
-0.161377393027911,-1.66221407006337,0.418764128607334,-3.17549121406769,-1.49484343797601,0.236452292215022,-2.19346076181933,3.51425176122485,3.64010619586673,-0.855692685289888
0.208479143649848,-0.271132932062438,0.280017819962384,-1.96358218256474,-2.20573568495357,-0.525543476205943,-1.53642103112633,1.23223907097676,2.53918083423,-1.17355429433939
-1.25073499606016,-0.707794016507785,-2.1117138608203,-0.563937919937471,2.12683078261989,1.76525758698761,-0.714146027192545,1.42660972146393,-2.78609208927021,1.88809617094997
-0.279444081771303,0.687351538518271,-0.971608001063488,0.531659541012721,2.31862431230862,1.23068186674096,0.822689153712008,0.232371633297681,-3.00936767016536,0.713176805706099
0.332848564906044,-0.671110476409507,2.15080403043629,-1.5231430701153,-5.33647167631291,-2.73468955011886,-0.893568897982515,0.316353818688776,5.49481559072879,-2.63867802673682
-0.429234711339173,0.777509508344277,0.0686030882729191,1.77726351934893,0.491704089132717,-1.00178915284117,2.59839374078289,-2.28734332548676,-3.54715166677561,-1.18157962432259
0.0422551787417365,-0.885943892160221,-0.518537794405349,-0.411279922002001,-0.0814404598451298,1.73811831865459,-1.11309183889244,3.97235009192305,0.493645464345822,1.56733665532324
0.0809135347352329,-0.564825928759969,-0.407568844796555,0.0758686942069698,2.86936851281799,-0.184850890050408,-0.602654053287261,-1.26236295266355,-0.701334441863946,2.33639328620961
-0.33918623161231,-1.84673539713498,-1.86008094150836,-0.808141741534134,-0.132479123746228,2.6334141088207,0.241963395704734,3.20034491491407,-2.74351823929068,5.21327412590266
-2.25502220139451,0.892825557021189,0.24502270168337,1.53188052768223,-0.197076324816301,1.50845408050894,0.39320522806732,-0.318843158275425,-3.71580946698905,0.241056756421511
-2.73353420711149,-0.0290098099835964,-0.688374487419556,0.30286905301194,-1.36640329516912,1.11977543612584,0.49616523424786,-1.06588869749462,-3.41915526283224,-1.27335036068846
-1.29700620010855,0.496781315922426,3.0381881735321,0.921833992463714,-1.22156365693037,-2.19723477931735,1.63741549876596,-1.19536977505777,2.18135346366459,-2.41159520922182
-0.678170987442901,0.697271143045757,-0.24062044526056,0.340829822517716,0.0205771561670375,1.24731536448512,-0.205799017051398,1.23702625316462,-3.15797437496433,3.30706780725279
0.722749871705713,-0.559580513104303,-0.483595634247868,0.197675913372254,0.782955259626212,-0.91572977911863,-1.76055895709283,0.866698826692588,1.22125569816166,-0.846437694543929
-0.379985007289361,1.1591889874248,-0.322667696870852,0.517221296778393,1.01374912767751,2.43145340946279,0.104829950117158,0.237705859239911,-2.64936291421921,-1.40550700076665
-0.644396379842391,0.549021729255457,-1.26581590072965,-1.34150695394305,0.940378855300681,1.43051785700299,-1.18018876223375,2.29874187426486,-1.04290396033297,-0.527408607725658
-0.275727819140615,1.52353793975021,-0.872678152467714,1.98489019286907,2.26113219398058,0.730570344119504,1.14512107190405,-3.56862084824794,-5.13728417198928,1.59108840925804
-1.03371272472086,-0.869043513397787,0.960761149883134,-0.921018783807118,-0.580288719192107,-2.8856314328833,0.00219025634156542,-0.816601494838555,4.10320029779776,-2.44827234623348
1.24950921093381,-0.0279985457915664,-0.385592750561861,0.0354076791354911,0.796470581287767,-2.88590234926236,-0.403356890147827,-4.0105292993401,4.05748249129032,-2.02765951030617
0.984556416546859,-1.14431515588444,0.0175411229042118,0.303843679489536,0.311371020963271,-0.767405734542595,-0.395545836848251,0.872350655735998,2.57984624789219,0.608240072721109
-0.826795490258019,2.17367962419463,-0.288808393166389,1.8390569917108,0.562214974950222,2.70706521273474,2.31078916780293,-1.80075406821483,-7.13216920541232,2.43639452298433
-1.5202172373216,1.04460628204939,-0.544274199011047,-0.0603289695786952,1.23258365859925,-1.48836527306942,-1.87805393706396,0.377609476987735,0.399352300777281,-1.68447461677005
0.677078649357539,2.40483929587381,1.75063515596714,3.01535780309032,1.94683144179615,-1.13648128630678,2.63628509294782,-3.46322107960162,-2.91251660398138,-0.541535706415251
0.193523075690547,-0.711472137605757,0.300085187648086,-0.51530247125801,-0.109977108713454,-1.57246163094585,1.83923769500364,-0.921131346626218,0.801836586840643,-1.23928765051543
0.673079366456856,-0.842972509503974,-0.722574766257867,0.0216437587219728,0.328095309751301,0.708931685894087,0.0682347550640914,0.0954549328915575,-0.555146921849921,2.78884908016759
-0.939077321124836,-0.614452925710516,-0.28372745140034,-1.09958643574419,-0.34030202057533,0.713987229262806,-0.489456238204247,0.937728439406951,-0.0754427510784316,1.11309770033219
-0.424771302930261,1.18366051920516,1.00567883494549,1.85746679697375,1.34685450782329,-0.742723912612708,1.15939994447626,-1.86585032204855,-0.884194346499127,-0.881811440553149
-1.02977399134288,3.07829819504279,-0.252553384408093,3.0787418423689,2.19715248693019,1.84300517834348,4.31943070444037,-6.09795249024517,-10.6225155468426,1.24015150758646
-1.84872975259577,1.2839257320968,0.764555315525616,2.58824366437483,1.36899262611731,-0.780422944789508,0.741362359088383,-1.96239824291036,-1.72236363630614,-1.32874950250686
0.136623584098243,-0.780144494538211,-1.80203046288269,0.797207564435711,2.16590774977647,2.86060288918378,-2.3172897915189,3.08430241477632,-1.45205998977277,2.4906434025976
-0.265375704252557,2.27577117261209,1.35464050583094,1.56249250032806,-0.026381616082664,0.44031410357434,1.30244620541494,-1.77665767375064,-5.02753406948873,2.02475092680692
0.185995509679191,-0.0152071874495281,2.20203285501865,-1.48094149659048,-3.33304794647493,-2.42631873263764,-1.21192610760509,-1.01412831857562,5.77514887446026,-3.70078744031764
0.656649689519196,1.24724475751838,0.386366761478066,1.07042076660151,-0.767826424610893,-0.714467496778531,0.721173810387327,-0.702883349643953,-1.76467257475803,0.355797008929043
0.465860935218544,1.70895983519988,0.65512299382319,0.851931592959393,1.99450841960203,-0.82307098984962,0.5607829419949,-2.6242496824606,-0.867784330502834,-0.837719608534048
0.064539933890959,0.0955767223142812,0.269523906497623,0.859983507533176,1.78858511021409,-0.397182933516449,0.200647593851751,0.406418948193492,1.57468631346293,0.0330255654221369
-1.43950804270264,1.2420950742379,-0.900625828157401,-0.273276033485701,0.875453216508977,0.983149883673835,-1.95826931148234,1.30326192875206,-1.78107725129593,-0.98932819300284
-0.36337960467268,0.496775234685758,1.34448963714658,-1.16786293514422,-1.8096135265931,-0.620923197300214,-1.87972882142303,4.79562978480231,3.66566755932911,-2.35324296299578
-0.25316160880292,-1.29260334240623,0.693620829878338,-1.138981512417,0.0354032729008152,-0.516594845835002,-1.88849586388098,2.92158224547958,2.55247785118836,-1.70109083140281
-0.754050006428301,1.57037347774357,2.58747197745859,1.96489622503863,2.43857574716933,-1.20251716997119,2.41527218954074,-0.556050066603925,-0.623760503538995,-2.83589648518674
0.679534132257561,-0.735043697683034,-0.874019782138435,-0.421944816272793,3.15801780239891,-0.196307528450384,1.45634919476064,-2.78335246880731,-2.13222342482623,1.80148618202007
-0.0387621601996352,-0.299658628247138,1.51165529962026,-0.59559412354777,-3.28094688856067,-3.00349467439203,-1.43441294144625,-0.43962705114501,5.66650586848718,-5.11713130634873
0.417420231570051,-1.46376109504522,-1.00670324459538,-1.61665441793098,1.78194456810266,1.30806338294442,-3.40380163375608,4.83602503282984,2.99785914728058,1.21862566093503
0.281678507632291,1.0958629961707,-1.12081850508452,1.75820000671938,2.13775326555025,0.87201269715142,1.30663479507878,-3.15002244895487,-2.46090279859007,-0.445189938991056
-0.495468697814399,0.226627956826929,-0.186201077902389,1.28546781723582,0.31443638492434,0.338317051077575,0.520504784454353,0.153026171905122,-0.442071111610489,-0.484565857026251
-0.0427198117080723,0.202314783102031,-0.669107971640106,0.625956616523269,2.20103777544031,0.772679240480194,-0.218867439164746,2.30178626113126,-0.697508039155341,1.07941798832872
0.423825452194659,-0.765523232013811,1.41443932227908,0.0344105017083659,-0.850272572352902,-1.91002946936306,-0.531424292878503,0.0268543772458972,3.04452789431923,-2.89574858827129
1.9146370600622,-2.48293635670321,-1.70373033830949,-1.87565974523444,-0.743749366895975,0.259551417646793,-2.25317213525382,1.49003831956955,3.75434767877252,1.80311241869832
-0.989533927017315,0.0951439095059573,0.656490169938348,0.313179883304041,1.50647198567723,0.408031638420323,-0.391265937415001,0.480505313162418,-0.600853370668475,0.235365572865668
-0.143836977578831,0.356854631765004,0.347735130359176,0.136593048432502,0.159015757874495,-0.731090757951446,-1.3704586784311,-0.588677469900254,1.37618997556233,-0.480160241804952
-0.633021550655713,0.116147509251803,-1.41245375212498,0.324331445951642,3.21904673678775,1.22040571429173,-1.77527353611718,1.43325266241058,-2.41389735821707,1.44160174944663
-0.0864407246518764,0.229384804486031,-0.675045509591345,0.282701463060081,0.458208538993969,0.337782039241277,1.03439981646849,-0.0799479736405604,-1.80976963746494,0.351235962444101
0.919860339524826,-1.3915169662017,-0.0699970611480636,-1.28333874876798,2.14757738409872,-2.37599423173864,-1.45269806616671,0.886110068770346,5.27337703065479,-2.05627198646162
-0.758187595984114,-0.344987498449486,1.86871051032914,-0.264468271582991,-2.50146335791486,-0.661431614635953,-0.910286778847076,3.69269497034449,3.01462399277534,-2.33979058337355
0.342635565145397,0.769113446311604,-0.372275917661804,0.209824545701758,0.182460069825089,0.396680214035682,-0.161226521947578,1.36973390586152,-0.928205173615527,1.73517119044178
1.63353311169282,-1.25152990297965,-0.512865260986187,-1.87658424163939,0.0704271530664374,-1.2106382185226,1.59757760057489,-0.674761818144658,2.73069787605121,-0.776143312804055
-0.501437223407629,-0.675387183072359,-0.920105182415,-2.17769199598784,1.027100078879,0.442614279552502,-2.6207991818619,1.82043237467395,2.60350510061085,-0.380602898500358
-0.335275262267516,-0.841082719679165,-1.5598894137744,-1.14711543903404,0.498396946938924,0.211306991474334,-1.3018784556342,-1.84418844503021,1.29452884481838,-0.384096549634336
-1.06187918954178,0.455020606118703,-1.5871598401435,1.52055682390998,2.0391276417618,2.8826213768899,1.01867993155937,3.3053057733127,-6.36694415704866,2.67522002825193
-0.497166186498431,1.1815054633531,-0.910892787685833,1.81942887818459,2.5326909033794,1.00531110673084,0.83119760515506,-2.27053415360058,-4.7434953914935,0.577252467973571
0.182390104499124,-1.39522176434122,0.678251430057296,-1.49341545218318,-0.92157824625217,-0.174454787300707,-1.52348323517063,4.94705337674311,4.62340842634194,-2.36630073759491
0.642495639571806,0.732548565091354,0.499557557676199,0.684305090767185,-1.57693609152804,-2.47534523402926,1.59060507618866,-2.86897477269769,0.94184741172422,-0.618260933649765
1.74057446881566,-0.964618775178715,0.573334689544864,0.85943021921092,2.89420684406433,-2.989957509339,0.368439472630605,-1.0259259204358,3.67819612623368,0.0421235929221274
-0.0806831595529039,-1.24013978503179,0.0207028241781601,-1.47490950092643,0.312155315547013,0.366777297020655,-1.54183904686838,1.79787946493779,3.25195788187222,-0.711980501769949
-0.0524419421659726,-3.23935492161712,-0.415261612639217,-4.16916535910629,-4.09448302204368,-0.885312704967674,-3.66481198822458,6.46970853021677,7.45729663790667,0.180169019962559
-0.290270403403721,-0.0095807199009299,1.01831065849807,-1.20550324762811,-2.27925683411274,-1.61810831428997,-0.99781430024274,2.29177842746515,1.68674551951887,-2.16077611082804
-0.0626366383492982,-0.296897466970941,0.645401324931582,-0.576078179926726,-3.73390605958403,0.798463291300433,-1.39539671562028,2.43727915465525,0.292921457708357,1.87358036686791
-0.903087693131301,1.13223353359988,0.635437638015955,0.494512472909001,0.0662908727435627,0.086361018899387,0.199485962611122,0.204782433962683,-2.24025615371589,0.91846841178714
-1.04887533841127,1.27413455181008,1.27709501311577,2.0348667400138,-0.817442314722243,-0.371823379377689,1.48570934031282,-0.733129416464142,-2.76662547429549,-0.595052136092106
-0.49183354982856,-1.33609577414243,-0.819654666204505,-0.960830483599634,-0.771435749077324,0.697845345270827,-0.114939657403918,0.916874717368862,0.158428625345959,1.84645700984006
-0.839709190283354,1.40550282028537,-2.89335290808889,2.95137400116414,6.98037375879809,2.65603340867138,1.56188192805714,-4.27788299663817,-8.87211209276442,4.46756244925192
0.164806390308625,0.753050513506407,-1.4847830925388,2.35807133897588,3.28886535059558,-0.289230445946283,1.254195014917,-1.72340684556576,-3.36726931202228,0.248837318181436
1.92937154955865,-0.848558156236191,1.28963613363787,-1.83995725329826,-2.02452588874957,-1.05854493867907,-1.94347767327679,1.35859517132946,5.96972107758364,-1.46391336216425
-0.134723366349169,0.632781168570363,-0.393808075166142,0.640416544975365,0.173063895932453,2.29669939973428,-0.56257600974323,1.43749812990008,-2.13863346880393,0.647017567902643
0.582303109019558,-1.35001643897178,-1.19391286202195,-1.97636833773608,-0.045547395687411,0.156270324644364,-0.23687494638544,-1.10786673168232,2.32432499203086,-1.19895294224902
2.33677626752954,-1.69902108072605,0.0420117606798869,-1.08713767903568,-1.21085920194804,-1.82610071902855,0.0337145318007915,1.40580746470843,5.42020105527818,-0.356373963809964
0.315287098521221,-1.63512126688926,0.705925521716669,-0.409038089901201,-2.19850722002696,-2.38841886752602,-0.445202676666063,0.549030646407093,3.18361128364019,-0.941201123361894
-0.486849166190065,-0.0422913054875838,1.77486133026098,0.739470363603946,-1.83707321393151,-0.628076031455775,1.30285998774121,0.114086052007975,1.45459690198374,-1.58474761299042
-1.58738326170468,1.77240333519944,0.771484926935975,0.635039162307218,-0.867174230615721,0.314713114446552,-0.1159576248516,-0.37815395927914,-2.08089965220841,-0.286922305670725
0.867119448865253,0.466513161689649,-1.84023742924422,1.70013577196513,1.4387433514439,2.32256135097745,2.81400886740376,-3.12628267694286,-5.50725771298777,2.03518924358445
-0.294489445854168,2.00415835616092,0.197520092254362,-0.100480937646534,1.15372694801098,0.530206637469339,0.229337966271601,-2.39614827495456,-1.69652969551314,-2.00294695796323
-1.33243531514281,1.77664436514415,2.45823941350567,3.451518692948,-0.257034659321733,-1.20764863565285,3.55873552107115,-3.38444975717808,-3.57792012665231,-1.6709809565206
0.676889282985634,-0.100610622568777,2.48677773347373,-0.214985554974796,-4.60916268346425,-3.77464705854878,1.20285079969098,-2.73848027871743,3.94890651413086,-2.86293008241116
-0.67478174998911,0.540902444775245,-1.34938284853037,1.23797640884175,2.80170085595842,1.39987426032865,0.564741937428995,-1.555107850354,-2.31945749434461,1.39997211422954
1.60207311227002,-1.78407424801583,-0.638448165568039,-1.68272343958982,-1.08289735662239,-0.345814386875351,-1.40460675511246,1.13878886174868,4.32139071094819,0.344767417521286
1.15728259386239,1.13966922002592,-0.59130228632139,-0.600155242900952,0.0860968011174919,1.02569891682238,-0.4216557079914,-1.55085064795674,-1.66908632129276,1.29313918432436
-1.94277958524103,1.1552051881689,-1.19879899100283,2.14722925989435,2.56934285048377,3.34922046082664,1.2662105115991,-0.661447556807244,-7.452974884717,3.22984974548738
0.670564394696763,0.0209720724574925,-0.0320815994398875,-0.452614079403781,-0.713596809565128,-0.123390511468568,0.624858719410301,-0.968485853588487,0.654954989435241,-0.134154504476835
0.7116482612953,0.598563342283816,-0.861437684993448,-0.343538703512771,1.060847716435,0.707800869679285,0.524467077301057,-1.96397618530068,-0.851827821349303,0.445125347836691
-1.51879764310911,-0.356898144649117,2.18228788401371,0.475207894458302,-2.87829986551169,-1.06020885024278,-0.21452180613005,2.10428456405273,2.65127414120236,-2.63913549408131
0.89503038334675,-1.46978725473589,0.455148556855642,-1.10960530028283,-1.68066152743343,-1.4857689763218,1.87531835817062,-1.20762386964001,3.16515956835073,-2.01194874933773
0.0291235615250039,0.147576968498523,-1.26114550671061,0.142233681925223,0.0835220787671003,-0.18758205269792,0.142418586090006,-0.689641001217698,-1.35791146696548,0.769208693042635
-1.61973688701493,0.387958482552862,1.95369388143806,0.134157917244137,-1.6066400028071,2.02869148503616,1.97522530918458,-0.568618039079562,-4.39759211505416,0.107065452886158
1.29513612081464,-0.0351992719086811,0.124326389583674,0.378609336434813,-1.03600426540573,-0.47191018662574,0.352108798424497,-1.95667783771526,0.601127516250286,-0.454174665005569
-0.359860017799937,1.9476868897066,0.50228244813986,1.33678340467451,0.174556269162688,0.931543492568532,0.0606232566223946,0.869685347471531,-1.18432006724857,-0.827809744426534
0.147674974877949,-1.25694197064086,2.57619792125962,-0.561382106703858,-3.55712976487294,-1.8197547438115,0.645820413705009,0.157515127116085,4.16325983003344,-2.36505036707046
0.0778584692955319,-1.51422820114303,1.21302492681382,-0.953179676552345,-0.282571739973226,-0.517847366909179,-1.02817237964844,1.17737535020584,2.38450980598576,-0.260777273470675
-0.682255287019034,2.2556854847999,-0.000928942677391298,2.94994792693886,2.2314188552722,1.26532386043701,1.65422889956748,-2.65516350840207,-7.00377574660417,2.21641969080716
1.16403252838844,-1.4032464597935,-1.25827378446821,-0.345022225233661,-0.672129489716518,-0.401075724780532,-0.621058992623003,2.58644150877377,0.943878795554468,2.96807490921314
-1.34893498731136,1.49176795403029,-2.08128911490121,0.7875796693726,1.91771096180387,2.28464752003573,1.03269915609074,-2.95045885126061,-6.62040794782785,2.73713745904938
-0.0372824696078321,-1.23011308964803,-1.53819489983079,-1.15563228461317,1.86618717100679,0.516200408535242,-1.00722624181107,-1.47678223447064,-1.16199985976792,3.85689460976589
-1.43519051019009,2.87106205944677,0.361925351229516,1.39831386871159,2.27602426922731,1.79150522016654,2.22113692753998,-2.35534229744525,-6.53294963547397,1.7031194768318
-0.621026405373145,1.45950866462055,-1.06452940121097,0.010861027391415,-0.281948407061297,1.77491400354765,-0.995885670148538,-0.657781439626205,-5.18407426970315,3.07875048204434
1.04928364616823,-1.08642650756314,1.67384951459353,0.274707291604998,-2.40597654365045,-2.66116325518036,1.38343941030481,-2.47043071519823,2.54170492306249,-0.770644801472605
0.335268477773859,1.4762125954008,0.320691471979418,2.47233677844916,0.832180621064578,0.147559732340558,1.85078760413935,-3.12844488166238,-3.8359648900035,0.939630599927927
-0.402234765513282,0.105971628615669,-0.346735760180258,-1.67382415566976,-0.801338542407912,0.072640930575527,-0.450130084635544,-1.64071932367976,-0.056517268415495,0.765795259567945
0.578132223052676,-1.04055652663604,-1.79509255085011,-1.96631981046711,-1.30564184342962,0.876440017538254,-1.1103893954361,1.96847287343179,2.19499102370325,-2.10743466317997
0.921514675129696,0.056729186219596,0.490953481996034,0.525827709670868,-1.00616860871599,-3.48114239298343,-0.278487092568642,-3.20897473428854,5.27316204208365,-3.69976295974067
-0.719506575171816,-0.390129404016376,0.165709018244743,0.175818537052559,-0.620159581406804,0.495181901104457,-0.182227094022806,1.6905826091862,-0.0937636122392767,-1.9798963042934
0.699619472516482,-0.380589198906505,1.65295193007943,-0.723312746712107,-2.33719630651012,-2.56744556009052,0.453518051400435,0.311704171801024,4.85890334202724,-1.98509495304832
0.85286642623501,-0.0222431548635042,0.720704093937758,-1.43199778146458,-2.17887692914478,-1.68792238358698,-0.914621419626004,0.722451510829643,3.75894581412463,-1.85880156601623
-0.922309678805339,2.25062131006231,-1.5137973302083,2.15939401805463,3.17145760964755,2.53307244003217,1.0483518697745,-0.297598180032173,-6.19368890735064,0.923406433166848
0.204647931459323,1.01869255816976,1.31752450717959,-0.226692438230383,-0.842101097621233,-0.408431670770306,-0.459992202628315,2.05021598880619,0.978439586313877,-1.01010178918974
-1.01430990195534,-0.418840018247262,0.813031181559327,-1.7396851266861,-2.4634909809618,-1.70993919882124,-1.95942839958341,0.626516717835644,5.24517020173036,-5.42440007504971
0.856381167969984,-2.11427487871659,-0.933894904467173,-4.09941151262504,-3.12788842229907,1.6309646278323,-3.44716256301807,5.33313223348277,4.83487004908978,1.39683222116032
-0.334070016241739,0.627205533999765,1.39802056723967,2.63629941559175,-0.47107964657486,-0.547427710159448,0.759653025080195,-1.14308550513424,-0.975795737718468,-1.45401005712174
0.888597006034124,-3.17132042093708,0.111493483510774,-2.76605361117896,-1.12934130421919,-1.50395793868325,-1.59376422075961,0.929105673399129,6.993022890086,-1.77303184787789
-0.816311528957322,0.951330539621924,-0.623250876916666,-0.120897335969121,3.20478264346207,1.56436952192162,-0.603632960416693,-0.256838656020602,-0.986785608252646,0.942365909316385
0.839009055003721,-1.22627354629646,0.109310647191357,-1.39604504519353,-0.744401619446807,-1.18797166535119,-0.570351536536314,0.759869813675821,2.28588094768048,-0.446741142074639
0.10860850397817,-1.039662148775,0.85740148434488,-0.570224831407084,0.569443151431686,-2.22648118169369,0.379322590564054,-1.20208502000804,3.59629622911616,-2.96709116686674
1.0839098102932,-0.892242821834077,-0.580915478475053,-0.475582029965294,-1.26106391011942,-1.36144765860854,-0.684243635553214,1.47178708157058,2.35954269630292,-1.87120325063471
-0.871716044239368,1.40066744399055,0.856175900748409,1.78050185127356,2.97234902140714,-1.02922679319895,1.93533582532608,-3.1583036196044,-2.77479691482238,1.64593170008657
-1.14004812841731,1.6163213579226,-0.0860071397373316,2.19564600901049,0.413178902989889,0.514046779675888,1.89085703515217,-3.17013453475322,-4.72516422202556,1.4165983224552
-0.19159263909065,-0.810240679451455,-1.86939016791954,-0.27476014777759,0.492297776487547,2.19921205445304,-1.64006292485942,1.2895805900939,-1.5853349235587,3.79411213272394
0.929035638530296,-1.16982841484837,-0.193175568144513,-1.24682051539392,0.508525923830588,0.195964751172951,-1.41783727681193,2.57478338053411,1.91791536206112,2.06061055979773
-0.955481514375275,-1.11386993874691,-1.89647877256485,-0.063578057948182,1.25715187161463,2.9289973673388,1.08954172747426,0.602220525763428,-5.25370323380679,3.30511294499255
0.0964907149749932,1.87320033795552,1.87873106631608,0.742498652304941,-2.27554129219567,-1.93366252773763,-0.675414976879265,-2.21768265460663,1.92243460387293,-2.62547876190139
0.127791542266518,1.35215510471869,-1.18245406280815,2.16274880997896,3.10412266955496,0.203040771754552,1.49602334463805,-4.28183426373317,-4.69648954018567,-0.38981994340628
1.29837167363754,0.436114994639567,-1.31993824040764,1.61546881429208,3.12203455643342,-0.00804038641249595,1.95163823073097,-2.83648812435051,-4.05064443211004,2.22919179036885
-0.329630134715891,0.373746714244424,-0.915705997848872,0.497821334166033,0.881309405644437,2.18710729950649,0.279250235176149,-1.87845871928835,-4.67871704019187,3.55972977129221
-0.537907538639073,-1.16651855838905,-0.28565705285568,0.401547365949193,-0.665842672801515,2.39257303676986,-0.49218068529456,1.68536893378424,-1.16279755508836,1.84254944997355
-0.557909529058805,2.62575668428381,-1.58119455368722,2.88517908567845,5.10116714489607,0.293841969419247,3.32673541954122,-4.65136778006793,-6.20477020335546,-0.0080410788520404
1.3507758261155,-1.8599130065663,-2.53429486993146,-1.61974467938384,1.94904155891652,0.0754695795801548,-0.334020557840824,-0.659348420034998,1.07606095156343,3.31722579969236
1.04900984584884,-1.40085271938118,-1.16425322881827,-2.67581466812135,-2.42844391939442,1.31345176583728,-2.18255292897884,1.47901508063879,2.01358257355727,2.58501308122101
-0.628867930436494,0.83484278474261,-1.01611061285778,1.60476542311811,2.71041447312888,-1.0283493160044,-0.130037583861508,-2.81014886966941,-2.65179445996192,2.07127304454022
0.268470571723416,0.513916583490943,-1.15688887159139,1.64691160293531,3.81158915132036,0.912062545171357,2.70114848484261,-2.36964344992927,-3.66777866595967,0.276558899235037
-0.898416880737866,0.66713421823336,-0.418962049030049,1.32754908058299,1.67494501702866,3.00184590571971,1.21841611854614,-0.203992683989841,-5.70204590533632,2.14310047485298
-0.522550942140527,0.174058917458138,-0.650056992488177,-0.477854426074753,0.200230774320857,1.75424834685306,-0.0144726797626281,2.39463616636196,-3.1393835797811,3.69784874558912
0.159669314820628,-0.454814641847229,-0.0397294438569364,-3.10242071220226,0.197620275651446,0.0300653739578188,-1.64544655252125,2.67203053535933,2.58756521736058,-0.362795340655936
-0.474222941582307,-0.054490634103126,1.03872043035894,-0.0691113786321593,-1.83027942584103,0.589516092373299,0.972938125625854,-1.14832688788131,-1.20915180477055,1.80833719258797
-0.0647467040888078,0.954267702304967,-2.57855836533808,1.33722145212373,4.41871002850501,1.02120936111449,1.95610605037716,-1.05963651340552,-5.48677769779685,0.606635338114353
-0.951899328296988,1.67091085297141,1.24997921804933,0.700029614486968,-2.08758804602266,-1.6166419342831,-0.611313869035364,0.544828383762974,-1.88359594582962,-1.03341517233115
-1.40643912105159,0.258086401148297,-1.8267264562729,1.09657617768778,0.133000482638073,4.09135323033765,0.301003887241537,1.74663247985179,-8.06266179449867,4.58789069854984
0.216398072170603,-0.0600239913394044,0.523484750023731,0.614058050709466,2.49740886784727,-0.335310741580048,1.19722964509415,-1.6988107889759,0.342158927066858,-0.52718510243627
-0.353796925199569,-0.419178990931411,-0.088292720284752,-1.24170689557763,-0.562417058665793,-0.776990735596367,-0.603342271978439,1.38860365321256,0.718127933852675,-1.13046820037208
0.738171342271502,-0.582476882273016,-1.12514724014149,0.738881366928266,2.0492971850816,1.0824600900468,1.7704868252169,-1.92238710422402,-2.1822946223899,1.15847336204669
0.0741254520209853,-0.1662963049611,-0.2155813799265,0.318340508050256,0.672633380727398,-0.350400207599874,0.317874271818986,-1.38734828395298,0.46048155730465,-1.30809717621749
0.166654638277465,-0.126111335599431,-0.0937596549781358,-0.218331644694929,0.510737729699008,1.12631207129111,-0.536922698250072,2.46037486869471,1.09579429215739,-0.116394843446724
0.797390958507688,-0.199605548008476,0.801563837707128,0.810717902921983,-1.90531090299214,-2.81021531890559,1.47679066358622,-4.21504390929086,2.85662023318876,-2.37686065691662
0.344556774650313,-0.240408642808525,0.379386187429122,-1.61587383418878,-2.13784926825181,-2.60581897620303,-1.42090178893654,-2.35068293777574,4.96653250141237,-0.820235391007968
0.952125070769579,-1.02629977862736,-0.915422397011838,-2.33552481023518,-2.14342126779706,-0.740929939259866,-2.4319879917525,1.757384485607,6.10873299321302,-3.77734718672721
0.179318249036307,-2.27933403709485,-0.93983854722932,-2.24546580210776,-2.80973115265457,-0.835030260436415,-0.94171736121671,2.21463715118231,3.81378415434453,-0.793004681447361
0.529657810518295,-0.689464318003199,1.1463594967013,-0.285217824756102,-1.26759154239771,-2.42873128101176,-1.47939008974974,-0.234606470970297,3.89629357242083,-2.03208795167931
0.241939335851554,0.565556049538618,3.05843065054465,0.610376085221588,-1.90390257154106,-2.73528345336385,1.09503858072967,-0.849036237129441,3.98816657356033,-5.60477433468769
0.974858403602869,-1.96490579362018,-1.13401017195078,-2.20619945912513,-2.60030917367142,1.45927150700711,-1.25818145104445,5.19927997363548,3.45728125219863,0.186050239569258
0.296808047916918,-0.529039896522606,0.643961595124276,-1.5144693643273,-1.68013694396119,0.0928141546939765,-1.78413095242894,2.43116955795308,2.73716829440703,1.82958988529594
0.356734438216025,-1.03925002453672,-0.532713007568037,-1.39777234116265,-0.889018223864599,0.0327387047409068,-0.255737401304101,-0.408155375407358,1.81933792193862,0.131350878314802
1.35314856161306,-0.594250419657914,-1.13052408332163,0.481176387321815,0.0939540467889096,0.052839242127932,1.0332358131734,0.503272478436798,-1.69501012778272,3.18050710276215
0.34520006584668,1.88370504804388,-0.6777949217189,0.677860861403272,1.7383805564396,-0.262248318278835,0.101088698754619,-3.49108170226499,-2.60618943184834,-1.19024462244028
-0.200151201520583,-0.23641824656242,1.1090650360466,-1.25291416345593,-4.78961938734728,-2.12821499889416,1.1364228078666,-2.5294428400428,4.06574169178405,-3.99129377624224
1.7940984642188,-1.87186456343484,0.609686025595428,-0.0745748967111622,0.670837704722946,-1.18247464415877,0.434721421964575,0.372228628442813,2.40375116386877,1.19044627981521
-0.893713571682441,0.461796376365246,-1.10928918497352,1.26796512863566,1.26804488284942,1.33403194021405,-0.558330197742,-0.520359080024583,-3.13569474030486,-1.34468512802484
0.0281546481330752,1.69753465453178,0.0457874349985107,3.38946855373234,3.63461640827079,-0.667072880917442,2.81267815191072,-4.83256648526237,-5.17464068121835,0.792466115189032
-0.691265413833717,1.02389054025422,1.02360296738097,1.2177706916094,0.640435060073209,0.896571816363365,-0.623530920929938,2.04343498191954,-1.09242584771524,0.272768704258912
2.01859650872717,-0.923320008740004,-1.31360193380554,-2.95969181832081,-1.64392434570871,0.301904077900111,-3.02916378233708,1.94133431766901,8.4856327041823,-2.5746346494281
0.531550664980496,-1.65640315817293,-2.01447052731356,-0.93122514134648,0.475226216258633,0.545569786678419,1.03807548467278,-2.87745000915162,-0.920089478660318,1.10673289565779
-0.313619203309124,0.850312014601104,1.38088016243845,1.36420088827022,-0.492140304598697,-0.55100275166597,0.572293066831233,-2.18167369477945,0.156640268579783,-0.980991194782543
-0.463893407749557,0.149814282325372,-1.20587973880714,1.43736514664855,2.24820461520035,0.0883237537675816,2.41272580253531,-4.34871845050324,-4.84165918518356,2.2926528387873
1.1111920096541,-1.71328578140287,2.60474594701727,-1.27330497088499,-3.17627705374691,-2.23583366453994,-1.7320041856447,4.62649031060667,8.1163723861536,-3.8755255372475
-0.531195840281884,-0.818686439820346,0.050397861214551,1.14031918842823,-0.0532631742283032,0.789067074485655,2.01496463086249,0.640446656399901,-4.61848317409801,2.99063187506696
0.793447561883191,0.306198564719626,0.621777486562559,-0.037062510627752,0.735638563482208,0.380482662277769,2.1159716263195,-0.312478416704441,-0.609122830973215,1.52099628611268
-0.271387686999511,0.384925058363623,0.171293133978557,0.104912840295589,-0.0738576170589639,-1.19495485039395,1.01189075275382,-2.73367176471541,-1.42334451093001,0.343979580883204
1.30041534891721,-1.58509204205725,-0.485261253467785,-1.14692297196857,-0.102472128037512,-2.11629715115615,-0.645174080518415,-0.395352008780515,4.33805574170344,1.0480343941779
0.348329223119763,-0.159689639174604,0.0119035442703169,-1.05549967501307,-1.16837477834386,-1.56396255595185,-0.928983506439528,-0.131553522477316,2.25194020223842,-0.255318754764762
0.0260916253176115,2.15986777824375,0.650961296310246,1.7986737154082,0.499241951482025,-0.292524763404041,2.12315757240538,-4.78658038699524,-3.74387425204905,0.00429439832652915
1.3100907109638,-1.9687804231636,0.824970999025304,-2.45161476559629,-3.3700981165553,-2.86743990161389,-2.0625576065114,0.0734344862947584,8.31854854866561,-1.53369964585758
0.200500524111596,1.02249208735679,-0.689110385071929,0.220749874600357,0.213480808846751,0.0137800799347398,1.12372953568864,-2.73985984718972,-2.53070167469331,1.22227198831279
-1.57159089516998,1.31638962629977,1.58160911764551,0.890301452212583,0.0607178266261375,-0.0758576143591193,2.87676057200919,-2.85766096033558,-4.26683714305195,1.18392182856781
0.268011842857406,1.34132968747182,-0.741294050109665,0.648010872985464,0.22803233790251,-0.367643177242455,-0.199990274565338,-3.38795178253248,-3.06572050148095,-0.273678755342973
-0.510230070401512,0.697051524232539,-0.255145486287874,0.197940855636024,-0.922438891434969,1.44632317111332,0.136632478124329,2.82628810164633,-2.11802595708416,-0.144309983821394
-1.74291606105519,1.79354902050684,1.59732903164706,2.48083490473648,-1.07701537168985,-0.0100753088828094,2.10253551811183,-0.493614687311903,-4.88756090026121,-0.536698881729369
0.156342014194274,-0.814145485374736,-1.44988522522408,-2.1063190836055,-1.77992201251196,1.14980172523282,-0.278200998984328,0.333160669046504,-0.693950930273778,2.86421496776592
1.77722121930519,-1.09699649900089,1.69518091918829,-0.483290938917223,-3.51624654411707,-0.912585024262613,0.462098596837135,2.65993436687088,4.20098454572132,-1.19549802656363
1.07672986708939,-0.775654323581236,-2.25102665766612,0.476098216530573,1.28416742517193,0.644993417875269,-1.17534114413131,-1.74364158775224,-0.964733834999046,3.0972163458288
-0.132086005421808,-1.42761274233097,-0.362455955446414,-2.43175881779252,-1.04064382123778,0.497327940222088,-0.577359682891482,2.25139692529054,2.71928588887595,-2.10259475539919
0.39050138552308,-0.344593801091085,-1.68247884041159,-1.25602259452145,0.9389864007024,1.28160336408042,-0.874837067499821,0.0387307514323427,-0.634678277138184,2.18339749095199
-0.823191919951979,0.844029330587423,-0.0487498401947971,0.506340345453169,0.857657093703073,-1.8067756360206,0.419848231138007,-5.21136593798708,-0.91899466322766,-1.93640089903245
0.611652388245733,0.712380082375653,2.88850920548806,1.72124584706407,0.400907260001617,-5.11879477462579,0.538090458028377,-3.04558346003672,5.38359151832107,-4.84647668210216
1.07847926851544,-0.712996536205659,-1.51705448789066,-1.58339732891631,-0.250862295797088,-1.85946348312648,-1.19388790167694,-2.66231926994582,2.33514156161054,1.23833788982162
1.9918357440994,-0.396088904270158,1.43927531708027,1.37882563301102,0.0938793007438166,-3.94210842450404,0.518542760214986,-2.56127278062998,3.26673963993612,0.290142320998544
-1.16805741947829,0.620814000938181,-1.35275189774175,1.05047216475032,1.31460467268741,3.13211990446295,0.134772896154637,1.7187955164322,-6.53245414089907,2.90168358244158
1.08933333693084,-1.96884871950068,0.430395743765207,-0.998101347874326,-2.16697179754084,-1.63291278286957,-1.60964112387151,1.62793658138039,5.98927169685075,-1.30101513855849
0.489469063524904,-0.194365677174009,2.964334207764,-0.567420247696062,-2.69084695296314,-2.41033770273811,-1.206005252609,2.55009481944844,6.86782291454095,-4.60408198131079
-0.0926623825762233,-0.466858366539474,-0.0247970808064688,-0.245401315940415,0.996182065376088,-0.842968522374474,1.08757061708158,-0.33679826352769,0.361549047122842,0.172385269359339
-0.507131879737806,2.11181256228329,1.29547740374708,0.600226833603328,-1.01006492357627,-0.894993659876045,1.04983407611547,-1.40935093400979,-2.43630783316678,-1.81729798119427
0.804287047362658,-1.1787511330974,-0.384100497448403,-1.21388069422402,-0.555356348730538,-1.85913344210865,-1.00441557182876,1.77887885282066,3.19953439544298,-1.73544327067596
1.17646784799456,0.306567144072191,-2.02184560755957,0.631310968335211,1.40576126739872,-0.418781285717875,-0.465846439802277,-3.61386524288529,-0.120277841154852,-0.590336744546761
0.170857278127252,0.25338557979373,-0.193296348306974,-1.26471865085867,0.883916786679459,0.886368735869941,-0.334477781961369,2.97846447000589,0.383629123838502,-1.36800067839622
-0.464302974183306,0.90314172280771,-0.535830028909317,-0.314024607421114,0.4872514385535,-0.0712196424385799,-0.544003768768664,-0.816102151713163,-2.07048410761094,-0.844819288304843
-0.600614320938465,1.00248774293653,1.83997605320812,0.277639032591386,-1.57561987787857,-1.1791397883559,-0.208183260970395,-0.752933132583639,2.13956899200433,-1.80565752313221
0.247721797076613,0.877340847330373,-0.849265703431096,-0.906992039356616,-0.198690675864423,-1.32449775038329,-0.082414821150661,-0.686700811317261,1.61523422300924,-1.85501955743292
0.635671693493802,1.02861156264217,0.134478734698848,1.84342837172932,1.01231742648017,-2.36213660589228,0.282819566583009,-3.46277692355079,-0.119574309642354,-0.674526407059765
1.33486080596649,-1.41544793676568,0.211088137242771,-1.43497566861324,-0.5205663238011,-1.79842566698689,-0.0403454822702626,-1.5863798898441,5.32600685258215,-0.522957937268085
-0.173267247381457,1.5398934203891,-2.33088142614553,1.03062856652813,2.55863198223088,1.68272227209301,0.983456972226412,-2.61631993823116,-4.92346934654679,1.97598475271659
1.44972284459009,-0.150082409183286,0.442118090415642,1.45423042645984,1.03053768494406,-0.240198297229741,2.17316030340942,-0.447762687807325,-0.448307509399646,1.39253372514866
-1.11520558160348,2.54994678554816,-1.8381218883518,2.45228642722257,2.56294790183158,1.72137511739343,1.6009893312824,-2.60808268781291,-8.29503958319168,3.02240112602866
1.27613746048472,0.582810493067274,1.10756781881611,0.5639342083968,-0.245884019159167,-2.53456557557493,1.58276952289692,-3.40813126610375,2.74482132675103,-0.442468711284647
-0.860895313818447,0.617316289579806,1.50711120694794,1.44189559991764,-2.51620860875669,0.799782196716565,1.49973586844165,-2.25888645430187,-3.73458705380084,-0.636261455312564
-1.85786043608504,2.19199954740546,-2.52385324914724,1.52062714951665,2.70598958252712,3.39495734672307,0.577011388909301,-1.47518269851176,-7.2783917435549,1.74672067232378
-1.15032123190515,0.326633478158995,-0.587778748639294,-1.29645700928055,-0.0904248798828425,0.839135328229341,-2.42202495500202,1.42350129451869,0.753573753740344,-0.574398917439829
-0.234713040264464,-0.481291249726532,-2.08285907837385,-0.883186884271159,-0.044300247684351,0.302266895326759,-1.83433864462301,-0.97121841649072,-1.14595855228953,2.53000765420936
0.295622117949972,0.724462488556154,1.52824936611492,0.19504516576724,0.383515442537771,-1.99345518731939,-0.310684611162036,-0.908679525105202,3.02672000207201,-2.69708240183835
-0.709465433169649,0.514270066999355,-0.531263939169455,-0.857563617510924,-0.167596395324211,1.95683591573072,0.18820345821288,-1.04812934125162,-2.93628889607943,2.50597808395798
0.444386643962083,-0.147100042002937,2.29328826361032,-0.71948280465212,-1.74578324706096,-1.9412544504253,0.624633242513085,0.488620080885676,4.00388674845417,-4.62613645822112
1.68311737756219,-1.93863035651257,1.0609406050731,-0.436276716662145,-2.05393746184177,-1.91127452549476,-0.48413120112506,1.94674111114402,5.88028830046954,-0.385542939066766
-2.0918205118956,2.47528892898058,-0.0273436238292139,3.03303604444364,3.11738559618347,3.49833310286842,3.49250678663014,-3.49142334552895,-9.61005142781457,3.23218105531235
-2.14973517919038,4.00943746175404,-0.585626430017199,2.29880300638635,1.8422960042184,0.694313598555302,2.60093518084755,-5.64745307082611,-7.65948360368169,-0.673859068889817
1.40907450120653,-1.29504853490563,-0.661717088703767,-0.743321269650615,0.157564119182591,1.17059341142461,-0.859915685746297,1.17399494815441,1.94223643019039,1.77513799810824
-1.67677202183508,0.27687664046263,-0.786635290033701,-0.0115344793735997,0.445000015061248,2.7037442995642,-0.743193657031083,2.11846642229683,-2.35506712864223,1.52452754293472
0.386161289492059,1.03129514869339,-2.22968221918224,-0.190704222315836,1.02321566818982,1.18101617378737,-1.18430622453941,-0.766155293081274,-1.47505838854542,1.78470419177976
0.0581596169782116,1.70725484819305,0.700250381214421,1.42279014283068,-0.694102115307141,-0.692683718080965,-1.78322644715899,-1.13257127788998,-0.111325792478545,-3.05050881419458
0.857810574677925,-2.52121697874523,-0.972659090419208,-1.85788018048331,0.346595967885794,0.562329533816212,-0.544174107891013,2.04505706335793,0.894976290243332,3.38517186903614
-0.072261025068225,-0.347119856591284,1.48254788570474,-1.18963925151951,-1.24368093837988,0.881403048321557,0.570254883448444,0.962153749905349,0.250417921251491,-2.32936100849742
0.575435628580802,-2.72396378984226,-0.187056175478652,-2.12642613561304,-2.01986242147904,-1.02189608205877,-1.95360536620045,3.4510554745296,5.32215147626058,-1.14307324849862
0.603136455149438,0.235679282039249,0.311714811507551,-0.901502393334468,-1.60561626615496,-2.06564903538714,0.338463183733422,-2.71274171770483,1.71691961620667,-1.99661434731629
-1.25256501503163,0.426598862097095,0.657686297524873,-0.580173046451753,-0.498313320100165,1.39952446697009,-2.07760254250333,4.00194312468028,0.552163421676086,0.344615175197514
0.176545032205107,0.0424702518974862,-1.08442710901019,-0.503866523080245,1.01762221865738,2.68819497157228,0.0315197652658025,-0.44888451075176,-2.95685482039814,1.7936315773003
0.648690981316356,0.166891006136194,-0.504689180670158,0.0912801124348364,0.665320454203414,-0.815475034362853,1.0004758301962,-0.681994918945709,-1.74377820306447,1.77017218753479
0.621611383861211,0.818118376061679,1.12895719626748,0.7606466757656,-2.54640713462417,-2.16394665663525,2.62148639301049,-2.8663305245041,-0.828256268482571,-1.36200639001817
0.357546581758619,0.0763585180932038,2.05017548106134,-0.0237177196415845,-2.37497404584747,-1.50222132833794,-0.322532982449402,0.186715301939234,3.7509525055644,-3.87885032355957
-0.155865970414332,-1.44518495470213,-0.409503793316705,-1.65513712630365,-0.762276415758704,0.470778388815477,-1.32747048682574,2.44030536964892,3.28165629377829,0.678776910102412
-0.244428841521144,-0.210066563308949,3.06142991530037,0.758859769396881,-3.07542478176873,-4.04730998336137,-0.267511172765532,0.0893970076610919,7.15481162739124,-5.12240675905392
-0.962718380159699,0.180002128393035,-2.45250564872172,-2.08845870605798,0.373132764250038,4.24660514146676,-2.67726841926205,2.96437630453363,-2.35871590349955,1.55072931027969
-0.614783350015167,1.99879782845568,0.145312578089141,0.459763886559893,0.385920783985518,-0.683790472293205,-0.504444202327144,-1.0636126067256,-0.805193272401055,-1.90793331144105
-0.0556101634079596,-1.09381476296236,-0.343128790823488,-0.867757940013015,-0.608303909549227,2.10250886099325,0.209548309308168,1.95782923163839,-1.09962197283087,1.52284105477311
1.27428633040298,-0.916765571261944,-2.55969383512758,-1.50026274692345,1.27855468846342,1.16346460934211,-1.57686541158289,0.0608436293514241,1.91746282277705,2.0237465445115
-0.00784407867976858,0.71581563873599,1.44326929843916,1.39384443406115,1.90849041431132,-2.52734488968797,-0.511131777974838,-0.452751061409192,4.38899297859091,-2.67058881250644
0.626412299907772,0.855075994842245,-0.107824262093373,0.337077977764454,0.326861746718478,1.12942290341163,-1.65315331773426,2.2124824853882,-0.486017166682214,1.38144810078187
-1.11156392012357,1.9718405779078,-1.99052320975212,2.06435368300765,3.28043582268849,1.68140170352058,1.78080452587385,-4.00134097182708,-6.60766230000156,2.04859295016835
-1.84087833080289,-0.0378996152028138,-0.753631452809046,0.792044059167159,2.36783719066178,2.21937673507273,-0.650398498486159,2.56614480577457,-4.14941847152989,1.39055567088536
-1.55621430602762,1.88020917271019,2.23052625479807,1.10531128139462,-2.60951318537003,0.0254728119219726,0.105771370431319,0.428281745553017,-2.12564182762309,-2.67859482007731
0.0528314688596367,-0.193213797306994,0.353126825410071,-0.76483736901875,-0.0703714217077009,0.691267067040338,-2.8810914358168,3.27029804086848,1.16586096028508,0.491250739323175
-0.850810691182634,1.67361886240088,-1.81512490622582,2.7922598510423,2.14560047364678,3.17734848730518,2.35200010466997,-2.10210306408097,-8.1222309135369,3.11397060767164
0.0206015350928461,0.53776128633833,-0.696665630563101,-0.417930951942002,0.0921375154535011,-1.12710657745703,0.00399672324371775,-2.86401966450321,0.14533140194892,0.132399699325412
2.41458181447767,-3.59815076912706,0.676614070873184,-3.53419983614553,-3.15494706490786,-2.72166859183268,-2.84728652947835,3.17589338088148,9.23705135621211,-0.936979333320332
-1.70502639429909,1.04199691578678,-1.25907626752059,1.68951172021297,1.2944379255947,2.66886396548683,0.777577339891195,0.397094786952513,-6.60528277449638,2.65049267490668
0.85489725374407,-1.43143270417263,1.63010801573939,-2.07771215347302,-4.67898679777491,-1.86926430840391,-0.0241401685421305,1.85724394704838,4.08394570986802,-4.05083983750272
1.03039372751589,0.4160021601723,1.6880839613264,0.736298671961963,-1.4370450460083,-2.39879979136556,-0.936991537763925,-1.44973470116503,4.55471825492035,-3.597546255372
-0.756005191700396,0.716730993996733,0.230111406394006,2.10609664948366,-0.535384517986448,0.954743932628883,2.30541587757939,-1.24708884074381,-3.75390403994697,0.373948158177498
0.655837955866811,-0.357679398334612,0.966553763943162,-1.08956677015306,-1.12067436849196,-1.2403316493545,0.0521576365501918,1.15016426793543,2.13627088422646,-3.53593868623746
0.089803464055757,-0.632453644424549,-0.95845986360859,-0.676902919550785,1.11828906478312,-0.0524289601228328,-1.2831244306689,-0.518102335477192,0.875814187347915,1.2369598912661
-1.04407266716936,-0.0815993034246854,-1.17078098182604,-0.232934349104635,-0.597217915743375,1.62071724240627,0.99384209681075,-0.588308853205397,-2.20361631785564,-2.41209371292504
-2.65814782492215,2.21607515410179,-0.59978485884362,1.18931921629679,0.58302410608332,0.342484235723452,0.262813724785885,-1.29652465937211,-4.69496510336118,-0.610972192999241
-1.47405323246998,2.43729420280357,0.446777985039029,1.56564923016027,0.512061918422346,1.10081411903292,1.36882413757204,-0.179002837823348,-2.66582062111151,-2.58074452242216
0.0556787692626132,-0.362990294568313,-0.344961106397066,-1.32440613501346,-0.843369564730852,0.722159389148802,-0.552464399406513,0.862582744077755,1.61471115672485,-0.538981075611679
0.974882507142054,0.0884215141473267,-0.798974685088417,1.60440495904439,2.29759958840736,-0.653124578358909,0.479635701753526,-1.72862366388145,-1.07946682953584,0.628070928865374
0.351346117158452,-0.120988035821337,0.649560907731242,0.868396026111709,0.762371443994048,0.230911742774919,0.749959607677276,-0.79187249047292,0.60240438031216,-0.702223923431518
-0.288731630849656,0.3840058602449,-0.300820116118114,1.01042188831054,1.55748123384878,0.0399976510121846,-0.562250879276844,0.705764218012318,-1.53817503563935,3.23807683482072
-0.71542721270418,0.671707313474364,1.46140069555148,-1.37034505710427,-2.89303993912781,-2.34984502195808,0.171119349545411,-2.13004842227452,3.47408823971499,-3.82868603702335
-0.371305553903863,-0.373912350964269,-0.882681871380812,-0.384835516471056,0.889812284510156,0.843917808883392,-0.291553462631523,0.597462831631089,-0.962647377180097,1.6818672373349
1.56198352918114,-1.66587577958211,1.3019908761834,-1.513502521977,-3.07067417968404,-1.42481682261138,-2.75773781844582,4.45149609787354,7.85816950540913,-1.24413549408023
-1.15611166338958,1.62157528323746,0.559028069012022,0.871079623295708,0.577026528768223,-0.768525090587283,-1.27430540032485,-0.776633109645836,0.499692590562862,-2.12052503627185
-0.690134933220917,1.45648959347164,0.554956129154335,-0.659086302468441,-0.497321418467455,1.78826769050523,-1.23366911059938,0.513998428902856,-2.33958777410821,1.26918164899091
-0.875808041443098,0.00409808888225448,0.554869872840912,0.259789930789797,-1.24670127941406,0.858736462894499,0.689959556769474,-0.123584656096423,-1.79699604562474,0.10084747773492
0.809574004760544,0.844412181707613,0.309814202172974,2.37961922041288,3.22651503192734,0.139057870439154,1.73249257795348,-1.21106716725789,-3.583435315488,-0.404632335997066
-0.808415873679126,0.127315820666343,-0.67395814423381,0.843340463176928,1.77484516751801,2.4206269789194,0.659906790858565,0.445389240920392,-2.51482647154411,2.27159623591913
1.70760248512238,-1.1946200998864,-3.84337253590879,-2.8430352939536,1.12071185440123,0.628013365036225,-2.80673991067891,-0.433964539579382,3.48212225867564,1.39977541588398
-0.394559396568124,0.030545191764888,-1.50575867006355,0.296071725394547,0.922458846456074,0.544793191214265,0.452454441469083,-0.853780017432466,-1.56797472813551,0.44464693058015
-1.27338912485187,0.00598154109380165,1.4052241536652,-0.875156605059485,-2.49461010024548,-0.867534424328797,0.0578429359510566,0.572456933208522,1.53548055542875,-2.16191906880375
0.495430772164887,0.0584293378279067,0.652013543242148,0.864599149412166,0.803942285118821,-0.776941331322189,1.63230920570744,-2.31293667943276,-0.825711675232727,1.52127446779664
-0.420826751830894,-0.971558660517079,-1.55146745714598,-0.612924383311675,3.10392660831889,0.966658422189072,-1.93507426703634,1.6993270543354,0.696192437421508,1.87450178903435
-1.42195881240133,0.659478268428077,-1.11806938351944,0.179300355536257,2.62527909937983,3.19002664604901,0.255217848965389,1.36746734060486,-6.05261111253348,3.91242144277691
-0.60727177399171,-0.652699743035337,-0.823908576960944,0.54319599179705,0.436253276111006,0.974289894488393,1.38595919829878,-0.485468275892973,-3.27053463664355,2.43320167252607
-1.71880327783494,1.84011458346109,-0.493603940549304,1.68447569898091,2.7566294050436,0.432746721780746,2.24345957869898,-2.29296023341689,-5.78374447832375,0.679387877127094
1.0991319810167,-0.309070097637889,0.792738179865492,0.676233388209977,-2.37712604072743,-3.08517925353718,0.121893709988153,-1.81472872884421,4.42275215366063,-0.551676603105218
-0.923067955795097,1.10243167955841,0.903506064491593,0.0688384584597325,1.46617013492888,0.517070072034452,-0.819336121964812,1.54356897999964,-0.190346539142518,-0.679623347417213
0.333422897314641,1.05541454108363,1.04904511326674,1.35761335895587,1.86979775132237,-1.11455650234939,-0.352345658854274,-0.0570733066603553,0.596754878403868,-0.320045565568278
-0.558405434582926,1.9232777282212,0.996411982828905,2.30144332358336,-0.653429288650755,-1.73882364898606,1.5263398370367,-2.29567892022867,-1.79006438750656,-2.22939009142852
1.4515574436906,-0.624700434692262,-2.52844648866624,-1.84325202650994,-0.283229908597649,-1.37690651409999,-0.704305658787369,-3.70221262327629,2.95583403409427,-0.641611701528189
-0.460178712350669,-0.184992451762509,-0.22252281361427,-0.828342506228311,-1.03644419602691,-0.893676649952505,-1.45712681868801,0.976255490941354,1.71549635702644,-1.54270646597364
-0.479099862502743,0.48572491502861,-0.663424809781905,-0.610322612982681,3.00277047142878,0.540903292466436,-0.0246781223390737,0.709842800769371,-3.10081511674984,0.34465405317621
1.04295830218102,-1.12100014490608,-0.209928157115172,0.0758269188927306,0.530026301769409,-0.235353120236103,-0.55366401096125,2.05292656965237,1.0359846278901,2.50796659427542
-0.208928426175134,1.26830076223544,-1.73061139595579,1.72007892064795,3.16366426102221,0.770919453991173,1.1754853066636,-3.4606904641603,-4.98785026037266,3.81762386710222
0.167345700208767,-2.29145875635797,0.0102214485010254,-1.37984533316864,-1.31845366805329,-1.76494846607687,-1.55752313076533,3.89028740118672,5.4583181988683,-1.72022172861912
0.217214873590739,1.09683388123558,-1.31881793944553,0.474303989907345,1.48225593586688,1.06833674822814,-0.243780858581219,-0.259970098220853,-1.58395023924302,2.72335194707826
-0.742115378872032,0.651498366740698,-0.946898141282867,1.36260416376469,1.34865547672909,1.64620099239284,2.78563971003737,-2.51748325573377,-6.15759134185397,0.356480409320648
-0.220822172815811,0.718868955398304,1.20371337506363,-0.390408218886953,-1.49583389577759,-0.0409466212978363,-0.392548638454237,1.93917942119931,2.85177830853684,-3.15088439593001
-0.467481754539175,1.70415560515087,-0.524292013260466,1.22848242359254,1.11542846904771,1.04160704248701,-0.128399942313733,0.103239162357958,-4.12183368677613,2.29591808563008
1.45521423358228,-0.858538915501827,-0.720378551476598,-0.296966855443813,-0.789721649100202,-1.06881424636803,-1.33662214430237,0.428395502977238,2.27823711615218,2.34629541088487
-0.74192629656863,-0.57613833869744,1.16977145948224,-0.685595819662116,-3.25542822100241,-0.681111178665859,-0.38659889416485,0.311808626948851,-0.73162888333833,4.35152380064256
0.876427201854432,0.735030724279858,2.49953571042502,1.25727833947187,-2.02628374016161,-2.06650591523482,1.32026526867153,-1.51249089413941,0.877969074854859,1.23255495005603
-0.316272002274704,-0.0601875266123217,1.57232807938363,-0.531172814524535,-0.821956794530498,-1.04793284010231,0.00030315062440478,-1.02143860874588,1.77130477361199,-3.25027229264738
-0.230965629302746,-1.23632566194869,0.557961358317619,-1.04173600629997,-3.44618728654542,0.979646220480184,-1.90371707751464,2.73406429998665,0.693085686257811,1.00860014928214
-1.31970863309859,0.585387145408991,1.10207514216422,1.18449801828882,-1.4084040661749,-0.0822284395879166,-0.108997558758568,0.300390896199141,-0.455124547794313,-1.10716103966151
0.812350635415963,-0.588971713663656,0.150175755689555,-1.83108333603754,-2.51854697391716,1.23260577122718,-1.20329126595922,3.21893817761343,2.32024619404674,2.12411877686723
-0.582636389209002,-0.214504463218136,-0.551556115400889,0.256158456011209,1.40148754234915,2.00562929616928,-0.304465866397646,0.323923996623297,-2.82096460110888,1.61183928700668
-0.167965962746412,1.82994081413093,0.813368641063668,0.0306313614708967,-0.0257609216865435,0.89783466690706,-1.41884935894227,1.01775342016391,0.794236083228052,-0.481783741471152
0.183219267284176,0.934297671628529,-0.878112393673597,0.674535900393516,0.243460787953932,1.15466774061207,1.2135553481525,-2.10444193341345,-3.02214862565181,0.979542924777744
-1.23717957922015,0.384250438233358,1.84442976940516,1.27520417997405,-0.906862804448609,-2.90064821413675,0.943453156083818,-2.13970025247608,1.23054506232443,-3.29530385812827
-0.10235521498088,0.683378423538618,1.65440099212507,0.878959791157644,-1.94649315727038,-1.04772029375177,0.463147518836393,-0.276615307400824,1.26372762885115,0.352661873383595
0.168977645258034,-1.72389364305303,-1.50301987805059,-1.28772894206777,0.702885888778532,2.64169504357685,-1.2387606018866,2.86302462313509,-1.11109260922235,1.64665941206504
0.117321003506247,-1.85853597778531,-0.169588693833251,-1.11437637440279,-1.50290898787907,-1.09482607072911,-1.21721361880247,0.0949109790393063,3.93337598155655,-0.749723658096896
-1.15002933597398,-0.28787572099609,0.292013900536674,-2.19501629424044,-0.715568414530414,-0.770459732926255,-1.28022285257506,0.821315321358131,3.15212739723294,-0.0552417218595182
-0.72835470728794,0.00747880392232154,0.199225672147344,-1.17060223760111,-2.46727579648323,0.429712914893109,-1.12781675310187,2.05320849366277,0.141865050266637,1.66113301948893
0.532717286355211,-1.83173174904884,1.28878091646261,-0.784899930936061,-0.798912107112789,-1.10975631032862,-1.21146592022474,0.949344990176216,4.10945248520225,-0.196494455460644
-0.239984141626172,1.81227773609513,-2.461432805249,-0.277652463485874,1.24155155057983,1.18384205710276,2.79168420825182,-4.99882537149548,-6.25913023653902,2.00466791521099
-0.657084082493637,0.733939303684473,-2.4489741178948,0.303989816492087,3.40499899745102,2.75226801379189,0.207237525045331,-1.05668355325075,-5.34689697664165,2.18742723004455
1.84140627203406,-0.2934088745043,0.251563438412674,1.18257015394792,2.16394480487071,-1.46488223932772,1.10762075238675,-1.25310428583935,-0.239111268606806,2.66936748545216
-0.197392671054863,-1.59997192153715,0.809458190956856,-0.871060647886343,-2.48488144547202,-0.358437891186428,-0.969866922111165,2.08032326132276,2.76263245375968,-1.40290511534473
0.287447273072484,-0.0120635641483446,0.207518556855696,-0.502018578787923,-0.477520184113349,-2.03371020199568,-0.397446182409501,-1.35300064563877,2.00956022145828,-0.611417101408682
0.818410041279747,-0.97203985882874,-0.159713400897419,-0.311982074403898,-0.716983534610586,-1.04498910742123,-0.369790136257627,0.716275427351856,3.91870866620581,-0.424189914624497
-0.306853198667234,1.01036736896194,-2.1941422432773,2.00852180991154,4.73575860977566,2.17567713833045,2.16749692589776,-1.48086457815898,-8.57114445449841,5.92933793609972
0.173415624692532,-0.709828353479697,-0.751675755245493,-2.01120714913746,-1.25374951403387,1.62792813445323,-0.00248578381868658,0.422807976989256,-0.14852991628007,-1.13084919884684
0.706552772585055,-2.76689328185454,-0.792587368705634,-0.692521127773013,-0.296930680998304,-0.0183372320032921,-1.622178734082,2.10634192457755,4.52933226375766,-1.18969905758235
-1.93144708544341,3.46648582278488,-0.456291700519233,3.20173151971016,4.75743050688214,2.03286625564273,2.63833870979247,-3.76352531152947,-9.47001360130483,2.02245665241308
-0.128475181334233,-1.25584287806111,-1.42960113159655,-1.75019268586537,-1.15131797992048,3.40720227645747,-1.19075496474755,3.01983965321842,-0.489735508498104,1.92369087433723
1.42515508490348,-0.151698232441232,-0.457792878110081,1.39346705974995,-1.18254913974912,-0.0758285280513458,0.866145844426904,-0.52287668825699,-2.63288094942806,2.29289788221261
1.16006403697827,1.73143135802408,1.48477731937894,0.995842162524727,-0.25519992225076,-2.32599746409551,-1.60535102794249,-1.30814816306574,3.08341961421886,-2.14160394435107
0.178635033869552,-0.406113855260966,-2.51678156639538,0.044911202391557,1.27948189568807,0.823190263248776,1.79595374328628,-1.09167938640837,-4.60935730585966,1.83247266949992
-0.159958719309892,0.510027138863874,0.510554551963732,0.347582312799922,1.09964861071326,1.58337228541762,-0.738819005510651,-0.0756503757476727,-0.475201453514352,-1.88610099370777
-0.898974517097903,-0.0748279040369004,-1.2800262333539,-0.0936642955693975,2.5462655172616,2.62392233209165,-1.05734344670977,2.24166858538524,-1.49687612774486,2.27763809335881
-0.831499449461082,0.382411965315923,-1.1609612952674,0.56352120207455,0.69313398865215,1.47661549895212,0.996004506400303,0.339065272268545,-3.90639407897551,1.47895340354055
1.20670520583538,-1.34046280373101,-1.33406896845365,-2.76276988783472,0.626861732484183,3.07031245697499,-0.262210524067502,1.45228570599535,-0.824689004329317,2.68916971421728
1.54117664135072,-1.6004510299356,0.914064288788899,-0.0918329500109108,-1.08913847675421,-2.50542760734163,-0.48945452545155,0.665819041147231,3.57701386638681,0.327846047518719
0.810109229851759,-0.92853447737177,-0.56496805783003,-1.60891268853252,-1.3124659253323,1.24981709369703,-1.84821847751961,3.30493801698739,2.25685255860981,1.60174813380519
-0.38265788879876,-0.961020873373601,-0.11429387648469,-2.23663573958621,-2.13693625509917,2.69938550696887,0.452518726844146,0.84401705586451,-0.811238024153506,1.05689174838143
1.22203507650546,-0.535529688432315,-0.909048434798372,-1.68025195881389,0.196472957330637,-0.288893718289115,-2.35043982650696,2.26443963036947,2.78427610329689,-0.504575081578789
0.678084190940054,-1.71736580531996,0.167487806238068,-1.99204505758359,-0.992110983951606,1.05282311460675,-1.05173147402312,2.47641877696128,3.06997209971414,-0.373533430283857
0.627234913567394,-1.59033643143806,0.711289566360384,-1.33322119476401,-2.86851401359942,-0.803083644504708,-1.35013610921775,1.59026031126517,4.99630296783199,-3.71613574392399
0.269333957839381,-0.159701680811107,0.45555304750773,-0.0897315183355603,-0.866855736139076,-0.914452933167116,-1.98832280831955,4.99947805131345,2.49302547565148,-1.97836022042642
1.69953119567582,-0.758365044177447,-0.453380312661607,-0.0237015049487446,-1.13029817242015,-0.186430706003918,-0.124928355937882,-0.596721329222853,1.81759943709334,0.408730930141888
0.0409313735033926,1.16916266817777,-0.647296002016441,-0.101052071532855,-0.10875303813856,0.953788069691644,-0.68029082313086,-2.3654027718109,-0.397073643701535,-0.153844110177739
-0.344372669443354,-0.0864776820947799,0.833152550456115,-0.906462359429583,-1.29601533658352,1.30864000549548,-0.478144793100862,1.8205973422931,-0.390346349784582,0.344072674664415
-1.48456852167894,0.879820706647563,-1.47026536627094,-1.09671073856629,1.8399994768397,1.76282905858397,0.901577718448335,0.351367364959694,-3.62578681486771,2.08579339004312
-0.38205461067947,-0.771458974875164,-2.16804121615906,-0.0478825024246769,1.19678805020877,2.0947866618341,0.30223935297558,0.318698065077359,-1.47593819935539,3.61767481648477
-0.598944432448215,-0.544697283215132,0.518523185462946,-0.0711537279130959,-0.490915017479395,1.31325052425007,-0.521734119569862,3.5021640164633,-0.903981539756285,-0.522895088672673
-1.40441452572607,1.23556371050236,2.08622589162982,2.13926134229085,1.36993761432789,0.166372985025559,0.73017665432177,1.659708299281,-3.45784317204613,1.32116927063306
0.366176363654032,-0.441838807552078,0.200563931403252,0.454533782336721,-0.750267312566484,0.463027172079209,1.23146257938837,-0.11487387673507,-0.422715603790111,1.23862248577973
0.566661523740118,0.163839886299449,-1.04031789060313,1.7407248963301,3.66395915379703,1.05451295508508,1.93825994732853,-1.06857945324279,-2.90040616491215,-0.468579734335889
0.431300202132513,1.41947189726896,-0.442652419912531,0.656185365101859,0.164551815312314,0.502086595727687,2.21451926054461,-2.7300700278383,-3.54113250066733,1.81361485742985
-1.28017861455256,1.84203477837457,0.206601903856749,2.74012972597675,1.56332694370049,-0.34371639357551,1.80721192135115,-0.721577441089323,-3.49229144399028,1.27784664471359
-1.00138828282049,1.366082841415,-1.26582607247547,0.961413344488389,3.55621857631083,-0.227908748938407,2.31586449912021,-3.09765045622379,-4.82008551235224,1.33891396335946
0.215529414875105,-1.1186213062051,-1.02625369455141,-0.610707193999945,0.106685962067801,-0.908153959445177,-0.696503253129378,-1.05810102013946,2.44693560647105,-1.46726638257745
-0.765133237595989,-0.369595834698622,-0.562406139604315,0.307821467135117,-0.255263500293365,0.875779575245721,-0.549381813203673,3.05873691795835,-1.35189451117477,1.43771325299867
-0.540339828215333,1.01351177369504,-0.0191098089729899,-0.897636439924567,-1.62009580031236,1.23835018892858,-0.697556645467881,2.6930997967227,0.275998705877268,-0.379232953633619
1.1339885203147,-1.11940849657739,0.378664697645631,1.15412511169204,0.106577428911285,0.720919567852846,2.25740071300983,-0.347974862380371,-0.0451293932444562,-0.647108895265459
-0.058016797344237,-0.202084241706748,-1.54670404355992,2.13247949310898,2.21888623921117,1.48713823226816,2.12783418110626,-1.16609665225967,-5.64588888595226,3.03157570236171
-2.04436406829976,2.3330575064528,-0.535330378002333,1.99066774209255,0.971004894690237,2.89587628514391,2.45078085181907,-2.14686560888351,-8.83721560412879,4.20061170107301
-1.02386514117925,1.01931929279141,0.0757728188541684,0.655772275152851,-3.48915023879303,0.778275105915513,-0.032154452996537,0.225618654485291,-3.17445728332268,0.915601629042733
-1.43212017297019,-0.543204297630086,1.44594878251628,-1.51556864736257,-1.59162393498723,-0.802237760351743,-1.34584501547741,0.135252927792389,2.89574823394811,-1.64821737864045
-0.652549478593501,0.672500166589411,-0.63787301194449,-0.313123524162492,1.25825806114826,1.08852381654443,0.517591190047125,-2.2557441017913,-1.74264033180136,2.12785324964082
1.07274361400335,1.05248794676496,-0.992801346708296,1.09376591535683,-2.07414407413278,-1.68880359339535,1.00947257439843,-4.39944687484151,-1.25012072842848,-0.0375826982001209
0.374649390398047,-0.114492705192323,0.0783475149840721,-0.973379584865175,-1.95769011913357,-0.882280963138375,-1.01861748217315,-0.713031540610496,1.99894721766401,0.305349820944701
-0.233381438551982,0.258818680176475,-1.71501776439903,-0.334378194228026,1.47543074645482,-0.199002979233946,-1.42514545175205,-0.626234583368366,0.136416295236557,1.8801720364379
1.18021677889005,0.322433960443964,-0.783024337535309,-0.381483183009673,0.406162120494738,1.8252684619346,-0.890658952718054,2.79113602231917,-3.36291273911042,4.13191449566471
-0.0408835986053336,-0.388511848303785,1.29625531571173,-0.74617958675032,-0.930018964920044,-2.74804860311629,-1.1676793409332,-0.13304651382408,5.75364455242768,-4.58231885020175
-1.08893036136629,-0.234763204321268,0.231277489824168,-0.754842985924434,-0.802841006304154,1.34177665866717,0.220680300175925,0.936087274689325,-1.46663918423671,-1.33504129826332
1.47191767371222,-0.537874056841416,1.97244117995531,-0.206696300630772,-2.41117803803189,-4.45508008432503,0.833031257756432,-1.1990192315276,5.71977238763182,-3.86027487852141
1.43844365892632,-1.13870439249292,-0.368318734927838,-1.30839756346688,-0.309951666623406,0.241386236593287,-2.20578334452117,2.88270272448333,3.09443684660192,0.245575627504019
0.838445946233967,-2.16282693624795,-0.0256104775404141,-1.71038506224618,-1.91161581474464,-0.116230998360487,-0.628579969570631,1.64134854536208,1.83283455756472,1.56445547063242
0.138731793406388,0.0684478746884059,-0.939932551846059,0.685919826824719,0.915001341925939,0.831592146932965,0.842714309531038,-0.948123985967414,-3.60007435839606,1.64562256585996
-0.0287780123833066,-0.406574593753715,0.289740878171737,-1.38889591707234,-1.51310217599271,-0.00355246653187662,-1.30918439640998,0.425611469959734,3.27420035664951,-3.99733833257141
-1.87428967938595,1.05185235081521,0.499708538405878,0.722486213820693,-0.272424220635435,-0.494308345398931,0.851786989242542,-0.523403852027863,-1.86956669575468,-2.44233717456937
0.151964115163196,-0.224164859284879,-0.864775599738517,-0.697894657089996,0.916729394852057,0.961929566130799,-0.826934009420835,1.85559711599578,2.41647742408848,-0.972125253915569
-0.137190099543989,-0.406042453422536,-2.20568867228476,-0.0328977448707008,0.327152550125187,2.129892872805,-1.18343974849639,1.61587140779322,-1.1838624059918,2.1320358080047
0.40915408993188,-2.21710328552035,-0.245578682270987,-1.24943113156281,-2.07029569928987,-1.66169419687401,-0.772336928577161,1.5424612571756,5.03637000703729,-1.61551837404528
-0.292519650629062,0.844051807013089,-0.449886543132222,1.60555496794943,2.2429673874788,1.42261664013139,1.30817891632794,0.00224399193591085,-4.01401486407213,1.10403835417175
0.0115181992486894,-0.778611370860306,-1.01386767803051,-2.24882314020743,-0.0120816855394921,2.69397810957241,-1.42691927019559,2.43008295830244,-0.489954499308156,2.18226452533736
-0.135593518349714,-0.662689258709046,-0.895555621634431,-0.190751579695628,-0.4131468059828,-1.01339434500667,-0.493149127300229,-0.39177891275489,2.2191611445046,-1.14743985889281
0.512057473496815,0.511991768378938,-0.707618757128299,-0.153922524638059,-0.713332812330085,-0.684678443318232,-0.420291960877403,1.92907173186624,1.35177632791164,0.322666889362713
-0.400908131181018,-0.951005245306474,-1.30810341041888,0.148899323039902,0.421207166809382,-0.151143541127709,1.53758549445116,-0.820611087875996,-0.535014520771263,0.421621753896302
-1.22574083856587,0.54235695549292,0.821646977929792,0.795780962527534,0.812077882103698,-1.3142289499631,-0.0485172068276424,-1.46893581442923,0.844988313761632,-2.45466225554961
0.223195605114663,-1.2589584193558,-0.716940172930173,0.200925773735044,1.41143212592396,-1.52497911293301,-0.797580931103302,-1.69765515593712,2.56306287894053,-2.19177585283226
-0.599417405636169,-0.718474014642448,1.17670265093024,-0.127473302618796,-0.393488950740195,0.623777568868246,1.49741739696577,1.47992934436696,0.155428908521611,-2.26459783876873
-0.283580823020745,0.439363470126033,-0.632265383886389,0.0774589696988754,1.86098083089061,0.712201324022883,-0.219169230368505,-1.52586738346385,-1.65874776037299,0.941401005723779
0.886766663932887,-0.324558230070877,1.7616853460248,-0.741836514939561,-0.95849958937227,-0.969612653336362,-0.223856573888391,2.85178505517071,3.86565977319803,-2.51890811018095
1.10786971429046,0.575482637029677,-0.833270226984459,1.26309343827304,1.62170814881151,0.67336303134537,1.24897819219536,-3.27278793874307,-0.798501389375551,0.688339944082265
-0.190006175806115,-0.0759745659419199,0.408081077150038,-2.56335501144216,-2.62840079077123,0.621030625230383,-1.92021597937668,2.96187739354912,1.72411072424908,-0.600925228405284
-0.0193446460333231,0.317556527192297,-2.11787804538088,0.535033372572145,1.47669821519365,1.06315731149205,-0.876525170191324,-0.541570188470522,-2.69709976456727,1.74574001386155
0.752425485429069,-0.680817184933004,0.408825200813682,-0.851557827988707,-3.07293848373924,0.433952968731801,-0.537669228859396,-0.0829461446912157,2.99696326635348,-3.11113501831991
1.3190128785203,-0.417469174006641,-1.59637908584565,-0.813356989055737,-0.409514543646568,-2.07853380567715,-1.84174693542419,-1.28500366775387,4.17898979950779,-1.0944002541316
-1.01292208359254,-1.60181450692324,0.065266195333479,-1.21279078159304,-0.862071233367885,0.621975849266434,-1.6896241329696,1.65886961516473,1.43901471070393,0.762519079249744
0.487985284703255,1.81426205914193,3.04541992559627,1.48062513152535,-0.778340222408093,-2.96831791925845,1.33827176418975,-2.08671700616779,0.470627091528183,-2.17404569545848
-0.307182442775092,1.59757253026284,2.5920588584126,0.866298799590235,-4.52045947099495,-1.05277529903165,1.0882098302675,-1.54918363569007,2.71806484041502,-3.71598566671471
-0.41311362406593,1.28935717058451,-1.88776892558829,0.803007873552949,1.53186245028051,1.06419141681345,-0.207783080880289,0.813910202974597,-3.23132332932004,2.12598341965706
-0.626145872378763,0.79702179296382,-1.00755362557825,-0.328934959341578,1.59103523815328,1.20880447488753,-1.87580738943343,-0.344907788931806,0.378211467784642,1.19068199131026
-0.40455484189606,-0.280820831692699,-0.397136085222997,0.653439669574598,2.36899515157126,-0.0122103709213613,-0.494326643573449,0.682989378219648,-1.18600216795159,1.1356576407955
-2.15256639769089,0.990734132589126,1.2124392731102,1.57460705876446,-0.240569750588935,0.054520592603529,1.15592917450061,-0.77694004542899,-3.07900329268372,-0.0862484648876614
0.0965664039884811,-0.4681652902268,-2.1603625737328,-0.137622587137312,-0.227014919417547,0.349397753452253,-0.0591791104800258,-3.49307217311202,-1.78351028156681,3.21561828528687
0.390793448034293,0.16209259974465,-1.97594366974031,0.19161179041405,0.0861715150085171,1.43659716683997,1.13853340362336,-1.96737980411761,-3.5808693689443,2.16686459443237
-0.24253444058737,0.847784283426357,0.498285182506768,1.12100339457904,-0.73513236475464,-0.87130955327058,1.22192459273906,-2.00047029319004,-3.29948538827975,0.846492261068723
-0.732506369213866,-2.19996735000845,0.0431014698028971,-3.34453958958045,-1.47064258269891,-0.654722631527222,-2.73283804627604,1.5090403281312,6.61213871749811,-1.23104196825313
0.150473910915229,1.4179409126732,0.438295688287514,-0.0375559895334102,-2.09988568458494,-1.59692695757004,-0.784716026458373,1.05556322446614,1.45376999611466,-1.53856262088696
0.0292868042722395,-0.753827450673781,-0.553963426327276,-0.867001434041181,-0.426580477784067,-1.17965706713687,0.636579993890766,-1.66555341731113,2.36258106311151,-1.58371245809635
-0.84034842775595,-0.469943513082346,1.02245674176363,0.637073979697103,-1.4927261545241,-0.102999668594114,-0.367291551034023,2.48863019932775,2.23324781209229,0.00889431251169287
-0.682914154081576,1.33088678013789,1.42629707216448,1.59177972528088,3.47223595129462,-1.60035751237486,-0.0241802210771649,-0.78492078473202,-1.24863606534499,0.343042219469364
1.29701348414099,0.122222368338557,-0.15476672458208,-1.41757026826064,-1.13461349474784,-1.98549901469203,-2.5033335167909,1.14819753499788,4.81406092434707,-2.67111425990068
-0.144159797410483,1.96529064194156,1.80218675055995,1.29954747631297,0.156743329221627,-0.410728118378557,2.40466672592659,-1.12456242789524,0.0104827052407095,-4.01700609422746
1.1092165812791,-1.90943942996248,0.00843354536588786,-1.29274566140685,-0.751835921577053,-3.74043881222,-2.17776184235255,-0.70212742934379,8.70349021078759,-2.98734437871773
-0.0818113948932674,-0.347729245730403,2.18448754951938,-0.12179115925268,-1.31789300618224,-1.42299939825479,-0.259635093494943,0.867478632452743,4.15176794661919,-3.78593362455586
-0.541419733109722,1.36769331464408,-0.576034339260728,0.894192973368201,0.881223209574454,1.43276976514101,0.626891688299316,-1.6877821547941,-3.8218903523055,0.826647038701098
1.19584784162661,-0.205273322683124,-0.853144921633393,1.42819061502886,1.47595108831905,0.310735517724902,0.684931859087146,-0.520209975086115,-1.04252400932026,0.866456380161119
0.826313064610831,0.63967974756556,0.940983481545883,0.561875221907654,0.241532918807648,-0.222657703778703,-0.0607804396847203,0.165144126162304,0.109601145253978,-1.99299449618228
-1.1204526341976,0.753550861748308,1.30259384221458,0.305510666954551,-1.07851772867577,-1.87332824215674,0.582069367334844,-0.671463667869617,-0.553652174009417,-0.0532918144645879
-1.78357480967843,0.459493127139807,-0.91615394011881,-0.494289656902954,0.829547480130783,2.31363434988788,-0.289350512707899,0.396748253042924,-2.73634090887698,1.55541515847988
0.308450538498147,-2.42281303830079,-0.537373097905813,-2.82586366735623,-0.786904244986405,0.0874249205101801,-3.79663854645139,4.3044041403428,6.00697674310951,-1.90072408387623
1.80692282283557,-0.704879793524286,1.88917578190565,-0.23422321817062,-2.89644561382245,-1.4661930637029,-1.41390276547719,1.68989671575059,4.75630759649391,-1.24475558567792
-0.515380824591249,2.1376309492829,0.618593431919394,1.40021189276486,1.4208921800817,-1.3293761961021,1.95294715030176,-2.8846537608788,-2.63937088717526,-2.47104423025745
-1.36557180568826,0.369057673691938,-0.00146432760912917,2.19150081812033,2.48414474810269,1.16882685226715,-0.279756505994282,1.97756131306525,-2.30085322069958,-0.500951962368549
0.232695524104192,0.391960823989697,-3.13986531833765,0.688842569282788,1.67045269002393,1.11789343819778,-0.550785476653203,0.242508057897025,-3.58938967446683,2.54429794151943
-0.162932621737541,2.15467186585346,1.67476340314359,1.346541592854,-1.87419535466386,-2.69155047230134,1.74126567608834,-3.88567371299657,2.22322148902038,-4.89734580454288
-0.0861693053049586,0.467429654737732,1.40449000101795,0.366185986217706,-2.13705157395145,-0.301628151018821,-0.625937310466469,0.237756093100634,1.60279206523003,-0.669580859592167
0.719717953245977,-0.132146798802254,0.0803476117207794,1.02912189181655,-0.312673076571057,-2.70327068917898,2.60292472341275,-4.47923414222905,-0.0989348740920999,0.137210201069669
0.712710405252212,-0.410182989469366,0.437966586900317,1.06426460441043,1.47024707132032,-1.02439483111378,2.33222115583988,-0.523449193367344,0.282974648157355,0.280668823872231
0.970321522313965,-1.91159468063222,-0.097358517916972,-3.74850158526483,-3.38687732785257,-1.88594248987992,-3.24864537853921,4.38058294199633,8.33574321888581,-1.48217758578197
0.230945040006509,0.0601899135232643,0.300074195376308,0.171454356078365,-1.16402788460187,-1.21746267305966,-1.38903274524794,-0.504394008862183,1.92420449508679,0.00413172709628443
0.524736471767325,-0.797082134883388,-0.982032705000844,-0.319331674374926,0.944669231302037,0.103685635257218,1.17132611991108,-1.01016654944256,-0.0314809252097757,0.913351149987996
-2.7315140770671,1.28094957544293,-0.817655957851649,0.371015651729669,1.2444537521852,3.05815105571246,0.121240537114716,0.572759975755147,-5.43488022064554,1.08044578004508
-1.32782144265806,2.06245229532398,-0.545954271709617,1.90893946001424,2.78682248151139,1.53797165651764,1.090050801328,-2.36061970269661,-6.76385891182952,1.8082660801459
0.179918689890731,-0.301111161354101,-0.354818209495495,-0.96520278507175,-1.64538651072392,-0.964253733793909,-0.959029073790374,-0.366173805493227,3.42142093613455,-2.57385022554159
-1.10253173921599,1.65220006577639,1.95889155207348,1.60185171297386,0.955429457166545,-0.199157060331757,2.77329459920564,-1.30749241491918,-1.66913264860533,-2.25455713345929
-0.825465330036799,0.504237111474951,1.81009060800915,0.358700447974856,0.622775884490033,0.800653286618418,1.21962272256802,1.94590613799964,-2.54119994173922,2.162048234767
1.14210184259916,-1.55642626956234,-0.805477015971084,0.185724113870035,1.48618068240325,0.0800294197024918,1.06607760326266,1.50809099533747,-0.531035902460129,2.46479023374906
0.443277309615231,-0.109323195674298,-1.20147862682408,-1.6082778613068,-0.261877156160469,0.893253827562444,-1.90994699816557,3.0590503383598,2.12482756414096,0.664598035169406
