-0.136975255904357,0.691128072933915,0.133374524101371,2.20215344587634,2.59734566428791,-1.47767325587583,1.18080797881252,-4.16050256035915,-1.42958858895236,0.755984228073454
0.529276785766439,-1.16752419390494,0.802053206628276,-2.05647405195262,-1.77836405520933,0.82945882530744,-2.44834725527477,4.06536509035123,4.13025983788724,-0.976516497082381
0.0467275700708993,1.76393567542413,0.159659091013707,1.82317018204797,0.914387877191129,0.287995181214416,1.84140896545586,-2.27781837066954,-3.95116524450852,2.21609441539997
-0.726951481489273,-0.256637200533233,1.53689667348694,0.78011410340533,-1.06865876301524,-0.53068559635681,0.28306468385789,0.81989119146335,-0.136208487026073,0.467882950615246
-0.648167933102574,-1.21618565237054,1.48337324652198,-1.20997263300516,-3.44161624742123,-1.75436816949838,-2.72531636886731,2.9365218163348,4.80652860956105,-2.58851583437061
-1.36890447515132,0.399011290323033,1.53144338831505,0.881342793191653,1.19148967341251,0.287784355997277,1.31414356100899,0.11584029696055,-2.91719796973484,-1.3653355775724
0.810077989713711,0.713579836496309,-0.887045401983539,0.328496401673647,1.79246170682785,1.80434343116895,0.246510968792656,0.306268807868406,-1.06264373852291,0.964921527834674
-0.0160066957697604,-0.508969410202275,-2.17191590954032,0.0322062655275052,3.1934019346606,1.63747522047936,-1.23603606427233,2.12808779885311,-2.36012496873905,1.95366339534405
-0.190199090150303,-0.149668863974216,-0.822678616296093,-0.304436251661131,0.617096290978233,-1.6403185034137,1.48631699626994,-2.37469148314025,-0.762707287872772,-0.631630012976389
0.796772519314362,-1.31275874930937,0.898279466981735,0.556754821923126,-0.175431142104919,-0.746561008009641,-0.0526685104769249,1.74934127515677,0.000432736293993152,1.19537614885213
-1.38448046396777,-0.307865833380126,1.79200565710198,-1.08382033704386,-2.63344820664477,-0.130557331873332,-1.89194835155897,2.46894858249844,3.79491662551785,-1.35507134684079
0.963410069138571,-0.0549952284110508,-1.65094330965869,0.0545381122666152,2.81654489942435,-0.0403781921000251,-0.166245734556418,-2.00691888914348,-1.94351457935655,2.58646204717038
0.735038216797758,-0.381272256844663,-2.05132572769577,1.1968830451074,3.28598007242925,1.5171097957455,1.39243137819852,0.397555481777022,-2.79258184331711,3.34159139055331
0.856147542228988,-0.369781253394737,1.01834277098145,1.74507851082345,-0.113102095491905,-1.28599861272992,1.77683727143152,-0.742022502423291,-0.688623347558852,-1.0564644964766
-0.633360380306903,0.80417235009566,-1.7275915681781,-0.0264247551223357,-1.54021982144236,1.99751591081429,0.935937297553499,-1.26854435995049,-4.68227305192755,1.45842981589567
0.241018897828858,-1.73705864667011,0.26582913524797,0.376194971238978,0.192024136725798,-0.756108862826592,1.25044665119833,-0.750349335639617,-0.0285599622784786,1.62907847862501
-0.464642834571949,1.13458022265921,-0.838608448725765,1.22673933858361,0.525312664612027,-1.04594489249611,0.434231770709342,-3.05463497414687,-1.81015081143674,-0.635669598235427
-1.39955773002127,1.20097081543258,-0.504736770606316,2.05257761495463,4.01967625464494,1.15283893342667,2.4654252780631,-3.11788292443276,-7.11268686528232,2.89056507089545
1.62906104535861,0.11566908255291,0.688284833114233,0.548291589378024,-3.12072353167076,-0.45315527678365,-0.034657429401475,-0.033556352012099,0.36862865173674,0.959424389172703
0.146355704343582,-0.846761571761311,0.0890080148641408,0.82233566492088,0.638389097745175,-1.27630190268259,2.31715385221589,-1.67238904277412,-0.531493060883099,-0.718451397499211
-0.428227134088261,-1.18530124618248,0.332699439711126,-0.961193827376581,1.01271903117614,0.518698357686657,-0.869398737507728,2.33047656248611,2.81025312107563,-3.86623830967687
-0.506130548254282,0.0658896953959328,-0.157182765026003,-1.83719619519438,-4.38219705980612,1.68372013496018,-1.94059169903425,3.92158311687763,1.96708250762542,0.235327850762029
-0.40455665241034,-0.881274873589418,0.223575241486482,-1.43199686410191,-0.925353290314024,-1.25295779201723,-2.36244167305579,3.67328632170955,4.37210999238047,-2.82908654845417
0.228503001517811,0.67661656558216,0.171006341256582,-0.68302219329369,-0.159893411575767,0.293345838067491,-1.51357894532392,1.822321136676,2.48809790091468,-1.35799922711117
-0.223401083204534,-0.0872837641010371,0.963840221183845,-1.17530586208493,-3.01745343241189,-0.116905321794983,-1.02472134304525,1.395639885614,1.85292017243035,-1.44540197739243
0.388340383670135,0.79497639961744,-0.631766003562044,0.857153045675211,2.55399373998052,-1.78474166206772,0.544793204423718,-3.41329235555533,0.657061610723322,-0.0317447147158651
1.66438264961659,-0.784668020297488,0.897952204882789,-0.225270962442918,-1.49468923135094,-2.38911679400786,-0.962078951983042,0.159672935067483,5.51418314733664,-2.28622309086578
0.582482530471939,-1.24013733756158,0.823360197540904,-1.73573380154696,-2.27938633319202,-1.26439593013247,-1.20209289833241,0.406486357942156,5.22632669937619,-2.76151244825504
0.579955014100764,0.525473243453123,-1.10180099493094,0.417947867392864,1.03335405350344,-1.15554037679771,0.37193886152918,-3.91853226009941,-1.21931807506142,1.95101668872943
0.0479529941737331,0.435159511574586,-0.952473479486338,0.811956484534919,1.06355136863279,1.00666430161555,0.995773346972361,-1.10169682833296,-2.22784776693188,2.76149550125309
0.585323836167297,1.01860004791196,0.417529864708729,-0.117359164478599,0.215842108784533,-0.93531894954702,-1.85144526353218,-0.569391813298039,1.27785742892368,-0.389758730328126
0.0230470803312218,-1.42391406221287,-0.0801092896567891,-2.35018636302386,-1.33006334765815,0.437525770678574,-1.35589988732214,0.776529731995865,4.37591768615544,-0.354829025116418
2.62063208615518,-2.4001835352808,2.05668800970725,-1.42595324997358,-1.92727697265621,-2.53739172041671,-1.14098105163268,3.54855584571525,8.28978566206556,-0.858568233388066
0.0405097048820422,-1.14969893697218,0.26055892869074,-1.72909286759119,-3.20126210099155,-0.266224852237725,-1.81979762779699,3.46694509031533,2.74098630227835,-1.59833870939438
1.69086370038151,0.289649144262336,1.06722925284906,-0.624812172462522,-0.703712106034403,-2.34100128343646,-1.02735362422581,0.22728530892839,5.82403279837744,-3.40526885599781
0.00344840515912967,0.683778610731986,0.180747678451969,-1.22563392621536,-1.57586035277766,-2.23684558301517,-0.939973410841098,-0.879216739883846,3.47656741194902,-2.22115453397177
-0.631580930243796,0.968902723095125,-1.01724653636046,1.81031653106208,3.16805739807958,2.48393263427201,0.171232722629046,2.20958913536764,-3.31722962207135,1.71815746783354
-1.31193418607321,1.02271184155363,-1.59644961674422,0.100107615773918,2.9378242732898,1.54921346162144,2.20949750443032,-2.08417867133107,-7.62214021334057,1.88021936053504
-1.00751438078555,0.949666462132114,0.579098274097877,3.31596735223092,1.65460830818801,-0.375288942538974,3.42448608421758,-4.05185389377923,-5.90707525817941,0.800028071700232
-0.363570238247936,0.791191217407485,-0.0690647346631997,-0.402470711063008,-0.0182556961112886,0.782977181267177,0.721144187164417,-2.06552355068292,0.124296724507401,-0.80867260731469
1.87126128528961,-0.414340583867113,0.283346863348793,-3.41682960661554,-3.30886069237708,-0.548542317397223,-1.61580154808903,1.39305628746616,4.44563125159319,-2.74946500916651
-0.984229707694225,0.0477860924613604,-1.96488465473645,-0.0384735586328064,0.254456751235577,3.28730571518634,-1.00416521902969,0.258609721558997,-2.5301129028052,3.60421335865027
0.804646651455497,-1.64355366597022,-2.31593868573097,-1.18331299205336,0.6519738891199,3.16684367541936,-1.50280291803306,4.20406453730451,-1.14250530415593,1.92267155732507
1.00666055853942,-1.37163979963142,2.07441429374594,-0.628599859685632,-2.97202324520267,-2.14937916460022,-1.56270528467522,2.83267953758869,6.83641852577392,-0.933628223934487
-0.0811911102487289,-1.15774517900349,0.0935403357373044,1.76164774110773,1.40834070377532,0.0579542468375725,1.05775024492233,0.468473109252797,-1.41803315220039,0.88694854707073
0.893574045877583,0.0208039761793455,0.358156438122328,-0.257446586164328,-1.43116404429256,-1.27314355798489,-0.365371183621254,-0.58136158780606,1.75760502125125,-1.61533952183169
-0.243834179430076,-0.460521197302426,-1.29173421933594,0.44407825309356,0.302799757970204,2.47908628334756,0.0134827922798458,2.95296312817215,-4.52179864486677,2.28123862934292
-0.753369394730828,0.416237515092311,-1.04904004189475,0.679059866998203,-1.16504575868649,0.51067035822737,-0.330972896131547,-0.861867753130632,-1.4516686102515,2.34106486132588
0.404012135854785,0.396257342169747,0.609373540489031,2.16178871377513,0.496343869328823,-1.0514090559924,1.17976496013679,-2.66520324532595,-1.83440484033895,1.72846057549512
0.492132975407672,0.896328905980429,1.34623406981719,0.224928121814093,-1.91665766265282,-1.26089854474116,2.52089254613143,-2.49703444164695,-0.372376465666277,-1.6289179509747
0.850657465199062,-0.969120728227905,0.882584159677672,-1.66501920518352,-1.09902721462343,-1.73183999164191,-1.81797428258448,3.85547822022989,4.32805057460966,-1.7146050992024
-0.168251367987731,-0.0837557751279751,0.735964734476572,0.305821474085708,-0.172046936457514,-0.772940398156853,0.836349523764415,-2.6579851408091,1.2030186951806,-2.35535054629345
0.626965754896652,-0.661423392784355,0.996272179666543,-0.859263055035715,-0.812820680058476,-2.3030881932614,-0.0356696577179774,-0.880572821734746,4.05589944639016,-2.25486318145561
-0.510231938700477,0.135403403232725,-0.269301656082583,1.39610718768843,0.20382313266037,-1.07251484533904,1.55178647244921,-3.44910483068664,-1.88624311431116,-1.23287711321804
-0.708371845516006,0.666795356355367,-0.464383032870799,-0.548947371194878,0.605875466556752,0.334089805317362,0.270822292214646,-1.06540943750132,-0.190101017527928,-1.21950522748519
0.123468942848521,-0.154526968445528,-3.16715943957008,-0.749872568789853,2.47586664777861,2.05656684064017,-1.20510657926715,0.94315588145634,-3.46596014369556,2.96434482187354
-1.03393198903496,0.582408910968341,0.357128529464885,0.233253846848791,-2.46168555840817,-1.62650636665289,-1.3497059529544,-0.101547028307393,2.64449171058909,-1.02912321464843
-1.94943383080528,0.152864304873313,-0.112830509619486,-0.36861811327423,0.051458955336085,1.06000663805311,-2.3214562280475,1.13911874846121,-0.744286974994819,1.64170347295742
-2.09574012456138,-0.779458217989127,0.294522820026594,-0.803140662622853,-3.18621216611134,0.0407056025432446,2.4579054021852,0.188064966532624,-1.91341428997182,-2.2082451315253
0.721897114407154,-0.682541170085347,-0.874675464726628,-1.59002980649083,2.15092843732953,0.699018818890974,-1.48959055453199,1.86212256323266,0.777023722097754,0.273904434014558
0.240492850276298,0.925350121761162,0.546202053956818,1.5844482893429,0.863840607109402,-0.181104192245794,3.33657203410623,-2.62133322366341,-3.80070655967005,0.378191986855361
1.52530235966079,-1.42110064031584,-0.286570889741526,-1.0154369158145,-1.85659390657442,-1.22956146554922,-1.09207130266888,0.600384232040982,3.35531106516334,1.61760743623523
1.51846918763116,-1.61448934171176,-2.12561773108024,0.637578835136243,3.10417785949624,1.39141218571556,0.46653866367373,-0.190218144722404,-0.920598659338454,2.17047642174467
1.13242892060749,-1.76334800177444,-0.968146581866536,-1.77552575788601,-0.656639531060727,0.324559171500628,-1.46235539072411,1.91034855098397,1.76098740673358,2.80108103250865
-1.70107971844032,1.6287027547842,-0.309109754797699,1.31168770839411,0.11645357293151,1.13836800666956,-0.856707003795863,-0.223128666682546,-3.43225629605532,-0.136180666866134
-0.0169494323745316,-1.52811900567168,-0.304898634578068,1.80273940183017,0.99418018863829,0.721005434203407,-0.0277398745494009,-1.45649522908561,-0.195042743881469,1.38149342190871
-0.26389269682084,0.585552693352913,-2.68741776740957,1.13320172025823,4.88837575232304,1.61495457483115,1.5053057560978,-3.52616165174568,-5.65499953477417,5.30911964622435
-0.490246195632839,1.32844674096711,-0.170277385553482,-0.0106279388158424,0.266861242972585,-0.58457194833704,0.113893117040246,-1.23475084416459,-1.7837483798714,-2.18836168309567
-0.252538052714258,0.738714422295022,-1.28853504421148,1.86560278068311,2.95346554902723,1.09129309590513,1.84388817989681,-0.429143356197211,-3.30347602889629,3.29396769275907
-0.840855115020963,0.486235486025402,0.756763881779344,1.3261466351833,-0.420110381525625,-0.722740803481778,0.253096861943128,-0.493685632240708,-1.52731009373524,-0.722143373787788
-0.55710531547647,0.289472069415344,0.847594263837768,0.618874538246531,0.15256901849322,0.843547262130797,-0.534602202059706,2.17879627997108,-1.64747212940775,0.188417634798495
-0.992348829975991,-1.25694389319561,-0.505018556834398,-1.082153903287,-0.79819523486709,2.82411818851827,-0.605625113995976,3.29855975166961,-1.74988015461117,2.68141475550993
-0.882565707399605,0.0462569007132096,0.820655560881366,-0.518680596845842,-1.76793963096384,1.27167555727868,-0.826714901384099,2.77100267002878,-0.263572186900055,-1.49902659278334
0.661888586580461,-3.08635463141893,-1.61308423916032,-0.885222168150236,-0.219806144095049,2.52279994424118,-0.345840144649384,3.39609213275633,0.000460399561137852,3.75664228628638
1.96203233392709,-0.100291244213259,0.0668198891988098,0.561164614901057,0.654808107921858,-1.7979876356414,-0.221500429020279,-0.292811748708135,2.26708961710931,0.176914294695511
-0.146631364168817,0.948202161366655,0.786307413661773,0.566058151727715,0.648328091204541,0.0203692049448034,0.0886879166867894,-0.664621404219769,0.0198676534986855,0.410114572807101
1.13223694758812,0.226102865645616,1.38716585696704,-1.22746937724679,-1.25337507508711,-1.82404573090865,-0.477603339386977,-0.26695313719116,3.29896349981697,-2.3257172063846
-1.11471603523375,0.919233374920223,2.08325601193131,0.206092588118116,-0.0078654963991181,0.164943490158883,1.12933421624036,1.59442561251728,-0.0159133558482305,-1.70327947868018
0.689700987348523,1.50057923695619,0.604095312256211,0.712111662560937,0.620777493766282,-1.96251092102296,-0.483237648947121,-1.89881505162702,1.10106402911602,-1.8587625640156
-1.3260642089753,0.793393634861917,1.05993281403549,1.21958684440687,0.778522476446969,-0.634503905678991,0.88787065558795,-1.47317677756908,-1.93654180117582,-0.177685412263644
-0.201995560238696,-0.00315063002126964,-0.0172094579701445,-0.660016211654245,0.290176211257374,-1.27720370639834,-1.98267658506753,0.705030812829619,1.23011775295551,-1.34429864793267
-0.352685507807027,0.68555057767112,-0.524738018015794,0.632753839082954,0.288491607575074,1.71635920763289,2.39625864688044,-2.48388042314898,-6.83084189977787,2.469091846097
-0.0722232589623718,0.650156475960922,1.88562659371941,-1.12291096266722,-3.64293099566845,-0.629401028305517,-0.6798136549873,0.467639049794225,2.8781480163021,-1.4460353639239
-1.1335060724891,-1.61530502154269,-0.281406480182895,-0.584555930918473,-0.380453922359308,0.181719393173564,-0.154907732606961,-0.502288227129257,-0.590991667815691,-0.362717419743982
0.772992547835091,0.0247347185847752,0.586423687906151,-0.138102614971246,0.997935233442884,-1.65010249615268,-1.16952408789809,-1.07703297474315,3.3913315431693,-1.1341574097513
-0.195457519008967,-0.34779335860257,-1.9448025104657,1.15653197523268,1.8192548686409,-0.483951111506791,0.614659915927242,-1.1874100925226,-2.09328531729943,0.967011208968843
0.959981923252135,-1.70601798771316,0.549322217802253,-2.83443218927554,-2.20440724918334,-2.4451931586137,-3.28289605674761,3.73901032031611,7.7838352181961,-3.25703597121801
1.13681561906824,0.0890387699417524,-1.10356077969483,0.175036991871135,-1.51757580637467,-1.50328046386028,0.932383142176481,-4.59252086745939,-1.61031958931058,0.289767904070911
0.140929487157459,0.0741483113785786,0.264740008379929,0.187465456180417,0.0491815414282337,0.41565265739454,-0.181881325541012,2.77348842945341,-0.753543635690109,1.70826460963868
-1.8965670711049,1.25727531865427,-1.74963521055978,-0.308738835032714,0.917970946345162,1.50747716377841,-1.95068534735597,1.28183509396505,-2.68888476001332,0.22414855895384
1.93206623318003,0.690477791503361,0.599968706379454,-1.59549302436898,-4.12509975949954,-1.14334870314905,-0.264186593075636,-0.923492154712707,3.02313306186058,-0.642430219165164
-0.761857296754806,-0.618295591700426,-1.61036232496045,1.03918845912157,1.41184951183169,0.836090364648905,2.24593457201763,-0.783034703814989,-3.82897340301251,0.712695395114839
-0.017971231827959,-0.234233736137572,-1.1374532464906,-2.35704625837618,-1.70369743477817,0.854921426209962,-1.96920321361738,2.89944198353284,0.899614953430969,0.710258504488075
0.924634334134439,-1.74852652718908,-0.675555344976295,-1.44424613282028,0.128071872403996,1.50867332249688,-2.82823060718442,4.8068909699063,3.21657751511534,2.36621225395507
-0.861102494440796,0.374954211828172,2.31603044294089,0.150152662373517,-4.00014401975135,-1.62444786637004,0.128800156537911,-2.02483051135281,2.87305729036081,-4.75491543883499
-0.507316501329712,0.0921206580632418,1.95383858837333,0.828925609170113,-0.674065849949918,-1.98599436329668,0.904648759153038,0.538846479797852,1.57616318006038,-0.17426727905789
-0.980266140262192,0.143755898980158,0.297387376720501,-0.274483537195205,-0.796068552059564,1.85046676599845,0.10599530388152,0.303878500237306,-1.93503824037744,0.0707809559554453
-1.06135814457028,-0.354851309024563,-0.643659099739195,0.190288511455618,-0.665824112670977,0.609017470958094,0.776727988518528,-1.97652273840679,-2.30999730470814,-0.416951177984736
0.472305727709271,-1.3054569497553,-1.27189711197832,-0.494644284194727,0.98463297150518,-0.0776849737235617,0.0312475105811915,-1.31950808554795,-0.313034632306135,0.6099818215529
0.558642204321977,0.236915084945179,0.38647599997464,1.16213405348578,0.4574200637453,0.574997582477955,1.36572105022402,0.850196900566412,-0.139508024832923,-1.34772960075774
-0.868790560985889,2.36212607779724,0.30897192951164,3.89354234404862,2.69493979319941,1.48149425479626,2.65392212827342,-3.92467404137321,-6.35910040984357,0.389096584784018
0.907828447694092,0.473722770497008,0.301754884929337,-0.54400682216951,-2.37532071754652,-1.45596369375965,-0.534046455433528,2.4477371163226,3.45114293348963,-2.10670279341695
0.0673561238524108,-2.43888580752234,1.27588609784352,0.356030743618407,0.669355889953727,-1.41455558239589,1.30100757134261,0.599354078282691,2.98121746278165,-1.36464145700632
-0.134218151730796,0.845131687049379,2.72034961518116,2.5360920985026,0.333666302644319,-4.60610576536494,2.01761977451186,-2.2636290798469,0.993044466108871,-3.30759011660589
-1.31999526738601,0.774974889747725,0.48411781573793,-0.206773096838771,0.852820613342369,0.691001604489931,0.403930701830747,0.828837967939914,-0.688353719872772,-2.35171916998234
0.318352642324119,-1.03530227684599,-0.75927813985165,-0.582456725314948,0.262799754635305,1.01737381836351,-3.18771432080351,0.956838720439486,3.88243960948557,-0.39331553936802
1.01629537041809,0.0332943226876049,-1.46406867946574,-0.38476753462989,1.04551581738312,1.44232815288369,-1.15954768430246,2.31375758377642,-0.849939606887156,2.61359798964092
-1.899068217899,0.508452745206104,-3.01324678225317,-0.212271048145044,2.26076602774548,3.39746270396023,0.733697004068356,-1.39217401885659,-7.48817592050694,2.83584895091583
0.982066918604657,-0.0788094675972133,-2.00052821948561,0.0519558375540171,2.54783227475449,1.43338313542983,0.168881957593829,-1.05104495410096,-1.40293391047994,3.09459281660589
2.36607987759935,-0.147996178169535,0.881838152836355,-2.06712251129605,-1.87323779548188,-1.61797878576475,-2.24826331358633,1.12949550438214,4.47784532325486,0.396459085673972
-0.957038391827847,-0.624662884300368,-0.619292869085022,-0.0899939477839228,0.517005206634676,3.06993307852023,0.547345725543419,-0.12397384240485,-3.69216164432664,2.0699592523761
2.27884243907216,-3.49142140591678,-3.38954192609682,-3.00254623317892,0.082854704718513,-1.13589864538613,-3.69824234401471,2.99453483825779,6.46279301660559,1.90863601046423
2.15315233730261,-2.51238680357092,0.897281953287097,-3.3284098856076,-3.32738903496726,-1.01864993235367,-3.64665017083254,4.61490311022727,9.28825849897906,0.189481806202503
0.6836755119213,0.740487299377607,-1.12371636877897,-0.636919754435208,-0.551824778685935,0.867113132383924,-0.621319025311806,1.12863243692495,0.477822428828224,0.491728778651626
-0.189126405014657,1.87548103082865,-1.84005197974351,0.600228899922455,0.534582381948553,2.44249464933597,-1.08680349584132,0.937043681640621,-5.11461079405235,5.19457160525509
1.10459408376782,-1.59467378311728,-1.05658315828134,-1.44669790193142,-2.1043876939933,-0.971511813790264,-1.87126868032769,0.446621054297449,1.97381766990581,-0.674514763535948
-0.424843049251776,1.42305857177145,0.444007585859884,2.65443685239515,1.04263619326086,0.201016263426231,1.80979568200109,-4.59211981277276,-4.8360423773533,1.81608879486876
-0.568694303159621,0.567866388609242,2.09307961809485,0.924139721253416,-2.97455294920034,-1.71034132038368,0.312697833519884,-1.05170497565453,1.46793400886487,-0.964138320620522
0.630147079921158,1.22520968822741,1.3631236717671,0.447575285249718,0.131332679125155,0.565443897464183,0.726211103712582,-0.41919007411691,0.448307787117119,-1.5124133078221
-0.37145135151849,0.243657266975356,0.815878149246764,1.11178512813332,0.0960862762652762,-1.70111671014279,2.13465102862674,-2.32286517440741,-0.344506849318413,-1.52797081691168
0.0820333454398134,-1.36841866300877,0.430726071606991,-1.82835415902801,-1.48814637032279,0.949966515305494,-1.71103515051921,3.43756957655687,3.61511552335678,-0.904804638989297
0.326495945508053,-0.991883483232296,-0.117949803433124,-1.07337203677426,-1.3107810442455,-0.705089190861921,-1.43369881701699,0.270850038022281,2.89333896115023,-1.64279435646043
0.807344334415567,-1.30258389100739,-2.88660601197904,0.257186422575147,1.93096530021628,0.792114111121859,2.03574510529382,-3.35002294525017,-3.45168842494955,4.05153594510517
-0.250010036068537,1.28261919858881,-2.18878049099429,-0.341616041298457,-0.368049308826336,2.80407033383399,0.29513912011889,-2.57244045404283,-6.38308924725616,3.48522639027716
-0.807507197477994,-0.630820640488573,1.62082859112109,0.675412483831405,-1.93963165743693,-3.9285910915134,-0.50159248825732,-2.93655543309677,4.17932868995238,-3.35386482246725
-1.826450494519,0.413282299437133,0.755924280108868,-0.566291920902308,-0.00368564752198343,0.280298419152585,0.152954688298715,-1.45672632583035,1.17043701092191,-3.35760560619233
-0.0738130505216131,-0.0463660990863815,-0.0140153517361387,1.48731085069845,-0.498068564903565,-0.76511468887088,2.16042799876555,-1.70582468709887,-1.21732953580238,-0.499760356202263
-0.137837265327744,0.196347005406464,0.576295091343696,-2.35776673728753,-3.28606816064124,0.45824007470557,-3.02451733544363,3.73284732388783,2.76050898465892,-1.31449961252515
0.144418034677652,-0.211090837606745,-0.135113576640986,1.9540407696854,3.06095931390229,0.414228249215502,1.62153922968455,0.0833201072169359,-4.5584672224048,3.54419720594195
-1.38292581427988,-0.35331204003622,-1.554192323446,0.511306155722651,1.93027159294462,2.09286068829059,-0.167590738846257,1.53454730325205,-5.63711692653228,4.97691625589492
0.271836409510265,1.56855451208719,3.51787886751539,-0.272731932110836,-3.82386511120911,-1.77782194441978,0.0787763881538131,-0.5487953173999,4.33636211218348,-4.6641222101434
-1.09208449026749,3.25157538767511,-1.50050012131858,1.68872623624944,3.49019347004865,2.3348215769042,0.20068826153985,-1.86657620592466,-7.12349426428033,1.1600705293606
-1.16399277787592,1.2280030485368,-0.144574483304714,1.49711626759054,0.373136161231017,1.2387168337848,1.62258506894842,-1.32893350461307,-5.20629951363035,-0.353898488672912
0.248675751847821,0.670416817106182,-0.314316986673708,0.716836809655489,1.54817255993431,0.0681020421558891,-0.865567178279756,0.732136365913857,-0.254369389520564,-0.248579454799701
0.646781208569916,-1.65997431087037,1.44840148604531,0.228592719451216,0.992068087146255,-1.77852292017494,0.0991835749434502,0.830241595701375,3.36442282606505,-0.192138714055892
0.706918924298467,-1.84513126409348,-1.66971170339578,-1.68766922391529,1.82674398625644,-1.48221154268395,-0.880343454652361,0.273145868565278,2.28872796376883,0.973986389605627
-1.03809360772458,-0.125404748824873,1.08299213084059,0.0676635368211867,-2.99490047727186,0.586913661199995,0.614246357071077,0.928377094049211,-0.265783183536176,-2.15363371773776
0.0380608424538217,0.472411636364254,-0.683798377734925,2.41460766198555,2.61620022616866,-0.455731661448229,1.94934953749935,-1.58253327827817,-3.28219259090408,0.344029339594571
-0.302115384450344,-0.289850322697226,0.150457915783537,-0.47246263866149,-1.49219773417592,-2.28576848437791,-0.948192582549524,1.39646745081663,1.54440838661194,-0.500015108173454
-0.396755766569246,-0.103996610868239,-1.23449889040349,-0.359844619329072,-0.787418985862075,1.40134217757073,-2.16436069015509,2.6996790775038,0.257622328834798,-0.0863717866831166
-0.539448429982021,0.671175570267833,-0.579186871582786,-0.195940253603985,0.340469599414042,2.21394894219515,0.474796495643257,0.590247806429039,-3.32102443115583,1.53563372805654
-0.500893820036294,1.05165276741966,0.6776815185329,-0.0245050456293191,1.29324388912916,-0.497219405062076,0.300695268117154,-0.418897676351708,-0.066719557843522,-1.88012437470434
0.267918164468816,-0.964394226882537,1.78014200905103,-2.25635794565617,-3.72092905517432,-3.5898121711564,-1.46277661325309,-0.775188250665735,7.95069586927148,-3.70085992606017
0.756633674615649,-1.34571124942123,-0.0447878646769078,-1.6937806580922,-0.320494436412282,-1.05708067674176,-0.344678066618879,2.16878900772061,3.7154882532362,0.491579864774482
-0.166183005380035,0.25031457971443,-0.445473971466786,0.177719465437826,0.923322747467448,-0.514350768858165,1.19305649261326,-2.44705375788071,-0.958217429200231,-2.24395549860061
-0.228691610904505,0.028826387051221,0.834114564636678,1.67183108009745,0.883332797600645,1.11937374520293,1.54180002960628,-0.869190107043234,-0.685630828354009,-0.0246705384750104
-0.711688586931778,1.05979542024086,0.112999460989431,-0.664497318416485,-0.943267103986807,-0.657200936639309,1.20792143899371,-2.06109958745291,0.218741664828013,-2.93921871351802
-0.821945236741054,0.623686457071575,0.403747546047715,0.672262367854415,0.474390490614108,-0.328419045691143,-0.317568776915689,-0.999033212368734,-0.47156971097999,0.440018933278008
-0.107537558615571,0.768952528271151,-0.310979696744619,2.0831330260485,2.47081619631952,0.149800916373216,2.61453799887692,-1.15118093328145,-4.8154189548903,1.52080544323048
-0.241791824209605,0.55254136464677,0.681597347870133,1.47998626340233,0.380617563938889,-1.00486553676939,0.858297128198196,-1.4652101103301,-1.4743933200678,-0.861110911097733
-1.24499050768084,-0.754880671626311,-0.620922644109002,-2.16917450376917,-1.98896457258064,0.59842335297141,-2.91114948619534,1.88236173304519,3.02080714531713,0.411331020741834
0.475550400753669,-0.354514570915122,0.541243573355256,-0.260708907395652,0.533799566744874,-2.39573292194674,0.14383040195136,0.566313172865553,2.86303668015052,-2.08579902179809
-0.23335756989543,-0.4118297278997,0.0287479060902297,0.621306010746877,0.13538462962607,0.721790121296825,0.97934266122352,0.329825534875464,-1.82428940943546,1.98249548161407
0.850482246608908,-3.00304197121325,-0.652140784196646,-2.06904327524146,1.22947069145538,1.28631460798673,-2.60541289212309,3.39636673059304,3.04944526888562,2.06762822389589
-1.28526790585955,-0.453767395227024,-1.59026985701355,-0.417260008882565,-1.03170640348312,2.59781112179794,-1.31661612907634,2.68396336294592,-3.74400223915903,2.37876594067885
0.730709970056136,-1.24863665847833,-0.508159793582274,-1.70168316227442,-0.029907713475571,1.07171489622498,-2.69502388199388,2.33590821838002,5.04107076679455,-0.331021791855812
-0.11088544185777,-0.111424237395113,0.913032843117315,1.25725337962733,1.57462789453488,-0.326094382922315,-0.0235949027820023,0.455584974930528,-1.0930946536718,0.95226443613361
2.34868410923502,-1.55369284828236,-0.231099171168904,-1.05046407999913,-0.132067228364768,-1.51468097277511,-0.885853005617329,2.35678179827522,4.5667839213728,-0.277791311234936
-0.701966679760397,0.91445849740712,0.877129278038275,0.272052405079855,-0.217959890212689,0.595876180156516,0.822088102236102,0.708277576687058,-2.54525720803249,-0.545207942302969
0.687048376412937,-0.262957929378073,-0.0592575112792387,0.2837687073396,0.677259391777407,-0.88028737215579,0.236076091202933,-0.903907829902816,0.780937078528151,-1.979549168947
-1.01388341544741,2.97596138151445,-1.39270783208717,2.53545590252185,2.08254764939432,1.69398023449309,2.24415538761492,-4.61265968584188,-9.31661521937761,2.64155931293277
0.93982949824483,-1.92961827017502,0.650044488979423,-2.24673828590919,-3.99074554669082,-0.240309046819031,-2.27987730976293,6.51049940701395,6.80557494598124,-1.67826162657113
-1.33861945959063,-0.0360403772740783,-0.591400454481687,-0.659088093471996,0.0371532833610014,0.128638035813267,-0.882442037565845,0.0299540451558792,1.04839464188522,1.87990216544371
-1.540037826415,-0.567163666196084,0.114888494892036,-3.31297352592711,-2.78453774015526,-1.69972819312864,-4.31158331312317,0.80517442232432,5.22838189191905,-1.09554065562393
-0.911508672886839,-0.200691687629352,-1.07778955146288,0.0390573915813145,-0.400668073383873,2.54014323213902,-1.3283146221353,2.05728625850626,-2.20237988634704,3.48978805379806
-0.271024977919704,-0.572589736006224,-1.24810751345022,-0.644503520040113,0.70402234431144,0.397166962311371,-0.105837313895491,-0.854805309962683,-2.29541958356677,2.95877931383918
0.797094346109022,0.981956574027952,-0.0614480330774757,0.348712710318935,-0.588898899902468,0.0788084220147067,0.236318813285242,-1.14189887172132,0.48796858274549,0.581237423410761
0.0296435342094514,0.419662981436377,-0.580000684072358,0.174300500905063,1.98432635087023,-0.627925859937324,0.218471091174566,-0.218596370161663,-0.346204191565937,-1.69133274751506
-0.372619978679534,-0.699990022880507,-0.949002918158336,-0.850323761476754,1.21341244934194,0.439202925642259,-0.0395178527189794,-0.214945607545924,0.267970221964164,-0.102873874021599
-0.350928524314409,0.575322357026735,-1.14608203096409,0.221001609381132,0.956637134827224,0.412635260059192,-0.29916608143283,0.827844300060972,-2.00805325285216,1.09517166178538
-0.906112144583991,1.48232724526758,0.182567363960911,2.26701776493286,3.29444999559445,-0.281318443127326,1.37653626361083,-3.86296950468024,-3.83591201801307,1.76185422108607
0.201013150488734,1.05202020683385,0.885291043389753,0.758638957105584,-0.476784814930701,-2.70731036625144,1.01044195784323,-4.61713162446081,1.33687277229204,-2.58580743218232
-0.952054594902753,0.788876444774736,-0.722181394148001,1.58774973380268,2.96789691917267,0.466149442535324,1.84710028478681,-0.131105805434674,-4.26438335739258,0.955737732956793
0.237904259007386,-0.0289935149283307,-2.75933816278876,1.63210905858666,3.05876938467841,2.75556747910911,1.45651080047987,-1.29072938987001,-5.28100290593783,4.11737308672692
-0.504181954437602,1.30340956784467,-0.598787585116794,0.494863584286749,2.21465720301828,-0.345072569637116,-2.84021722468062,-0.459519781316147,0.302260664156194,-0.334970180523609
-0.236694329136229,-0.967400536415899,-0.396596403726977,-0.358449253455031,1.06970303269831,-0.498908537102728,-0.0982041799510958,0.659704469781816,1.33616317621422,-1.16588759762855
1.07303057484268,-1.60865979390637,1.06378644175959,-1.96196384294833,-2.12301715752288,-2.1337368565673,-1.38944181199822,0.514711863346095,6.00392954019747,-0.462145551323479
-1.6779864793348,0.891676270012132,-0.686285128628252,0.51732553567774,0.350962888717867,1.23710922339156,-0.0565975082345535,0.74946294552193,-4.56140656536934,2.74028290463709
-0.0588840347525502,-1.1709532256208,0.251000997011088,-0.585869358697171,-1.39451918871315,-1.23463404478887,-0.414874025315405,1.74801345440783,2.79385908703076,-1.62755584005654
-0.403622528778071,1.07530324425231,-0.199784814355347,0.225599481681707,0.348171332518425,0.818943378808541,-0.360012437940776,0.666558820683253,-2.63228738036964,1.49207470665693
-0.509210129898518,-1.91883665790412,1.28568450014198,-2.68064532270392,-4.73876118054492,0.618112744783818,-3.31413490004867,4.81809006765369,6.43132197192374,-2.12408114649102
-0.912553463404621,0.0159774951653426,0.0519689390602195,1.2310054646039,2.35578398596973,2.37494433518743,0.876522129023807,2.08696849752577,-2.32676704327812,0.724251670075013
-0.34689588889687,-1.28045093992034,0.0998850071751656,-1.08887532081316,1.3183246083823,-0.949867411304594,-0.608681183192306,1.01047211945045,3.28300026742974,-0.864744564808993
0.732509566034751,-1.77978011785002,-0.753401624948234,-2.04342148097024,-1.46435655648517,-0.860596116178839,-1.03056109649865,2.07769005895612,3.12159767103377,0.381365975410578
0.290692126674872,0.136363808573398,0.514438939707688,2.02160669527745,0.471948657411746,1.20816466236987,2.0439797930865,0.804327262961503,-5.33571999352207,2.33371723752557
0.269783934608689,0.752778590419229,0.535657242028489,0.467985124650791,-0.9139750666393,-0.152934004569678,0.678986940036469,-1.10309209588374,-1.16618545333037,0.200636997561348
-0.700342061585086,1.3772368845555,-0.142889689597113,-0.468539802575317,0.372162653213623,1.6706400095595,-0.482794112566577,0.477327708265201,-0.555980338040445,0.182166082553499
-0.326504050491438,-0.239739196749134,-0.670084271964758,0.168697333826269,2.05481265107955,-0.266374518606807,0.930627105377512,-0.656475132496025,-0.348529194953347,1.52299414238898
0.440374780710083,-1.09517222070736,-0.120126047784528,-0.894113286133647,-0.923927705115339,0.862233737485171,-0.777419901831957,0.673075348665903,3.2182064994741,-0.0825920665023416
-0.260788634687655,0.362759746018009,-1.07186417740805,0.383277749415757,2.49415929749999,0.0786763387311132,1.22443939326663,-1.74542343643917,-3.45595416678815,3.0923413041334
-0.0569471421464781,0.569929489251815,0.324630882038928,-0.141141114760465,1.21119012435494,-0.841634827129133,-2.43146020248338,3.00408788000222,1.95041787175635,-1.30490603385887
0.290394992965626,-0.343627120504508,-0.440095385506142,-0.50558274231069,0.454211111464709,-0.573251856100604,0.0704577132872779,0.137972789722852,1.76388324261164,-0.616468256786222
-0.917992115629382,-0.570878652554184,-0.37906470689187,0.875926930700757,0.991369358458098,0.121735093285699,0.43802298620636,-1.11775110294111,-1.16673619599362,1.77193247920929
0.645436496660237,-0.491410015619878,1.04741488957793,0.00844419926092098,-2.35063042221787,-0.24498683687947,0.622009011721084,0.00794548318903991,1.23227333551624,-0.926059396451609
0.808798615247827,0.266813322021928,-0.0832360887746942,-0.272534866973882,-1.972816422676,0.682025229716951,0.594988777168882,-0.262741732136872,-1.17146297541713,0.978892129686005
1.13265946840718,-1.55783198469943,1.09884450577095,-1.16385127726277,-0.670941416360927,-0.348170997511063,-2.13422855314104,3.03783392874439,4.41029456171111,-1.28629743527297
-0.786380978387975,-0.0281165032455337,0.697841722462281,-1.85016359393662,-2.28744117302163,-0.692934744342011,-1.42602000455768,0.721843010310927,1.80496062897227,-2.01045145052158
0.660151577238885,1.0927051716565,0.307350767532428,0.801599633713886,-0.216012624927476,-0.490892710870076,0.0772574036770364,-3.49152931356689,1.72387477896627,-0.559966712835935
-1.74861361683984,1.44515000726484,0.663873666445458,0.279963414148716,-0.858786495675113,1.98660851349014,0.278112968324072,0.96469038843841,-3.41108538630783,0.147113340791596
2.619043979825,-1.62955568007472,-0.163758775937975,0.589308615086689,1.12479829249398,-2.68567537665508,0.61282291023357,0.366366744517633,3.68273204408749,0.0302943213944858
-0.584949537103279,-0.376012199567566,-1.17563568336899,-0.897783683200848,-0.0258614495574507,0.323627235710282,-1.56210270935536,-1.07355042082198,-0.105326206700242,1.90213502713323
0.344608965965081,-0.00811407536432804,-1.19479630175877,-0.122471592728097,1.09028236005412,2.44840377082457,-1.5907776201866,2.32992060843712,-1.54237439006808,1.14058553211194
0.653376217024553,-0.132660536745828,0.030093355116497,-0.6594507192223,0.950287135159,-0.309979873433006,-2.27680035192307,2.09025805346243,3.85110077254346,-1.52476090488943
-0.188715519359508,0.329419894952401,0.351893184816982,1.03195594647468,1.81841081381979,1.19619043172414,0.843599066250867,0.535304778710349,-2.39392146288126,2.22483903843706
-0.686165995283177,-1.01519436795707,-2.3804318196819,-1.56621484286572,0.0266465405698328,0.466032817524558,-2.35394290499801,1.75339709610586,0.758738037308382,1.63653674685049
-1.01393507713026,-0.733326460842852,0.364475683601587,-0.841650947998646,0.0972307549632294,0.429637979427055,0.0778219210718653,2.20226846043205,0.990255342399869,-1.31058722146907
-0.972310486369657,0.582966620298882,0.882900585373968,0.410708763305506,-1.38055365542404,0.941464827013937,-1.627551621381,0.692843628859431,1.55458116248142,-3.48315887398191
-0.6738586197874,-0.303967689529517,0.622050723995728,-0.595819504043139,-1.64469097180696,-2.90246058704591,-0.890873078463504,-2.58361684087041,4.0769924501132,-1.49580710859331
0.922449132123547,1.87560820261604,-1.16127623349463,0.553548939459326,1.53730403158133,0.384200857326423,-0.625492670534885,-1.38798568518395,-0.71415271107843,-0.451751951236429
0.415353285844162,-1.08306929311634,-0.571788881320032,-1.47920334411051,-0.261202233348966,-0.886354333743045,-0.903909429356781,1.90856705734747,2.45836109723499,-0.0429606877330803
0.816027066268485,-1.26654318689776,-0.0258297935480259,-2.34313185757969,-2.70877878583812,1.61928962819056,-2.58495999325924,4.24044257611375,3.35697642832201,0.374290976997399
0.872975766367676,-0.438902670956346,-0.492543898683957,-0.408530312630886,1.59436129985542,0.330691039922676,-2.27369421147552,1.09002966526955,2.88511241234394,-0.580068794473954
0.212747273423828,-1.64563875344643,-0.883760771793217,-2.4108955253566,-0.880910505533481,-0.547915816775051,0.825974926170045,0.636844930155978,1.72106204769901,-0.00124555402461447
0.942780975267059,-0.277330450735587,-0.612726657529951,0.487218018996963,1.73638258946756,0.918704967972579,1.78832884886113,-0.639817514513569,-0.506394085331109,1.53764989951968
0.475520059894297,-1.50147928384461,-0.958365721079681,-1.916863470277,1.11292822084925,0.680263993016745,-2.01768669218564,2.93020955278946,3.2465051160812,0.662676538446561
1.1175840588178,0.053764939388156,-1.51972424005949,-0.274116616166312,0.704538019472509,1.53020034986818,-0.169418799590378,-0.529711271507622,-0.655856955169719,2.92982318815018
-1.17039244145128,1.04423319461774,-0.208955323167408,-0.544440173827932,1.10410433826965,0.154094987652893,-1.37766323321656,-0.460997970003635,-1.25540660030993,-2.32279542898221
1.38664191530551,-2.31012999743681,-0.907604090266005,-2.50557088538385,-2.41163149643746,1.23782983893128,-1.68833786693019,3.41922168533555,4.8290270790459,0.0923445575418903
0.454464549326714,-0.448216811493917,1.0384881011365,-0.883703788587621,-0.664615673393468,0.179791278828222,-0.105562251084639,1.28136206786716,1.39015338624053,-0.630949281542551
-0.852293627659453,-0.509261283864784,2.13303666619654,1.62336914454398,-0.496704820529894,-1.52147786317918,0.394481841487441,-0.982816698144995,2.42533295858537,-3.35370554193082
0.589431525106653,-1.2779875904662,-1.37936015771624,-0.598028127653495,-0.154495638312201,1.5554121857555,-1.26826142344218,3.04758935279911,0.463803212971085,1.89841840976771
0.981174840427517,-0.461364137203709,-0.658822750708031,1.07822521862076,0.672092168821709,0.340673149930574,-0.781631436672319,2.20894014770005,-0.200442383994507,1.35281569605251
-0.31837401462573,-0.225573944200483,1.46463039536792,-2.36136477060287,-2.60211343726685,-2.32543410457339,-2.10104036618826,0.592374775539834,6.89981274832365,-4.87415577054022
0.32351698793984,-1.29019790180593,0.64290282785412,0.0705971325635923,-0.823518358592738,-1.42849247007788,1.84228137701627,-2.34320804412725,-1.34119058086736,1.42154566398406
-0.698720705143677,1.71499797363212,-0.257573003184197,1.78476208520001,1.79799005705186,0.328712211199532,1.83489052296435,-2.78320259607591,-5.23669240873059,2.15167951089255
-0.507835414121705,-0.31299256870656,0.731936880163762,0.314900094453274,-0.492390000188604,0.087566118985837,0.804295278763237,-1.00803274728286,-0.359537548395896,-0.157237790023264
0.533700041480029,0.743356070959821,-2.08958907779911,1.55722474732255,3.2921503513929,1.53942148470115,0.439283389073737,-2.10649256628729,-5.4373215453897,5.02325075546476
-0.308019795176704,0.444877215153786,-0.683727705073368,-0.921424778876104,0.89398914836512,0.9015871799695,0.526978338321066,-1.5377431535176,-1.4184264979894,0.441032064876259
-1.06479700199569,1.19506911385371,-0.199959969612183,0.776163239823927,0.920330981419312,1.06677614808574,-0.699371857140534,-0.0555039484391215,-3.91370628445652,0.757558105367181
-2.71245256364873,1.55003650490453,-3.07553501552191,3.82915446242162,2.98137350485543,4.83576058814911,3.22839363974648,-1.82144290689712,-12.7128513395736,5.02947632414899
-1.65725904849965,2.36358536721544,1.2938006154655,0.878890842729607,-1.24042433199402,0.418020100614148,0.316706506418124,-0.410336802371321,-2.47586606169764,-2.34833898097026
1.24616859299157,-1.58050819668564,0.480872950379546,-0.385283971920181,0.383084802380806,-2.23157603566344,-0.898475160622065,-0.338713979080717,4.22151354697366,-0.963564433949973
-1.8869696115914,0.313123928159305,-1.88871993420316,-0.983166415814557,2.67438694159011,3.81328270294479,-2.2941923047838,3.73259055743402,-3.11734265002157,0.00167927017064357
1.10935068834294,-0.706554996528168,-0.42519917317759,1.33095561192095,3.30155718896515,0.458255586113841,1.31948864492378,0.691308293534734,-1.7879449297965,0.634968975152129
-1.69928301122648,0.441939701534686,-1.19581436361832,-1.32637150619239,0.933525439586088,1.38856755700575,-0.0829625766613531,1.77134318745038,-2.69024226577862,0.952128785282935
1.04715460029257,-0.883052355692948,1.53680230641835,-0.316611239325319,-2.36108976609406,-2.71288200557384,-1.38341057318219,2.40203303056578,6.32635349521177,-3.95910196940639
0.592487115432106,0.702627279601564,1.7143045471397,0.348160312467801,-2.03557697393448,-2.51082181135039,-2.11244700209816,1.93391500477217,4.89237196891498,-1.59010886439158
-1.04621630506506,0.0694567372327226,0.44059664862793,0.266024362156534,-1.00506738914054,1.44163486726136,1.09352010021636,0.615867807018182,-3.53868781672828,1.8138149388326
0.683282060660075,-0.0978330989648358,0.397168765597429,0.564239389911526,-0.21264707553902,-0.0115623539474646,0.496096226986176,-0.411685796790439,-1.68425392799949,-0.244837925025149
1.16562994631484,-1.73470655910915,1.21111162939837,-0.751387477439736,-1.36749193468826,-1.35748782513819,-0.245716425325953,0.182410400032898,4.74581148603337,-0.786726678424914
-0.131233736287814,-0.407612768774579,-1.61797692464356,-0.621238564730124,1.29151648245928,-0.271951882901623,-1.9922413807096,-0.251602784383956,1.52737524860347,-0.482374575224938
1.74461046311149,-0.55993146260723,-1.10766688718689,-0.248825896365965,1.59848170364648,-0.464373547434121,1.28631831956042,-0.784569682422989,0.797320490529192,1.52198100667542
0.685075070872158,0.426925163606928,1.41332679520762,-0.623367677492269,-3.19274202175779,0.287448201686907,1.93757222778733,0.0740017772219501,-0.59469741944583,2.00645668595072
-0.474600695928016,1.02116886986303,0.748286400621056,-1.33053759080084,-3.09124730980639,-1.98916719061751,-2.54445266051243,0.223598852219634,4.67619663765831,-3.57233299011085
-2.02956224629079,2.95715226306882,0.0613603325367962,1.85986300674073,0.927552552995681,0.572636053977763,1.63273205547056,-2.20907057329546,-5.47303820596929,0.253519914017356
-0.655567098341783,-0.414086427712926,-0.338952959687997,-0.91876935566053,-1.10325734199047,2.41009954141009,0.205272938624185,0.949299125546557,-3.1003025452442,3.57618644078686
1.07648522715098,-0.278004799678465,-0.208572680530618,-0.190379441545884,-0.555116257417548,-0.0723101831436477,-1.88283336462186,-0.233153652350273,1.62388392071079,-0.492097697412306
1.49457485840714,-0.33605850703219,-0.855483568917186,-1.3344167668036,1.62616657998164,2.0536168053772,-0.2091130409812,2.47380755069188,-0.781994249855668,1.75837400645322
0.983992879577808,-0.611063494623517,-2.53858528691318,-0.379995041112485,2.4801776726875,2.28576268259558,0.192391474768216,-1.12003382675268,-3.31598737371781,4.30897076358522
-0.0576064624674153,0.335720963648174,0.98161995706679,1.19147434583599,-0.205894546113783,-2.49544565825225,0.320533502108088,-1.62273367920066,2.15118581577592,-1.51546226975493
0.146941898767074,-2.15193191359836,-0.819886378910047,-0.757938174067906,-0.741972296672451,0.907272799511195,0.405969312812448,0.0653499134686378,-1.04006600646849,2.85465433139051
0.603717035462093,0.542270716781482,-0.991424178227941,1.34410660521633,2.77777540199553,-1.07596518049311,-1.41719729696363,-0.315563930072792,-0.565013255930266,-0.125533407173559
0.231195690172955,-0.87181211654411,1.64481360257981,1.07731708675056,-0.712893600432833,-0.888707323337312,1.18774343097393,1.28424396058788,0.475874225084178,0.663956386214834
-0.723213727472008,0.162331281021881,0.0369787391011726,1.05294729540103,-0.198100457485157,-1.7141132270694,1.42399267088978,-2.41388016792368,-0.942712334584483,0.443450935468267
0.286023506310307,0.214147475518795,-1.07791754195928,1.71501187134966,2.42817762157696,0.746219590628734,2.61853696311381,-1.07011096406739,-5.58810496822374,6.55369202567161
0.424088902932665,0.130658342362937,-1.61424547856857,0.842739836570508,3.54235818626404,1.835036525902,0.846780430735351,-0.201736254258218,-4.93698293351667,4.44239360870334
1.14687796499098,-0.900432967662125,-0.970351745829392,0.854590534331614,3.74025244827251,1.6039361766865,-0.109084274397994,3.82308870511085,-1.43668365409794,4.31157855695708
-0.743569649616871,0.570277513636668,-1.12554755302775,0.717075763423176,1.87776116688781,3.63526156071312,-0.334925499004558,2.09189027227754,-2.82892399302924,2.4107105345403
0.337398261028839,0.252171750549567,1.26186826888914,0.0932853804836175,1.19754834577832,-2.09584330556307,0.0837182525468742,-0.580047647680686,3.63990629310199,-2.77973135153635
0.70041807948449,-0.0751369370641438,-0.0413235572808459,0.288024024852701,-1.10522809784083,-0.451870121888987,-0.0354810570366895,-0.234685530511553,-0.416188560239206,0.639927328978459
0.915347014205047,0.585639314372793,-0.724106065272393,2.63254136229434,3.3421419521853,-0.0759836936324601,1.50245797773205,-2.99993703031459,-4.09636377614196,2.31196226368794
0.783412148980474,-0.9047347728741,0.798309111541423,0.820850895212504,-1.3651469994135,-1.31126777380008,0.635760762492849,0.668282558808192,0.158313758039048,1.82566461101595
-0.523064570012858,-1.03192364670922,0.101195465871624,-0.444679801472047,-2.16805230823881,0.377854649701524,-2.09981084673549,2.67795325576562,2.98071346859957,-0.553324443624349
0.168611522113827,1.26117889505531,1.55700692772638,2.0303314929812,-0.0991677202897362,-1.45138441460334,2.74180157524585,-1.75671284052495,-2.29842950799545,-1.23535119373746
0.524847324937362,-1.33359239558334,-0.473194016600764,-0.365866809929907,0.0472944377116397,0.631831619015581,1.26958036952364,1.4345275078794,-0.466443204491138,-1.56011460770432
1.02351167301631,-2.0891394389088,-1.02231372013736,-2.3871452676704,-1.20112809453457,0.0264880395103841,-3.37466982166068,8.06037627811206,6.89253096870958,-1.74569632538948
-0.68569812952668,-0.679084515392467,1.67936877547707,0.130451577316824,-2.18255808696054,-1.75523971939945,0.698429476199308,-0.531395169316697,2.34827831915756,-3.38336264145739
-0.704499015067886,-0.0593271789958623,-0.29638220085333,0.817163610076424,0.398869042770724,0.161120465172438,-0.0416218192693706,0.637297209164885,-2.31504726595139,1.60702383592339
-0.468593793107957,2.41823967406251,0.688238830929149,2.53131010010151,1.85868460776369,2.2522514597693,1.56150951954441,-1.07587814517651,-4.54927185289386,4.39643341512966
0.358962783437815,-0.643289466911831,0.881644975197244,1.35753402501412,0.073643407148283,-0.650448876696117,3.60782764865389,-2.17991029604427,-2.35915289564397,0.382228011094567
0.463183134580581,0.891819427568072,-0.670666375374581,0.846851733525441,-0.270619117252667,0.655592254982411,0.22915985784895,-0.386906599589901,-1.0480302083443,0.83189459347406
0.710116495953656,-0.289181931587128,-0.989683564897909,1.53790440966786,0.209790940182902,1.25706813584512,1.47502895523785,-0.454286908511333,-3.06959211634745,3.62115935468885
0.550630215818208,0.866435684344682,-0.724106253577204,0.842781559361205,1.46478383873406,-0.473132119480598,0.233297117300171,-2.18286386739897,-1.87318863707286,1.88705528763724
0.386407991848776,-1.18867666224524,0.293864722536017,-3.46370194554561,-2.69621347912158,-0.479539916932169,-0.792013150544836,0.354064722069296,5.02323024950171,-2.17616080815774
-1.40018209276103,-1.11219442068621,-0.0135090052338769,-3.86203361193821,-0.505419923058587,0.237044657640818,-4.73584787965446,3.91953115741114,5.68413917147769,-3.12218565684644
0.10223879421836,-0.38158230430983,-0.147577232464868,0.395101745800262,-0.664017885346949,-1.2505682202443,0.894583359725538,0.0124708560281644,-0.487692293246583,-0.703505862981098
0.23395871295484,0.593747627765317,-0.352136727915426,1.39431105107731,0.565989286646169,3.01667689197082,0.801423026827321,-1.0750986383562,-5.13888865589088,1.86056155754023
-1.56526439051279,1.02328774365868,0.471612628776736,0.098922272393569,0.966783229527879,1.19103372959156,-1.14768534405583,0.346665842813936,0.713210509107473,-2.03856540660884
0.363207117638635,0.968711499344859,0.130388170847616,0.239994016994028,-0.185971395532614,-1.39157003141157,-1.18946646455967,0.655210823809732,1.00724197270682,0.234184719706157
0.91308366098655,0.350753866357241,-0.36223940711072,0.92608787493213,2.88976165832509,-0.461911835543931,-0.152833639050153,-1.29232017344369,0.652957556208104,-0.905381984483833
1.44977248998119,-1.48882744377258,-2.14464210818762,-0.76139266783345,1.67702408559393,-0.00512078368997782,-1.21237570253687,-0.406799165172346,1.60547079712019,2.31241282944036
-0.311264135260637,1.62342694924537,0.203980691524931,2.69233170818224,2.81344679498114,-1.84140249713586,-0.276608412105708,-4.00928935626325,-1.25008184169818,0.5504059590837
-0.512265296779748,1.16483204932197,-1.39544523992019,-1.0381846558531,0.0345990940053515,2.74570881682796,0.927226715288765,1.37412885226392,-4.94023421709909,1.05115837657586
0.412610381994915,-1.42507342558658,0.253369828706817,-1.3209382925543,-2.51290693086659,-0.9817260155445,-0.506706691464129,-0.520259557364904,3.1010316701677,-1.88772596851992
-1.10514766684952,1.20755919018841,-0.549368040636251,1.31851106446502,1.18400658562401,0.482843770881673,0.380354131081527,-0.281527594361824,-1.58358243185956,-1.997301092843
-0.437959609922913,0.340727233269768,-0.00212737715320932,0.0785115497499414,1.13521540967554,0.71132992669639,1.19997885727688,-1.64506204654062,-2.46586729175213,2.07166419603985
-0.115424119790073,-1.01545447281084,-0.654954483041536,-3.2171436420303,-2.33720616531046,0.322212006915997,-2.07503418912003,3.30797436365067,3.68416896824692,-2.54848268830435
0.728580179613301,-0.00521865373140154,-1.41116629552211,0.0109659190496628,-0.536423054021253,-0.0376117797121595,0.113574143707451,0.558422364034007,-0.309034892330032,-0.435377013442785
0.523460334723078,-1.46212033899047,0.338398193796727,-3.26377477063039,-4.19622659614806,0.00714865988672904,-1.62366767805549,4.28366767149855,5.32111237385857,-1.6797495497705
0.129870136714934,0.408924011210321,-1.66385900541096,-0.623529288053873,0.23726873922168,1.20241483986049,1.29746200958096,-0.445136707088684,-2.65177100310595,0.929891514082191
0.0724978700434631,-1.2685357259881,-0.383851444631537,0.534048378015769,0.96816865892332,0.440808339837669,0.601262657193623,-0.883145145337653,-0.0532014919144695,0.905193584370405
0.793230146919621,-0.0592543456983256,-0.778578878994044,-1.73214650217608,-0.117563477329692,2.49194181453842,-2.39762746106123,4.90839195238142,1.94077708734333,0.883970159455466
1.02365284985697,-0.492208924060893,-1.73196693200474,-1.70312644587976,-0.431980925726704,-0.724536709669441,-2.34741057613469,-1.14338372889226,1.95790801998073,-0.096032341167664
-1.51306197368776,0.0208925843925324,0.320361260376271,-0.0950579510743941,-2.4713982333517,0.0863958579377624,-0.74195213955919,1.65946574509159,-1.36309057744875,-0.531476746934598
0.435491557510668,-1.19858578223438,0.437442550101838,0.0616255656214799,0.423730596223957,1.29404744611447,0.277331245970294,1.37302273842423,0.372039687630942,0.931266285971335
-0.811661847946712,0.633022009675921,0.634932031364839,1.24776477287818,-0.0729872083821117,0.382944221523327,1.7176287456641,-2.09636757842346,-2.80912321378552,-0.790886768538357
1.36735064410849,-0.356180278707998,2.52534666712444,-0.500704756352318,-2.27201059904448,-1.10480537662342,1.62483864557886,-0.431652587097446,3.67863461500279,-2.22955521845438
0.563267284809704,-0.609506957690193,1.18528211326974,-0.973652494367194,-2.6733410186176,-1.41892666719871,0.795393618809526,-1.7102157237872,3.23640270159372,-3.95205021507133
1.02838783912986,0.679353136024123,-0.333039439077301,0.970488220533592,0.442682483021525,-0.642326428889235,-0.481681357276078,-1.08273191099613,1.36550084424603,-1.01338565773192
0.326895220032148,-0.272567067913996,-0.282541952637248,-1.29312039746486,-0.738758303057678,0.104822210172333,-1.51607092005764,-0.114841883669062,0.995631917489125,1.35195833275467
2.1289040734035,-1.98396821397379,-1.67140232777305,-2.96591893227402,-2.86685197447458,0.941406162098116,-2.92422056377417,2.62175123465476,3.73239346052113,1.52549767457556
-0.455421416631186,0.212817590795635,0.859189761361286,-0.202380246106558,-2.42150687044954,1.34827337101881,0.436727771410693,1.81579748070153,-0.599364925296584,-1.42355053301659
0.109527862145214,0.678218065715593,1.22851179895805,-2.40976808886405,-2.88389220118558,-1.36058056056003,-2.97873698488356,2.15234249248519,6.44708094632467,-3.62649486118697
0.83792358649169,0.412524266163748,1.0090215861289,0.617760272073212,-0.0408276518570195,-1.64119494018042,1.53318085653601,-3.24054845736157,1.15969136629846,-2.49542625418123
-0.295663513510771,1.7382651627518,-0.432606436947526,2.43487464153101,2.97080309089798,-0.959469958187973,1.64653653319249,-5.05448253033675,-4.88225149392116,0.193699298069424
0.67501550500853,0.403124917117589,-1.30582040223163,0.0788590530395096,0.791866938969668,2.02143251267963,-1.42761870238701,2.856578984144,-3.31528457312579,5.11927194370937
1.37507251119268,-2.72684134520048,-0.387943884905226,-2.7095305276325,-1.70166003879638,-0.130639060786483,0.143928022502429,3.23927918555962,3.93101946077694,-0.0967908098589737
0.136889523689983,-0.906935755407523,-0.911474450566856,0.339857215382161,0.619124025869228,0.568088158779862,0.224730599483123,2.26736679063608,-2.05945745503693,1.27383676837219
1.30996583234512,-0.961664276458277,-0.280645729622161,-0.423267934195129,0.200995639014631,0.61235701085687,-0.35415733632143,0.364851457888596,-0.970975391295249,1.25041541565924
1.16575454547846,0.0184159937266161,1.72566697546998,0.946349705369653,0.211336817948231,-1.00971246733593,-1.0831572821377,2.23770584004851,2.19566326574657,0.8015009081348
0.870109806392691,0.642142098586952,-0.962724715359437,-0.0430108839060442,1.56718744794892,1.23492854157667,0.455168171783044,-1.33793697739475,-2.91785402853816,1.36923548382554
1.60323911316787,-0.234278609209796,2.37276654898581,-0.105073895971401,-0.0766498694914592,-2.81460554136295,0.530242522987215,0.165029861180596,4.84943084600121,-3.45489216872833
0.29850677298009,0.0792746582773592,0.0377191050298733,-0.0768299890668302,-1.80068362316289,-1.45338184148282,-1.06351955341804,-0.614576796315816,2.87855435901553,-1.33124865089247
0.445122308605868,0.479859528323768,0.0173973813133719,1.68520627886786,1.21539828003237,-0.689137381191227,3.14341319550108,-3.18545398935683,-3.14836872193742,0.977185161413321
-0.718479767645223,-0.365888115665184,0.387490949337643,-1.02755319107243,1.08313262271356,1.6977820315546,-0.146296132127815,0.642150659287075,0.401658312723881,-0.555150551521223
-0.061255383046607,-1.64638362544572,0.454710385131773,-1.82373540372245,-2.29454284564035,-0.628495645499994,-1.52972553654239,2.71296931161294,5.11468960452676,-2.69899672048499
0.498411051265193,-0.911182588558103,0.91379751319059,-1.00473283231655,-2.2147879654685,-1.9294153814869,-1.08476737846669,1.84648742588358,3.68283357443368,-1.70111640060129
-0.839473176677901,0.308698344066118,0.16328382095957,1.18175395610124,1.90589949440709,0.40627316418183,0.714273768258378,0.375109932497553,-0.614102584285994,0.642358508555928
0.248851402474967,-0.375109130228735,-1.84250462354123,1.43828919046406,2.44944504811987,0.800608338939339,1.92218410540036,-0.861025295004696,-4.02047375185656,3.77262823650577
1.18384196263583,-0.643530854533887,-0.579471080686597,-1.82113356019191,-2.5862805365254,0.495156428543495,0.0577593442908778,-0.207895708815692,0.613553875356001,-0.14287570171943
0.320472772526018,1.31570892969933,0.177441274718875,1.19908552410913,0.539783903908148,-1.14134487349713,1.21659285415755,-2.8212795743361,-0.70689259672962,-1.21172622950376
0.526517218982371,-1.75547060992259,0.418612948037679,-1.88912077858591,-1.393060127002,-0.0992751484339644,-2.92215869700373,1.16293405934333,5.22385014578334,-0.0190353827145181
-0.068984882765658,0.169636071124395,-0.366931705116596,-1.2225770341169,0.0867692996402895,0.195649789600219,-0.0513919944147981,-1.99931999936536,1.26696349777859,-2.7441147037739
0.876785212562783,0.324534036871743,0.141565977880735,-0.125666217058173,1.50407614786288,-1.62232381674404,-1.38859432107692,-1.19446631491962,3.81516600396805,-1.36555481254516
-0.0736309169501241,0.308815337766372,0.0717182710768515,1.40759501373954,0.129023711244752,1.02608410716411,1.12990481461302,-0.696851066200257,-3.4708135116325,1.9726227091343
0.413292229082288,0.0443367010067894,1.15606217731459,1.9899663632514,2.75113736617517,-0.0672795759554066,2.35920363348366,-0.997054135063078,-3.24932803981028,2.41496154475891
0.754927689017405,-1.85245053080963,0.115286847900667,0.0587770079098136,-0.0377267846711725,-0.274456307624945,0.0684457535486383,2.20255208513586,2.26483240431112,-0.427586520081063
-0.73030937813416,-0.366483129908483,0.402248367474243,0.764388499371662,-0.20650943487938,-1.22883779055459,1.58090700174646,-1.35132954344224,-0.971614703147847,-0.983241731238163
0.0475022637738239,0.815520756523497,-2.10735708468997,-0.397921371456226,2.28170978531505,1.25127105733421,0.812315110374293,-2.7011108970219,-4.39099117220383,2.6372814061556
-1.20528261280436,1.10186207697972,0.745002392399367,0.789755641746739,-1.05840816343555,1.65306705584042,2.33513311926528,0.185019251988625,-3.40886197423027,-0.224475404170542
0.0337562673929308,2.38820871003309,-0.572149651956753,1.1908446123513,0.167839829888609,0.895576498590415,1.45397636442166,-3.58581078809484,-3.8113097246815,-0.299873106821096
-0.657777415241693,0.656279204019432,0.520360601661206,0.350073723325989,1.28577774509657,-1.43356219718043,0.388699016682694,-1.43240033693863,-0.463590740348836,-0.482551748530404
-0.169979758190307,0.842004949566062,0.899737942395418,1.10526490544513,-1.57220975154834,-1.64481981337434,1.57099503620447,-4.43297295777542,-0.333117777064141,-2.76997197402739
-0.679715697263282,-0.83207767726078,0.132103736744686,0.146735287110236,1.51471623823694,-0.153000701380806,2.19222948276754,-2.13771123983045,-2.58726325828108,1.00846725963222
0.618500755271318,-0.717283428620571,1.05752222870116,-0.0646271262611259,-0.347358684195376,1.24743062694335,-0.877569091531211,1.769228796559,2.00344936373195,0.916596763833353
0.493321575332429,1.74073916400942,-1.06580340114028,1.89020549089652,2.08037434222744,-1.23443803606583,1.25592803496655,-3.16372239476715,-2.21533917052696,-0.301584688647993
0.787866353521444,-0.131678568860134,-1.5337282485873,0.942194542422517,2.74484824900505,1.13568716708976,0.673418328301026,-2.34531470373319,-3.92678637213824,3.34048905630397
-1.1529264899166,0.906925577196569,-0.61757536528988,-1.1643874947238,-1.35226869538786,0.165253492710962,-0.428452967346827,-1.8174992775759,-0.0587965710509541,-1.67950365089273
0.343961125836747,-1.68559269410003,-0.0714482811122198,-1.26782489714211,0.0565139154298056,0.226386820754316,-0.458112859385074,2.2972316746659,1.32416679982839,0.642008389975435
0.113781034689569,-0.15273634502459,0.518478307187364,0.712213135799218,0.564145680319334,0.216939226713459,-0.0625771594838596,1.68360432528636,1.32720330657691,-0.330103387586755
-0.337442567406661,1.48415348478557,-0.827883440714611,2.0323219938801,0.340448750048216,3.7854263245003,4.45526074719332,-4.11347979242636,-10.6967892793656,3.93740620170418
-0.990798326908618,2.46451931943627,0.104941795801421,2.46659026127528,2.12686374137485,0.370512892100666,3.83891856706034,-6.31840228700399,-8.10376250571046,0.0997009647023669
0.601556548856823,1.92062166925723,-2.53978397229253,2.00702915006871,5.25566174535956,-1.16836447166806,1.86339977570484,-5.30543936811851,-4.53295174711873,0.602989389505848
0.0732050104840863,1.10407792161315,2.67919025034823,1.48142643186718,-0.456881474706206,-0.769651923514358,-0.64199972175641,2.23840850067791,2.17821054374754,-4.44827060017665
-1.39058440580044,1.68659970085769,-0.932296907692587,1.50158246689616,-0.368633677161193,0.427512959012342,0.548657432831417,-0.439247120265003,-4.58918248667135,0.590984697001909
-0.917880197773779,-0.0497237633921756,-0.0777190462704662,1.30714558716056,2.23226180356073,3.26201074241201,0.554821606107894,1.57738432365325,-2.88540247188098,1.55479493013637
-0.265467331496097,1.05380875983723,0.748730103503376,-0.356861898508954,0.864388525438637,-0.22397530199358,1.27173151122272,-2.27543713561055,-1.13876712135983,-0.793129902798729
-0.64595339640897,0.291815613160509,-1.28941529530845,0.543879453873116,1.0887010089661,1.386078095849,-0.188736730608585,0.240457634294946,-4.73567604339298,4.65568063519606
0.436446735791945,-1.78938976092519,1.32129304933334,0.858514098994308,0.809148438275588,-0.685203314884177,0.666120729388135,2.00747153328347,0.188829061363637,0.376895121246072
0.806609296808674,-0.295531469361673,-0.423037008368577,-0.511586872693532,-1.06492508971317,-2.96458545833163,-2.23878195798738,-1.9447992150164,4.79379847558861,-2.38515663473857
-0.901866284243095,0.363909257566402,-2.94768649404813,1.55934300985896,1.82418549265007,3.22553807571067,1.47960488602647,-0.549684727893029,-8.06081440219568,3.40556678285982
-0.43274571381176,0.999955586273284,0.770298295732984,-0.19828751035376,-0.321172628921666,-0.736999992808006,-1.22890902683753,0.146417197087423,0.33064218959836,-1.57751577616856
0.173737559407844,-0.873496650976253,1.1556547428405,-1.1822217831337,0.84434941530991,-0.359382480902993,-1.79380668111696,1.84856185523434,3.92551737612099,0.0741342134454768
-0.202155427976286,0.418182879313722,-2.27478627677511,-0.958979570531954,1.65437065411891,2.46901417576906,0.320430317896291,0.454745296349701,-2.45367053596605,-0.342842267246613
0.607256391458763,0.321618300636464,1.26358397509857,0.93272566973898,0.0395990630695953,-0.39923456426965,0.280642887606254,-0.10086559464006,0.437805389342558,1.01461486729548
-0.194899016661998,-1.1889332011426,-0.131366361959178,-1.6618521169831,-0.935908281233818,0.824620109057011,0.663352711632329,3.45504773434169,1.16510386483279,-0.0500011794445343
-0.624867797163224,-0.835497982669799,0.49123416101595,-2.9967146846159,-2.9538924485208,0.0191271382039755,-2.05197030772806,5.01580519886384,5.4443248412197,-1.79066703813414
-0.722446304280625,1.03472416220098,-2.26059479965601,1.80270530657869,3.92237841830136,4.45460261280243,-0.877527218001327,3.13827188657095,-7.36640940916094,4.43766891622843
-1.04156723228313,0.653221027671892,1.35929220825188,0.0536657368404282,1.87033869766986,-2.01419529191681,0.629747582158954,0.289207780248728,0.952027887432538,-1.66819093857436
-1.07284711873412,-1.9431959157472,-0.351139017168056,-1.93005610253286,-1.33265285179205,1.95419872296423,-1.87589580011854,2.28092130503657,-0.155163965562454,1.21761365516519
0.294282265560742,1.24346341860561,-0.344206391618297,1.46414561710395,1.41968846629759,0.560093110791125,0.221863283651742,-0.812328816256415,-2.39382552472778,2.22798667732452
0.755597224510439,-1.17343780379875,2.57250542989243,-0.0657883271610576,-3.86811795211604,-2.95556586021695,-1.00734345589227,1.95301592824297,6.32548222078833,-4.82667944587136
0.791207871042941,-0.410742472308109,-0.247035491395773,0.210751698632294,0.36700033079373,-0.971290468903888,-0.710669882511376,0.932599692900403,1.46635241232844,-0.945444533836644
1.11954259672603,-1.74042067232224,-0.229079812982724,-0.770469954040825,0.0945747918667369,-1.53484273616582,-1.60170386207259,2.06592677940927,3.99342382348869,-0.111302136118685
0.678054583477483,-0.51815197292571,0.252002549359821,-0.0752280551092415,-0.946102988876392,0.156575976681146,1.47770266905464,-1.81440454041483,-2.55262943494171,1.4165934727328
0.252523366050723,-1.22789260033316,0.476764454514261,-1.27865985486801,-0.679550782624933,1.37028212335583,-3.85741629998147,5.15811459623205,2.92916236016762,0.719447101086693
-1.73453245644463,0.852441006068056,0.335546367895581,2.15719605971948,0.0836062011328439,0.817413091277203,0.788016961841308,2.43852723820191,-3.6504305975146,0.0359329582831201
0.194811576437082,0.765668651995663,-0.88009390652867,-1.07664826832181,-0.163512527886582,1.01141773766041,-1.86236357208415,0.393897316557628,-0.901681426662383,2.00638272037486
0.333717717939676,-0.610035436392656,-0.582558042290839,-1.37924053879216,-0.0600599673123633,-0.121407335907441,-0.538544849057767,2.99096936895524,1.45358700305046,0.766233389063351
-0.515459140317463,0.360279756324781,1.58401646253075,1.01175534280488,-0.816017527902825,-1.50333895904509,1.70428697343889,-2.05719229984953,-0.782858235639482,-1.03536053870182
0.0021177324494415,-0.185469380263565,-0.224019453877885,0.591743048898747,-0.108742131774251,0.462826303290462,0.256409439950573,3.29388300461239,-0.217132877108773,0.331432189265611
0.227502810769321,-1.55185259778477,0.615228682468596,-1.91920862266218,-2.00901008146507,0.217929762103124,-1.41875491466895,3.61368605918004,2.78738055439002,0.822788969047836
-1.29346448264527,0.830805788342555,-1.36676460700032,1.21600062028182,2.07695774176875,3.1145259330694,0.538571900038971,0.486056670462496,-7.67827990220071,2.74610185518932
-1.03982527289664,-1.47969401381878,-0.126595008977271,-1.18436169445674,-0.964469835110283,0.424670896217845,-0.314996043680049,0.602697698236082,1.8100739646089,-0.552792311203229
-1.38356986390096,0.70033975685572,0.912271449485522,2.20258727913388,0.49294481166824,-1.19187917959906,1.82549836194021,-0.0732367380775447,-2.40264701192647,-1.78718971844715
0.0562720504097772,-0.397713134368443,0.47880120475881,-0.52428900782621,0.153720537205679,-3.23295605348927,-0.232197357798177,-1.60554725363213,5.08065957948253,-4.29218641720167
-0.431249717265722,1.82436185482974,1.14871346637951,0.302909068300117,-0.880398036255142,-0.905076301022155,1.31889753032735,-2.51979105819808,-2.02962303341688,-0.271651345440381
-0.470011633316654,0.617394364163034,1.67567021747813,-0.0704993855630375,-0.946154037456036,-1.35447743493678,-2.24429714221742,1.24970153224506,3.41044959319864,-3.15400245325967
-0.277250163398105,-1.56873757339649,0.00748022930647174,-1.56225841384151,0.0440914320801217,1.93535186706476,-2.08412987171972,2.81888144264087,1.19847804057638,0.575887765706667
-0.316666850490006,-0.814059929134839,-0.33926578595163,-0.617969437796605,-0.694839711772587,1.93820272645716,-1.35653815835811,3.54347880326548,-1.8034318170788,3.83591729879189
1.81640738855727,-1.21420951535911,1.1260272943033,-1.46847369550427,-1.43910435965097,-3.1957219738519,-1.37293929734514,0.741508667960919,7.70435984407191,-4.82694782438079
0.989280893155889,-0.240871095615704,1.50097470091703,-0.494434582634502,-2.9485313252634,-1.1701575480912,-0.496766625193503,2.13040265227455,3.58989588017239,-1.62549268834618
1.08421069287975,-1.23146376985179,-0.162994208862187,-1.21995901361911,-1.24860048593887,-1.54016285009754,-1.29992933842279,-0.577897009531327,3.32902682931064,-0.5761101314097
-1.44622008001585,-0.0902375278451291,0.79630958465589,-0.38179192616899,-2.27682745359366,-1.55245317773525,-0.543502167766409,-0.626748817418213,3.14331793726451,-2.03682807143453
0.407898305866965,-1.34707982770912,1.12897138943754,-2.02157950449885,-4.81940191684827,-0.439725859049508,-0.854985905869969,2.94973917847994,4.74203933329798,-1.95265074234329
1.63710759408627,-0.102145768543404,0.429495772541354,-0.268187766465923,-0.345622768006692,-3.05050664110827,-1.45044687418767,0.412025916453628,5.75351216396704,-2.73611768008048
-0.64032603711783,-1.6632979889478,0.140201234674919,-2.89519704352795,-1.55536767839839,-1.06109703668299,-0.818340890037103,0.0982061833236403,2.13246114005263,0.0573871404959856
-0.577653663471712,0.454641687465686,-0.11781879826352,0.360957024211607,0.0260034701817361,1.38236429256559,-0.128039581817275,-0.00750594973533649,-2.54417868283323,2.61060173524069
-1.09155343911149,0.625126579066613,-1.0376343980676,-0.135689061514992,3.78060143012316,-0.224528429503687,0.50211160719593,-3.6519983769301,-1.56403926473729,-0.292577376536345
-0.333628836213452,-0.0602739445318155,-1.14277627384378,-0.745323101761182,1.48606090360619,1.05007614964005,-0.548378905989594,-0.231590848474484,-0.198320685529571,1.74704840825722
0.0866312796329865,1.03728044432053,-0.297145965149509,0.415396000354979,1.6422974066286,0.419165519430491,0.0758334794382474,0.0962521125501377,-1.72959404842391,-1.12166943970074
-0.175793390002021,0.035375303459604,0.665639980967309,0.505878073760489,-0.671686187915897,0.112831323573161,-1.13881638094754,2.04090779629871,0.792041668579436,2.29539057512522
-0.46744070527219,1.41667438090878,-1.11090827296519,1.03003217889921,1.98062820731609,0.126008339955431,-0.298433261308179,-2.05936688735578,-1.68995043380436,1.04686557033212
0.805488411912101,0.0416291021305313,0.399335036044197,-0.32759184661697,-0.839107578880006,-0.978716846283446,-1.29053612498281,0.498182588338129,2.26521081201262,-1.88231438737117
-0.0918111149289816,1.26833246247849,2.12681034500043,0.332382365334062,0.272725704084253,-2.30399866090965,1.80154432181816,-2.44741875041485,1.92908505095166,-2.87663427508611
-0.138394259923533,0.455819761769684,-3.08444072221677,2.33906445738948,3.7014495011732,1.63963208790366,2.38740595946862,-4.97570884487442,-8.71176812073942,4.81783018785837
-0.531622521600018,-1.72963926091055,-1.759353698296,0.814697943143635,1.38865443856816,1.30436006026276,0.451967616896125,0.593321152420337,-1.60589153529257,2.58276442695852
0.691542812265054,-0.0263678607133113,1.09995126637956,0.602803739142748,0.301295006626669,-1.0157114281764,-0.736200605370601,0.303606408245246,1.85035338963725,-1.65079966183383
-0.308355597795279,1.64495255015687,-1.37488068445178,1.11569384152624,-1.21421316745032,1.55598100156909,1.73501779582621,-1.61253270637261,-5.87007952976383,3.32406621314527
1.08580635964109,0.588504159778704,-1.10600622157986,-0.391209666695046,1.16764106139342,0.66540911831939,-0.38516466016335,0.164429620551579,-1.14074296721236,1.39431706229786
1.4088894022571,-1.19484683292868,-1.14354114018871,-0.0588820958461626,1.33122613365622,0.404610607153875,1.32485454997507,-0.833443248762242,-0.947397482610409,2.19637769785273
-0.423951175277126,0.915685103016439,1.58970909998542,1.31221141799303,-0.966909418602289,-1.52223269985113,0.968081284428444,0.772207772084602,1.30442614951001,-3.16745942971414
-1.27802725394086,0.327456015022787,-0.067440094638041,1.55663219422666,1.39034556187287,1.54772071799796,2.27755582247875,0.22699906353135,-5.84960326871996,1.91239236441547
1.12383344635155,-1.8860471191374,-1.90141170974886,0.58152784452749,2.7869132132779,0.919118380481341,0.919674137612487,1.09099629261901,-2.79869246206529,4.25817536016175
-0.0238352925223701,2.00855291894934,1.05800068097807,0.304321689708113,0.0784252170987118,-1.7171302612899,0.0279297936867552,-1.05578363738022,1.68852820261492,-3.84161083043085
-0.661771450903688,1.28178651650525,-0.737213393675409,-0.541048455662946,0.0205618550325423,-0.227310961461968,0.939881395052702,-2.14314775293017,-2.45522015919379,1.25937172983179
-1.11636765691816,0.573909841258583,0.86255733754215,0.439558139901706,0.129092962540759,-0.390713665989488,-0.0264852056699335,-0.711922827922495,-1.41066601270391,1.05279232146908
1.73843667172583,-0.366758796703534,0.658818543898593,-1.96729236681242,-2.92597478250836,-2.71367290215764,-1.67953279881028,-0.536217525274298,7.72840861735078,-3.08190803021631
-0.142153282759107,0.709449678841855,-0.0526594298158605,0.0510734828138468,0.866794254519969,1.43689177871739,0.183913067226999,0.344210958201443,-1.69570532478976,2.08717307775568
-0.787402538165097,1.0557383621217,-2.05633747725149,1.55852834380751,1.87391511182736,4.38560408259729,0.149714200263001,0.591942333509312,-7.08621115210002,5.36620681837282
-2.35998605922814,-0.115697169287938,1.27368527423247,-1.21076503323569,-1.5111355639457,0.110398943771793,-1.19826172159656,1.26456434627819,2.82495323673277,-4.53856916020079
-0.196084052521854,0.257091054097712,2.14400996491408,2.36062667944217,1.23912965683367,-1.26278843742463,2.8285192339845,-3.08989617574708,-2.65355425339351,-0.635269711944364
-1.31131338647193,1.68132742497891,0.596283051877845,1.82451076460893,1.40736877511953,0.975492927275923,0.892686785677713,-1.83304826045818,-3.68267962316551,-0.899877363546031
0.432570066910958,-0.843959725431659,1.62393879788724,0.0116921557730207,-0.597863631431026,-1.84074648204258,2.14885960427729,-2.96169027152122,3.34120281868038,-3.41159849552814
0.255561261022185,0.914712588020284,-0.898887713468425,0.697410149098892,1.64418284102739,0.508240596325868,-0.886711278819506,0.217274520130475,-0.245896564238772,-2.65408036483274
1.86474981678316,-1.25572547224985,0.329641985618665,-2.89199947727303,-3.37689273668954,-0.813087918923607,-2.34225947676728,2.74736001757588,7.84954259365923,-2.45881151873659
-0.498093905790328,-0.705646474032762,-1.21882364657494,0.639415683959371,0.658591477808185,1.73175213958529,0.12461307519798,1.45079548866516,-0.80443618219605,3.89814380514246
-0.454606119498363,-0.373700884264379,0.0170929221958862,1.4341321673441,0.449775638069119,-3.35241105107224,1.06018133252395,-2.0602949566739,0.998680904791677,-2.64409862841702
0.100282809924753,-0.713169786761722,-0.746568414651959,-1.10564946329353,-1.57419790758927,0.897344875599066,0.575373163205283,-1.0667783723709,0.0504751623393664,0.161743382200911
-0.881750168916233,1.93840204446917,0.21155564674839,1.75897117500865,1.11506776332363,1.61462960221458,2.45974299418047,-1.30119694902097,-7.15308413072987,1.14447285640814
0.312969851161908,-0.207790823383673,0.131095531123567,0.057512012327405,0.819302541932964,0.627098290103245,-0.246662608792207,0.0735399458497441,-0.332431308525808,-0.538117059707718
1.13852482295348,-0.867140188977493,2.18380054151946,-0.967512742509057,-2.28250044915841,-4.55303796951302,-0.0173041588107626,1.00007623908288,6.68964972622976,-1.97848549131398
-0.672934839281508,0.595165596584708,-1.01590586190412,-1.57712925433667,-2.12841193683763,2.14742468348715,-2.17186849750895,1.58834763877609,1.00684267701083,-0.0351739513442877
-0.35558187966216,2.04711164597607,0.0649768842168335,3.29547063369636,1.36654489405132,1.36182068203646,0.75603056079734,-1.82013926225965,-3.93012385024771,-0.165905479574948
-0.0778226213910237,-0.100123196139397,-0.596035350605886,-1.49963851386881,0.961562160542022,0.984046358015446,-0.211672369410512,-0.611791669107792,1.63039903508626,-0.686567565210799
-0.0918872545743975,0.59895717016426,0.182358708410627,1.29661987767801,0.0253782707536474,0.135921936226248,-0.155032109094922,0.277268161062964,-0.208190613508438,0.286595186716662
0.469882173957903,-0.548269709711834,0.0873588706642385,-1.17509729033802,-1.98270013193409,0.513224942995551,-1.9008388550135,0.843857108963831,1.93680660218966,-0.253935945380317
-2.16081359623806,3.46682985114186,1.18664327360629,2.74503568344289,1.31315244771315,-0.502360139366843,2.54247861349602,-2.65382839712626,-5.24706104593534,-1.75464237695103
1.41450083669395,-1.63853191882601,-0.929048609540796,-0.624748380809259,0.778931452002102,-1.27376565560681,-0.560576787701035,-0.284075743275776,3.67938030563668,2.51264160117712
0.0235320212193803,0.583686527748248,0.908742740689655,0.514856628603688,0.892382555905422,-1.68050264580038,-0.0173200032159569,-1.16798615395837,3.62633184338524,-1.77804366736614
-0.385891559099937,2.47838933614135,1.15209580335727,2.69783666582836,-0.0587796160834122,-2.10855140090497,2.47897944309691,-5.83318144648557,-2.6953404698245,-1.63768764394636
-0.510282144459891,1.03967691282626,0.331121244528092,2.10879725985753,1.37675045276016,1.57669997860354,2.51189929021,-2.93877257812128,-5.32730213521705,0.179878250515659
0.318218301518669,-1.36123101370999,0.0109548878088036,-0.818860042397944,-0.706062517170313,1.79679375013141,-1.60704417215554,4.46015655775691,0.424361471816916,3.71031635717319
-0.155945162868201,-0.689218418398575,-0.52244106236153,-1.07137797860423,-0.625100016516946,1.21933601040618,-1.01356305113035,-0.395630309224872,0.986970531550483,-0.754940337795797
1.17662245932482,-1.138838303737,1.39957292302968,-1.00929286976604,-2.96133335678712,-3.25491806020398,-1.22354516298033,1.14677200264792,6.36847461018628,-0.438199721323659
0.393424847424662,-0.399919079590895,1.71364675637265,-0.212354003899741,-1.81606379490115,0.920797727126365,1.04205809276882,2.70688888790578,0.656612475116504,-1.64032141505265
0.931243306080633,-0.714448164898895,0.998585012357161,-0.159943583556572,-0.675153865749551,-2.03146038885382,-1.53433109883564,1.39716644310259,4.95418424031165,-1.68992210220655
1.72076614363008,-1.73970137440702,0.168583232490833,-1.77111142662529,-1.64327539066891,-1.06156028951773,-2.48694557691555,1.70787985311171,7.22882102156082,-0.285979501359566
1.86838930797948,-1.5182716300854,0.314430793327887,-1.06843915828246,-1.72123377338771,-2.45534366488127,0.952370058167885,-0.426051990357052,4.33559874504294,-0.226680033839885
1.01216930651063,-0.514128835842238,0.189026464910006,-0.0917714658091395,1.21901908026031,-1.14420939983224,0.462376107553141,-0.70465299505645,3.08570619268698,-0.764622930443465
-1.64646728531005,-0.113576638881898,0.757458703659683,1.34552437156018,0.617151371917072,1.15419067092153,0.115225541669602,1.65329668278547,-1.9012432896054,0.0783163541678605
-0.14081183467188,2.08772216547163,0.605528420227791,1.71478112776357,0.661903849054538,-0.662904782005597,3.12710233035114,-3.38751160707369,-5.32006450536923,1.36854590858626
0.788945937284907,0.73384965280291,0.605357713877262,0.197483559017569,1.15631407165784,-1.13336041783587,-1.06184163021971,-1.08082870028638,-0.0284001889151994,-0.882534818413858
-0.302563979745769,-1.49615891240248,-0.0458242665151116,-0.55885639185499,-1.28798217995528,-0.256219234886433,-1.33890112812742,0.93293886600227,2.83316458947192,-1.36604846812964
-0.0456868432232755,-0.415174192256119,-0.0987395035854302,-0.863175448131333,0.769784109206573,-0.356049678167482,-0.136045248687601,1.43279474587861,2.85482344063126,-2.20986579375207
-1.36528574332208,1.56713439573348,1.35947736642942,0.239522637880798,-2.70433886630586,-0.194533838129636,-1.79379639407161,1.37198465976747,-0.362485768454021,-1.84509428287319
1.60718905913524,-1.68842132992998,1.01297155402417,-0.248343777647319,-0.118532964432268,-2.57420556624823,-2.60793624355294,3.59644097785266,4.93111687809531,1.1370470396275
-0.310662208001015,0.568363580709162,-0.616003526585408,-0.109059605802388,1.23033557829983,-1.12781978557056,-0.43705027124907,-1.33132052417466,-0.516954238736277,1.2158197842591
0.446463615867345,-3.37668134605281,0.598147216018934,-2.34531829971707,-2.51712075758469,-1.3486168267558,-1.55425549894543,1.98030857115227,6.82560464043093,-0.922976303022054
0.25305010024114,-0.383075859177744,-1.572700379087,-1.18757930926915,-1.30248414427739,1.09745239206136,-2.14015910634031,-0.157704169050872,0.24802718079261,3.85441925841925
0.29355673788253,-1.13331360024523,0.320400868967494,-0.166488533248778,-0.174248372073464,-0.853491478489126,0.0337452137191697,0.160046997733712,1.83753131234241,-1.85091473582871
0.320517463179355,0.690292247000565,-0.632540056470551,0.0805421731231631,0.478370158959104,0.0467907190146717,1.26919554896234,-2.03707960682603,-1.46421268858511,0.527102535051469
-0.144576478395253,0.0644675231611577,1.58520665233346,-0.355333671050966,-0.563110253928785,0.82861766663978,0.348423806691937,0.0465559229408461,-0.0752700750085836,1.75370311262871
-0.906823024219478,-0.957544103621761,-0.782499404759743,0.796498781928295,0.963241594207263,-0.797011115637881,0.208942291203929,-1.04393043316823,0.612307735387312,-0.212575625078756
-0.549829167912079,1.72909192905569,2.02426208393883,0.805978069280584,-2.08756547230837,-2.29134481571746,0.0752418563924576,-4.46593518697456,-0.747879496768926,-1.45202267751665
0.229305258245437,0.624650501833657,0.285162518407984,1.22156551089732,0.816288142559027,-1.68225562593192,0.495809037689027,-2.10987108462763,0.737298487999579,-1.19912049029601
0.131742920461185,0.988289715712623,-3.07386236082451,0.182158575626699,2.67455577733112,2.38660805910029,0.320037424655971,-1.01952797086623,-4.96172663931898,1.18579515888216
0.578329019269423,-1.70306433644179,0.566396264686514,-2.19474148478549,-1.34355951333848,1.0298739688817,0.123825856772538,1.89803060823917,1.82867945420072,-0.224811804675013
-0.118382197565046,-0.251099937872742,-0.384919310118367,1.8169995784425,2.71827310886944,0.333795731171684,2.33179390447433,0.437529340092423,-4.68529617269191,-0.156431160030079
-0.145319302721388,-0.678026826789834,-0.95166601385006,-1.1014938286956,-0.937055148494581,0.517400217118804,-1.05679006078386,2.03613071471924,0.61045687201465,-0.815963341299417
1.3115356675366,-0.153120822792955,-0.211785122084467,0.844421558290194,-0.107747218478951,-0.285633165644365,1.02578125580873,0.97775224784869,-1.90251665156404,1.25554363306469
-0.162923093352847,0.959096453267755,-1.08878558448392,0.969775696712311,2.09260282745708,1.05271540456089,1.74205865959976,-1.75551234127628,-3.98958915432176,1.29765512995793
-1.28961758454505,2.03823315806441,1.81951678292026,0.0182019107906589,-0.662724520180847,-3.1459373826739,0.946804076247607,-5.20989105880468,2.63182588719039,-4.26581544920631
-0.65346376182247,0.881199405174409,0.323482986516632,2.86315000930338,2.18837011877438,0.269987152504406,2.29315835548002,-2.22022697700701,-4.29828551262032,1.67073340046057
0.0878140890650821,-0.734245843059401,1.99071841826248,-2.42650193350912,-3.89160486986612,-2.17526364580105,-1.27163022480315,3.11073357685062,4.94378198987919,-4.98270451503853
1.32082611884581,-1.57244728697653,-0.238844367963075,-1.36089708535117,-1.48374706668163,0.959924943139236,-0.899630892241112,2.68948320225702,1.92988543095228,2.71249767096087
-0.0545035350158949,-0.770985285247934,0.975193882393861,-1.31990352057725,-3.06986330378325,-0.377634343136533,-1.25705777922984,3.64790343874841,2.06928125900152,0.553033979710659
-0.723209468245337,1.47301771029403,-1.14311297208781,2.0751182439585,3.27808182624356,0.527906177097646,1.3517992751039,-3.12554816202186,-4.4757277739007,1.60846389871376
0.105029953538034,-0.367323373692784,0.47787794950727,-0.114845530559755,-1.5140961076552,0.219309079193582,0.218882571348245,0.193153359011842,2.24068240361381,-1.68527440305816
-0.739566910798268,1.07146400017036,-1.44747292309673,1.12108766408038,1.45324977363703,1.59645454184037,-0.177997807795527,0.152616602355228,-3.20405937309399,2.01357205986321
1.18299049936572,-0.129656294640302,1.34607974913385,0.271812130510921,-1.17006272189535,-3.38627757328212,-0.935193853413651,-1.62256974893803,5.7987848584164,-2.7745834636735
-0.0181583424934728,1.04737816685261,0.19906322572867,0.420588367491808,0.804381909203867,-0.00552550203555919,-0.476357263889766,-2.79101352067027,0.123547231594998,0.579158903627219
-1.60080476471255,2.82824137258734,-1.16381541558248,3.98185419658295,2.78457445642104,2.71636657361469,4.29432161246326,-4.60241995718172,-10.657246854205,1.36625114149736
-1.52941542418102,0.470860256266948,-0.135925667301579,-0.245124631865738,-0.0545931723207602,1.83864733419735,-0.265878467638208,1.53141245568294,-1.89082902879812,-1.37993634728587
-1.09087441378921,0.522114478559176,-0.389309065834729,-0.591193735419942,0.545803404897773,1.09874046253274,-0.412948962259483,-0.422758239550515,-0.763467595875534,0.60413122157119
0.784509385590124,-1.37591647472693,-0.36266319929123,-1.99814563107634,-1.06014540671587,-1.1929915730643,-1.6506359737423,1.05989161712913,4.57010145983874,0.0429499910170347
-1.41703392528138,0.132701454942323,1.56409223800203,1.02499866455667,-0.458926468995012,-0.322872495797589,0.427978998697224,1.03473684266155,-0.450730249416256,-1.42337329633668
2.15621545388854,-1.13345113384835,0.0565386298741143,-0.381224891066415,0.459026167470191,-1.33989680096769,0.0276029854267011,-0.300011929123075,2.11409527901734,2.22534266924317
-1.53328622904418,-0.229254952715066,0.387314227679958,-0.634984937132565,-0.657402199780431,0.553863473814585,-2.72214897126339,1.90619769025999,1.48721847032328,0.227691901162544
-0.932098593260418,-0.470877324833911,1.73280592891617,0.373663401972841,0.0642783932922543,0.107727275902011,-0.0733364093878947,-0.192206414772358,2.96999872380099,-1.75350038979469
0.0711861992928429,0.677178951725821,0.744611322514712,-0.195085267352962,1.33375977714241,-0.892126039537719,-1.04781751774585,-0.441332118182423,0.83714358658509,0.791757730977584
-0.830222217723167,-0.894786739150792,-0.531650746727658,-0.0427290285110052,-0.746951930083363,-0.160815217535547,0.226631720782556,1.11750062007792,-1.9461012414769,0.818564720334934
-0.945807811751259,0.184540976433795,-1.42074642809753,-0.423995572575295,0.489107916177496,2.02952709357616,-0.942018131576531,0.368160166528296,-3.74455808505134,3.37202338049085
1.55379042565147,-0.263622892272847,0.801507631779491,0.175737401438893,0.118345579647493,-0.536398368109126,0.580147125115106,-1.6548388961777,0.840819521049797,-0.656476675776809
-0.961759613234911,-0.459566319753099,-3.07745704159337,0.392524264931735,2.40832127717037,5.23251880565788,1.38331005192735,0.430684531161454,-7.64317673068944,5.44367187249814
0.602096764155199,-0.271010029444906,-1.41659734179872,-0.625465275999295,3.32302728477492,0.611450524856793,0.0529710687122916,0.750245887942818,-0.930272217169059,-0.26509016103033
-1.70528031200852,-0.372213777435431,0.201934066452672,-0.504782403193646,0.338865194567616,0.358216249105542,1.73165979736544,-2.53051148335542,-2.78017906507367,0.0503919297022418
0.902584971483498,0.174089853844952,-2.04074081675451,-0.0102591132760964,1.77575408362451,1.81465445457044,-1.14672526340232,1.58506934553709,-3.65134773842321,3.88210997052261
0.553533320521442,-1.9174838985986,0.119652916605379,-0.937509205712903,0.620238649531708,-1.20599934802685,-0.0966408727948511,1.55866683705456,3.28119480753425,0.582537659993724
0.440192533516865,-1.96946363721578,1.21452752578462,0.199364666010974,-1.75776142738852,0.91583783971381,0.860459361516395,2.48333309555133,0.662017674528661,0.57173853689428
-0.121268993307704,1.36256748467354,-0.587280173633676,1.90553564152746,2.0016161920061,0.990996470090787,0.736684728167948,-1.64561060114294,-2.35912099776593,-0.63396633592676
0.339380021695961,1.46790543821714,-0.43951272688601,-0.33906989136805,-0.479501891815381,0.102200385010103,0.891605043761839,-1.40903844320137,-1.84922690326586,-0.193436619508041
-0.197358132686097,0.533435018140539,-0.0199894013938734,0.525381974195465,0.140303546375507,1.56231230381298,0.19817309047939,-0.504040700456151,-2.31972765783639,1.87927469980183
-0.595070281334111,0.608845191758463,0.507578075362563,1.32020453423746,-0.146984668335399,0.976806107783821,2.20939422858318,-1.07847368490209,-3.31308903352082,-0.894399327758516
0.659611758256322,-0.64336128968978,1.70553063787718,-0.870100274488338,-3.56531280524317,-2.61388097002603,-0.47398571661607,0.845321099526644,4.89689351554431,-4.06864423746156
-0.373018454967133,1.65941432049779,-0.188191465032381,-0.064699138671134,-0.393885369487576,-1.27407420766019,0.159906268314581,-1.50830313075743,-0.222142990246259,-2.40000226382093
-0.274104654504685,2.0359857600376,0.594219788973677,1.97086147333944,1.69176155735339,-2.10858133480778,3.03297258627013,-6.70235349629661,-2.77408452170233,-2.15354820692824
1.20667649318357,-1.55809165605705,0.234661850787036,-2.92917790581755,-3.29813481325761,0.24978065558072,-0.05012735080555,3.06053329111219,3.64109562010167,-0.871095185010832
-0.715175386184942,0.986043650375278,0.0254115141575626,-0.327654914993559,-0.0426394050191919,-1.57036527639889,-0.282328127771383,-3.04470301523297,-0.475750987111212,-1.16773677829839
0.0694968724860599,2.23811136226993,-0.26391330755994,2.77496020941394,3.06321620949956,1.5049946187223,2.68475233949619,-2.47027895884722,-7.96762409433285,2.82951324297516
-0.52862910267973,0.261484793073935,-0.0640678378016079,-1.01260164836337,-1.33773535612897,1.29633143009278,-0.769991388000919,3.13495475551583,-1.71985743213346,1.42434427915438
0.97084399869819,-0.439280231445626,-0.721417663497781,-0.366888324550403,0.568631360936436,-1.476072927876,-0.637303205222644,-0.491653387157757,1.64667029272686,2.31250074580493
0.854445310169133,-1.37419138726345,-0.0973492618925951,-2.29984322972719,-2.36927420538157,1.88406544800872,-3.40741746258456,5.38355922192087,3.33669073351975,1.44131570444905
0.0794142858622992,-0.638103205623538,0.0664933847027394,-0.319995804752697,1.3207828520445,0.109531067633134,-1.04366494396442,3.07301668514061,-0.00155632619703552,3.10152996692605
-0.635565590154867,-0.362764842741879,-2.31445585184741,1.44371833234346,3.13173243257298,0.898020896853994,0.40452241269117,-0.21021636119084,-4.08616494605368,3.34195470378165
0.721347076732268,0.0975197822640225,-1.57349647708416,-0.0826846306523139,1.21126197607706,-1.22179558491058,1.20398878403263,-1.22968363867821,-0.941493262947309,0.817405549509804
0.641404295299283,-0.792570923500324,0.413234966062997,-2.45554278813999,-2.28857274890268,-1.22026122118718,-2.43620057347767,3.01739129939296,5.08803155277897,-3.2808601186915
1.89181822006803,-1.06098075055329,0.470387154573888,-0.771932371606147,-0.953475560010723,-1.06959951389236,-0.859649236566203,1.27195164140925,4.01546244187357,0.115538198034414
0.121527119557477,0.172439779065514,-0.926722804761139,0.125406612505204,1.97132050116656,0.544775039489314,0.323993434440545,-0.982482726154135,-0.880275204347314,1.95157339762344
0.711775545023643,0.418856584095847,1.24476527974299,-0.786367486105949,-2.45123233071078,0.0194286713513837,-0.700365739549925,1.20081327676896,2.56339812503997,-1.29439724884192
1.35090369932997,-1.17672627935543,-0.648991421045844,-1.45536634804435,0.9836650519228,-2.34522477646391,-1.41328276104518,0.0265025927610725,3.42529978321193,-0.155584838689125
-1.02777510427262,0.602698341419048,-0.371669641643909,1.8061622893283,0.0148787233101917,1.07885944696673,2.57268995970634,-1.45345917538463,-4.74494654879636,2.09235840621602
0.605443305737107,-2.00401672295938,-1.98632657014287,-2.5620568162777,-0.376505616044261,2.00129175837968,-2.5507081285555,4.41322998338474,3.56120864197749,0.966253147663131
-1.73249539153476,1.76341519014917,1.6333993757056,1.98117064753545,0.179397385581119,1.48083912960832,2.13712301496447,-1.81303801790698,-4.27528654318196,-0.765003627856995
0.807573745254173,-1.02562902259903,0.499944626003968,-1.41232182046808,-2.76094313613299,0.877925574431941,-0.556902620680058,1.94328283999819,1.74300647637164,0.437541042862682
-0.18825114882355,0.32995932679486,0.95547129929773,-0.619164813627071,-1.39938002420887,-0.247598929323682,-0.420518209586388,-0.336054263105483,1.15256369453279,-0.551653407672203
0.0812079893345334,-1.07399965876541,1.87343898273245,0.500978775997611,0.928794431692826,-1.43609732932756,0.479886596276973,4.13536470744721,2.15821878807344,0.100669461704321
0.333414959044084,-0.286250304224228,0.349915140763158,1.13518044325822,0.785362502332414,-0.230778800669046,1.83374912480671,-2.26163361193496,-1.07297766970619,-0.731862901417931
0.0521287278438294,0.654354623376654,0.978213084544391,1.518266691415,-0.669501108268691,0.22102319341021,1.58003134051595,-1.68976328543069,-3.17668092130264,1.75907888803398
0.45621460560307,-0.103269236880339,0.822620140687447,0.872961282344672,-0.266224523829831,-3.8908891583148,0.294740663987625,-1.7339622959529,3.80295704074639,-2.87740045001646
-1.07848881778495,-0.451023929913104,-0.57807197218778,-0.0380150831753059,-0.844671686791463,0.418232962076081,2.01533937096965,-1.42802247427563,-1.91216014278356,0.264352396865406
0.88325001650879,1.36899929322916,-0.0705947543304005,0.624714060735176,-0.0432365739358493,-1.7599726520792,1.79318217572535,-5.69785915691501,-1.55597505421322,1.11495193187874
0.933082302496538,-2.82094157480318,2.42700600940776,-3.74652255202464,-4.48526588022062,-2.58467409527864,-2.62802475627499,3.22696544403438,11.6233790786661,-5.67926685219487
0.584926581470061,-0.32010142386189,-1.0177673205958,0.609181300864608,0.568553974926234,0.962245744268211,0.450962956921149,0.890033718242924,-1.30812225445403,2.47269852056566
-0.267804015766765,-0.696231348233031,0.460065515430472,-2.37194360619091,-4.08049135452806,0.654239947796062,-2.18036574342547,5.12804054589477,4.75233054120064,-1.9570680831443
-0.633540691198672,1.35729234194684,-2.12175000196099,-0.813448406138894,2.36782187166208,0.364545446705701,-0.385421608179916,-2.03654022186828,-2.19310097944131,0.0388415407721414
0.66498433791499,-0.322912379488977,0.643540972828541,-1.16194438000547,-1.44540557575514,-0.490021641330238,-0.62337197370016,0.00917966813419006,1.78816961432343,0.208918186677813
0.561778132696014,-2.07473571220941,-1.78620016029146,-1.62624267136083,0.145794772023704,1.60199171423896,-0.0952514462631123,2.22722750375601,-0.764050269344428,2.10267359363488
-0.260881617828092,0.111672122412085,-1.96237979726012,1.24044460003099,3.77043986137151,2.5278691540577,0.443554164796363,0.115881852627875,-5.13466129818832,3.29445923112651
1.20700011372583,-2.33912523057,0.172234008330245,-0.935170922029448,-0.705757343975564,0.731011160322795,0.444103510707724,4.44624926513457,-0.0902041466990476,2.20791385424734
1.03971609909548,-1.29931821768958,1.73368570838514,-1.40083020003987,-2.37245346676153,-1.48144483667737,-2.46248682679408,4.30734353897863,6.3018504863278,-0.633295804986424
1.53766468372282,-1.38954749258537,0.242445762251402,-1.00879588661712,-1.45574097946083,-0.77294673534743,-0.633164153527214,2.32583092698517,2.96925307647806,1.54489110011711
1.33980770759096,1.13631780118721,-0.486682161405323,0.183536702878477,0.940347284014523,0.642413351509118,-1.05972877491847,1.11350967287072,1.83795905727515,-0.445827749130455
0.689214732689637,-1.29283835638297,-1.8076389046718,-1.73395552286506,1.03701758509234,0.61905070587711,-0.17799025763217,0.0424972649681093,0.332145457846292,0.917282331867224
-0.363857719462945,0.296211813187098,-0.252559803273512,1.47928459816677,0.119605357770642,2.26577095551044,1.58590846441144,0.941344530261602,-4.55240081146353,0.262610539566906
0.608987224804874,-0.212401453242701,0.0380305617940321,-0.432951601399988,-0.0674180715350435,-0.418200732633647,-1.23114226861385,-0.11103574571442,1.82979284866029,0.262790895319544
-1.06265976975986,1.04640012610438,0.422603669953262,0.9176053925421,0.290217276282423,0.928874362504065,0.788084725201745,0.62894627212688,-3.51428652317961,0.357043465449225
0.177053918118967,-0.025976491485166,2.30402425370783,0.0967790275257721,-1.60144644840427,-1.63445674024377,-0.203204312934979,1.73487290758342,3.32680537759973,-0.317059814541946
-0.135958113008476,-0.13098577243573,0.284285231075448,0.284823550864424,-1.45895520215771,-1.89520163527799,0.426582349704272,-2.08793979938802,1.86217915201283,0.376922910325742
0.64598854051079,-1.38707188503402,1.44322766252639,-2.89925564456432,-3.44903192659583,0.012622266536609,-2.46985464865341,4.02184511751426,6.18873144046925,-1.42489431772245
0.757610759510714,0.502300890300908,-1.38972521887908,0.727398132025306,0.519589713087672,0.0271390767223796,0.923188710345228,-4.29875502636273,-2.42784035734028,1.79391637012006
0.929164809546337,-0.90824891469719,-0.0386498646872751,-0.340657132557764,0.125759445266152,0.499497190025323,0.184858077429667,0.00163515611920764,1.82794202919661,-1.37599080915096
-1.18323945442514,2.03366204766741,1.18675586111503,0.963312450391715,1.71418990771375,-0.143371355657934,1.0158444990863,-2.34797157931228,-1.45546708313571,-1.97958681681746
-0.12587085431618,-1.41353105843236,0.624746740678822,-2.08078333593395,-1.58458221231821,0.785671371409936,0.246381589425684,3.32340109123902,1.94746243401046,-1.85017390995935
1.03419734233288,-1.94323962022449,0.30826975599196,-0.744471499939786,0.571213236864793,-1.08020588239374,-1.1636712720748,1.5442551718971,4.70156617567864,-0.983187227380058
0.222808066059047,-0.542095261861144,0.511562146487866,1.69224896552594,1.24092585166052,1.21993762507887,-0.333144848348959,1.90230941762179,0.427382490536269,0.144194423048212
-0.532466443761383,1.58964035038186,-0.114118346239915,1.73958776367344,1.60356950666659,-1.13635723730973,1.13540895719635,-3.26807665749897,-3.02757995933514,-0.864040182873687
-0.626343161340718,1.29998237351579,-0.0926007587459116,-1.10905376126492,-2.74656183479727,1.1560220603879,-0.0559702035422688,-0.430628496942745,-2.73569053508752,2.34681055471598
0.24452181727252,-3.25784492165364,0.334966125584217,-1.63527480941194,-1.34090561714286,1.42404193634591,-1.53626050868703,6.23315844309469,3.0835557053909,-0.116286281736134
0.440923299927185,-0.758040661141187,1.05449589913657,-0.975266983256513,-1.66408916200839,-1.38889323357452,0.310377789971041,-0.278059611753692,4.83041863422365,-2.51724264609449
-0.803136922800712,0.81934596645042,-1.47970133397046,0.507359690635967,0.612615989349724,3.03489829088573,0.851935844612617,-1.82100315123064,-6.32225160169055,3.34081952641636
-0.399031321353162,-0.397595178326441,-1.63852921124645,-1.51700781510149,1.79857329181086,2.58701506463477,-2.13574270195208,4.61165505500482,-0.173292169125674,1.3735276087166
0.621385922068715,-1.31143720092575,0.470984258203717,-2.16158434333596,-0.286318994004622,-0.989978645383857,0.336776416181902,-0.242583455677675,2.62867928342819,-1.82920879211192
0.505633269374463,-1.50797241548525,2.11546283482937,-1.81021608597646,-3.05591953349096,-2.2533504915886,-0.413018244957251,1.65488032150172,8.39461235951221,-5.44373978305981
0.563684846533718,-0.575502014368789,-0.306600606121661,-0.391380672573596,1.33495564452681,0.223345350454972,0.00556731789765105,0.184191382073536,0.15565535158322,0.483755770707536
-1.24251545412831,1.21012519915897,0.467643911541852,0.248057940073516,-2.45833445277978,0.80213927287515,-1.39652198784602,0.152062129473793,-0.305750394641009,0.290409182805095
1.43077699585319,-1.85172990783315,-1.34264374436551,0.338452719005122,0.405057993491085,0.129423653417576,-1.57280610538399,2.190312327361,0.363330521138406,2.19309553827968
-0.727261240331574,1.43982865672203,0.483141890399819,2.49600864464346,1.58066755629914,-2.2290526665114,1.37480958205029,-0.59476079366803,-2.28006941446184,-2.36901088351242
-1.08153476773538,1.34421077621712,-1.3633733421468,2.47226312521578,2.1460391559095,2.03837403269979,1.17455563615402,-1.51617419843214,-6.22535303046129,2.88655012558145
0.283368221698129,-0.00142792742059394,-0.0921282957896011,-0.0335301205047051,-2.39485205146797,0.185071077680876,0.016515908494068,2.12767637427006,1.57257901365419,-0.919774428551556
0.876512235338827,-0.880244169101084,-0.902799569908265,-0.66827455255667,1.94913294246768,0.656858944660261,-1.01423073026394,2.1989799967202,0.694144842066433,2.04144002604011
-0.83531303758075,0.549934128735204,0.475162103086429,0.283557861399053,-1.35758360970045,-0.173168289097631,0.758154412091394,-2.1745194275611,-1.85269715181388,-0.502659666500262
-0.431749944072013,1.12742565766131,-0.333935014089564,2.15998338081755,1.35449368646483,2.00023053016582,1.69531079690134,-0.859528169463765,-6.00140532326763,2.14185176344586
0.617559172266382,0.0529652479693183,0.441399724472072,-0.358812367430659,-1.75198431963359,-1.02763097800514,2.2939503766315,-2.99044427682886,0.612816685662908,0.330881924601341
-1.18006178164064,0.401759053600293,2.17374346858499,1.05938007941186,-0.574624405108744,-0.807760764466993,-1.37513931568042,1.13500683800901,0.787144594139332,-1.60601565231094
2.87240983314015,-1.37950541645887,-0.79483012762331,-0.406312431967389,-0.216694292322727,-0.945035843464897,-0.0827445134821875,0.528201524013269,2.36385614346518,1.40337821686801
0.867842981235525,-0.904838294761143,1.57904593370066,-1.43165235748677,-1.60864873736686,-1.57571730961379,0.411043338226594,4.96259136866616,4.32518394634084,-4.02482187725991
1.92873974887557,-0.191504426061811,0.280661686814034,-0.853868708419852,0.389924253027343,-2.09819547761578,-1.87743156878826,-0.147701746324007,4.60281316192728,-0.430983672621849
-0.95967189148363,1.31569468357293,-2.25464760511395,0.369718864072827,0.252825112740942,1.45639316512334,-0.532669535405162,-1.83886261458285,-3.78363078483288,1.74231251654846
-0.445353017531216,1.49492113827537,0.826110482902592,0.939997085841183,-0.307715877039681,1.24106591005239,1.23544389530746,-0.385638809238924,-3.53215760206143,-0.202307114172961
0.647253283431869,-0.703028098377235,-0.339336036423509,-1.35218205845542,-2.20440604662892,-0.0462051728021848,0.129296542958182,-0.161605757831694,1.63080290320266,0.512977643114207
0.224500408728286,-0.130185738751683,2.75505977393035,0.996911194335486,0.251627425036166,-1.00516853196572,1.39000125834336,-0.158067167086893,2.42719509832753,-2.8053146103734
-1.21191706307279,0.917082886099864,0.320104994895961,0.934833553914986,-0.166655407977582,-1.03580208488593,1.43976625475574,-1.97670267421713,-2.94657328056118,-0.83290225864923
-1.33104170834393,2.73566751808064,-0.974186404776635,3.16984041501583,4.0442936077917,1.37038249944255,3.96015405630074,-2.73539992435383,-9.53711887036038,3.1539097057386
0.51160367263718,0.426378102509785,-0.748700971330738,0.230544884423872,2.464278927027,0.324538481044185,1.99219835180423,-3.40570692928007,-3.52211209531186,-0.427984280830838
-0.606965879407423,-0.305286103605098,-0.131713377315436,0.135254805790346,0.439769946388171,2.8186189573084,1.5656123541303,2.17188681635609,-2.82910703533876,1.229296479109
-0.361172992278507,0.936581434449317,0.00417804592173919,0.775064725539216,1.74054698681531,-0.0315103439690731,1.77617933102727,-1.56632295227848,-3.08077506999745,1.20188973905454
1.59868982996156,0.583958435986836,-0.271572817050612,0.0208404820489878,-0.133397803488951,-0.148514847745128,-1.44433615080987,-0.10558975079366,1.67969313805354,-0.738489086985205
-1.14747645786799,1.99953259478719,1.26355279498593,2.32389821027121,-0.145621801007296,-1.07885965159897,2.05565553891769,-4.32807338200914,-2.74031212320975,-0.663082054105326
-1.55462130491414,0.545722638348829,-0.894947474394825,0.340500980022141,0.563115563985076,1.59720833721766,-1.10298467997674,1.69901917008525,-2.20435759961512,0.72581357282248
-0.385303949016762,1.20689381352452,0.712692081484057,2.05024545132871,1.87243717935473,-1.58208736409251,2.6363645702658,-1.62976227956819,-2.6235904410313,-1.11113978529495
-0.503206758891572,1.32079843497178,-0.390720653881259,1.33600382264262,3.42582818763512,-0.489585357590396,1.18689035242978,-3.445329854924,-2.64666268973508,-0.551369470585052
1.46791636341023,-0.324292137799087,0.314217417112237,-0.676200554747127,-2.80328725043022,-1.4360090495373,0.0283884978430138,0.152697537101624,3.23183266258043,-2.29738327826484
0.287230021449302,-0.14636719179251,-0.966750928021599,0.26169241156565,1.01198616157044,0.0251282897574512,1.8852013107472,-1.73874143774297,-1.83629255068138,0.761128967286692
1.18405620689536,-2.11511548791113,-2.15877750590194,-0.297942578190754,2.11453004748099,0.855083600850364,-0.784416440339086,2.82475865648243,0.826266098508442,3.30563141126358
0.323775271623019,0.0813559731578324,0.262722085533265,0.0874945871405881,-0.803687952816764,-2.08657640919446,0.514464867450931,-3.2426023346159,0.970381720525917,-1.63516599320042
-0.189697454041108,0.996276154578617,0.492617985525514,0.438567588279093,0.31706187807733,-1.53594632997968,-0.702183211345144,1.11492533940605,1.52839748258577,-1.56663559751872
-0.0349818784835013,0.58877303265152,0.338352818566088,0.452089063132476,0.28635581140978,-2.24028097198228,0.529667073652179,-2.70593762179915,1.89040175567207,-2.33605046237116
1.18599807882378,-0.250616554250786,-0.693566729237712,-1.61820703106987,-1.20009800919121,0.891739115157642,-2.26518959795261,-0.0773371827767332,1.15036972192646,2.55479458083125
2.05108727874885,-0.350440348956291,0.304094980829377,-0.804275708008199,-1.26127255122317,-0.952754920097011,0.00106602653118559,0.875567665184129,2.13104067355519,-0.496973832968827
-0.4123754020513,1.59565629733458,1.3306420459482,1.82645920602706,0.0346318434766206,-1.53986584745796,1.08661204123023,-0.765470044763217,-1.64957394870989,-1.80498848801973
0.302344619081853,-1.93894380821931,-0.0599202951591778,-3.04147601625727,-2.44361048842097,0.632477067281944,-2.45879748731711,5.23715708760728,3.98993684103881,-0.267990914417828
-0.690374313584151,-1.14202206019494,-0.323651004419423,-1.29768215574027,-1.12700171464557,1.60742905088636,-1.62420392136708,2.31930450574333,-0.271075358632206,1.59173565049717
-1.17782338352626,0.745846730509783,0.486881396458768,-0.770076275685926,-1.91255845378743,-0.050666704436915,0.0326950850701025,0.570322839668255,0.082265782139329,-0.30814400329634
-1.83312221980554,-1.07964761776335,-0.0244928006991264,0.0645406515807374,2.03128428997529,2.10485014769495,-0.969421687010086,4.38722700573562,-1.43033850433137,2.24180247411294
0.131739127188575,0.469128210585931,1.27840081911522,-0.448217718936589,-1.7631530089009,-0.171219557917718,-1.52710175640347,0.380881202352144,2.81643275211258,-0.630413554720618
-1.09261024409138,1.40790744866463,-0.416561138928291,1.50882882598264,1.70605897790689,-1.92860044410901,0.524769549241775,-3.28750690881293,-0.32272784529038,-2.18697570295274
0.320040278905703,0.0450012361225187,-1.29651605738242,0.117144122827389,0.0459978648161463,0.226874893487057,-1.24965356799425,1.7816927586772,-0.180246011247008,1.74445555176861
1.0079136755975,1.10308803827958,-0.0490672710529662,0.818147202286109,0.675628268413561,-0.0758689416539847,-1.60266692922279,0.663678076774823,-0.531345369828932,1.14919922194454
0.500437076870749,0.379118883502364,-0.371616678591909,0.207430726823706,-0.503002935971385,-1.90127825533393,0.759722304852091,-1.92228739334781,-0.268528872711664,-0.973370339921716
0.402481967035954,-0.674065521968175,0.0750840776884952,-2.71019152191549,-3.34564727284908,-1.96012095175974,-0.430663365501367,-0.834120857115971,4.52019417881817,-2.13598182552544
1.72892482213379,-1.09074960189873,-1.67582562092957,-1.74516791781064,-1.24413303764952,1.18244691558296,-2.80778991199405,4.49631794905587,2.92129549594346,1.13475055904146
1.25259727600323,-0.10275730453049,1.56936044141481,-1.45269484451141,-1.87205784047002,-0.26467131908267,-2.45631256263021,5.17224016822353,5.43143342544111,-0.598132899858668
-1.715128515824,1.65008356698079,-0.435602760263809,3.00911313612792,1.49059976894131,0.303955468530623,3.56081598096626,-3.62158685785449,-7.41140296587402,1.71192778905668
-0.10347579627459,0.42723601040434,1.1933733333778,0.985805730688521,0.804523454880713,0.101207289663744,-0.432677417179002,1.35226793191923,0.27795989196176,-1.34750583925364
-0.998270155139411,-0.361036318607532,0.273741190717035,-1.1060702662711,-1.70553487352771,2.76328182768929,-0.356537162798024,2.21375117174479,-1.71968428133644,1.49204544475019
-0.7468387705754,-0.0521524443222745,1.22101365012147,0.926989397085511,-0.386623384748308,-1.83427725979353,0.922464479686361,-0.857841756829359,1.71300954027578,-0.588822460960606
1.41692768914282,-0.875592862007803,2.3300949018355,1.04095875011896,-1.7966169674363,-4.23624624240328,0.947890015628531,-1.7048656014038,5.14017341109912,-1.09814732228204
0.0911062521987262,-0.229516358745911,-0.330570608215264,-1.54064792826139,-2.43706017712774,-0.137527047590676,0.836860804308999,-0.328794103955891,0.0255597526969215,0.907848852175482
-0.871972468272877,0.619145740880526,0.150332418120605,0.0190361369038985,-0.248728711531487,0.644469939138474,0.484729322914293,-2.3961876124346,-1.72390834179286,-0.379117986187888
0.0559093763737609,0.0593507193491712,0.0633087623926243,0.940842584541938,1.90036931251781,-0.0679939169318438,2.76982405406579,-2.94284003223711,-2.96699259073636,0.273616474684033
1.19451473629428,-0.949495524881358,1.19726743140493,-1.31539117694621,-4.49688596273425,-2.66513687892415,-0.40408141199613,-0.227985352910082,5.79346518814651,-4.04506334529738
0.630045083825171,1.62390933256985,2.33052737671097,2.85722241304456,2.32773972638286,-0.884227694621664,2.54786065359364,-2.90467860489647,-2.07906878538903,-0.555945831598696
-0.0544469345261996,1.07704939202564,-0.224758201853444,2.22204602205711,2.89350768045288,0.607457079219339,1.01634548024306,-2.3293222200344,-2.39821782481547,0.0629110128208522
-0.263549181965103,1.05154192138341,-0.609192872661689,0.723075953381252,0.0886476473983812,1.93215108486924,0.214607935920962,1.19298013932358,-4.92323049988652,4.16223469415417
0.0273775097574909,0.563487892755111,-1.35883947812084,-1.01019094487716,0.371426220032643,0.303722359042958,-1.64784150691851,-0.047731279975328,-1.58812964288413,2.31832474772065
0.0911936300235785,-0.8461482010496,0.42536306481086,0.0557629369687279,1.11676364412804,0.832080785805811,-0.108915113415062,2.33026756755462,-0.0886838054969306,0.868579870247781
-1.32953009747754,0.193288293409016,1.10482091783455,-2.57911463697777,-3.83388797229808,-0.133469276501294,-1.79373542930376,0.329630585290442,3.95606597357527,-2.72237438848593
1.0273333039845,-1.14768677059718,-1.27248492779009,-0.974681086731573,-0.763924955647623,-1.12010382852658,-1.17944068798024,-0.323704942150822,1.98840978389427,0.998265455292142
0.0471090748053262,-0.995242538204834,0.529785348758368,0.30395651526885,-0.467482287305474,1.87051244883408,4.15115468953631,1.24439369860757,-5.12628027090786,3.09271621056895
-0.83875762778619,1.98170943953866,1.34660716230947,0.335297070948057,0.691385290715755,1.14348166878225,2.02332713651298,0.345673461535557,-3.90194761936593,-0.487939193633599
0.59171226660118,0.122729213919098,-0.275414860228441,0.109827878140693,1.6000480526369,-0.5176902636841,-1.25672003464488,-1.53853767194664,1.57768632389517,0.619487518442359
1.1386016314062,-0.420891126315591,0.878988947898554,-0.761954823081958,-1.51789730916814,-3.23672066289666,-1.12526399050607,1.86072752139998,5.26226052121057,-2.05558037098196
0.200302737482593,-0.417267700090766,0.300889599466684,-0.391000420895689,-2.05593898947576,0.8461082090067,-0.954909015989279,2.28538133603044,0.56219406724221,0.812038225859105
0.449151408271147,-1.10065708762126,-0.89793112199737,-1.77683773076303,-1.54088011020766,-0.099668009041469,-2.28685529108894,2.74379896884464,4.54303045222676,-0.487908524388145
1.0175553967126,-2.69420039892246,0.825537641119244,-2.52527520010029,-3.18966902138932,-2.50179557038968,-2.43127018837782,2.61044744348731,9.00895450217065,-3.05330749430581
1.18922306164266,0.659749525861036,-1.20867396698281,1.95945935077141,1.86078774320372,-0.517079081161541,0.822251173549675,-2.68186759244055,-2.4578309544099,2.54189910680529
-0.607704578811035,0.251735785904247,0.0347239358939744,-1.43440722903838,-1.2255340979455,-0.126531106573802,-2.84252201003153,1.03429594687186,2.20069473392883,-1.39365672884429
0.759002912194012,0.146051666824154,-0.850980516461161,1.07297198030244,0.508070109368654,-1.10411724193173,1.89766304696641,-4.74037772453213,-2.80280005175584,2.05714363117834
-0.261381341594906,-0.226927687448006,0.263825135036507,-1.57529636040936,0.576912477737264,-1.05076002606709,-2.08385467910994,0.0611842823433639,5.55874123265979,-3.6684777561387
0.198165469210835,-0.220985450038785,0.310242404998763,-0.0295994947339326,1.30861501527565,0.528983995663783,0.196834341011522,-1.40643757209178,0.17945871926635,1.28107069677558
1.41492696914532,-0.408388257526361,-1.58875815160391,-0.582117833444924,0.460772707205371,-0.409501790859501,0.873595602805779,-1.83456252672426,0.177063045308708,2.60894210804694
1.13490562365,-0.612924517476824,-0.219056191113747,0.171790714291279,-1.10031396502065,-0.724607038461568,0.356423110932264,-1.57412097019145,1.74254480527108,-1.03541582453323
0.136509956044975,-1.01007178266512,1.24210695544905,-1.26015127494525,-1.55735128229638,0.294752436879798,-2.00127477752487,1.5642597212056,3.36710437003218,0.103037128287737
1.90970213949902,-2.34402285932053,0.614126912047196,-2.47696103316024,-2.55253457024939,-2.4754004544341,-2.56500558894114,2.30233443290398,8.2097972711967,-1.58479806468458
-0.766413407641977,-1.08187592281453,-0.20880846658571,-1.11568730965313,-1.37953435481208,3.23348675891266,-1.48958390494431,5.30702426345807,0.877016280069804,0.704962393987027
-1.10746851791828,-1.11093050910462,-1.73300858497191,-2.79117258862433,-0.356182572273024,0.450293165775711,-2.46136285999444,1.85555016938859,1.04120713304153,0.568009797735246
0.455872665084631,-0.579062054329536,0.253051183414581,0.334651324077854,0.406276001847586,-0.546486120416636,1.26600853978884,0.134444822405902,0.994626452544308,-0.447290143847619
0.307869092830825,-0.59749098912238,-0.102875685076695,-0.161973431457712,0.794710064500464,-0.923411516711308,0.353036085493007,-0.6273544328005,0.70537486016235,0.00889725597985429
-1.89501337967647,1.76360811805538,0.147332825292432,1.46196528974631,2.06858566928949,1.63702014871712,0.981673214055971,0.308081218363677,-6.27088235995405,2.07283714871682
-0.667526372304872,2.4672777038084,-0.795354112571646,1.47530934239529,1.11440626233356,0.746241069882965,2.27093870769366,-3.17578340390811,-5.16168676295718,0.82064697527151
-0.415175701835813,-1.24478808318265,0.0514761353405927,-2.50279774734093,-3.00580925713163,-0.219011925471867,-3.03506165980046,4.42613419867277,4.8159031193884,-1.98707383179143
-0.000370479073452133,-0.97420120251809,0.419868174593178,0.266500612989581,-0.761469245355492,-2.07195234504514,0.878930375232124,-0.325801347280805,0.567605394520579,-0.0838601298936545
-0.0928244047485643,-1.94764332338587,1.30205590835909,-1.26894510141063,-2.68067823733442,-0.250413374897722,-0.806774975383813,2.33627889501882,3.7976170922124,-1.08374284584374
1.31191304019682,-0.504039943678698,-0.359596143893096,-0.509929490089032,0.268849201398937,2.23603426612412,-0.967261401625351,2.05665768153477,1.27914588193099,1.57957491028987
0.245561247650804,0.228229757556381,0.303285414212246,-1.68079379319492,-0.339489776303621,-1.67829403863169,-2.6529719395779,0.252332265627145,3.64541050014009,-1.10321826373872
0.584737168539517,-0.966958417934177,0.200316108838136,-1.2511644716607,-1.02710185653946,-1.38086064310496,-1.64729066605819,0.255935210489025,5.04706274273318,-1.54772015993401
2.51391696085093,-1.38486006296761,-0.516913460190502,0.252388427754356,0.0576718675774717,1.00945589338311,-0.53487084665029,2.75060095896553,1.31560364784883,2.54483057288979
-1.73413403303296,2.58658935826153,-0.784534578371018,3.17442591975193,4.10562807433443,1.87762080870638,1.33901392749072,-4.38494817635418,-7.81588992586212,1.67670420023981
2.60636374173281,-1.58046279541841,1.44380125098248,-1.01135534887898,-2.75751198954211,-3.6365771397083,-0.975470169145024,1.04223936938918,9.01706019550858,-1.82986490219111
-0.627172233073284,-0.50223160723357,-0.405611134422083,-0.0675692909254956,-0.0274038272027932,2.33028287821941,-0.980973344227964,0.371064414243605,-1.96657805107057,4.19166295332242
-0.763312928230836,0.956908165522837,-0.349446964450435,0.433328933244052,0.577147019460537,1.84198660385324,-0.955490069236632,1.23659539091982,-2.00673677023666,0.908593334574841
-0.29750623158936,0.996239215692902,-0.12767730988425,1.09545491247391,0.900521042263679,1.14261786313873,1.93412568656771,-0.456859249792118,-5.28707346516882,4.23162103211637
-0.977789267217204,-1.18697605848621,-1.55323856041609,0.3218564461852,1.2734776656476,1.66796264324189,-0.684091615978027,0.528233298744946,-1.1940662254123,-0.20726508192552
-0.699173868465534,-0.442084431243783,-0.408357207179648,0.0934990249724462,0.384393512043787,-0.380533680292122,-0.612014158534719,0.606258038584272,1.15854434065465,-1.16664516096007
-0.705326338297486,-0.326951932139425,0.86022386009968,-0.058200543332286,-1.0819058416644,1.75217969101455,0.819146877852296,1.05977973339518,-1.43785082319519,1.05059730819227
-1.2336804974204,0.803264669469632,-0.455551589189945,1.40854419461971,2.01892494432736,1.92270813155148,1.03178031081493,0.454960883686308,-5.01668581385171,2.36970728121443
0.495514735720795,-0.741662665370596,-0.10620682435533,-0.241363170782169,0.262736015602759,-1.70109500011609,-0.207152047134742,-1.56003211311572,2.03582015225727,-0.581948511761352
0.794242499897078,0.363089311494454,-0.0601702190730046,-1.08280495367047,1.64255885713317,-0.329750752504155,-0.940484420283475,1.98578451445611,2.00003803208386,-1.13556152898469
1.78178045999072,-2.36874556822069,3.06366123319813,-1.09535175780304,-2.96924624524689,-2.44663155086027,-0.114862209054061,2.57039555295539,7.42637837424962,-2.90242127663822
1.67874831711829,-2.41735709148323,-1.52006715516376,-1.9265458123839,0.864763589165262,1.8258299624408,-0.619042568134633,2.78570372846115,0.258670603858793,1.38966773142769
-0.612184945476509,1.00326187909652,0.299954251568682,1.79601029338251,1.01476113588064,0.304970968592397,1.28790555159972,-2.84687186280151,-4.40609997903108,1.41940330896799
-0.184458744094503,-0.297130371481713,0.222561362610761,0.306876180841135,0.173027461115686,1.60710943823614,0.803175231755999,1.45649751779616,-2.59467620227993,0.74742266065041
0.546283196793519,-1.387299393906,-0.0681684275320435,0.523839122049813,2.01954120587207,0.531191529500081,0.778981951861206,0.139636564734307,0.919455193152955,1.3579721182004
-0.308625919023499,0.105475216666897,1.21705131706238,0.81428685087007,0.16313425306884,-2.45862224434433,-0.71731924619927,-1.68824087374299,2.72793277171762,-2.81707664970662
1.14150279799741,0.423364133408384,1.46258433011831,-1.65298992797906,-2.27566779006978,0.170783835348908,0.0452184720736972,0.535645483189396,2.25399564951531,-2.24903683108081
-0.845397825299073,0.486040216854934,-1.10013486398948,0.271054822944632,0.663980208080489,-0.202674152950822,2.09674823149031,-1.70650365162987,-3.38265045733908,0.032156360702606
-0.369405812921823,1.25092853184497,-0.712694757305728,-1.01608721556635,0.211640210258731,0.538092286185492,0.317909952443548,-1.66811979968378,-1.53392538127706,-0.50870624540426
2.42021670297514,-0.640534690525835,0.501160897851617,-0.0704373595819368,-0.910758514203548,-1.98171539348579,-0.15304740370025,-1.01597278069921,4.11585197445075,0.704930106563424
-0.692421468874129,1.05081785455521,0.511385956100993,2.44924786537997,1.13806576680817,-1.35899986773943,1.43306694454574,-4.89533810262,-4.21010982402121,0.75648778931662
0.767762885269692,-1.62655794099603,-0.119567584711244,-1.82125551442733,-1.07401756997929,0.418161576463461,-1.51757492825762,2.93349560938961,3.05112369673122,1.81616498642346
-0.316202800638986,-0.747973639103977,0.43960821278051,-1.13832116384291,-0.655279833851647,0.689942200087849,-1.4317859605018,3.77661272180966,1.44682178468372,-0.650043793690662
-0.261422899237809,1.04012445452265,-0.129027333538035,1.47745474337327,1.42120607369557,-0.816651442386284,2.42129545863248,-3.43396164039132,-2.22137489687057,-0.523103804401274
-0.168371262557154,-0.32611856014968,1.01202178058686,-0.193636601451717,-2.00810351716871,-1.31149143640531,-0.641244424981507,-0.214981245434422,1.68770656494668,-1.99399397765629
1.25666405167165,-1.8792591205338,-0.397654524353211,-2.4179414920397,-1.20560273162568,0.498749482899899,-2.90853503566563,4.51237121488821,4.4956331930371,0.688383369389645
0.709014915706803,-0.465791007973536,1.80948218223172,-1.11420857114045,-2.26294513925248,-1.89028559490639,-0.0492303529643605,0.0640388140094189,3.31679388863674,-1.31473800561031
-2.62850406457622,1.68496203264681,-0.305566667739507,2.5199469334304,0.601612839125368,5.27895908744875,3.81585309143433,0.432412759148773,-12.505534099828,4.26608074030985
-0.0455602687799755,-0.37843790943432,-1.90973321410195,-1.37828033798095,2.50606398849334,0.238583004384878,-0.59312529802754,-0.511796074642218,0.00513163324272448,1.70978686243885
2.07373369346068,-0.282834697499976,2.46977824923025,0.889553719635049,-1.77275794307741,-3.95569242610242,-0.430299292030326,2.00194952930318,7.20607427625809,-2.38599486628838
-1.50277011919713,1.16330103890833,0.102255110721288,1.49907525925736,2.30556948506383,1.24603411649384,2.14162156952625,-1.90081839812877,-6.05712117847876,1.41909168432297
-0.272874206664096,0.646375870883487,-0.0629364492048893,0.381832053080758,0.247954387304432,1.85833995001432,0.575268369312109,0.965580137437924,-2.77806575087938,0.756840398943084
0.330809546680335,-1.35376029791672,1.29145909914975,1.31265685326354,-1.95856461146485,-0.57206319159735,0.99516534065697,2.12069795163589,0.073139885089319,0.168898338273032
-0.343429501378848,0.54612648880254,-0.503366568676542,0.642890717063952,1.42693174116437,-0.915011067422357,-0.273248294215794,0.222275777500886,0.290460731923847,-0.381030308883406
-0.419272137484095,0.443409599543069,1.12106517192403,-0.226012971335339,-0.693744264901649,1.69478418693222,1.37901848528398,1.91477147547282,-1.59621412947564,-0.776915315165026
-1.33283261088089,0.755470975831838,-0.837745418505816,0.401961483426028,0.765827133166625,1.56823481525516,-0.462678828604724,0.00381967301887665,-0.670548225724062,-1.0798848682096
0.187813798231376,-1.91280402815166,2.23672001551048,-3.33138463595852,-5.187897584694,-2.73286657846655,-2.93679609194194,1.4799110404055,9.09356756929561,-3.3958271277291
-1.82994325410616,2.87683991093324,0.137195762983016,4.31051530481753,3.40290025209512,0.486891385765683,3.73957643468554,-4.48517899639969,-9.49805083696842,2.2317896871435
0.45895060843872,-1.36045871611118,1.80185957584964,-2.25333689957997,-2.40925608300208,-1.0019770600971,-1.42008044795522,1.57526587276935,5.73364003752942,-1.69425186861916
0.213975972148622,-2.96417428202387,3.44133612693972,-2.54435041836988,-5.50308244468718,-1.74134307317793,-1.2960810515955,3.9539508727076,8.15197031958935,-2.88231480887657
-1.73672601868015,1.01281039535123,-0.983312952654937,0.543265731768864,2.80480311941567,-0.489561529129133,-0.933587711322081,-0.221296331482664,-2.27989090460156,-0.465382828710844
-0.0733551948307871,-0.498066963950453,0.626132327948547,-0.147036909466227,-1.07486831254976,0.0181647530906419,-1.1772549210315,2.80551013603674,0.0506769475900578,-1.00306202577185
-1.78214058787181,-1.34204635460695,0.824309312126044,-0.993506210019501,-3.25953526846649,1.58091170858277,-0.622729568970227,4.10104052388307,0.300271098853605,0.13918233835176
0.284993898014739,0.0649864489139151,-2.65911712537829,1.44016528928639,1.18123534553077,2.72148514107626,2.69464036936883,-3.38993829944978,-6.70200794038289,5.27067719602159
-0.706830633223353,-0.00466434768882025,0.0217040113408376,-0.115638688149265,0.504348317887697,1.97035910328368,-1.30978725775746,2.96254102165075,-0.668835978010218,2.07545889633136
0.692798967650246,-0.477756258668262,-0.128887630762471,0.179385735866487,0.202786693900101,0.216654115427211,0.476454077095982,-2.14744924985598,-0.284833535400918,1.09417000651173
0.124397546844794,-1.18860974587236,0.256773459315505,0.040176092213123,-1.34479447922596,-0.344408515110649,-0.224004441462338,0.358950880758404,-0.276681268088945,-1.14088641333493
1.08694184910841,-2.8491932805701,2.06529680767294,-1.20805468164782,-2.25431731602034,-2.27962416296278,-0.695785843080969,3.33364925426677,8.01885975442184,-4.87023763138069
0.879137766255907,-0.562801408468107,0.537886988058252,-2.10049053510438,-0.72994669731089,-0.92891207206675,-3.38415804611348,3.37903656005643,5.42129881590396,-1.15301391168464
1.616477396408,-1.84701463009991,0.850969407320936,-2.73990694622979,-2.88887028522423,-2.26225103473645,-0.495382537558025,0.910147913862678,5.85957278099506,-0.794043497385521
-0.518948745037081,-1.0125345160389,2.36057500508912,-2.54069101206287,-2.57762578893407,-1.53601670940776,-2.86994862320041,3.00256317309026,7.68427003098766,-2.4002593604998
0.0259639024073133,1.15360867404838,0.382875773168842,0.467114795547316,-0.012655999316653,-1.84703280410631,0.928297034904062,-4.48645823919669,-0.569725763526045,0.768007088141652
-1.20188110249162,-0.201780864432921,1.5824330223523,-0.285693629602101,-1.45908479065562,0.224611227222467,-0.786617517800171,2.19092263032625,1.03048133369217,-1.52361455875482
-1.21309547960956,0.889724661765951,1.78147928350649,-2.18110485551024,-5.16907773398835,1.78755145415893,-2.61249409502638,5.01605731396092,1.75239659832832,-1.46466931912139
-2.75812458780339,1.58983480741495,0.195662358699987,0.225812489751316,0.44209108440954,-0.102885811705835,0.743655815400921,-2.75910268436398,-3.57522848979676,-0.277294669761212
-0.377748467560992,0.288536369166336,-0.885600101027322,-0.857714929148044,-0.00738768766851398,1.31642364839386,-1.37002233661788,0.0525518952924903,-0.0617517428813396,0.537810842285271
-1.12040323194087,0.508317449904062,0.801141420961697,-0.154542328497401,-0.680483278354475,-0.0796797722137232,0.450994492683684,1.56839342612001,-1.79744719288604,0.622486126999136
-1.43195223900709,1.45969797392778,-0.838803907196895,1.45320842580621,0.705045804304772,1.23364759029511,1.23827837003364,-3.33129564459874,-4.15226785580769,-0.230757207215677
0.560716494583108,0.630349669376683,0.80647217204369,-0.493263659868461,-2.29362048790615,-0.430188635369679,-0.721596353783041,1.29337897932825,1.58077402269931,0.267010213787715
-1.24424893920104,-0.920847813533751,0.269997438214829,-1.47176863110434,-1.65675063466927,0.0549060766890291,-1.47732298481211,2.7692791539342,1.22877430744284,-1.18407373206803
0.888462889074431,0.0818061273734761,-2.11498026133545,0.214669837658593,2.83897766222027,0.535897616120665,-0.204263303799006,-1.97341645733123,-1.68070476096134,2.03521772691029
0.22567580283249,1.0214608339652,-0.494727917977965,-0.219435176719366,0.00999948973442109,-2.29687557985475,-0.326621573230494,-1.60769067506702,1.75052246123214,-2.61020577319648
0.158705079759633,-0.221035697155388,-0.642015963082855,-0.37740764658342,-1.02518973186805,0.502894451966016,-0.501979174120537,1.18112308432907,0.838776743090526,0.0196951045317571
0.0328416544098289,0.512814421718833,-0.901455675297705,0.427118578934407,-0.0135870639441559,0.753422685181758,0.494692623988732,1.3145539559766,-3.95872858280352,4.37455936751538
0.08930590746862,-0.8623398053736,-1.36477939717013,0.414157704360579,3.01617772401279,0.542588899265204,0.839588335668633,-1.25275082014988,-1.12494194947205,1.521265760485
0.0458828625144214,-0.822427733318947,1.37889888642226,-1.32665360330406,-2.59587260416452,-1.76871116750059,1.94199425994351,0.42577748127075,2.41280594025259,-3.56035246577026
0.708879551096398,0.918734600290687,-1.08740745375373,-0.28180838665938,1.62994628332519,1.45703237887432,2.00180600510307,-0.921546818630253,-3.45638692270627,2.39105838760632
0.886302890545746,-0.797545028060757,-0.518921361268789,-0.673215938914125,-1.00695786378005,-0.308352779373181,0.167952774201967,-0.299553570396129,1.60069810891992,-1.19541187272297
0.324611124594844,-1.093169922656,-1.27648003151774,0.676216876308939,0.467798443511438,1.10342909804605,-0.51683514108612,2.04669888443269,-0.725850558469078,2.47141670436747
1.08072785315244,-1.10580209904307,-1.07878188041445,-2.04002435126666,-1.97623694277944,0.0193761179497421,-2.44017838128309,3.0901129262395,4.72483986650599,0.788073376934837
0.542798065052008,-1.64995547979031,-1.32790470607538,-2.39267827425797,-0.190169308699479,1.27020806490659,-0.668326237121482,3.06938058670695,0.643258354056046,2.62014132040733
-0.924777113290913,2.66658288279458,-0.258061562886413,1.16867919686364,0.706174913204497,-0.119649799470075,0.257631128457167,-2.17851348918469,-3.33610486903764,-0.551661366370208
0.47615086122846,-0.0561688885313341,-0.876054787945327,-0.66349765387038,0.762505313620811,0.717864929347659,-0.953115626853198,-0.282039835889143,0.291545740847467,0.684252066287979
-1.46501712376517,-0.194331093701242,-0.673798480835808,-2.03494292078362,-0.675465376025305,1.98506113199955,-2.79173759435543,2.21810732741502,0.945935710956479,0.63398706287517
-0.327110263153417,0.785845221745695,0.327346137631799,-0.875017390041905,-0.865181317159202,-0.4048535830459,-0.127075109383165,-0.327439276943685,0.0306557492567942,-0.687381093813316
-1.57142761871662,0.00289968207782559,-0.678960873246995,1.68000245934172,2.51756946461657,1.36160491177784,1.96798902816167,-1.60809447922065,-5.62352672062548,2.64544068745251
-0.308890764869913,0.43202472103401,-0.180102304136895,0.95938670802428,1.10025820817544,-0.0622564274978654,1.09174174894423,-1.58733481651775,0.00214303048113597,-2.74118280856129
-1.20518703048642,0.0163165698188596,-1.92494239756642,-0.94740474647979,0.0891239371598089,2.76398992919161,-0.259482219498489,0.704711584750687,-3.74639268626682,2.76292291225219
1.3475473157261,-0.620443821749724,-0.66412794363906,-0.926342846821653,0.934416628884001,-0.326831306167735,-2.38041559836362,0.467334794577448,4.05969038924909,-0.502383820667588
0.911068113725896,-1.06509614616595,0.747676733829584,-1.19195215632461,-0.0896420330636009,-2.50976145160333,-0.812673009331328,1.55751756712427,4.86950915988722,-2.42356246230569
-1.63177001420187,1.64932055997144,-1.2657163841196,0.150031614539994,-0.583886645982535,0.885111331424394,0.637680239100404,-2.6135643434337,-3.85545576541592,0.971693470633713
0.91334867796346,0.146389780490676,0.734527277152112,-0.450723990376187,-1.31933836421859,-1.21827103163992,0.552330407858225,-0.727025910375422,1.55991325811845,-2.19409909540974
-1.18849676799412,0.32976909654945,0.398708602939968,-0.868058480542321,-1.41799887844834,0.130217631612852,-1.11588290484746,0.963091341888059,0.323670878934809,-1.06540493789664
-1.39801001512178,2.09061166032509,1.84426338896581,2.17786112772791,-1.33537557306253,-0.45601628956561,0.102826557084902,0.326493236076124,-1.97848541225912,-1.8771373382543
1.3423340117298,-1.56861058562203,-1.17812945927923,0.230985554050416,1.32752108428427,0.323492572733068,-1.62666458162484,3.12368853549295,1.98151056795647,1.73157179223836
0.686328333760275,-0.636512258825132,0.541271103629054,-0.695208490350078,-0.616599378000423,-1.39800402414706,-2.36530434527825,2.92424538184783,4.86696939008261,-1.06981357849251
-0.382843893748226,1.02259455766133,0.531048410713334,0.54549974652988,-2.30655477195183,0.177748972792178,2.19437746479296,-3.96312534794752,-2.99643261342373,0.731526328677765
0.456843119182116,0.0864683723375283,1.35490864125927,0.944350503802466,-0.683119007619086,-2.27753775043566,1.12024545199546,-1.85699000633262,1.2037675661353,-0.443591731108704
1.54395135022594,-1.13922726315762,2.59178295294655,0.111919561118225,-3.80649291816705,-2.30693386325465,0.2592622707064,1.30840661325557,4.69234679606455,-1.91465381147213
-1.31433921287014,0.185588880289776,-1.78807026811704,0.159473802478527,0.594545780581502,2.58206744486445,-1.24882140195147,1.69598883361434,-4.42996791210309,3.16410128302965
1.10563060229324,-0.0191201716795229,-0.410483717540696,-1.96086203392337,-2.10417546167345,-1.24655942259643,-0.152794676602481,-0.872134557646686,1.92231934960246,-0.647511490809393
0.758362543438218,-0.57814314929244,-1.56115788888069,-0.116154306076245,1.54781339781824,0.745122807874991,-2.61443778868855,2.12499984895285,1.30092248385044,1.79872454947153
1.1100964596716,1.1466252736483,-1.0969518172715,1.73116028795968,3.53272641904094,-0.640066110776158,-0.458342322322082,-2.05690282525448,-0.447924396251557,3.16188607055734
-0.541833408593776,0.151086813509288,-0.593821779745947,2.24845246648075,2.40354762933707,-1.5384208124292,3.20656532223041,-5.3073952677444,-4.16716065705024,2.25284078107244
-0.654919605006306,1.0965642132273,-0.341181125827635,-0.225523964733571,-0.10073972018328,2.25572228771767,0.29527118362099,0.0789366567258427,-3.00250505962983,1.69244259491059
-0.371712380825407,0.320201357782766,2.68221394795099,-1.92425405408682,-1.67543522261437,-1.35268201160821,-1.1137959744396,2.52016994020866,4.84576716262207,-3.36878545364977
1.06948004871017,0.45421168946928,-1.03035409482306,-0.450268137509083,0.714494931107592,-1.17794337517719,0.818067432341099,-1.43366926112617,0.382066438778492,0.0585801129471884
-0.720815672904654,0.901219825825208,-0.332839664665521,2.10992841126993,-0.422105079678422,-0.0127324058355157,2.17710490388233,-1.83752434569412,-3.5512853472895,0.187416464444386
-1.55192640157471,0.415391196742926,0.382326528753755,-0.117803165807047,-1.1698345215861,1.24977790261811,-1.79941339046461,3.90034810932773,0.642795645827073,0.903944560787076
-1.0641138549986,3.33980658638911,-0.897283610726182,2.32752555266408,2.19322735613138,-0.806349808567079,1.75223513956108,-6.93080479991916,-5.77927626063109,2.39352122976587
0.537959325424946,-0.211388794147004,0.621480715304901,-0.421543874681112,-0.129124110613576,-2.0600074142049,0.918468626934463,-3.48620906160981,2.05127251000332,-0.160246154290861
-0.418473569289428,-1.14710831275969,-0.858136388813151,-0.410499138784304,1.37188503736392,2.11976263957149,-1.06458498301311,2.74509111852445,-0.248044834567108,0.185160583554538
-1.4551323088599,1.8684193650651,0.0410381479366717,0.816619644985373,1.99808794206681,1.14352797093667,0.117564290716072,1.1255605103533,-3.97239557471766,0.307380810584313
-0.555297213976348,1.39717706390948,-0.415605699801227,-0.263589707905412,-1.1409761793563,2.04934887207139,-2.33429409034305,2.09507710041689,-0.469831502621003,1.42169483385096
-0.664907459514934,0.830296553782095,0.131784169767689,2.33745809998369,0.778091369203127,1.20110360365905,-0.21113970165026,0.560766849630989,-5.16050573220159,2.27399823788293
-0.312385707799336,-0.585156994814992,-0.673493100802776,-0.55385158267405,-0.278720642674498,-0.0402959841725094,-2.62311008103419,2.88278398774584,2.33153927077702,0.948065610165276
0.512762874445254,0.797092560268921,0.960300276499493,0.645055129492534,-0.501299371364145,-2.20334523454108,0.823055516134454,-2.56063450633722,1.81956179433887,-4.17968539787769
-0.687867727773477,-1.82803767672098,-0.722079315563572,-0.87665451368408,-0.274500224081577,0.49202601879298,-0.50728345398552,2.59473959939451,1.59066412279795,-0.626766388428902
-0.550713582263939,0.813467635134479,0.122911757338787,0.249379530267294,0.851509883301099,-0.479801444360606,0.962376100056582,-2.28440327689996,0.287270777601,-2.99167382250113
-0.482635403004074,-0.674276137514011,-0.846649484216932,0.294161778780845,0.453431271840125,-0.900811655295409,-1.51703660084927,0.845875640042822,2.09379648649171,-0.408653230130439
-0.223586045420893,0.58017779382419,-1.5405650573103,0.54791027555083,1.8772855823177,0.547158942299192,1.3158282189593,-1.37218374915925,-2.56280761957821,-0.741241090202604
1.01137191174208,-1.9614275094673,-1.3760221033637,-2.44162099526586,-0.0286762381819038,-1.82186235998344,-2.27851667191072,2.40673646880904,5.69714407590598,-1.65606681815358
-1.16874437599956,1.18865425075237,-1.37740845533396,1.20553867939669,2.66468435295263,3.26729724033626,-0.394841563379278,2.00697663616025,-7.31351379233404,4.3792726832156
0.769733186728083,-0.189313909646703,-0.213846210244483,0.545731726655716,2.16428847666851,-1.9767863788614,-0.772787924369329,-0.0347435123107509,2.07796341686593,-0.102398381592321
-0.0935687003615351,-0.145154774920946,0.171089633354965,0.535298375215542,-2.31425357038423,-0.531841588692632,1.66441095180366,-2.89603663999554,-1.25611281512504,-0.668048580753628
-0.52992747146765,-0.677781980094534,1.38056351839308,-1.0113674046926,-0.756913138994601,-0.423522675019842,1.13791415906987,1.87261516240037,3.06621035516536,-2.62774048173203
-1.26516449991428,1.54540552431671,0.451173769012249,0.576369572257949,1.30587705336158,-0.978143031068173,1.73002256639592,-3.41329064454822,-2.2672813026223,-2.92214617296462
-0.37600451684361,-1.55910145513412,0.0401154947338371,-1.05955879959187,-0.81885302597012,0.541534495812539,-0.308967470616811,1.58431307207337,-0.519362445622139,0.290172640427627
-1.87184863631488,1.47939267635123,0.487090272863823,2.97742217755125,2.30535825918532,1.005555774628,3.28280335990006,-0.718202697108577,-6.37469601656648,-0.7936667200262
-1.82356732478604,2.06344645622242,0.15279405484662,2.21401303533242,0.677311670709658,1.93651081349242,2.8264145928088,-3.73224426372762,-7.45759218433669,0.22953701556389
-0.698227377805935,1.66750146636064,0.855731456720417,1.42370217586646,1.4976347147208,-0.374030895565398,1.55421915083939,-2.54940729465079,-1.65078400408865,-3.33004938913146
-0.72150829583054,1.10127134730269,-1.49844669047428,1.35028274217864,1.75658009910851,2.06627160311068,1.81586993917997,-3.53688857231365,-6.22621667897005,4.03569319349208
0.180021249215622,-0.831682647584748,0.139653569660523,-0.543651511215933,1.40133004780657,0.119500666539606,-1.18366630345346,1.42798817148344,1.42137371237671,0.877353462999959
-1.59933787834912,-0.344195897055637,-0.399144835720619,-1.18068333758681,-0.0758483921097481,0.0426189891697356,-2.0578233841766,1.80046232388193,1.74611926284303,-1.16354960486393
1.52658951664131,-1.41031111936494,-1.80004380197595,-2.1661109618771,-1.60824624178054,1.43521366175807,-2.46047798163043,4.45835452480833,2.19905826175898,3.38683063796547
1.04397602188673,-0.99887601062199,-1.03237801516119,-0.111243375332248,0.291771695202713,1.53038875855655,-1.05295256835858,2.35889762282098,-0.265420765958418,2.16873128192694
0.440275478982515,0.0460074512920269,0.594653784295393,0.715892813175418,-1.12300221183538,-2.0100058896244,0.430026185771725,-1.99284182175225,2.98497563966738,-3.52864976256251
0.238340800921997,-1.84307194660475,0.509322973771634,-0.921031437350141,-1.70793066127893,1.61872073974036,-2.16570530367863,4.57200923821,3.36167214745976,0.80915684281886
1.6580484089169,0.231002805731487,-0.530823042702251,-0.803442204127316,-0.276647932388604,0.160950861066287,0.412858491079609,-0.746630772910176,0.141502980390589,2.32846783501082
1.59278752134733,-1.48503292541622,0.0926126713773328,-1.21943112252292,-0.929881393885859,-1.67862574502064,0.221719725063549,0.686768618812141,2.45942547202182,-0.0988802264194933
-0.544164573967017,-0.293165694570831,-0.276042243866842,-0.170276985017076,-0.567543269532145,0.333121146249474,0.558658653086866,0.457431065808885,0.556052331861319,-1.53006757003511
0.585060781172462,-1.76736943791304,-0.3045652905509,-1.15321098391755,-3.27908780347963,0.318152704268721,-0.607669556960051,2.62218097371865,2.41984490699237,-1.07322726488531
0.198588452810485,1.91908038170821,-0.321243427928477,2.18506498567157,2.11646544506391,-0.380633734016701,0.873731157127249,-4.35850948822863,-3.87822543007367,4.08151703119108
-1.1185160510759,-0.203425088731864,0.358373524081578,0.856475942258852,-0.933052475229086,-0.73293171084757,-0.379346487387076,0.201882997021331,-0.764374941282334,-0.582671558747069
-0.875584491197905,1.79475318701322,-0.477781921920539,0.756835104092991,1.68155445239995,0.91087525551585,-1.74752981613215,-0.962961270693265,-1.60103142049729,1.18140568116283
-0.269342269869533,0.170595660167923,0.406700052547561,1.18882442256194,-0.496793160507253,0.262858583273632,1.04984472192579,0.168256660072598,1.38800626832793,-0.930871120978832
0.30619230436674,-0.181690603386092,0.482255795283151,-0.808120920572076,-2.66427999726073,0.967172855845531,-0.274652296557524,1.81528495720511,1.24832730602097,1.28258043212423
0.136627217974101,0.132167992269441,-0.268347641803313,-1.50851232056738,-1.06518589138375,1.33695090113079,-2.50961247424247,3.33014727878152,1.35879162525961,-0.428096799667486
-0.156868562424612,0.592008130457409,0.949921381194127,1.04561097956213,-0.200926960735518,-0.671736921483004,2.08700695019476,-1.05027097626887,-2.02528705722182,0.0499365461348621
-0.641758753628048,-0.397820656567788,-1.50919681567991,-1.11097098564563,0.0980976670147171,0.0974340221818828,-1.63310206716295,-0.282685070612327,-0.177349200692209,0.340233919080538
-0.594096289057605,0.189574094271269,0.907444160522223,-0.587720442099505,-0.489291090194008,0.0692381439241891,-0.570056219831467,0.847725712926895,1.83772304306226,-1.62810097675082
-0.618696221784152,-0.741189131508963,-1.23560094143593,-2.25577227797692,-1.84148697513613,-0.393953758901508,-0.340461657921711,-0.853030084660494,1.33036014056025,0.0870637995089951
0.139227649571979,-0.472558748528598,1.13366853779596,-0.41910335959118,-0.195850510292806,0.666912519345312,0.247795577181362,0.120164451796138,1.14704968583108,-1.83524586733088
0.226995537924845,-0.0245676743824594,1.11783848395792,1.93936284290818,1.59418171808043,0.164230667233873,2.39706442467352,-0.793649180749027,-2.27596246391553,0.609583055645221
-1.07728078095839,1.06580795309116,0.788331752891152,-0.853869042573342,-2.36422189892839,1.22388067021723,1.45654296906263,-0.671168488457346,-2.59126110450536,0.985250094472786
-0.025998841734079,0.947317522526837,-1.17109387249193,2.34264513529513,3.58585742256205,1.0132038516954,1.27166224652546,-1.71526904398297,-5.73564149449516,3.39495519037169
0.43144231245569,-0.663961921304536,0.30416077471078,1.51820274248818,2.012545777847,-0.265003142266367,0.855943189678826,-0.425092255790628,-0.454258379503404,-0.00132586695712505
-0.878181521431698,-0.0670452473581767,-0.348359148796616,0.64734907565275,1.88080640679776,0.638334048723828,0.852779656425488,-2.48990656931722,-0.582535686675571,-0.779530943611147
-0.929635259602937,-0.501979255051797,1.46192440428497,-1.6111008089523,-2.65905934443978,0.626924046939404,-1.91667029592691,2.26734803919515,1.8112839619042,-1.99569239498064
-1.1369247867738,0.350255342745952,0.0990120330125032,0.586954508044946,2.82341813086853,0.528939840577815,2.24420963637072,-2.33427612264153,-4.75056186960715,1.28682818443226
0.0739056901475441,0.188268820989794,0.874655831963262,-1.77681757108907,-2.33793931425825,-0.855891639520071,-0.793518660578524,1.69189008012499,3.91127960854477,-2.81855039923771
0.601919692190467,0.469982703208644,-0.387015682495822,-0.974646173759645,1.83809246130212,0.882633826156302,0.507288459915808,1.08209871827171,-0.86857084219198,0.157737700447427
-0.605874444453476,1.66674929577474,-0.632133697060448,1.54233002399868,0.813714186205742,1.21283599212298,0.466076803282529,-0.524969342963124,-2.8872964788488,1.68595110379234
0.404142387928249,-1.27961830056622,-0.852775752827148,-3.51327649556133,-3.853832089964,-0.0728226301632782,-2.40009685562866,2.31617050010231,4.30474346675659,0.0829893813164658
-0.494152270704759,-0.0334300582075278,0.236104789433166,-0.134592327444838,-1.14960413924581,0.133588677359863,0.203660799038232,-0.284604328263211,-0.262628380914153,0.231165897841267
-2.07758230659707,2.17109155083361,0.336212539850973,0.869188216241831,-2.16385873619482,1.75361270932648,-0.198199803714942,-0.0366863784573657,-3.20971752820214,-1.49307617351511
0.835974474365817,-1.04594618588559,0.795536290044677,-0.705670035749894,-3.74705110279958,-0.716702354905239,-0.0136135979597568,2.80272181248353,2.02093819542929,1.35681562528443
1.11536478533833,1.3309803834792,-0.0839247024750005,0.73953957611885,-1.3417701503593,-1.28225423041212,3.11441851376109,-2.93610981618444,-1.07898824050659,-1.82689644186883
-2.13210193666396,0.845462365621423,-1.00287062093123,0.746330679181473,2.41295268323197,3.69771753383151,-0.311684617889413,2.44858923973339,-5.89634991192883,2.72559731412159
1.87523021405335,-2.14750935500495,-0.403453733632625,-1.92015779728955,-0.931125315508823,-2.32697275256415,-1.28778594846412,-0.0524871958047529,7.30379919743696,-3.45019773038712
0.496162461212201,-0.754998348659938,0.184189136990321,0.569430490812716,1.23755037920466,1.43799488030199,-1.16291750017767,3.83247578343745,-0.406754779444783,0.750938879068687
-0.681043147635237,0.19387574190363,0.636149910264277,0.470572311878207,0.620654640106983,-0.147093910574378,-0.0679183660808802,0.156054034637159,0.199455168805448,-1.03624631013787
-0.85609387676293,0.780967400828988,-0.35191656859534,1.36272815921981,3.09460138060431,2.68226497772841,-0.862735713542913,1.75305293696999,-4.48628298205992,4.23771777496967
-0.832500944057733,1.94819418580007,-0.00776263399933189,0.256593046960937,1.7306131387925,0.950932340479203,0.088850951043205,-0.840743048252872,-3.87358558140484,1.84703986451665
0.909891137032478,-0.0691514472379646,-0.0812331937117521,-0.879714776018097,-0.054203438765312,-0.514997850826,0.878523512069826,-1.65633356232114,0.806426796983665,1.58908656223031
-0.56818894645513,-0.212529262969268,-2.80990643469943,-2.00421693293473,0.95186560475182,0.752677930969993,-0.175611743829421,-1.82409870128343,-2.81691314125787,1.06561087173017
-0.566336928693134,-1.77681716037971,-0.482415980311975,-1.81004270891399,-0.855650484988325,-0.780324426022066,-0.532316102353162,2.22016466625526,3.03105294670736,-2.15069907766621
0.147617543245151,-0.238391572759176,1.18018655072611,-0.127554458607316,-1.41368143275842,-1.382178773645,-1.98107398096492,4.12665445300846,2.94207509000595,-0.596591452732874
1.01280597276969,-0.809814835358363,-1.34223266318399,-0.920105938782926,0.795246493911374,-0.262614223534557,-0.755896028946523,-1.36223399514086,3.07455144341422,-0.992749154506633
2.32635255662145,-2.05808249486108,-0.507029962118364,-2.61820753811086,-2.48643783876893,0.577626624947462,-2.35289637206225,2.70435492129417,5.38293410568657,-0.337177168216954
-0.510491260213304,-0.250602821531681,1.01227577762772,0.545128280909135,0.0968109847490266,0.950206922492034,-0.625972698179555,1.76016557611245,0.648057810812224,-0.962028023028301
-0.783239601219353,-0.894039424259064,0.171096461881754,-2.4266998749425,-1.4663320151689,-0.372310749775964,-1.91580747225484,1.26629577549078,4.29761439438169,-1.85903590614792
0.57894345304269,-0.489314405509472,0.0787079975880005,-1.77003228507169,-1.02829908624736,0.750493357027827,-2.33800900253349,2.37206345241738,3.76756736289385,-1.66944195378516
1.6314166719366,-1.5801333048888,-0.223228995670202,-2.63824743768906,-2.16619610391905,-1.4106062604802,-2.51996146141708,2.63583671719438,5.58693162905541,-0.462903123844835
1.30771131793255,-0.41977585674715,0.0499248621892911,-1.30966992748881,0.635016954475575,-0.266426586325937,-1.54557879720263,2.40723267449201,2.29901627795905,1.01196717178044
-0.524335552389356,2.29754344546314,1.05050767505215,2.30892911419644,2.43115649114506,-1.50045865579799,3.14479253508006,-4.11645921525695,-3.36485112935012,-1.32373870583831
0.628368454937599,-0.927736316344571,0.0355865812483998,-1.34494818337942,-2.06059717235736,0.234796204333235,-1.76150040953947,2.77037256846389,2.54765299276341,2.06625479281479
0.124720917647842,-1.7096677780559,1.40140809706399,-0.774816603380721,-0.0625206524224951,-0.0835727704115095,-2.33497702433543,6.72947999941209,3.32740874889655,0.451749771848352
0.182667826081481,1.50181194876443,1.27808128054374,1.91047016920192,1.61662572194908,-2.19446793945541,2.15655081986849,-3.47887886599628,-1.79665732298356,-3.37536181861027
1.44858881942943,-1.37783984866529,0.413454322572327,-0.277693090885058,0.757081888354826,-2.26008392906023,-0.928105338924165,1.00826334090078,4.74746578862745,-2.04928061107131
0.343270101863768,1.48782127307569,0.988347046087558,2.39573843088498,2.23325039900224,-2.57885859172821,2.12256400414893,-3.91654933189114,-0.3288893353335,-0.409079667714402
-0.187775007601592,-0.619214591295989,-0.326656766059997,-1.99547690038199,-2.85857886067594,0.837497774668299,-0.896166937343046,1.73762309421882,2.23814412062363,1.26282936546897
1.98665854076404,-3.39947844543503,2.30381720771947,-1.349955245114,-3.03351755188458,-3.07737203802279,0.360775348611087,2.18297953074717,7.31844759445816,-1.8818278822376
0.748299582554696,-0.0932225383189636,-1.08808965308039,0.4888559970554,1.09030675057605,-0.0175298462369286,-0.20692531150411,0.163941515922052,0.0178720939412155,0.0492931835172253
-0.522370549239264,0.993647994073724,-0.292109959256599,1.83788899456888,1.8485288346111,-0.402685240638892,1.21437725689314,-2.67883353483472,-4.02856315822764,0.658716917724393
-2.8808437982331,3.8168043975131,-1.3745800673545,2.22743717610849,2.75166810984058,3.51177654991066,1.76835417104064,-2.72996261166687,-9.1501598270393,2.30316485458694
0.290386790043218,-1.34375402174362,0.945049473974614,-0.998103443423817,-2.76484720203768,0.733208313551691,0.915001849462669,1.39175545032741,0.277228646596161,-0.944669698988902
1.29178211980152,-0.938900227676214,-0.39067676245656,-0.530880620695456,0.184093473763073,-0.708811491760207,-0.478267891125237,0.520990736279373,0.775166385592067,2.44196699706971
-0.323629746799957,0.15697361350054,-0.817199167669247,-1.24350965662982,-0.0447921017756704,0.801362158819799,-1.12111636463906,-0.125114807807184,2.11820223286849,-1.52768567643698
0.69634347839878,1.57635942112019,0.551529576923592,0.571372618430719,0.701234268846285,-2.46483241561653,0.00450865659751758,-2.8882333170546,1.3912288124998,-2.60469354786859
1.91789763119269,-1.14337308851708,0.0321138205352128,0.502504577215802,-0.144066203532119,-0.295530522622908,0.758831053762664,0.738625967356807,0.308430152690196,1.32714971114217
1.77325432556159,-0.929096575023698,-1.02428008987052,1.02059671087815,1.81665405631452,-0.501058743695335,0.16030425779101,-1.55653499667943,1.35750968188821,1.38381846294636
1.49734719165463,0.640813961141661,-0.716476336503725,2.26140899268019,1.79624741262639,-0.0998666643772068,1.70376919446957,-2.41305173510845,-1.66260968644169,-0.31007965813795
0.417079167066062,-1.14588506744635,0.527098305388432,-1.80811675683661,-1.0980029890967,-0.661693670249277,-3.1221806130818,3.01457172384701,5.19075613716415,-0.488100568853543
-0.903725458740006,0.373803794484301,0.644522267205579,1.01447730622011,0.933133164138906,-1.69444655590022,-0.229462238532236,-0.54287845897739,-1.71131634527527,-0.986577267271723
0.220719633056613,-0.203989998133172,0.603272280154831,-0.362218219997322,-1.8302211646939,-0.370071991288906,-1.83981802190478,2.19023065189428,2.43740512012449,-0.599981625765877
-0.498325032243789,0.5418445684255,-1.05958051185415,-0.268651484387869,0.9915153936415,1.04382296491988,-1.23120128648489,1.75250726130296,-1.7485461999311,2.08300615750035
-1.7707046204359,1.92841127550097,1.13351218054667,0.95877531334377,-2.51058400112821,0.194058326376148,2.44852688635451,-1.10624134872252,-3.83626451300625,-1.57975943650125
-0.201742569582037,0.713918780738684,-1.45296304490416,1.89829938356437,1.8293352924337,3.34317759967084,2.81005349118603,1.66966336218816,-8.56786578951839,3.71942315136267
2.09428718987363,-0.904739851416116,-0.121887396267708,-0.0909788761696641,0.291661781081413,-0.667408870907439,-0.263408203102153,0.600281257433669,2.81120371117806,1.02508533284516
-1.7799599778638,-0.229387795203273,0.211539757365666,-0.692811478542801,0.233734448206063,-1.43419153088391,-0.253862639707097,-0.634451154942192,0.410436628270605,-1.88509907483766
0.539677030176267,0.731337856091264,0.0693045084300488,0.655660761875706,0.351019537010937,-2.32232727583064,0.665631769533093,-2.15840651878941,1.06006401063214,-1.87928153211072
0.365414019103651,-0.939125528111871,0.162930360256156,0.0955244868091374,1.56302185657453,-2.96798988556788,-0.933720240478613,-0.643762236447707,5.60347251944687,-3.81328839792348
0.953254773558775,-1.04332486158587,-1.37404613383865,-1.28081314594237,-1.95056492533107,-0.233710859708668,-1.37062741586981,-1.30798141825349,1.72002173341646,0.0745645719962318
0.160826722249319,-1.2710354184104,-0.363099586007214,-0.705091017818568,0.147922053019807,1.54767436430632,0.294397622423619,1.08785668636626,-1.21574238072118,2.56546124580013
-0.403751368291154,-0.889942497852509,-0.689780764546051,1.22956306061618,3.46868374452121,1.55007132805603,0.0818010153004217,4.10718096334562,-2.48490757698504,0.575717132374745
0.0702871606127795,0.88748401128581,0.676223527054306,-0.709323331758043,-0.921549390476834,2.27825328707147,-0.609005113780328,3.41943422399644,0.534221067467713,-0.700949822386085
0.00301716385278877,-0.600824951857026,0.720438422420028,-0.965167002586228,-1.74171274525792,-0.607062328031145,-1.50664293126293,3.44262698940212,3.37764729989468,-0.0266120763982594
-0.0374829414967749,-1.1827065017431,1.74794949021142,-0.063114053746705,-2.04672033485735,-1.54721186263017,0.323936441238087,0.748762015658694,2.25137178617695,-2.3978510644848
0.932568147022468,-0.210278888577131,-0.00867213028354968,1.00985720780167,1.5329398215801,-0.11671996911907,0.588215514263813,0.0959284013660511,-0.0682925405346785,1.80119248089555
-0.616426260294837,-0.201306938174533,-1.13154785705562,0.279279766811553,-0.638004469303496,3.4549409844625,-0.357221122044928,3.12908106598681,-3.95424468799398,3.87903512756735
0.780609594933947,-1.36221753761199,0.210882839094395,0.387847431465674,2.15142377354767,0.0287964238547349,1.15734272164931,-0.847134627534403,-1.08377170326439,0.685889571254408
0.372492997835451,-1.04473856141601,0.814224519665466,-0.380963953550706,-0.851860258861136,-0.500819385629461,0.324724446254388,1.2784566546491,0.145752573894697,-0.334692302253845
-1.00432269042512,1.47291514017734,1.97880557999271,0.80526291023755,-2.35492261860734,-1.09265842430785,0.677544446143474,1.01786918335215,0.434724244226169,-1.30590713475459
1.02843049271929,-1.18440852122971,0.367549786658753,-1.02303604310549,-1.50622278351443,-0.0458655064384099,0.354147118861056,0.459283676522244,3.71300237227333,-1.82643616267303
-0.643321247103097,0.579499180099191,0.625525766540139,0.658868116561185,0.226890065204277,0.269080739914631,1.22359993696275,-0.294709820945988,-1.76200320215337,1.0887024836811
0.350446335307099,-1.16642814623606,-0.432706054017068,0.498731406714827,1.26023955974814,-0.612898174901228,0.380370753141588,0.402120774550715,0.440517977123726,0.704951390056525
0.64259861114688,-0.301377978566977,0.394344701905621,-0.934550983800836,-1.531448505402,-2.43782962755327,-0.702889152893768,-1.47172959302307,3.76647788403333,-1.49787112470537
0.136083628299216,-1.73192211277159,-0.0133501497822434,-0.224493342055812,-1.41966118580026,-0.553186526734049,0.426711317875138,1.94639607691312,2.14627237997225,-1.09253432922348
-0.64012198822614,0.941408382611345,-1.27096497773898,-0.38012932005919,0.75259659501208,0.605509186877629,-0.500896696508919,1.09473719044377,-2.97590678054322,-0.332129499352948
0.438190954791528,-0.120905345496464,-0.154347961223594,1.64804736482008,0.308090663496371,0.400594493860915,-0.137196353377663,0.642554290192285,-1.21677741893909,1.29246694880916
-0.863452974631779,1.47067393061979,-0.155379362033577,0.584171389125787,1.84906086858816,-0.488324069791205,2.43085215563846,-1.52219079953288,-4.31172205224572,0.786741219186273
0.233483409153293,-1.2397262445397,-1.34011068759593,-0.869273250996034,0.936166697603483,0.0795348365628957,-2.13763425977126,0.423406054031424,2.18817534310142,-0.214335521775786
0.330550883025922,1.43886900984908,1.64748871605646,1.47649225943951,-0.298538190512366,-3.71296929533838,2.04570363073025,-6.27834354210716,1.51892585529009,-2.87676490054716
-0.890577723962133,-0.0859773114238557,1.34904847763215,-0.566296047831899,-2.406244920485,0.983027938958134,-0.6786770512029,3.25520329813402,1.47269615508162,-0.851237406766575
1.23756092185453,0.467113200349698,1.2410815297851,-1.07274866843533,-3.04570730369086,-1.50163185629133,-0.18904282640913,-1.65419881416506,3.27890057366031,-0.468091346487364
-0.378429501988724,1.0641887360787,0.25785584320692,1.58241795312569,-0.681515926967604,1.59763532473521,0.215460294377986,1.57026481726623,-3.48362884200606,0.191553851812955
0.835560859874835,-0.73767233304281,-0.221347832211606,-1.7559159801888,-1.41391580234774,0.016949800884862,-0.0784592291214815,2.86503557979231,1.83801368008604,-0.965300516113769
-0.691424058680867,0.173946712329568,1.6684712399239,-2.31825497892352,-1.97626839571294,0.180636418934652,-0.778613761633452,2.69697758640906,3.26332030150546,-3.04588400958241
-1.17922871212301,1.21399686720475,-1.36513267023591,1.47747964505297,2.09424417951184,2.13999058134451,2.55410798078013,0.289724171914707,-8.86350049726816,2.82571599545056
-0.320327990750145,1.01752910258576,0.510729299770861,-0.26942903822597,-0.450028490447468,-0.674750975560044,0.108547564058872,-3.10968018797487,0.259769788952395,0.615783324752281
-1.864135957355,1.12797759195625,1.26025969011205,-0.463533021748764,-0.689719150229569,-2.01745412427037,-0.329919473984141,-2.03953447585645,0.299074273653276,-3.19657540838397
-0.225517758105483,-1.06253785665292,-0.633992765142315,0.146036105248006,1.18901681424163,1.13518031019605,0.87205534686689,1.34412320094453,-0.739886564236345,0.168010048856993
0.0102113871036745,-2.02660799377517,-0.00974594182443939,-0.264109283252573,0.0176254712552485,0.384117455391387,-1.92000140012602,3.73009161121557,0.86585224455253,3.85460093166793
0.89236607416826,-0.125753264819641,-0.114809640873081,-0.336820330233738,-0.179527445771869,-1.60726742577297,-0.0090818365289651,-2.59446163781105,1.29563001974853,-0.676101055679874
-1.30556807443743,0.290245223435147,-0.727536704756353,1.32730443289561,2.69586030457261,-0.0321922519795501,-0.0486194648647636,-0.617432638810848,-2.02659042970816,-0.03853487485912
0.256349469201972,0.152240359211059,-0.311676091684184,2.12449700181463,0.677635272900692,-0.110569863106101,1.29832268653031,-4.78822317000403,-2.14799252256508,1.4689439493083
0.300456816736123,0.652573323035642,0.185566468868604,2.69684197318075,0.832422828733565,-1.77670156240188,2.49189465238209,-3.78249228970712,-3.71765110574836,2.9651885642776
-0.553949210338863,0.157259570942087,0.962063641674001,-0.270943850440815,-0.736557816309078,1.3069612809927,-0.956388915730721,4.12364235070609,1.74181863304509,-1.35230551401897
1.12364318491965,-1.38440901860775,1.35000680949179,-2.36266030856548,-4.82540547795467,-4.00622237141833,-1.24207114010363,-0.187837065823726,7.67538065798814,-2.45379876060562
1.80047199095573,1.04366736300791,1.64149626477698,2.43248799702766,1.11542507407489,-3.05918962866417,1.86182370462527,-5.09726363692176,1.57903591781594,-1.10867621640269
1.62683449637233,-0.609573275926273,0.901556561152101,1.7799312729279,0.356937265677645,-0.679895542543772,0.38628169456156,-1.37812011130658,-1.29222789595245,4.02123950914844
-0.00666857425789139,0.911022835741372,0.10264805032789,1.43958474790511,1.42576507233255,0.277320314093952,0.610078158134366,-0.404674661212926,-3.33565567655915,0.880313024208123
1.47126357686478,-1.89025360939113,-0.745838865076254,-1.11805551508083,0.459513685830646,-0.433362944477542,-0.969794869114514,1.71848030635111,4.98105628152605,0.137427393509564
-0.196894131006163,1.95621487700974,0.619378478105447,0.15872581652509,-0.160279621447483,0.637883443396875,0.844726260002011,-2.40914371981018,-3.42866174205865,1.01892578866491
1.60646068515569,-1.62338382518981,-0.19233329350023,-0.817238009559129,-1.62564708546479,-0.417567018352292,-0.658136600502958,0.318678709298122,4.77593082104193,-1.96604947832058
0.220388136587769,1.54518213139016,-1.73973616356931,1.2974308513538,2.91883278718553,2.13819088064357,-0.889987591145837,2.20987302623376,-3.59593089974427,4.74658611915627
0.53458847145007,1.31415584470802,-0.10715823301802,1.95454357189195,1.85884183334605,-1.48594202549669,2.18787684834949,-2.62555325749109,-1.84789021861771,0.380855225387366
-1.17265921156755,3.18329183035511,-0.380663532124902,0.647442581102138,0.482497117843951,1.13602678321509,1.67714274515711,-4.57401936108275,-4.5411895818172,-1.44563360829393
-0.321340431177057,0.629525630193399,0.843891624434794,0.737390985534401,-1.97349923168432,1.66842882141728,0.760782859760326,0.262842533362062,-2.61393324707639,1.52632586188811
0.410625657567366,-0.0768965364448367,1.38238682368309,-0.612011131819608,-1.94757045015947,-0.00452956897303318,-1.18117542821206,0.977200269462148,2.97161668749423,-0.658069341634765
0.43404822745217,-1.9162097975577,-0.823897684488293,-1.54314955305644,-0.122061605536211,0.340726480254141,-2.05251644120358,3.8441162175075,2.15303169354454,0.958777092925949
-0.752020990302687,1.75161955442638,0.333496381408015,2.09030932062302,0.992613041539452,0.189962857780272,2.49662137643992,-3.14330856223676,-3.55483137815173,-2.78832009814159
0.967071520681528,-1.12487678201832,0.3289732023684,1.54583278639747,-0.0254663690808799,-0.991510595326029,0.266341257087933,1.45445762750066,1.59052019534324,0.599618197799846
-1.61798747226398,0.18318892104944,-1.20563140940351,-1.29942151285123,-0.82323123525649,2.15169890105686,-1.20866833509762,2.48677582193967,-3.17474617137374,1.22819028221846
-1.02269846035049,0.542307518895121,0.0702142463306681,-1.57248992270433,-0.850629505301906,1.74830742705579,-0.506115948882979,0.965912384368133,0.00263075303776437,-1.44092426913707
-1.13099419998146,-0.483034245114297,0.776887259329093,0.41500845654881,0.404934283319573,0.978330885857371,-0.253420185118423,1.14335795712924,-1.09084957270179,-1.50482349858718
1.84097406733805,-2.34022099267486,0.984612144219234,-1.52906564717525,-1.80269421199324,-0.849939344120411,-0.868980863414937,4.04061129222442,3.90329396816031,-1.32944465182739
-0.113386231610843,-0.272310447517004,1.53245391826145,-0.58999753310252,-1.73768890928073,0.697854098880545,0.185205524782634,3.48726639030043,1.04696838810004,-2.02082272682427
0.253447079146272,-1.47335758755126,0.513421709577433,0.0572826348466836,-2.35774430925128,-1.56268809653674,-0.0695330502207439,0.167157634182842,1.35031374268672,-0.041189761685241
1.27564631007866,-2.06142312610965,0.21361849359003,-1.90969373972163,-0.875679193374077,-0.12015842756127,-3.37375584052444,5.58446171260837,5.52139731645087,0.720017486528219
-0.406901618031625,1.37744222798132,-0.668445817498083,0.443769417559303,-0.14409081155226,0.753896434085908,-0.0129795447512756,-0.468631047096642,-1.76871310102892,-1.35509752654816
-2.47301697257417,0.0622117774489068,-1.44101928941936,0.69460664250491,2.19144217006393,3.16246099629891,1.88601128796667,0.010825821641525,-5.56159964763924,0.209506196511994
-1.00387680436865,-0.177700253490455,0.576013710178822,-1.75981779657388,-2.46899564861638,-1.27952231184056,-2.70518330234129,3.01255126786304,4.67532465369709,-3.71426716330382
-0.436441008454578,-0.635342624835811,-0.472120809240348,2.9346846365243,2.78326384738273,2.85800476489159,3.36955827153619,0.331005649602999,-7.07769174908522,2.22989330538288
-0.5043072055363,-0.975103318366144,-0.678892896061145,0.690496165108113,-0.773444353759822,-1.20949919051528,-1.42775454832823,0.17313965725158,1.4361628188811,1.47886940252274
1.03453482100594,-0.919857821935708,1.85765940101221,-0.887909700281866,-2.17019831743218,0.421221166106078,0.208365275151681,0.619982200912489,2.99151163982093,-0.511750208760701
-0.788491533695469,1.80636727005887,-0.0368371143975212,2.1046820536128,0.00338930979186739,0.869085185313512,3.01927329120541,-0.506567273786568,-5.8175158364831,1.1853886079451
-0.200377769513459,1.20963980120641,-1.27229443716286,-0.517502507690094,-0.0131140052161296,-0.448464267350995,-0.162597264563564,-1.09780801594417,-0.484190207904196,-1.17007120129944
-0.903267520444076,-0.778117852154025,1.23209199323289,-1.4136599479213,-2.75537034482536,-0.226294264168962,-1.59384361388317,1.82351057256412,2.60643861304501,-3.28191253375793
-0.057094925256724,0.991806503483871,0.235667871911932,2.19572944236718,1.44994200765985,0.558320271232765,1.12669520616852,-0.426857096954909,-1.53684336759556,0.0809063079998835
-0.742438475419625,1.15401305506377,-2.07509272408444,-0.376249149896316,-0.96281560479896,0.464978683231215,-2.09586620542356,-1.08394055833071,-1.79237589743356,2.38925881836916
-1.05124093571541,0.652790586406702,-0.447061543866025,0.271758328678716,-0.476421981798703,0.045118802141752,0.569235783809661,0.229724166274764,-0.533603930152866,-0.792862039360294
0.572219482150363,0.824921041304912,-0.0150053188314202,0.0731169236852167,1.54517629931289,2.03721517210867,-0.847754833729861,2.12454992205143,-1.13245720322022,1.83162942373661
-0.566043881505508,0.30095286648867,-0.595801662201662,-0.941795217388927,0.980911922865852,-0.855611362907085,-1.54566062993799,1.2307016331216,0.669000068958473,-0.00101528389916716
0.659960875136754,-2.92554741238858,-1.77481962714285,-2.20402318807113,-1.54607211284276,1.86363561802762,-3.13627822831478,4.92990228564178,1.38315730425119,2.88188154878567
0.424562355700508,1.06181302508392,-1.28635630055874,0.909129141559395,3.15424047374672,0.870916374851246,2.27470029382327,-2.25279679303514,-5.33016552606477,3.02306436679974
-0.149036535833006,-1.20498729854534,-2.87578034111694,-1.44769432465405,1.91915941250012,1.80912497801561,-1.19932248478725,1.00127074116829,-2.61305225411386,4.60870678965978
1.14236464814994,-1.37635923000842,-0.867149916044511,-0.834264804986039,-0.929995429268509,-0.132177433589107,0.864845502562225,-0.737749664547896,0.417088089932724,1.865448286076
-0.66847181648994,2.42582681593126,-1.19176943873589,2.45608973080222,1.94667450290508,0.233593572075105,1.7200980659038,-5.13395467709808,-5.54582070505754,3.37721949611945
0.853851221896859,-0.66264256598912,-1.27185621787942,-2.14196471636248,0.0834245250599408,1.18620791596555,-0.971930069801606,0.641689686215637,1.54408187457869,1.27336313626467
0.429115305053306,-0.789077055049005,-1.53219515022435,0.0556513515151377,1.4760905034815,0.821771782122635,-0.246189947196933,1.59346590136546,-0.971084264592128,3.08533136663482
0.503598919641297,-0.174195030224241,-0.327513049528642,-0.162855632567505,1.30461558555044,-1.06890650952982,-0.83215850670288,0.166430299209518,3.37055556303079,-2.27282075196423
1.64202330135472,0.0918043239486468,-0.518838964323391,0.566688144300865,2.16327403487095,1.91235934001252,1.69767131515429,0.0516194142246756,-2.73688007860314,0.925730552766899
-0.391230683836683,1.18480949132844,1.06120657388926,1.29454382425675,1.48868353306229,-0.761259121721219,1.37565873706248,-2.58456629843917,-1.4601750925833,-2.39361764787824
-2.00802262031808,2.31700586089352,-1.37830172423744,2.31807293042021,3.49442669841756,0.791910886714849,2.94556960426392,-3.34253515355365,-8.79361708123916,0.637574573895741
0.54078893629117,-1.17279282860376,0.370672251089542,-0.587797036474128,-1.83214653776716,-1.73376258584346,0.661059286602116,-2.96666280173504,2.15710130541869,0.290997389939978
-0.076103670053369,0.173268395056771,0.0289686626735113,0.877346865191384,1.703214139321,1.51013925921258,1.29565071833821,-1.74496986929319,-3.76202731684838,2.36439967543301
0.0201802406920898,-0.637974613181104,-0.554338336794149,-0.402725448641856,-0.324215875296267,0.355969630988134,0.65542582828215,0.6184687404255,-0.137192411308504,-2.03152089640027
-2.5774342483285,-0.0994528665513261,-1.86055652464908,-0.965152987882356,-0.153423840549226,3.25764420784735,0.12831072272128,1.10322665506456,-4.85518369589592,0.54228861501247
-0.287663258279648,1.32903983004844,0.281955285889468,0.699648754917649,0.460497980559543,0.565081092785802,1.15336844238253,-1.43340099333777,-1.22280562545863,0.260971565049339
1.86479718027114,-1.19709470164052,-0.718902323935996,-0.394121088812704,0.105748230254904,-1.24004691139733,-1.15721480652857,0.282129024607817,2.49224581996096,1.99644844396244
-0.223300198544043,-1.4414829962468,-0.362724649235942,-2.35306635557182,-2.39940955726378,0.348676259053237,-1.96940052400449,3.23587252282433,2.65709794205924,0.198239956543091
-0.768502189610616,-0.855445168349621,-0.950782211885386,-0.260574057653991,0.925656022505562,1.47150298967027,1.66529858600981,0.845390694936309,-3.01445385757288,1.97021496713431
-0.862490470764344,-0.024426806660873,0.587548399447287,-1.19935964861438,-4.14468185880801,-0.108367348030959,-0.482814859988332,1.31046560023866,0.967041288710277,-0.133719378575857
0.45786193031532,-0.208930140911476,-3.25224878714509,-0.358224680877472,3.11834661824972,1.88234205829472,-0.395093978346841,-1.9753547542274,-3.2051402522822,3.7978661222271
-1.81235962013604,0.877898610643197,-0.645742387613398,0.580505498265844,2.53244945927758,2.9966417952498,0.948627929111781,1.55473030387639,-6.18624586839568,2.654385034622
0.212275369885603,0.50337532850642,0.630713263535095,-0.192714220234315,-0.511405313274463,0.661531863270226,-1.42785117443398,0.132194092985504,1.06803377130473,-0.776421063279342
0.105225018090918,-0.608598982649236,0.967768724720772,0.113242730487769,-2.23000956343629,-1.95563763990878,0.524730039156062,-0.422908888755471,1.50984316677374,-1.19083800947597
1.23174954370537,-1.1075757504998,0.305576687189456,0.23553030945394,0.6503862658628,-0.491566711299716,-0.969645364704089,1.60384774322048,1.11823171103207,1.16644420398681
0.220887976878917,0.42350494769273,-0.777300748199754,1.26632299952363,1.64457875154945,1.24999564533112,-0.0272741818124907,-1.99799503616833,-1.71360492896432,0.368634023440521
-0.822159356943222,-0.819799716712753,-0.902987140322622,-1.20601527141822,-0.76989311017121,2.35453398479621,-0.358787666432862,1.5528108285328,-0.545350894279773,-1.27051231347632
1.04230105690401,-1.60267482654058,-0.227424809346217,-1.38334761707199,-1.16368321842935,-1.82530999878801,-1.38527347289764,0.647277360946291,3.79193858881286,3.08048003034269
-0.7834211484441,0.983064760922115,0.533511232858216,0.269354585328435,1.73914712705854,0.865038573796597,0.436648482035078,0.227939877416728,-1.43530384116444,-1.11320461278122
-0.257080058202618,0.497228022700798,1.31657207768921,1.01083757273096,0.403441879153337,0.744791573740137,1.99647411650072,0.129477208356281,-2.38813590842173,-0.310711678149962
-0.664527311760583,0.775298462820908,-0.0526060144658002,0.64775516889743,-0.543300041783224,0.8060229202742,0.373249787711639,0.289524683825479,-4.06997645040237,2.55105341285857
-0.0577731262572111,0.849283415247046,0.475517844203344,0.530563509670586,2.07016478613362,0.996238828821243,2.04304934751061,-1.475948150819,-2.01588502121111,-0.872891005489854
-0.885689852634402,0.0635423465850006,0.791820485008758,-0.51341254208581,-1.55955457672213,0.115000836785665,-1.20943199310735,2.03419476954442,0.348267877396412,0.577154309396585
-0.659330932245108,-1.26832093611584,0.983582046993648,-1.16095946520112,-0.9002454126239,-1.62281609822302,-1.72692884868506,2.84099652169086,5.45353823260761,-1.69188043894093
0.0856310372571075,-0.0470252739550074,-0.173415081767627,0.563781347693944,2.65427225929307,-1.25362583015229,2.49369947356104,-1.84234407972402,-1.60081094873656,1.17418860920095
0.735210340441481,-1.06667705727617,0.866151372268727,-2.18842377844185,-2.78191613262089,-1.4241448034268,-2.85144421382373,4.1258721176362,7.31836803602442,-2.98779190931864
-0.540241593702694,-0.908553861000442,-0.806549541268017,-0.844557843744784,0.0531287764156941,-0.651797643537774,-1.36241569074259,-0.156313139928643,2.12155436295369,0.193666564051099
0.405337162098128,-1.07816890043552,-0.196217674686345,-2.50264876372906,-1.08182021245979,0.863067304715475,-4.30502740109147,4.84718123534266,4.89451511850765,-1.18293851524325
0.316042196078291,-0.418791111047257,-0.293251412224762,-0.874393178559816,-1.06605957161629,2.11981887828623,-1.17250362522478,3.37353018518808,0.284585273023146,2.0610853586779
0.317511678827818,-0.000309440086338791,-1.68582353281414,1.09430212556086,2.17833006775698,0.300363057252906,0.602307740163094,-1.13875487586397,-2.10318476649632,1.21054387826354
-0.156034153530388,-1.04923232732839,0.387055359028952,-0.39827725037517,-0.30391619734812,0.218901263374845,0.392606197518314,-0.372263512605138,1.16307593881341,0.393791404731053
-0.0614965918335628,-0.55691322929656,-0.187380605029904,-1.94106158445026,-1.4163229034296,-1.75372241100343,-1.35779432697219,-0.84162723045087,4.0027558495816,-2.11586970057678
-0.645451010950213,1.09238159281565,0.252501086685281,0.142137311603746,-0.763951627341473,1.72220780681047,0.0775030743213428,0.970594985508548,-1.58341633043511,-0.317696498107845
-0.441541856604785,1.23824636096307,-1.59950752277624,1.8254156923352,4.99155882044826,0.719532641984811,0.186725421945187,-2.356369088744,-3.84282222435066,1.90859949144917
1.12545211958089,-0.724921989047781,-1.01962156556603,-0.201988621606291,-0.282627323606988,-2.13867200502363,0.393571486351931,-2.5596343382964,1.88374304710138,0.705486272164996
-0.144792481097316,-0.0366211704300089,1.38308728112911,0.44654289746913,-1.16289006088433,-2.54916214668262,0.0475442923978824,-1.10758702294466,2.507706160455,-1.60286479179826
0.452354218444392,0.836569543788983,-0.47082834231881,0.95351390471695,-0.317188104605683,-0.562011173527397,1.64355677210096,-0.73011951775577,-3.05448775356659,0.462980452066474
-0.465554531930734,1.5549356606232,0.361504985650411,1.41494326568447,1.27410990523913,-2.36073054125278,1.23944123863888,-6.25616887721657,-0.855103719758039,-1.41450653398459
-1.12035581280439,1.15759846444839,0.731345636201463,0.143219142925299,0.689609899643191,-1.30920301095167,-0.51479643375696,-1.62339495048103,0.71777120907423,-2.16331892045574
1.16880324744661,-0.396563548902261,0.435649235316187,-0.308800198213325,-0.724398419020338,-0.693459486386164,-0.542913373508794,-0.157695933231739,2.50806590453955,-1.49298191915808
0.00432890586178045,-0.645939212761095,0.736690642426164,-0.184820887602609,-0.0927639784134693,-0.231318070447588,8.13410964781991e-05,2.62041718518622,1.84798894274909,-0.369405704081255
1.16795012547648,-2.30234042661169,0.434017584640593,-1.46246784093925,-1.35328964996614,0.0100008732935523,-1.74728792441875,3.1362530635528,4.46603958749359,0.155357009882222
-0.733167938014655,1.29898507338813,-2.77715501242188,0.647166019611585,2.18889061859803,2.25293180166453,1.14926718213088,-2.35923550425507,-6.85473049236864,2.833155294982
-0.593589518295567,1.07261942206968,-0.640822968755744,2.14594939853862,2.11356456267942,1.5042650295525,3.8333294342613,-2.94109239044371,-8.12175097301071,2.68541907777769
1.03839758939486,0.896575788954998,-1.9530044527585,1.02611358466636,1.59695090127429,0.821812199621273,1.15526822298281,-2.42956626172376,-3.9333681843478,1.91174038264418
0.918947915655138,-0.609273777914266,0.291142921878253,-0.341091166972668,-2.47761933245124,1.73823628162403,0.653893151957367,2.91911060015422,-0.559904659885263,-0.0524627019047139
0.377478114512878,-1.88054323836885,-1.01525361152523,-2.26825981241439,-1.5059690481889,1.44388064512386,-2.73342678142446,4.92747893629683,1.75265775292463,0.723215040327155
-1.2309205628999,1.67070334391745,1.8858526450746,-0.605524456341908,-2.53392183914934,-0.987606967683788,-0.481924877856935,0.160405855938475,0.758591716672295,-3.05760393112392
-0.845541083021529,2.08620484418481,-1.02394638777662,3.36000110940259,3.40267901486098,0.451104652226593,1.71484156397544,-3.5258099737969,-6.97758931306633,2.02812323543347
0.459254943944079,-0.632421296711301,0.12717396131335,-1.13012017052871,-0.480207713902411,1.12762866014621,0.612926016689487,2.55097107726142,0.265524491413306,-0.364304754505061
-0.657183668886247,1.335045536074,0.805297123170187,0.112354565036206,0.261633465089479,1.32258443249555,-0.342288338809092,1.60389275035721,-1.48181216551988,-2.2299440176622
0.315131749164279,-1.7066709041302,-0.586041773113408,0.886844974379841,0.330469003410433,0.493003572952434,2.51888992963427,-0.698086255085658,-1.75913227144454,0.70736428636788
-1.05528848997667,-0.0563641132705351,-0.160909008957157,0.784436668393917,1.15698668297739,0.246708531627216,-0.0962127593165001,-0.125600988141116,-1.11365652082541,-0.572597792845436
-0.193828757365591,-0.438701909447694,-1.05208425743755,-1.12671070055719,-0.0899255315910733,0.541061605116249,-0.952240138246374,-0.273927813461305,-0.102855905858297,1.3428445215215
-0.325498035539112,1.14700391813781,0.640627777465086,0.754866017836036,-0.994192245307901,-2.47790163915656,-1.12815613127785,0.208384643584324,2.06169239936506,-2.7789196607633
-0.575387903188251,-0.957239087253001,-0.948090328305137,0.0133665937800951,1.16115546440456,1.05293470869181,2.33675119579044,-1.85337379234133,-3.08254800609822,3.83801673587436
0.912498957112089,-2.35559886132794,0.141529801788069,-2.9241470903142,-2.11000728416775,-1.733175778493,-2.24066966070341,2.28524965950058,8.43399975573702,-0.638399586751652
-0.880800000484069,0.668903243952438,1.5824451823803,0.464234717841249,-3.99985363496449,1.39976932793203,1.21783366345544,-0.0661164232547659,-2.68246780612515,-0.525010697249279
-1.29010318486954,-0.677484552117024,1.23307651307709,-0.80623538368864,-2.05343250914443,1.58647463410878,0.0676732368509774,3.02298044154971,0.157393882791728,-0.813062851236545
-0.523834660321486,0.199185582613121,-0.209532992057804,0.341122611873534,1.62667174689916,0.376842648591713,-0.260597335172757,0.117279298351541,-1.11485244986187,1.09719362999715
0.94751993014364,-0.0432949955739086,0.619157195324408,-1.07070494175228,-2.28440991492911,-1.36025608494147,-3.28050846023673,2.38842210302004,6.02790223367995,-3.55382403625722
-2.36195007546872,2.52840219966954,-0.842744335166933,2.04175136758431,1.64542042966555,0.554621305361761,1.68217661571301,-2.55259157985612,-7.13239593905632,3.20391017498517
-0.417123039920651,0.884345107605417,-1.53313952654891,1.1294685284864,2.4673029458242,2.39424414085008,1.08762217072297,-0.271125624137805,-5.4280305991901,2.8961137918511
0.634672274972085,-2.13031438837457,1.34128365432567,-0.263494902760294,-1.08567167749145,-1.4521607226293,-1.39443243435707,2.16516955970786,5.47890770629601,-1.98953720066053
0.302391112770701,0.661437682239539,-0.672043116508667,1.40733364322437,1.00584391396435,0.995960502288976,0.920410525446906,-1.59116976885717,-3.25390934744684,1.73530885991689
1.72085957148721,-1.20710555824081,0.424705621641077,-0.53603694913889,-2.27038882048399,-2.08672306519528,-1.70423497812332,-0.551192376670801,4.47487593318621,1.08731915307428
