-1.34253611809032,1.22872916491376,1.12092684284542,1.69226510425823,0.558238622245291,-0.181541191994259,1.26630653446687,-1.92255359539203,-2.93252905635177,0.154320640276736
1.28304154656962,-2.41458285446792,-0.0190353378763868,-3.36683600072498,-0.745247283922655,0.498854017680497,-2.54717188173467,4.63853390207638,4.51918963736449,1.60901992005499
-0.0878110902975563,-0.649742259347349,-3.16808081370637,-0.501642779044098,1.50478656580473,2.17788120799623,0.757231101421626,-1.89798106490049,-3.48241724173223,4.79069912742424
-0.386823894241009,0.0396348518247112,-0.0140204327599949,0.277444999880701,0.0922351665216128,-1.50228434009788,-0.127798219745624,-2.01376800806391,0.626041164774245,-0.770432908669904
1.41270564191094,-1.24285884475425,1.27637289464461,-0.544622180757342,-4.05753552185196,-1.86029077503962,-1.64788090600618,1.78889050763702,5.91970160263574,-0.815042002431874
0.193443888534739,-0.129213568244067,-1.37992536642686,-1.02747153721463,3.66500272060806,2.5834427516782,-0.954376648639055,1.37361501443018,-1.81571211659162,1.81809517042996
-1.03356303948905,-0.0269452250906599,-1.36920007185095,0.271462227475254,1.39185258985464,-0.832571444275544,0.388525015034324,-3.35436273664711,-0.911362053373037,-0.458848069323627
-0.448992084510148,1.6731006592742,2.14565816007138,1.58913510103755,0.249901317881735,-1.96390026145518,2.91146322009627,-2.69832071360608,-2.20271442948206,-1.27646818004169
0.259383535621011,-1.52668171042922,-0.307549240806689,-0.262215574774744,0.462875928402011,0.0282732704164342,0.587909592849235,-1.02153243269715,-0.823959288386856,1.47153951092217
0.510305706274214,0.449317131316831,-0.151166508970628,1.37844187716579,1.05208415935714,-1.41714813526296,0.433219787417281,0.314162195042876,0.906966899179016,-1.24299528243468
0.242140894497723,0.321504908417449,0.489370107476357,-0.928015220372571,-2.31150367677923,-1.67217766679301,-1.89373190014669,-0.175033578326926,3.79237523419475,-3.79375108330999
0.526709099907054,0.724132529486583,-1.38403271315744,1.11605390682706,3.02832436167504,-0.972214278901861,1.67332842259382,-4.05174590593509,-1.30924382249474,-0.210763601811934
-0.0941416696516177,2.18978765620016,1.07377911740146,2.04208333683553,0.156311785005769,-0.456511763248762,2.47673817605109,-3.68656897733631,-3.83839337030238,-1.06573315309453
-0.479908276976921,0.446130928928171,0.790930648709364,1.1239989210528,0.451598187769982,-0.0619928492060591,0.0581979570124332,-1.82099533070094,0.172589519009924,-0.260055595332856
1.36049382699126,-1.62764683701932,-1.22451058181582,0.83376336790659,-0.652924462979273,1.00735768439107,0.472342294446775,-0.010059535084576,-4.21061104576077,5.75846846621171
0.308527384922412,0.024995661519672,1.05487780979037,0.85869784496739,-0.711555463351218,0.927639720003336,0.381661830509022,2.26915352978305,-0.899507552212651,1.67207420943191
0.708400688341795,0.0106251840228256,-1.42607439857942,0.481094245356689,3.08401159633504,1.29593471626691,-1.60809202468764,-0.0013983609635384,-1.48990281254487,2.12985050510183
-1.90533470494635,1.87359990023001,-1.35575702976256,0.795172551062872,0.98652950933804,2.30743293316667,2.40491794569617,-4.10547662459839,-8.06748255560081,1.83287353090321
0.259066804311045,-0.574102048302755,0.449346766137666,0.253508641700108,-0.947355400046281,0.23915592269049,-0.928790656513694,0.236869787244377,0.758637305770586,0.406851953672134
0.29068884560934,-0.450891632593542,-0.23133493833393,-0.107424533109895,1.66080846244931,1.25579208863151,-0.492657116843427,0.866447825800862,-0.369564092882839,2.24933443122037
0.406760296721393,-0.518680730638164,1.30090462573924,-0.933097707148837,-2.51878661539287,-0.714637799058297,-0.290162214308695,0.290398063775516,3.43732355837075,0.142815378859008
0.626528068504396,-0.336372402716112,-0.619163365664007,-1.16626443058632,-2.10382901198601,-1.05499850613944,-1.02663741413867,-0.464877014928572,3.75914589562995,-0.630031518748901
0.508732506234893,-1.6009391263739,1.12980926585719,-0.53139264040418,-1.87692408097691,-2.14506627385284,-0.677184767840769,0.895177605058353,5.63589719808658,-1.57099457163201
-0.58178310209559,-0.887386561347023,1.44971861167639,0.45010156749563,-1.87444765844591,0.821804552883299,0.0249787700761802,4.70687565793439,1.41626177416424,-1.00699730682658
-0.724782192842643,-1.07436973432542,0.751539513916559,-1.80503563695117,-0.396442445820945,0.0108853499472983,-1.36534049411097,2.98364925919968,2.36118107689598,-0.164511441332242
-0.495328695510834,0.133941313205156,0.127050755368781,1.10493153521229,0.484311093539343,0.151074288709306,0.817349601339293,0.327767245148684,-1.1511240979991,-0.43266994555954
0.316557079137904,-0.288650207252721,1.54462933026286,-0.217198079838563,0.340194779352988,-2.07326142566375,-1.73765390712335,2.60915360960008,5.01008975149926,-3.18767309432586
0.640853623731615,-0.968527281361165,0.670303473358442,-1.10845713270451,-2.0313452829681,-0.221951363497991,-2.39372399384961,2.17593437542678,5.14339083866648,-1.91787024928298
0.325507211666208,0.991086194914447,0.215810862292247,0.96379763723352,2.09069631614766,-0.136717310056526,0.839866763202008,-2.96203538119734,-1.69972663285607,-0.880104629255635
-0.80018655709888,1.4232368870901,0.465594691935162,0.969898731679371,2.18203825655583,-0.442420844184728,1.15686734039941,-1.31364288993163,-3.12789342283457,-0.636674631836634
0.644065012177515,-0.739971239973821,-0.35116981220358,-0.0134403749985571,-0.913182897978791,-0.599121114034912,0.28661178896225,0.338169305976809,1.03090071908128,-0.349050458213151
-0.646249667189156,-1.29559356408687,0.789415826888114,0.152404593602681,1.87836806188832,-1.11694961000915,-1.53864302000616,2.40327518682959,4.73340131046484,-1.87368060636681
2.68301259908891,-2.41130434806905,-0.270191976012478,-2.76013646731093,-0.908532885966824,-3.53915209757166,-1.4629552391857,0.00787113831259697,9.14497142763083,-2.00103969351419
2.41925039698153,-1.50638059558812,-0.611977144703307,-1.50731264529924,-0.461929411542942,-1.15464408232529,-2.04098387061389,1.73633847940581,4.66975036909397,0.331331182900408
1.29237793597674,-1.62374072188119,0.231790430478124,-2.55301949770399,-3.22820219711168,-0.554741074541966,-1.01402772663589,0.6876965582494,5.2696835015808,-0.812908171139242
0.0214151135584483,-2.65371960155077,-0.800832469503151,-1.75851223664342,0.223302276194777,1.16412609767066,-1.12558000057029,5.36688826381178,3.56392925919985,2.20039504216771
-0.372784403465511,0.423901275733022,-0.545421572362374,0.583876575023198,2.69578740761128,2.4910912455261,-0.220930800178237,0.875685037055404,-3.23609538124146,3.0440876800917
-1.23078173711121,0.102414101943275,-0.413036257478855,1.73527261015824,-0.0959165390583253,1.47746894266398,4.17495403599614,-2.62585979453682,-7.97681865109668,1.67521749924148
-0.963703233572778,1.29385075415404,0.211987825904422,2.86474560256646,1.14496823140106,1.82641817125427,1.33229152502879,-3.31399463119147,-5.86196097352122,2.46956398682157
-0.425041473564632,-0.0607234550380601,-0.0878844236450883,0.79471255026912,1.54417627664765,1.0579070599139,-0.46249495260486,2.10770372999815,-0.798865949247528,-0.509556085731261
0.176209935647059,-2.22968810058603,-0.568485196852994,-2.32839975958633,-0.405232423082137,-2.06850947948761,-0.688280370848013,-0.0957947118570837,6.04521493042963,-3.33555233791946
-0.79187338571382,0.874249505090086,-0.874479361321091,1.16108331893625,1.32534107776852,1.21113324938957,-0.978486226305585,1.16659282049333,-2.97671525735988,2.6085411256593
-1.48852122118484,1.86640516907557,2.02200297796457,1.14304581045908,-2.32120255802178,-0.0618204183651165,0.780086209134774,1.01728849591154,-1.64669735445587,-2.15752334198078
1.04058743177792,-0.648955025540209,1.30337741180103,-3.17295749449187,-2.14274209356246,-1.08849525245176,-2.88440226490563,2.8875415719083,6.06519006020671,-2.14357730339246
-0.643292747613152,0.521113356745382,-0.319628187485043,0.0956047174677668,0.816574723365794,1.61210333468461,-1.34728332915638,1.35060587597735,-1.59831267726479,2.85717498272775
-0.393499141138945,0.147741870857757,1.82648042375342,0.0791256533514741,-2.49388146651698,0.661422276726281,-0.556732713289074,1.00878397087267,1.05144596526322,-2.17897579718338
-0.699478544512955,0.870744580684809,-0.175653844317179,1.03367718671998,1.09390515152558,0.562156977857397,0.329791081374145,-2.08272636796752,-2.9955033594259,0.712502865632503
-0.486128743779952,0.916593984307093,-1.65620402369924,0.116283541725263,2.54662219468751,2.13920495775256,-2.37434542248361,1.32315507854127,-1.13700561687794,2.08318173209076
-0.705443471104554,2.40677662399688,-0.614313750480205,0.954899696411476,1.48772412953941,0.293078124015873,-0.3017721499817,-1.7555376490303,-2.58818724828249,-1.23663167662478
-0.387469871931291,-0.550109837766038,-0.200149889312266,-0.370206757285433,-0.55363711262624,-1.10991315657413,1.56260387373577,-2.02071744974456,-0.0827253174116618,-0.66142108754863
-0.0738938115754834,-1.42019525644045,0.63670839757499,-3.08473785441061,-3.10089582872609,1.35473890423466,-1.53875308364207,5.20968547151708,3.49667980620097,-1.87751316106874
1.16495946511046,-1.34520784820633,-0.717997517383711,-0.420262268565892,0.915725939138875,-0.000899274153002439,-1.37798931940445,0.416013248566231,1.49937127864754,2.89374877526553
0.175968564622262,-1.59238329800332,0.307347964698479,-2.17312338338276,-3.16790138692753,0.0235856554575687,-0.988689402853284,1.89356352749563,2.80713191166003,-0.0429122740327522
-1.31578662784458,2.02475776141651,0.46738005066972,-0.546914858267119,0.997876971484814,2.5762742987138,-1.57073574743522,-0.0853909403366457,-2.30572006572679,0.763628721508825
-1.40745339033827,0.736630273199927,0.556038766570978,-0.148857556472024,1.06790018831642,0.544498744020508,0.026038320148663,1.01854117061683,-0.99601312488137,-1.94730088907504
0.0374506238743008,-0.220246241880946,-1.40871565173672,0.802018139761144,1.38007495541864,1.14425410746072,0.448869274346475,-0.118500393677424,-3.40412343345792,1.93351747117541
0.784021165717829,-1.0362555560881,-0.153416611193113,-0.0452993820378661,1.09152301726678,-0.755706587006755,-1.63198230014927,2.01588342549531,3.89842562639325,2.00349471314515
0.705888389037023,1.12874962174741,-0.240614400611249,0.651939191162547,1.90258816587198,-1.52672201945672,0.229150050524034,-1.24189518034128,0.501607918236979,-0.24232299384888
0.46109635038827,-0.463061179107625,-1.4649248072061,0.347056033672446,2.60646837904566,-0.0626249039299805,-0.981756884863506,-0.0617071421398836,0.79745954105454,0.841589304866064
0.0349932282730668,0.236039371359314,0.240529338730149,0.299595310630333,-0.499690497927051,0.278209793356258,1.09112670257179,0.195351786827657,0.656890965256778,-2.67746500289916
1.36090740263734,-0.183041820828322,-0.412799869825037,0.372437458828464,3.22305218036842,3.68597648157521,0.599086586353997,1.8221897330489,-3.96706375602354,3.13993517868755
0.162614024978351,0.548636477442697,1.52418765610237,0.620579155423895,-1.21474302585361,-0.593801137580979,-0.615416913874835,1.44303703173455,2.62192188609483,-3.2742437186654
-0.409953870060113,1.65064306227511,-0.843811164410748,0.411390681148719,1.60690393073259,1.87524756155084,-1.36510146150985,0.455915389781385,-1.89272110904024,1.07276370105325
-0.255847077258324,-0.734243264236291,-0.041284152718277,-0.939294993045807,-0.658643544007444,0.0107406462527863,-0.774669943127846,1.11492331417396,1.38557896626685,-0.748256109750427
0.0457578632023067,2.05479143399855,0.722654145798261,2.09901755763828,2.10791373433609,-0.731475263304214,0.743864545693427,-3.74947935033591,-1.56927349766936,-0.596337075624727
1.30067023888737,1.5228854440451,0.477910204324767,1.9477373019484,2.77908577000382,-1.3393433248759,-1.64343359381793,-1.77196595143438,0.417334744461477,2.4653293725341
-1.42068866535778,1.21419570324172,-0.678527969051811,1.69410760615464,2.06031553930728,1.4453392335764,2.42968735420334,-3.81821478533851,-7.54148670228794,1.77380235762166
-0.162458557459522,-0.0406366384853628,0.213503031402698,-0.0331567853952083,1.59816256833345,0.15075370422906,0.376341749856971,-0.651596357986783,-1.21600976186215,-1.0703014251516
-0.379228314393441,0.617641583607907,1.07304601509962,1.42286160053292,0.534068564364394,0.5656370620844,2.25686488525774,-2.76419459505453,-4.52091304858073,1.5577836424853
0.18411937431502,2.70675082946088,1.04781179620875,2.29457293670347,0.322714943538442,-1.06874890811656,1.09889904667338,-1.50230315331447,-0.844024667780256,-2.77764073632319
-0.47856672520435,-0.270217710313275,-0.103374789373665,-0.451713062551804,0.5283531289347,1.80636284852861,-0.437249409410074,2.6384678380801,-1.143107564949,1.73035886236879
-0.489347248453661,0.503448883881933,-0.137296899603472,-0.156440446356825,-2.05950494589663,1.65987304043868,0.125201463638315,2.13344522676966,-1.74213469094897,1.55494980541385
-0.465673686875744,-0.495430857698791,1.95556651013053,1.23025069214817,-0.756832604871283,-1.83772631170512,0.65740606930893,-1.81306849365245,1.5669349867534,-1.71475697607236
-0.056369200362528,2.12286718310801,1.34007638909751,0.858763154828259,-0.435865291767279,-0.453020225820247,-0.560608036376568,-0.276438015653204,-0.19824455298325,-1.53814604648222
1.9394414883746,-1.69677611761252,-2.47642485103577,-2.40305839757568,0.655953327035104,0.756933541047073,-2.10254935463621,2.13204212197224,1.50194910796329,2.6340800907621
0.302572453757733,0.812943534853935,0.103595235361138,0.120156147851127,0.536614009465037,-0.235829618819365,0.46420171724413,-1.01907836420489,-0.729499928966313,-1.71760252051786
0.0905467107123664,-1.58429873675965,-1.45636682994012,-2.75396271253718,-1.53226404588735,1.28772738953281,-1.69620240202428,4.13793298090088,2.14243285635847,-1.12168278452995
0.905596932408816,-2.42260948667746,-1.50998091860264,-0.841250820088584,0.601397303100429,-0.100673624450161,0.420453471119657,0.0703239081201142,0.997624048730888,1.71492816528835
-0.725949514766373,-0.293422847143958,-0.319991551572524,-0.423837465947778,0.628723814951426,-1.27282301652751,-0.357774904536898,-2.15711206616961,0.769628071972848,-2.45560272223497
1.23501962183755,0.59780745233215,-1.34078663391287,-0.659928678006123,1.28455028722346,-0.12012415240305,0.899279559944208,-2.55311895988502,-0.877387834656566,2.23929681210757
0.563115797073938,-0.84497248051285,0.0186445424977512,-2.09103499697502,-1.95727119033936,0.557361247180857,-0.798913856838244,0.726998203493766,1.25420484236376,0.777091737856579
-0.214525751575055,1.02193308788964,-2.79416243377153,1.00856694859624,3.48478705671894,2.43328707743061,0.891459438479243,-2.91112350071026,-5.41841919032604,1.92986472889449
-1.05173112338731,-0.843991051835687,-0.198585797973875,-0.767536199492099,0.209646261340511,-0.790186271739451,-1.41740670960203,1.48891658197581,3.27567490450592,-3.23125680077826
-0.36732354455091,0.512576289514639,1.59778400563306,0.597177688568342,-1.41346038975215,-0.0240032215321189,-0.0602039615859323,1.66457547887944,-0.834885256735668,1.06529345691261
0.0782226048688612,-1.46769944646095,-0.254600318073328,-1.62173525370762,0.223663294374118,-1.0465201521491,-0.619764375908077,-0.145812002868963,3.24280506449339,0.850884143579363
-0.322166629161808,1.76336340960363,1.21616994991243,1.48234920257584,0.474384105274781,0.528924667053025,0.643276661735926,-1.61829401211415,-2.29334920386476,0.425633123696455
0.178866148033301,-0.428322126601627,0.692623466546287,-3.1553254306421,-1.03200404187075,-2.38529272723888,-2.79049579144585,0.668004161874999,8.7174029838238,-6.14030359467297
-0.058660953904693,0.917060349119938,0.166062401819146,1.52079808512744,0.999602845530968,0.241326092649273,0.671019288305556,0.0620503155831214,-1.3249346093275,0.634241041422947
-0.646928060025819,0.769650821643987,-0.543127871183772,-0.42693740560202,-0.819331360795969,1.7174648776194,0.196109463813941,0.0579522214848451,-0.561303837836379,-1.28155556258886
-0.928600919119531,1.13545031692563,-0.04196583513186,1.42201789669383,1.39820387173902,0.614905171618198,0.553726946180039,0.329227134258816,-1.69247367301439,-0.312742939939493
1.86793706957938,-1.01467576215087,1.02242355237017,-0.639890901303411,1.41612215818951,0.466268301891005,-0.463136553999686,3.86271431016389,3.13921224782882,-1.91790713254675
0.067420651653384,-0.0190740399069928,-1.99882129514143,1.40545606153782,2.46837572091326,0.735293475757121,-0.110986649320531,1.57996468798113,-3.61342672438775,4.05931748914258
-0.630328611177919,-1.67001055474591,0.607768149249758,-0.850745486614373,-0.290061397253707,0.612133515186659,-0.353684580479084,2.23245282885265,1.57393779571958,-0.627962388651847
-0.147068065664919,-1.09950003859854,-0.239521122871173,-1.48183376796111,-2.53159105151198,0.313930255906662,-1.57912892180793,4.46204383380721,2.04162029409802,0.835010339249456
1.07742364303781,0.478532291604657,1.21593410699833,-0.504895523479673,-1.45999677862265,-1.72709890345476,-1.42935921328862,0.747074421943563,3.5783618052339,-0.693810735841845
1.12873931339809,0.352087187885346,0.0157847158597112,0.62568766276791,-0.373685018368137,0.702073013979431,0.135749934200367,1.02878966178862,1.52580732075731,-1.61083388625625
-0.353915313577117,1.33154455876142,0.992605364595053,1.01915714440048,0.749782937992319,0.224194430650378,0.267793254195325,-0.485158902078861,-1.51918233171529,-1.49076987661063
0.12083678880023,0.589427475730782,0.467976348132228,0.656718241472293,-2.74368892288977,0.960051936526959,0.202703315914964,0.496744763319538,-2.84363992098889,2.90847648975304
0.0174284721870062,0.995536118879213,-0.71739339639,-0.326628285733256,1.30700736492871,-0.176548213566737,-0.699357628152603,-1.06822304179841,-0.26579978379041,-0.0946138402248666
-0.778646872899891,0.0559536303817573,1.11981152748129,1.0564848650428,-0.375353222446554,0.279697184227156,0.437351482370803,1.03626602737803,-0.357999026858049,0.168713979077319
-1.76772305631112,3.69479049747116,0.738055773037005,3.1637195630706,1.53683124606546,-0.332556330692156,2.27324455094056,-3.64825847923102,-7.62632030036851,-0.339323861524065
0.540868990241737,-0.853216988709098,-0.347285485400003,-1.50272710262993,-2.68963404736339,-0.496429723859524,-1.11242326625115,2.01721720492469,3.16394932298986,-1.97699237112637
0.161080193831618,-0.814797218473013,1.01904710951476,-0.394328429062685,1.9576711492898,1.04296158549395,-2.26009857882867,3.97837663914932,2.7635219525476,0.933173944996179
-0.49777675953985,0.310934146197409,0.143271630386455,-0.920199315079345,-1.61507498189956,-0.428812337568889,0.491578304863753,-2.14304083008876,0.948950509035762,-0.896470020496007
0.406108011198907,-0.892467839301779,-1.84186015539644,-1.60218015491835,-1.34516827342917,0.528966486439105,-0.535490508045819,-0.441298130146397,-0.7959595854618,1.02904236100871
-0.514416026785093,0.880902091325308,1.26202884974008,-0.796039528041572,-1.48468963222955,-0.408682502228923,-2.47707546537391,1.7496302419401,3.14850448686342,0.200408056731806
-0.992833036179509,0.607343113678752,0.736717119753393,0.993587737317618,1.55640995602768,-0.475881834213032,1.1423906937773,-0.234028044945101,-0.753088864762153,-2.02362989275926
-0.912203348160807,0.946025478926959,-0.0456061036376381,2.37080237200383,4.1196731418181,1.75072672347298,2.09721742655657,-1.60698039173448,-6.29748861286408,3.10329635917486
-0.663342876250506,0.268404555897673,-0.606391800033696,1.19402357968051,1.48050482615491,2.44411738473255,-0.0839473230704906,0.587010504838748,-2.6523037075996,0.843090082906773
1.53664570338571,-2.4660011114182,0.129580987004427,-0.961215952067259,0.031813987528679,-1.14065847012071,0.457592526432901,2.85382649837538,4.82886307322495,-1.63584343832666
-1.00510043706781,1.54265481881404,-0.0870698432352778,1.24570209745359,-0.191113250341928,-0.820694594630146,1.26779023070549,-4.1604245713001,-3.05938428438183,0.41455439001
0.305527125485599,-2.00156502765349,0.0231278555462075,-1.92398478362359,-2.23720329444541,-1.09680307569452,-2.78469252376851,1.31486700958955,6.19672274999012,0.152381949126165
0.603477912649329,-3.02629856134464,1.21115997870587,-3.7437899053667,-4.9043673741867,-0.609947034237462,-2.79839156875632,5.34028002965774,8.1625123081769,-1.24292373922748
-0.807866403058434,-0.0798210722578515,0.232651284339581,0.476100691608703,1.62970042506701,0.252490275986591,-0.37969154061514,1.8763743388934,0.210359792583234,-1.90461238271122
-0.240787012840691,0.282640831378639,0.0674307082228508,2.52851172110043,2.86317602171216,0.137634471960386,2.72655808091065,-3.77556634980374,-3.44305571713712,1.16165669240285
-0.47551856313643,-0.972180314457043,0.15587998980811,-0.0299661307553111,-0.146827188621501,-0.60758030571418,-2.2222516170836,1.71357529606349,2.90765861116359,-0.395312184198141
-1.03263000005976,2.44087285307688,-1.09227679858939,1.74555027787569,2.87222746890483,0.809383880082727,0.267978419970966,-2.07408929684353,-5.55023715619992,0.623653865349909
0.749022715871168,-1.10147265338815,-0.363996686511093,-2.0804641257918,-1.24525039446565,0.180766879329152,-1.2327147024286,1.47047772102614,1.7760679450999,3.44152043514503
-0.912333359920873,-1.16499784024967,0.388163863372998,-2.19768130905344,-0.551107526334401,1.33754178975357,0.210647036200976,1.95226615770445,-0.308375813126812,2.08436835358159
-2.0339833158792,0.373068213765925,-0.623089050286542,-0.446769239141419,-0.249109402994671,3.05774808572757,-1.38469280999652,4.09470721798586,-1.98488374609849,0.482650477520152
-0.0516278110801956,-0.461088972456889,0.726584463108215,-1.96593539926956,-3.66969732617891,-1.17956354006441,-0.753045624017392,-1.5985454187643,4.36096368936552,-1.27946206555653
0.579209352532743,-0.440746390968408,0.135769942638332,-0.390522722521468,-2.04627710109235,-1.02682324739334,-1.50252520704819,2.16595764571642,2.49846704339802,-0.486379649291825
-0.636099348844096,0.850986165935,-1.84555423009276,0.429179420752838,2.31264615404567,2.09000916052531,-0.137669129828257,0.807858230464027,-4.76726657730419,3.66289549432281
-0.0682259333337785,0.105523695716055,-0.827959257285681,2.20974541376599,2.46841055927544,1.43508627377912,2.26944645044032,-3.77101449796794,-4.35099166860374,3.40960309412393
-0.377235658298772,0.258402971022517,1.65660069476236,0.122933727904912,-2.23322829508815,-0.639463287771262,-1.97250792642651,2.19849892169294,3.60377987467181,-0.45651584162358
-0.0848509772131198,0.482630650723963,0.243815414835954,-0.121987473254131,0.27212794152183,-2.11827861480757,-0.0924957983503471,-1.59787743311338,1.33259993840083,-1.5376831945383
-0.2036022399834,-0.439845790636437,-1.61737658001513,-0.0152820023983877,-0.211010490725109,0.921100744612203,-1.03255932419353,1.57521551488353,-1.61242107800544,3.67503295094226
0.0816579416482791,-1.31703410825423,0.238918439746969,-1.06384386303032,-1.47302041850926,0.313521324123148,-1.29856402029592,1.83794250544646,4.404913030187,-2.17391111605322
-0.78454060866654,1.14343699348494,0.517447214656773,1.29777975369581,1.13964979047971,1.7569106682581,2.17631270753752,-2.79021160946595,-4.52192605716733,1.10090380871689
-1.72428673426835,0.840984412941364,-0.238598762543367,1.281339518468,0.322862170892209,0.776003502871485,1.87100689405389,-2.33456722756723,-5.40787352547671,1.71527622754916
0.889536602695049,-0.502981087789256,1.62521453744677,-1.05846845898557,-1.39983059634126,-1.89025088549833,-0.36723473727418,1.12091068363226,4.20166322191284,-4.16716153965458
-0.0123658015853201,0.71226599316025,-1.4084783785913,1.55616982372067,2.62058917900774,1.72551732794366,2.62872469930064,-2.4861283293089,-6.6128822919962,3.2429480451175
-0.63388897228919,1.33379476740336,1.81381795288203,3.67000568898311,1.65194141852075,-0.183068212609472,2.86010080687065,-0.530500326249611,-4.35940347602021,0.505803940569121
-0.43100098446613,-0.141481844881936,-0.512704552414231,-1.09314190527923,-0.216862104498776,1.85326740675509,-0.859174182593668,2.1684786353305,-0.914565949546968,1.65332610546654
0.825178957064485,-1.69117691727692,1.1157468275377,-0.730223785286073,-1.48687796596106,-0.659894433131265,-0.735938596593679,1.57899081042373,2.07129826881391,0.264857153716409
0.523671792248925,-0.485025265041213,-0.0206896920087831,0.145105248726705,-0.161689437778504,-1.69123423106526,1.04699910755392,-1.33795037623684,2.32851904581883,-1.60428984008099
-0.42229721555604,1.19337237801194,1.16716631512093,0.865528873433126,-0.199366553393378,-1.49284002822598,-0.168109714962763,-1.6652080815934,1.55037169876777,-1.80352332868847
-0.867743523555227,2.12844435532335,0.85141256635692,1.5818543170263,0.590763650378166,1.21995324399266,1.53841205037004,-2.82072709249139,-3.25157564455698,0.550313853180546
0.408727007800812,-1.34113284190224,-2.0287699032463,-2.50280447886571,-2.96803010410618,1.55717141698198,-1.60289876125658,2.71350555045113,1.60605917338495,2.04857313277861
0.604170917775203,0.747440860366867,0.258037844496746,0.0371925163620768,0.319200863889835,-1.70137776884597,-0.195048735911859,-0.564738065768352,1.98590452784888,0.827318473435925
-1.61221417970053,1.10751593018661,0.572695264198467,0.0586015319915872,-0.0117454541878464,2.6182668685744,0.948989293735722,3.73912645616228,-4.71777482223499,0.194813843160885
-0.578510188767617,-1.72813978249213,0.379793909533036,0.754568046715806,-0.952737647470682,-0.324191743048297,1.24217259605794,0.446200316070699,-0.730926633680575,-0.518473472818561
1.5259974930911,-1.88178253307952,1.26812996139103,-1.61591328852909,-1.01812707008062,-3.75196926814344,-1.60286151563685,-0.516948933813751,8.70122072310063,-3.77243535341156
1.48482397145452,-2.64135089819371,-1.98143481569195,-2.19558771718114,0.0796303126864686,-0.779603424158423,-0.862099539336241,1.18702147056364,4.05212397462325,0.876940290794481
-0.395968914573817,0.410881571943082,-0.459557981497092,0.525119161838135,-1.7483276238818,-0.0788261220915837,0.954349514352812,-1.43321834304479,-1.16641119110325,0.442102511692344
0.0805140496795266,0.148680853722905,0.115399860532497,1.46588892651088,1.70384431391336,-1.72204310941673,0.353997895911635,-1.6615153807502,-0.517600509759364,1.64348133535867
-0.647451281566104,-0.61385155582871,0.715385064319776,-0.687629432899247,-0.571140700382934,-0.439636076415582,0.866842650510036,-1.76436855724666,0.556832980725169,-0.674006509600258
-1.55009492468048,-0.95402800076713,-0.303863350925157,-0.194483733331015,0.482180780009749,1.14496012695077,-1.53144692316083,2.85243379192767,-2.04327045314896,1.09043116138216
-0.604571886890905,1.35669667931285,-0.637624718826122,1.55827208343592,3.86527423607219,-1.5193901084344,2.27547348042337,-4.35744435442735,-4.43115180812197,-0.868306859421701
0.172306022697387,0.528539364760113,0.799968486978954,1.29585081976691,-0.356446212417552,-1.6196770401142,0.986591209899151,-3.11228714553309,-1.34876856321176,-0.720381601542114
0.4100021554311,-0.844534575343272,-0.124630380699298,-1.41060113864293,-3.13311636270228,0.620953892726061,-1.81479390037588,3.21453865091676,2.64320787727811,1.13834444968857
0.422459781177572,-1.10530578076288,-0.242066799831661,-1.42776174904194,0.601580088580818,0.0560992271376763,-0.548398678165417,1.79270746218254,3.00297225897114,-0.594429034599323
0.261362564147768,-0.513888196598192,-1.61857435614717,-1.55917079765436,1.41555049983931,0.668056823979946,-1.00733746800523,0.711435144630577,-2.17252610916999,3.09575185652816
1.87996300126873,-0.209246997021279,-0.470528684327266,-0.626726638649566,0.803639121246685,0.107108097540068,-1.66123905256762,2.43290520986871,3.32133292358916,-0.129127755800014
-1.18868796540766,0.257552697087789,-0.192572906613102,0.478560822970676,1.19799042747082,1.71887631548335,-1.04440514191932,1.26771609253824,-2.30259571309249,2.41336372800968
0.724967912356373,0.00523326828606185,2.27430603716051,0.649985488745077,-1.73252971096546,-3.02605993415706,-0.65614054423611,-2.09116761706945,4.83860896711313,-3.92659131335693
-0.795211182844116,-0.474430386890876,-0.571321538837288,0.43146847995328,0.789516519122613,1.23475189783059,-0.137852171348804,0.950491418413818,-0.940942267180847,1.76085174651734
1.42337669745056,-1.28879283747441,-0.244656406035782,-1.33645719911015,0.323285656537101,-3.39133278542536,-0.588411609392021,-1.72854696939586,5.09638032219672,-2.56283299885281
0.375010285859487,-1.0819565338869,-1.03046721879309,-0.328236547447308,3.44426121848522,0.0553941501013502,0.446632036360597,-0.919505381583531,-0.633874209944743,1.16206121546172
-0.435681285121455,-0.472260658387604,1.53332936841248,0.953324679767115,-0.894964973250921,-0.859398385394346,0.311149990575116,0.37010676148352,0.290948619411361,-0.602221062476388
-1.18693874505386,1.3114381279392,-2.0083685311923,2.51732554872421,2.4767225106483,2.51443510292804,2.74083487647247,-2.86343763191265,-9.08826632872474,4.31210687062308
1.115681881575,-2.1126629011777,-0.476380009198094,-3.65668978942123,-4.33076795370207,0.818036128443037,-3.76464791957203,5.51255346886646,7.23447244057048,0.236737719463582
0.651237644853015,-0.674417070158191,-0.118164288119638,0.99860475177515,0.739747714547548,-1.10859577329211,0.0566616271380068,-0.484637083541318,0.845545753664941,-0.000903589161081575
1.41978016451739,-1.2481329502231,1.1198138544767,-0.984779950875294,-1.75757801349556,-2.66444252422468,-0.867812241101555,-0.146819312974559,6.16450631418295,-2.91799477222133
-3.15213713177531,1.55266361031979,0.892805514703617,1.15922001525623,-0.437892131724524,0.826677342001274,-0.246823201177696,-0.631814238484279,-2.21913801080689,-0.800502212127349
1.23464377886421,0.0399076714250686,0.826932845601198,1.93931514259324,0.0134107412178941,-2.0166972498001,3.36946490942499,-4.28520466754325,-1.27057838942084,0.677027813392741
1.60435757471585,-0.7046652586789,-0.30300549324076,0.230654136298653,0.190763263656931,1.51577180266203,-0.202440491138187,0.587291740519691,0.384132185936732,1.84922557713976
-0.422900674722561,-0.268708968207689,1.03793080611294,0.665048628624779,-0.712709813802466,-0.309187698592939,1.61861457463812,-0.823989321157696,-0.390056143225178,-0.445736061195671
0.497245572101507,0.302584223358897,-0.148974092771687,0.747990240758897,-0.0356705848286812,-1.01622516461384,0.620847202062249,-1.61131673116682,0.306715093357402,-0.924420123490569
-0.356485528460271,0.972582044569781,1.4338130214807,2.39613964314523,0.68547357504338,-1.0742542207923,2.35421154139707,-2.2926322009076,-1.34098763561857,-2.05959476366451
-0.890450001983058,1.05967015281979,-1.44403011902831,1.57657056784903,3.04094203889588,1.01400591714748,1.81603203384155,-1.33372877346619,-4.15872204156475,2.54340309057012
0.304131550178846,-0.266843888815828,0.603158484998524,-0.439675904518701,-1.83879972504866,1.02685550836831,-0.0983082059712755,1.30864658282165,-0.0539591366872629,0.983668072583503
-0.689722351122478,0.357379234603381,-1.91076957462133,-0.401510716912195,0.796710299057645,1.74722727998551,0.802090328960846,-1.82160683655146,-4.47868703558906,2.43752759521983
-1.49111084542172,0.633515106044613,-2.62836394936566,0.909926627500367,1.65804079488601,3.29925623521288,-0.977757612560926,2.16393623081216,-7.15331527189679,5.26399038004089
0.746406665528907,-0.431416248251132,-1.4035280081947,-0.0186633536415028,1.90175488845722,1.05190168797141,-1.40115121864028,2.75853664681242,0.106404353412285,2.01343346815863
0.419981521298637,0.659502586035219,1.59570107848011,-0.00205458675955844,1.78328780057138,-2.40847798959219,1.03163219036299,-2.81106307330889,2.74066937830949,-1.38077229069496
0.131946254292927,-2.22054552473765,-0.242399072059977,-2.84621748419181,-4.67910907177431,1.03874635770212,-2.60829162539418,4.70126038002712,3.88021021234802,-0.349949057777473
0.806242981359785,-0.209990509286453,0.0346265442259293,1.2309836275399,3.66819668067063,-0.264980240237152,2.09218453962899,-0.029905160108706,-3.08180336592681,2.94137172314896
0.991037608859163,-0.590008885398274,0.0098960145337678,-0.559740552833052,-1.58106240702286,-0.528245401518684,-1.45732778378795,0.18207755779201,3.58509335886198,-0.556556477181207
-2.01479578582067,0.138876300823542,-0.78343704966728,1.06830055647912,1.14132935260524,1.0443512215326,0.629076468017345,-0.490432540717141,-2.12311590910654,-0.981140873332909
1.50137564627502,-1.84940686829809,0.421953131991528,-2.64407776235777,-2.69260025551465,-1.79996891101534,-4.08776888050079,2.88192905183964,7.50130006384924,-0.727161047951895
-0.746326669532061,1.2620028594167,0.0519677225902559,0.711542086321585,-0.519822086621807,-0.213512716299209,0.908490231054744,-1.94757073565335,-2.71772153719702,0.138131941222332
0.868636401500639,-0.428510324852849,1.88079411967404,-0.298468171906305,-1.21037231218156,-0.916413039587299,0.579447140555086,1.89740359628251,2.18657972866378,-1.38200598384476
-0.437639854770546,-0.958010992513607,0.0332565877028892,-0.378370236696444,-1.25911490528024,-0.0390013435016913,-1.01821180053231,2.09377871645094,3.26687265227894,-1.90062193686674
-2.48720800456724,1.11470679481167,-0.0698905494783945,0.679701058360908,0.025776644795043,-0.654488957408063,1.72335262483123,-1.16341997724905,-5.88630457851684,0.252315524225968
-0.458297097011857,-0.913831164758829,-1.62659898989508,-0.178656714010401,2.51092480324612,0.544766958364172,-0.812279054982618,0.850030791316689,-0.599760675604877,1.27429751736791
-0.317879365762247,-0.875668453299817,-0.558734854538338,0.0344725378769662,-1.09242643692813,2.35910756316875,-0.540651937132811,2.47532992346659,-1.93448941293838,0.390856334160329
-0.567920682843867,0.924880976787316,0.338274708538893,-0.155366626230505,-1.01410912055524,-0.00833610908460769,1.67795036726622,-1.65372304285246,-1.58826556449582,-0.55047581025744
1.53507543643599,-0.770549115172847,0.346177932782598,-0.528506974479414,-0.186842394165921,-0.866946455658401,-1.21049487674225,1.00744274595449,3.37630384829802,1.52347298200103
-0.0530236155868295,-0.191394877126812,-0.793942440052334,2.10410028484645,2.48343408884251,-0.00749847919304131,2.87638858753459,-0.394064205531693,-3.85436606852023,1.12793307645194
0.548085258819272,-2.15143099422541,-0.926459645541231,-0.704969203707716,0.022240855246952,-1.38850154535232,-0.590994896850268,0.231318955832693,2.7663736755587,0.00631628330238572
0.204733700755337,0.776917811055654,0.585581484637424,-0.517365586239497,-0.327221055073216,0.509570839958944,0.254523834463218,0.00349482891161089,1.72012170841896,-1.21293330909504
-0.156499560941617,1.22925917802966,-0.660536142165284,1.20427975452357,1.34088014141314,0.133338880140916,-0.619703832039622,-2.14848057674998,-1.05682481701186,0.346953226044809
-0.257260110723711,0.0865575951825139,-0.15396702778172,-1.28565604739524,-0.129023841588581,-0.66401203722094,-1.13031265554101,0.228887095785627,1.70975869837894,-0.0399765210749621
0.0707334925367323,0.733412931244817,-1.65470599502744,-1.79964397394005,-0.399121532021888,1.15391021097101,-0.442421256753966,-1.27825992232659,-0.520356802611631,0.727582248895448
0.776827655058779,-0.143674580169565,1.48571012922719,-0.777749001859035,-2.71367386766426,-1.59717367166548,-0.568722357843821,2.17101734778403,4.09578862197878,-2.44749231089548
-0.257537693997439,-0.287681088267325,0.0683755393787574,-1.29861195514305,-0.954607435709444,-1.14077892112779,-0.225927469142096,-0.612639885893028,3.09085636239652,-2.30342530799858
1.58218229093516,0.421350331383115,-0.618194332463494,0.598094199248833,1.56608138588379,0.290974756181864,-1.19288769571885,0.96467341229148,0.891537834939654,0.741116507176898
-0.434934689916,1.7499550736737,2.17311637005434,1.27101369852432,-0.475930150271406,0.734164120515279,2.31043288504321,0.848681664181733,-3.40585010579854,-1.1489600356564
-0.0383553075523399,-0.555897954188003,0.0645128461503085,-0.883663404840386,-0.26389384435058,-1.77563568925582,-0.706251893882965,0.824731805490646,2.37595836259985,-1.35705367984024
-0.354987155555095,0.803773804369148,-0.735881017517771,-0.603333780994431,-1.45032491472792,0.211827415423704,-0.251740304406339,0.706669240417055,-1.02799781156781,0.919882289760058
-0.30238119337894,-0.595604238440485,0.622840041142281,0.374644225071506,1.4247009143967,-1.1053141286209,0.963018323959647,0.446016375210948,-0.527991507116478,2.48100354850638
0.50258559092873,-2.64481462960627,0.872906612432387,-0.681815388123042,-2.38323120981828,-0.145578522287227,-1.05250218765722,3.05259412934678,2.95898934014391,1.16495091486564
-0.419957986635603,0.152438868722722,-1.46997840959104,0.0762236937051123,0.104151347028871,0.800962241757981,0.458662329825831,-1.91477379374659,-2.9226826447393,0.781593722010717
0.604836704951743,-1.51865349118771,-0.450048464742333,0.619285368866496,-0.781028196936108,-1.22182965698463,-0.601816021265019,-0.863875228193601,1.52406776567592,1.39645088633924
-0.755495623727072,-0.327455536367455,0.594721823943575,-1.38802106053214,-0.322291121612984,0.577793578608785,-0.955357165562187,2.78412052769898,0.35184943654976,-0.887893976997419
-1.14210912403671,1.16270597868354,0.730226193979962,0.555929165425157,-1.04731258004678,-3.30741579693216,-1.80432829275687,-2.24077272499268,2.04599882641299,-2.9162085880416
-0.436518589567566,-0.713692438057124,-0.261125639146559,-1.79040678756014,-1.64700718004648,1.40973849297908,-2.77244103173714,4.7262870926247,2.42202870843622,0.800016168969274
-0.142695483865817,0.175412314000061,0.552232283603696,1.11983129391508,1.59772958322746,0.0491838902342289,0.249202974580734,-1.79474491372356,-1.12461277418657,-1.63004232827024
0.726582117873207,-0.948933908009718,-0.592289903870126,-1.61046651635614,-1.69373024762702,2.07395974670865,-1.27294357978779,3.20988002938308,2.10041281070369,0.167419139578905
1.21010787480036,-0.978134464394276,0.215577442674308,-2.0166359907514,-1.7877111302645,-1.53560120241492,-0.938658924290475,-0.256765163086388,4.87067469104871,-0.349765509072958
0.796471121538774,-1.11963105149809,-0.431811886905457,-0.805185024670129,-1.40507818322757,0.921248236028443,-1.73659866830584,3.99699522318659,1.65358762251202,1.95924552224552
1.25186231817071,-1.17014360008543,0.169770036438133,-0.96860355895072,1.16416050488045,-0.390611517495511,0.855607289611178,1.68896562940206,2.38070761127283,-0.111514654447657
-0.775260885663743,-0.338510404994571,0.290355086410019,1.54758537794224,1.15344717416025,0.0816411076574773,0.975518210412981,-0.374447660747758,-1.50158819081564,-0.0636933854388715
2.00298973698174,-1.75261904119969,-1.15872360782542,-0.978333103934575,1.00750617402195,-1.00512791693727,-1.09597264544176,0.967827427819805,3.79687171073646,0.503920569315072
-1.35961066984662,0.248645914382068,-0.0297388244904096,0.511785297368772,0.998776143595049,1.47646351169958,-0.0921619939098903,-0.036113876618999,-1.37969436982457,0.158031086568485
-0.214199160981567,-0.864333258775666,-0.419981973121756,-0.00734083726288513,-0.891390382668595,1.49684736579834,-0.370621945958661,0.688771932953081,-1.04336555834938,0.650409301378177
0.565387312333174,-0.38942498181839,0.267726699958863,-2.02613861723458,-1.36420282111657,-2.41769207881449,-1.88445064290999,0.617278177798835,5.13986438688358,-1.5810848110174
0.0251906895702963,-0.64662614418338,0.395959205209743,-1.60780972775069,-2.88362262098736,2.02187678810731,-0.599882099537116,2.64810426511022,0.343571075503316,-0.358468335140454
0.169838030179248,1.2827530981914,0.358030066602871,-0.0105736741993461,0.483139573391233,-0.998748249775825,-2.67886522449512,2.27440066887484,1.77314121136615,-0.8361259398286
0.00452350087249745,-0.386426059248425,-0.113435181402812,0.982884952950116,2.2664775188565,-0.881803931830202,-1.44034061452667,1.30547293572027,1.08728643162683,-0.332763067710661
-0.0160318040022142,0.775103179979292,0.230561723284088,-0.414415663702174,-0.961997465290684,0.515484587099056,-0.495274489560278,1.21107514081169,-0.523076608665073,1.35482178208802
1.04206708333433,-1.40137584943196,0.849475171069594,-2.96103358956744,-3.04348824857236,-0.888750909784669,-2.04967189689381,4.28685097553566,6.16725495553498,-2.39358678525042
0.88232742566697,-1.02483389902167,-0.680099703297362,0.201011313073816,0.461480218433537,1.41201403784531,-0.0108748007775591,0.412524347407881,-1.0914248986344,2.47654926788112
-0.422255612044839,1.40825854366708,0.34515602223522,2.23498808868287,2.4364135767788,-0.961480149401541,3.61849085795475,-5.87132095749412,-4.51025682254648,-0.0648457135664658
-0.0197415737288443,-0.4954679273446,-0.445317661887315,-1.51208396368892,-0.131408092692403,1.35565377346618,-1.53638413456076,1.22013623829146,-0.985015293942487,2.34251145754976
-0.497444114295204,0.708386171558667,-0.773539833070102,1.44035986455946,1.46690460720381,4.11077096221787,1.03475538045053,1.45380378689329,-6.94333029840392,4.41215386685415
1.14058710781539,0.944141058179024,0.368493971307123,1.67773611137172,1.97701265355247,-1.00903952698505,2.23399047185673,-5.02962461535434,-0.241758167962626,-2.59042394826114
-0.0651432677825077,1.00970840723124,0.312846779304815,0.891951066882391,-0.228712555179137,0.835935040305848,1.2172097483636,-2.38347214126883,-3.24679905610663,0.567731556851782
-1.44672580992674,3.6884361041093,-1.39371694559172,5.46220199994248,4.64238013654204,-0.929540190736306,2.98701690168589,-8.63206281920198,-11.0747479700624,3.66393664836111
-1.51149516695226,-1.14531741621338,0.0136481417908274,-0.904478094197031,-1.94384032866041,1.47081040318124,0.0375182437715068,0.527928322999685,-2.35213798524293,2.24971724381312
0.911836192288225,0.161907432070282,1.34880293861989,-0.295841325300309,-0.629863961621021,-1.17768166133035,-0.813419584153823,0.927061207728262,3.57396153998532,-2.07660458510185
-0.150184808446251,0.191581687839262,0.00206345015692773,1.14710083987456,0.223297411683606,-0.249680807329341,0.979561282376489,0.523804139837249,-2.51603023690506,0.742451808318986
-0.136938283549686,0.888521982879131,0.735775221448909,1.36095411155936,0.95877780945776,0.976245379904318,0.977759963545035,-2.27543077286051,-1.66334913128429,-0.486941012872912
-1.84905665472309,-0.748686059453212,-0.666286178050036,-0.168876594215014,-0.38581768386302,0.143355851398647,1.64672706461919,0.586683653400523,-2.98592609387911,-0.319585060621224
1.47890626378993,-1.00469569738071,1.27941170353162,-1.55557962417852,-3.43245252580357,-1.03537155905639,-2.09762244761594,2.68561642102175,6.55027430919844,-1.3701634863572
1.04650029457577,-1.22007982006949,-1.35224300064378,-2.59172267773465,-1.87457564138999,-0.0626811140660679,-3.44443321574192,1.12946290361269,4.68345866806831,-1.27209640332468
-1.28683965630547,0.475378939744823,-0.173188482703904,0.879293979648455,2.3340232553053,0.327803657272404,0.662740156713069,-0.10425670954192,-2.62714992311119,0.144000861981686
-1.02715978751498,1.94225383529829,1.33489355731183,1.40552798525803,-0.471662016203823,-0.759516617111099,1.33213837571941,-2.87441110692526,-1.11000680132293,-3.11514763687449
1.12193178257546,-0.437857617698496,-1.11724235858389,-1.20171120531484,-0.671725094478395,-0.818208308003312,-2.49637774493582,1.54520122087987,4.27127015174056,-1.32568757839507
0.891663529732767,-0.327499502131745,0.685828432206739,0.22587794832773,1.36169337283352,-1.5303190775483,-0.953493502981669,0.098794422646194,1.40735863374086,0.00466587212794276
-0.915447449008915,0.76552303774177,0.847613886172574,-0.310915572539973,-1.10329870363198,0.247543101327584,1.67542182346723,-1.6261341902483,-0.591710129360774,-1.89999085995401
0.5101200980282,-1.11897824080576,-2.38257255689296,-1.17888269233852,2.08691377649917,1.56811018335471,-0.876710539444958,0.861502547713555,-0.234273138941499,-0.528548366170127
1.62261759353236,0.184037711168076,0.702628073165692,-1.72995786267292,-3.29334363670069,-1.01200663449486,-0.846777838039739,-0.0672434652810378,5.44539965445054,-2.15849411160151
0.731335257219958,-0.0142202338330637,-0.956353377765653,2.01378132208276,3.84748631480205,0.963659112373015,2.78652067326983,-0.690299374308059,-3.92427343655902,3.83093935123766
-0.628772127769755,-0.0093464790336211,-1.53947910105146,-0.591254101686269,0.645417968957521,1.86222423326701,-0.0276125852226858,1.23481680499342,-2.98904972466865,1.90120208054329
0.0956577469821302,-0.0537058348832116,-0.00114550540100955,0.382320070049406,0.303127856687001,-2.81565825827684,-0.980508388227912,-1.00078358751709,1.87483074327411,-1.17578939112397
0.905332321471756,-2.1772670425734,-0.136512706025743,-1.01801506097704,-0.695952398522617,1.49927730821838,2.03897240558044,2.98688419180735,-1.16766966593265,3.08561417014038
-1.111937531604,0.605923619866906,-0.676084351917397,1.12493073710577,-0.549896439078784,1.70085435382993,1.37601743475075,-1.36140654783326,-4.45589937757289,1.66311991779649
-0.685823651730929,0.857219111326807,2.52594380194544,1.20120330856398,-1.03924793674729,-0.795535122407128,0.144890059615558,1.35695623619902,0.693344903649013,-2.57394598465482
-0.129240639920025,1.13923237356435,0.508522403312143,0.557827878648621,0.446688034610784,-1.68771099690927,0.416935593904496,-3.46586671195999,-0.350285140526127,-0.824424495869609
-0.852254506887695,1.02844041834641,1.75837997703716,1.67448931548064,0.970038380783704,-1.22752046399028,0.887066510403783,-1.96756487631154,-0.638873946763221,-1.80448929010532
0.268250056239714,1.31528053613409,0.53140124656099,-0.786622769418625,-0.40956623614482,-0.141645383692654,-0.197484815057939,1.15358469237117,-0.196223402722535,-1.21226118679526
-0.163408734387126,0.236879946471733,-0.938272950672021,-0.200351702836981,1.58822058364114,2.44411492076833,-1.26120816779322,0.747458385060975,-0.929256138739636,1.91439572045578
-1.89405641690877,1.44218417905817,-1.60841270237334,0.949766219305659,1.93434437741979,4.80297794758983,1.30091468918188,0.997981714469636,-7.25396783815391,1.84235347450382
-0.773571847999529,-0.0625949798714948,-2.15663541997763,0.447908819957686,2.65152124193397,1.98382645756783,1.26208248076775,-0.271979691644882,-5.47902689878184,3.19122087776108
-0.216749886399033,-0.806846408160748,-1.69085419165642,-1.27698793473057,-0.545123778769418,1.03323081067027,0.661162881241617,-0.795498452714009,-2.13043190050896,2.99163728929681
0.308811098423467,1.53113569359086,-0.567935060185156,1.29057185433083,-1.89786592070595,0.0718579321156312,0.827979419531749,-2.71180259746747,-3.62847674452364,0.393848719465794
0.447488848833852,-1.32439260732096,-0.882391385183009,0.136129677734423,2.90957822053466,-1.01391366218503,-0.575550151455569,2.12399983991463,3.9643556005159,-1.12983470177141
-0.262522666816536,-1.18167086119164,-1.54548007568229,-0.462760518305457,0.585118435204855,1.82090224462503,-1.6338975599123,4.30419088330039,-0.648594575941322,2.87357212740619
0.14485390628138,2.28308354845257,-0.0993883097285447,3.0847489760887,2.3468280029362,1.93780223498655,1.64906866846458,-1.03726265092869,-4.56689592039703,1.13513651016803
0.925675002320559,0.279059003947995,-0.435964737399906,0.128204701001558,-1.01550705677182,0.855712794626741,-0.453455026277089,-0.297784185101253,0.568832631493489,0.437982080584268
-0.903444892229519,0.724628297841405,1.45405462724662,-0.252666703003861,0.361534329740387,-2.8781944349979,-1.73668590599701,1.21452811456861,3.66519590068995,-1.62103720753272
-0.775748143413631,-0.411247500937065,-0.127362697072982,0.741298886855011,0.873284769726869,0.919601663208046,0.991092097389564,-1.91411800096312,-1.54519923394505,0.547636682391744
-0.244295603803397,-0.486928982922451,-0.221496358703844,-0.842196378260716,-1.63476830489785,-0.272805677200149,-0.535820037083651,-0.976268217407124,-0.21378948157062,0.38447060762212
0.943517546959207,-1.87918218790596,2.68830561153533,-1.22584283213058,-3.72351867749101,-2.46332077704965,-1.45289026956849,4.8081026589849,6.46151700678016,-2.98315346585878
-0.495350141950991,1.23669120545405,1.04372304325561,-0.615299852661675,-2.20124853588202,-1.80977788709459,-0.972453692122118,-0.489410253596308,2.22775031462223,-2.94449260894183
0.059304007129197,0.164857504321409,-0.682169144459005,0.226311885444106,1.42426229962017,-0.484593186311597,0.174346888831579,-0.417832054015161,-1.7862047672538,1.62765018096245
0.0203327626262379,1.09073751544345,-0.309691660745393,1.31289850360748,1.95557250034326,1.65930229989772,2.75849835278624,-0.10774765873344,-5.74195240034042,2.91635324561574
-0.0658662698296976,0.772287441246925,-0.929908603193989,-0.767258423760155,0.679181979291129,1.67966819363262,0.22536730564407,-1.45193979674073,-2.30442438613222,1.87154933186418
-0.446964133379716,0.439311668048103,-0.258883149930278,0.549213034560665,-0.207669016261035,-0.817511422784689,0.431776668726056,-1.67403904156594,-1.15306133218777,0.430033174523072
-0.262213829550406,1.82971312979874,-0.622690170317102,0.86167736079454,1.67305971242964,1.1791550729406,0.0145905904916106,-0.10400455559939,-3.49008943764194,1.6893138177432
-0.558326932017953,2.10782451876346,1.26147922940259,2.33332217241275,1.24555044560825,-2.79151801753547,3.40424384790692,-6.15919098573807,-1.4769680972607,-3.3342726041891
0.601679978328563,-2.45204983594045,-0.745353797324882,-2.26490297167803,0.392612691151293,-0.76157545428886,-2.15280246281035,3.19999420676518,5.02325900033827,-1.82662346962011
1.2037258161947,-1.32185987651495,1.69857490878928,-2.22030671534528,-2.92614557835867,-2.94620892089335,-0.367965617992568,0.80142419844733,6.38940474748369,-2.90988048192144
0.234856063076298,-0.0296023793676925,-0.0706774682858338,-0.511634067708946,-1.3819966784908,0.911938200721192,-0.320118350670569,0.70597322545733,-0.479705750140268,0.906127740354456
-0.981903241873098,0.56208914301181,-1.03661930503588,1.75556718779688,1.93405562486694,2.09359300194346,-0.00459380894468527,-1.48694076294665,-3.98963666314892,3.52951391276409
-0.815288329223789,0.412770893232245,0.498725129388563,-0.678768108960343,-0.321480204948108,0.545135801237443,-1.51044123157347,0.220413187756464,-0.042168025325219,-0.877445906503639
1.26846463141612,-1.23324259236131,-0.257121647062616,-1.12477126107971,-1.28884456536562,-0.00217468613203181,0.726482033817786,1.9911406780788,0.773323293888323,2.072313438413
0.0195465271563912,0.752214127234142,-1.0522305909841,-0.431175835608789,-0.0347674690512254,-1.45962107944575,0.463213946236645,-2.56307387642361,0.10363605246854,-0.149218633350966
1.16136252480832,0.333973975171899,0.835294907825201,1.45184013500014,-0.874420893799697,-2.09965466241818,1.10844653104356,-2.76115928858431,1.23617083030117,-0.638768338881616
-1.52341082858677,0.910142133933489,-0.00244260962008735,1.31584813720994,1.38174972013617,1.64868223637108,-0.404509081357375,0.406983094584999,-2.67102837479384,1.33374363513334
-0.162644810609515,-0.629279960692331,-2.53224772609252,-0.68443688556499,-0.316764803512182,3.77993914684045,0.869911849023992,2.12602209570254,-4.73311886644286,2.49823684074739
0.869504316724875,0.717628896056494,1.92897739835079,0.428696689124535,-0.283792547146559,-2.20417276162653,-0.51140312128629,0.614820748726992,3.61056112763542,-2.71997711204116
-0.39302225204444,1.04319703637375,-0.0382252107253482,0.687340079184978,-1.09121954985657,-0.496877473531824,0.381289345743331,-0.444087978858815,-2.0431912864249,0.701406397436662
0.861594254676664,-0.111677439578305,-1.45688966009558,0.850133466537668,2.85251829365818,0.0555006925383134,0.964227119181324,-4.7714377413233,-1.43979846920518,0.0726765223813067
-0.0316686892821708,-0.868130652392635,1.23852862453126,-1.06405183728903,-2.59903814062864,-1.40749624660802,-0.910204503865791,-0.145758448203656,4.52958328115567,-4.22017397839255
-0.996501052560697,-0.315808478809008,-0.864144061807282,-0.569095103718999,0.16560959089006,0.72952257937528,-0.88551791240844,1.40304335698414,0.0949316445300631,1.42446994607575
0.555467693702382,-1.22909590770883,0.953134666632775,-2.50909627522607,-2.72236462269695,-2.15557365209813,-0.893708805298558,-0.787298868559305,6.94171913790382,-3.45053334229568
-0.963871236404489,1.75195425043239,0.482484658626514,0.973335899475438,-0.828767459100059,-0.555513041482155,2.29073863746029,-6.20957449640086,-2.11110680407325,-3.40967938725627
1.96573601624305,1.0201779393054,-0.343962721310947,0.24163455006984,0.314991678884724,0.0876218381263572,-0.605284936429983,-1.04602494174976,-0.155746015365109,1.90782293115875
-0.199248617522156,0.316654088622734,-0.68435597882372,-0.47525883265102,0.425255155341793,0.719656873947835,-1.31483805714013,1.60580539208304,2.17791516912953,-3.55643143614789
-0.650272899446408,-0.690368844751321,0.405280857135722,-0.789108308727218,-1.31084512318236,-0.724426128233472,-0.543770468653787,2.28361874478792,1.07927654682594,0.0281737672351384
0.347956408074118,0.523452838200253,0.791604120672985,0.511225322369094,-1.10141831333152,-0.0155936682414779,-0.382034004479665,-1.08678816773293,0.31373856856297,-0.336655462677954
-0.386343466418115,0.699676683947551,0.957905367587521,0.21608746481896,-0.264248364701953,-0.430205661680855,0.210580816169007,0.117172806133333,0.0872659021013532,-0.447662231317552
-1.02365020930513,-0.554948694732851,-1.17831595362749,-1.30984375479172,0.387047607941139,1.7789903755889,-0.970446520649816,1.54398381560034,-3.30552228815749,4.28030110490458
-0.151787855239509,-1.03079410343112,0.840539287373946,-0.652364788027217,-0.685428268266035,-2.49317426229361,0.239682888739877,-0.413828882366375,3.35324507229636,-3.31075103413452
-1.03441183311506,0.294188102664542,2.31237927899436,0.640490500033948,-1.18728247613406,-2.04386488433637,-0.202071816900701,0.158334959155287,3.26014012670662,-4.21983593372486
-0.65809657689277,0.488124636958922,0.0166134760382478,0.415397698224641,0.481986862627577,0.738158938811714,-1.32216090573652,1.3760369268606,0.826385702721799,-0.155823018417394
0.0154309264918756,0.285390573667845,-0.0994732317498222,-1.34133283801145,1.14676633907351,0.503537967607503,-0.97314395737888,0.230461399296837,1.00506916652821,-1.31101027513904
0.562515599906729,-0.689184912209784,0.16442923985142,-2.8227438923568,-2.24863219127594,1.12361016685327,-2.72795542529557,4.09772877406079,3.251392344938,0.102127289365967
-0.00976191581437202,1.29385340204614,1.01225054560233,-0.149141758731338,-0.891202295593312,-2.13480558822638,0.509287782106367,-2.49601257406109,0.415670226164763,-2.68693803062577
0.471411262145734,-2.08479977436814,1.19527350510301,-1.52536466018752,-0.776584879822526,-1.69397435955375,-1.54059006444677,4.18293465330543,6.43044930945869,-3.81171367073537
0.312780851957427,-0.588621103787423,-2.43147787838296,-2.75881398247951,-0.752485890870943,2.11761362098163,-2.61235962225572,1.07614162220018,-0.154656723858762,1.61628184400494
-0.225546926292425,0.854777792060981,-1.24854197308967,1.27777672824029,3.6922868208465,0.91558428785741,0.992401497328729,-1.04968366839929,-5.37312161743599,2.49935523193988
0.681831498600397,0.843019384975103,-1.47701188636145,-0.13933327196819,0.00298590496508584,1.7445251361572,0.654582938800858,-1.29734079965351,-3.18266381266165,0.44785649470249
2.21404015363814,-1.34158966764214,-0.949308475430045,-1.67252099974945,-2.13994146082171,0.284865854807232,-0.993506809698994,2.40900817861189,4.2132601983751,-0.655296263768878
0.0199155560718657,0.698032285654371,0.431403574553117,0.505313699758629,1.68709991109976,0.50456681626076,0.395501383470356,1.61879980568847,-1.4031229146685,0.632589498145517
0.377066601159607,1.02946003535627,-1.19053074594629,-0.641050247960576,0.404290221950453,0.37586865723206,-0.334060287944973,-1.17539773265259,-0.470256593586448,-0.674416261003423
0.695906859866726,-1.38188961357817,-0.468835564052004,-1.84280918810342,-3.0353411899598,1.47897607866839,-1.05754761391513,3.83872289098702,0.641021111636417,1.85555643117684
-0.364844507669531,0.0213185818646366,-0.466448453207414,0.885140393900998,2.8929791275655,0.771682550987602,1.34887905036926,-1.42612172438169,-2.36123992589072,0.400935292553699
-0.65408614611976,-1.47729582965882,0.81529575727816,-1.93449480810962,-1.93836760469082,-0.154391510114617,-0.263690923926488,3.8443313167721,3.46509033532773,-1.93370874921203
0.496237831420097,-0.569331872266482,0.561222440716589,-1.38619944740959,-1.46651996455699,-1.16811819336797,-1.6566320392125,0.144838196584637,2.57772486337755,0.295796725221198
-0.362470289487793,0.668279108015736,-1.84094762300995,0.829435231738232,0.912696025352725,2.52990018920917,0.60442656672272,-0.570732200647209,-3.70007667720499,1.86483098493883
-1.13577987017467,-0.0233438768897349,-0.0650541466284927,-1.22711250824909,-3.92131086521416,0.465612935557958,0.82119926986891,0.248842669592553,-0.904018245415693,0.38993976997282
0.94237737173303,-0.781057882119197,2.28477779919802,-0.796954526160255,-2.28616536748625,-1.37605882307997,-1.64948576963313,2.76676910401595,5.17081183182752,-2.15342777547926
1.11953660511175,-2.45520233972325,-0.171327373304057,-1.52090973841976,-1.67999570478015,-2.84855669543522,-0.675239630702101,0.429828102513841,4.61769316596254,0.273948686687053
-0.614240064490689,0.104539767880594,-0.240651599785434,0.381534199079744,-1.17922042799206,-0.888524375989535,0.992234129647184,-1.65472218194025,-1.44854929917337,0.906894103107953
-0.0807890560437076,1.47735440918342,0.117530134746052,2.7885873586456,0.485904680244251,1.39223536329638,1.28909307891902,-0.398106142216729,-5.70764780716512,0.289214881652852
-0.282191139823304,-1.03643393280697,-0.169401995541489,-0.560842505021102,0.741592862472705,-0.821102184883545,-0.684455286749291,-0.455956971194125,1.43406391885129,-1.19751761826006
-0.780055549856902,-0.23379528200285,-0.231207349424245,0.554207981807032,0.0534186860782289,0.217081463584803,-0.315925403454941,2.14539643458319,-2.8408081324408,-0.319626238672747
-1.79895188199323,-0.213963594330148,1.9794711523659,-0.778849533420009,-2.92233518601962,-2.16513155124666,-1.40456228780676,3.1680185699708,3.56742699799302,-2.75321920473989
-0.0336381656800204,-0.0932550200968125,-1.18076024381403,-1.48546190099117,1.25728611467037,1.12308155613089,-1.91729462816943,2.83246622081919,0.548986739662312,-0.145705576284346
0.158061854248178,-0.79613220448109,-0.398530261436112,-0.91064553402412,-1.67165150273538,-0.500628900276819,-0.992803413462057,1.77586114219335,1.8310726474037,-0.767815216257548
-0.0851885105473955,1.09894268456761,-3.02364928107519,-1.47629254078231,-0.337058480698419,4.51010392391035,-1.79748292319907,2.71927348815799,-4.3023921440103,4.24794854984062
0.0141208443052025,-0.176262796571536,-1.11187599968226,1.62086127520171,3.24377446733501,0.955853188843655,1.50723726431034,-1.07978984690626,-3.2008019901551,1.32163200307486
-0.415744496213787,-0.293458026263744,-0.443139224507821,-1.43551894194533,-0.824767721396362,1.83329768446898,-3.37425668790081,4.77910817309231,0.90971728853299,0.380938534473424
0.131896887283318,0.768955751133171,0.853792375168197,-0.546045957584335,-0.903076391558563,-0.415247213951632,1.05105447698764,0.733107470737771,-1.37212666042759,1.47312383057206
-0.481961876442579,-0.135310852412223,-1.50766379037181,0.718912783985844,2.42977115953753,-0.422779875946328,2.3738574753134,-3.92708133173214,-4.29711360805494,1.08621805939581
-0.72123467470824,-0.350133555310388,-1.51528725613676,0.0348732706158452,-0.470174349071124,1.60108323037685,-0.235715930155993,0.330100908043153,-3.67336016635496,1.48539787488545
-0.911717979476696,-0.773156951302458,-0.425944588961764,0.880812122253764,0.978311784606224,2.5694371084777,0.898691163249664,0.415293524211881,-3.82896342420276,4.00740823947373
-0.932751068659038,-0.297675739731224,-0.0204305966060424,-0.206549379980634,-1.61702232546298,0.0986411919962225,0.762787872390018,-1.54155058915101,-1.53484687951332,-1.14320890371392
0.767827169259596,0.286119147978626,-0.642140584847268,0.907807823206136,1.49180647664339,0.601127740040379,-0.730265513675518,-0.0561962936802421,0.721876599297036,1.82288481335148
0.281777480970078,0.72306231282675,0.541797544497625,2.35222352551506,0.113096658576416,-0.175382479650028,2.7011196839696,-3.79353185188789,-2.11534022082418,-0.542757715823685
0.363828329191589,0.0405324703422705,0.407498443021881,0.371517719718832,-0.68561319638462,-1.94497731496686,-0.449069999214334,-0.364920410810205,1.54761118091282,-1.433798339617
-0.226877096322886,1.13052056415917,0.429108035718847,1.71101475666943,1.9175853252132,-0.181392075041405,1.56287313571469,-2.45465358816929,-2.57495423541612,-0.492992231426344
0.141722158305142,1.42500719706837,-0.825581432292011,1.53039323227871,2.78909085966126,1.76486611190555,0.594992365753265,-1.31231050711613,-4.39314253768787,1.34898854098743
0.217806572151952,0.243719278032975,0.456548435189401,0.546753061874467,0.233332056414722,-0.537919283359272,0.743613579932644,0.908752696195784,0.305633581137933,-0.243137431308647
-0.443457107290328,-0.381687632405683,-0.173344165877755,-2.57961333436647,-2.58500702654728,1.17387985563953,-1.12239357311033,3.07040906974027,-0.152776296043309,0.0356151417198416
-0.701750580533286,0.197939622813672,1.04477845031597,-0.423418629430176,-1.08437820677695,-1.74233210057157,0.370052002590426,0.149378934160836,0.596643819905253,-0.474637767523477
-1.31658831463354,2.61890396083066,-0.681994235890411,2.98174802125594,3.05852002747307,2.88732389672049,2.98530222960159,-1.448121614204,-11.0925681050469,2.80186401000605
-0.579594406092668,0.913319021855819,-2.42467079870439,1.77295570910945,3.50489545618044,2.83308707336977,2.50867064414055,-0.292812993948583,-8.08287722390899,4.71769775270387
-0.915173397489783,0.169024598209275,-3.09026480882708,-0.250305682189417,2.83427301263245,2.96792490442408,0.472869332411032,-2.62463097349929,-5.55139491460022,3.52287821156182
-0.0805599873937956,-0.903266960586108,0.475292726439452,-0.693403419784637,-0.422718917794008,-1.12062766086074,-1.19036765398581,2.05572860117067,2.74703029669605,-0.387543960411442
-0.136428672355046,0.865506607916552,-1.50795365969985,0.419174971682869,3.82852525719164,1.47711388075244,-0.361662405696136,0.242973072894311,-3.04208195397982,2.69901468927847
0.449047818058624,-0.561396176858482,-1.34013307128023,0.992310408808185,2.75668343130771,1.45937411089429,-1.17368490780569,0.793158629886299,-2.65411844518787,4.0396587955258
0.765497125370394,-0.147069518313215,-1.02079129385572,0.0830152984451214,2.25420708982177,0.913945388014768,1.34555567169035,-0.0325523288418575,-0.990760151114699,-0.502395546313845
-1.69621171957015,2.16033555325167,0.792264639561442,1.43746905172405,-1.61179406998743,1.28855139984424,2.06527086093178,-2.12665144034821,-5.84389842793448,-1.06910739539991
1.30641790809931,-0.0710438897206459,-1.23320825531468,0.0218227711791067,0.36036692527082,0.785415321207356,-1.52362127112276,0.791347799120908,0.524173037802847,0.264110567892046
0.30298495458415,0.752261702136813,0.946105033294357,-1.46677772767337,-2.11887131880957,-1.03594429888921,-1.75289319514208,0.816904110228038,4.17440768749636,-1.4030808362266
-1.32214804685161,2.55989038059809,-0.511171313240153,1.55437830156418,0.678699613888472,2.37357119728789,1.13874769991916,-0.762351270839067,-8.52406117202159,3.56942294083031
0.699298520698644,-1.96347848862658,-1.28175473412114,-0.938905792316392,1.42226979742806,0.258148490704158,-1.15457266303444,0.0426193435374104,1.64762626071576,1.24584408770274
0.970008298422909,-0.835170089449037,1.17745191210691,-1.19491451970732,-0.84141735881937,-1.33078447782506,0.390033071835364,1.79976403360297,3.14159289787136,-1.27799588149431
0.151203524625816,0.805881388837766,0.112251075559851,0.036622060594715,1.97699330741036,0.765810034875593,1.31696996560404,-1.23515531680157,-1.55878608011752,0.485726499584719
0.363329665047414,-0.202972201414041,-2.02169737769371,-0.323615790837335,-0.187437390506096,0.654341573039879,-0.56751001049354,0.678447143041613,0.0679916909267968,0.89736134004028
-0.390835191468796,-0.490325585771766,1.6186598782884,0.118059880860826,-1.22138976111134,-0.241538794920977,1.33531892294585,0.519293675931673,1.71428152091586,-2.20982862707368
0.63674185031232,-2.17516662655903,-0.0148013410871683,-3.44108331047739,-3.12197092699989,0.325566558805738,-2.24344664854658,2.19715779839397,5.99048587174258,-1.610731984644
-0.477684494779792,-0.123110302535106,-1.74833612678839,2.47539547239207,4.08036912343377,0.90482817041528,0.707400285606479,-3.13036292488639,-5.80364746274327,3.8558213692762
-0.607762242548072,-0.637729801579075,-0.169802027121625,-1.36330482555342,0.342292088757813,0.0735283440416731,1.05981071940977,-1.39715510371799,1.01009000052909,-1.95232526030603
-0.898216340777358,0.245793341891735,0.660580655004781,0.131637002051104,0.170509964777845,0.116807695319509,-0.98466063887902,1.74532252400691,0.867961492221111,-0.0925924750268951
-0.0688222873241552,-0.180212095002449,-2.01887003846168,0.354021956032803,0.63243423364245,0.222180587851738,0.372396711562543,-1.96904614715728,-2.72676674946599,2.03789186906103
0.612665664248766,-0.147518995529011,0.825030164376212,-2.915638389431,-3.2149414211604,-0.134334195698507,-3.93477028101917,6.37099297733361,5.70035553993359,-1.35376224764746
-0.12613250907453,-0.806614368231699,-1.09320422981192,-2.10154379361338,-1.8963876740818,0.931204364720422,-1.66083494247496,3.17485748272534,0.542845582691789,2.10232262574957
-0.914219426606365,0.100100288451569,2.05764875049858,-1.80057427355283,-5.07619974735213,-0.339813602385788,-0.387953409119316,1.84228993007594,2.26885476704642,-1.45082578209421
0.173994499457044,-0.817269812863602,-0.962428094567611,0.312517315604895,0.220020822653917,0.844332876468273,0.388227044380098,-2.35825109875831,-1.67892970309956,1.68699752443849
0.118101580140739,0.467427316272035,0.296688995215191,-1.20278724471267,-2.39510369938733,-2.45613914456567,-1.25060300423477,0.653309472797368,2.89824486881424,-2.81708748093651
-0.00654386864613651,0.466532820758461,-1.78795984569317,-0.399668292994603,0.997280670644805,0.251256878702922,-0.766140604062941,-1.77618825968877,-2.12285043703856,2.76754895833929
0.481033865789427,-0.0398056737892819,-0.616435913636954,-0.887920028664874,1.55890297610223,-0.227442616366923,0.260507120590265,-0.372270216504181,-0.708956693481757,-0.446856635241709
-0.668342261431912,0.0224477955923615,0.673234914303006,-0.675958273818602,0.268060226424583,-1.17283782136013,1.11526989337907,0.442832862867155,1.60228003214209,-3.13785404787998
-0.0860777116061903,0.463892218679754,1.17427407702623,1.051076449556,-0.350602255933255,-1.06362587852208,1.51794779184839,-2.16240609991942,-0.437357884277204,-0.952386862866679
-0.850466279349475,1.08838301457613,1.18319255737511,-0.615019593180463,-2.62576163157751,-0.00874183238506134,0.659589983552976,0.0555084931596464,-0.679286350817835,-1.00234299799971
0.961095693466391,-0.748657471566097,1.35008777487571,0.0510737387639653,-0.915867917730264,-2.77119277069252,0.40761311149843,-4.41433989482652,4.83821577308773,-3.73070963846643
-1.78404574892733,2.86533921844998,-1.16482931693245,2.13398237028397,2.54569753585098,1.24556026516965,1.73691242373714,-4.58122749611298,-6.00865761690525,0.0166424142918592
1.26607754014298,0.225892163451872,0.938762528356764,0.614891773864254,0.356520210951695,-1.66773791233092,-0.502647289890187,0.505012643560369,2.18719741875591,-0.704515097273824
-0.117854048230576,-1.04096333931718,0.290876461803708,0.575712641824893,-1.61621696358604,0.532716069909029,0.627258852745315,-0.993498292226065,-1.83448171393017,3.41890004339502
0.933610588147192,-1.28619272482622,-0.115905110818631,-0.510645652308153,-0.630359983555524,0.0602048796400529,-2.00152374418724,3.96292706443553,4.14661944976829,-0.698854596968478
-0.382369478720743,-0.847361751331594,-0.668038508945874,-0.137665921891,0.502640111070153,1.64046168862118,1.64281936193367,0.121128168876538,-1.5841582534642,1.3220578475918
1.53445622491042,-0.97287064345984,0.492478051763791,-0.348906099074308,-2.65868541808606,-2.43408954079946,-0.115820497951664,1.21187741755379,3.68060117847772,-0.37100337665855
-0.367571045263751,0.234927775307979,0.806123447377045,0.0778542733257467,-0.635575981448627,-0.207711878596005,-0.871034963186386,1.14155135473845,1.42021435196855,-1.4402110806982
0.804158075347466,-0.553054794341587,-1.0935012636113,-0.950189320030054,-0.244237485238015,0.998284492241095,-0.195318453709574,0.442258056633455,-0.905319241557583,2.56632118841528
2.0819913787641,-2.73813579146411,0.324157211073409,-3.38585938102435,-1.90513561714753,1.11203727325167,-3.27420693862837,5.61761509004873,7.54115357248165,0.946380693892984
1.39628812912136,-0.775422729627497,0.0365424398193338,-0.866431732037481,0.366712176196677,-2.54833567057493,-0.67400760219976,-0.198818392459848,5.0842888612744,-2.08244119258917
-0.944197958232952,0.811120919781444,1.11696558115973,-0.698813633765885,-1.15519030323061,0.00179664042265689,-1.26988089544002,0.0103125108052663,3.27634218114464,-3.09266593190868
-0.220970153289425,-0.136941902173208,0.760235502099318,-0.919393259379463,-0.764756823322787,0.0617779746546688,-2.06510657429873,2.84306101281006,2.74864949141418,-0.226559281617319
1.36641239435146,-1.34851306623567,1.19867911227193,-1.08668302562286,-1.34517295948877,-0.728625518586023,-1.52466062231577,1.94493775282329,6.68282836721937,-0.934920806505934
0.365817770765471,-0.929193218761128,1.10080248075866,-0.956204025750624,-2.99838026986303,-1.59325188789044,-0.564361395410929,2.58520220671362,4.50130606555296,-2.04717354383027
1.42184627523656,-1.75018598620655,-0.118414507472937,-0.810617328573523,-0.352819172879956,-0.852358698912125,0.754631089220337,0.314049926999204,3.46333280316209,0.0962298044817679
0.148651953412673,0.605948166785163,-0.790253184302821,-0.20243026788018,1.58507675770119,0.839306934239827,0.238842836694138,0.0729183678977976,-2.46405915074445,1.66204043194187
-1.6060891180168,1.49778846523802,-0.0110994067664914,0.704440405615656,0.529538223129898,0.23122994906222,1.2755253311911,-1.91060021757762,-3.51304252606994,-2.40826150356351
-1.10170544906365,-0.225661489912537,-0.475823794833234,-0.211491901684869,-0.302307741328344,0.433122543976121,0.302402691348281,0.686762847643557,-1.46994914075314,0.448254365392872
-0.785796462247719,-1.05355912934304,-1.72425951492969,-1.42755865595709,-0.625104911456343,0.584779516014701,-0.164894741720419,-1.48903862761924,-1.76144084428691,1.56340794218674
0.25826481267294,0.0683692722271371,0.402765000071284,1.10213820591471,0.0315535237538201,0.00130062984811259,-0.172218057347316,0.605721679262896,0.971744358013641,-0.597298961184727
-0.409900205367354,0.439125217500013,-0.0945425133905129,0.114771304408586,0.298654283002484,1.3005691075548,0.177989914167968,0.928810702262746,-3.35126189817514,1.79678242516831
-0.626998834876645,-0.0225997696321715,0.760042033852807,-0.732252423947432,-0.974938217546397,0.47384999232475,-1.09721270129,1.93033877450314,2.31106554091254,-1.29402597627156
1.10912474798537,-2.11355080754916,-0.946029962412704,-0.234695067111963,0.950450726972174,0.400556727739451,0.419462926541084,-1.14488365876802,2.42124850317113,-0.0383829251458024
-2.83198338055442,2.16771050559378,-0.921649361160615,3.49307181966196,3.14834646034222,1.87961090539783,2.28661317136983,-3.5123689922848,-9.12518499928229,3.70371127725461
-0.0427487556294178,0.541274177939415,-1.06947582199381,0.158729539963842,1.31272019933141,0.646222479877582,-1.86089766294005,-0.440982509616902,-1.65944464194605,3.51482962193412
0.811770023218703,-0.259421559044335,-0.108494354297182,-0.466816914522876,-1.85887798329351,-0.397044294180476,-0.928117959771259,-0.173121800075974,1.53775915083841,-0.430400832083951
-0.75902982908688,1.03961893917075,-1.85365081306938,0.958424740132504,1.78998353067953,2.26739876949249,0.524527737032267,-3.42212305296649,-4.82852125888235,1.9026216584118
0.389028336815622,0.194943182607273,0.595882985870695,0.124574630046803,0.81290370539615,0.491888996464169,1.33622923984249,0.0851630089904678,-1.71251376759608,-0.918251824659697
-0.96245746016331,0.350384776618226,-0.160146623149239,-0.592798514601382,-1.57443384098703,1.706719527039,0.79351003554933,3.28325288213356,-3.17135765052657,1.95245276229768
0.299804039565282,0.25392353806218,1.42135918253135,-0.299272823102119,-0.418739360341497,-1.11763383228366,0.616185458918392,-0.340492881841964,2.13580162151382,-0.672913421718433
-0.230707933457841,0.97401523894572,-1.65498232721786,1.08468930993224,1.70723569772406,1.16256863856177,1.67720249009251,-2.3095187883948,-4.68924827987814,2.68422135997934
-0.603328994107195,1.40685177448683,-0.127010714914369,1.75891725340259,0.0486710123871323,0.377199439071734,1.25390427738416,-2.46265104845109,-3.29415337151892,-0.431841460173339
1.57705810991581,-1.05034858869984,-0.253999200513706,-0.414913696478803,0.0949878108516075,-2.90912790830799,1.39115175565567,-2.05461399548058,2.27800167301841,-1.17577435222723
-0.61212283000501,1.1159589174967,0.298874496401106,2.06959591417521,1.41387788028964,-0.288818716557613,2.83208053005535,-2.00710428682296,-2.44188217377619,-3.17609396107141
0.0365026855580294,-0.608353450040082,0.850569433160897,0.677241635923161,0.464034144946289,0.670611482969657,1.43279215061871,1.05491705552969,-1.24441537179246,1.83611365577073
0.0804970672999523,-1.67707744141256,0.21805847810341,-3.13632441264337,-4.67180646863105,-0.502638145908665,-2.59249567473794,3.84660629301434,5.7300898953774,-2.0962670286542
-1.36669078283722,0.554797936082787,0.920161665793461,-0.335214591133299,-1.39809381525497,2.01137587955617,1.55343668611955,1.70794971507714,-3.25579819959104,0.407732945124897
-1.24089532793038,2.14810175797486,-0.216028150284686,2.95640117646952,2.41445610137807,1.65552138761585,1.87720706879173,-1.33136239150965,-6.87259945923147,2.71233562307104
1.17481588859315,1.54547903191934,1.00277292996207,-0.0915614654955127,-1.66807664032994,-1.82209303455039,-0.280617839623924,-1.15340877827564,4.32890344760168,-2.97914356459128
-2.03785372371314,-0.796815451946563,-0.838897775373317,-0.387912389937104,-0.469123998784523,3.11508689369559,-1.13736427061124,3.03536326339969,-4.76573472322658,2.84015458352574
-1.16304062930546,-0.0216242538775711,-1.65132861120206,0.0405742197213915,4.45929848095834,1.5406534237394,-1.20432930411519,1.6950915793592,-3.46700358779118,2.97602927722004
0.652334915415734,-1.0103732226635,-0.419492694302921,-0.195911766053276,1.22222242179214,-2.05871487481326,-1.23808995069317,0.343437101737389,2.86462961877199,-0.836400198672768
-1.24558578706654,1.3082902515486,0.512015100524342,0.485589058476527,-0.448812498928356,-0.45468671037501,-0.725667051771073,-1.50876305691789,-0.493627705275793,-2.28866331932104
0.60116440623378,-1.76291435561515,-0.241457216007851,-3.45517366283832,-3.75211710851737,-0.041845056365854,-3.72320738204354,3.97527334022527,6.90898237767115,-2.66983836619913
-0.796941012039433,0.0434697617945035,-0.629235405067546,0.287283679922107,1.05806922354466,-0.290122821775587,-0.607985324240593,-0.980089272781476,-1.09425417116731,2.260682444234
-0.797032637397349,0.871316183538957,1.28111647138079,1.00067528033895,0.34107015247455,0.815257801397384,-1.00630412257914,2.35615263537241,0.535317084224813,-0.499314715072426
1.02422908383054,0.984343657748071,2.19512308851389,1.01685443562316,-0.000648478084157023,-0.467080266980065,1.07058363918531,1.31667341274573,-0.228378886020906,-0.585120777868983
-1.04168500270517,1.6488511196369,-0.818513512707847,2.31105481891945,0.963409631869397,3.08476251298565,2.47618245265905,-0.0958143920438199,-7.11555780901505,0.821646085818214
0.297891389004591,1.11154819090916,-0.47040210735797,-0.617919013324124,0.657456010110552,-0.967701713341939,-0.0990636060459158,-1.82690673371361,-0.055075411340023,-1.02089655810882
1.73345815195202,-2.39575750411878,2.02146839641982,-0.288830993463814,-2.53692242726865,-2.81380448542847,0.824979145893331,-1.27542416763363,7.22112304664651,-3.94542884843147
1.41321451468513,0.561987755984841,1.07519425094515,-0.119130178279178,-0.330855046034045,-1.19113150302261,-0.170038756087041,-0.73334688479391,1.86977098084112,-0.884693618973088
-0.914960945629201,2.48511481453894,0.973336560175078,2.57458875981669,1.49184909326088,0.365149464820294,0.536321496076604,-1.16823067405772,-4.19223533094888,1.03058300463008
-0.0683939762820853,-0.0735375820209979,0.413086565189116,0.195030848484579,-1.13937781557092,-1.47745496795672,1.44122039334161,-2.38124758124289,1.38238275944641,-1.60344538423892
0.0233842604983215,0.305784657520789,-0.711853341626626,-0.758956136098716,0.443981215512484,2.03486807076016,-1.64260239483877,3.46182157045636,-0.899390081558361,2.59388150605462
0.357436681934636,-0.363635098611872,-0.168122150792951,-1.5184608432671,-2.6052236160095,0.291941007708043,-1.88850117570016,1.38526791309296,1.6299002125747,0.266353674696882
0.471003154855187,0.537370471267037,-1.06718895248351,1.27723503266762,2.86040074063134,0.588779723874257,1.77122079228453,-1.08464947188728,-5.18712832877041,1.11585755380688
-0.35834852120205,-0.00529565087832194,0.415612012079035,-2.51005831420635,-3.09425049166331,1.56695617923982,-1.13353269051219,4.91619629626371,0.136823517559193,1.11748082639932
0.980209936016042,-0.885932112237429,-1.32960638940659,-1.7952881837126,1.35946874046316,-0.630416636250595,-1.09498592127549,1.60892067678471,3.11543788638073,1.4297818548289
0.0090406229198686,0.923946514911445,-0.720254062369195,0.435562165921591,0.370441721593346,1.32461712805156,0.642565978701594,-0.801998294015707,-3.44272681364012,2.1896331117361
-1.15398526784221,1.97117192614819,-0.0829020475130717,0.889238648268021,1.04270488105321,2.23862637993613,0.567540726083214,-0.227206769670004,-6.31548048458868,1.76652275342831
-0.298947395202414,-0.877423968651947,0.452043315668277,0.255835247116354,-0.294143134569381,1.48757720257532,-0.914566496142182,3.05008819887329,0.419226992654433,0.301238029598204
-0.380294573293575,1.68845237326028,0.712732869383209,0.884521257281573,0.52526143264065,-1.71746141100157,-0.413882128734322,-1.1477139714672,1.36122505115422,-2.75008463430393
0.097061637640445,-1.28894372528951,0.360885012544663,-2.35933825256343,-1.87104772479602,-1.61723499375293,-1.91455538945987,3.72756410234975,5.24877891565496,-2.21749645772339
1.24734897160103,-0.101899178254283,0.272653367962295,-1.03003690786542,-0.39754440390242,-0.183560697217766,0.247966901355503,0.749588324408818,1.86531533766115,-0.165890180665495
0.693137100676111,-0.755031048283392,1.51999405119009,-2.05954658606261,-4.36146079960646,-0.816446623348212,-0.630784509495272,-0.458211494172429,4.74719355823768,-0.118178382864865
0.660320039437345,-1.35559101754933,1.4668156682357,-1.43484537115333,-1.9632500788367,-2.06709503863321,-2.02193894995757,1.92540156166541,6.44638211194346,-1.88767011236817
0.853713638520357,-1.14805001718597,0.734673455907622,-0.499074899104764,-0.84119811807875,-1.27321890508523,-0.0210971194889795,1.09809767479366,3.85073017968138,-1.79503181230688
0.557031061799872,-0.820211922741216,-0.00865506605595712,-0.0482653966433865,0.355987489777962,-1.37856387489246,0.489953761147433,1.18492327791002,2.31123524809475,-0.0444872054334616
0.627456415485274,1.35619558473307,0.540981258189047,1.57649738749151,-0.439436275773639,-1.08613756593156,0.542409730394617,-0.19198207355439,-1.81001110906072,0.357845660061117
-0.335632441981393,-0.507799519019418,-1.20849013203045,2.42151412885083,3.16726614849673,0.642190670606355,3.47193102925102,0.450517850817353,-5.1963158403731,1.86889257822154
-0.578646271020101,-0.278856399760535,0.605363371287122,-0.701979047649885,-0.302209230628646,1.21769692743778,0.211426339348151,0.209012753286053,-0.266896682694416,-0.51587626870124
0.0279142711336773,1.2456201716928,0.584501232605309,-2.17581128051692,-3.42417157768143,-0.791201153385613,-2.33871809491218,0.220543932120419,2.13849322421803,-0.475921836672823
0.675756508142189,-0.974597277067691,-0.0451736512293342,-1.01743323071989,-1.95683346141745,-0.309208019538111,0.0709447211284611,1.04464658989924,2.61997822378288,0.132165455483978
-0.429728609824844,-0.371918833461064,-0.234260765622679,-0.726540418911146,-0.0510298448736255,-1.04005076838623,-0.761133290658428,-0.0772071464733577,1.39479442777591,0.0470083815313513
0.799376400854316,-0.518481043792917,0.402976208521236,-1.01640333481868,-2.68881260828944,-2.46415227579428,-0.366401711676308,-0.135666687491464,4.9040988552703,-2.51687478018407
-0.279662779669344,-0.50747380113173,0.123653091630444,0.839679112188015,1.40393863300458,0.349260463498316,0.998192488119874,0.904217216159389,-1.01553710636638,-0.150199542806345
1.62508820892912,-2.02050971687528,0.914096332014935,-0.977882392800753,-1.20381379079706,-1.62574516979138,-2.80255122185602,3.75206822723342,7.04431585468325,-0.107491234211636
-0.683738683129863,1.36487426499136,-1.33037499927314,-0.341601008382009,-2.00387611997227,-0.550298667416044,-1.20932472605152,-2.31417168828504,-0.760848560326576,-1.92062642606973
-0.173895688873038,0.731506822445729,1.45954013952406,0.422523826090699,-0.601895144608016,-0.333409072125906,-0.879457662946341,1.38398459447992,1.42062199439066,-2.18763614071292
-0.350111482260919,-0.183620203358097,-1.24899443944481,-0.963471092520918,-0.146686482627127,0.139207109537557,1.06145812875642,-1.76775372038034,-1.80877843965883,1.52124533750597
-0.453537860306568,-0.434051203514124,0.326407109966896,-0.419762955690267,-0.709112668994698,0.863052697905395,0.552192793135587,1.79882772880724,-1.35881783113248,-0.339680112907967
0.148649487157847,0.817278770755061,-0.553702124260566,-0.167320194600135,0.265817413409692,-1.08546443762801,-1.16371659611738,-0.814216768318952,0.398633832744792,1.68334949320492
1.33214936569218,-0.0250754103625239,-1.02027239876132,-0.135318354685979,-0.162983399500279,-0.372481491396917,0.0751507130763844,-1.31680826869578,-0.333401427136469,0.640853940652901
-0.00140425512265484,-0.47423342663339,1.21917525169559,0.864985115960447,-0.654096457175767,1.39591815158277,0.160362611332893,3.1209736505083,-0.426961451576316,1.79110301707405
0.587551671947202,1.08378247372724,-1.40968488611194,1.75067375352148,1.58451690407701,0.271061140411108,1.5015525990007,-3.03577330050178,-4.6855236394578,1.04002805191272
-0.66996069613744,-0.721103805812602,-0.72236793957231,-1.26563009643049,-1.01571826988897,-1.57442869338516,0.0971399129416717,0.241051581545872,2.14446228459066,-1.82718098068969
1.01054627343263,1.40864269991719,-0.282609661927471,2.86695762394754,2.81092514578072,-2.26859778609595,3.28266237835126,-6.40692981783913,-1.99373933535218,-0.143436332367157
-0.173517658530835,-0.401729555175147,-0.307442344784284,-0.501100556227669,-1.40436204436445,0.503069453892512,-0.670221014410929,2.32631492125954,1.2441661490887,0.990004970671476
0.107951851194433,0.0538045520685647,-0.453753809456701,0.265074246776869,0.0760557278431382,0.565653925387802,0.691676326075895,-1.52298731867429,-1.0923626793959,0.348790710669907
-0.210633502508421,0.248200598662114,-1.58618204849877,0.0255028779341978,0.322626804412865,2.76444951447475,0.446442173442406,0.796912956122326,-5.40861804604256,2.6962629281865
0.340307263025337,-2.03853164833092,-1.60587326755729,-1.80423268018724,-1.33352944542713,2.18024803721727,-1.51229775373196,4.03070900750738,0.76206547154461,1.95660529123746
-0.464089604239525,0.46770192811461,-1.61602570036417,1.01382235367914,2.52854806434933,1.04735483604471,0.847350781169494,1.11402857101725,-4.90079325594538,4.68169895187036
1.08729093982311,-1.10703711518629,0.282403695058943,-0.986963705835118,1.0445460503679,-3.06064238553281,-1.08810292778479,0.603526464598509,7.79110743972537,-5.73866841702931
-0.953286830634553,-0.728542511518604,-0.0426087418496378,-2.20401884057684,-0.276317331913555,0.445972906725576,-1.75872481432522,3.08163396155333,0.880604146236112,-0.435015070122306
-1.20599099759044,-2.78346354467428,-0.541149871349814,-2.5313166459605,-0.35228207854686,2.58742053171392,-3.14917469603373,5.68895364707058,2.33497500913223,1.20983819242928
-1.48298077397916,1.96554240636376,-0.668824009005646,1.40178805679215,1.07639844275189,-0.207671488445508,2.32326581861156,-3.49008895949366,-5.28363311408294,1.2331998979845
0.0627872305158767,-0.0208153902109701,0.620653795482312,-2.00409326911863,-3.79632451513071,0.237822126514471,-1.3619901174009,2.12960212797978,0.750069342737817,1.25702270773671
-0.670713880552374,2.29590457976422,1.27407311622805,2.2054569274114,2.72770128023447,-0.143947232106798,1.54698164641204,-1.3040050970748,-2.96727348033753,-0.847897736174285
0.0316557930272602,-0.0550027847936654,1.29833806330551,-0.776583865083408,-2.99150286394356,-2.07116579513349,-1.65426220608771,-0.925586181125492,4.52381752080653,-3.54497932904411
-0.473487818673774,0.13454260938822,-0.658494237855475,0.981139200762227,0.708195224580912,-0.657181025208563,0.468470831221616,-2.52344697166581,0.0592393739520643,0.00396345316586175
-1.36138332974798,4.21596217100442,-0.545537769304906,3.8948766409302,2.72752749177976,-0.481104484316085,4.80684920200858,-7.63400855705147,-9.67790610798641,2.43794372149657
-0.561220942436468,0.00296292821715979,0.0231088113300242,0.805998456330009,1.52499935729589,2.02411322357261,-1.1108130629285,1.98101848906764,-0.967178308011344,0.3313432576389
1.02676265894741,-0.61020762210459,-1.27268528004485,0.111368143814092,0.211995738188588,1.0630464992938,0.108847350371201,2.85440731538876,-1.45436760785659,2.32894207245668
-0.167162427483451,-0.858719378332897,1.74076467702524,-0.662913903695411,-1.4718825286478,-1.00520691148092,-0.201751439453463,3.11248239132595,3.72579565596971,-1.98226027074377
-1.28048748521265,0.316758820281067,2.2072586545518,-0.0746833472569742,-0.371640534991181,-0.137184525233479,-0.0528465476649719,0.96641164977129,-0.553889847935696,-0.486048842142044
0.801489850837577,-0.262375399626726,0.539019023375698,0.599379832200099,-0.315967365541278,-1.81818270378084,1.4058146915963,-3.25176480841549,2.10025981434533,-2.33739466713775
0.702866177443844,-0.731628113730901,-0.0310707660315681,-1.15716540049197,-2.46693699403326,-0.166569812289381,-1.55724878692367,-0.413219608664259,1.7751004534423,1.39553744816474
0.12387830984479,0.0208992702156063,0.929692801546012,-0.244953606739691,-0.639057712426295,-1.41044715674557,-1.52303860531826,-0.744198999882448,2.28639021645053,-0.952419997727558
0.230213314636217,0.0745915039708129,-1.38554476301715,-1.58335059684307,-0.0179175963441053,1.05988258463849,-0.415464570411039,-0.719271336621656,0.0637431825611971,-1.40922410474317
-0.158597715567861,0.654976454887543,0.17506549435921,-0.0505046773154725,-3.1850811599198,-0.490502879271646,0.926969654958605,-1.8165722012209,-1.61638491168266,0.585086033533076
0.72624592037187,2.28406653248321,-1.16846182465693,0.638469130712971,3.40288623861162,-0.366230511358434,0.872488183111487,-4.09510400729215,-2.05428359404006,-0.860426256015132
-0.161588024741881,-0.0463910505590389,0.361905585163305,0.105222753256731,1.05529168395149,-0.0461644415313295,-0.0667360421069512,0.179428435341523,0.704254473896687,-0.789177915069399
0.269915730637499,1.50791561635279,-3.09802640874171,1.56072984716768,3.50281401566872,3.43055716871234,-0.466300723245946,-1.7599587481159,-7.24136846402736,4.27400942042676
-0.157359382018388,-0.395446118325287,-0.223907352132824,-0.614958399876055,-0.512894587269176,1.66390178296211,0.41608522472136,2.58259811025933,-2.74653282176233,-0.109810502244465
-0.532247012049119,0.979247990945372,-0.665672603625344,0.0854681861250046,2.71247925258247,1.37173575436077,0.418012254842108,-0.620042129171868,-2.15842786444061,0.305617534639444
-0.25526486055068,0.223524964102052,-0.339398403930733,0.869047223546598,1.65215812890307,2.37332851106382,0.968852579330594,1.4219204685117,-3.48642186582638,1.71563345860557
-0.765304507472269,0.355234309633946,-0.0229363150898922,-0.503832262862573,-1.17472032575732,-1.1669279524485,-0.596296820216334,1.7185196518183,1.65833998130302,-3.63524025812286
2.26054821740964,0.424425132448377,0.663275371241698,1.60661684830677,2.34566184844506,-1.76626750708739,0.044258153714063,-1.15992516860552,3.26103982335366,0.0766968704728259
-0.483881098044349,0.797557492499808,0.377569182433534,1.4013741621374,2.42215475144548,0.403028296568677,0.169433034509944,-1.14970343238197,-2.29601294036036,1.5126970195552
-0.916111010981112,-0.271957932500054,0.136730300814378,0.30794313217937,-0.204951930516989,1.09537410813706,1.7453682496288,0.0341698285722516,-1.95967183623241,-0.404942910692279
-1.87169609090502,1.53890703969243,1.87264177016077,1.21753318732249,-1.12902007306432,1.07467898481693,1.58767593955246,-0.40990986650764,-3.09890040120698,-0.591526429661943
0.276915808787139,-0.178329189195224,-0.434799560012272,0.435551390267137,0.959461472803273,1.2809393616949,0.172496749595181,0.0980101490541506,-2.75591535747518,3.24181116774704
-0.00964095925969237,-0.595521731931173,2.4121627520251,1.31532903306052,-2.10981707571253,-4.1857744929485,0.223046301246547,0.374984083459648,5.70023004476247,-5.10483271145007
-0.0844349790968001,-0.200028383758172,0.900999336780877,0.923755776975895,0.419648493134085,0.0351181553540434,1.35335996585222,0.264481494623323,0.306265335753852,-1.09393737040124
0.64708894630823,0.906661868763359,-0.418470682835156,1.98278175725559,3.36774543788895,-0.854611063620431,2.11252168186469,-3.18803323843945,-2.85903495109097,-0.187582278354855
0.75019053259252,-2.60828321082668,0.606530603874652,-0.51263286978305,1.09714080164595,-2.17151468433538,-0.346259872983189,1.26839583619422,5.1380402486839,-2.58585901322704
-0.212911666197771,-0.280580689490837,0.343368334491562,0.0551058333042363,-1.63754029115607,2.49829822642927,0.371111426146018,3.01764825894383,-1.54503890737305,1.00047734007239
0.0573932218590157,1.26070944433154,-0.650960676065767,2.64020130918254,2.3626030275848,1.62005798728975,4.18525625452504,-4.25349003398108,-7.32226138547295,2.74230790940799
-0.510005943558235,0.287003514447741,0.341388590427625,-0.163161583978131,-0.746368499280441,-0.102229784865753,0.747770119937632,-0.504136899956578,-1.35565357881596,-2.67842773104363
-0.00758680562776601,-0.972990582927965,0.0730198525617027,1.47537741924052,0.708881983068811,-1.5288189864111,0.754874493562148,-0.541035031419039,1.16112921740205,-1.52940959713196
0.03419527042403,-0.963778245292325,0.495893031285337,-1.53174722010559,-3.77561139172691,-1.05764535943492,-1.04264147545504,3.03514752571943,3.08577654127649,-0.975032146143682
-1.52514804518162,-0.777653018506354,-0.227982036121604,-0.128316227265499,0.72665807491607,0.271184172398623,0.0542197600547827,-1.11559765040087,0.112454779353839,-1.89156355437579
-1.14450886000187,2.26726775553615,0.238026129636348,2.42126720282073,0.91090773915241,-0.688874478555704,2.41387578039671,-4.1576869595969,-3.60318830217018,0.985878721479264
0.736454141993944,0.122875200455985,-1.01033708566182,-1.80353495313366,-1.63834984234944,2.27869062826536,0.838689992092144,0.344573938460276,-2.02778334494912,1.92660255600513
1.29914066706765,-0.959078426986628,0.966174851304193,-1.42054197179951,0.287741797933651,0.0966318754006401,-1.8400646574699,5.03529925602056,6.1009380823076,-2.90894960188074
0.37259751189014,-0.430766301028215,2.27062673902024,-0.537512360379184,-1.15461876165997,0.0140435911134738,-0.525864751824148,1.96404200464365,3.28746073979085,-2.3201920343751
-0.867727697760125,-1.20555376360693,-2.07103921653811,-0.782123828242697,1.10110233120256,2.99276685027725,-1.6297109375443,2.29531885443169,-2.47644980017958,2.48569181703155
1.72414808020917,-1.86231210361335,-0.421895359612452,-1.78537206071139,-2.96863678970852,0.587448972495135,-1.02512732627033,1.73086438065102,2.50261039902861,1.30944577137264
0.20092904583498,-1.41570403922322,0.444666998079154,-0.167201444502265,-0.156309512702318,-1.10230898267725,0.826248157414142,0.554620884377439,3.76494674483494,-1.07484912252657
-1.42392064467719,0.112208970487576,-2.65300888279205,-0.853609730734428,1.93743355627577,5.4936499746389,-2.43621382295036,3.72953221306145,-5.6434915611406,5.35338954675519
-0.471802867454061,-0.396858663108076,-0.415183669649322,-1.98356910694726,-3.45575506457904,0.225932579324957,-2.19323891816353,3.48091757308855,2.23856846999272,-0.567678167693496
0.706289637553375,0.946178460614161,-1.04807109632591,2.06344807488058,2.64270539800898,1.08909977618412,0.662901143554896,-1.37680917390546,-3.19637081966915,1.65279869843595
-0.283492725790729,0.267530513881797,-0.50043275269894,-0.885316203720592,-0.515563465931641,0.191416267888563,-1.97409794450226,1.37802699234249,1.77583095434021,-2.69980110974592
0.473038601497868,-0.686574025766472,0.6198406654678,0.464294591478627,0.187649534906275,0.36756091132725,-0.161234331745946,2.59867442167668,0.979957881249584,-0.613097978952908
0.229915440235544,-0.870634031641275,0.312933590259626,-1.22757908356016,-1.26000355593721,-0.271065121587049,0.485269625787026,1.8294375369184,1.81420004291425,-0.961948472901872
0.263131291010452,1.09592858318454,0.938121391970845,0.826088363628954,0.513281021491934,-1.47572893974226,0.868210510865904,-2.22058183301555,-1.53928762663533,-0.363919859272719
-0.673056222466834,1.70243692588205,-0.316308221346078,1.39541947006916,1.11374868037573,0.488208714381855,0.941592683371977,-1.89911684014689,-2.9436835282707,-0.629855767160352
0.804515752734119,-0.259804709839353,0.837879750432356,0.744818703369449,-0.609432434619366,-1.64865728990352,-1.00519924148306,2.44328041946193,2.43705253376116,-2.23118026737487
-0.199581878321782,0.885311745118537,-0.967064031219858,0.811894031053006,0.415191429761091,-0.853487377742889,0.456022002219583,-1.74591099094329,-1.63479167252905,0.206087104075251
0.0571354115878429,-0.342694709384281,-1.15282501181593,-0.35043431493663,0.440748739730992,0.331742147420184,0.948700052980793,-1.01582584779879,-3.26776129483688,0.951260018104764
1.96405318945479,-3.95978595978418,1.08788010274221,-3.96447400510618,-2.65484594148076,-0.894615788004556,-5.04486701510064,9.93661406036288,10.9222420998971,-1.32461317100793
-1.05211839668506,0.57053133486889,-0.582721080767658,-0.029104330363596,-0.877795499387404,0.956459030329707,-0.252002384056057,-1.47736371411958,-1.77550647273135,0.587106160139059
1.15967212287329,-1.3702539654034,0.975039785995867,-2.17314018821032,-2.49988557954818,-0.862430948557996,-2.33681381687575,1.75876774124597,5.76790070663261,-2.0924559558463
0.700909795135629,-0.033833923477387,-0.365890339848035,0.311103117193475,2.01085506402862,-0.940071758075581,2.34578112875258,-3.1363003437948,-1.7635234956052,0.165791294105439
-0.171527036088394,0.220474612803092,-0.00722938009026944,-1.10745095792298,-0.128211334433144,0.221068619807726,-1.13895979262349,0.687716465570505,1.16049134798037,-3.18786168682115
0.987931680256005,0.569675294516213,0.405567446674657,0.929081607177814,1.77661349182699,-1.84165072637345,0.985809149884558,-3.09416771765663,0.845255397681789,-1.65949078347428
-0.210215095452532,0.532723608982703,-1.75866815787122,1.28659635417055,3.13435448185997,1.86873450534711,0.492852791068331,-1.24125937456741,-4.83127269581288,3.6664291333228
-0.47918363192821,-0.496073687235948,1.06110229086755,0.355672918875765,-0.168683799764065,0.963109276773058,0.076214310370604,1.98641506520036,0.351052000472677,-1.78076196315625
1.41475388651603,0.17813628451911,2.28618348952852,-1.7536208300902,-2.76603590428522,-3.85179653881975,-0.158504284350461,-0.851886234262133,6.46442966017154,-5.47498890482531
0.657810691530332,-0.870454245549843,1.15890171340513,-0.995191525940886,-1.6147397776433,-1.41164890965909,0.15469951693083,0.113310789650703,2.72068365448361,-1.62613882204944
1.51032671539146,-0.353212376151311,1.88232346941958,1.8214043354118,0.226593379369352,-2.57440685605838,1.99790017157223,-1.04966871247066,1.81734659913284,-1.68006589721951
1.03746993267609,-0.785753138941983,-0.764162106657833,-0.216161548785061,2.39402176173799,-0.514960737512281,-0.335310926658221,0.491173021985188,0.31837876226015,-0.181198778262114
0.510424668054897,0.81058261950763,-2.38815312012142,0.239929377606374,1.30762063569068,1.978763485211,-0.997168020858673,-0.793962843661191,-3.26505068327616,3.29700748906856
-0.877407111741427,0.461969678701515,0.553181651847248,-2.20990367363747,-3.08651084748059,3.97569364129975,-2.16487077021041,5.37157428439715,-0.79999077161765,0.224745366330237
-0.616441105189643,1.66001628529149,1.33815445938856,1.96506662898135,0.52596472200896,-1.41600993379715,2.72760545578738,-4.47628964431549,-2.34831375584853,-2.50017313687921
-0.470121916527568,-1.08753261437582,1.35892788995817,-0.806780072590917,-1.80275881013779,0.892883411013439,-0.762881472654907,2.63546640998931,2.56452230114929,-1.79776893823876
-0.178488616496883,1.16367723747029,-0.465818439220093,-0.722507017450549,0.304004573657623,-0.491303987907972,-1.47673494259502,-0.134206654545278,0.928815850204926,-1.72659381048015
-0.36508175440955,-1.12335211356476,2.34778283948987,-1.59947312155765,-3.56232729902123,-2.41244609493766,-0.442461688625364,2.57411833237951,6.06003399573002,-4.31564753305143
0.315244680202682,1.16115437253327,-0.734157312465973,2.1304812976331,3.50004997085535,-0.719713411900853,0.852608344431249,-2.13734262543592,-2.17461317244008,0.675685386794061
-0.151456430695847,0.569336476530077,-0.808963882399686,-0.827723566703091,0.737227693746185,-1.90221770423611,-0.744947625584954,-0.570039730102095,2.07190863127929,-0.635722770069372
-0.844768019107737,0.219261079416113,-0.401710896066321,-0.314479359895937,0.206459203189276,1.76407883103381,0.118066720660767,-0.500161835535251,-2.57793504383524,-0.612243353523673
0.169042909413222,-0.985332064698187,-0.0323043758866645,-2.35214787161334,-2.1034078684338,1.21454561171769,-0.947503633398726,2.51182890678939,2.3179388086703,-0.597168265478513
1.71261650876994,-1.31693887237056,0.281607312582863,-1.04702392253657,-2.06982575723604,-1.18357839502907,-1.83291794010965,0.39434478828047,4.07127860330164,-0.368380238745538
-0.971318262817789,1.61473811974104,-0.0734247738951122,0.203965558232656,0.34106343065201,-0.720238528477201,-1.45463954476493,-0.344113344903882,0.186590175431371,-0.231805469133953
-0.622133260209496,1.2863156268586,0.815860672093522,1.85302771106696,1.20336359418401,-0.907368266076593,2.21133106828784,-1.1912746720697,-3.54788210357943,-0.420776175632907
-0.0467734986568777,-0.853158418225226,-0.699890666023671,-0.409252871313845,-0.395912186427127,1.60016574298018,1.07695494367323,-2.05127960551799,-1.46808026378722,1.13038899196125
-0.00584009631977683,0.789187242385029,1.31523794894326,-1.01702545256958,-1.66631899022278,-1.05865482445541,-1.30290133911318,2.86799302625083,3.92292013296042,-1.9135869512375
0.633023317583984,-0.818521481579723,2.25615926981155,-0.46027931873631,-3.56372248751015,-0.875168033445952,-0.157060271398915,1.22168801483076,3.77157657646222,-1.71402986455207
0.267481422057207,1.56428840692722,-1.99889570645187,2.32090899637699,4.10914355638122,0.679829560793471,1.62048395177659,-2.50637594227463,-4.68891662280403,2.64240004688652
1.08584213902867,-1.22347396690303,-1.97309616103823,-1.44325565583505,-0.339234738198686,0.457389775925067,-0.709065486792956,-1.2250854911654,0.680430928492912,1.18116547197917
0.861571553129112,-1.34419656869709,-0.201889705509942,-0.967174368344118,-1.97557313955998,-0.0800350129964812,0.345083630100629,0.867328170771295,2.38130286576712,-1.42222619071163
0.481704426112997,-2.29811618850634,0.951855211453804,-3.07923443389314,-0.626607944209865,-0.530821678640506,-3.89508944874792,6.68799196475095,7.88596567267612,-1.60037533111228
0.49304134112684,-0.184206924481551,-1.13000093432212,0.780527695314458,-1.09073101192537,-1.49739753980505,1.05013722098776,-2.85822460483614,0.28224106643757,-0.910627836417228
0.234814824703503,-0.0288644691102106,-0.152058005328562,0.995324889456869,2.09839165742585,0.661602556195335,-1.56654233530093,2.44965548901725,0.664562330514598,1.04971053184231
0.758381045907281,0.780624549290972,-0.584448032903002,-0.491990855272094,0.334911982797049,-0.93593780074492,-2.04389906719322,0.103586224759973,0.286644525406378,0.309402468499187
-0.219570650637721,-0.333805280807113,-2.22929881042426,-1.85378547396281,0.421648017054563,1.96206388312898,-1.16481619787757,0.00422859670103106,-2.01014052414965,3.09759871968631
-0.178692949661133,3.32843406056235,-1.69058321450988,2.60814825898911,2.45812517715669,-0.356453995388198,1.88462921856479,-5.87458864983449,-5.10453177496655,1.19674212510715
0.794388071818906,-0.58980137494667,-0.417345484213087,-0.351051264118346,0.241903904506424,-1.52635600268063,-1.17380354426209,1.51742137222828,2.19416393647911,0.236046743143975
1.59676077394973,-0.194370071533091,-1.3909770330975,-0.74132835787784,-1.12837876317912,0.723430971447686,-0.0508346320469271,-2.58437021630723,0.940204352685137,-0.000996537916715922
0.876792181226658,0.789748019487701,0.282644188357804,1.26644091784445,0.986728286323889,-1.41010524660671,1.21400151088054,-2.41541751235603,-0.710292488903999,-0.0756660819638773
-0.168369774696758,-0.377696884840771,-1.75973406845551,2.05417984165758,3.0232251172272,0.669311465405062,1.02376579775919,-1.42007613149451,-5.04209305978716,4.4269260414631
-1.08667466431089,-0.129808801022281,1.54566281944975,-0.186495135443081,-1.48982041209982,0.948124925505265,0.415919589726869,1.15062526754627,-1.54378159910648,-1.63301359228501
-0.145429424791777,-0.145711167514229,-0.498576796524296,-0.391440939289155,0.55704857252288,-1.87460786527683,-1.55768815995618,-0.145492432896775,1.43189461898385,-0.677454286042279
0.391645313608013,-1.78931988540042,-0.917640510438803,-1.9951829148613,-1.55986471595019,0.975684298235301,-1.74029809651779,0.62215352058696,1.60378145053916,1.58954477239667
-0.59947358290026,-3.13788334137622,1.34743334118654,-2.53322802354838,-2.31838745451823,-0.920767938392849,0.0309861410776094,3.00626620289543,5.07478309582094,-1.63463136295069
1.48335372740541,-1.93621364317405,-0.383154015380456,-1.96501466035378,-1.91688511320113,-0.0819131970881742,-0.618739733324531,-0.262283898349741,4.3866622749682,0.364058172622462
-0.338692725057004,2.27628783321587,-0.711943313099091,0.809292186552152,0.995870557174616,1.85309545134203,0.257004233043396,0.34305177399865,-3.97999874508785,1.56700776543884
0.730571066276208,0.105457561954639,-2.50679914512831,0.289763511815949,1.7838515642914,0.131374667681305,0.516112349440963,-1.90274758318765,-2.28196354343145,1.24702659702541
-0.374075906394099,-0.958677215905647,1.00524325069184,-0.261407078860625,-1.29396303778311,1.24732793455529,-1.01581069192322,3.0611084838374,0.59288699051534,-0.511915098954691
0.795756048130459,-0.397833380140887,-1.1697614598003,-1.24631881706826,-0.146378226005726,0.133807981323459,-1.09283828407547,0.565417917563516,2.47237107844043,0.313437677916024
0.416167248041298,0.23198969716743,-1.26409760170326,0.608896374229794,1.575188404976,1.11524176088588,0.096256585248465,-2.38792179881263,-1.57116104096743,0.899523143692951
-0.930336971713917,1.15496788328853,-1.30912303586154,2.66692377162861,4.27539583997591,4.42596048326497,3.09579686927316,0.612267260150162,-10.5095555508937,3.55213702366616
-0.852608594268982,0.0501005985332701,-1.59199156383768,-0.0381397847626852,1.82024309131877,1.19353590515635,1.26283913598001,0.0235496232084384,-4.14643411274964,1.62230719956169
0.0577315124872351,0.45570468797717,-0.597004946147381,0.275091014803686,1.73199244054217,0.485988062338698,0.557553320443852,0.323943900332668,-2.46937392908854,0.927402286498245
0.00898544394378148,-0.821305707871255,-0.757429710834641,-1.14203861189685,0.839054697569813,1.93566680388236,0.942321208214842,0.287767048440872,-4.26461188706121,2.51960129209809
-0.725153789747486,0.902257308500481,1.09718103520583,-0.141553945333144,-3.1926650869879,-0.670836202973627,0.784853326214338,-0.75548485432586,1.12051195111064,-1.47107666971655
-0.994577943934106,0.600979411012397,1.15555636499196,2.40170484585029,1.1693094739972,0.09184647566595,1.45999211594049,-0.712292998038648,-3.2207271838957,0.716833463405407
0.164362738459894,0.549441825147653,1.29303500495934,1.11716053913736,-0.135191147558159,-1.33069359969788,1.99295993571122,-0.99910199874079,-1.14371057896627,1.91432455159557
-1.26574076749107,1.17411715739298,0.541807072403943,2.37593732832639,0.912140077495334,-0.263653223464232,2.35838526746363,-2.83862473655384,-2.64073628412758,-2.63130179717268
-1.03067720104011,1.11687899481285,-0.242516831361986,1.35081959564737,0.181104829685363,0.176353989632513,1.88958730387128,-1.98429557092118,-3.99430949859519,-0.438159893290605
1.13697116558204,-0.738667570067899,-0.024552293120426,-1.2524357433919,-1.72210500336351,0.608557322916643,-1.86957508043491,2.68940057805242,3.1587435880623,-0.438565048324987
1.06214866528209,-0.469364829313027,-0.436704971024148,0.187344055425775,1.10947556284845,1.47396465275744,0.739554034882685,-0.167294835915717,-1.91215506653264,2.7132195813652
0.122696281725895,0.43187348221675,1.92254593664753,1.18088158732667,1.13204180008187,-0.835601397929071,0.630378903942959,-1.18876435209762,1.00001198775509,-0.592743101056137
-1.52150015277209,1.2130437870592,0.869599439988766,-0.694834969956558,-2.10189649415148,-0.631535118306667,0.667185164326687,0.251493820016432,-0.0533635187982681,-1.11263209756522
0.930595186948204,0.75352280444314,-0.309068942137343,-1.22493406814351,0.586794802235633,-0.610616717128611,0.0471668095961184,-0.631890790667503,2.09038497304751,-1.78522894661567
0.813022226535908,-0.023682869050192,-1.41431496117541,-0.812440334649891,-2.38606731204783,1.46477065002456,-1.30068009707928,2.279564052665,0.155555113911103,0.616199594750563
-0.560566589649356,-0.557992236455172,-0.685813185486934,-0.786384638595938,0.148586087118954,-0.449674693109009,-0.528597264529028,1.7381314573807,0.599632679515406,-0.165430178473387
1.42162598672494,-1.03686994612209,-2.12166049403135,-2.67164055949168,-0.705435370413507,1.49422681406931,-1.97421053097709,2.12103916788017,1.7809245230283,-0.0945426702118889
-1.20583607200529,1.09861615193217,-0.267384180839594,0.246465152163921,-0.609270885627802,0.213976933443257,0.419548931164237,0.0717452727756874,-2.20721130185592,-1.80328021294613
0.929888898276441,-2.33456447970485,0.54758547311664,-2.71753390897844,-3.57564817912315,-1.09704180127868,-0.522472923317452,2.12734195060011,4.97352621124109,0.50503589167828
0.457196682498803,-0.65082027154153,-0.854017728536732,-0.813856438965156,-1.51556260333943,0.402041997130681,-1.2290619066409,0.339766038454096,0.272867498496947,1.47638947577975
-1.54350100055956,0.429472885853161,1.78019452427214,-0.432874570321095,-2.06782047023309,0.671244380984521,0.546838457370286,-0.438845996856627,-0.301401097155214,-2.80107142948091
0.642030824361277,-0.557542841437192,0.682253762401463,1.76148133719974,0.917556815342302,-0.753335732122412,0.739073950648363,-0.786229997890076,-0.511855426886963,0.696524430334166
1.00089211397481,-0.196211854283072,-0.793563922933208,-2.00324829889976,0.110998287056364,-0.0853708763620905,-2.2411128393264,-0.242015457223464,3.09280016044309,-0.829625727833554
0.725700976683232,1.35346266315093,0.299375435342512,1.02346423896343,1.98365686096002,-1.88080640476221,0.805222413463408,-1.93331201057442,-0.482011120648798,-0.518827182387075
-0.0469556546681508,0.069037379382525,0.243046989728035,-1.51897891285435,-0.456346418260941,0.980561308798925,-0.841576442329609,1.22301427589695,-0.666884476466746,1.36275735754365
0.463763725803243,0.161566299331523,0.945950760797262,1.59475412898655,-0.345904094177319,-3.36025545010065,2.18594161982278,-3.73825699674625,-0.141724073444147,-1.86712994978986
-0.317443888477748,-0.905000562909188,-0.888071866625239,-1.58773896954294,0.00862377064276006,2.7036866850961,-0.711019287793169,3.60856624527602,-0.524340494361929,3.12780683827833
1.70450925192577,-2.08803258227218,-0.431129686012209,-1.54323851484754,0.443092029900447,-0.145845601476153,-1.48745204731942,3.75243987407503,4.94492223743402,-0.631437260952196
1.47493677943294,0.117326916849739,0.929234945111097,-0.731330354607788,-1.25332921153672,-1.18511089654482,-0.174408039182841,1.62059842975412,3.58988960257271,-1.02898273649294
0.102576017699198,-1.04324090364437,0.81258408180858,-1.41995682679208,-2.84269786736799,0.104536562481744,-0.971342290976394,4.65310637413398,4.66238611514818,-3.86812902545531
-1.63687083285085,1.86404760240919,-0.409103355077331,3.09022732122339,3.07281741322053,1.96726829461099,1.7732991205161,-1.39002042607368,-7.59120274415463,1.98754572642323
0.059671245214985,0.25479083706856,-1.38183240426543,-0.330707558560968,-1.48789369726558,1.11788909891119,-1.09161247770795,1.55295925474676,-0.0580232296181891,0.352379417302208
-0.123644251688557,1.07595041305691,2.17619408037086,1.44299076120411,-1.75718409930757,0.477476156152601,1.01593310232927,-0.592965334912228,-1.57852646448786,-2.31779917361182
-0.642376556633651,0.508996203230444,2.18520566833112,1.08538017480783,-2.7731450211832,-2.54785807306609,1.37805775298055,-2.12596196481978,0.561680729526925,-2.42986712319781
1.31231253444764,-0.474499123567422,-1.18619079105554,-2.45545650334039,-1.09937415947925,-0.0169095517476289,-2.31055056988239,1.30743525251186,4.52699762901386,0.453798597829028
-1.16580797306494,-1.61276148728504,-1.04161986333099,-2.57945800096393,-0.0329770391132034,0.213942930802816,-0.670752184740832,-0.0202108084317336,-0.0133598499599187,0.590468008353444
0.303195032240157,-0.656240075167467,-1.81294191405948,-0.608688148563288,0.705345928336447,0.395380598880211,-0.576912437049029,-1.32452234229334,-1.26682305924875,2.84923322072483
0.7537740882261,0.0347898202154859,0.343313999903481,1.76198879308864,3.10696248683762,-0.480578942850297,2.28231647873246,-1.52132457630822,-2.86219230470107,1.0931630924458
2.26149352313701,-1.70251009555376,-0.969869045599997,-2.48110747918538,-1.40477626467228,-1.53326799668231,-3.64550169448314,3.78590630709465,5.75538969515358,-0.590912838459142
-0.0884853081326915,-0.379937449076135,-1.2366753671569,0.0357839862400683,1.01717908280012,1.51673375365916,0.425659401010365,-0.589535077240984,-3.31800928586838,1.65335761672186
-1.21606592106471,2.66744534269321,-0.406695631937645,-0.0655514457454695,2.69305569352656,2.75482707370165,-0.931727749316719,1.95853318849631,-4.030988685767,0.69879954462258
-0.956923440030798,0.68161705320846,-1.56966863752468,-0.079818425462208,1.51961286440673,3.16389152104251,0.179464670936143,0.448094552027429,-4.86683496872575,1.50568185256826
1.27311559471882,-0.518878688478772,-1.38923287783231,-0.930191257543087,1.46244048012927,1.63602441144074,0.134876541324187,2.33027355293494,-1.64529694015102,1.93495215995031
0.50284655492385,0.469217765998117,-0.400401451089562,-1.02878382294357,0.128133478241572,-0.957088964809399,0.0839483585313158,-2.51791976204966,0.33144786821507,-0.81514064539397
1.20185166776105,-1.38967162131164,0.654614657057037,-1.468078804951,-0.868058274322347,-1.02211751001006,-1.11441002063311,2.83050067701607,4.65170680960305,-0.725487698678248
-0.220255669662557,1.24823877700862,0.288621486517031,-0.0321223743231424,0.0127382661723853,-0.380462371122651,-1.05198842221242,0.768967036776033,1.48339065891375,-2.69053588322266
0.148508584133601,0.68659726823581,-1.7920638448706,0.341097684738502,2.64257619135315,-0.32057711316538,2.5057960139598,-3.30753568893148,-3.63813296834572,0.300010661463388
-0.317412240716824,-0.694039907855421,-0.705250738384609,-0.22002683068303,2.20509103513569,1.95936065516608,2.62903278065076,-0.0887487374055468,-2.77892599424647,0.867629770889819
0.632122173279346,-0.486073224360168,-0.651516597857037,-0.891978915667676,-0.425375547116674,-0.330174510183879,-0.685516197427972,0.131700712694125,0.241656447294897,1.17245458179049
0.149420726550689,-0.189949438720211,0.478902914580342,-2.4213512592746,-2.8565557316166,-0.873292783938503,-0.76392505747394,0.178743394071131,5.2703770030727,-3.50607120385905
0.59392211496561,-0.803996378075337,0.166915130951357,-0.805757258188193,-1.03504604741286,0.548788780250005,-0.811717536021264,0.631408764031628,1.66394795813454,1.84183348794123
0.0772570675516127,-1.29251475868523,0.795644401863592,-1.58323556326339,0.319132749401701,-1.68947177838181,-2.22036087564818,1.62875942373605,4.84079954512804,-1.15319215677084
0.700384767210161,-0.985112530296,2.62864287821612,-2.50110052592243,-5.16488508757458,-2.36222664965373,-2.50209426476928,2.93419759775147,8.12647933068444,-3.50869171095373
-0.323310370395827,-0.95316504044725,-2.26551482012305,-0.298736601346095,2.05403585080049,2.6023004182576,-1.12743606319237,0.179920074369324,-2.90532252029978,5.34437964438557
1.20357600692539,-1.97499816515039,0.125076262372048,-0.775887388475681,-1.13423774676089,-0.702234772041909,-1.20771331217054,0.564476111342553,3.07220269074031,0.868942339042939
0.129277429494039,0.896303111737847,-0.202941615032077,0.703496732439881,2.21419437795466,-0.152001472070204,1.56179132662432,-4.13036736981658,-2.28997881767465,1.82832150785705
2.30747492641211,-0.361473384332146,1.03848325170312,-0.442184641205879,-2.14227032404708,-2.27502584548609,-0.169440404657064,-0.430293111812567,5.37656102734128,-2.2684767293064
-1.13717585807747,1.67214444533646,2.20187911077746,1.72376520118738,-2.04027435184591,-1.96702318351188,2.6306926036712,-4.11390993551559,-0.979323440259372,-3.6297616095029
-0.267300039979004,-1.15195662123392,1.38042952153547,0.284573266818279,1.04500672787086,2.50254630464866,0.384046786772732,3.85349474584633,-1.62480963947702,1.55756194694197
-0.306435562049044,-0.0204875576830153,0.743428875411103,0.127708111389094,-0.933225186429729,-3.2675293247466,0.205661091227419,-2.05987565156979,1.77821715594374,-0.101259251290873
-0.249467174884269,-0.73511082616625,-0.804097536908671,-1.66214343000163,-0.446414493863903,0.708682541576866,-2.98410927340189,1.98864579147803,3.40677957078812,-0.80124405467642
1.84354743898027,-1.72812075500544,1.40167918381299,-2.50325645540274,-4.20963298311007,-2.82759069335882,-1.86349836258451,0.580619683368172,7.84168430450498,-2.96157812895387
-1.04896583372607,1.06829814748884,1.39928006355304,0.380651598575173,-0.310521499065028,-0.308987012527269,-1.55501006637728,0.561982322521962,1.40232391618863,-3.14200046462168
1.05643988142817,-0.327599536714676,0.664453777807021,-0.440213061580757,-2.18899604384203,-0.70310163834018,0.0237158286191376,0.167138171247301,0.852677644568479,-1.70443151000567
0.638055520525738,-0.0578910451692843,-0.08975721205509,0.440134637735489,-0.633543087497179,-1.08897263017166,-0.00934357213850012,-3.02216564266307,0.987279993236913,-1.55304065727569
-0.456249820940949,-0.79186793715022,-0.173640457339154,0.247979234930085,1.43522354817817,-0.600272658185743,-0.156418721913997,-0.789808426221295,0.925869177878294,-0.508314039334569
-1.06144167940682,-0.0919610145705761,-0.580232033357849,1.75042241797364,2.46345688055956,1.46623252364679,2.52243015966389,1.08374587302541,-6.11442329836796,2.51825013433866
-0.502808095989154,0.208515807259942,-1.98374872829415,0.282599782526718,2.08505423030895,3.00538449071786,0.800689425534946,-0.568476834773248,-5.51451419989524,3.00374634292215
1.15025272954979,-3.23363766483883,0.02140959357778,-2.00314717934865,-2.41153743547077,-0.436913406989127,-2.83890767753049,5.68794052740987,5.35544472409812,1.38902668308214
-0.49444227381604,-0.144125209440221,-0.452593897619582,-0.756844026312143,-1.08942724785748,-1.27576155163675,-0.0374444646944504,-2.36556385354969,1.07214770211495,-0.346154961111841
1.72285273672659,0.188413333079968,0.677391937526966,-0.34965391261391,-0.697134360208534,-3.11114932571085,-0.752545111649821,0.105088906643767,4.96098484503475,-1.97688192722036
0.22914158019185,1.0884615615596,0.628285011447959,1.2970556765464,0.737444577191134,-1.37567307110767,0.224936752025281,-1.75175279217842,1.50380601823494,-2.98142962416161
1.65785768530797,-1.08138711665849,-0.542157242823575,-2.4110750347622,-3.21216459741,-1.39750624412114,-0.174672903247451,-0.748786851444209,3.12099289659174,-1.32544766314456
-1.20342780211383,-0.28383016431755,0.701177422092129,-3.11078287045013,-4.86083497022268,0.427299944469825,-2.05905574704509,1.3947882522623,3.47119572705153,-0.867780827844836
-0.524657450618189,-0.708813882161961,-0.0301696972276895,-1.05707249122776,-1.74855417161655,0.0382690772747055,-1.03907945162143,0.770987305994255,0.475855696127738,1.14432744969688
-0.888027474233326,1.8407065859334,-2.81010599572427,2.33018732165631,3.86320134241245,3.88446708460138,0.446652197979329,1.35658038177939,-8.67804977524751,5.22518317545767
1.48384118341496,-2.76981460398713,1.46804687735485,-3.75674958445496,-4.09868991852803,-2.01308266753799,-2.60228297008571,2.00223305560306,7.41570567382051,-0.999051606022764
0.45914848525629,1.27691276651958,-1.2760366888921,-0.260700741436549,2.00371440023763,1.70711078597408,-1.80497730372576,0.242548966429344,-2.38270517393503,0.99422247160864
1.24817670799095,-0.715565824171017,-1.46487595672549,0.87386112624313,2.71388203760489,1.37404324678716,0.101422560249617,0.419376440445427,0.162304768760809,4.06048441085803
-0.817197313313374,1.19822604185262,0.219796894652311,1.18534283621082,0.290353796810049,1.68137453561701,3.00561782739974,-1.5993491900472,-6.08852424980244,0.0390068100973002
-0.937701449937213,2.13602504919703,-0.319765932479523,1.11380747213436,-0.213344050867037,0.654204010584341,-1.69544532385423,0.455452671965162,-1.2368607878158,0.606682242855089
1.79608492171404,-2.39529677940674,-2.15727411596555,-0.906105567153644,-0.819864866596859,0.400743197045691,-1.74615645766555,0.545812263193989,2.21180495221585,5.41486035820031
-0.595832367609057,0.0299576343275849,-2.01785432845026,-2.04107725370139,0.33966325948587,1.66073349418689,-1.22367012743691,0.858254078628569,-1.01850129446094,2.53963430837974
-1.43383581913781,0.400651129073302,-2.16287515232848,0.598812660921996,2.83675699941638,2.63750192435466,-0.177317556573634,1.04606254818013,-5.0124104691289,2.76722111558038
0.640942991166944,1.07964445971494,1.52742373565648,0.592366229211453,1.4739187020045,-0.472713884318505,0.272272311389046,1.47482927720466,1.84719263838428,-1.64231794467855
0.33670381597245,-0.951649104217737,-0.912129428199744,-1.71254227745987,1.61907752612501,1.53164273909578,-0.799876355682144,1.31106411945826,2.13778334207591,-2.00768632770367
-0.272959395478076,-1.45117683810337,1.4205728854758,-1.88269641777423,-2.65589332394481,-1.45762138960976,-2.25765150224404,3.54310407592212,6.97180557951201,-3.63682792152599
0.754909266369511,-0.910598880401079,-1.24948032205734,-1.54142398596523,0.304387543996525,1.38714137878247,-1.08347348377907,2.74698137812331,0.416732613625734,1.66448534450766
-0.496548823237849,0.939600428940333,-0.448131992687023,1.13397196039112,2.05727721499343,1.39226522118392,0.00971281006691671,-0.994229699173189,-5.02728106994766,1.10195769887703
-0.361455115186375,0.325961711880242,0.521582193304114,0.51572103879023,-0.293558855529747,-0.597785995829666,0.931187843616026,-1.77319072026942,-2.34917313688316,-0.373613603387993
0.178057520392783,1.1729618791691,0.505536027513005,0.287430642732443,-0.656407655915134,-1.7759238344267,0.471199088544863,-1.41359676712695,-0.672061704319408,-1.11921613133415
0.946701829655991,1.37430945939415,0.769488704032028,-0.533671793806682,-0.316480578609249,-1.42067941602702,-1.2430245630903,0.469439853057816,1.87276490050872,-2.21898100222898
0.501646423460595,-2.04037122876017,0.761433178331067,-1.10868876435637,-0.285719383857954,-1.60964079244164,1.31646230664106,1.05727897921141,3.09973814122491,-0.81383844388264
-0.456652425334999,0.7381566009955,0.880065505598316,1.62129596244487,-0.108189162710624,-0.659007256807548,2.94586983073076,-2.54523575639231,-3.26361778307566,-0.372574470213838
0.907513719802341,0.313857023847159,-1.39195338244105,-0.231425967349924,-0.39624086643102,1.46549445838285,0.552896639089139,-1.5556917029851,-1.72361696738439,-1.06719748541248
1.26382430856645,-0.410126525596814,0.315505390306057,-0.841726138997708,0.440634182889034,-0.509306091716038,-0.80818352191034,0.950201253810146,3.48278415043569,-0.912068141445441
-0.994746895472022,1.49346417154336,-1.10575913065666,0.89232206716322,0.753352477045286,0.784066190672454,0.695395988946036,-2.34515358654303,-4.47546101091633,2.35653858908311
1.03776905763363,-1.30924990733169,0.086355697724634,-1.31445322254644,-2.30435353454995,-0.827324948931274,-0.750291394203906,0.52131223686764,2.59595120388862,-0.767299620296788
0.744860787503032,-1.88883405293602,-0.634007444801841,-1.09433090082575,-1.68260221897856,-0.756580628783342,-0.16255445527825,1.49576239984962,2.52802692642007,1.59022071554711
-1.09506182241316,0.675926715975453,-0.860068431954606,0.0142497181102861,1.65611364104825,2.06110441296535,0.115790194248773,1.93475567997059,-3.61723686198221,1.55576288764581
-0.0822239397084178,-0.060075281268953,1.08698886012504,-0.361106732447175,-0.0408188631960121,-0.686571240104378,-1.12133851063267,1.41953661695267,2.25655787515268,-0.857310591560791
-1.09930370124151,0.147092217566027,1.04120060453974,-1.17124421307051,-3.74799855478803,-0.909498983784173,-0.950221107559062,1.64196893103421,3.87433940591154,-4.28873165151417
1.32826274503141,-1.46656081816105,1.56731528173594,-1.10977913770648,-1.06368018622827,-1.32412061740845,0.53992316788692,1.3233566422416,3.33046156440986,-1.47413768218628
-1.51879663898042,3.51044225088135,-1.22540295422604,2.87117653653238,3.8891420447756,1.86030976468011,4.24365303471688,-4.53386389508108,-9.95490998545406,3.45292158424203
1.1545478606003,-0.0213890814037373,0.649156857269113,0.6666570991236,0.396865784351503,-0.769369370431594,2.59609534785553,-1.74759923258009,-0.212826941102499,-0.336150711722118
0.980001746238004,-1.71354135267223,0.352088949285737,-2.1490307029646,-4.39161877321244,-0.51001652706234,-2.06051553972387,1.40192679478872,6.330418438415,-1.5291808789591
-2.05356929126652,0.731289135048983,-0.56589891727217,0.480491739540106,1.96639286073632,2.49908964307281,1.89622379791466,1.21884362897755,-6.75590839813962,2.94570027546569
-0.476291141546249,-1.21031539189238,-2.98735049126922,-1.58604223722374,-0.961401108307204,3.96579944744632,-1.4734890580137,2.18855701969242,-2.8848935544394,4.66774144901062
-0.285463713235343,-0.827543864933197,-0.995960665321365,-0.0389833430606842,0.373822814921896,0.88897378520979,-2.45146145660133,2.06677030780957,1.2012164123733,2.30450667691003
0.0831990273375858,0.0940848409044129,2.07715922636591,1.26523205890533,-0.824451868553577,-0.877203085138038,1.77381034141314,-2.6220281176396,0.587337949320468,-0.816030820144869
-0.281575945602869,-0.616659326841623,0.374524700571316,0.364745135049331,0.377742500973825,0.975897053656595,0.582694095256279,0.157246184367433,-0.995208174231363,-0.951226890098875
0.666371069140353,-0.0955554526513698,-0.0211561549501577,2.46057738468018,2.93491521260514,-2.06190613741572,-0.412439877241508,-2.00062700837016,0.455877890625634,0.00878952921779029
0.00768169581749947,-0.667379801589329,0.599938238759362,-3.14784737695439,-3.11583683406504,-0.256678494099133,-4.44239072916407,4.58264119484402,8.84987226194024,-5.21958406691391
-3.48489466404779,3.34391349912867,-0.743556118722761,3.09081334790735,4.13564491773048,2.0126039549107,2.60236325313242,-4.26377663645982,-9.93616500004431,0.204648939024713
1.1068118990145,-1.3681769459149,-1.13751195088087,-2.99623858809386,-2.3294505648227,-0.756667440880932,-1.92497464652601,0.0718206342102027,6.46272003748814,-1.42250030371375
-0.197436678476999,-0.239269215540427,2.43839402249224,-1.56061146989843,-4.49394990180225,-2.71678982582114,-2.51188088831537,2.83802671230407,7.9924397908908,-6.78180073773659
-1.47252806077516,0.321375799802995,-0.436287519281674,-0.36432367074197,2.27681601622145,0.583966617142302,-0.391051754765611,-0.795680419804545,-2.33434504552786,-0.36067768326678
-1.42187157033835,-0.0146665749287569,0.453497902582166,-1.16360756112158,-1.42227118980188,0.942474855506004,-1.22456298767444,2.72424013689773,0.412818404633171,-0.288587175572533
0.282029835016465,0.669711401094834,0.0696778070497054,-0.941018131790635,-0.296652284122133,-0.380469079207765,-1.75179718497666,-0.836346452434177,2.3844325224148,-0.762470817348451
-1.09756705032463,1.30031106449228,-2.64120405446958,0.623318565443203,2.53624553602157,2.80976456080786,-0.162028577398181,-1.25696789887779,-7.62475530380931,5.2822001632213
-1.39830352117211,1.29873401153089,1.50819447135821,2.41882549908485,0.588737311517384,-1.93748189044561,1.79766666880812,-1.87986618210493,0.0132629402558276,-3.35870005932397
0.240514139599307,0.495041234444542,0.680669722139948,1.03174600727483,0.497982998966093,0.695449455862684,0.0762772187518641,0.42148689545115,-0.914313068385264,0.536726081636464
0.623548655263382,0.398866260886553,0.798709433568363,0.795484002732058,0.178050919880794,-1.46727745549027,-0.144693169778559,-2.18841142087054,1.87918444332906,0.16409446225728
0.641592602463009,-1.88736768485791,2.42602386609037,-1.5289140402712,-2.37887430372556,-3.58910727244092,-2.3164506973436,2.50260809359666,8.37817154237355,-2.61689691027791
-0.344342333269709,-1.49391869515201,1.25231285513639,-1.18413311264463,-0.194463075735962,-1.8807697718661,-1.29080025450785,1.8389379442035,5.45697620806459,-4.55551040403819
-0.488100844239153,-2.35110912099902,0.329786612076352,-2.23289785550857,-4.26926088524863,-0.162843692147782,-1.45653894290742,3.69412086722038,4.13334172350971,-2.95356140946643
0.751137011834556,-1.47129504517504,0.984384889069267,-3.84424844030836,-3.48995933630529,-0.944390538877904,-1.83352189619605,4.17136427294769,7.05280567131314,-2.11613599412251
0.571980219450718,-1.31470661231598,-1.1552889757699,0.45323122735348,0.354009228182754,1.16873049668349,0.638587551547993,1.36097036506785,-1.61950686217488,2.52178675115714
0.932886224565633,1.09225791772415,0.370650509401603,-1.14430143166402,-1.62447190469648,-2.42203689565822,-0.231251030646335,-4.84150814408277,2.49278257492921,-2.87935910940028
0.610255334608125,-0.959133987403336,1.58892141381544,-0.996154322767383,-1.88054039115666,-1.81344244044859,0.893840050780985,-0.339938405977221,4.82273097808453,-1.66293091412585
-1.20209460456534,-0.168177374694554,-1.53092687793254,0.00431575027852789,-0.539643987476897,1.66636994821434,0.245841042259604,-1.81971360710365,-3.84034532433186,1.18143289098369
0.177215650016601,-0.69546587837944,0.185604801287884,-0.0780831821314412,0.0327168974639553,0.959686332880217,-0.644364442920505,0.983267720122246,-0.15768136510261,1.3711746195466
1.46759744136592,-1.82042989615752,-0.80010190632452,0.556188195595585,1.73537461271698,-0.186921324739459,0.878123155855024,1.10538730062298,-0.803205676796684,1.04902413864205
-1.39374189036937,1.1737233750169,-1.17435857512812,1.34244156067666,1.7589672659359,1.51369884163763,-0.476286473728905,-1.10195522650962,-4.1142769965479,2.37922623242885
1.10119490212926,-0.307982941172495,-0.458956204666857,-1.23092673028583,-0.732695250239999,-0.661841303225614,-0.0591724916135309,0.206473303578472,1.95464685945127,-1.01738220581463
0.0264375018182579,-0.0756652634182186,1.96723960285353,-1.61727666614061,-1.73202014777655,0.0811545270233825,-0.649748243798248,3.00386222194437,1.25475897726674,-0.784988803844142
0.0645774372587126,0.0397987156803304,-0.835027627981994,-0.127083020243675,1.31996912563842,0.259646671854945,0.565449573115148,-1.16454724544419,-2.55297666283187,2.15450761245423
0.985495384999245,-1.56769831677252,0.372792526809925,-0.227129073055458,-0.419797603935101,-0.272080964721953,0.381161139078514,2.26484196187252,1.42403214899462,0.977359571054568
-0.192403072311363,0.415267081974026,-1.82996491754469,-1.96632310586214,0.615388392638247,-0.536347561735127,-2.02654910984001,-0.513630537101666,1.18818385923097,-0.120006653383892
0.223749136633668,0.0235065538970991,-0.497130982240805,0.844570775170052,3.28623351917129,0.823266370851985,2.09101266640377,-0.530621718608634,-2.61152503693346,1.55281827259695
-0.219250867313991,-0.119907844189525,-1.3434015658878,0.273553802358082,1.24944170522481,0.96536608271884,-0.786214099627318,-0.486863777169579,-2.24253571706676,1.73427094213585
-0.191667514744067,-1.17666933524977,-0.839287345789362,-0.492787596770514,-1.50751819807119,-0.779182259986907,-0.721104238952983,1.11064959425577,2.68152327121367,-3.18680765764154
-2.38410377997871,0.371002649551889,-1.10974470618759,-0.946468089728956,0.337786935880324,1.18115451360227,1.94058079734767,-2.89366952558306,-4.62732055135605,-1.3288632512409
0.875463976778031,0.494040676745481,1.09532705188018,0.684780045764287,-1.38611172528539,-0.969945297168586,0.24150812559526,0.985679227785806,1.28797415936448,-1.19515655516033
-0.267607914046875,0.809946998645553,-0.0223531833624151,1.11456855533261,1.46494466262852,-0.925703046173437,-0.818601902140864,0.769690937090465,-0.790108217083293,0.461022791355689
-0.00801241519634577,-2.68405704775631,0.707592235216399,-1.44561190012755,-2.3713551735815,-0.478289986629607,-1.52017722588326,4.32376991840159,4.11584417338344,1.17894957521528
1.07112268365141,-0.72224834683067,-1.22814738713281,-1.25007965555006,-0.129073420339036,-0.54561468029677,0.746106059758034,-0.294653413288868,1.30120810691465,-0.213224234093328
-1.15770216699439,0.834737315526105,0.514695424871111,1.94173150100479,1.97413895530406,1.58846133111532,1.4936945297163,1.03621340635448,-3.38991616028351,-0.335828283896716
0.498906809087859,-0.515958972635089,-0.836375817914317,-1.44787804421459,-0.751044739854577,0.442726090110327,-0.76253100184888,1.2996134474074,-0.955083780895344,1.39788427318567
0.602811123536055,0.190000215964126,-0.673602829505377,-0.151602827161876,1.47513706577418,-0.00200432497589361,-0.897134664539782,0.376167701615141,2.50387579502826,-0.517469942568279
0.655292683539359,-1.58214794749003,-1.199670094598,-2.53892397369265,0.992907124550802,1.30296828288967,-0.547061381255545,2.06530256034313,0.275077293612078,2.05581168438722
-2.83949625181854,1.77749311452216,-0.294016780174596,1.56819836726922,2.03956440587363,0.435289367890032,1.81225745082893,-2.05014239278348,-5.8291098008156,1.69088815245584
-0.215650176407161,-0.673208619106236,0.547680338100918,1.55047615802049,0.118226354234571,-0.0933967685643084,0.0152393090956895,1.88292512959224,-0.434600287740164,1.99438705157311
-0.213252251034336,1.39008331540764,-0.576979565185695,0.166575834542967,0.52189407041923,2.20936117973572,0.549697552979624,-1.10811064579858,-3.08401243401243,1.16736239788788
-1.0494287412062,0.4840406542385,1.77411052773216,0.0495298362435677,-0.527201456674666,-0.14561406592498,-1.73602554493726,1.81308561606259,2.43961251160898,-3.96068724711603
-0.196943408685101,-1.67613028931608,0.202847188819608,-2.50638556117497,-2.16711484502307,0.866891298750953,-1.92948822608649,4.42141333404268,3.52223815943441,-1.61286974814757
-0.710432081603694,2.46685988610564,0.62299140642673,2.6306394966215,2.3829075128411,-0.580556064863927,1.9863974310175,-4.33488339356561,-2.77614289139622,-2.45952025699733
1.95705710550415,-0.525840493902139,0.41908766750972,0.252377693272041,-2.04965446758683,-1.16814321072917,1.42738413645809,0.102358106869803,1.90390591524647,-0.396305925901281
0.0143407488755698,-1.40327220096604,-0.151869627587936,-1.82448182794944,0.974840675552091,-0.353094902115407,-0.752421795457484,-0.884505001855785,2.14555132124693,1.58700946045667
0.183836414455237,0.495720955402745,-0.994320569800796,0.997995474587973,-0.383471677712059,-0.506461717011788,-0.162606956241684,-2.21533144311157,-0.424239662206174,0.362851707877184
0.0457006479479803,-0.261224341347349,-0.409725529366079,-0.918062863722439,1.89159912695001,-0.68607212093037,-2.46428865378621,1.22744599200695,1.82555011924901,0.281968390999205
0.819570407747641,-1.42567065444038,0.635468410309306,-0.484891682144906,0.157808567185433,-1.36948186405053,-1.32498222773279,2.22231054348759,5.55347235934279,-1.21397610815979
-2.34531056514487,1.19011637745207,-0.826361962428908,-0.172831603605397,-1.45174486326163,1.99656958569771,0.0977226968399312,1.00835597377458,-4.42524929228475,0.671406497647833
-0.70877535499279,-0.83071508053921,-0.843605656992906,-1.22581738904682,-0.745135820238464,2.04252429802606,-1.19472950668481,3.24640533530126,0.175824677475579,1.89645105520839
0.654492146906725,-0.527135728777062,0.397842158953516,-1.94404006465262,-3.14324144640136,-1.54352621279088,-1.82987811192391,-0.926697731516781,5.2609845905004,-1.92730609981723
-0.57041708625794,1.59712543128551,-1.63436150599225,-0.0480147479555557,-0.0716948350798204,2.13013922252782,-1.01024241180187,-2.11484597159357,-3.88343177878769,1.30411898715446
0.238082041123532,-0.47412972766687,-0.688048917658016,-1.27424482898218,-0.979872671129737,0.542062540294645,-0.0302565048189943,0.0525266180690477,2.24670698628979,-2.03778665063631
-0.460649471949219,0.456607524690231,1.08948359319055,0.714803565562908,-1.01268868378965,-2.20052032749533,0.100088099076161,-0.755938345574133,0.560844750696135,-1.26780839177233
-0.676780953343497,1.85369001084008,0.115964410739537,1.86117267917907,1.90277182581967,0.513961933232732,1.4850560864405,-0.48224689244912,-2.06635968001768,-1.0390022263191
-0.381903581374446,0.457870474502507,-2.02918909529463,0.922374716376499,1.35993743325276,3.40892972162149,0.20446500250268,2.49650980722329,-6.24416289627887,4.9082838306104
-2.05676029720311,2.59726291966267,1.19197148455201,2.47582107190793,1.93750926313871,-1.30029942237068,2.53841636437718,-2.07156798994652,-2.95273981806625,-4.82333982658286
0.703816769538389,-1.09466659954742,0.618573576227606,-1.80867917171641,-1.26962549141976,-2.00851238848203,0.533882398538449,-0.124960859877214,5.64948838240225,-4.92611726112015
1.9987135335248,-1.10224330648402,0.0254419234056305,1.18248531375486,0.602343473320732,-1.33182342077541,2.32247617856106,-0.342936329077902,0.212200814567749,-0.029689329304138
-0.0648884986721194,0.908173454409502,0.0237574251838041,1.31326353978207,0.744524372393171,0.728028382885724,-0.00203935078528278,-2.08088700725259,-3.2473939441617,1.89361103736926
0.0227683332497612,-0.0684803686157779,1.1657242380937,-0.237321716020819,-2.56083442200713,0.553335212024963,-0.211798916055341,1.64279671457418,0.61567451791794,0.402438601796409
-0.832684375652325,1.36114598307669,-2.30413491736605,2.36106958310913,4.53597794328457,2.18195653064624,1.20052858899135,-2.44345670794122,-6.60008867762392,1.20584084470567
-0.222179903805784,-1.05416443764626,-2.04210605966228,-0.981521266329247,0.920912943917961,1.05586688928838,-1.28358729724073,2.52064460696739,0.79530770713618,0.596269421902811
0.504592712916736,0.280966249391895,0.2747353000033,1.04504400852969,-0.0718017497606631,-1.148477038522,-0.0853486268263508,0.0365239394686725,0.141985437504107,0.2219075898661
-2.21173231703245,1.25851340167641,0.136276283959629,0.301840900495062,0.606206133112953,1.15246418706455,1.87239733860725,-2.11548492600228,-3.73153715156006,-1.70826540046668
-0.154357682843035,-0.476150386740914,-0.85843921703331,-0.531969634758127,3.33996870261723,-0.378333905457088,-0.853120298562295,1.51635318957156,0.866748676774734,1.51554856029615
-1.08282698655799,1.16073542068066,0.519302098637827,2.53372314774359,3.62555646682112,-0.328107298787013,1.09365038840549,-0.552894940990512,-3.74200919651228,1.68621108650984
-0.468302486622325,0.829212518200421,-0.341774335432873,-0.496449126411534,-1.52847959469432,0.0694258958656992,-2.06899970066164,1.7783340242767,1.65004048403892,-2.06133231413938
0.981683942621326,-1.44311852266591,1.4647707349081,0.487062000965424,-1.87842752366079,-1.60169335238187,1.15022246753146,-1.59432087809938,2.45300949077487,1.11141319162067
-0.761399074296426,0.478729439516805,1.61659043222767,0.324839419261567,-1.45283951836479,-2.57739655016798,0.116766837592904,-1.22312359959789,2.09497645800289,-1.63551242946086
0.109862629069562,0.0375779346988494,-0.400686401688258,-1.75405058277135,0.658919798862788,-0.904519962615647,-0.466618422755438,-1.96302781004852,-0.0292915895282067,0.261140469720534
-0.0464565406346716,0.5440197471531,0.875304352698956,-0.634150972844644,-1.03544342557548,-0.916124201416723,-1.08559022119294,-0.613292688274202,2.22503549317099,0.596025137331089
-0.087450412113025,0.400295969397294,-0.781382446609358,1.31976696280735,1.57030172483589,0.589226132307208,0.32338929881153,-2.70180460405448,-2.09047506234628,0.199418392624799
-0.338800520640688,-1.64021339090035,-0.0397447491340724,-2.62322805636713,-1.99620542140519,-0.868066089707246,-2.04306600841086,2.48556928809146,5.29759320036556,-1.38725146127563
-0.465504769057783,1.04830081149065,-1.46937314345896,1.96889613593725,3.20364366610743,-0.0553240021504096,2.17220717530158,-5.97014422216303,-5.35500860566473,1.00653786213705
-0.0254357605387128,-0.608279839116659,0.645584081398841,0.235576544686857,-0.814888914267319,0.130938640052016,0.423838518422448,1.77335501119671,1.06297192906762,0.185040588169025
0.781310291434271,0.118346939586779,-0.739316525448708,0.627994521532707,1.38904101745788,1.18964698268201,-1.5179755743143,1.88639727560737,-0.950531584727083,2.2215288629984
1.16641071176742,-1.14425551759585,0.697976695545237,-1.55338949971733,-3.30853077241271,-0.405841964429829,0.326290281084629,1.27440006632628,2.40315481961393,-0.703674053641757
0.195688270850842,0.976523981726013,-0.0538480175537573,0.121260122444172,1.12667055051972,0.574428510497384,1.45352311581067,-1.03400391652911,-2.38701370275918,-0.551826303526227
-0.658182818549477,0.882065756584398,2.14244802758207,1.64864850340073,2.07462399980422,-2.324974594414,1.1387252554907,-2.64062583379301,1.5417375584956,-3.44227968007693
0.0463413690147557,0.835500687511401,-2.17100317594694,0.128474193693787,2.28756213303013,2.07044073957758,1.03440738552878,-4.01427474724777,-4.42522910930977,4.6848707417256
-0.912395900091805,2.40040687795232,-0.020104657164361,2.16240743778513,0.828503116325368,2.46977298079711,2.28220457034471,-1.68421541150162,-7.28058311080209,2.7537940237589
-1.2457802865073,0.849164155949556,-0.316729121719891,-0.205683155635135,0.564674171101903,-0.0783786513452696,0.312112474386545,-2.26108287733504,-1.90577268034011,-0.76026615582586
-0.416862026295457,2.37419773812046,0.513922141593597,3.92108671469202,2.51586262452607,1.33876658051072,3.16447343495071,-2.54561846924411,-6.41727298286958,1.13651208183767
0.059029163931401,0.446063392323509,-0.32748106882415,-0.49221615539644,0.256997903725142,-1.51518123600094,0.325269933039134,0.90530907546764,0.752524220584665,-1.46845048062017
0.0621255578467177,-0.369834597827359,-0.577372010786108,-0.641455420826484,-0.245282887920227,-2.62066865867791,-0.951191597532296,-1.70447641756075,2.50465161959327,-1.45964856865561
0.9390550455272,-0.803319655227378,0.181033177090856,-0.635339335371451,-1.15649807014143,-0.80891453052049,-0.754111174118725,0.663883042026504,2.2975115611555,-1.47472115004922
0.0590133732152198,1.04570820518669,0.66204017016023,1.20230834747194,2.44213803787302,-2.20967914361302,0.11778390976131,-2.29093527172664,0.839696024049951,-2.01445373441422
0.0801486209073602,0.483528680304284,-0.36138267302932,-0.125328120242536,0.463317306355368,-0.211433885813242,-2.58181534926014,2.79325674928921,2.3917328582411,-0.835782618072652
0.690367237564506,-0.409833636940485,2.50609775335976,1.12502989406951,-1.86690472336538,-1.1462570095237,-1.5635618440926,0.164509527443873,3.94519712598909,-1.97188296767641
-0.916821510349427,0.120438826121596,0.190221890389656,-0.0518628096247924,-1.25572608122428,0.103512574095029,1.86414497437468,-2.18838507183723,-0.43575527278488,-1.93301972874661
0.0255987287644419,-0.700099360312876,0.191852052297904,-2.08359928316608,-2.26283324916282,0.0755836538977053,-0.442137848499215,-0.0737318318453156,1.99251586781527,-1.61566678444347
0.249684424290362,1.56100653614064,1.20784167971882,-0.555192895505239,-1.64588776956377,0.288115491204161,-0.0421802495732897,-0.207693958067029,0.37927033947778,-0.926753731637292
1.3844436137581,-0.363011582571006,0.417819813277699,0.33285858517864,-1.28628550622392,-1.07538812568461,-1.78792138541782,3.04291117272219,3.18989592394109,-0.171917907647949
-0.575926660319164,0.91390943688565,0.211260057801728,3.37485465531205,1.72776996119442,0.474743460105461,2.94684284808984,-2.81175943406625,-4.77552802568107,0.827527821042963
0.579755278526423,0.0248820464126478,-0.116239659115852,0.289677779991837,1.07701844612374,0.623900636458574,-1.40259174741253,1.98064391452904,0.183691732449234,2.29022203441595
-0.923181284226163,1.23440561085298,-0.960683712316448,1.28869760124728,1.97596365227006,0.164738362126159,-0.0489430640119666,-1.98284458804383,-1.47338504268138,-1.03173807714431
0.532921597345461,1.10457857287193,0.263987101066155,0.208557532844164,1.27750578677055,-2.06241351241232,-0.736462745910612,-3.17851217284202,2.00045492227897,-0.895042932224843
-0.242590333390473,-0.351712730108849,-0.222592925338625,-1.28489506859894,-0.986215387089235,0.50615677793492,-0.913675189959211,2.85988247926797,0.749584916709836,0.070124563574216
1.90806328223546,-2.05173066608253,-0.284587330503115,-0.250036879045536,-1.52106331117644,-1.13145627672589,-0.118122461835552,1.23849381674126,2.26471503479842,0.977817044303884
-0.456844243988567,0.417947913847319,0.255058623755972,0.723613502940574,0.280931659920451,0.807466304324999,1.58261735451847,-0.369359794740675,-1.85514401292449,0.0772710980721878
-0.130180592047412,-1.81301481838523,-0.0602957770099465,-0.233707390777744,-0.804532082077093,0.654498937741248,0.0185416625402582,1.82782463759123,0.428638205212287,4.17648008024731
-1.18494998661555,-0.785398136836011,1.11210489573582,-1.0488413283024,-1.24695375258558,1.73421229184651,-1.31036591265841,3.03716303038855,1.00012173245065,-0.615289662682595
-0.104250458659764,-0.0497289843367546,-0.193396348584431,-0.757012190882266,-1.87166152843901,-0.0604099826404949,-0.385979112024001,-0.822036052468993,1.17658635465495,-1.50255574942608
-1.9211313453813,0.672235784094003,1.65085749888895,-0.00460661969481215,-1.43190410770055,0.743373554126215,-0.36321935395296,1.76683974910639,0.254402003565844,-2.35823827259219
0.205781418257328,0.360853484783888,-0.271537770581929,0.599626008562184,0.644753332453287,1.46014571383763,0.673974269103614,1.01058253250019,-3.06870572412655,2.07056493843149
1.55312176246498,-0.352302419467778,-0.735720804214421,0.0464249355989409,0.811934135550138,0.668800310826296,1.58503875968715,-1.26697008775944,-1.55100373477267,0.513506848186544
-0.549261817191309,1.34016254221206,-1.17224275591824,1.06245505376733,3.02730620210695,0.686943425583211,1.85426111341738,-3.32177488483433,-5.74204670538305,2.7369890822552
-0.560410702460659,-0.661691860296357,-0.743106391101593,-0.27125531039509,-1.74529595802601,1.74089008194039,-1.01679292076671,2.82200618146351,-2.09958117581176,3.57037386593866
0.699068067814311,0.787515300778419,-1.607297166803,0.224382865669765,-0.153517759840807,0.727006699115934,-0.84704792069324,0.882619554509974,-1.87699893444506,2.35996427755508
2.26766330016172,-0.816526318879578,1.59246036715395,-1.08607831363909,-1.55747667223195,-1.44661079497497,0.286930593491851,1.09879518528122,3.47857864712851,0.67423787961487
0.594528965615778,0.362110302900439,0.0259244809023149,0.817881516919959,-0.616615086387164,0.470832210340765,3.45834361616262,-2.97208553658732,-5.53857099855162,1.44863570123907
-0.792066722076495,-1.05381275372553,0.451259777087173,-2.49261869020924,-2.72875355332352,1.8412400199935,-2.18587926286574,2.85458056068357,3.24346176817778,-2.891434690244
-0.534617210681288,-2.4967967667443,-1.45161180515082,-1.04463417025018,1.70753251466425,2.15013490874716,0.480091417326949,2.81869265409611,-1.09318681558873,1.58142793746038
-0.958224068197294,0.848928947577002,0.0587731598801136,1.89927484433238,0.688930080548431,-1.89216667579432,1.42764013082459,-3.84805412998464,-3.23785055835751,-0.758741661487623
1.39923372551571,-1.3749437683368,0.198708382390943,-0.826034793818742,-3.04597327005235,-2.54923440704517,0.0196586501942831,-0.784721801364072,5.6148877465194,-1.97873262693827
-0.571398500606062,-2.08456135261481,-0.933207752767212,-0.627307642872772,1.38682897284896,1.29181143537085,-0.88763994464977,2.70642076093245,0.678990283423244,4.3767252121158
-0.3291923935419,1.78462324148787,0.22140046934374,0.233172390124891,0.139450570224427,-0.119248186651618,-0.184232031637793,-2.96646054377292,-1.70878437476289,-0.163969776074931
0.449781959623388,-1.06085407470232,-0.300073747550458,-0.951368827264439,-0.134640036055024,-1.35419818970613,-0.67194014746116,1.43799877249015,3.01363579603133,-0.449216853044208
1.00705994930671,0.0791506389637544,0.0477062024745313,0.992226672384995,-0.300932620760417,0.414207737026686,1.75653327276969,-0.541718232309182,-1.08388487770429,-0.00487511261543087
0.184008365368657,1.08088619442937,-0.532635472757991,1.0540796216217,0.60996806628246,2.74210624181654,1.43932634671211,-0.419696753732853,-5.24966511506176,3.26699187306396
-0.452605216249965,-1.02831789372971,0.724144814343126,-2.29762787286728,-2.13475701825243,-2.45984765750185,-2.82636527553124,2.97605690583028,5.70537451766967,-2.80769573570743
0.263073249633406,-0.284890083386248,-1.57766963575314,-0.732799331502253,1.5586544000887,-0.855603549511833,-1.00186762600025,-1.71380932697299,1.37434741225793,1.19133862771768
-0.696664239278618,1.02051791594611,2.23150695031017,1.35625632215899,1.79084478895752,-2.51338795811009,1.25964636441464,-2.82906609462564,1.01412544138785,-3.05493254550511
-1.03419766943052,1.13285324429117,-0.0578156334886817,2.43391340970596,2.06629737622746,1.03732726451378,1.92054090128909,-1.25280818427448,-4.21908202628809,0.814167353109948
-0.578643242411518,-0.414217162058186,-0.799443467742984,0.344984294422217,1.98631108421293,0.128951764584147,2.69395364801938,-4.67872221473294,-2.71989485396037,0.379183208683174
1.81723849557935,-1.2997970812219,-0.851215306707623,-0.368028675474657,1.34029789942811,0.219198708534246,1.39657802490839,-0.115561248290268,1.01607229454779,1.58323640040957
-0.403819436697901,0.586474223392171,0.926240961083196,0.659296322460571,-1.41557957649639,1.25136976157862,2.45544529952914,-1.14248148459192,-3.00835035072065,0.0939942217101495
1.62856307815577,-2.08461172816299,0.356822819361304,-1.45018774964178,-1.68637995982959,-1.16602184561494,-0.82739480589024,0.298014761981964,4.11563217590749,1.24887750998893
-0.476820399538754,-0.979957812126968,0.681098032980016,-2.15667368956879,-1.62518968438193,0.0609822785600841,-1.95738087878001,3.28514686950574,2.57093531635052,-1.552920643399
0.142671042623439,-0.337273364832164,0.146208160541518,-0.951833394795278,-0.63094466014722,-1.16355827663187,-0.824536363678186,1.23906905605065,1.89497651385883,0.621382316702286
1.76919763713019,-2.01574055103899,0.673775799741634,-0.871684274682343,-1.86300065091022,-1.7495252498211,-1.80059821160121,1.65114806760715,5.835796005129,-0.803392676832659
0.356637213526667,0.664560525176174,1.10918822276083,1.93313854308599,3.05204252903822,-3.04798946046831,0.180143499234009,-1.15381395947364,2.20786542420813,-1.97752990984883
-0.268064439560443,-0.603020206497189,0.353057540476814,-1.60532256023207,-1.60254273675002,-1.08669200202466,-1.5556639199008,1.98940633531795,3.86916984055706,-2.58693724125064
-0.667281834201338,-0.739531326130821,-0.113360942671983,-1.96423553931085,-3.4269295259508,0.656371292032073,-1.90981564536512,1.37740238703997,3.60599843020375,-1.05709625767888
0.224542411719898,-1.58856655437719,1.1830886482673,-1.14531831362201,-3.32275979681354,-2.60830848529211,-0.120545784738384,0.724839779844791,5.70196017986775,-3.12445269519118
-0.68607695071229,-1.04473408320809,0.8205082479639,-1.00688804992016,-1.54679368333925,-0.874493495232991,1.14602598855361,-0.615788714283851,2.05503994690934,-2.43248151317663
-0.24815388483053,-0.185241881919779,-1.2784540884817,0.912830058430681,1.02219750700229,2.27830086405317,1.34101737657935,-0.131859764463717,-4.65774658633292,1.24629268673787
1.73243601195651,0.513861043890228,0.70188649275619,-0.169546260766969,-0.891653387657588,-1.31274950524347,0.276370891036616,2.09673219934499,2.47051180025968,-1.89027807044631
0.0937244113963628,-1.57225180296234,0.121972045675009,-1.99851684557363,-2.21105656820897,-1.74546636306344,-0.525556453638953,0.446896633219739,4.34251504247825,-0.777319885650668
0.365548143288271,0.824015758537296,1.55657247168815,1.82492659839204,-0.991851804753179,-1.6979584730965,3.17454192240795,-3.87221485299984,-1.8637299526487,-1.76297876394446
-0.230865704918202,-1.4508499633243,0.136964974133962,-3.4599643996945,-1.84018447230432,2.92251483347508,-3.30469731364273,6.06223375256326,3.11212409811154,1.65254426930972
-0.770162092599167,-0.255055626717494,-1.72730021831228,-0.136584788959195,1.12247685259992,1.34216237532228,-0.102125219217834,0.0410487074697783,-1.88372644268722,1.23447059526587
-0.580149980388723,-0.393594753450393,0.129610244903494,-0.263907276382721,-1.7639556815261,-1.28278116487873,-0.223845821349052,0.841103916854318,1.99524188673643,-2.04263697779456
-0.536481937853182,-1.15690750342714,1.5538772544163,-1.39835577677503,-3.20621198288726,-2.93488107357387,-1.61357356462334,2.15413643423321,6.6908341635793,-4.31530574263245
1.35852070994565,-0.958966718023051,-1.49475552353927,0.118007628446112,2.60515236444265,-1.12369396176248,-0.959087755515768,-1.21682000713002,0.929528242995334,1.83217598520078
-1.03689250622867,0.813572989986137,-1.40438084498927,1.17036763695766,0.254946869288411,0.636875696104767,0.875800568597597,-1.72039077303709,-4.49674266135615,1.59556017570229
-1.30313881350501,1.66102637909281,-2.6214360821626,2.03219785953503,3.06458218191484,3.09882298591905,2.08322274093245,-2.10160369877616,-9.2200865648674,3.86885435021407
-1.54722866528194,1.73523863821823,1.18257934382589,0.0696711807219661,-0.676224584056062,-1.52077329341446,0.33735257165411,-2.25797174827976,1.62472604753212,-4.24980188998585
0.898336111237853,-0.407185803321743,-0.891236523089084,-1.66347762778506,0.618187692144702,0.334095829086439,-0.57949305930933,0.466614516908302,0.28767494269286,0.232193261069924
-1.1706667747037,-1.52645120799697,0.935811005382222,-0.839602356673272,-0.0326438744400828,1.3747168182938,-2.25528232326566,3.97526477165131,0.694756493253546,0.338518734849494
1.04648885891807,-1.08683988210429,-2.14270077007236,-1.3580996883209,0.935591127252452,1.7565566126858,-1.22646599197401,1.75491475921626,1.16617808714193,1.45406612044378
-0.327906209564652,-1.03489651783327,0.931542157691207,-0.0719923291927921,-1.86499993635898,1.61128918521511,-0.412394725459493,2.98949224212337,-0.953156967983423,1.6444868756791
-2.10212931213271,1.67052117891657,1.42661314590013,0.874083276590893,-1.19725389744039,-1.53763969155506,0.14583182247079,-1.80650775233489,-0.629506173781779,-2.0970889606801
-1.01519490296321,1.44239348931331,1.02781910998856,1.22881722144742,-0.0477384965050706,0.57340297224674,0.100193513085884,-1.20076129009419,-3.15730119599578,-0.0975774833475501
0.898530795919343,-1.7939480577547,1.69360692360699,-1.45805152514595,-1.79767943628192,-0.987390342246545,-1.71535348187542,3.15840475596831,4.59399729947091,-1.46796646738454
0.731659867944357,-0.112803227526722,-1.50033162382744,0.524723387463195,2.25503428262444,0.558104554326186,-0.350702408091133,-1.85097621310294,0.386988562151643,0.957835373951673
1.58147932443914,-0.734726527497623,-1.46114509365591,-0.604483634490085,-0.12666461462916,-1.82660487073437,-1.53380137525974,0.321058342246705,3.70773505136916,0.0747304980660579
0.75846036037412,0.650728600814827,1.57089925714669,1.81069941141549,-1.33782969242248,-2.77108778963255,3.44188047709317,-4.47372156890741,-1.23893929252735,-1.86028523734709
-0.818424590656057,-0.503193806085136,-1.64805312339683,-0.886100131458687,1.36144995373417,1.43912083297011,0.26816710929517,1.08069278134182,-2.55157290856988,3.15814259394357
-0.825168371392896,1.39092996032309,-1.31046653085302,1.17863158657106,2.65540930453502,3.00468330970693,2.1767200848624,-0.38607955224694,-7.84276634982743,3.60232150978744
1.33724660048525,-1.37941423162342,-0.262764009319467,-1.11112430433415,-0.871451260557211,0.821764720777749,-0.58686585266866,0.810124223910479,2.68132212864874,2.16154906683029
0.716442467122979,-0.983987285904451,-1.47376341601845,-0.957369919813793,-0.689617847448543,1.27964606305207,-1.13516878897051,1.92694926848497,0.508168101221451,1.55418330115474
0.434343399640847,-0.873838761441064,-0.63124332022351,-0.587506303988889,-0.976226847398122,-0.870560851806676,0.511343993908669,-0.30870973832104,0.690971217482868,1.12743599390035
0.253908916728456,0.00223503948996023,-0.146338761886741,-2.44378799749079,-3.25202386588973,-0.18230429095485,-3.09426370649436,1.53703684697144,3.41783034025311,-1.32779504495339
0.373607182862863,0.614405937710871,1.04238974147533,-0.616623655313198,-1.33215132524507,-0.794518075449918,-0.666973524750204,-0.0484189234720305,1.94113816337645,0.363913333272191
0.131851880702976,0.0102280430938593,-1.50053070181699,0.485930183930648,0.957713545248328,1.01672816665415,-1.16414392713796,1.59646405432117,-1.9634053951816,-0.457924434454221
-1.76658219092479,1.33926952243244,1.21306544918046,1.12642168780467,0.150082584203597,0.291617812052642,0.954053586601334,-1.30247995856441,-2.03831331202354,-0.873593582956261
-1.24386824602912,-0.819842152551742,0.215248360333708,-0.799693605748237,-0.807636317338562,0.299174062662713,-0.340969897473899,2.61038152828987,0.0150193837327801,-1.43617637349099
0.566023789450324,-1.10523996865491,0.372149262419836,-1.5804408724262,-2.08574275873462,-0.424623025024988,-1.43144745733114,2.50406708283291,2.86239118893261,-1.36225530277799
-0.125888841177201,-0.107968526659309,1.67674354390296,0.672771234587877,-1.84258879605422,-1.14411858895887,-0.0447174986148904,1.84438300211119,2.78629776206435,-1.3219803779915
-0.0120736806927735,0.529870117177235,0.729755207371975,0.934084521076471,0.461449877646015,-0.00691535048697254,1.14405453284876,-0.846591386479124,-0.518884621851374,-0.174341902385922
-1.71525431522093,1.60304624980998,0.315712243434198,0.8563055503355,1.73841524382506,0.208152812197927,-0.0318247081404252,-1.799841904881,-3.07467129297332,-0.458029100851088
-0.457713706458999,0.20862656704554,-0.883248323666168,0.378913318994979,3.91854043109678,0.114471737804883,-0.228527639235832,-0.416934350936787,-0.497478852042092,0.189196675676085
0.695457661776415,-0.796128504012118,-0.950283488512433,-1.36794715286407,-0.765872561972101,0.140562993693417,-0.905012664683064,-0.169433063244634,0.69899522719282,0.274196420403686
0.178096300873857,-0.863983019714986,-0.331869824546402,0.399892862908498,0.729658164567841,-0.541951699480079,-0.222286967875045,-0.0336333126867195,1.48293679533966,-1.1853105351013
0.221020736963362,-0.399822051419818,0.319719399497852,-1.02054643139529,-0.137834488370433,-0.0295200403605826,-2.17892907905663,0.902262228841947,3.68068929195711,-1.53462238472044
-0.0348220092935647,1.73171388956321,-0.00461765208205091,1.45971867653912,-1.4623752610205,-1.01575759805016,1.78324071572053,-4.20562075254166,-2.23520002710684,-3.33375502594293
-0.438737821720738,0.563683306639109,-1.72174578938709,-1.2480583830031,1.13921924128092,1.48838954983583,-2.30339794253756,-0.00565813889890953,0.262541524320933,0.356094678751026
0.0625208360289295,-0.298094922179382,0.809312729142913,0.215711743272681,-0.37389601492951,-2.1944374271589,-0.657291152977116,0.286793869503258,3.15450984719035,-3.80422083394309
-0.611148783140977,0.697452306117491,0.145165896190356,-0.997298273706499,-1.69289695269772,0.479815828411183,-2.37038695766927,2.94054207233034,1.45394938675818,-1.06197977231031
0.631280467777257,-1.50522217468197,0.550876613609791,1.57284477018821,0.98927951951267,-1.31622415473507,3.10363519784414,-1.39480335203661,-0.851652520396859,2.08705313275002
1.90368444550237,1.06555153061531,-0.12535969020341,0.888155048308403,-0.988460269567528,0.185127089655166,-0.524067099828644,-1.1014635879872,-1.31080990306256,1.53015990280564
0.55456566941129,-1.35579023667578,-2.79370231463674,0.463173674766722,1.74486743044561,2.72068082138874,1.2890451542874,-0.554494927836081,-4.29295196813608,1.81623337918356
0.0597836602099296,-0.321579570480092,-0.913340080795649,-0.849026011761098,-0.509869550211475,-0.955272922321239,-2.19111010767321,2.26785704103989,1.20465177631875,0.756611931561471
-0.599009834435671,0.483370619692823,0.669020954802469,0.562692559061957,0.469634851338237,-1.40253563550509,0.520950147637806,-1.89412081828045,0.358992885907075,-2.19008128385628
0.77274607184577,-0.81444866219334,1.8290430736268,0.952589094601657,-0.182623946590447,-2.66701471934098,0.897745060367567,-2.86014437603835,3.95546730922239,-1.35163085523137
1.34244167359265,-1.58731329227229,0.482220098989373,-1.19663846068581,-0.224438664474711,-1.19926603887906,0.247610205262497,0.724714394470002,3.38356014878258,-0.300448622847318
0.412894363600818,1.3217791669982,-1.80363673985036,-0.875852861265285,0.629705314172488,2.72555849759672,-1.82156321958624,0.0393287308406871,-2.55904383538417,2.02297788716218
0.972145986482047,-0.478395827809156,1.7269857777039,0.143641895260893,0.166609098585992,-2.37653131812412,1.38054308289797,-0.627822188648217,2.81240343177042,-3.86781547820554
2.06358678395974,-3.74094811423731,-0.872082677516813,-1.58325030215499,-0.422343622626667,1.09480933240737,-0.950892999586885,5.56784767394929,4.050168974895,1.43511301885845
-1.02871859278435,1.77339326177261,-1.54017627229368,1.15670080370404,0.948558326400807,2.05037385158295,3.14581401494404,-4.52818718488316,-7.81218939159597,1.5768700860297
-0.838089615941729,-0.322075821442824,-0.27692269656249,-0.339623079949874,1.04763055734259,-1.18793225986013,1.10513910594149,-0.537428216763272,-0.275968528332457,0.0113374265146143
-1.37428992494052,-0.980559110128257,0.200729015254747,-1.08866418238844,-0.371347982026573,1.11319947687085,-0.558937905377089,2.02293735155441,0.18313269418665,-0.272305843549435
-0.864061244697445,0.381002667295809,0.849222853641487,0.942717136284931,0.651347736529038,-0.457960892049381,0.44860705593215,-1.15906012180708,-0.27564140672171,-0.136671333429322
0.195443834680796,0.616873479584701,-0.202976957350595,-1.10420657850247,-1.30081674547504,-0.175358218369119,-1.23813433364133,0.0212865636242232,0.599782774481407,-0.296143617442725
0.953953236931418,1.06069351365759,-0.0221948662624812,-0.350546550687758,0.594038193437185,1.48651897690378,-0.634179447308249,2.4569866865963,0.490590139833827,-0.907444422115348
-1.95236227386696,0.873668640103371,-1.07061571474496,0.0912092854769212,0.915639474506146,-0.211135006169719,-0.346380116164072,-0.13206059814896,-2.69925449694132,1.15242960515519
0.35663756291624,1.21497994632988,0.0550924628348692,1.92758568011989,0.369549219877685,0.836698842010277,-0.130190085083714,0.882759219564073,-3.60006259800495,3.72394384551619
0.177159596712274,1.93994532586568,-0.261510194831205,0.247426263340117,0.337589422573913,0.939015609346981,0.989150216175631,-2.72653395095706,-5.17612950043175,0.93835393239365
-0.49963118134421,0.0640339996248944,-1.7065134340746,-1.51856584835268,-2.07842410142923,1.11975056045514,-2.72392940010092,2.32726843719981,1.13579845184312,-1.79436407203733
1.5225198122114,-2.69614335759958,-0.485741215116065,-3.3350939493333,-1.03275038148383,-0.39834383786404,-3.53825087652104,4.05908704193721,8.01902270222034,-0.861469182450448
-2.19876186318444,0.828792140137927,1.08374613671565,0.36867226081411,-2.42438805888497,0.127029777224556,0.203986366550605,-1.24794469993056,-1.35597404473712,-2.11548249637422
-0.479811453414323,0.467946703622554,0.77942471792533,1.06842265243881,0.226093211167678,-0.333891860977677,0.803906949336359,-0.12478682855841,-2.43610573756523,0.880233074604417
-0.642512006147896,0.229086655040565,-0.570798782962899,1.4022433616571,1.90549369123448,-0.219857666151328,1.3171053181094,-1.35034924171895,-2.78677000717421,0.637820119165487
-1.53895310731048,0.135399443118294,-0.0622173339454943,-0.862275985161709,-1.63696738825757,-1.1837385811196,-1.84503423124932,1.90060896894979,3.25674421323146,-3.06767901653118
0.364837539372896,0.968704815606147,-1.09859783344239,-0.79387409927369,0.843446504042053,-0.677157010773795,2.45381744176685,-4.54202266832916,-3.0310887049505,-0.6881341964291
0.211223474586988,0.78433498657122,2.78286496088715,0.585397094728313,-1.98018512308344,-2.66134688705391,-0.271434636569705,0.958252510943763,4.4972394261638,-2.30153065121332
0.902600401304602,-0.389585905251369,-1.36734356464835,2.00197956130071,3.6248494527132,-0.268682456848678,1.62457686503423,-3.22426589160205,-2.73860151656754,1.43397754026152
-1.17435692823728,0.040522251249076,0.60628449403532,1.38472567727798,3.10756786029934,0.506549715122215,1.63608858503674,1.7110596477674,-2.92020456558015,0.515828573393331
0.0976383914292788,1.08481870900685,-0.176755046891641,2.04299753409933,-0.59384661630139,1.56837928795962,2.63837898423346,-2.3745660158716,-4.92931164206096,0.313506921233664
0.442769821640725,1.57590180191469,-1.02556992863097,1.24132524784866,0.542130625449591,0.897634257786524,-0.159195256187936,0.351420503897034,-2.28621381984162,-0.33132497477677
1.33766083357744,-0.917125910937573,1.01838294463002,-1.76371806756242,-1.13097838161679,-1.49122724727979,-0.277841363415047,0.0178382137012166,3.39842267311343,0.554171578908681
0.113850934978059,-0.351508504442903,0.323221783488658,-0.654027605833557,-2.26499180423228,-2.22891048255552,-0.16646123744953,-2.35156366079412,2.96465060359356,-1.85160081460259
-0.666372671382592,-0.177173309279743,-1.00868291437296,-0.5956648306907,1.64891242869171,2.73034316240194,-0.684094605546706,1.53240074391992,-3.69032224110739,4.56917400596256
1.87151335926004,-0.243119485545647,-0.0201806488066327,-0.243632377364411,-0.408472146380812,-1.74868789169232,-0.833157573933418,-1.86950779904583,2.2064010332266,1.91251031823746
1.33827059415655,-1.48918317941922,-1.78755266463951,-0.0574554984777151,1.44828633729085,0.277484952110279,0.152949660714486,-0.673124791771952,-0.749534399151537,3.19077453984752
-1.16301155244682,-1.27017030260982,-0.69195675493481,-1.76179556634923,-0.957211639361369,1.27675972123194,-0.961353029997148,2.21200941282264,-0.304519136029922,0.656829326187948
-1.33332856308862,0.469392266219479,0.181654881513274,-1.17304623814689,-1.33736812741267,1.6335359400272,-1.7696747884848,2.13013381647737,-1.63991391375669,1.04587555596415
0.457389957612543,-1.12750669812631,0.78040497248525,-1.19454876632827,-1.52425340760297,-1.317179058783,-1.21677846194753,0.166798571563793,5.14231599177555,-2.99952203825866
-2.10673490896681,-0.361992656111574,-0.132887275653361,-3.0355435623515,-3.65677266279499,1.38356315409147,-1.48871261985125,2.45126999332708,0.394784678874271,-1.17228518983578
0.977387055905276,0.0550640520238652,-0.213694904144814,-0.71336373360231,-0.991140688101265,0.928250789422297,-2.70814990926038,3.03811140302471,0.973926832535616,0.51128119009151
0.863412030763253,-1.14511801445631,1.67100752930149,-0.6290322164831,-2.1941648393274,-1.78355200933512,-0.925983284189238,0.337527498670358,6.29763601171491,-3.03888403848593
0.0153295972388437,-0.548518237945267,-1.29632043278695,-0.560054390514842,-0.348953746490217,2.08735310211005,-1.34221943251053,3.26448486063142,-2.50736043294462,2.6078029940525
-1.40043219993716,2.06318806033611,-0.227452695525439,2.17203994332816,1.32371769986323,-0.57106573359873,1.6998605778245,-1.83040616108042,-5.45340943601572,0.758687836717002
1.70178681959158,-1.93978802336093,-0.0804479311856243,-2.48323288214948,-3.20138689551773,-0.290117619609444,-2.8488231985302,1.91926435114759,5.38067603418199,-0.409835423993701
-1.29286723877236,3.93927345076444,1.02898025097816,3.55788022024044,3.13195220463199,-0.312593273484299,2.36896666078922,-5.25299077679076,-5.98879442620907,-0.584294854337375
-0.323126592699567,1.04057259398784,2.73991136872137,3.05947102514101,1.80014383101997,-1.15460631139856,-0.394938126130047,1.53710352534531,2.03184428208017,-0.799658636735741
-0.377829741680783,-0.151753545095487,1.61163647018348,-0.0486693586944378,-0.785109005154673,-0.0423614560720196,-0.846394680296713,0.859490475545197,2.73249043940406,-2.93439465641361
-1.23406807516001,1.38185711226685,-1.04679341764995,1.09779675912328,3.52444021460564,1.98356259172344,1.15035255701789,-2.78240388602681,-4.35930119713098,0.545425672712452
0.789912886391734,-0.655666397762206,-0.954530375258037,0.427402762314363,0.471102770601204,-0.117191603341729,1.04139877121661,0.442815145589966,0.15520877512274,1.16432367506443
0.37271161647186,-0.0904759130780708,0.163915456757795,-1.02792432372338,-2.09483057305699,-1.17248709613394,-1.55173995000039,-0.12477850787393,4.27210392424206,-1.48925548097425
-0.155622144491294,0.36710678188438,-1.05079551424403,0.740035018845457,2.16839139870373,1.32356557083264,-1.18144431453027,-0.0152230172545765,-1.72654527556933,1.63543962954844
-0.665995075341584,0.94763870154238,0.302734749165897,-0.00358820527375642,-0.842341948371979,-0.0756133286102264,0.702954241635826,-2.09250891519187,-1.42766320836103,1.10169387294334
-0.161457691381962,-0.591543452107173,-0.117499706321613,0.842646812949706,-0.808828278405818,0.816646744660548,0.19409931605769,3.94879172147664,-1.195906097232,1.93492568959856
0.405069075146174,-0.567214945385645,0.130456053465298,0.641253711222061,-0.372465988301977,-0.543605555080308,1.73571487827789,-0.85870335622399,-1.4922667592397,-0.145021073897386
-0.392142552429136,-0.636599800926772,1.25845625053922,0.0569614871064513,-2.08424672644771,1.99301008219314,0.41447515989203,2.57717001206894,-0.345463950188828,-1.2688818049854
-0.181957994537309,0.842895918527988,1.51401365303663,1.23418017040076,-0.825822339706989,-3.11423113190763,-0.233205411526492,-1.8186676970071,3.02160582965733,-3.09740211424534
-1.55300605336393,0.438821971760262,-0.864306803757974,1.88508718487457,2.4872530061789,2.28277224482821,2.63707540273652,1.65991494265203,-7.07899866865713,0.655069385104664
-0.602449903124742,-0.740794293978128,-1.77585820294378,0.867751720703824,1.80678126954097,0.478874198873393,0.109575413093765,-1.0901214984289,-2.39152647535326,1.20072668432155
-0.703073604542712,0.354407659609919,0.394383321099562,-1.40776105479727,-1.27190283099762,1.36449769311198,-0.59885633166427,1.20229855128192,-0.919044856774457,0.0577557731760943
0.667793709841844,0.345647167239558,-2.05368805780256,1.15858373976824,4.68579209394441,2.24226666514893,0.652348022177125,-2.3854239552084,-5.62466818110676,4.92247621717088
0.414134282452014,-1.37294882473915,-0.354601684501101,-0.515507749602174,-0.522512515467184,-1.01661235990427,0.622662679456955,0.180063128333897,1.16345814501306,-0.0893998049240178
-0.832706856884869,0.468668881054365,-0.639900333080403,0.518966276768406,1.222282417137,-0.309402139103953,0.499464537291558,-0.229722718629928,-1.10526005721029,0.146918106918959
-0.751144214594557,-0.305775095601454,1.00667309333864,-1.53508766270091,-2.64690954880415,0.114120859588385,-1.33615991865333,3.23977593925252,0.885283791064812,-0.9186497300544
-0.800667219856663,-0.567689454298568,-0.614175897908438,-0.401142801758956,-0.851550910549799,1.22996668854726,1.38225881840936,-0.916359319849474,-3.5222658139533,2.06428406094457
-0.429881184964949,-0.620124413725543,-0.871860295416226,0.255836654125098,0.236399110752465,1.89421830584309,0.383308700619268,1.96805935487651,-1.77895408587758,2.70532144212737
0.544320546723503,0.949833666970185,-0.598848131533587,3.69212979277055,3.54721806002242,-0.803272801633783,5.76359226578619,-6.20230921929268,-6.36305839098019,3.96773257587569
-0.819947376841326,-0.0970046258454419,-0.596898331009279,-1.13662619972734,-0.84483038476675,1.44571834249578,-2.34832887881246,0.914504555915133,1.2168266445004,-0.145568535583343
-0.0678461310429381,1.28026581169137,0.419354937289554,1.60314818729381,0.990195045849408,-0.756751394236816,2.49675161176839,-3.94900627910924,-3.86132469294992,0.0992389993389111
1.59014305682593,0.224215237567381,0.447154033766041,-0.220752514306662,0.43688554307988,-0.766471587325501,-0.127240759457337,-1.30016384655074,1.00790446245624,0.0955993059929516
-0.0190581993264936,0.242655329996503,-1.16249567550148,0.213412239563183,0.527730444908395,0.480935308795339,0.114771917825233,-0.351902405336791,-3.88087152646976,2.92611315857416
-0.605646926917686,1.06867087945927,0.572469358766642,0.691193335553031,0.431129401396323,-0.801863993869169,1.79256867570413,-0.54277249800633,-2.30742285445588,-1.21485187090097
1.69827746397961,-0.933219311415453,0.0747646631728583,-0.394145989237068,-2.49457959897874,2.04995022575651,-1.10633886706697,3.01207993710171,1.14492346867621,1.55955093175358
0.188390188778149,-1.13618622145412,0.29510674881165,-1.62020546066085,-4.17401564794946,-0.54110808641501,-0.335568126636324,1.21713172742724,3.15040071666067,0.261616211649139
-1.18868947882259,1.24736097513434,-0.879468283441039,0.0845160331607187,0.547110446197178,0.273881656054171,0.367099841537846,-2.49903442455562,-3.34353529897099,-1.59540941558355
-0.180717054781402,-0.854144789594073,0.634180569741354,-0.00557621791740839,-0.322448190410398,-2.4554898062776,0.0722964968732811,-2.23652214918586,2.90807146504617,-1.4465985597766
-0.701161018227327,1.83438291739892,-2.38767262648084,-0.421074789648084,0.19764618297336,3.04257222885843,-0.725475795453542,0.33859388586887,-5.42708862068384,1.36520195887115
0.974610155134519,-0.0284318186996981,-0.309104889294574,2.69149220888697,3.32436637142806,0.984104316019935,3.27997962946898,-1.69057972688125,-4.477415560803,2.55381918654076
0.501135199653877,0.786245803645291,1.07477488917324,0.792981778103048,-1.43255388521712,-0.49864578626024,0.297923567705782,2.23969866741374,0.259320818895329,-1.28411819103735
1.92738378892184,1.492206592184,1.1095436092844,-1.21172669080731,-2.47617464181819,-1.08829371282373,0.302750925260204,-1.6774368428253,1.81513515205814,-1.28068093375687
1.28359678641098,-0.10882713698376,-1.07571662307353,-0.934071049395081,-2.01834984270375,-2.39625580300519,0.842554483342551,-2.38335368660422,1.64698376791964,1.02572919923838
-0.0380701943508705,1.4743805268324,-0.950180799320735,0.288802550225524,0.997008379481068,0.36522763349945,-1.09689846829068,-1.5416782572194,-2.31488940654874,1.38067285212097
-1.66140469985296,1.58577270476182,0.132793356491283,-0.0822064765156305,-0.46656269036115,0.0718051682291907,-1.63104692493611,0.525176431375075,-0.67770679005399,-2.52845627885842
1.02393928736109,-1.149515598658,-0.189044479504686,-1.55095307014151,-1.43397174636341,-0.87888967085274,-0.759005104796985,0.110034020122075,3.01120996824487,-0.620102765913712
1.51975328263599,-1.28672742955572,-0.18431435523428,0.213980794786173,-0.764120725665358,0.324518265145733,2.43198462958691,-0.242201132343765,-0.747594061158443,3.47220372725325
0.00497918737608932,0.684994511344542,-0.334902299490601,-0.784695563841471,-0.64985765545588,-0.562586730528243,1.93347240218401,-2.92973556411368,-1.96130367912896,0.623535357509687
-0.969844257057277,-0.492223772721004,0.189952699257355,0.483068359931049,-0.70403737416111,1.59967999869314,1.56800534760557,0.278708865801444,-3.80667378065022,2.77181113528182
-1.38387579831335,0.475448160112193,0.411763151400899,1.50718721457152,0.91064679550475,-0.282426068816926,1.94205793617152,-2.60569029570629,-2.51929723110354,-2.22752184803592
1.20805327411667,-1.09949499511914,-0.986405000014961,-1.23879100706823,2.21856648807822,0.625019540043684,-1.70871128774012,2.43510333446137,1.37190901016086,1.1149583678438
1.1376868482548,-0.511266647080328,0.52251942662009,-1.15641659308371,-0.00461525104621003,-2.2389972202314,-1.67953683380068,-0.339516686973499,6.36431790094802,-2.98632581991649
-0.469698323666129,-0.536995719227518,-0.896105098579585,0.105934717185885,0.665867020617708,0.858489447094251,2.20968871924859,-1.53335355530888,-2.18030520906384,0.951104047961449
0.78782812200659,-1.2909462434899,1.89243572256651,-0.368169861724438,-1.67192019986604,-3.18796117714198,-1.28082889488587,2.25043610731271,8.13359501662563,-4.80638585393047
0.0932829861810868,0.206516465128053,0.305032936274809,-0.719784730891804,-0.62551651782281,0.934781250613138,-1.9570023817908,3.95962041961801,0.531972042551829,-0.0460860250673044
0.707670806702406,-1.32691925254636,0.664064862532754,-2.74154265106618,-2.55344303064521,-2.58775069594972,-1.59635901504054,-1.11523292475555,5.97000607464049,-1.73858932171179
-1.19208284123669,0.809822018468548,-0.560912735373491,-1.21416798489212,-1.68890237048853,-1.29936368804239,0.266310754389345,-1.21178267179374,0.431914826043427,-1.36911862778685
-2.78857585343672,1.65121277629062,0.231031495218949,1.07280577281308,-0.270710416878714,2.06303641263938,-0.692281961793189,1.27542162714825,-4.20996696300862,-0.891791375299314
0.00441684766389418,0.774647999557399,0.746868127244682,1.74478529727427,1.33669348787261,-1.8231707131804,-0.200525466257264,-1.2215656927794,1.0645242913161,-3.18164206995854
0.934502546572608,-1.7226293285933,0.248563995747132,-1.24531718475413,-0.837820190141918,1.82197163763353,-2.41956650645098,5.31847925373017,3.14873032452753,0.139887555213056
-0.375333845689755,1.37563821339666,-0.816920468271436,1.41149834465724,0.881886477558122,-1.10041184391585,0.222736029786642,-3.13314575450912,-0.58526176539261,-3.14172605025595
-0.850492606463114,0.957843335810778,-1.1593600205923,0.666073627244497,2.86485187287443,3.52285583495039,0.0463504333087188,1.96516995613437,-5.53267023368418,3.16589829190809
-0.9894618486281,0.900004969174048,0.128519792066441,-1.39228723347673,-0.154982595663844,-0.278798112300961,-0.8127620591951,0.857848101489433,0.179718353899355,-1.16686572997613
0.00995642518937059,0.4936548798258,1.79062673367399,0.52673208132327,-0.152807654997196,-2.1326884479385,0.197430641785474,-1.41813797140902,2.68245717239284,-3.07030522715202
-0.429002327242567,0.396500159916859,-1.09476111592708,-0.778356124266053,0.904268101398016,1.76846922224154,0.185916274857992,-1.43304746898926,-2.44370949198486,0.916758268474093
-0.909451272347426,0.797729352354213,0.535357455461512,1.69342854155965,-0.217124708974425,0.19814287249347,1.28214995502776,-1.66519350491449,-2.04002624473757,-0.169158727087679
0.0500173795973664,-0.477991316333016,-0.390546944427914,0.385552128491453,-0.12172202539674,-0.632750214207816,0.199393380349092,-2.53386434469186,1.33722374331516,-0.895795715055435
1.03269163146374,-0.155074542188842,1.17343696767371,-0.0451166963942504,-1.39313062410893,-0.983735318416234,0.245180428749508,0.430807181105053,2.65696631263761,-0.357744799850227
-0.539593978893134,-0.189325973896724,-0.573369098450661,-1.03098363275786,-2.33672350973551,1.51708064243132,-1.97156959201893,2.07520949650687,0.507988472482896,-2.0773369100801
0.0720053950124081,0.0213843600772115,0.960884835793615,-1.15800033809479,-1.24550770533681,-3.22629183106551,-1.28848014505777,-0.00803780765226773,4.38393076649087,-3.25139321261901
-0.977952238097572,0.494135498935424,-1.04589935239366,2.39339072946535,2.54223265255218,2.32802304373496,1.83185192370945,-2.57726169999727,-6.20602917854088,3.09402906186244
0.101828186714935,1.39176282581199,-0.936978190703204,1.65948713589797,2.76213295398961,3.15180030686122,2.33147158121386,-2.01598830892573,-8.14111925389513,3.3154760998957
0.219894242395159,0.447986757914098,0.252641022080952,2.79623952129141,2.83254955175243,-0.484076649684168,2.10206782990042,-1.90016525009495,-3.85950621150614,0.920667012749325
-0.296283360550381,0.0779152083303002,0.908116652259956,0.510429413201243,1.0621810497411,-1.64046871270497,-0.237318935883194,-0.672274716287356,0.665115065638966,-2.15015663003428
-0.462867827472403,-0.338867455468582,0.388859685005785,-0.154336535042832,-0.386461193338832,-0.894671490844064,-1.88611019901124,0.842127048689918,2.79293774423284,-3.11273464204465
1.56384902282607,-1.90007287179216,-1.67741203892742,-2.33916373925904,-2.92066112936145,0.255967388916537,-0.253846160221913,0.133161998682936,1.65603767409874,1.71007640385769
-0.391441370969168,1.65159475492303,-0.846594233985298,2.58408738207169,1.96342832347423,1.79957418670983,1.37896106430264,-3.9080113047112,-7.33815416675141,2.63966677207501
1.0349961018122,-1.96517806682848,-0.465398466481712,-1.04705368928617,-2.83802612445548,0.792974161904244,0.345942782222484,0.655110185124023,0.277576861693354,1.38096738545194
1.88364602842638,-1.95373556345097,-3.12287302240399,-0.600807698325175,1.93004744785978,2.45864704704071,-1.61250338375891,2.08881718633053,0.30936765213934,3.44540103504986
-1.28290189939048,0.719247293956719,-0.7647508054319,-0.356130867635749,0.420619461893695,0.975360613043161,-1.28641037323486,-0.95787350143206,-1.88160869076548,1.8726000197463
-1.01021385083618,1.20839989466521,1.34949789350973,0.285758821346855,-0.774664813651396,-0.707762179656639,0.595576583360677,-0.489414110625583,-1.58527121010166,0.167048504811369
0.776688044969717,-1.08717107626053,-0.32568382533225,0.785542125683208,0.467021223285365,0.207506430543046,-0.364350290122855,0.977556987719855,-0.203878705431307,0.902728454427235
0.139040358150307,-1.81072911166687,-0.0307238679684232,0.0974539516776678,-1.64905391533911,0.0132545929654588,-1.39002506400967,3.462619077681,1.70516087378369,0.858741854859669
-0.473787405155742,0.257613649582569,-0.559583884134773,1.61076784930643,1.7327014008834,1.21810401637506,1.91335852064774,-0.409372454587807,-3.3167726713376,2.43879279775206
0.950080563461641,-0.462078570861526,1.10834748713659,-1.88113279872637,-2.138676933482,-3.17185128156359,-1.76911873298827,0.808442730947385,7.69014262895632,-5.10149737474977
0.192541575389678,1.49058606828416,1.29994818382255,0.830537941679178,1.82939351945266,-0.528836821761794,0.510234180068629,-0.594504728601801,-0.7518455984329,-0.509625788591611
-0.0817194330583806,0.127597073782756,0.372024470455893,-0.451719962702068,0.632847805609439,-1.43674196914285,-0.10986058742075,-0.00914316419867318,1.71447687455067,-0.889903394359445
0.377282045300791,0.838378209250683,-0.711013471401142,0.965790957638248,0.961093357209034,-0.748044848361187,0.828025670399862,-3.13138595411382,-0.634736477632578,-1.08066443565493
0.984797577857543,-1.49082204481844,2.37039089680742,-0.774780372994868,-3.11503418853972,-2.45651001818834,-1.32750178052465,1.20713645378024,6.61186357687992,-1.78297539341004
-1.25241168600424,1.18378726311449,-1.80397987783292,1.94750290803155,3.58276276615716,1.69207177364139,1.97981714042256,-3.85905767080713,-6.37084135845708,1.76270235047972
-1.67139801169732,1.97804032457638,-0.321370069225789,1.05374681466942,2.37037554301689,1.78555140626446,1.56905368026337,-0.0542457945593189,-6.12485794766673,0.820285223135039
-0.38597319997644,-0.584322770247006,1.22030718924221,-1.13513789209433,-2.83813982824123,-1.32450212367941,-2.82072493484857,2.99238691070859,4.57357808010708,-1.28626835251105
-0.831048656449317,1.80001746250749,-1.06697044661962,0.64103815333755,1.8943103462872,1.73021644613633,-0.390024905295384,-0.550315877183122,-3.69918806322324,0.631951401606767
1.34257491507425,-0.961357511070259,-1.41243205120114,-1.30757516317323,0.260759045372435,-1.54930500841705,-2.37775031579469,0.557716429944382,4.90970645135006,0.521600651635541
-2.65294884306382,1.35017832460537,0.0956844301669454,1.61315727844647,2.0890575871813,1.83701841371507,1.40166777515205,-0.471675002348522,-5.4855877058186,0.654910471583853
0.445681798681416,-1.07517307424472,-0.453128137367217,-2.83413855424519,-3.34862677075296,-0.619003052206691,-1.33111047548693,2.21351237587528,3.15093129644601,-1.49375521389596
-1.06766449805948,0.621660908445059,0.226638780723784,0.765511221474967,0.229520229321335,-0.865408128397049,0.120382515102442,-1.38198793368669,-1.848843008778,-0.391077618653849
-0.0219801332625957,-0.170601999800809,-1.11144024995287,-0.491230846723023,0.79947329218172,-0.971780757817522,0.0391957431945608,-2.40624896543921,0.865464634912984,-0.305230066244754
-0.472145807305671,0.776612548203794,0.939815163294733,-0.480232935842129,-1.92177441237696,0.287510498377909,1.36554293734016,-0.911065099744668,-0.0673573348420423,-2.29502881698154
0.0240118782560269,0.0153206149757061,-0.756253976127888,0.744568077124467,0.0911721419456457,-1.020927145831,2.43665101246671,-3.17628380875893,-1.06772380787191,-1.78166579501554
-1.7980274449414,0.129814569573397,1.7735657025456,0.330931746821324,-0.091375186977165,-0.790614495315885,-0.849951930632863,2.29255100063274,1.53620419557042,-1.53482533084695
0.48594310374281,-1.32401080482968,0.886800868150247,-2.89756454513181,-2.88430361466667,0.275420378725985,-1.76644888674255,4.27610915379558,4.59012364940028,-1.37117781858042
-2.08437221520678,1.08521629311583,1.22648895671832,2.50963323434071,2.15403860156522,0.769658725966122,1.44951978808145,0.324413204824336,-3.58184003344468,-0.0208898499553132
0.732292985428647,-1.29304752112365,0.229309796520902,-0.957365804301628,-0.512183421007662,-0.958472021859029,1.44609547321592,0.377582476381981,1.63335905751588,-1.59537307675921
0.694572611848198,0.0943796892558813,1.13411491742153,0.176793648593673,-0.763200974017183,0.222854417069508,-0.345532897772844,1.98839547845024,1.1218566606656,0.719112794779619
0.338248283236332,-1.00511825141299,0.329013269932025,0.547225835054976,-2.89245611018518,-0.825856155098289,1.70944895277379,-0.544504174823622,0.153597014831178,-0.774275273904678
0.776376362067813,0.00873323091708771,1.57582020710535,-0.357208052889031,-3.00596530728345,-1.05553799941445,-1.13297641557168,1.050775688929,3.63403536859746,0.327793884806629
0.279448587906289,-1.09439027229008,-1.51847752407922,1.59699155433602,1.9493045789907,0.559034214415899,2.2025221955396,0.174160002645268,-2.83005429873327,2.50467579892317
-0.431886246275534,0.864539316507599,-0.189783634226039,-0.18277682507075,0.257228566336387,-0.724969773211589,-1.25091725125328,0.101057710568587,1.62402915173123,-2.41023617217954
-0.914101175663444,-0.390007621843494,-0.545381474108062,-0.267690496843032,1.89284053676816,0.249806731006549,-0.409632812577497,2.43000289055157,-0.834914133627343,-0.379240301256629
-1.48229669843168,1.51495970979001,0.794716404545185,1.4351894556426,-1.82879897966969,0.925599902020591,2.42856157056339,-0.372557801389111,-5.03950145125354,1.26652847164881
-0.526615414113864,1.97771198984113,-0.622180288338358,-0.229093980201796,1.01096356632945,-0.423598783248556,0.320986249825622,-3.15844539142473,-0.511633542502358,-3.25558683821128
0.796790746626491,-1.21231295247604,-1.18667817477364,-0.0310532837416992,1.10004904002996,2.16713051286006,-0.578744910726182,2.69509363994603,-0.0395131970026521,1.47642817317275
-0.203118108838694,0.952198685012508,0.24412701950746,1.00274359544097,2.10305729249942,0.249104704602381,1.33820250188694,-3.95950114483789,-2.49567258638916,0.725590650097189
-0.115742467894135,-0.0184990819036765,1.23460269570538,1.34494082860661,0.55625884851884,-1.58338606544158,1.85682662571164,-3.19777066779149,1.34213806802262,-2.34596720107487
-0.73468382688239,-1.773581571411,-0.187560355322943,-2.52734381301176,-1.04617044196566,0.193048885459786,-4.58557971472953,3.0824526355008,6.15273340516195,1.67947070202224
-1.09530497763249,-0.0812912964833359,1.36234753249689,-0.295911333912002,-1.8492454126154,0.0955494279956138,-0.0865681468387102,2.03293612452921,0.644181221046164,-0.740154465566632
-0.0980593121727945,-0.0454072515274286,0.320598604704096,-0.212025345595223,-0.18621862387179,-2.12479385784682,0.173899567336043,-1.80773704211899,2.07356323610956,0.668850379003835
-0.0126280844973376,-1.62294139030405,1.22784107734483,0.229822474781651,0.407003316760394,0.00883699970719266,0.674343800266524,1.22856745267054,0.599208640246091,1.17099564314292
0.136314261465603,1.14025644425123,-0.937454459138161,1.61262991015407,0.442283524163127,1.98123778817861,0.496091129430413,-1.60494763812941,-4.34086297311372,3.40549745068504
-0.185614085474745,-0.402172366922288,-1.40268053533206,0.468796144257016,0.26001312996947,3.13472360037767,0.232787433674744,1.46414700236817,-3.297299300177,3.85365344847149
-1.30095655904316,0.611101780792888,0.406790834446827,0.814967456387984,0.37797212906041,0.472371351648181,0.690215356981311,-0.938863897788451,-2.51801315024655,-1.48619029073794
-0.445523543225477,-0.137674146410584,-1.17007862454614,1.18140228551398,0.598575641389556,2.82109250103723,-0.183286120332462,2.48550665953767,-3.35498182520527,2.17950741632773
0.476358974390462,-0.363378353043499,0.686861779958217,0.732707425946778,-1.80357419186171,-0.410017129601944,-0.837589557482453,1.35904527129787,1.14598694962446,1.53172644775229
0.111296620586802,-0.023975773296428,-0.695525158902932,-0.511502824235069,-0.252986626845807,2.59360028087308,0.408167161553872,1.75765853319532,-1.73666359618869,0.515338402171481
0.458710866773097,-1.44655626453051,-1.08347445454558,0.0541700710448942,1.10124171101143,1.02551000928381,-2.61424229243406,4.96396185616642,1.34658478718371,2.10220237214502
-0.468172990026344,0.367487368922316,1.63516688355898,0.238345590693184,-1.48085952547735,1.89432050011046,0.00784247800371864,2.62292656030034,-0.329336738840605,-0.991874310445145
1.2703555575454,-2.03700609377212,0.275779267451271,-1.36305523551752,-0.0795316324048195,-1.78521825197731,0.305842917218385,0.395123049082188,3.50592168236043,0.642882883536159
-0.380575366169632,0.977283499724128,-0.775866222410492,0.50440120355108,-0.339090978445108,3.19230882749931,0.0444512887056693,0.462588010237679,-4.85645777981833,2.58102996370855
-0.464098655221196,1.44850333038665,0.126185022853185,2.9731226965976,3.77989882639162,-1.84799174685798,1.01636153851769,-3.26780253384606,-2.39362272481707,-0.403095544673334
1.26275548241837,-0.021389866813896,0.798364719366808,-1.80660498979856,-1.64386207290425,-0.74851080444128,-2.32417249218425,0.988455320245938,5.02328814117946,0.456716206894208
0.463326439813012,-1.22660156130936,0.253797239546477,-0.204315170916526,1.06302160761621,0.419522024497437,0.583563725636804,0.885652596174272,1.44257847750993,0.421290090057551
-0.96057234362814,0.397024608651761,-2.1865318187972,-0.169661093980589,1.35571701109524,1.83900386627739,1.49565600626958,-1.11271754135108,-4.97097311582641,3.31487882663422
0.306342018853147,1.04555888980889,1.12614500016605,2.18306279894966,2.11603814156582,-1.11834199949245,0.956404504013698,-3.29335985818956,-0.903467259612543,0.535555391640072
-1.08446588625904,-0.0879579797660155,1.69040652351431,0.264994999636691,-0.854753662502471,0.933641276572902,1.76652432570727,0.324273747663364,-0.276114261679179,-1.87936086539493
0.656201189415101,-0.28715717588237,0.661481331317409,-0.460123588564912,-1.30619962668297,-3.35326255909636,-2.56422095512427,-0.229258043440537,6.28408382318972,-2.88863620469283
1.28670991668067,-3.64960079668061,-0.0248524178916856,-3.57289530076082,-3.37519619014012,-2.46075723634092,-2.62906411951194,1.95780464530776,9.10011870833394,-1.54595987173931
-0.652689449649503,1.43887002574478,1.06581657249345,1.07938839447338,-2.65714049409023,-0.25687690682351,0.559440258212984,-0.278833634459779,-0.663599796867941,-1.62077616064155
-0.72380576557489,-0.278985860690662,0.542216368734324,-1.95328260392967,-1.38197323626726,0.487476261540462,0.51718345756807,1.05311220957734,0.0267654992351595,0.896954187232697
0.488980733002268,-0.135401595448513,-1.24438263232491,-0.631385073110876,-0.235483059884051,1.84762860479594,0.35219668154464,-0.654993119420431,-2.94448939888101,1.56281364524494
1.01791642376755,-1.19669440602699,-0.109663136432704,-2.93588441950112,-2.76543433186681,0.294516274093905,-2.59036943940176,4.00917752547676,5.44453008128537,-3.19740790417817
-0.358326173196315,0.422645711352092,-0.640301249936029,-0.958537237556228,0.887364235035633,-0.0519722576155701,-2.60926230702322,2.82303263750402,1.16943529775346,1.03029188742863
-0.162864110446232,0.881470276817529,0.6933608787085,1.12444055249009,0.772312602881361,1.58320315724242,2.19394345889003,-0.563860577133768,-2.61044553493495,0.886861952968522
-1.2789472729594,-0.235858411141897,-0.81207648506908,1.13977352738167,3.08923099409336,3.13370463477223,0.643926381514143,-0.0113181291850311,-4.95271045088025,4.66429451899007
0.78871449779228,-0.947781302341029,-1.29600083389656,-1.06188157480185,-0.647374043335039,-0.0549130634257023,-0.487328101548324,1.19907388648254,1.69754046439468,-0.202964677168172
-0.204933311827522,1.76829874731828,-0.256050616167947,1.78145216299448,2.18363974138399,0.730733816834034,2.20600223630352,-2.65926671932619,-4.88706693678849,0.215946314099521
2.24167184992261,-0.692422061884244,-0.659594273800505,2.33415093445363,3.62663418816408,-0.508139759242826,2.47837755731834,-1.58373341460139,-2.40393113940905,4.00522093001292
-0.995527561334769,0.230765210543941,-2.05725563836183,1.65873027047308,2.81949835369118,0.358024590415788,1.25258969735636,-1.55113147982203,-5.05535204952826,1.36236965431212
1.18864338571736,-0.215648378171851,-0.725704666209723,0.881270096316462,3.37503209409482,-0.738453228470997,-0.481230871841752,-1.47689150791503,-0.0445978040920287,2.0718905721715
1.52359873571184,-0.916477952135119,1.10867347154651,-1.73992663204818,-1.49081454662519,-2.58365143621505,-1.11088418995915,-0.180577479728599,6.48309259661328,-3.42589716440099
0.64380388420364,0.654932877910364,-1.47783794506163,-0.316992707475909,1.41502004135397,-1.68970377418136,-1.25237326249918,-4.15820469529034,-0.853222898314581,2.48008697039707
0.544667391572682,-1.46203245831799,0.223598002922709,-0.822274763149993,-0.703954925062193,-0.00286876282455936,-1.19599907879335,4.39246628141709,3.50408083657468,0.0429961045619733
-0.758216909040458,0.62978361427776,-1.4847197550491,-0.419054185189015,0.171623339704509,1.18877754015307,-1.4364420121878,-1.3605072217068,-1.41607372173904,1.07181440819364
0.360751290194583,-1.11300352415888,-0.642816680747507,-1.97299092189584,-1.41313971642539,-0.0872871655813467,-0.71018630088014,-0.158295077197278,3.74798043056211,-2.06799150890095
-0.190796957768708,1.10052608988156,-2.23559903177225,-1.1942535723046,3.63121275346765,2.22568655420126,-1.02169625441542,-0.426514222638961,-3.56592928580524,1.80451974991587
1.07289885843641,-1.09703854780009,-0.433210729915475,-1.31855951430261,2.03829360135343,-1.56798658780308,-0.942486306344631,-0.736984361910936,2.38435977802781,0.644075816241651
-0.216381661583397,-1.69757739014486,1.99782436941436,0.288137666966001,-2.2577850657739,-1.93319396000877,0.895596657668419,-0.658006171702643,2.99167453133765,-0.94928256339934
1.22099573197835,-2.56301159067002,-1.08970915064251,-1.4398609205654,0.942885199041899,-0.183992924841878,-2.48474409809081,4.17263670893513,5.81817299674938,0.0286067678008282
-0.499422062924914,0.18693935324183,-0.66616419453586,-2.22551612614639,0.176357894256158,0.123591534038259,-0.685490145916611,-0.618722149952626,0.642406565606537,0.165257159355908
0.303740845386809,-0.404049011413261,0.0436322509290129,0.861128493967492,0.832667459759279,-1.63403927632944,1.12889063027711,-1.38448166968483,0.356091959028374,-1.35202049889453
1.77003523656099,0.601971349386406,-0.0277417989063917,-0.21824880463413,-1.32187833258744,-0.439014007672829,-1.58666133354595,-0.471604310201584,1.7694139054802,-0.664271420710525
-0.342974864360366,-0.720016174854653,-1.49987552790387,1.73952593149775,2.77461274036071,0.0294194696190701,0.771680388936894,-0.881479671825542,-2.65795360017984,-0.221247101713442
1.23411204332623,-0.937341290610431,-0.7504418453213,0.211238653972133,0.0308308798123397,0.23678404903786,-3.71534751599481,3.16159669956853,2.07107801558333,3.79006507343056
1.43406852569125,-1.13007237400806,-1.54860225726351,-0.314247567293851,1.286988425016,1.1429206636082,0.264341224788532,-1.9689903646786,-1.02222849320597,2.40554298927015
0.12027511248601,-1.14649513876887,-0.494869339385701,-1.62552542719743,-0.462480826088666,0.326112752320082,-0.313376243040321,2.49876210706338,2.22825199903809,-0.616483006955609
0.95195877766271,-2.57189044949616,1.57146478028695,-0.960895085586562,-1.56553423825998,-4.62733839721026,-0.496020879965863,1.19608762049693,8.45666163737781,-2.00415587710742
0.784588572311473,-0.938837972622779,0.859352118521321,-2.24552326713315,-1.22335803151873,0.178477333063026,-0.635060856128676,1.02332769580693,1.88958339946855,-0.617939734980032
-0.235485422326334,-1.19321514988034,2.78831578920826,-1.46515427213413,-4.35947536614865,-1.90257897879576,-1.96304302994606,2.23749703375107,7.92970466643311,-4.71397078605588
-1.86934556659187,0.569395922236461,1.15525630726044,0.436363400475059,-2.28308150498934,0.589629355823774,1.56628341573214,2.57742529937881,-3.51504671423454,0.269732625022925
-0.365964417040212,-0.07701372352441,0.50623085568427,-0.251433468528524,0.544267931404721,-0.348125270377279,0.100353037334168,-1.51683455301832,-0.595360628956646,1.30139292858793
-0.211740174128865,2.14794355647636,1.5045427028694,2.37418283043871,2.80882502788435,-2.04262140572689,3.89297442815991,-5.56604303138954,-2.03681102384444,-3.74055304943846
-1.33030308816489,0.267931841260765,0.749467897913298,-0.463908968730574,0.404515826435789,2.98500110292369,-1.59810366640711,3.56774187929114,-1.79568331553776,1.73385775760254
-0.728102088200349,-0.406156793349254,-0.389459516600578,1.6990149672174,2.87001402705588,0.903242517661269,1.56600238559305,-0.430743555809035,-4.78449497476073,1.90806109298333
0.925586834897553,0.436504668929306,2.00091345067236,1.83248813259501,-0.00205670491600635,-0.554028241677431,3.72523521820507,-0.985828024237448,-2.26728742339559,1.78303684256163
-0.0412667391130409,0.243443711980553,0.795180642207354,-0.482012884366341,-0.459113986916966,-1.41069286756615,3.09129102643744,-0.76861239928882,-0.263906875109569,-1.10813427947474
-0.420914578676639,0.499507074803825,-0.595602956710093,-0.336999860188356,1.61360133330841,0.361676821274603,0.328715774772586,-1.65241546493878,0.781402151919847,-3.64491726388091
-0.742620375766545,0.938185612302114,0.235546814015454,-0.472202276605891,-1.59588881008808,0.544814973400373,0.830032240121786,0.258601037057316,-2.15058356701023,1.32504989287104
-0.144686818422727,0.0199687087104382,1.07273224871006,1.14933110833071,-0.592508907683645,-1.89496530541053,2.75044949532575,-2.21379745655525,0.36328249088277,-3.2029525278012
-1.05837907495499,0.674597124241689,0.808505586711873,2.04153229124461,0.32611256340568,0.918693034437957,2.3864204532889,-1.74952276700809,-2.2941311210336,0.127959896971635
-0.105364295975529,0.726941919298548,0.00402780005283312,0.127469488888356,-0.386918662884305,0.190558263489338,-0.31486773519692,-1.60398458957782,0.0793883122386369,-0.0041994800602622
-0.392545170459017,-0.341878735767631,1.82135306808135,0.983253410752357,-3.00174116861742,-0.243575294314031,1.6193336241769,0.0733394229267509,0.263725986804786,-1.53046365597608
-1.57212306505285,0.613815667253544,-2.3892871237362,1.28260882657237,1.22852524206559,2.29874666685911,1.70157040980195,-2.27221211551252,-4.25816402754575,0.180283531512564
0.174110308314269,-0.162697350854087,1.20149546833083,-0.329587251107707,-2.26109649891666,-3.46212737183732,-0.11911852420508,-0.692410531168331,3.53790338141447,-2.94042741256533
-0.60182357603711,-1.03630443334779,1.05945884951615,-0.429789409636918,-3.01537773083073,-1.62467814681151,-0.744000575100014,1.5511160399835,3.0275296523901,-0.758902286561344
1.39429251655318,1.29977515865035,0.40569029530583,1.15603534880486,-1.01191195238602,-0.37193216152972,1.93876899184582,-3.96538792736373,-1.43706061609312,0.616618078930874
-0.467835149425495,1.14650023725883,1.65866662679785,0.844194012919621,-1.0837139762093,-2.46299289502257,0.483000173374236,-4.37439772503325,0.50383280449748,-2.81331339114775
-0.268947330092036,-0.371850043140825,2.44827904197167,-2.21685422292871,-2.29172628460383,0.0109694579845203,-1.82940565968482,6.4488047736891,3.33314038697953,-1.62009154691557
1.54032177615477,-0.962673873491288,1.6564276707879,-2.72056968877899,-4.17537340846623,-2.72470761179064,-1.76896106130393,2.16210746561649,7.74443918160674,-3.09256221234045
-1.21669275626751,0.225826802453653,-3.29448415237485,1.1140479256173,4.6712252128527,2.55466543554079,0.393557115841219,-1.37416503676965,-6.73450827561612,3.13946945194974
-0.458175928809863,1.49141078999503,-0.688611133978206,-0.554508460631787,-1.66453676776908,-0.890236497240966,0.213184572812987,-3.28526485136034,-2.57447602174343,1.14681155613856
0.00219506751356671,-1.3854696662589,-0.219025406521617,-0.37122257705471,0.198277200193392,-0.979698563854628,0.390527854952732,-1.42618546185756,2.84172245791008,0.125327229802606
-0.718203361824992,0.218682877081333,-0.664361308830041,-0.356403767352074,0.270240463658768,0.497107811808962,0.502910959662547,0.67954161336834,-2.06915532595976,-0.00147348221395594
-0.208767725171989,-0.762124005081931,-0.992332503257951,-1.40077305454835,-0.694050984175178,1.04210298578476,0.126014996971285,1.53036302230992,-0.657975928124969,0.554079977165757
-0.622610651456285,0.971171843216083,0.804956581322753,0.274475680533062,-1.18222173853259,-0.554329429964172,0.204717092140966,-1.16028896568569,-1.29331145376596,-0.280554546726619
-2.30618627377133,0.997668639552148,-0.879902431818931,-0.119072446196051,1.18245443062472,2.54371266553163,0.371190819215069,0.620882395985197,-4.81710985354063,1.88795368355383
-0.995121498106928,1.24164416126492,1.10368727421209,1.70437789541032,1.33922154845026,-2.63894896445926,-0.689676197026829,-2.95970037915758,0.0458587435435783,-1.98313030364113
-1.37778670472203,2.38310936730903,2.58018990487817,2.11149351182788,-0.443344777815416,-3.80810598801264,3.92860176040911,-5.37625722455563,-2.00294932063745,-4.32767771815581
-0.715262441375551,2.57777323715873,-1.32749633285382,3.46779242270425,3.35522235202798,1.75444082525612,4.13445650963045,-4.98766042079494,-8.58306217873628,1.79658022407692
0.336131352686157,2.28021761745687,-0.753174051327909,-0.190084198678159,0.585842572476064,1.18459267361299,-0.512528007151372,0.313184715330304,-0.701842880403954,-0.873230072131517
-0.877513098985931,-0.0443311688017511,-0.379983731675715,-1.47982665769084,0.475690263996635,-2.15288094281088,-1.03339561985821,-2.34844185211166,2.93632004584691,-2.86789881411126
1.11104463110157,-0.566682003886598,0.015017910359127,-0.977993309018316,-0.421285058539442,-1.25445893248517,-2.65626908061693,0.174100670878671,6.44347486284169,-3.2919351212865
0.760106158285397,-1.26319104910262,-0.263989874468468,-0.444988534584971,0.0266444447424701,-2.53291271496923,-1.25924445307318,0.601032182326798,4.66901192278147,-2.25992901339088
0.321714009246958,0.40152557145115,1.22687754416819,1.11581367343153,-1.00592594283495,-2.13254712007501,0.3393089229865,-1.16785558515378,3.67896741951184,-1.46800876163359
2.12223066294484,-3.28929306998462,-2.77770747605782,-1.94091336010442,0.292984497448221,0.78808302985941,-0.770292101627848,2.82952760204404,0.652733395363,3.55680414902585
-0.452654406398309,-1.03913633010881,0.223044041428008,-1.89085125900798,-1.69537203871343,0.792062643907,-1.49118993300005,1.38405465083491,3.31066584687724,-2.12337063295735
0.852919243375827,-1.11288935077501,0.400900602750217,-1.19002945947143,1.28197152455197,-2.14871190649592,-2.70550362182036,1.93037933499405,7.43162601449802,-2.45731356531832
-0.599011956766521,-1.25565670141388,1.71188399671148,-1.54435997928987,-2.51571098779717,-0.317520839370639,-1.36031616730709,1.5603465270521,4.76678253034405,-1.38181410423731
1.22978274099015,-0.673397674924855,-0.182132591110886,0.603078318749001,2.10717397198023,0.0788034326058105,-2.33586698872932,4.8224901489816,2.93917988087453,2.11548397930343
0.799080107429907,-0.664084278290729,2.22097036177412,-0.704827667968131,-4.82525247698586,-3.39815246063644,-0.966017239122159,0.0728452817067313,6.33959783685662,-3.11474449485377
-0.0236862470001037,-1.99904418254231,0.177427269657448,-0.598268810658626,0.376293994920718,0.999444608610675,0.889585855805151,2.20813250480898,0.553631500925241,-0.617021711288408
0.340894632713222,0.856618330749454,-1.86584173440674,0.743374799731449,1.97446639868875,1.82537255422185,1.71371224427499,-1.07616943015385,-3.39587029277564,1.45292822271162
-0.0509338937177033,0.212117199884788,-0.703247315277769,0.186585663530468,2.33990025330069,0.234127484975165,0.623818718955851,-0.508129915131482,-3.90715158256831,3.09403799346061
1.30558853834721,-0.337224794713701,-0.936137516035005,0.823416391440183,2.06116223976341,1.5305315673917,-0.116229558936681,0.141446539154375,-1.60546363074361,2.3162407126739
-0.509694123189693,2.23221816504245,-0.971807451793601,0.746390079244012,0.937871244558402,3.72381143370366,0.0924858176336067,-1.1078425287748,-5.75733477995703,1.94000902299588
0.228042798274961,-1.05809551620728,1.25355635191804,-1.11000289115411,-4.02330097232094,-1.5460889684481,-0.138204724094283,-1.06743873280911,3.7159673266109,-1.11046903966007
-0.483178290858226,-0.342350892930634,-0.0254865176424957,-0.252267741502899,0.101148759806886,1.92591490733666,0.321866344120928,1.69637497952222,-0.856957091273836,0.376378456753366
0.11853583697622,1.14503585618406,1.73913556184304,1.1895752722111,-2.98456872629485,-0.646377352792397,0.976148852568339,1.10357698720234,-0.123372342486848,-1.65719013103448
-1.01882141944991,-1.13106464872557,0.355220803303123,-1.89336443982616,-2.31419561630535,-2.14388021594704,0.115696566447297,0.189904482210963,1.93116874898206,-1.99078266023147
-0.663832804962948,1.24560684567109,-2.27558836908664,1.65649710165604,3.74784440069442,1.65610560772847,2.36052692289439,-3.06769371525885,-7.44338769123825,3.19485118277095
0.404643787835864,0.0503814508339637,-2.04889735443381,1.3300115510631,3.42037656145656,0.068456677932147,-0.0534364205181862,-3.66721289283758,-1.94758090259785,2.56319624131769
0.274415562465785,0.516503410784684,0.32575777925248,0.831299728752006,2.58949533791442,-0.331904697782393,0.762597792019017,-2.47611323117487,-2.33082210333169,2.62802940521442
0.281245741001077,-2.20341168197547,-0.765652547760341,-2.61344565576265,0.111860949925082,1.09178641048674,-2.88541389301307,3.66065178043654,3.51138252458648,-0.0988336462055143
0.766418415219274,-0.40097775102666,0.519862947808244,-1.83702622546429,-3.7933247398198,0.878068319347293,0.212562120891851,1.94823798227265,0.77153849011087,-0.713490842073824
0.686653802386766,-1.07313773499924,0.78105280717407,-2.96192798767494,-1.34820225403717,-2.33103100007976,-2.06358193053617,1.00412513293041,7.25403034008856,-3.57383747501711
-1.72399387910854,2.13481405289402,-0.213035108105313,1.99275185153787,1.358410852809,1.05246923263922,2.56364957281625,-1.84088014383839,-7.07675683381311,1.12943321452432
-0.0940694349472263,0.704215032936239,0.0831904638771791,0.178390937976932,0.0583954979158829,-1.5827153475322,0.696251935031957,-1.66008475730805,0.922387791689592,-2.16817472249341
-0.19032448193923,2.14492497134113,1.32311267126705,1.89045336436105,1.73498515957646,-2.15399435083143,2.55427597816984,-3.17294010458172,-0.678242358329938,-4.38261393393736
0.842049161970505,-0.539737508005471,-1.50574360566319,-0.735960414797576,0.415831498986142,1.76297441679873,-1.26134010254205,2.31582018386271,0.698237648645696,1.35080584717512
0.440061467567149,-0.0604362241654612,-1.06387612171478,-0.890260570613715,1.86834475556403,0.613517893918134,-0.0386574212860972,-0.395752331498265,-0.722693503168441,0.666049084680546
-1.0433222616633,-0.528335441940268,0.802660127713548,0.0452724484274907,-0.405995260467024,-1.73903938345376,0.384858667968433,-0.0394806839510476,1.32670857362942,-1.37177921861829
-0.0803065908514326,0.202835024939572,-0.0916758010792906,-0.326997846875666,0.53396492760939,1.03315138129971,-0.223988829437057,0.195311914349972,-0.733441353480034,0.472741341634567
-1.01651520310195,2.17066973595434,2.74528134043005,1.78977232694092,1.49538392969112,0.805436338073873,1.08463364282668,0.492118237526162,-3.18192425375978,-2.60704924911437
1.02430854404787,0.468566303307253,-0.171133435970408,1.2081365902699,2.10488477031723,-0.325721516521201,-0.197933381792568,-0.458692339980883,0.586798545501832,-1.15920930553196
2.15579573184785,-1.67158036047404,0.491959542149197,-0.326852915160221,-1.28693575536225,-0.822897949289687,-1.43674394603723,2.01551684834514,4.85238960766955,0.154191918789252
0.41055729044506,-1.65202424281014,-0.430193835818382,-1.82137597677513,-2.03287881618602,0.542753389673565,-1.94221111870218,2.82835211963406,2.66323351829446,1.20260816294421
-0.757549166356965,-0.82439119097849,-1.07536937965777,-0.201449505846091,0.653165132280855,3.49356375856599,-0.750498510057252,4.3103449162689,-3.33434107761024,3.80633323581374
-1.83302707472149,0.65906990684676,0.394261702091796,1.78995760391945,3.28000003222613,3.0352144940251,0.790671386954443,2.69750341190245,-5.93742583216428,3.09523273294236
1.26430716020517,0.381205799138943,0.393682182754456,-0.154547740847724,-0.662881174101687,-2.21131797562324,-0.701217534903237,-1.14065608229905,2.56654937513802,-0.128868629251453
-1.50722717697981,0.538660724661506,1.06389870379786,2.31864342927358,1.62177074618318,-0.0978109274816186,2.54185398286549,-3.68715791006015,-3.73437584942709,-0.563618691479326
0.844023433883611,-0.352924915825524,0.32354069459023,0.522472235348225,1.45322134455421,1.86119253256251,-0.69868299532561,1.19815959982474,-0.918988335784767,2.9464644531331
-1.18369068497698,2.18741372445965,-0.368964932874923,1.28408846658752,0.30658405497884,-0.114224379409602,0.943328995580411,-3.40349508202314,-4.93523308940462,0.772975612930897
-0.262508268489639,0.762968327467123,0.867928667464965,1.31208227217535,0.673170792293075,-1.07107279164576,1.33359450575696,-3.07908547146027,-0.142384883771406,-0.895806130228749
0.930671706048702,-1.78655465972677,-1.97554004394498,-1.02410994035151,1.60394821192049,0.0859251469003891,-0.859727187128898,-0.372533963898248,-0.0978648713434939,3.918650703821
-1.21970419401544,-0.211441927321095,-0.568636397808157,0.678841272716053,0.101241415148209,2.35073702953868,1.2547537414569,2.80713861135126,-4.51345836122245,1.80148980956719
-0.548693694740649,0.247042044422492,1.57517647224746,0.0804968213205819,0.378436696221569,-1.50663461073692,-1.49770468348114,2.52047912920461,4.07617938590559,-2.26459066974203
-0.244581403856051,1.5829269040602,0.625872858917779,1.55912171509711,-1.28656635795843,-0.0967912878405639,1.90067171533459,-3.46224981295462,-2.62318233197409,-0.318668047782241
0.503198100192518,0.209002765265174,1.03587436090262,0.350904430101475,0.130488514849014,-1.3284832485809,0.235487268753372,-0.887071375050932,2.6204934653458,-1.27524148684978
0.79532181534685,-1.2283243068373,2.53560860920766,-1.04567222877749,-2.94157363121322,-1.40599971053209,0.0699388652339828,2.81447597560506,6.25395537879675,-6.04615578501755
2.6751922919489,-2.55466304315362,0.175467164621879,-2.77762421399934,-2.87245530392691,-1.74951080114004,-1.80804178093045,2.01827818918386,7.26741675541602,-0.841506392399847
0.289029305404616,-0.304644784240492,0.832354748044215,-0.187652617473396,0.844811290713672,-1.89240819163313,-0.988075986052595,1.13660708338118,4.56601292319908,-1.2446975380525
-0.516657537982587,-0.181911332884338,-1.1950135119419,-1.15205041980732,-1.85508499784406,0.996186248402845,0.313677766107263,-1.46147852945369,0.270980358397826,-1.18045961049264
-0.392746179070286,0.53154089757953,-1.59560581830592,-1.82300169254979,-1.03944726397419,-0.051036583848217,-1.63693191148822,-1.4813907417942,1.26259856956079,-1.62461205681076
0.701576820953217,-1.07861417906338,-1.13621380465262,-0.347878460617251,1.31497127908003,0.417691783715168,-0.732288610959508,1.00997892628477,0.0759344338313958,0.134034759468194
-0.90333354795339,0.484063870588558,0.0204545715340965,-0.500270908692833,0.350750861927333,2.34092861672277,0.727855975094996,-1.25824644748815,-3.25248146675041,-5.14952762906001e-05
0.397465330494394,-0.78249657944299,-0.729267721249765,-0.774866599563212,0.879665115844331,2.41492673146895,-0.328536362526139,1.11136908481246,-2.05216647183819,2.76121085575188
0.480894810599494,-0.758326887745152,0.185684903158587,-1.22930314701576,-1.99713583113787,-3.85760359619196,-1.61491347388234,0.245651106923012,5.75173244974005,-0.684948653888785
0.525723789532572,0.0870014850774968,-1.19643638970952,-0.906473146393823,-1.29964459910355,-0.853745393525121,-3.13747980659668,3.43664439793812,0.898310337733493,2.2530894408193
0.954655720516686,-0.00184653718931199,-0.642099340693349,0.553137438016434,0.320395167605905,-1.72992413862053,0.82156223140915,0.0269851485619535,1.4613113639702,-0.539975514551798
0.578460044582266,-1.01565366964909,1.30647219613765,0.0177071035082472,-1.69054853688449,-2.91821098818754,-1.49862637260896,0.813753375380209,7.58653613606794,-3.14829546321963
0.546740152040267,0.380813194059158,-0.19036690866279,-1.82959885960314,-0.564833143463495,-1.4169677226199,-0.251522903486029,-0.701760721920481,2.35995388546148,-2.45471729970617
0.882328957590628,1.45551798824639,-1.25033531924166,0.110690533577659,0.986128848873312,0.256992436868264,-1.34691530493651,-3.0496991524739,-0.115058678190696,0.403323863007124
-1.4132871806908,1.168672202998,1.74536975037718,0.935156374625266,-0.973378952507065,-1.70013295347627,2.20603830435504,-3.49743322651124,-1.98578736386351,-2.15564088562162
-0.0275433336021335,0.590855252210145,0.282520426547191,0.238002165470046,-0.0105358239157993,-2.36046327892931,0.194467704656998,-3.29931020334071,1.1864034783657,-2.08290086959477
0.908944459374416,-0.398374001196889,0.689401678684651,-0.159748857498545,-1.12596244161067,-2.27251811967039,-0.120940555537152,-1.59261570252346,2.72939561915909,-0.642968803181064
0.784005849815077,0.0929783422862278,-0.854165213056305,0.102746775010852,2.7009851469529,1.92124788324313,0.444513133044458,-0.898957629272026,-2.60284622130209,3.18393099758669
-0.351016801607674,0.300476969813346,-0.608458205179989,2.87033377874054,3.07915853090505,2.89961100358124,3.22499586287485,-1.91594683390555,-7.78251526680412,5.89587212768974
-0.597344221969498,1.10480936245696,-0.109992664164911,-0.810726754124669,-1.29292799222484,-1.10928180400013,-0.503806497726731,-1.22315529099261,-0.0979260969864515,-0.521887707842333
-0.833669186639521,-0.955712040121235,0.610656481315028,-1.40708176562587,-1.55637762956582,0.43365435183726,-3.19101226904545,2.48710752410502,3.05983797701737,-0.447798617426984
0.973862555636149,-0.960884377084907,-0.487266031241333,-1.24412248995948,1.58724164007429,0.677012084853661,-0.191214561240537,0.19183794642031,0.35669847253495,1.23887382129485
0.691739205536902,0.596573126548265,0.896164226628966,1.32785926923147,-0.250839867717305,0.688544453719416,0.438797050960908,0.734206303828227,-0.235300815156337,-0.579271965103933
-0.225963523358584,0.161161926245373,-0.0439596086025933,0.896098189103849,0.44932158374899,-0.343327807691487,0.584351806221656,-0.638810450418365,-0.841348215699609,-0.747505957231748
-0.117313520830699,-0.651913144528926,-0.196352017808552,-1.23996938947887,-0.705216015462519,0.937553797535141,-2.61131308149653,3.9307028632079,3.24859864154824,-0.757712625020099
0.21357799062182,0.401523901372909,-0.0626293258162907,-0.0483334370359906,-0.0944815053638023,0.68342718771214,-0.182379272214232,2.40649424569617,-0.512209685266791,1.0776583956997
0.610863138699552,0.383621899649844,0.379442554197696,-1.06136133156986,1.46230191169721,-1.15152115858365,-0.222308800049598,-0.38963627838419,3.22239892290882,-1.76289825335592
0.257549638524334,-0.0545808332961651,0.741867917723115,-1.03819396051907,-1.38626439284831,-0.856286620773535,-1.51822210224852,-0.429737575834004,4.70561302514379,-3.28054905393279
0.499628439089751,-2.28211172098089,-1.38058388269884,-1.72245082278789,-1.68737528433397,-0.785277726909035,-2.67072934731279,3.45077270739846,2.76341203671228,2.49320786782437
-1.05104460512527,0.390847808457577,0.0507046883367933,0.0855050245574465,-1.90377440566709,-0.696259502676537,-0.54647496733078,-2.4605149431386,-0.175425854301749,-1.14752253134067
-0.729614071747153,-0.370400920830947,0.652443878426355,-0.441432967327306,0.249885555970516,0.0231563269404121,-1.94494454188088,2.08283970802501,2.3822169432114,-2.09723723044828
0.258292637219853,-0.995513574541748,-0.233962916645985,-1.19476350856588,-0.26952517065906,-0.0662754212876025,0.0408729202500635,-0.5860148435301,2.44254692075602,-2.15012105747271
0.69130106542989,1.51253834318449,-0.387149200533087,0.498054500273497,3.21033517826116,-0.405694535138546,0.29174939207166,-0.498527642863056,-1.40679201901406,-2.04475351221504
-1.57903944974083,1.26684691582843,0.939174904833607,-0.537964894690034,-1.10438015791795,-1.64951920136916,-1.25436498500782,-0.854080546951245,1.27154441082137,-1.95238524625752
-0.401385473410596,1.4658058347271,0.196858569041348,0.309336746940363,-0.273515259795447,-1.58783323532849,-0.310854854962243,-1.00633067076129,0.461237496922088,0.0459345251799658
-0.044859633778553,0.0336505228769438,1.77231685852441,0.00690140771325526,-3.56175959061555,0.259886123953647,-0.550604332801401,2.05880980259594,-0.0333663266979794,0.24045749620081
-0.910502153614264,1.01520505561057,0.37626596169354,-0.047855733685426,0.27777305020353,-0.896164207407145,-0.716321145765239,-0.422496989562151,0.231577209821866,-2.65283323870513
-1.41859278400723,-0.802943409319488,-0.230516292992638,-1.43767382786792,-0.807489969298759,0.813376252854333,-1.3110100431018,0.709871876871021,1.46205964161304,-0.996245914736522
-0.0469474401309465,0.624625858327096,-0.275211320016453,0.606713099383908,1.2533795657485,-0.622653746360388,-0.353787228653958,-2.2723969836044,0.756938528563728,0.754715131320633
-0.341136877060926,1.48899982830503,1.32952098017575,0.486736723948063,0.381645373620369,0.507311175406532,0.238083001621738,1.17166446016441,0.317053294579608,-0.806324158246233
-0.663990098332037,0.524694954651771,0.569728137448654,1.43091558321406,-0.409932505435845,-1.11358024097606,1.91878375382601,-3.09150950870785,-1.01767539959542,-1.51283886846825
1.02133850652553,-1.56041186608438,-0.382304591898139,0.0990750480345319,-1.32317623469908,1.08111491603331,-0.207453769234622,1.48285228255059,0.84031248756999,2.01983307405349
0.138600230018657,-2.17831563864539,0.57289927460949,-1.4101380570271,-2.73182399483059,0.231518823047524,1.53576935083796,2.12532294491688,1.62416324794404,0.621198885998829
0.764302064713903,-0.613669465965546,-1.12653511796705,-0.806805772459945,0.80135406924482,1.351744681139,-0.423984851492815,-0.0618720067222056,-0.374334659749871,0.334391740480435
-1.17615073901873,2.0634352327349,-1.00704161316073,2.3067446944512,1.92019976131925,-1.29380612244214,0.878831204411059,-5.67022868730975,-3.87299867103992,-0.62910958143637
-0.60327316276833,0.126114389005452,0.349953696032443,-1.32929327200739,-0.907742497589484,0.443790596146937,-0.841444226343416,0.375857409038856,2.14851527517171,-0.226797213617909
-0.48757650121979,1.13818550315387,-0.0612319251543458,-0.539572953767784,-1.47323893760713,0.111654448672586,0.344580910562962,-3.91125279031448,-2.05674072180325,-0.674997811617141
0.566869374472427,-0.919049834349111,-0.411570981064734,-1.6572509273651,-0.832458595877347,-0.698583028795963,-0.690586435801654,0.00614323058791068,1.7178707539716,0.4210944249836
0.737034764490553,-1.50730788676347,-0.725082202814151,-2.84348266387419,-0.429755777678193,-1.78589123972427,-2.0537434063161,0.566451700662858,5.54261729500073,-2.82282600476391
0.537244640811841,-0.953334164753473,-0.577269217217214,0.183049044189339,1.11277812618768,-0.888742579852906,-0.57817508353352,0.242185550604688,1.89929248286021,0.296984383920373
2.1024872228106,-0.427256699816103,-0.482047625855856,-1.07804165733221,-0.784595303869382,-0.546056078951079,-0.857429921851822,-1.9739938707531,3.13823656387307,0.187458786977672
0.16829460472973,0.95900554372171,2.93533395632116,-0.209609358003161,-3.79904388546033,-5.21897956484416,0.825390049554385,-2.73585856544242,5.02987251090769,-4.54802989963922
-0.604608357846335,-0.124608821947707,2.5153009479141,0.231898533799571,-2.15409632181614,-1.34625076138328,0.811996639859777,0.0784322883233997,1.2080784881917,-0.30837712385058
-0.296279042828018,0.537628109372773,0.786289953160192,0.583404044417078,3.10481386220085,0.127689987118252,0.958894426532412,-0.277116579628757,-0.471666611394861,-0.66990228408029
-1.09779022445726,1.92425232746943,0.265918977586358,2.98085245752651,0.617169637130584,-0.355059305884593,1.81342276700843,-3.41474405725877,-5.38997934702485,-0.113035674915527
0.225185592546164,0.23888732682649,-1.43229755431487,-1.66920255475617,-0.806882066377264,1.38602694365676,-0.599362877799803,1.67165365111354,-1.85024162403039,3.38655098363545
0.938669991635456,-0.15127223748365,1.24635660610719,-0.0056901555885154,-1.20616786606834,-1.62412495008214,0.211809253421942,0.672215711858812,1.73668790600331,-0.585127331323373
0.497045546833731,-0.525892375653412,2.58352381373268,-1.91451468266437,-4.46672735690423,-1.20222006548549,-0.367290826786814,2.18209906604646,5.5544571007024,-3.21003734660236
1.70702376626464,-0.927095305279268,-1.02823553771842,-1.47113636220241,0.627248521188931,0.57231527535271,-1.08861874226232,-1.13765600519984,2.53451637332748,0.3311641448218
-0.465234738114967,0.409973780860792,1.73991351590813,1.29858185876233,-0.0315926608785419,-0.496595284120639,0.404661442301889,0.999062368456962,1.59211256086949,-0.0889333360211562
-0.235750528063702,-0.612740184475716,0.30982661150356,0.276363210010758,0.789360914265628,0.84291751084161,-1.86900174700533,2.4442929785599,0.612413590609213,2.41916724464257
-0.529697120490138,-0.258431387416776,1.37912426433062,-2.38923643363796,-1.93818568542235,0.536610161769922,-2.40137460999173,3.8482399850505,3.97794498674545,-1.62310019282141
-0.582585617743165,-0.251483606907756,1.74965824279883,-1.41316614356032,-2.93072258768022,-0.27304311005639,-1.63914980280172,-0.634618717552133,2.55683528548172,-0.825798502175318
0.418012563372962,-1.09316178077679,-0.299558907444485,0.294768064605258,1.0617869921262,-0.761442347148962,2.2611389761585,-2.24848698810465,-0.363697607799986,-0.146280004307782
1.64422689231851,-2.05927798199817,0.358218751413754,-1.43408470200628,-3.41372452602489,-0.00972802111501951,-1.96902079064453,4.46204329354541,4.96187141824571,2.13288798183625
-1.1235229486317,0.00206792117710192,-0.156417112878505,-0.640868373933305,1.29592985845399,2.67558143840609,-1.41299858744139,2.06158795533672,0.558936730364446,-1.66335151258103
-1.25940143940222,0.666256745783752,-0.393966567172701,1.45494763852842,1.67702627074655,-0.00263988976272547,2.93744415195755,-4.11387708626253,-4.66683031086721,1.68164797324376
0.911174576385056,-1.23890226507097,1.60189262098944,-0.957108306071376,-2.57431262098897,-1.47638337243151,-1.67095176726322,1.99441409777822,6.02929898175426,-2.13585621460877
0.577827671696205,-2.49495188684293,0.741716088510436,-0.255393923421996,1.34996378906063,-1.74194586688317,-0.753398683821663,0.056215729613472,4.65996699965831,0.018459589338594
-2.49225246439521,1.6010582440806,-0.538622946018965,-0.714626074546823,-0.980517288823985,2.93544741471591,-0.240451153973038,0.0373486950734221,-5.44582557969266,0.941820671683771
-0.485690173671538,-1.1192840199997,-1.95685446379789,0.774480289473226,1.97679116099002,2.18205185115466,0.553178175280098,1.15113052706205,-2.46941409250974,0.405130265046381
-0.240052131070781,1.71075969648261,0.674028720386077,0.851736226369963,-0.293315522430896,1.74113955549544,0.354883090478678,-0.42023525913224,-2.00024892303415,-1.03038381415584
-0.50793980939618,-0.446427351079799,-0.83805672924158,0.0101152674199717,0.608841223069071,0.647279319020047,0.272515320269214,-0.661747388378572,-1.09799775580158,1.34378062780166
-0.650625861132252,0.409056433187876,1.16269138376498,-0.644466695248301,-0.426786960011517,0.25615907856083,-0.685075628834114,0.218834114473997,3.06810194524375,-3.33976116232919
-0.0292035924225594,0.436221607420637,0.36872725572066,-0.00400459787258674,0.272708842723863,-0.692352932170803,0.369829712589456,-0.746257165964455,-0.0905230464442928,-0.399932911415286
0.892903032249377,-1.57835031572516,-0.775675590326609,-2.13416268850704,-0.0705491540348985,2.28888719279612,-0.545956216291984,1.3260585630335,1.82312373422249,1.11168409846575
0.529631206090346,-1.20359656338306,1.42816186686285,-1.03147118115546,-1.25475477099992,-0.915924209794958,-2.70225961001669,3.96113550923553,4.21345748985155,0.93003971928926
0.165353527464967,0.506632186067361,1.40856708714538,1.33472845874259,1.97391836702188,-0.708932233783253,2.22279593039968,0.297341068311605,-2.50777810984679,1.05187513348996
-0.414293569303289,-0.701273361821834,-1.21241683897452,-0.569360188714197,0.554559057843039,1.05008384652241,0.844208408260175,-0.143044979510569,-2.49254037852956,1.30522265765394
1.23748273806243,-2.2151872714862,-0.107515407704201,-2.94329920786546,-0.707613652942272,-0.794388124562506,-2.58649576444679,3.11707269700309,8.52817289954893,-1.29575339713065
-1.20800016378402,-1.20492465363044,1.07904864631905,1.26331916395028,-1.58324737922192,0.194228063459321,1.57561810024588,2.37420656969477,0.521495599676491,-0.714705906562048
0.818236307694435,-0.125001611459749,1.15604710345518,0.306299252492521,1.21827535753349,-2.60054745361003,-1.84296190617763,-1.49591871012474,5.37402769234344,-2.95882639288933
0.427212932249444,0.259326224038594,0.321465444786385,1.619368374813,1.8293301184676,-1.42958596265267,2.3807735756568,-3.77746420704668,-1.09314817128274,1.01378262008734
-1.16917156369049,-0.684763314789166,-1.08663573916512,-0.442635749791444,2.03896272025547,1.94265268553969,-1.9691121100746,1.10952045464153,-1.26845969983493,2.62312241729664
0.578151538616519,-1.45460976523911,-0.401824022707258,-0.704524654083642,-2.69246108217856,-0.851509803902961,-0.573164644753096,0.519445934588909,1.90138987086174,-0.280326479073825
0.228421373230792,-2.66975879246125,-0.86768312036633,-1.34874553951191,0.581386307139901,1.18050778793958,0.811936808228346,-0.966773019812013,-0.428337596806226,1.47751565479995
-0.966949883306717,-0.559891170368492,-0.552714614649356,-0.717769921371467,1.90533563582542,0.848731520032295,0.121852304832044,0.767986901560427,-1.26874849967436,1.88490211728695
0.0460166110638707,-1.20021155882973,-2.16515350686559,-1.31170329934813,2.45916016464987,1.87539673710507,-2.68317387172965,4.49171368475886,0.334476678459711,1.99446330910546
0.612626762525093,0.20087534025078,-1.36480582487807,-0.153479578974131,0.270457859262253,1.03449148553522,-2.07070332952056,0.389046409967953,0.211469313437621,1.71489560692297
-0.375483852691394,1.29191291659062,-0.742716276385294,-1.1737762032532,0.576903952159393,-0.507154301497387,-1.89666636738655,1.46032845335153,-0.341884002808852,-0.871161693010242
-0.954987864628765,0.8240736212433,0.720645587308293,1.79963591807187,1.01009533353215,-0.445348868803215,1.26135974418274,-1.21602497542994,-3.09037341530108,0.744653112939619
-0.273562169665299,0.556415619474592,1.22207021002495,2.28453670427242,-0.018055497567009,-1.14697435914084,1.11047085061773,-1.40960399122476,-2.48663240641308,1.43694287448868
0.494931284260957,-0.846171317468213,0.656033303221206,-1.0264789127239,-1.84552657060612,-0.959392520706467,-1.7072279018202,2.94567356697614,4.74567004800502,-3.21632454766206
1.34164101795071,-0.383309445843113,0.62705907772477,1.02640110074297,2.16895690961767,-2.78273353465044,3.231054600835,-5.97794683890722,2.53953736196313,-2.34217791134139
-0.0933422887351139,-0.902310661351138,1.99407870390114,-1.86732540452057,-2.5640934437855,-1.86411978571647,-0.349164282050547,-0.209976798089703,5.36532122304875,-3.44143312071804
0.332543001144098,-2.86743988429262,-0.0850574724174007,-1.85492868199666,-1.30505893602873,-0.134226535900234,-1.74837168955351,4.50086930843411,4.06041010155671,0.933026169084202
-0.677942257925338,2.91989731061476,0.280302218295718,2.23052618604467,1.82220668715411,1.53623288942119,1.28448392308793,-1.56543594363609,-5.07388592200447,0.0326442728908377
1.29010898777754,-1.63052382032458,0.693962946586106,-0.382258512864426,-1.18930139076377,-0.585819285642822,0.676942169613142,3.01532783664586,3.55116208910173,0.0944341674565334
0.51882991889511,-0.949190362069864,-0.492674174655901,-0.974197182401106,0.0384146294160974,1.75004067508097,0.141423589802792,2.49753077806663,-1.52173775524836,1.01056147659607
1.04525744324173,-0.803496743878117,-1.04157248086086,-0.953071944470329,0.226142585838566,0.436873930253998,-0.592601231770977,1.1582792002582,-0.24733090059876,1.86865963966622
0.261810428875285,0.785362713705799,-0.784644684698752,1.61091399472014,0.161680612504599,1.411066268285,-0.136460605581631,-1.00516916934627,-3.80369254019234,2.13676313912595
0.156819598052756,0.936639731842521,0.975126501399937,-0.306371121764732,-2.31402947945693,-0.990022509652038,-1.54755166060292,0.704538213127354,2.98660569330782,-1.9025701076587
1.39231469283655,-0.567049160133339,1.98548675024203,-0.00768038649269311,-1.53308216144677,-3.62929311474897,1.20781033363827,-0.347483029055131,4.63551024022377,-3.12206885364962
-1.06358694690795,-0.545323447123654,2.67783346467683,-1.9547009910039,-4.97120825548337,-2.08057520988178,-1.30992903596348,2.66781470051244,6.74513857308918,-3.52109005546257
1.2410546192254,-0.923442018178791,1.51169342416856,-0.94692659124796,-4.486427201204,-2.99668305790832,-2.14204911684019,-0.800654568850339,5.86662703760436,-1.75498257537824
1.85933737629127,0.453564057986761,-2.86949784695771,-0.0853424432953145,0.163348436077952,1.20247364292884,0.354672014935509,-1.18936545211367,-4.7421106615004,4.82392437828674
-0.775294774542791,-0.144081172305526,1.34364223354515,1.06272004552031,-0.28669965967226,-0.520973553309006,1.64667972810424,-0.896774641530362,0.127874118523429,-1.57569502669708
1.58770030567229,-0.729420925927014,-2.58760378721713,-0.214108343655967,2.19278957742349,2.03248901274823,-0.0589169825654368,0.312927851492877,-1.24635107073645,1.89780255696552
-0.286769043268484,-0.0780416751321704,0.116312485414679,0.184906525018596,-0.123210319208847,-1.05748110208363,0.886590664510809,-0.0438751896012326,0.518195056136317,-0.903162613638051
-0.166928178894098,1.71693522628619,2.66184433680678,1.15639583977186,-1.41201567859933,-2.04253939117387,0.241467281191177,-1.00402055956782,2.82735426339093,-5.01182197993565
0.219430107443203,-0.206285738084836,-0.906518221861322,1.54153699799897,2.81083043128183,-0.21036349312228,2.55409691718135,-1.66305913938565,-4.50976809142167,3.73816670099962
-0.571376401274075,-0.378439597018541,0.204806094019485,-0.509928840710068,-0.518772561777195,-0.813131121660055,0.825746192795171,-0.261166228829324,0.767036781228813,-0.874735507400455
2.05224508780417,-1.70823412946141,1.19794862481279,-2.16877976822236,-2.59551623447763,-1.96439381748896,-3.70956283716163,3.96299073804072,7.69266746023614,0.336106635549241
0.110802074963328,0.46910672825526,-2.69431286008568,-0.661507840036609,1.27916740350913,1.67145437349419,0.347473750554422,-1.79847174522532,-4.75083488495485,3.0545558083377
-0.141377937446806,-0.124380045286404,0.561150272454799,-0.735119524498467,-0.797716269692667,-1.08386468679887,0.1224793744907,0.533468755937194,1.69070215405718,-1.42539153656513
0.182176267161633,0.82991570295108,0.866426591009538,0.991922959587386,-1.06024305366291,-2.46404767978674,-1.20403001729471,-0.51485471868509,1.71455513469039,-0.984508327304339
-0.898899152228384,0.616829833204739,-0.671230909345227,0.111477639966659,0.40861625007073,0.40361278823762,1.50471521063194,-0.945601654477283,-4.10472869530508,1.29756067938942
0.475475532496362,0.804166503469807,1.16209559442296,0.213288812296736,0.120648400057429,-0.684082783342751,-0.0917620992783066,-0.245088893631244,0.742485856702816,0.46438052307145
0.230807103247453,-0.616596723142547,-0.0692890462103933,-1.14140995074049,-2.86117590885799,0.474205834808358,-2.19604299610782,3.12580252343965,1.02636078225073,0.394824192773806
-0.0297805652476027,0.0361342144613913,-0.349965385012222,-0.19770048345173,0.500149459338504,1.31540762259625,-0.228120488411126,0.94848552277917,-1.37530960184166,0.747577230344767
-0.299698176473052,2.16531032887498,1.6271311122017,0.523782736879759,-0.674595143567763,-1.72356064341169,1.4039552305793,-3.14043680116358,-0.732525449136394,-2.66812876958473
-0.680523187300511,-1.35535693759163,0.73233595371739,-1.38272285463931,-0.807674731699083,-0.645673199861305,-1.34469821485872,3.07920054380535,2.7877487110127,-3.03758054190913
-1.2381881890029,1.10693200160137,0.815556563855119,1.45836978225799,0.665769858626842,-2.29078609204176,2.29977573049394,-2.88598973970869,-0.910466655241213,-1.85758194482379
0.638784503745583,-1.65903531742413,-0.493655949722978,-0.363275794924362,0.874383113487456,-1.21088095506592,1.00132439181857,0.00815464739828757,2.65331413837991,-1.71269358634589
0.343977386574809,0.708277578597462,0.622517709622027,0.717443126662664,1.01524369923897,-2.94603433416911,1.08395368113785,-4.04500791358232,0.892234655078502,-0.342972600883354
-1.4529655584927,1.71140656914351,0.246128052910748,0.0320404285575377,0.459308294030856,-1.77393541895069,0.326005313916309,-1.18281507730822,-0.330649237733386,-2.49279152760351
1.21033274535412,-0.57122003878314,-1.12128978145618,0.375180060854198,-0.627029411477957,0.559683595212044,0.890659260841133,-0.0288073024518591,-2.87664852089653,2.16685542135468
0.226458222982555,-0.431871763689362,1.13236750875339,-0.504368635874715,-1.77012705519386,-2.51789933446404,0.335640618063479,-1.2706237968175,2.45032006180612,-1.72669682845497
0.169840156688592,2.04473036162554,-2.12558050971944,0.452070852820587,2.08692168023796,1.24940715874763,1.6267303421802,-2.17631464032356,-4.92911479903391,1.54398588268561
-0.453743137644053,-0.127339917094742,-0.0736362528510285,-1.55467202015863,-1.7993454307346,0.69079523592404,-2.3725478604577,3.19560811276212,3.81869792497239,-1.77761699486231
0.423174690465191,-1.19820836289289,-0.979094528567296,-0.52514252263762,-1.19395862837019,1.55110464292406,1.29224695431026,0.428914553213283,-2.05083045007868,3.44661305824024
-0.177951770347185,1.14992893269443,0.756219645045568,1.02416185819724,0.483267064966114,0.613804194997604,0.098033307600088,0.312356611184238,-1.64754494543555,1.19666385177391
0.61406835208895,-1.0280505035514,-0.00455253996958821,0.0578352563722462,-1.49690456931993,1.1245824773192,-0.381364302287407,2.5573686906551,-0.777226433630514,1.82046272344892
0.0151199727979659,-0.957924956143269,-0.271783724318658,-1.08140574414735,-2.30727443607274,0.801450526350606,-1.89430973144042,3.0865679671839,2.25056383159907,-0.184761813011928
0.118740110728367,0.574468969455561,2.50128902613114,2.26921613485449,0.251955910548373,-1.8869519546388,1.53816343716943,-1.8787575570396,1.66271234914631,-1.50413358771171
0.769573066009762,-1.79295271195676,1.03978630550975,-0.745022162431045,-0.132081434037768,-1.89984367106386,-1.36006389852047,1.94767097198338,4.20638689903714,1.21395744001935
1.35356822402983,-0.441055735948528,-2.42126171795866,-1.97422780959152,-0.164402977966531,1.45324648971519,-2.58045211919361,0.888433297063597,2.36784083785342,3.635024435717
-1.27213855659611,-0.125767122381363,-1.99104571691922,-0.491146177351884,1.85000685098958,2.02319839437479,-2.38086034307858,3.50396400051406,-0.490746267110582,-0.368694507400729
0.740813562285645,-1.25481973062628,2.22467220215284,-1.4739981686372,-4.62901687319314,-2.00598900715852,-2.42745871734611,2.36730580291427,6.98435947307926,-2.75105434525444
0.253519782616936,-1.25321611431297,-1.09841983411916,-1.67296060686273,0.0943722367802983,2.0778287639732,-0.250793824408861,3.26996708400193,-0.35754045938957,1.72906628554749
0.481898421995586,-0.554638557122095,1.16587663226132,0.313701195710828,0.386040644943781,-0.522070132300997,0.926029544774712,-0.0889006313758987,2.5201600924596,-0.752738704141698
0.848411069362673,-1.26164775901716,0.433078722022064,-1.22240704459862,-0.43463342875151,-0.504621217233532,-0.246305960269934,2.61192063418656,2.29771625522454,0.380277481309325
-1.91269179132849,0.138014563847825,-0.723854223585207,-0.375192028951134,-1.09807860875386,2.70586395323559,0.317487245341667,-0.247432920399193,-3.9913754705088,1.29379675467234
-0.216926089799353,1.54854405832798,-0.476113423009662,0.0956497677581248,1.13785938823912,2.20409661693445,0.932115190685864,0.351742568265033,-4.67540972042014,1.96653253215917
0.608410938220277,1.341680700801,-0.257041115224078,1.79450582786768,1.25668902545082,0.845644830149519,2.96681186296183,-4.49832907054687,-5.06731997095721,0.912709430034508
-1.25790055674281,1.7220819574336,1.01139976194016,1.56468187027662,-1.09523663040816,-0.970602180499471,1.67618270993855,-2.37422902936108,-3.00399563771441,-1.5484867279099
0.780207290103506,-1.28294338699811,0.731263958092091,0.866408530088643,2.00715418675684,-1.96175207091641,0.993442609044896,1.14332468654613,2.59011841183168,-0.924913887599123
0.911023406417475,-2.28137938803187,0.829147327626438,-1.5570915854263,-0.817508681397661,-0.770414351790502,-1.782901202056,3.64429174697146,6.02735508312827,-2.35177183270416
0.649564527082959,0.454682617827483,0.876597312872035,0.905390831533228,1.46319593283751,-2.21228020794556,0.657041137251604,-0.912068261623645,1.83497769875251,-2.25864321001895
-0.156001937179574,-0.0115347307539073,-0.211402317919771,-0.0840300281812348,-1.39140091400573,-0.0348668327454353,0.183882526840225,0.299266742728577,-1.21924560137704,2.34395941335754
0.167002642357013,1.03481751789384,-0.655929185310255,2.27038642626244,2.59582195304852,-0.224030821782237,4.06215980154064,-6.00749207059644,-5.12396664929727,2.56491738956787
-0.39186788930136,0.301940695362591,-0.130779305870591,2.30465850722655,2.15935007119468,-0.0380103237636217,3.83567471654667,-4.37838759744823,-5.15424251263,0.532231267006551
0.481607622304212,-1.21820419425598,1.06459510287801,-1.91385842504682,-2.43782001601284,-3.74694322952745,-1.70374733296058,0.965320378635503,8.28725025036823,-5.23998437972669
0.189635675251264,-0.195328095937447,1.12932156864714,0.516053716442952,-1.00286315032549,-0.794492200202773,-1.40473794552611,2.10433433951009,3.21763605931061,-2.85474265846979
-0.243832040397174,-1.33970888416316,1.41654606185596,-0.852595841810629,-1.87691517384454,-3.10311775249796,0.821306440101213,-3.75972186723776,4.92536343682869,-2.2956867985961
-0.287655919036227,-1.98584265800316,-0.969996695830289,-0.880813552560239,-0.0228443240938966,0.369764265118242,0.271048613292921,0.806488306813193,2.07226780685823,-2.72123665934032
0.0666157459294842,-0.60915193998734,-1.48436411922663,-0.183699499113668,0.862503529145747,0.1987252603583,-0.828178035944429,2.35749409604319,0.929443430695268,-1.06325665129484
-0.388721928156354,0.225367760404234,-0.38857819408526,-1.17954292437194,-0.869939990953003,-0.0916733388367454,0.38294437352563,-2.32607702076657,0.883249267445209,-2.48689606287252
-1.21041974408272,0.467024297006583,-0.441399333081526,1.0384696757097,2.33891913270896,-0.163864707234035,2.63189437975637,-5.27087920401895,-4.27288737794539,1.1036796047067
-1.07830110935682,2.79147418156659,0.635102367020321,0.464144441666409,1.1389755193876,-0.720183135597269,0.662467853264388,-3.01454327734958,-2.3198170079763,-2.16384764548555
-0.314534568310139,1.12127364502718,-0.0489414329441573,2.25318049544032,3.35766779256409,-0.39180247880661,1.27819778251127,-1.62148933006205,-3.45159440717161,0.0690774619840968
-0.893104337626441,-0.84232364795961,-0.847118908486353,-1.19071666458318,0.691717000212891,0.786399894267299,-1.59852144079141,1.54949786953178,1.60763187127491,0.101799073368453
0.420847865553919,0.405878916303611,0.173007486168309,-0.0762369450520988,-0.708752189716588,-1.44450689151774,-0.142986892775356,0.507627679191312,0.285845303861917,-0.976514562265465
1.56509448010451,-0.0539523389130475,-0.609384758210872,-0.730324187692871,3.04877230158722,-1.91016590200086,1.25667953133178,-5.15756069354497,2.01659949897413,0.552127085368868
0.368668222659137,0.722221248200841,-0.532061298940537,0.329937217400415,-0.572306507868509,-0.448704962519025,-1.62254191464431,-0.875431813064258,0.569380049018364,0.594817116084478
-0.339027546135308,0.273957045512688,0.186895308826161,1.15913456792539,1.99111636044209,-3.60019841234264,-1.20616355784289,-2.25177388136544,3.33771109466471,-3.09774483303707
-0.227321004447174,-1.42785733304381,-0.046431069496982,-0.529433789845605,-0.50836844972012,-0.0808236502293179,0.181319100233509,-1.21526478463453,1.11845286742594,0.0506059521724103
-1.22352916431219,1.13575674264571,-1.3597900301235,1.3752740221322,1.74985464910134,2.08985059699445,0.365859450627565,-1.40089616202888,-4.92103143007613,1.94628748948294
0.133571774797702,-0.700722553748422,1.0324196669282,0.00607716963790987,-1.20612471310661,-1.0280901925244,0.793759838366025,-0.208284977151806,1.98656454945412,-2.32200880757231
-0.0647518711218566,0.284299719341578,0.386017523193688,1.47068936826266,0.403648929267486,0.807070771377307,2.12949652311792,-0.631039075332069,-3.04702534937046,1.69923749788952
-0.871501254421841,-0.473377324627264,-0.949221319822364,1.39782198830808,2.49889970950254,1.10121036555919,-0.133405454390378,-1.23406219101109,-2.25024812090768,1.79421860392241
1.46332847460441,-0.61992017750089,-0.37279140143571,-0.536614572025837,-3.11205063643425,0.46628573117012,0.530194987140939,0.987376677911235,0.0513829186155678,0.852267173174855
-0.681673092317032,-0.132340239355754,-0.721892417161362,0.691999316891794,-3.11147580679483,2.82545637173689,0.419181822227748,2.83967698237236,-2.34934546362943,-0.432060159655013
-0.511793874320381,-0.825408301989824,-0.684582324234732,-1.74176169423447,-0.487294606613215,1.43979909340308,-1.18634995291845,3.60255785654125,1.23411777483608,1.85431308591528
-0.254624038840101,0.10630385089078,-1.27950780059309,0.53681162560911,1.84711372141265,1.47435559338831,0.379512336897912,1.61476738796204,-3.54529321203718,2.460454735621
0.392827731544493,-0.388952683457842,-0.9451758874509,-1.87041249011146,-1.10798675542528,1.3362324603314,-1.12549423993757,1.35762785501462,0.457870740916085,1.01600502747048
2.27146191872618,-0.882173864530326,-1.61550512999496,-0.99176248069216,-0.607306160061113,0.758184708436857,-1.64107362096268,-0.846994942859141,0.798433340963355,4.67321489492434
0.0445226934089071,0.313392216033135,-2.24707849035483,0.300521238550936,4.2220865272327,1.54582624668861,-0.9307943460284,0.493369398377714,-3.036978222242,2.64022717829099
0.041162494955403,-0.545886483705058,-1.87698239910167,0.264328044336448,3.25373473128657,0.571965348797429,-0.12153218897316,-0.0120739580500396,-2.42142754249296,2.36007825456901
-1.40417702514953,1.68806277403735,-2.03494002004968,1.25704041148653,2.88615409779816,2.35067021553121,2.23650958177905,-1.94847986492972,-8.21683563286878,2.62159345462654
0.435764232427621,1.01678219319397,-0.495307627264999,0.794184444871265,0.416194283298809,0.962706488122245,0.462904747506783,-0.876529933489234,-2.24489185692497,-2.23384257550608
0.532770936070049,0.0432050517801534,0.255414379954571,-1.77392604076496,-1.44268443872048,-1.51875864224629,0.333882333187675,-1.31611480926717,3.39999050023521,-0.849902851282652
-0.924527847858811,0.0291693012853366,-1.60848771217005,1.38630775936887,-0.814916370793946,0.943389867229052,0.794792751321439,0.441972176961348,-5.26207535152521,4.27957168064172
0.9529084665179,-1.22254479288401,-0.0671188090717175,-1.93326650657093,0.219183747051078,0.100827538359716,0.0234197053220311,1.11175165345187,0.822772214891673,-0.242070347282949
0.319981737394648,0.604965861068815,-0.761575344731311,0.939883162796273,2.13579682987504,-0.449458020658666,0.591877457166457,-3.34117503438683,-0.363335838728875,1.6883320296919
1.42660972471658,-0.399843777505607,0.892370253483651,-0.410479739890442,-2.83524384907941,-1.49915514949405,0.361841677750286,-3.09164988262383,3.8007469294252,-3.02612172020615
-0.0435358300246703,0.622822126348442,0.284840478335983,0.0951704503624873,0.0346185924821787,0.368164790774645,-1.64313158769487,-0.607915622389722,1.12923075642988,-0.925338975139672
-1.79425048815771,-1.22427215652732,-1.33339248183019,-1.38871152065606,-0.304915774264202,2.9268934834269,-0.971801333991972,4.02998480208262,-0.446045741762032,1.16782415598359
-0.784872873394013,1.07418373012645,-1.33576815283602,1.69789688580714,2.4424825435129,0.854017952454925,3.73932254353599,-2.57047699399746,-6.76459462567398,1.50927681833012
-1.07366932307543,1.66498193783417,-0.201691761650534,0.622265687870365,0.532222306029492,0.774687178488172,1.84042764712007,-2.00582089217535,-5.80110118016171,2.06428445555825
0.00514749325946156,-0.0867759644713994,0.224618887414659,1.95824818627126,0.598540644815543,-1.46517386072184,3.20761446187208,-3.52023643880101,-2.35107626841158,-0.378331161392537
0.898064103756668,-1.39321828238472,-0.186695206609125,-0.983834749335749,0.5548223761525,1.83203965551571,-1.82746774830362,4.08788334646719,-0.225730419368248,4.18968233679118
1.22551836827023,-0.880828467208571,-0.357150994997014,-0.570768460557198,-0.165505463779786,-2.55794320456017,-2.30334689941105,-1.3809995435277,4.6623674708221,-2.76612971835113
-0.674594825018126,1.04998166275471,-0.636348681482499,0.187710972636217,0.875945034160976,0.772172155085011,0.667008799689654,-1.9796832426914,-3.81573940007868,-0.309326144553141
-0.0631045668985077,-1.15187859407586,1.20066544422503,-1.10482241805205,-3.41604480348857,-1.96111440014778,-0.517383737221201,1.52899435456635,4.18902881604411,-2.48127755582081
1.07840656514313,-2.52849964392548,-1.52182293533817,-1.57355941313375,0.665826617099498,0.333940100119876,0.113234452190199,1.17286704806305,1.3392368562311,1.05950838195644
-0.157584265966486,0.158018084300584,-0.767856775218334,1.26723365195836,1.602736075835,1.1928936432099,1.92461589343574,-0.0102094574804164,-4.5518949710141,2.78853529092676
0.605083778558818,-0.180347097735234,1.67080093928814,-0.378607894179249,-4.26008971662892,-2.3070077706558,0.0848612034281123,-0.0468184538660817,3.99690380846731,-2.93622921895578
0.284034442155872,-0.57764720359215,-2.01000879698548,-1.24771074613293,-0.733615108890179,3.07951439458737,-0.383761045865173,3.3934803894567,-2.54388666190233,1.99772550131955
0.155500956539422,-0.313626730009069,0.557106051890557,0.151880146807748,-1.49207460046895,-1.60078302507453,0.759399747306687,-0.210658414521863,1.59590906453157,-1.63965089634047
0.544335709743009,0.374527608739007,0.424351325242135,-0.910535750834258,-1.84495570913911,-2.64938820012581,-0.822727604115357,-1.68247319657538,2.58265762309492,-1.81376132649148
-0.434640011320368,0.622053800347505,-0.464852930331132,-0.217370277583864,-0.546164354862102,-0.965773451176463,0.971645015500561,-1.99243463710823,-0.299417972897964,-0.294900020483982
0.143829566236238,1.2135895782395,1.3131964568924,-0.672628583803291,-1.34318584718378,-0.789744297345568,-2.36954152755547,1.56201103378068,3.46721606706554,-2.55902700011363
1.48988626357218,0.594152117686809,1.00749542875253,-0.716485300207355,-1.77632417366982,-2.99859412766015,-2.21680431808682,-1.24429366020743,4.56246514410308,-1.14962775565261
2.3427413087262,-2.36283045335326,-0.033715098491437,-1.58807136216631,-2.11964001037092,-2.9192647281042,-2.69570157554502,3.6928274841801,9.76965741926683,-3.8177735529214
0.279181330339311,0.371058988894751,-1.6950867013486,0.225449164259287,0.786492220184857,2.12743962378909,-1.42922735307069,0.74801001380059,-3.68211476478318,2.07464960715751
0.689731505356883,-1.44739621233165,-0.330152909535461,-2.83067525131803,-1.10828073184609,-1.57657372236101,-0.753193229879549,0.883633160466507,5.85957248420855,-3.77402480394903
-0.490346790968301,-0.0368362347819234,-1.73057841125339,-1.23455439506429,0.484901273239263,1.32550926684438,-2.28880517925539,0.711455028370899,0.883134077875805,0.60330074435408
-0.98821364810466,0.969878259205574,-1.11166961865913,1.75944943823462,1.85262546842279,1.68444043250459,1.58262023755156,-1.33845022375788,-4.00920382705906,-0.512524342684915
-0.116844302364363,-0.122817381709222,-0.977404451345859,-1.13325971280332,-1.36076203991357,-0.546372550007845,0.939232392213647,-2.24089092421983,0.227234996744017,0.837688305729458
1.45302842180387,-1.3821129612486,-0.280471718285959,-2.12808738663821,-3.40689980917748,1.83676155098102,-0.699988538972186,0.490183949594938,1.17794062603479,2.27276350574489
-0.59822890487275,-2.02792509049416,-1.15772397489306,-0.643438520776367,0.55605535269282,-0.459742398324368,1.94703494820153,0.655637885339727,-0.723473421619707,1.08416858066821
2.76448957534694,-3.31000271194613,-0.114232790186842,-3.6839591612412,-3.38094603112285,-1.14731130740435,-1.61924033117519,2.16927984244181,6.96300248744485,-1.27922963391925
0.716467946870741,0.628452523839802,0.527054732713968,-0.0264862713942541,2.2933824461459,-3.0205823978566,-0.640428679616225,-2.20663183173168,3.44567985717469,-1.70571606455535
0.883518272708818,-1.40776303927749,-0.92837267143673,-2.14046407259773,-1.45203801946979,1.4913182972058,-2.28084280111855,3.63513480381539,2.70870007029542,-0.00869490134748731
-0.879874468182018,-1.08110771581868,1.61527200713649,-1.3690084056273,-3.80082263474647,1.54220782099445,-2.66842915100788,5.564286923216,1.95651622952682,0.782532094140444
0.249535453143445,0.91262112955898,-0.413420303479966,0.908473251781205,1.78633032724351,1.22642163092646,2.03403042596117,-1.71425890575655,-4.57638056944967,1.7798358352409
1.25563022395335,0.237388259186908,1.42925816977781,0.479440830685923,-2.80375639306255,-1.50993205475508,-0.726106816806784,0.669954694494894,3.23611834401357,-0.557282285903943
1.88590509643041,-2.27336719532261,-0.0558850581294998,-2.03694910489967,-0.329625982241088,-0.596556654452418,-1.49126242935975,2.72624778264445,5.2951424412937,1.03061607964019
0.609673933447426,-1.31320903934505,0.334665370187091,-1.80887850594047,-2.70558722144079,-0.826948627163805,0.208308021840937,0.941125093533507,4.87505759015197,-2.19861846653128
0.798112719529181,0.580126540106189,-0.414997055686241,-0.910681805088364,1.10678392866934,0.758888635386642,-1.55802946359978,-0.120623635401922,1.81396378366497,0.306452906503464
-1.38113185442993,1.36424299618262,-0.233142239133215,1.58570257826615,0.266365094583386,0.938115278709395,1.01259392557618,-1.68948985931294,-3.20100666951998,0.311392909071735
-0.0961455036026943,1.24396977997986,-1.99986162236729,1.31034218077586,1.95917163510271,1.88581578459985,0.934093140101472,-2.59432633454147,-6.21832203124269,4.2313717255954
-0.0762702231987012,0.123166956357162,-0.51465137540874,1.20746333575901,1.28136389327879,0.93649112797498,2.04709347339565,-0.699526411929669,-3.49059590501572,3.12198135974039
0.747815477205637,0.679043948071764,0.24318109259279,0.257877684641978,-1.27049017989813,1.01814591024342,2.03463436740252,-1.22314029891575,-2.28516328879901,0.35430845246625
0.663385433414834,-2.5384516879852,-1.25078674691231,-3.09842666069893,-2.8650266343352,0.599553054361085,-2.01689881544232,2.82134017044887,4.68499513580579,-1.39631033955445
-0.285725440532181,-0.884633347241657,2.12020430626067,-2.13078804451243,-3.17857488867502,-3.47691966093055,-0.637131128207502,0.730650814489054,7.88805321620695,-5.30232726954002
0.587754628207028,0.390734356664982,-1.66744922510896,0.177127419638158,2.42226913816323,0.821197933001423,0.948854012816825,-3.72224216488037,-4.127193781544,1.33523085828548
-0.298756578321155,1.05983324825415,1.74396757647248,2.76197161056353,-0.403194972292833,-2.14365412087231,2.09029528372039,-3.15233820383889,0.133162075355112,-2.88425066743546
-0.229934246973527,-0.515391346146098,-1.06474925244222,-2.06018972727644,-1.11118344496863,0.328725798566925,0.666563275293336,-0.803219618992668,-1.90249726682259,0.916184767640118
0.286557922956116,1.50044176097847,0.140389852393437,2.26256235110621,0.132976959744613,-1.49350249098591,1.05521270696493,-1.98999994432693,-3.0615030050551,1.51546115809121
0.541914485364699,0.483749384556141,0.997528732154471,1.92378259324309,0.898683557997868,-2.6092083647716,1.06875986523425,-3.01866073220145,3.11952397721814,-1.70789585533851
-1.8417810365614,0.545463312105796,-0.0703444051911694,2.20650222584321,1.48817796139148,1.35215647708686,0.959567975292873,0.17695062386564,-3.26495680763801,1.45881103979008
0.250113417329404,0.0891840640314699,-0.768240756407538,-0.491049255729315,0.700862769923186,-0.537302628468438,0.680937140942667,0.124183663905009,0.953121351381975,-1.34196694945569
0.0502858783687902,-0.817007948724955,0.476650009857629,-1.57374024643162,-2.63507676140806,0.807174672407881,-1.09876996356163,1.53410600337892,2.21372485787981,0.096246019838636
-2.12184670920764,1.54929674753921,-0.453402417198122,1.22447930965628,0.995471316857875,-0.305798664403319,1.11777204032732,-1.64827457150719,-3.73084236700863,-1.15016288491853
0.686642272876626,-1.44265231752358,0.41922815267554,-1.18909403817845,-1.60934487766153,-0.194637820205314,-1.41879285676113,2.26795330033435,2.18694790693096,2.75116154476763
0.704599613620629,-1.810552144726,-1.75237495832964,-0.695863311710802,0.577800677431001,1.75935776343126,-1.3078276465964,1.57718769806236,-0.794587097711344,1.84906987069963
0.917559077772508,0.602845225931523,3.07696168424563,1.75746936505232,-1.40958906359972,-4.45226570517883,1.34751824377125,-2.6817596775705,4.0443486383595,-3.6914348102315
-0.340103873454641,1.80531210268628,1.63254564059667,1.78930506643103,-1.67848062945128,-2.59380143521419,2.44367702958744,-3.92495958133441,-0.382116159401826,-0.708901494126381
-0.303244795488463,-0.831092168867118,0.055134909881655,1.00028057723788,1.21433725807191,0.744857795424778,1.04208046133994,1.32831006286979,-1.44951587947436,-0.0414597809767419
-0.728693949637277,2.14196764185212,-1.40487950329447,2.73907982438977,4.92057188769284,0.972074122590081,1.45043367761256,-3.82716805161081,-6.00647733693836,2.33493688426586
0.0346701508499441,0.184692423475877,-0.0362684427845178,0.90278325965999,0.2143924036525,0.108365518682064,1.0287694415504,-0.225828678086985,0.561674334870169,-1.52185159654955
-0.278173388812907,-0.501797274234139,2.25610956370506,-0.054335376303765,-3.06286153868403,-1.04152666768319,-0.278623076606737,2.43904448891377,3.36010890081313,-0.150172322089901
-0.44294010306568,-0.833265238101856,-0.306424645233959,0.482014442685199,2.61014998010259,0.109211822941312,1.22920046682668,0.875763552229044,-2.0439685235643,-0.0645629097716556
0.152768605844294,-0.392391868570096,0.623966319402287,0.530977317736688,-0.709657535652168,-0.679957040636681,-1.08672852481475,1.33743854865762,1.61005829697583,0.897915860199666
-0.12324433326742,-1.03225962383791,-0.497902522511713,-1.64705243236235,-0.030852211211888,1.32056049268165,-1.82678704473908,3.86896129574682,1.3374353711139,0.477445484190301
0.113366428787299,-0.0895232081436456,-0.148746734473012,-0.079069356451704,-3.15650476789976,0.800898059494024,-0.0407899441460592,1.58701795464124,0.207425794159618,-0.41678208875641
-1.94803167137329,0.875211837108532,-0.0410612024295318,1.8423631008692,2.64181479452105,1.12532040532555,-0.240421861794132,-0.211110649419263,-3.65670107760844,1.59726301219196
1.74697315546974,0.890435014877836,-0.320579588960366,-0.82336419521409,1.04530620181821,-1.22650285902446,-0.0274323606862968,-0.962389983014246,2.79121404448764,-1.56115480736726
1.61932937329705,-1.36635425596268,0.664976450400477,-1.51913626003007,-1.35526698649005,-2.08188021522186,-0.71761934266152,0.879247589733932,5.25799415168265,-2.21329525501616
0.185675324589286,0.959849135125484,-1.54990173550207,1.13238726940175,0.647465220206518,-0.109409585904291,1.48631271051184,-3.01255262917776,-5.66229801819796,3.18312342991241
-0.128479653175525,0.55381779543212,-1.02649502029754,-0.67604096424292,-1.10564805386202,1.80437892927577,-1.4624650176505,0.5797088026822,-1.65690322514054,2.17589952625117
-0.316165723137359,-0.30973920800067,-1.99243488193972,-1.72583406385333,2.15194189311675,0.921003863707437,-1.40080964014248,0.325007832438165,-0.206791940127223,0.865011182383972
1.62620130057619,-1.10399299094662,-2.20084148357178,0.0799988778491214,1.08061895109866,2.11051473743246,-0.375445763335587,-0.463762248296705,-3.46877857625864,7.02326895168749
-0.696326209497127,0.845732183820112,0.0487270975219936,0.684348423006801,1.01939312634126,-0.241504303854665,-1.37456258949305,1.07126244727359,3.23523074139385,-2.61949874379089
-0.621415662580427,-0.936257390068417,1.85259820779057,-1.87833842815302,-4.42859923911992,-1.53090814843404,-2.21536331830498,2.43066572624596,6.8778761232835,-2.86850362030244
0.380732641972976,0.963374565263261,0.0346695623903673,0.325142024189818,2.48624881071845,-0.696615445356248,0.544835487112744,-0.122838199351726,-1.41865423012075,0.503020699110566
-0.31562129425151,0.3795425685044,-0.871648512544089,2.23851256054697,3.17353214724326,2.25736712327155,3.55639339276402,-0.448192691178564,-5.53519615442838,1.33249742449599
0.523637919219086,-1.81931109491124,-0.793855300962227,-0.0957186717965892,1.22612704798832,1.55440697397383,0.775654682368804,-1.49281066249936,-1.42539361493843,4.23499034342624
-0.114394319335734,1.97441921322401,-0.291459280647508,2.96076244506659,3.96153305285328,1.91339321410408,2.53518427143454,-1.91088095669677,-6.91323110743307,2.41615216720712
0.389158541770292,1.43905733640375,-0.325427585217624,0.493480365387568,0.426288780940397,-1.29477631476968,1.59729363691595,-4.91087903543419,0.154829875944778,-2.00096207747049
-2.07261465950592,1.2352371733992,1.56036530700303,0.0603228788279073,0.313072303081878,-0.497344073175651,-0.995677172795085,-0.658573887392357,1.01687064813237,-2.92357188806944
1.01452323246107,0.151615339643272,-0.236055928476457,-1.20680777624119,-2.22502532180326,-1.94190035039195,-4.05976997517799,-0.11213424789381,5.718690887619,-0.27851722237082
-1.5326049396633,2.61556913389611,0.487879987448591,2.44942063924914,2.13046927015085,3.26252612191867,1.58831642117132,0.514447975882009,-7.02913700850747,0.901541887780201
0.159554698803477,1.61950550355674,1.55522718188485,1.72634898697088,-0.0696381341817191,-2.37980735915511,1.42601994442724,-3.13369247024692,0.631727249866212,-3.30451652905523
1.82140642928834,-1.74320570222579,-1.54971598050747,0.100873344070693,1.37864032554418,-1.3188301637548,1.38398614684641,-1.63375916476984,1.21739871957289,2.52632768774089
0.350548255310153,-2.78139602138796,-1.74927084501623,-1.19289580268102,0.910862166096041,2.22334794779968,-0.943300766886519,4.83260305721887,-0.489971761522828,2.78734932491002
-0.149005957395645,2.81660056061318,1.21119971942544,3.11516518149928,2.11689286883397,-0.662874895707717,2.14818873774181,-3.03564196708593,-3.64403692860617,-0.98794041842742
1.29614725860406,-0.866259434213573,-1.52567913500764,-2.00532493117481,-1.83781886301668,0.239335302846072,-3.8355050895974,2.93816774030946,3.51169135686997,1.41745997788473
0.574062935736083,-0.0399015058065618,-0.983303049192475,-0.853112183865947,-0.499617396631271,1.71145196547406,0.270964402326053,0.178755383019881,-2.23828014517091,3.31486033654919
-0.613206687650272,0.561227641915135,0.913884551622589,1.23058797481641,-1.15934369005576,-1.48485147012365,-0.0743765824337944,-1.34950434349236,-0.288552205211409,-1.20719405519544
-0.0336024776459094,0.0325849237030624,0.0766448892533839,-0.625744323782742,-0.507003559900614,0.663797180725268,-0.778374809389298,1.17170027459051,-0.169951797872113,1.84275566762473
0.325180442563323,-0.825922139549185,-0.417446434929608,-1.36489744244246,0.297591898784143,-0.173618140968173,0.121682324764223,0.532249246372683,2.03137418719728,-0.746082767310275
-1.95404064325683,3.40946342254531,-0.248871259416855,2.15078968632492,0.427326804493716,1.8257810500957,1.25074138828218,-2.12512585501182,-6.29617325214581,0.579739385032807
0.0321951239283933,1.86385433688427,0.719752259662129,-0.182158975544529,-0.8237011527393,-1.42106266062392,-0.311742635787441,-1.88275885570946,1.64510101289026,-1.03448900998284
-1.82989869798413,2.89532707480031,1.715802948967,1.9668252387057,-0.311837848850295,0.584369036122169,1.27179281938074,-1.81652076422828,-4.61850342531365,0.872332907305662
-0.955920440276284,2.16747108641857,-1.31390607779738,2.53880143609636,4.17183786055956,2.34245326354117,3.10592946578518,-2.00269453234662,-9.38249420102168,4.24137990503259
-0.705993957817804,-0.291336585286993,-0.0602786171527085,0.459487605548409,0.743620149619726,0.413106317373474,1.87804980595602,-2.22595199344052,-2.47968103488853,0.233358012941179
0.101585930074478,-2.0944641226278,0.933822787747103,-3.15900452233483,-3.72978036219561,-1.69953368123805,-3.08385615687667,2.15213946991504,7.98916110414077,-3.23333385253802
0.0558211048564241,-0.070622018965033,0.118871045442349,-0.338439411178869,0.57535239169055,-0.209558545089823,-0.155530700392779,-0.746591112571354,0.785458261954082,-1.91111466623685
0.700020851946504,0.0222315782301243,-0.807976571380189,0.465161372991488,-1.25690572171306,0.725680833414982,0.369348076729155,0.925942034480544,-1.63952393217535,3.41972800791954
0.507886991613374,-0.183661229313851,0.0818900730197359,0.2368016370812,0.492936184933837,-0.237564396349972,0.00238637578150391,0.0934354551933074,1.38296257215648,-1.16462460483466
-1.0962399723902,0.462241198022836,-0.249090324757353,-1.19315799463867,-0.162211249247788,3.42743884860742,-1.40212047786932,4.56972164847002,-3.18063845353526,0.986380381247385
0.911081198034174,-0.858028930025467,0.234877207562463,0.533143621469684,-0.655622241319293,-0.11371777319251,-0.259611987129807,-0.176346587059303,2.45792259779136,1.46378772730187
-0.135022025707244,1.88485840171348,-0.694184064764438,0.9029225687986,1.70790628574019,-0.00870049216457276,0.141695198012352,-1.58082631810501,-1.89691800677375,0.207280324136926
0.0285032949213096,1.2342803653167,-0.92515123134903,0.974669707812283,0.928361162506733,-0.0632158352239093,-0.237530969066069,-1.82651338094352,-2.08797977586521,0.643260310335266
-0.238517763966726,-0.141706034631356,2.03818699756062,-0.150526479377753,-1.59054667134302,-0.941851905935306,0.400082725943492,-1.2309479234703,1.80087704799852,-1.9137088227948
-1.62380723651321,1.7787040444356,0.204159310952806,1.14669600101262,1.9200366364792,0.495652420885246,1.31973476428497,-2.36612429394638,-4.13766517073043,-0.880257103663558
-0.266505710310484,-1.51935953446133,-2.13093222321244,0.0609872595208577,2.8653809951258,1.39276444475905,2.20310969128171,0.375816616147295,-1.20141285404376,1.25287882464837
0.316929625443003,0.209736874399861,-1.18117154120043,-0.287023441274679,0.201200634627397,0.144695030769896,-0.503730727579351,-1.84778033724704,1.05603096357492,-1.01059205413023
0.0169541818183612,0.445094558145405,-0.758348310124015,-0.138029731956688,-0.377269996745034,0.252628331691455,-1.34966115390399,0.455530445689577,-0.486903037649085,1.68995437166709
-0.71613201158731,0.129098402752642,0.357378163595545,-0.437679258635074,-1.5212295186339,-0.0709323055289862,0.627591262228116,-0.575509829171508,-1.22019624747782,-1.78456799002465
-0.341398270955188,-0.738930561689246,0.350558460001539,-0.615814786007162,-0.137178139400903,1.20548114058386,-0.732728933539989,1.13260110414516,3.0055532237848,-2.8420358310764
0.854973366478022,1.33160592754556,-0.936800258666358,0.590114352087412,3.28002698709581,-1.12608071517322,-0.308908774171525,-4.03223056257024,1.00667890134467,-1.68450734926929
1.01654685270378,1.01834325144594,0.846531598531333,0.964379174274953,-1.01110603099769,-0.386886675787859,0.222483379912019,-0.0394525475003514,0.847707327737971,-3.02479834921214
1.28536075337765,-0.602157968719916,0.781594704805903,-0.824636047618675,-1.17080560498344,-3.0505047715329,-0.75769353602409,-2.61052364248359,5.92744164161761,-2.04177660807086
0.299478980585598,-0.396876848181517,-2.01561845255942,-1.29004619124604,-0.885621808648117,1.59284646993802,-0.28443372026826,0.0831297499570674,-2.48803584240499,1.32136124101702
-1.145547270163,1.29248001740827,0.750488114643151,-0.195971124434611,0.86049041319878,0.723267524605347,0.0873474039655311,-0.608134279000438,-1.68271762627174,0.516549401725012
0.865255776806096,-0.900793000687631,-0.347713170212451,-1.30953092766791,0.26926663974303,0.0747772237845255,-0.666772192015665,-1.27208142950748,1.8995575416867,0.608906607535825
-0.63047787597405,0.686661509301985,1.3197292271279,1.11317373148808,-1.86507007542199,-0.61108999124121,0.986925990433824,-0.98740415402503,-1.96920305637884,0.966320948479863
-1.39430255480224,0.98940494623123,-3.08334370045087,0.463874137434557,1.56185531755862,3.0087122206916,3.12122706485362,-2.14344860191847,-7.54614168943787,2.20843220050651
-0.31172310032073,0.316103359781003,-0.815376739022873,1.44250784556367,2.27161464055689,1.11488938482748,1.30180495952777,-0.509688178418846,-3.92030862715466,3.53136170920189
0.519327184166901,-0.133340807719576,0.663591790768202,-0.271415516981058,0.0984269332622174,-0.617899300847209,-0.464665481841982,-0.871695113167337,3.4161056078573,-1.54976890782765
-0.125020729708503,-1.55612873353827,0.125853711534655,-0.831525880263391,-0.101577606619488,-0.0396326523124641,-1.1958659736591,1.48503326828288,2.26515631234983,-1.9696293071175
0.305325836985988,-0.0470507078041911,0.597689220681681,1.16948197687556,-0.166361619449105,-1.28275170856701,2.22121200809929,-2.63211560776038,0.436640992075428,-2.68017207712541
2.42652853802248,-1.60479852323364,-1.28820592151458,-2.41955227694013,1.53159980095069,0.76917315609119,-2.16822506017976,2.3568312453046,3.45985170552462,2.44242704033336
0.676353640382132,-0.2481586367506,0.626090954600127,0.215026293743881,0.412631380723267,-0.843469848657074,0.870148313062478,-0.100249261895973,1.63828500696248,-1.58058462643854
-0.0905895964715511,1.04143393249248,0.228209162586666,1.06717470810216,-0.350606997567254,-1.63983149108901,0.541917658503795,-3.37996268336232,0.214987348589091,-1.52398852732424
-0.258572045639977,2.90113138759131,-2.10329877267907,2.68300353555612,4.25424078500984,3.71735288728966,1.77835150222687,-3.17107170129316,-10.2378563661195,6.07836332513507
0.153786195753996,0.00982850569080405,0.0277642967197922,1.98385925588503,2.29308670818274,-1.37894293390508,1.21657270108267,-2.75190813550632,-0.850509450022648,0.528209708670214
-0.0336693952220676,-0.617205170972401,-0.471680607031432,-0.104523201130765,1.20271006562873,0.56147709479664,1.2853726973058,1.11915537986994,-2.18248457693382,0.360599312787059
0.828402218662967,-1.02953979165779,-0.241845785059029,-1.13759363505443,-1.97254573017044,-2.13826151403296,-2.52029801153479,2.64444734124237,4.49578302617642,-3.38084483975245
1.23809755785958,-0.744300353635169,0.327175229208009,-1.86240961371655,-2.81445368846285,-1.26849185056542,-1.46111720555152,1.49986083082098,2.59765173196195,-1.48128691226598
-1.42475736951722,1.22187263673998,-0.226714228823161,0.318299083184432,-1.9838947000361,2.15097738452881,-0.471441793524181,0.243692148738147,-2.87237863816859,0.512780551320781
-0.0698380749463986,0.932631569857884,-2.56970938812233,-0.676457339101752,2.20897111433967,0.409089407179486,-2.33247123434697,-0.35792320001286,-1.06497974495974,0.700757044430623
-0.139689223789413,0.0303809641119315,0.391305848013207,-1.01489096092128,-1.36416781017298,-1.12951174524216,-1.94861026463601,0.529981849276136,2.57918343049911,-0.352221088085231
-1.70124578929832,0.705164015370794,-2.36293163007067,0.810450761588199,4.27429018842092,1.18657544249331,0.19482910381816,-0.854033488057992,-6.25135310847119,2.44677700270507
-0.274515891666599,0.881806183888553,-0.161177932187819,1.50901945412895,1.86773966071132,0.0747076455829929,0.898860656197604,-1.9932337934131,-1.70686057277287,-0.330618293929752
0.89373488883528,1.60108703772805,-0.0744430471005135,1.59616714045125,1.3165997645565,1.61907082411595,0.818045685864204,-0.536252018511047,-2.5760979902017,1.61214622036315
-0.955519121987682,-0.948280935803783,0.882634508043365,0.391297473930982,-1.04286662127859,-2.42332833210995,0.510509096387036,-0.324152921161152,1.90887765872861,-1.40090895268069
0.421452603494885,-1.02006743139033,0.475515755412155,0.227870642687828,-2.48295594069564,-0.208929519501337,-0.411336339458205,0.278833216733147,0.93588346609724,1.67635130700588
0.933647194870042,-0.77490452388408,-1.31386478462873,0.0682702758772351,-1.06559959905665,0.213323038008863,-1.9099987352335,-0.234222131047837,1.1408576457492,0.0254159348735355
0.194622392527709,0.577388730033271,-1.46030509256237,0.21787710603624,3.00606458334144,0.68108153310449,-0.747665574781741,-1.11772367319736,-0.069665213459473,-0.490572424059657
0.234252900135255,-0.318870334287973,0.352257430985434,-0.224946806578732,-1.01828436702372,1.16142061552132,0.462521003905714,3.1951394155191,-0.522942799962765,0.343438363415888
1.65299164311388,-1.17556726201829,-2.71673310934789,-2.92895358926824,1.04475121245489,-0.0796159719520057,-2.593513166443,0.0665259380198969,4.24944680182123,1.05742967653357
0.751764891545563,0.686788964348284,0.000659946746654416,1.76447014930605,1.92196595631748,-0.279727496472152,0.72163646973725,1.06335419209694,-2.05708342011427,1.39940222139725
-0.345081537087587,-1.3513521127588,-0.942349874692022,-0.46957133140314,0.342737365662854,1.24992042671505,-0.637814505326169,1.33893749196156,-0.824800447578861,1.1851269833622
1.25905481237141,-1.23571494148564,-1.2920165933273,0.379920123866448,0.263950082296637,-3.73200867637359,1.0494219413162,-3.83062778571805,3.84094042266698,-0.971700770923318
-0.135966592743709,-0.769779901465888,1.41012966377303,0.00170562240700575,-0.979764345804328,-2.32495701801439,-0.156090685560696,-0.530875318260907,5.94269743672284,-4.05628312201607
-0.134390304868637,-1.39322557942575,-0.938928340663188,0.423900449909939,1.38693670904097,0.427356555361384,1.49703418203752,-2.4893357511183,-2.61884352926439,0.239992654155793
-0.423693502310828,-1.5255019882029,1.24835722362427,-2.67493065210766,-3.96242802249617,-0.961612585163104,-3.9763415320666,5.38487776809527,7.01171773274952,-2.85132874632302
0.168376723427153,-1.04926975454173,0.600799695243156,-0.230431236070285,-1.91115554494421,0.106720977380992,0.431276159055951,2.03908475412065,1.00433226325798,-0.079685033861028
0.583102004472429,-0.516963535423389,-1.91434469130151,-0.542752005913299,1.32413272113115,1.79030408939534,-0.224386755493698,-0.277884647625549,-1.84235036684343,1.84302600737831
1.02577035021154,-0.853585234433362,2.69449557482011,-0.669157144439082,-0.932000348284251,-4.26976144147785,0.611407007649051,-1.24519297160255,7.04650022184579,-6.07210081946934
0.709393507061538,-0.199798530414372,-1.61058124529815,-0.591212135010918,0.907489727928002,-0.627872350636405,-1.34537671911194,-0.255349831204776,2.21717814092707,0.649111051838713
-0.238098576681518,-1.09634218852759,1.03087694627633,-1.19980991411629,-0.996655438132806,1.1139864219071,-0.611573263102044,4.15950649285889,1.86554712690033,-0.578146800041425
0.604579495708174,1.41990351949958,1.51596780381464,3.2961087161898,0.272039060463712,-1.83926520908141,2.53305462570926,-5.79211588946193,-0.323345046958607,-1.63570392924225
0.569630389711085,1.52273445071006,-1.14626753656697,0.524034057989746,2.93734061477417,0.456438138066796,-0.423120729339167,0.0454900844796589,-0.930123457567955,-0.266425529814094
0.209556387176075,-0.792883736660142,0.34973994534966,0.12077070161083,-0.49705084866282,-1.94652677004401,-0.10096708470283,0.0474093291572321,1.28676447851525,-1.6029323452481
-0.327078968411396,-1.06285548524515,-0.268110178962005,0.267896990271558,-0.165450032114839,0.899403550411442,0.940460224933448,-0.0873162050430697,-1.83439318734658,2.95326622622372
-0.205458780741362,1.09382811239423,-0.395246313251417,2.46117503509994,1.67266372293808,-0.0257597605771938,2.28160203753479,-3.03847367363988,-3.53162913771382,-0.590769643310705
0.278089064348153,2.03510996295591,-0.489726990276551,1.3421056409631,1.3359684979599,1.9544893250971,0.846284842409075,-2.090819467473,-3.23115862251254,1.4931752565634
-0.103674089085933,2.85421152268917,-2.14463952970331,2.85392928411375,6.7137082344756,2.82488504254481,2.84805590559061,-5.33034907274606,-8.73811580509493,2.95898626079015
0.346641216503837,0.0836148240501313,1.48529711066414,0.812063925709271,-0.866584237682245,-1.71146843666085,-0.278816323382419,0.252163951971802,3.05384930247487,-2.50676481969085
-0.613373786271172,0.221249005754046,-0.901058523352254,2.05742105845097,3.81200324510893,0.288779970674656,1.9988983078728,-0.852096714938725,-3.68862834441832,0.747930108279661
0.944923376671165,-1.44833450237674,-0.0215181938103308,0.355336819541284,-0.112034617146672,1.03254031887874,0.563637753220262,1.97574048579094,-1.17003511307485,1.17184211847928
0.481245449564636,-0.694046719603878,-0.163139816282039,-1.61812152060146,-0.882811024619438,0.246471835887823,-2.8479945716305,3.58793503564086,4.72888764270745,-2.79846406252036
0.35086157108537,0.485331075468996,-0.935287068331848,0.68084074501749,0.639652855220818,-0.687682752152017,-1.03864308593489,0.591947083493714,0.727144218483725,-0.6408044036964
0.654345979850342,-1.43669085043467,0.687234727230702,-2.99820868268446,-3.04047472778593,0.327363705321186,-3.23101219724958,4.69141087297202,8.01096524530635,-3.59601661034698
-0.380357066794358,-0.493363539475615,0.476753528484955,-2.01975107019957,-2.26017172569808,0.681180392908711,-2.85319390696257,4.24013831921212,4.23184390496624,-2.84057512795529
-0.997193968563929,-1.07165448318158,1.18381693175711,-1.16131460554193,-2.50874941848828,0.382302260034789,-1.52470681752683,5.10412059697637,1.96311564029996,0.610039502456839
0.864008288649979,-0.00746139952337987,-0.119794755543958,1.04983095539104,1.63215981046804,1.90928314136907,-1.27392934771354,1.03778120318391,-0.499594963131065,2.287725020618
-1.12240040069364,-0.170143118768546,-0.509886804957143,-0.968134773571156,-1.56118660851888,0.864607871584683,-0.660512570576168,1.30287815505742,-0.470624146465053,-1.73107138291712
0.419498389698632,0.308172940368169,-0.387391171031916,-0.48868660596047,-0.30327126462227,-0.624371134894268,0.623161979040404,-0.341308006423174,1.01480871303247,-0.0249262761188046
-0.119254598514973,1.25000011495413,-0.172928348751797,-0.521614602991228,-0.0757961889608503,0.143428462454807,-1.64692541641852,0.735649409976905,0.51579505427774,-1.07226923137808
-0.796614170243497,1.19672296916513,0.820228324676981,1.03707462544952,0.270631667431312,-0.472622356107445,0.594505987368086,-0.841269549459516,-0.0259031975352216,-2.27141245033875
-1.79324219111886,0.275938787187841,-0.0388228175203675,0.289442629611047,0.629024841057557,0.000938560613455666,0.437483003050158,-0.41269298762367,-1.0530130273469,-2.87210800746687
-0.420259772463068,0.794606961733094,1.09267153794389,0.511333291413677,1.0526429142318,-0.247631422778683,-0.832741277998977,0.811558860711452,-0.109721598238349,0.277105334579127
1.20046701160408,-1.05383980044922,1.49358055806263,-2.64990968734288,-1.67551307209232,-3.07261427772002,-3.63445407311531,0.0960373399319064,8.32613688132275,-2.92962595485355
0.631709531666742,0.492204024802952,-0.85322013681669,1.77955250729656,0.861556593961928,0.795470166465615,0.556074630895338,-1.29416452166011,-2.85561640207097,0.317995335843664
-0.518433577443899,-1.18161956982004,0.696097339112401,-1.14116309338764,-0.756749221694467,-1.26210856801245,-0.540036596858754,-1.94802302743256,3.61941054552619,-1.83235149072931
0.747304289090433,-0.183942973159307,1.12934854493995,1.9459564695767,0.0095332784489456,-2.19486370241818,2.54827757007233,-1.04287799844292,-0.783811760130068,-0.0180753565929122
-0.558921544592583,0.221574566895473,0.772746249486835,-0.475273338866849,-1.49815345494388,-1.09927130573471,-1.08409635958959,-1.96005754399872,1.80290523343033,-2.41396942394138
0.396058527076711,1.22785393780592,-1.17156110217605,1.0810598731459,1.13586324245038,0.332139218108763,1.73090329629357,-5.45993349118424,-2.33968798759495,-0.497445966991413
-0.711118400289424,-0.258501414037417,-0.469585029128447,-0.422990092694336,-0.155199739031051,1.14468298310041,0.883451676364025,0.549016751812502,-1.4828036119845,0.910304864677682
-0.462155515906354,1.95911298173205,-0.43769299961106,2.59751320095984,3.96878117947778,1.30239540558116,1.56170607767114,-2.1017477700784,-6.33028135910271,2.00830586972762
-1.41900930660332,1.65521376804888,-0.192643721976986,0.549531736971086,0.0616359091375283,1.12189005678049,-1.43730574596984,0.622070597539905,-1.58952857635639,-0.578741277558825
-0.804335201524168,1.79696867601479,-0.603053078742428,1.5673427825501,1.19787309705556,2.06072466776636,1.47377122138296,-2.41358584862085,-6.86025399279298,1.10200608023359
-1.56308896459694,0.859277729979326,2.15981146294256,2.21538467724337,-0.0475249858542824,-1.17652205300447,2.45349096334956,-1.62788786741896,-2.6560610866338,-2.71629097806938
-0.785159287951622,1.38987071272108,1.41984163366288,0.115997530081299,-1.32843804258516,-3.87925115000023,-0.527846658583638,-2.46373592977343,3.04012395881454,-4.79928335156473
1.88060972461471,0.968529077214992,-0.481053866680396,-0.585041134320413,-1.50833952950213,-1.9914536099832,-2.76535797826335,0.477174207588296,4.59856022782797,-2.09100553958849
-0.0948009853246,0.881077500854935,-0.397593321342761,-0.509798786000379,-0.619375639977357,1.24904287532242,-0.570848345091196,1.50598334956589,-1.06324878212064,1.09823867013006
-1.36401429317497,0.315706761145747,0.20793194354277,0.353242732523271,-0.976255265024821,-0.288474202790413,0.78591379177261,-0.606537646418369,-0.452403794494787,-2.3228747082622
0.167252131032147,-1.17687249143842,0.400542086180352,-1.88352081591511,-4.51683897632386,-2.38083350542779,-0.827935721375669,1.64410465004868,4.81985002766618,-2.89441486385975
0.749502875993672,-1.42678045353596,-0.18173549232829,-2.2899018926417,-1.2743305127627,-1.62329175090716,-1.09920155888235,2.60453230448589,4.18972436451075,-0.403501377945867
-0.321782623841847,-1.30137508044287,2.05646614483876,-1.16930837924466,-3.15818151369502,-0.829346176362332,-0.308841636899083,3.61541027420158,5.55503490980461,-4.19549553112906
0.203111306267978,0.130973366663625,0.367893345794995,-0.292678376707634,0.876778493505723,-1.22471859444856,-1.2079632312806,0.448447175268398,2.75440918964564,-3.30069801006156
0.395018764871238,-0.55210250963265,0.252171414390146,-1.86466071233957,-3.20539425568655,2.04949130802756,-1.58006581033575,3.28152372422846,2.11131986005968,0.833909527645645
0.275285847142849,0.383120142783701,0.224101407992359,0.496334079637702,0.157567472281562,-0.861013622196646,-0.911352707046045,0.119215153999143,1.50947330911707,0.397666718591171
1.89423180140923,-2.12570795785799,-0.879687801849119,-2.03906922095198,-2.18863323755828,0.478726480756768,-1.22025808618125,2.05972879324246,1.96791268286128,2.79703409107887
0.141631179721109,-0.557646681706971,-1.27523050363397,-1.9692551456258,0.70478622844812,1.30547073500408,-2.06439102421325,1.55154327402581,1.99408178086288,-0.622675710128779
-0.630480478073076,-1.0894359570059,-0.244624874611481,0.134310026112878,0.56763183756286,-0.200860560123779,-0.218913472043804,2.27339718450327,-0.554982048649829,-0.101722913347444
0.604718071845228,-0.970629467545369,0.782536502755581,0.530838343959672,1.03594844631938,-2.65741378551584,1.23521253035477,-1.0019415264669,1.76316000567256,-0.10610256911654
1.25951143645426,0.217561382799377,-2.3332272120174,-1.19338694693513,1.28366962805682,1.19807266696869,-1.28941144510959,-0.518235902732226,0.46925379911863,3.40460224765207
-1.78955630897698,1.81441158735183,0.531637464743085,0.692883861015852,-0.0423936416103164,0.0447143328464733,0.531452168315111,-1.75385417017324,-3.50379317329151,1.41966085970794
-0.65885026631,-0.83082514499522,1.85502155119824,-1.11635701545747,-0.981376699282532,-0.140237575645167,-0.393227945141259,3.26676645741987,2.9662909463859,-0.884660376372226
-0.344988889129617,1.37694955931354,-0.735238104412687,1.28436865156135,2.02323768682426,1.19640917583439,0.536348162342592,-0.961653710973747,-2.24135433493229,-0.981354698471001
-0.0544532978253702,-1.13775243306584,-1.66795112882472,-0.552095501435741,0.338695114502389,1.75795036346959,-1.10091480396194,1.57137839683633,-0.888923603715128,1.79518391965517
-0.391911716868619,1.29469855221138,0.017601580925899,1.49788541492886,2.8813599101897,-0.34245155030748,1.83928850369694,-4.07523186400834,-3.73628168621695,1.01990406922558
-0.783962170320206,0.0845238898608409,0.232871856395558,-0.504543166573816,0.465533380870959,-0.457813639877349,-1.16264014336457,1.95926952917437,2.38729869052955,-2.45945892103062
-0.893879754255489,-1.2128304066315,-0.444283565933576,-0.678127179375926,-0.281911532943021,0.0961763326475447,-0.106029307678753,0.718923854342268,0.339229016480273,0.83668869027989
-0.000523524764368365,-0.71499714422703,0.636677239604059,-0.487372487487102,-0.454636817941929,-0.217317004767726,-0.713438300937668,1.95007173240106,1.6831813248627,-0.504004444236731
-0.0616182380181914,0.599956520066872,-0.162131887628292,1.09975958414032,2.40346661761228,-0.0732739899804215,2.79562474818784,-1.78815383998481,-4.60788879019241,2.18804369528956
-0.269076178127215,-0.520003825414267,-0.0442513599523749,-1.5987711438546,-1.77315576252109,-0.0320362875306394,-1.21035084747172,-0.311789295928443,2.40989353673817,0.183008854904658
0.140288887334912,-1.59709488967145,1.40647186641243,-3.1673018522225,-4.5210547272284,0.0632181017375526,-1.53976281722195,3.58326460214265,6.63332881105182,-2.97777129964894
-0.688687604135269,0.566129248578128,0.459913300717056,1.77145657921857,1.03833581476799,0.552904935164361,0.363789562492341,-0.664320814810125,-3.29638755831285,2.3145606606997
0.0655547729985446,-0.444281263432966,1.00052811487195,-0.849975809285599,-1.06612302940073,-1.21409887589507,0.318816838788261,0.368428344465225,3.14602460732262,-1.91846399922573
0.91715849647807,-2.02361155754841,1.39706112130112,-3.0399180396025,-3.20717990666225,-0.641691482361683,-3.82134050833768,4.73161916713333,7.62739582778138,-1.26409938365374
-0.136525792015171,-0.147724734418853,0.456050169802076,1.82750764052258,-1.03925655160246,0.635675007150363,2.23500650284023,-1.03166668936335,-1.89489429021471,-0.910087979736883
0.19576753483898,0.859663400650543,-1.40666320429536,1.96055063800203,2.9919477325238,1.18999310186501,0.168714828117464,0.285664238855616,-3.55056520237137,3.2319137662496
0.49945333261006,0.952278446028109,0.0719788230094529,-0.283286153657976,0.214888062574029,-0.13008404439385,0.469530896017721,-0.811554467993267,1.2871212350925,-2.1970245087348
-0.723435065203969,-0.77177875925184,0.393412060222781,0.147832478372866,-1.20073394070396,-0.367891473324728,-0.353539187578382,2.82644893879696,0.281510221748138,1.66806188017932
0.510821443637504,-2.46111848547128,-0.611655890961957,-1.84958279295303,-2.32508929556189,0.473392851737358,-0.861465862337184,2.91428417326086,4.50766574688532,-0.738340281775567
-0.402414503147441,1.69774502830817,-0.471808057583576,2.15481774305737,1.65196178786089,2.48076661137743,1.09546931101291,0.424010703513865,-5.07302085308442,0.832062604702509
-0.371854101114318,-0.842132337270467,0.6145262789703,-1.06605011551105,-2.76153385347828,-0.84089917799259,-0.893446460086069,-0.037571769103551,0.807817226506355,0.705834152531229
-1.34471297590712,-0.486214807655079,-0.510997237455267,-0.0326135759244934,-3.39848477429364,-0.240591562453034,-2.3795394132897,1.21251762392214,0.0487060051147033,1.24669567572036
0.0433513410818019,-0.111547985499621,1.69518941476337,-0.363069182939237,-1.34148220323108,-1.45301054482087,-0.69381458526511,0.938077823263942,4.56256123261448,-3.68153961989837
-1.15517458983669,0.432696297709597,-0.263019663348066,0.100101786171871,2.07828813933171,0.365935564490646,1.70915154871497,-0.973367428376113,-2.19101365983287,0.821085430375239
0.470132020592239,-1.03822216580261,0.604993979251018,0.457284741191406,0.493114664577145,-0.238228161028961,0.15948481347919,-0.431528830859486,1.95500700938168,-0.688112105285088
-1.05669299505503,2.0968463323403,-0.176561421035047,1.01867912494545,0.781762985875536,-0.118316592852329,0.41415618241292,-3.14070378681043,-4.05824347177708,0.844867606959507
0.778878413240171,-0.660507512875059,-0.570439280135902,0.747980594462575,1.17931386728295,-1.7524695170905,2.81930749554447,-0.798229744035188,-0.663225220059723,-0.0257127823717616
-0.662208611154767,0.603456517822217,0.532680673566802,0.247530183494744,-1.1153694383045,-1.32637579499355,0.718770854489934,-0.246448762069926,0.602519647593388,-3.0288563745709
0.136444175597999,-0.0706516466205758,0.40205088698693,0.483312629026999,-0.698607739192076,-1.93221165516804,0.494704581363935,-1.13318708693472,0.188222455336909,-0.309151449023422
0.449452169088662,-0.752969533731968,-1.89018330128269,-1.04558255130958,2.02057108152247,1.82599694969913,-0.056712738344992,2.18703892342758,-1.04444586261797,3.20261820291224
0.886201158165612,1.11452391912034,-0.302320223164246,-0.600910692632572,-1.6969228740034,1.23500072292739,-1.69315237834657,1.3004607023619,0.832746181257697,-0.338933147601008
-0.96082136676281,-0.047881864132933,-0.190476347954259,-1.44197396010766,-0.806694973430516,0.287095085645016,0.68675383047707,0.766612689817423,-1.26517311526852,0.727246877171542
-0.19132284839421,1.04945758232015,-0.791192480059179,-1.43043679104859,-0.311569870217516,1.41227299297681,-2.53151665961148,0.59349599447254,-0.21003030086006,-0.733888813567618
0.422000386455812,0.687245407476439,0.45692359016473,1.52201191587109,1.49711137849795,1.34610807912422,2.26085579919877,-3.07232924712267,-3.76034275375521,1.67010027521954
-0.692468221272459,0.616565506219943,-0.53373179708988,0.948635852359606,-0.0299561575598423,3.47142240478277,0.839428232725868,1.76175994448315,-4.1555982709276,2.14284429863335
-0.25390093765155,0.506494383545141,0.657649467692415,0.0120047156052427,-1.16216509519242,-0.129116567832435,-0.213284944775344,-1.37332777849508,-0.835632177640199,2.00601158482123
-0.306373093259748,-2.07948583602918,-2.43538262779883,-0.351793931568558,0.405946030144905,3.7043909142362,0.695203497882724,1.21200301417275,-3.36666860793888,3.96832071590095
0.203795558839702,-1.34033600944562,1.05702689813651,-1.75084587361381,-2.66405541308501,-0.00713617979825626,-2.13618413628812,3.33102004756879,3.61718104971207,0.867486166788164
0.424451008352379,1.12997753243805,-0.831085278625607,0.704217035783609,0.82837140032648,-0.59313575774393,0.381082890542802,-3.17144693802162,-0.352075105519941,-0.428897187613181
-0.499880957436114,-0.567544513953932,0.0212384857553893,-0.272491160004656,0.523629981025544,-0.319534972394779,0.583143705358865,-1.29241547000823,-0.327066748980489,-0.551242737454695
0.36456457428337,2.13704353037908,-1.78017050839459,1.14853954253225,2.55345355478812,2.47564415928678,1.01065956876529,-3.60334256939521,-6.00514164192344,3.17439182846532
-0.462146968106452,-0.673858693737363,0.465163074914497,-1.64697010447528,-2.28772390566938,-1.58111445600933,-1.76733040880187,0.892573536353716,3.00978014591299,-1.17139592626694
-0.127293994361288,2.55516285473214,-1.19578731939056,2.00272875659951,2.55657034041983,1.26662638072863,0.954881139127296,-3.06797543971468,-3.93486585960673,0.0998925424888293
-0.864878479677396,0.114251058469109,-1.68878388385629,0.611528293580446,3.19583353567681,3.65466487952628,-0.0306350318230711,1.581185107691,-3.97245803091501,3.29471311016187
0.173314124924174,-0.0369075211236371,-1.82355543116465,-0.179772546008553,0.615130438875979,2.31606318662364,-1.13606968251413,0.843264854756142,-3.05041614488932,2.23334495523215
-1.55920841664901,0.936622799764493,1.33734486730952,0.469201929706938,-2.1735132961125,-0.265265445303283,1.0274430828786,-1.77023022457847,-1.71427705076873,-0.06812696524779
1.38448518700339,-0.807236886343237,1.9646711420123,-1.17011347210822,-1.25468715052664,-1.47861317309949,-2.28282966544761,0.62927186738035,7.40668366797249,-2.21569109687335
-0.87646698163574,1.17305757253737,-1.06469860914687,2.09858461970139,3.56363599792728,0.570725682102942,2.40605048280131,-3.67469516613186,-4.60057401596379,0.31497609436511
-0.343933918148667,0.989272123904126,0.291476378953032,-0.752016915805716,-3.04494946774868,0.507041715840395,0.545646663373979,-0.162708999340957,-2.31877098460301,2.29258269063733
0.0274609258788728,0.593015205340185,-1.83049281299489,1.94271496198097,2.609265550145,1.18290957001096,0.877894985682909,-2.01845520036718,-5.48950656011964,3.97661341827733
-0.788616717717776,-0.69258161423329,-0.264501121143626,-2.15169556573335,-4.66853030343123,-0.299048411771013,-0.987712255218391,0.219451286847324,1.7594628157941,-3.37370608357425
-1.03607137743549,-2.28962522185795,0.93167885959314,1.29725788618331,-0.726836291822599,-0.396680717894882,0.713065504895739,-0.233229769100933,-0.510355463739418,0.0980021197985256
-1.15112190476774,0.800730460208283,-0.563577641608673,-0.226427625618025,1.57725191872674,3.57554457631905,0.576802230715548,4.6573641386099,-5.6539646893067,2.9869535828496
0.950044659779537,-1.85606621487687,0.72007212626146,-2.07829720562525,-2.72804288675803,-1.31839076729565,-1.70590132196259,3.34690848635955,6.06920973129467,-1.58929089054414
1.70753590810027,-3.20044191341923,-0.0674171450568563,-1.05429547999873,-0.539718703694225,-2.36268728328508,-0.690238572201203,0.771909909278346,6.38423473552996,-0.705520158826719
-0.425419235873611,1.85108873699164,1.53438114127002,1.42272014330305,0.714085342065193,-1.63895765005159,0.37642866906335,-1.29306642660447,0.849927059838726,-1.42082781240735
0.745171731055193,-0.531245124763138,1.41757204776645,-1.71260142892631,-2.28951432903999,-3.74494883298366,-1.53964309600013,-1.46894242062182,8.21099107560375,-4.318807940324
0.551559272369129,-0.444586192351439,-1.80495738763398,-0.966328349142927,0.353994730496063,0.892439931194336,-0.644740639123215,0.245537999055171,0.113101096895817,2.36067915516438
-1.2839680532899,1.96303141506725,0.405074983328943,2.41885800361629,0.241045638035262,1.2607942021901,1.49172845472952,-3.49492423151061,-6.36057563838979,2.13694507749778
-0.759887778299538,-0.559335101064754,2.14241861262564,-0.350961164338607,-1.05687322891083,-2.17271130113252,-1.44984806829353,1.18844140437728,3.00594432213154,-2.43579244366474
1.13501526571666,-0.828419834221382,0.22022534100025,-0.191588825991411,0.492891161327079,0.0537071466728292,-0.18955380533586,0.239659571325578,1.48441526022733,-1.80951431289526
-1.54799079253672,0.445821158968088,-0.720737576932767,1.45120324990266,2.27609379454218,2.03915136553742,0.50724145674693,0.467503669395804,-3.73524964304221,0.944356748562233
