1.46888894849184,1.89536958799547,1.12264961502137,-1.34566072671451,1.61542074288274,-2.19116765103375,-2.42283725981949,1.22150089794541,-0.92214916276146,-0.310392032017474
1.04213311186129,0.717863759987399,0.121828262026055,1.39010859926197,-0.936914621741364,-0.181304334300011,-0.251247743492409,-1.0225508165789,1.73482357049964,-0.118753435027809
0.225139772301397,1.29596962245033,-0.188312033828032,0.440719759131184,-2.55515441329348,1.78636948874235,-1.52046229441668,0.99931706105152,0.65063968865596,-0.625961234293237
-0.667859019377457,0.300121550355652,-0.979939299157134,-1.5072984614009,0.686552307191755,-1.61263188648685,-0.832967949158637,1.89453105614752,-1.16562445320471,-1.50829150384533
-0.0966681452905584,-0.339786940442086,0.63587823919235,-0.258452655649283,-0.413355596460736,-0.965372108919667,1.14247990628942,-1.12014677671746,0.555444526404043,-0.890417577202781
-0.0590102756819312,-0.327695120223679,-0.0249660241562396,-1.65887988987635,0.579950383754434,-1.69283778843989,-0.192770012776251,0.140470147048762,-1.22240430248017,-0.223436304679829
0.11270191704256,0.899505454100827,-0.844850890302531,-0.0834417640997688,-0.297679584720481,-0.35903062636872,-1.18198093980208,2.64158734484741,1.41393422849528,-0.377779535793067
-1.08325229990109,0.683812437755999,-0.178309823119586,0.762655853344508,0.507479173948538,-2.84578063865075,0.527462269146898,2.22152214534377,-0.441647284793553,-1.22440706243836
-1.92172456743926,-0.286101833395868,-1.65951324545492,-0.477104753364321,-1.48158603595235,0.152762633909175,1.27325128581185,2.7526364533532,1.32340984954278,-2.044123442429
-0.125120287352307,-0.455210893363332,-0.611045601381058,0.633794362274886,-0.300762710650394,0.707457286214075,1.13447737133646,0.359396251446722,1.14245787899585,0.179675902187482
0.483786368067916,0.289014090249751,1.03116746137224,0.38483231208395,1.29166569998745,-1.57276507300535,0.672407961930389,-1.75834110257068,1.12083285762071,1.06455264987203
-0.172611357932525,1.47182358811157,0.684427387593966,-0.493059485186205,1.5505309214765,-1.48642118128388,-0.86206099508212,-0.356002119643525,-0.735041598972438,1.32790715599139
-0.257587931664489,-0.12401160920537,0.485238477549976,0.657727966558813,-1.38026853741074,1.80297437267284,0.1644824226551,-1.18943332710601,0.371754190316815,-0.571685275932428
-0.507607721730903,-1.50321200149334,-0.00396079016256956,1.07173800026007,-0.337493839850314,-0.435352818427572,0.31198421126556,-1.23994537770967,-0.105901916624229,2.05308550412898
-1.56700605576161,0.698033505776306,1.35696341133599,-1.11273867449388,0.472954249397245,-1.49401202912338,-0.27140154336936,-0.714062984534201,0.260570007271876,1.09680062767597
-0.743906668750637,-0.427124832952852,-0.242193917764951,-1.38114339384842,0.066110038190535,-1.15214971873955,0.66821468525715,0.0119245013557829,1.1810053877462,0.0218766376710918
-1.30707074131712,0.298874285968542,-0.490329724146095,0.0794744713389371,-0.878249162823362,0.389435585051132,1.29247416848364,2.26014302504346,1.18294907389178,-0.440728080122947
0.61665113323516,-0.53790392795666,-0.509082101272166,-2.57483977623749,-1.33759211933853,-0.27353027517759,-1.09209512782732,0.43522432483091,-0.650193669010471,0.37238731724434
1.34994481707819,-0.206533448670243,1.32299447727221,-0.112914059389173,0.797689275772029,0.647993206747767,-0.393551493596435,-1.56943106903396,-1.93656108135049,0.433911064079323
0.795909353929122,0.0237536785362,0.0416055951771541,0.370379808467671,0.868221536436169,-1.51497729398631,-0.107595700741216,-1.1664905424988,0.791971833461186,-0.0915789186943984
-1.08390056303358,-0.0156488251191496,-0.17428405816909,-1.12933336207506,-1.24191377840249,-0.562282774765237,1.48820229500565,0.97782817231655,0.885378765382496,-1.11971113767243
-1.1063033107715,0.0978635318322946,-2.59201281536518,0.388281896849491,-1.49450527559513,2.28609768328669,1.51355655101356,3.16350330998707,1.41846344138712,-2.0856274932297
-0.486165863092941,-0.775437433070508,-0.740491440524416,-0.849279267716719,0.257112048555999,-1.07728199285285,0.408507026700732,2.54386398850987,-0.0719014752058843,-1.19629725922991
-0.0504116030833273,2.39195275597966,-0.704729719100376,-0.398232915492932,-0.25185670103806,1.11295044477018,-1.29086108786421,2.29074186809372,-0.109675039420815,-3.93592217505778
-0.822066819225703,0.78087330771702,-2.21298832985068,-0.207696372097039,-0.396589949376346,-0.972166866171278,0.029498769389823,1.78866989585039,1.54709748258716,-1.34422794228313
0.20745903587841,0.376268362687192,-1.28690943210141,-0.331900091694053,0.00823411293047614,-1.22437280941643,0.721810673965559,0.79398951954221,0.153476560135405,-0.731279894181967
-0.0236172532953379,2.3132273563547,-0.618680784599865,0.505705638047596,-0.363917225844695,0.407133269357056,-0.784201262207002,-0.635669799253033,0.183544383154896,-1.22310298990631
1.02216594402373,-1.25321180546678,-1.21024562184692,-0.130359212099227,-0.345721942527444,-1.42038393062935,-0.806064408275332,1.9692401228589,-0.955079854594581,-2.44078261598885
-0.527584298042107,0.497073689162322,-0.303277771767814,1.21041194081213,1.34892150047137,-2.04832979131129,0.501607408702114,0.846603666502839,1.53810221692416,-0.517458266638051
0.464479030470909,-0.514633563285024,-0.744455798665732,-1.68993030634856,-0.461656978695074,-0.566828767032914,0.361284892431196,0.818827457965014,0.525754417582449,0.025898826456934
-0.177793536964975,1.67972324783876,-0.803866871659059,-0.731123983767377,0.555146380484883,0.182896923294606,-1.40421934176745,3.70930721315999,0.656520996491954,-2.22134784243357
1.07192478340192,-0.2845170015388,0.0370883267363571,-0.576550723368789,-0.680660232309905,0.990106841136437,-1.44545272757392,-0.203303736164447,0.982839183209848,1.3236308048807
-0.158754031706472,0.940233806190463,0.808237280695098,-1.70817020011679,1.67874832475055,-1.02992479921978,2.32482943150526,-1.78606330017426,0.638173030266476,0.12699995997268
1.84339082069086,0.267052516130807,0.586906266908802,0.672256376489307,0.368415138092102,0.580810276021026,-2.02759608796356,0.0563644499350817,-0.925687830566268,0.960575167940736
-0.885814421910182,0.171327900141687,-0.665949701571303,0.290792054715659,-1.82154128038189,2.93162288233713,1.17975794066817,-1.32226329539198,2.23181632323144,-3.21503524317273
1.93958239899852,0.00621032174674277,-1.37437604315738,-1.20532254352528,-1.15111402734905,-0.188997076377534,-0.800579302425175,1.67097507233954,0.356560220559598,-2.59272863020396
0.772733841326846,-1.53092224240428,-1.12767546073017,-0.619808061112854,-0.293495826942493,1.88589824674832,1.61743444920584,-1.0330886314892,-0.482721266605765,0.83339092181202
-0.663685918013654,0.952614790514896,-0.722554132539352,1.07320204792588,-1.47209550824552,1.28362523648724,-0.798369908832687,3.09515760034249,1.58921779305084,-0.705063284729134
0.838280244316591,0.03680204222353,-1.2353255049658,-0.269970002099723,1.53537857764706,-1.1340552987514,0.0288949654934181,2.17656867674187,-0.906324096404829,-0.502238332719393
-0.203903188459793,0.0842323389348922,-0.252890576756255,-1.82077813344321,-1.07049853108015,2.19840464127871,0.857641301317694,-0.657934909516481,0.25998383938059,-1.53316059155193
-0.394167443694189,0.414453186329814,1.44715298777123,-0.710727751513227,2.38048261505263,-0.442811811178446,-0.35541567480902,0.390305422276039,-2.0303967854384,1.7402918438702
0.424524975412277,-0.934932315588371,-1.17840272725846,0.698074986512705,-2.55381327614913,0.686073812526762,-0.069861033953962,-0.201329897732587,0.0380993263526874,-1.21749260327486
0.297967362818181,0.716761863408752,-0.384002062286391,-0.539106779372997,-0.606716153951119,0.207874380638902,-0.254975513192648,1.24457611227029,1.46751867985599,-0.363791081751905
-0.0101413560210821,0.587306744599453,0.859151812698979,1.40284623928481,0.490850127927928,-1.31834883739205,-0.725128849118702,-0.322862000513603,-0.373443329015279,2.02846953186399
0.873999380325148,-0.409792081461384,-1.53684072509529,-0.0274141718295603,-0.52520885168825,1.22163708744911,-0.530052206195293,-0.382318304025964,0.0112808846129452,-2.56818647063445
-0.251639057153577,0.928410703108035,1.01067716460941,-0.366310640943975,-0.140277881717109,0.155392696394188,0.822918185122683,-1.50197846028911,0.815602380426419,-1.53416556897356
-0.622575701623399,0.563570100434615,0.686576898060391,-1.3540147734243,2.78855915620236,-1.51271362680467,-0.169772420084781,1.41950877368688,-2.79522382298045,-1.66781519418913
-0.427008828442808,0.762834161248794,0.231425117275854,0.174329592412127,-0.856992655693029,-0.134212028014665,0.397022181021341,0.294524231457547,1.36579329270146,0.24860288763802
0.317466729434349,0.513886297083764,-0.681127867433475,0.467605074922383,0.0902653254337779,0.660964932094228,-1.21621986357648,1.08937643379318,-0.983983444810953,-0.857960467724097
-0.842577252628371,0.673812396137852,1.76826233875816,0.485451827201591,1.02586197589651,-0.670504685937786,1.03149783508666,-0.767593517910401,1.29179543685398,0.552395206240176
-0.161910752890853,-0.260781408017001,-1.45364148496287,0.793755616882495,-0.459112765334274,-0.98577825428617,0.458318054379161,0.575964742011841,-2.06179325084099,-1.89989594431012
0.481566067327772,0.0993485637934837,-0.501391872829172,-1.17781274500852,0.166457267273297,-0.593950329924871,0.720068387712463,0.0829000334989024,-0.353150880876596,-1.91722583894436
-1.16973617546693,-0.660497468368754,1.4302705305489,-0.663985504125197,1.59427319495046,-0.863055723999325,2.74493915216594,-0.715622429208708,-0.532423382527981,1.15988184913474
1.30438845904654,-1.97609224125943,1.40435104019797,1.30683370280747,1.15594017019163,-0.136359465727162,-0.845788959962845,-1.80818490682822,-3.8972119719415,2.96375849871487
-1.40068721839938,-3.05294474737443,-0.389653398632257,-0.198910493700254,-1.07030118987181,0.29000982212792,2.35454653137113,0.911641825106822,0.773832991093417,2.21092742693342
0.572482421267478,0.0413029233720543,0.814971521104527,-0.235068647901993,2.11515577013283,-1.41159857358632,0.00236930847144667,-0.315243698016092,-0.988291704189015,-0.0719521542370347
-0.94003936657388,2.09305682844533,0.124176421851466,-0.31119338373218,1.50002496928061,-1.44633625326859,-0.619319110993896,1.83641012816515,0.378542528250361,-2.34917990961549
0.0615988083521272,-0.899811376151426,0.203403859817957,1.64861828868229,-0.369693537850842,0.146404059794163,1.33263445571754,-1.10839479172471,0.885185352525601,0.855455374942889
-0.757263444550709,-0.713149544607473,-1.07925887381547,0.928933267384056,0.065654967898592,-0.304238413060271,0.340272596140398,1.13403762233114,0.183994009337496,-1.51868036879085
-0.250808100243473,0.0629535718419935,0.458389990145446,-0.26290882481955,0.375898730243308,0.250029717429623,-0.271674762224052,-0.672166002462044,0.655567643144307,0.689654631928426
0.678041655454822,0.695943415284199,-2.10546930561269,1.56591476610517,0.428367274128018,-0.944941164221826,-2.03890891764448,0.772852921988224,-0.942323851616272,-3.4017542910419
-0.0698771020726334,-0.016184179390344,-0.658629488552387,-1.14858710684033,-1.33247867644896,2.40753193042666,0.492927411580225,-1.43357406435441,2.02550775282235,0.0736977509725598
0.284634635585654,2.17086298691034,1.03763882163859,-1.06366386459738,-0.975035340587031,1.83146313411341,-1.91521607928876,0.334873457045288,1.89423785676797,0.555541023485402
-1.03295344180673,0.63340560752356,0.661763752174337,-1.05965030625433,0.803337958692466,0.432745513642841,1.46326730247266,-1.96655126641032,1.52390882782533,-0.601583558664944
-0.690620692105557,-0.784779968954769,0.515450268081492,1.16831742177202,1.1195750214534,-1.12835291075507,1.29803261668226,-1.32090969368117,-0.538329942351465,0.445454867574888
0.472221288254332,0.190914738813507,0.988077340090263,0.429412341302265,0.447912840142245,-1.11216604252777,0.985981909546067,-2.43786670887013,1.15827736953517,1.52301978029164
-0.535311817351681,-0.194920031403261,0.289346851418407,-2.16510927763802,0.032949984465653,-0.393928633073109,1.76709472177525,-2.16619104885655,0.650360297487982,0.118789591415392
-0.078224681875435,0.785069487288352,0.414190084470371,-0.150793195569594,-0.413910248134138,0.853466767914208,-0.272961655437698,1.13036297457406,0.504302779624714,0.314883196363598
0.43489154127142,0.489783887043239,0.28140780613598,-0.268790419379787,0.803399678846169,-0.217578838000284,0.226416418623229,-1.29186746615595,-0.649965654459723,0.114420543424479
1.65417099180133,-0.886595773662181,-1.27312798280639,1.12907370197264,-2.79801755381131,3.37010290019633,-0.474041141082013,0.00792524439972966,0.617494142618248,-0.882417997803613
-0.643302954658229,-0.114888847160616,1.02894936110538,-0.332443163574801,0.364169230897842,0.0982503811418059,0.730883095537862,-1.47909065301319,0.234523760687719,-0.863276032131019
0.295264912714386,0.950213073200111,-1.3555111851325,-0.956540874770804,-0.172164151813261,1.04209147811247,-1.33765144481261,2.34388847127353,0.812173551844372,-0.814899119688032
-1.28376148300253,2.46776058827779,0.489171087670667,-0.0315620076530361,-0.436122767102101,-0.12890339990501,-0.344730425143569,-0.203218960531558,1.8289125773793,-2.48437131743428
-0.834508447059933,1.13149960467305,0.178842126981924,-1.72317932633878,1.79028836260802,-0.226851207025916,-0.425102563281731,1.12233752058542,-0.530139093579569,-0.663499433008664
0.757033806528394,1.64437005147024,-0.210391450594961,-0.142453025590391,-1.43628683882318,1.82552235042719,-0.370927004576988,0.776252300210286,1.18410957575448,-2.01817954627294
0.389922064213224,-0.547821979410869,1.31909607166554,0.563719291274851,-0.873104847551395,0.0979537843789554,-0.645009546530105,-0.200524875322068,-0.884942191494476,4.09291016524894
-0.506481711546274,-0.240555984064135,-1.153770528938,-0.0786255509385338,-2.28502320540276,2.28622974815999,-0.566370901808653,1.64589603095828,-0.776070955637109,-1.54656632725576
-0.707703854822085,2.00062671526345,0.663307095361429,-0.20419542860669,-0.0518283914839894,-1.16677957417829,-0.771691398698424,0.975903180798097,0.516063250939173,-0.3536461067737
0.176812563765403,1.05112010751594,-0.438229369656235,1.39958656891689,-0.320573358065928,-0.00313190086962429,-0.679378190996024,1.08447716553387,1.06932794342856,-1.62108812420255
0.932203952340064,-0.170086488299431,1.82898723267854,0.58398765910375,1.90405726236738,-1.71545846257389,-1.19871688688157,-3.00450791232663,-2.78237083621122,-0.905069886198754
-1.06540367969158,-1.62393708283309,-0.770030587164745,-0.242858895860777,-0.3687092347807,0.386297946035705,1.50066070659339,-1.06943222055583,0.546955228407429,1.34918871199565
0.217822384090372,0.276176411930369,-0.494737575300898,1.23211400460918,0.866973994111802,-0.807893943321425,1.02994324062806,-0.440673244142839,0.355390430464419,-2.1698675384148
0.849777388876004,-0.146438446917564,0.336378526767221,-0.357696806528419,-0.815353753775786,-0.279007416346486,-0.361291021524529,-1.41391977617045,0.622017723819842,2.11801217321961
0.0788769809417949,0.197176801885476,1.15912131722084,-0.20033883939053,0.308420573821774,-1.07084555944914,1.90322793549494,-1.71307757806355,1.43504677221039,-0.0834617887486453
0.713070941949155,0.509462815720912,-0.635206260738605,0.826591627533895,1.10233546265457,-1.40565573272179,0.702558770934439,-1.41828421845382,-0.836150947541873,-1.11472210235587
-0.549424357542621,-0.855485561878703,-0.473890040841014,0.275527207108112,0.981382474444295,-1.90504321738233,0.29110581375189,0.837278774251228,0.57898905985809,-0.0738608058915538
-0.159640370136248,-0.317631530333417,0.470617738161307,-1.83199494663083,0.807329431286988,-0.327504660952619,-0.634478367553497,-0.0065545712931807,-1.4439819693642,1.19208791219618
-1.80716033489629,-1.16685335223738,0.309345191543589,0.362474169423564,1.08672913642992,-2.65647001162315,3.94792555023898,-3.77160810717863,1.09799663721297,1.87368264074925
-0.725329493553392,-0.329864308291492,-0.763090140173622,0.893270004585653,-0.462903753751457,0.357421063435247,0.107029311063873,2.06120255107246,2.75327798838178,-0.761965940371836
0.431398794930668,-1.58791000585658,-0.982278292982936,-0.417134540601304,-1.13503183449236,1.68959276249723,1.03786803939402,-1.17133667196466,0.109153578837112,-0.353000536225496
0.737950063454868,1.06432701644779,0.525270140621302,-0.313155452870139,-0.336718725665403,1.86937957161759,-2.31338558707554,-0.303217919324446,-1.66234047712732,-0.622125967181135
0.20379251722463,-0.419682399161263,-0.318466571253462,0.0483329304033763,1.02703196193016,-0.968620794426737,-1.47385364074038,2.48705965812995,-1.52073714989116,0.272917995385298
-0.30839050227363,-1.09242438808746,-0.816073199606997,1.29345558418107,-0.0903606727078294,-0.0428963679969947,0.0148029531964166,0.863880064932085,-0.87685791641987,0.728636723333991
0.426041686523758,0.779942794119354,0.396619345609835,0.203011264988437,1.99677731896754,-3.51196352289746,0.603819139725379,-1.70258782434721,1.5926708998917,0.717244348931054
0.913208193014511,0.987237881146021,1.1450456247663,-0.552071869143917,1.36490897887855,-0.750871694268067,-0.560951271825333,-1.52143682663602,-0.655245016038842,-0.642586003106485
-1.7540686521465,-0.72066532626022,-1.55439920015741,0.425143564485355,-1.05687497925894,2.26943334621006,0.658594228809248,0.506826360128931,2.62680900396129,-1.81457878955502
0.201764391833263,1.30705954119356,-0.83730829312926,-0.51704424765277,-0.609890338476493,1.4413189898144,-1.51779915249689,1.01141622359073,1.46055217476099,-2.16047244909061
0.146471529718967,0.0241096289555875,1.07853218122213,0.808251175067296,1.62310934640197,-1.74500806628694,-0.906884687412962,-0.527656955691052,-0.186491826015671,0.892971180120212
0.297149673227702,-1.67408466517771,-0.113334141983394,1.56892266078305,-0.0840031403142394,0.952198300355491,-0.476059224385244,1.11246105970313,-1.16254752884058,1.18347543068869
-1.17554462479114,-2.33051013219634,0.597659899483026,0.5745705555608,0.0883968849627321,1.50170603921327,3.02009446220874,-2.42522767661907,0.999646241109538,1.51775143288518
-0.3490939185976,-0.360573594752357,-0.536415100443757,1.90735949066064,-0.605117029031994,0.704288988563886,0.513292471554751,1.27224659857083,1.0188538472069,-0.701418203296231
0.0431084586874143,-1.18834990502909,-0.0246683101693366,-1.70157337965115,-0.577941904436084,0.622915229598725,1.36342803604107,-0.186575193187717,0.830735576310749,1.66437673698304
-0.169713371963699,1.22919156526346,-1.10768658608547,0.594832299203923,-0.158162756612822,0.762336294112241,0.389885607831815,-0.323886379528526,1.93488580174978,-2.09008919860224
-0.447069987465582,-0.599749913380138,0.486337132307481,-0.202817163253119,0.728356026262199,0.461950842385052,2.25107410510119,-1.53110429604558,0.895876391914988,0.348362422487176
-0.101856261877766,0.0998918990875912,0.585606731670605,-0.153098901311704,-1.29272861254227,1.76877128092742,0.411210199614262,0.452788225526783,0.529672387730805,-0.654474954712046
0.650898737702623,-1.46141952566581,-0.383379481381363,-0.621845594092235,-0.610824673271665,0.160127864164792,0.209588159296068,-0.870400710332279,-1.5070693370145,0.634287045180326
0.707496395756476,0.335390607221501,0.82887025361326,0.368497941110811,1.21406902352077,-1.24175146451757,-0.243404347892147,-0.314258178929712,-0.0889013171675945,0.73166646495252
0.262357256255065,-0.938158259777015,-1.66449461036256,0.01571200603245,-2.98777525412313,2.39045483118489,-0.421266592737939,3.27778170369335,0.140147410286618,0.201695041069908
-0.257551650526308,-0.131484230512669,1.59798269784122,-0.883055966808603,1.14999808820356,-0.388445224690805,0.438406633881319,-0.902936460155376,0.177695328346219,1.44508600491329
-0.838995426735645,-0.862739341331125,1.36940130902682,-0.233728663909942,0.592959366142062,-0.212602273213421,1.57290181216695,-0.890465717100505,-0.0336896725223493,1.5813938513372
-1.24637784845007,0.491800683434684,-1.89559925322426,1.08272583143515,-0.807219183818603,0.621887629311711,-0.299846170787374,2.20690256736462,0.624015113779264,-0.496940877364354
1.08368984087095,-2.32415523607044,0.129973188401284,2.98347205887577,0.845927329749429,0.252059837131991,-0.672246088457885,-1.44026316271349,-2.3354670709272,0.810188736443515
-0.142152472926305,0.625104351557911,-0.0113820000230406,-1.83494549964142,0.329804278590013,-0.6000056324763,-0.263693755949008,0.388324596543664,-0.165007904919989,-1.81519884013613
-0.0379748517815789,-0.553800420522687,-0.414471437741928,-0.486846673784126,-0.230885016161068,0.516845535983169,0.799517028042529,0.229521392050392,-0.279762190759099,-1.15070327840699
-1.40783576627953,0.48228079717908,1.27275603579122,0.114814465490401,2.44712078795854,-2.17427372200349,1.17021196555845,-0.639687449806478,-0.754583317127457,-0.783016633855922
0.222648754349346,0.834335352312743,0.457697720774799,-0.223059066362651,0.187415303555604,0.794378257747525,0.795591749699788,-1.26487488977997,1.87295304434747,0.183537135539678
-0.091775117409015,-1.89871106256722,-0.00782462832707712,1.70189603016875,0.299361887302854,-0.00933857874972635,1.37090691664524,-2.13197135035548,0.701944068326351,1.0459630061159
-0.169042753715855,-1.16177308826204,0.679305336926345,0.771019076443182,1.41597329731206,-0.50006871983392,0.0726766540766403,0.152533001042576,-0.303741339923756,1.0206636313213
1.09344055192385,-1.57127721563748,0.367740414327951,0.318228727018188,0.121647595511156,0.311117571125341,-0.0165607242324682,-0.937068061585781,-1.66098365438035,2.64934592544326
0.190992524786982,-0.425773998249947,0.67105097811641,0.702443194492104,1.55677001246703,-0.954795650412982,-1.64899168540154,0.192666271926985,-2.44828312065989,1.50324244327301
-1.62311884769116,0.968569773876036,-0.00729987004916707,-2.57319525765896,0.404156451128428,-0.0489348819956387,0.475472865128546,0.503077216873058,1.3741921577459,-0.759581324856832
0.129942135904445,0.717020750223074,-0.112471742937392,0.824685363467874,0.202307608748818,-1.25318604951441,0.289841619482588,-1.441960404853,1.91365543561018,-0.12553334195719
-0.466710315968833,-0.869015293463103,0.583331042722206,1.33682375333645,-0.737374525011545,2.06941958889994,1.21840583134789,-1.78567948358094,1.16234236791689,-0.932805186092188
1.90750074765781,1.99337024369631,-0.670848238798033,-0.458050003966019,-0.564315325647659,-0.141380722992918,-3.16527275190292,0.814749279624497,-0.38044779938043,-1.69724745453344
-0.525967453966826,0.206760399757575,1.07275978092721,-1.09804967602124,-0.829432130872418,-0.0247811881411818,0.702493561628779,-2.22193738497467,1.88567737288635,1.08264430622144
0.795451170992236,0.480207062071703,-1.09198967903733,-0.515160435216268,-1.54518024934819,0.206797098912381,-1.23088692951213,0.437817377116497,0.644096172134173,-0.722233049229324
-1.52095008614742,-1.22820255694967,-0.00372005886931465,0.0660060195530059,-1.21742969948243,0.480817157218738,1.97805282935997,-0.67399486739582,1.00320061073397,0.619624451448798
-2.1755692688929,1.46428433832637,-0.79175770442144,-0.829412732358813,-1.18268164125396,1.81762233577666,2.22948369066507,0.149580595013455,2.61745108273527,-0.848299987526407
0.298750422367256,0.49559740193012,-1.01039383729313,0.0158625912746261,-1.12044111469903,0.460484513891967,1.33518975035659,-2.01862990713326,1.40242654758421,-1.57572969569019
0.28962274740353,0.0716781334484032,-1.09968159051979,-2.12149340364657,-0.69915902610445,0.528478009812075,0.25696191800938,1.44203676807294,1.37579480763408,-1.65773185808621
-0.61656975170505,-2.60585396371134,-0.128050105500868,0.0870936312778538,-0.0304144831193941,-0.145442936237227,3.0379911111085,-1.26788305516692,-1.05985873193917,1.88649060526957
0.563368421431032,-0.102648652320846,-0.230137375281128,0.245202537841111,0.978347259826142,0.0308781771494411,1.79449556578964,-1.40325455809299,-0.352531501277424,-0.0817559789112017
-0.7175935120726,-0.554898257779734,-2.84812830401502,0.132227228964294,-1.98136337357679,1.49698538058973,0.800867001279735,1.5465828862852,1.4779716306355,-2.93325109460352
2.0278065261789,0.374571021846791,-1.0663689890125,-0.250572941082249,-1.02843560930407,1.91977392603597,-0.564432725805276,-0.283627416347952,1.78296538338964,0.454594573645849
0.0732294953191789,0.834499944670971,-0.0187138442642569,-0.00746564661333396,0.390251150780556,-0.510549259013662,-0.898217158518699,1.09014907322516,0.861979975960004,-0.187712950714152
0.638470634794138,0.198473228140803,-0.727627534843373,0.0964371732288482,-1.01774892779835,0.718142252315722,-0.0405190597929888,2.5736106288827,1.15983244085447,0.56637637933355
-0.0653986693308548,0.634198766800908,0.914277551461334,1.30801316206222,-0.225292744585229,0.938801637439443,1.1687335604108,-0.977768231663103,0.360452226534413,1.28759091972804
-1.02004405213486,-0.994582234593066,1.21045414879569,-0.0725471121713426,-0.644764484047382,1.43486729789676,2.25349114949516,-1.25415495581566,0.559328785026368,1.27803367271742
-0.49637586157254,-3.66314370527764,0.176788927835493,-0.207792058211551,-1.2888453424129,2.21064865917269,1.27127674436731,0.425475678215079,-0.726850839777136,2.60368428057834
0.028388148919229,-0.547723377494226,1.07153611506618,0.112046463231287,0.290936001139053,-1.56393623424818,-0.260393300388953,0.664623882872431,-1.81516474091656,1.89597339597267
-0.192116630413961,-0.173200673638471,-1.3503373993326,0.751582220794722,-1.17352168481394,1.12242294412435,-1.38695523637384,3.04911639551891,-0.15958383331477,-1.52490439082992
-0.799741274667949,-0.971156916597968,-1.37007280536042,-0.213312314238412,-1.73236842610126,1.11757545935161,1.28341802620844,2.0819073166606,1.88739562673101,-0.465420685925975
0.576451409581792,1.64264983257314,-1.696539430948,-0.348735369138024,-1.33682639389585,1.68301003367668,-1.63446418666414,1.51790135567433,0.127441683213587,-2.56605755620789
-0.551402681214833,-0.701633040500671,1.41264230935516,0.658431041774919,0.724750814551851,-0.712651356510554,0.777190384408484,-1.59994960119016,-1.39060030075494,1.60459193475129
-0.0427584359205003,0.726700589515772,-0.313750057353767,1.30437005716394,-1.2778264538475,0.819350914167459,0.782426020416625,-2.3364866916362,1.47046888079019,1.50566512283643
0.346768930183894,0.13938694036807,1.81261820159111,0.801072780415354,0.14353321925089,0.747889039178201,-0.273614743870519,-1.8261011974596,0.220748028941559,2.2147874256071
0.168817128339196,-1.64953367632216,0.172155615703993,0.172441431490879,-0.909925265419132,-0.858668900962762,0.524299941870416,-0.192995742940508,1.4571789257523,1.78306603956677
-0.88562590813774,-0.361853166528272,1.37559683645547,2.0574619283444,0.483432395033403,1.11380593842774,-0.73807341525488,1.06913268325024,-0.214235523292114,1.03622485122573
-0.492217057411305,0.153491085272255,1.76293111815074,-0.236557601002067,0.198339760347494,0.231003159363972,0.972384356671933,-2.58201224806091,0.481521040836922,2.00678756073992
-0.793026398787614,-0.12563767168074,0.172749961872401,1.45251544145281,-0.999522007124097,-0.315633774071432,0.113831175449138,-0.614791905321108,-0.259163207280818,-0.146238655251594
0.419810938530394,0.171019630324731,0.150731785668562,-1.10812074605615,-0.856252336837783,1.29557059459419,-0.390790389853115,0.487270264761684,1.60983808958195,1.05187197739461
-0.651497901153082,-0.250662339402798,-0.500846428774443,-0.502517601863241,-1.59779677409655,0.568401003774538,1.19818451231561,-0.902762923399363,0.887444429154288,-0.473063279251862
0.649248820580389,-0.37596517866261,1.3210781107582,-0.971015386150682,0.205217654983675,-0.993426465051109,-0.575456123309928,-2.66226675862434,-0.879735368054326,0.295207172106759
0.0950479288632249,-0.0695770742523347,-0.486772872508169,1.40864004237438,-1.25743492570843,1.39515472782578,-0.118123198278558,-0.0876426646218071,0.725700487277158,-1.53738313835636
-0.206462323661141,0.843024809969457,-0.313213047933964,-0.393916979667559,-1.05349009835175,2.00040393367329,1.25799807192244,-0.382230721622699,2.38306983366742,-0.936201068068627
-0.365049971761051,-0.0812233688883103,-1.79326740892295,2.26633118360561,-2.33592601759493,2.1396343327074,-0.301859884777113,1.99950970307652,3.89972391543843,-2.02506157889419
-0.0307339321807258,-1.08411844120624,-0.66344163044657,-2.72567036335708,0.949867604313155,-0.45839472889321,0.97557867374407,-0.919791596327436,-0.5012761507608,0.0938104830606301
-0.104646725371966,-0.392389267209745,0.789074851679621,0.0278506863349499,1.96724082983659,-0.902970995224975,0.960206509429769,-0.311506007574329,-1.42802909079625,1.10302798311516
1.16280385560347,1.08454071541941,-0.923147331219269,-0.977226183382349,0.482276896007446,-0.0347297124957205,-3.09034171468439,2.05603433317143,-1.32755573950793,-1.81402726216003
0.191359994562687,0.716918984677829,-2.1619554267649,0.133476014171645,-0.119151430086854,-0.708487206879214,0.810032363805827,2.6976628025968,-0.991328019940726,-3.5319489999095
-0.418182038053623,0.534977355506461,1.32209879042541,1.22831433672494,0.702444833026574,-1.50067359641398,0.247956509691455,-1.07836866448601,0.411250325988347,-0.0151272074889613
0.91357663659008,-1.22020116106802,-1.80228847912713,1.09415550446451,-1.81583660357655,1.03640311156489,-0.728993647769141,0.67793990100774,-1.45126858889072,0.0524165802469872
-0.240234411373707,0.4009146842495,1.03321128445265,-0.625160591868852,-0.521711584019416,-0.355021267986617,1.72213223712343,-1.5766472226451,3.34635655504515,1.39624102513165
1.19578740675568,1.67988327549997,0.653531274062947,-1.46084159316476,-0.457970578080272,-0.20158211830561,-2.232860272986,1.85009072623859,-0.534920201329391,-0.0240823540826903
1.17074371076669,0.00345084029877768,0.781133158571249,1.05690030213813,-1.91613047612301,2.15984197460855,-0.394413714784897,-1.70617262398384,0.957086352918772,-1.07596504154466
1.51606299427497,0.121349183790227,-0.168367306571338,-2.60692478777142,-1.20692228819952,0.887959390280357,-2.31197005719149,0.054344969358235,-1.52490067870745,-1.40142688957593
-0.269389552303801,0.0998799846192031,1.31971162125384,1.11269381239397,1.74374304457383,-0.735530377923991,-0.0410232762480499,0.704748676980892,0.197873249639471,2.69849235519913
0.172904336165542,0.510380427621176,-0.0364523183646109,0.439269021626139,-1.89540174464215,2.63958088324395,-1.21850582221091,1.20003577258918,0.44003931991653,-1.44777261118344
-1.12838500934111,-0.985257841340033,0.801574878473554,1.08400166619888,-1.13735836067498,-0.447515356069759,0.868662353322349,0.849555792612911,-0.285843134955308,0.645573094202726
0.457670226062145,-0.477921039603172,-2.13254515054766,-1.15105159294222,-1.13008088339479,0.75940837157221,1.70938677368972,2.05811057201667,1.0651734360774,-1.97323840974118
-0.308423499713778,-0.0528729033598719,-1.00374623249396,-0.786257619443809,-0.458526095223143,-0.923821899710614,-0.415980006723445,1.66756814626645,3.01538533039905,-1.09145380632283
-0.288601725205426,-1.0935662390552,-0.936045448155928,-0.534969304265971,-1.14636585342881,1.10210000895107,1.41192348588473,0.310391146794101,1.37121109497078,0.103241803919501
0.729357387672028,1.29827414527178,0.877820271446611,0.17955779336792,0.218603859680105,-0.336689211625955,-0.46767400851044,-1.69093940626454,-0.982878743765256,-1.7004474675486
0.153892385814839,0.236474683901593,1.90951563268057,-0.0111274556277995,0.801115271014486,-0.351831138785876,0.713792026513679,-1.38023569651382,-0.0866598036289906,1.06163326192383
-0.262031272840525,1.03461254441847,-0.987493154202932,-1.0714595227101,0.0951831483835051,0.153259528141726,-0.411172209204342,1.78889850308455,-0.566996607461109,0.383140699573241
-0.970816789932683,-0.0811027091705421,1.22158160864081,-0.392625355055632,1.9971176141211,-2.35552109525829,0.628166638749442,-1.04660228855338,-2.09112159715867,-0.260668745085588
1.1999172744288,-0.17235894334042,0.960135276398146,0.570333306129199,0.547748296111494,0.176078476289274,-2.1945796225503,0.684509220095858,-2.04002859990044,0.493173114730681
1.08782173450729,1.12158137309895,-0.59706744416382,-1.82170786859115,0.234920207878332,-1.68570790343303,-0.826598346237543,-0.630453692862927,-0.123217005106855,-1.9423875111282
1.11227593714821,-0.356002596931786,1.28016997329835,-1.50573734737318,-0.106375609122561,-0.858430107896474,-0.513150953979515,-0.695477406463125,-0.741491629162556,1.77715028588189
-0.822863116012261,1.2315161100185,0.958848649381575,0.282328873395019,2.12703800610273,-1.62573199406537,-0.279976206597224,-0.557169232436942,-0.534025892437053,-0.579846291649411
0.320897448412205,-1.6548197520898,-0.989113580807607,-1.27644051663796,-1.31259828274368,-0.870807656888705,1.08226496327761,-0.910419016593426,-0.440971717192041,0.350361299211918
-0.320624928787426,0.397994527175934,0.866671556888783,-2.31834792424864,1.00411083536545,-1.42532994878281,-0.55492657042721,0.750212101564212,-0.0678685571194834,1.9294252247093
-0.230813649476515,1.85566159202392,0.478664878628178,0.197757400717002,-1.03439172713655,3.00490911261458,-0.900578275057961,0.915654860496588,1.64236481131209,-0.728772179482289
-0.319558193969877,0.224253958078479,1.19710504007293,0.384729190048117,-0.304333470314033,1.08364988451271,-0.64021738659841,-0.604965350456882,1.97119502725359,0.000734316167444135
0.757338953359794,0.910465844815062,1.59734524216903,-1.07406530302976,0.0378490445397175,0.507022146097991,-1.50230163525632,-2.14518018586839,-0.335874532394035,0.580473044793493
-0.175125546342791,-1.05585236131811,2.09237611635927,0.269002066779412,1.71368291170104,-1.21246595564174,-0.583136332543974,-1.96450957983419,-1.96044551043436,2.53147665617186
-0.270513433341826,-0.975864415953342,-1.34814499071322,-0.0712429330392281,-0.312398955781353,0.00935485442964521,0.341186945709884,1.09754986578863,0.729175675427923,0.62709265110851
0.58957265453394,0.0972552080606446,0.520549821951511,1.17673508693872,0.604175976072091,-0.151539378529184,-0.472684102150004,0.461794078565815,-1.28517081886889,0.42771016885908
-0.563517198126768,-0.408765947629451,0.669223328181551,-1.76667028576077,0.409321831068002,-0.593158386582183,-0.0796207721623934,-1.37069881428699,0.176243853838657,0.517574778564892
-0.14190850098225,-1.06725961956437,-0.430604071278177,0.596500031359393,0.547739271807312,0.677582185729959,1.26486037332691,0.124988217713598,0.687692896058204,0.0128110935548483
-0.590873921388614,-0.434073394203564,-0.21929925320295,-0.747490587953742,-1.04070185697378,0.17184116603488,2.38300730828024,-0.948690107173086,1.8742853649506,0.261217270042049
-0.452758219668818,-0.520767356580696,0.973832903684748,-0.524691473895774,0.166941935170942,-0.974275225556502,1.25509372679383,-0.849114433541845,0.526848219542648,1.6900188052669
-0.102037194150396,0.730373284704125,-0.498018543847861,2.14161555997812,0.51039821540217,0.645202092357034,0.636060504737094,1.65548564159686,0.208679198676437,-0.653737543254702
-0.0565573514448844,1.06698924202977,-1.33738344987708,1.04556038785335,0.925374032638464,0.430477821192244,-0.856098419006206,2.6351030861405,-1.19349425593365,-2.06366841268461
0.867562453726672,2.77139872706303,-0.669831514826196,1.66556656712267,0.0227067517363137,0.671424686804806,-1.3262394410444,0.588088761437536,0.594766380156274,-2.77210545678503
-0.69792249543694,-2.56604885883888,-1.52488024390919,0.14501586048049,-0.74208016729111,1.629239019767,1.88041302004907,0.632031851938646,-1.07472295177616,-0.875096579980471
-0.0926063402742955,2.03879853812491,-0.216543340908594,-0.20284910660118,-1.29765784127694,1.45412041339746,-1.04837239107047,1.31360993199897,2.82753778772236,-1.3370089745165
1.32454286767393,1.67065717343724,-0.675165162953433,0.293732035005353,-1.61576562232168,0.0330377036013984,-1.17962006156106,0.197944247890043,2.537163971881,-1.62136928444134
0.377199629659247,0.653058257685596,-1.28863832390629,-0.306489618502266,-0.820758047218672,0.506554073974176,-0.0706618645052864,1.17145567294805,0.363958809188366,-1.4261612512975
-0.0805874207874305,0.326368847022241,-1.44133630528305,-2.02028876849924,-0.806400843345996,1.64744124432071,-0.5241141836011,2.49042768031711,-0.0295402555958415,0.492776921646176
0.365632404175288,-1.34069649329691,-0.338491399699947,1.10024628217794,0.182297306492735,-0.861212448493978,1.6846664358403,-3.10523017698347,0.248869254636909,0.496347976227363
-0.141286520047894,-0.382924781184602,0.419758173181598,-0.167398752300304,0.160694208881435,-0.416393506074683,0.570646795567484,-0.984100050300331,0.0330235080484792,-0.561550811158098
-0.218258117310628,-0.325322321240372,0.188204105462384,0.0775799224459965,1.29785927242265,-1.7724435557107,1.48587197568289,-2.16285814728186,-0.759319966863324,0.727521034149202
0.506376920106459,-0.0680608471482891,1.36363733153665,0.777852087442784,0.775421946384771,-0.412352614047033,1.0238915681713,-0.911743215564936,1.79207395419768,1.74949272767607
-1.0035616899024,0.175688452400335,-1.1058548454969,1.60215579103588,-0.724725141004085,-0.697753497590225,-0.614397901178934,1.3745109530538,0.228104918224069,-2.04042379839319
0.440360638049721,-0.807953067500721,0.163833099982127,0.40825786586555,0.0849444422675936,0.651235454710521,-0.466049984620951,-2.67452142972554,-0.0820542283000761,-0.620763601616191
1.13596387947899,0.700643953106503,1.98067414387093,0.0343987754522128,0.670691639338091,-0.309899479796376,-1.3604974002261,-3.24813517469116,0.0182274196495888,0.245449547109156
-1.71176943565372,1.35146651192883,-1.18308134782287,-0.0695364379233417,0.598391123183536,0.285655253469359,1.73757101620952,1.87424543787043,2.25226132390316,-1.80533454874517
-0.414523464219677,1.80560942355069,0.0234092396452941,0.912592327553291,1.61599481719985,-1.26589003041968,-1.200038588312,0.6952567127203,-0.744609057992548,-0.88512844219471
0.165201198077673,-0.587763306438375,-1.99546550089395,0.240431930886625,-0.983838889114883,1.29145091160422,1.63824183311536,1.28766078102184,1.20444854578279,-1.95871795104461
-0.465177256551349,-0.939798428752354,-0.163641039403145,0.352799581319327,1.10746669298917,0.174485715877633,0.587165519102542,1.12148917061801,-0.581002883540272,0.302928819335149
-0.201379782342692,-0.492059171095072,1.51491810540102,-1.32115862343018,0.609758160791959,-0.335492233984099,0.601783302046985,-1.96569449474775,0.972795710177333,1.96096342688106
0.224755437945825,-1.43221976119271,-0.683954586047377,0.317953035234819,-0.892678651678045,0.653467987860901,2.16149767032768,0.484315912437291,1.87901541435663,-0.573359529123628
0.708666060161466,1.86157924165368,-1.40183897309628,-0.104956286910582,-0.945666863347439,0.125308392242714,-0.581417553322952,2.63986881943456,1.6965820868032,-1.63611984328778
-0.507513933445224,0.579313792143837,0.720919737522555,-1.21332154564318,1.0283544779065,-0.75268389204337,-0.053406573803826,-0.302540334656907,-0.815126050731247,-0.410662375856897
0.352474603719807,2.03587747484249,-0.488463719375501,-0.847448750571807,-0.103288429710851,-0.682151874035692,-0.885377273710728,2.5396461955859,0.0883166481685383,-1.88178094275403
-1.1392666969085,-0.510278556732741,1.60517756348171,0.348915928474563,-0.599336653250555,0.655462802880527,1.12956921887425,-1.66448148260526,0.675130843353374,0.797242140777032
0.13516533017271,-0.821991470678331,0.0930302394411738,-0.759506565914398,-2.01488676130752,2.32097668264883,-1.01770234300546,0.977238566532472,-1.10755337187736,1.13559469469166
0.00652885710026449,0.486355450481031,0.507930589114729,-1.38168466774675,0.0304254523828651,0.657092660882364,-1.19401041026007,1.07370656863567,-1.88609810963307,-1.0788083017308
-0.647676868731237,0.24513204136976,-0.94153343019716,-0.579712346252178,-0.370175489505358,-0.59313128289502,-0.418163067159233,2.72430378339367,0.172436290326605,-0.848705869782257
1.02004355068683,0.474044663954112,0.37980936078634,0.900112289264066,-0.344893475052618,-0.316021480950582,-0.863031772358166,1.3943627789586,-0.55354214337282,0.0198547370460726
-1.28321422768587,-3.10592237537057,-2.4784984313248,-0.426853058967004,-0.164696045364701,0.218350246195015,1.65852683858286,0.555988865989086,-1.0112876692952,-1.50658076344419
-0.629924356411726,0.135815890498853,-0.213901757737097,1.32836195214717,0.659724534785367,0.228224136491599,0.511653685836282,-0.0337342820149915,0.848534004884093,2.02632354271774
-1.22509406639253,0.420771407877398,0.733896803459478,-0.0184133985393909,0.328672144936934,-0.30265494174958,-0.25649524205538,0.754427611800843,0.141741463515524,-0.970596242136938
-0.618124582624685,0.341280609453742,0.0620256365324668,-0.279435460517242,1.32487181254844,-1.82896158921875,0.121042033552061,1.14104287138081,0.33567500754745,-0.670960945726449
-0.202479022489611,0.0756434047709726,1.14206567113155,-0.141773768710205,0.0630615675209863,-0.288391984790664,-0.268980423661272,-0.188527211608167,-1.47500891157293,1.40878901052791
1.53292785862551,-1.7011483641049,0.173995476909614,-0.506922649378296,-0.432004668339058,0.874039188590175,-1.37736438396708,0.187736683409382,-1.16980680161893,0.304243218782964
-0.198668432189017,-0.964692111799767,1.44250622865336,-1.41359080949727,1.22412343895019,-1.74456130265491,1.76057432458332,-2.69046645268414,1.86665708658213,1.46154992127653
-0.603303198955396,1.29713890665734,1.06147724736993,-0.830278612596134,2.04710244236238,-2.14468325775976,-0.756393670436423,0.564084839586132,0.181537037323627,0.872778176687063
1.39891253942514,-0.699916088209113,0.886808452583247,-1.55997125758172,1.87954498390608,-1.23213743129253,-0.363507687344635,-1.11902525539721,-3.16029865233822,0.259808347805208
-1.53209968087754,-3.09235315415532,-1.77547289209043,0.029975299544899,-2.45768656465061,1.75338881355496,2.73504234859326,1.64122576507828,0.0808809947245433,1.60952877299156
-0.76772265900765,-1.28936309269481,-0.925180747021664,2.49016795762942,-1.41210847256674,1.19882105519202,0.665717514296961,1.29264677635903,0.430044045904736,-2.63496499745421
0.598308168241391,-0.21363753990034,-0.455902964798857,1.00911135833038,-1.72489282321811,0.177218412389764,0.581542301767915,-0.971527149615249,1.6419534642167,-0.107971079263461
-0.28157704873359,2.04812565332878,0.426819228023005,1.05490451703489,1.60909237434951,-0.621201565359588,-1.27803123444597,0.0925065674812837,-0.749670268625022,-0.321289653599928
1.34841500559145,-1.39130822197017,1.13535803849632,-1.34084036839676,0.0893151598337857,0.0625404493520066,-1.9123732687589,0.23329115589545,-2.70564641485462,-0.280059049352641
0.554175624892539,0.615164504747272,1.04285820247324,-0.178528325721292,0.776207517326898,-0.919756041472349,-1.25906115975159,-0.0156037863116611,-1.31593024588593,1.82159191839141
-0.101923321918367,0.518866499717876,-0.0853505150483872,0.412977045364862,-1.03168741593653,0.159367288519584,-0.943791147624039,0.802584493917493,0.811570136844631,-0.978971831767294
-0.464168144385453,0.506222227366438,-0.737262104667458,0.196011878031131,-2.59527330744608,2.26188404874217,0.999850070800687,2.21482060468036,2.91186410095243,-2.48618758906643
-0.631096061485562,3.00792945939451,-0.534093039046425,0.0829354791467386,0.732129743525431,-0.763550128479884,0.146900405232764,0.710050590131048,2.65586416183632,-1.85139991724616
-1.66647761216293,0.375972942028151,-1.33547869285208,-0.0213490855614035,-0.776449972528372,0.42941852007917,0.924614105828086,1.58937045195374,1.0944645937373,-2.13652399435487
-1.08175085325283,-0.274143706610433,1.74546324966637,1.20385490978328,0.165866823061712,-0.111981533071095,2.56673221486218,-2.28968464917293,0.75558480195244,2.61887065863725
0.0196185175128865,-0.647015095680169,0.816821099580562,-1.57235304309629,0.638679491038753,-1.33365520770169,0.444592229814079,-0.898269296887148,2.00758368594624,1.18451602742264
-0.280783997291225,0.865201985528265,0.543946308548071,1.16030789088019,0.63132381717865,-2.92258240262358,0.423764282367819,-1.78757102339006,0.737424141691626,0.133710295311716
0.711383046391456,-1.2125436540977,-1.22198894663845,-0.382723093244935,-0.723616444813683,0.334004378325408,-1.11280194491404,-0.323475339283989,-2.74454696916808,1.14520736421176
-0.409895958696051,-0.0142145908595281,0.657555826176618,-0.547169855625891,0.370964230757144,-0.116326804662002,1.86867112911045,-1.81112758056637,0.860958161778919,-0.616462629743093
-0.683034812583175,1.33394762422242,0.28471847727469,-1.39805003919344,-0.153928914415795,-0.147003140986141,-0.680655541890177,-0.0720906891147042,0.483033914850357,0.421877423443186
1.10037635356623,-0.0223515332335617,1.46990478189708,-0.746739375020478,-1.0120907539837,1.04934563985725,-2.24593374219419,-0.426106540148793,-0.161460228483231,1.00025995866883
0.517456307118304,0.22038664895324,-1.41314869482984,-0.388633873791556,-1.20617800849729,-0.586490916758758,0.1010101408813,-0.11443203140709,-0.905624926941145,-0.800604545225927
-1.03378483409096,0.252724129461906,0.481239676131218,0.732853422712747,-0.226965395630654,0.693465698225096,-0.208083021795515,-0.616989313920511,1.33940179161158,-0.986045249887669
-0.298314439756416,0.01746953624856,1.44849378170727,-0.251998606354935,0.786742515669493,-0.432721901140038,-0.201501175698815,-0.237574276962785,-0.58738058452302,2.32798970603184
0.245284910410007,-1.15815979106245,0.902362315052219,1.21915935972328,-0.410841273741398,0.201239384046053,1.70293632899398,-1.94169550274935,0.591698072116673,1.53962221063887
0.571113036884267,-1.49033193402725,0.56561499373841,-2.83031187074849,0.114968448008534,1.82175888487627,0.540535909785535,-2.19786029256619,-2.29189062700139,0.248593825529233
1.36188655954856,-1.02738215643186,-1.78318044651517,-0.470667963017794,-2.16348673498944,1.64759364545189,-3.49263899641217,3.04569023928933,-2.12055302341371,-0.114726350655414
1.34037160740356,-0.999851158553872,-2.94126944930272,-1.01712568627863,0.228594957198134,-0.857008702381255,-0.829274891351215,0.383036028443635,-0.70135907439747,-2.86698740261479
0.741672347711403,0.00998019949942403,-1.64861073836968,0.952084985252327,-0.265791871209855,-0.350248776085132,-1.39853802619202,1.06653413043215,-1.03259152743824,-0.868559748117743
-0.318004251988474,-1.35022732626068,0.608581694591801,-1.41359679240124,1.02712475254049,0.0242739262740638,-0.152786242217077,1.03621437952891,-1.13662744511983,3.43977368178599
0.71471016121219,0.607935220871471,-0.412560266776842,0.398979418639689,0.049638234580696,0.873285009015092,-0.471474090513429,0.766895474015909,-0.907351748227689,-1.48768435017842
0.334299325268019,0.741113863435467,-0.642785440161163,1.03266898744413,-1.6967029093111,1.58085723518547,0.0493901172593731,-0.326285117577898,-0.0871375565423256,-2.56962008165825
-0.16432900139501,-0.136363533230049,-1.23513893208714,0.405961925646978,-1.44887612860471,2.51462354542907,1.23942168054184,-0.287865505588774,2.06157934640976,-1.34185201557193
1.15183297379942,0.872581840011088,-1.97081533501666,0.580246305382519,0.514325797361766,-0.689010151433854,-2.00688054326759,1.72103718705082,-1.05370850161144,-1.47025599951176
1.80721484382343,-1.09102161173003,-0.553311317100612,1.13453379271409,0.183957923165519,1.21921648262904,-0.35398725912988,-0.330451921059448,-1.44413928874211,1.1527988869185
-0.0276891641264414,-1.35628568804905,-0.0140313035551301,1.78081509715697,0.461402743529961,1.05214955670396,2.81659700079756,-1.47183409710911,2.12861237076833,0.267028368632668
-0.800336484453557,1.64757404699102,-1.26715056426044,0.789730152301404,-1.72765299734545,0.399373369651041,-0.895992548610426,2.66017035752381,2.15113217701505,-2.93380601558644
-0.944495139661185,-0.0582114384831867,0.0451461782628567,1.79660361301366,0.165897441797084,1.20773521127615,0.0129382655709575,0.0344243212261267,-1.44887722969512,-0.0859052303024315
0.322374635581455,-0.579144433350819,1.44909601257763,0.607400341027872,-0.0468838784442791,-0.845238621887207,-1.201203370932,0.0513433713693388,-1.78113708446113,2.1271415794172
0.870777808231438,1.567847217495,0.974973318838915,0.249539220123142,0.761328859629125,-0.435878453249294,-0.987384521372749,-1.9911761737602,0.584216044583723,1.54615385055418
-0.112955542030039,0.205356535365549,-0.50904219554454,-0.846545027029602,-0.378844212171267,1.49345571631255,1.59179899612659,-1.6601606372759,1.58924118919863,0.56904692377308
0.489765887073578,-0.040977801020193,-2.15504880428254,-0.773219382814831,-2.09503133507384,2.67469807322397,-1.26393952041268,3.17422646916708,1.68167089889794,-1.74613028869729
-1.61749162521167,-0.232342252776638,-1.52142554498225,0.0829292094804516,-0.140643560216203,-0.232863831567395,2.11539517069078,-0.47635658903869,0.48372966745739,-0.0639491078160126
0.859566758046552,1.3139406206104,0.987996523801452,0.631395294719011,1.1097281801543,0.392145170107613,-1.04480934584718,0.47533284562029,0.856498731937137,-0.562964496912188
1.73556913781604,2.08854368848822,0.343157928361816,-0.649715935426832,0.914261668674614,-0.157034675699753,-1.87712670013173,-0.609250874034915,0.124379751161699,-0.859974855003414
-0.133314368910765,0.155656666683302,0.106218522141448,0.584104728423172,-0.622324111437192,0.543483820670529,0.78836578000812,0.488247134316506,2.11937274312762,0.476851469519583
0.732248369576012,1.9460520673781,1.31333406353041,0.22818094538637,0.730483615110972,-0.854698002809759,-3.31915335900126,0.852102650033181,0.308907693193074,-0.593579636482446
0.284967343594739,-0.0996005928704574,0.403786714835524,-1.59356649883499,0.227086164692687,0.439939870566123,0.0468601667757721,-0.414254327653775,-1.08282475763051,-0.245406465721205
0.726190737449025,-2.00652641437932,0.631202595466558,-0.913590137598405,1.62164608419415,-1.89250659865806,1.36212736156266,-3.26384949009073,-1.08487496717923,2.56116251149971
-0.328678728385743,-1.62183264020585,0.491894918317456,-0.568017298498501,0.137730080998317,-0.0580069443331279,2.09640268140052,-2.21505534119382,0.462082658395839,2.41099730814268
1.39004328285342,0.481812523276493,-0.255307166618493,-0.415575922268816,0.637842716966213,1.12651255114274,-2.43945173452285,1.5815304227941,-1.17355027127571,-0.538230511078306
0.581790061469026,-1.0712756918383,-1.44711578436056,-1.10313343921822,-0.730651837341511,2.23659788375709,1.20401376061481,-0.89575617993221,0.596842457224683,-0.960817826171179
-0.498158748882852,-2.08401210485993,-0.384077799776226,-0.18525956860609,0.319144342257841,-1.13288206501909,1.64255471540826,0.19299961972807,-1.43177702777771,0.0478622884533347
1.16411642208443,-0.347213267815705,2.08258497741301,0.38970224005657,2.22661835225029,-3.72033490993457,-0.146169959666506,-2.89193373457571,-1.17128316890551,1.37530911211348
1.18516397108912,-0.587570431669459,-0.0946668925516206,-1.59286362749109,0.362003197963901,-0.517506509615054,-0.182747142778372,-1.42687240704991,-1.65154875577803,-1.61996809856569
-0.0507473687657291,0.11909697321542,-0.17990259240785,-0.236532357904855,-0.723793269149136,-1.11662787234541,0.521623937734866,-1.86036027314789,0.115246122344527,-1.7835703571272
-1.2167209449445,-0.652573000281967,-0.833544908431331,-1.34768709687357,-2.33494926088911,1.68453933251373,1.57647366860729,0.460542676588709,2.9859768928475,-0.833520713024074
-0.735148184604578,-0.809371130187692,0.00531790194178329,0.1607371415018,0.302621103979443,-1.41245086157286,1.502692117973,-1.53081520200412,-0.749565567268778,1.17243053000847
1.99035022971981,-0.0365277151640329,-0.0586707380791041,-1.21255471772701,0.252008766331524,-0.496059258388338,-3.06793546784927,1.71470382511557,-4.27571294130729,0.3642528624617
0.0205427422039021,1.39761557000401,-0.440648032188842,0.495726415675686,-0.535417193289089,-0.256901108065866,-0.84411919475091,-0.412321131556034,0.949135240048934,-3.6691232844358
1.706667047926,0.327637848176654,0.056841381418194,0.908154732955082,0.404191167666853,0.381042999808006,-2.60715834674233,1.93354310487297,-2.89909820558765,1.79628023274346
1.07224655109748,0.11693302285508,0.138269803992457,1.65059961458967,-0.373663122442092,0.135793028893358,-2.57290613752593,1.77261233717298,-2.70870302964711,0.499272018156016
-0.320078993280984,1.12420775684659,1.17576856274472,-0.842870223009217,1.86711363451439,-2.48286890319003,-1.71995316168578,1.07292316368466,-0.725163124234408,-0.229112652352467
2.29929100227008,-0.58544126676714,1.49889876855911,-0.852662920372625,0.539682290530744,0.988499389899913,-1.42990727634646,-1.3819215152079,-0.487133638492206,3.79749791370931
1.16249701169183,0.00535871761631677,-0.852899925646833,-0.441449992914449,-0.472966193467186,0.405069166473266,0.257435417957777,-1.58296922316909,0.377829181254452,0.345235775948535
0.936994466705646,-0.491961552074728,-0.590532899006178,1.0141599041952,-0.0379818596101884,0.531341806403077,0.0811287546194341,-1.56337465166031,-1.98632655054232,0.316557327192047
0.304312588750338,0.438585458826337,-0.266666738546156,-1.3104623716526,0.544961288565469,0.864236036851808,-0.0814866106039862,0.728150611682382,-0.108281987058366,-2.31301671597851
1.55641938286978,-0.328980669561714,0.433269196943472,-1.07552419148088,-0.150825941152545,1.52790928346442,-0.123249867851677,-1.39563928549468,0.225259666711943,0.927968394255216
1.93692697133454,-1.1005649783011,-0.764014199236179,0.0806089007109474,0.0755431382628363,0.163398573620521,-1.06561255884106,-0.401779889961807,-2.61427775084724,0.211492080708196
1.90940420084594,1.30274765682871,1.79354800394546,-0.107939804320361,2.72166482358729,-1.1215669250233,-3.09661440766621,-0.595026320946292,-2.71079266085272,0.832893277844306
0.216309765119514,-0.509079742891534,1.52762731007684,-0.404717251504229,1.931157850829,-0.433670831862279,-0.961080032354226,-0.399575520685263,-2.94813128541666,0.748479267734995
-0.200596103556548,0.533139220365269,-1.19377576691219,0.536208826330627,-0.526959181904739,0.851232998054292,-0.142547170843352,-0.121545489440228,1.60182961522193,-1.83801905768988
-0.964627865603484,-0.881852056081585,-0.941438410395801,1.67585166678053,-0.745312760045952,-0.638693047313957,1.31125696187239,0.669221438096155,0.790433760142085,-0.231378913160067
1.00580780025813,-0.647391092116816,0.740869914943421,1.45231066747689,0.757147909179436,-1.8690667691488,-0.860073945254268,-0.738646322940125,-0.436962114712035,2.47142457253145
1.26732459800351,0.478520434344652,1.14904492100825,-1.35685686939336,1.30384232936863,-2.68184414695636,-0.736074219846956,-1.00453117123284,-2.70925544350331,1.42191620575496
0.632697976827005,-0.729506888374581,0.333623370877924,0.253698005269625,-0.585168374486106,0.71997917523765,-0.687071209007071,-0.282683281251414,-0.829412359517611,2.26409188721748
-0.406516457801526,1.14634388961313,0.374907397486735,0.193915775124263,-0.402183305396268,-2.05309908073699,0.0498668460493399,1.70237726466733,2.49578539994669,-0.304359979271128
0.402473537141922,0.325382766107454,1.15723852922148,-0.823650974021958,1.92884752753193,-1.0473885925777,-0.467994580300357,-0.327359742867756,-1.2809858983287,0.223166450238688
0.146407876714234,-0.0288999937124058,-0.512218497077984,-0.684684142241656,-0.264473719424235,-0.464020288704898,1.29487164368346,-0.92085226072977,2.3890559677501,0.554025033527155
1.1241846372709,-0.117067238716948,0.00994370413145476,1.14233780714787,-1.11014368963346,2.18281170301651,-0.535389848383329,-1.03634527968401,-0.628281832959121,2.04701086659702
-0.752145958707171,-1.21625069642011,-1.24840139199975,0.065909896362171,0.318846004006776,1.74217803598139,1.42114178628475,-0.878489720198137,2.29211976062535,-1.11157191447172
-0.950788711242654,-0.675022660184406,0.86845546760454,1.22998400665332,-0.617067430375311,-0.265637317267416,1.15861482458644,-0.933395381988724,0.0229646121820066,1.29007063235529
-0.279700382881437,-1.14247418839913,-2.61649207584221,-0.155042906103852,-3.02921022948861,1.71864877515013,2.35433445093349,0.023120623253653,2.99485616248593,-1.41797957084637
0.176751850160103,0.897283058109248,-1.20454959682375,-0.403013397392167,-0.803228370829891,-0.0732349413247678,0.603833446191217,-0.246745061059805,1.06509779869085,-3.3437047393771
1.57132575022307,0.294208530021351,0.0919051789325147,0.788243937594607,1.30379348534468,-1.48281738672391,-1.54021134665312,0.0815577228250138,-2.42194249077009,-0.0129054609507542
1.0734030722511,-0.2395150785437,1.11033619391919,-0.87616535693977,0.81419969948379,-1.58765960692035,0.837926065998755,-2.68037614028292,1.49348499012507,1.13953509064207
0.296390036152494,-2.0907420403299,1.0482251803689,1.9406225540519,1.39938985134293,-2.67523404934799,1.54031866114277,-2.7878177193348,-0.711114779664987,2.40419556236887
0.0940076449820783,-0.280259589865546,-0.492949065822407,0.0562387688974208,-0.698716016686044,0.954231677141651,0.666634295853588,-1.57746481614373,0.557352806540225,-0.706182590873672
-0.907782760672741,0.0420554377972996,0.694558519615404,1.04149562387696,-0.48980238744265,-0.673431100310047,-0.232814384498353,0.295116906378958,0.156620663970053,-0.880753705180898
0.290401064110093,-1.59383372916222,1.28018409499912,0.704624308211105,1.48120178954198,-1.53961195425417,0.0071614282470547,-1.62116376856112,-3.36909851929933,1.78347654250723
-0.327503938297136,-1.11905763411407,1.21832080511532,-0.0482685304614865,3.21231486579626,-2.29376946271476,0.28621871316453,0.680853340722488,-1.43998224204473,1.87798413972881
0.539634204518387,2.23760304149933,-0.808360108719597,-0.408573352581905,-0.308654183683178,0.0561953291904893,-1.98575565909326,0.0868530284765173,-0.510524013780401,-2.88634481338915
-0.874824576340422,-3.12740109227265,1.38770430068682,0.82984692789628,1.05700063722992,-0.656503625940677,1.52028855221829,-2.45459371328401,-3.5252905134076,3.04994945161986
1.90714544681002,1.91791502293922,1.95873711430205,-0.016955572207825,0.699598951169548,-1.01761022240924,-2.583582453953,-1.91313536101444,-0.337468853911709,0.764251243591288
0.363593620023935,-1.79557193557504,-0.250081935067013,-0.211543624754105,0.774682431845447,-1.67084630573474,0.133939643651099,-1.36016326375745,-1.11497426228836,0.355709091629707
0.0315248358220497,0.825838653187725,2.06295334274394,-1.03126095592991,1.99983532714734,-1.50512878152188,-0.766434600501598,-0.374597800893817,-0.916364727007744,0.573398446201081
-1.6833568344336,-2.23916631383735,-0.787951663936979,1.36691254113778,0.21971612146275,-1.22028351264488,4.2492173526659,-0.388601631374993,0.657319083283111,0.508775919218949
-1.68577614040456,0.465984142882711,0.249805055375845,-0.635937029984755,-0.309544701513602,-0.651230403060015,1.98932665124957,-0.197435199362103,2.33105105302133,-0.534645389664556
-1.03849343275554,0.162724112626282,0.0617978483917252,1.27337444789118,0.469249201755071,0.719635546554861,0.168826930235931,1.04507541607295,0.720642712908815,-0.156729473760309
1.05467931824311,0.960131151232694,0.430573544741654,1.22891275574758,0.727811224789492,-2.6147010898835,-1.67069327027396,0.167532790666592,-0.0291625803722066,0.278036887601078
0.445531953363944,-0.921947140709408,-0.488374114863495,-2.38173032173951,0.00303804987803251,-0.00475141814946032,-0.380267641225439,1.3829232569781,-1.57221757828129,-0.438319116266291
1.49660783170948,-0.431420367338088,-0.619282975435969,-1.55467803208543,-0.569958810809342,0.284756980079033,-0.729656371316142,-0.271459059992526,-0.823804493899429,-1.71231449692634
-0.406821958417993,0.435605614067945,0.829444913854387,0.0263766515844425,-0.606866377985012,1.05207321765166,-0.356547440828751,-0.955524766696314,1.55259661876863,0.765899594654928
-0.376661641080642,-1.11188515919142,-0.721968532193678,1.15816466045626,-2.23249605746964,0.549089137701055,3.11291634795644,-0.830548971528777,3.08843306317363,1.35827099284954
-0.0561210155775471,1.55328422696076,1.69193493937657,-1.65742364616921,1.3926961600826,-1.38598770802265,-0.316558931771181,0.877339849060084,0.413465731327072,1.33903408962855
1.0130778627264,-1.15547029340976,0.669974549837268,-0.0291504973322782,0.153819208805619,0.703756528199833,-0.781539940737696,-0.7789941933177,-1.13656627657943,0.943485913045831
0.659826768025565,1.39695381732588,-1.58976919122325,0.282607398182211,-0.292429461154552,0.761208631006689,-1.96317690100904,3.08364859473699,-1.12211372280617,-3.02846988336917
-1.12249907097022,-0.397166893852932,0.31712019856495,0.1054833180292,-2.46076891890633,1.37346556320327,0.0968340013766721,0.290630003444866,1.09246734719561,-0.204171314669043
0.613178221240523,1.00472086378671,0.410120933039697,1.0137983685337,0.818269876112775,-1.48123443062709,-2.38616818050592,1.92126137327371,-2.71394673063538,-0.261482656168212
-0.776220208211535,-1.01765317050618,-0.643829244783862,-0.208513755007268,-0.738869717002834,1.98368529719435,1.46376635458518,-0.398274093008358,0.928706486734059,-0.428769274977659
0.298298847343368,-0.147811894732355,-0.711944594031245,1.38259924102722,0.0947016614590781,-0.433117128843854,0.376870269852,0.264387417827588,0.592081557411582,0.263982591880702
0.776376380765222,1.10387927047906,0.658245218585274,-1.14879242464801,0.457763834389769,0.488779119193174,-1.95953408392503,-0.949548043357657,0.101102804172761,0.369717378067103
-0.930941172087321,1.67961668725072,1.39978465204127,0.00609158730806404,1.28363246159232,-0.725142344619055,-0.0121539723093101,-0.987838667485872,1.48090045287019,-0.297359222550539
-0.28323204812903,-0.776823561500595,0.546683509486523,-0.899618715152854,-1.45054071860946,-0.184086784264914,0.392924406297438,-0.160682563944615,-0.722567336465994,1.74627519214464
0.16113039387428,-0.152269246561229,1.19753446653617,-0.246446509909438,1.39482177112988,-1.12480880735896,-0.418721605724137,-0.606047967876883,-1.87118199299759,1.54419543378519
-0.607586887595485,1.49133814659612,0.865198806483988,0.616446082572587,1.03130072468099,-1.75458135220833,-1.21894118321691,0.32288786978637,-0.899546209239786,0.115864624751035
1.04507560488071,0.262537187425504,-0.433107679602057,-0.74922349481076,-0.619575626457939,0.776462542490369,-0.254794772667731,-0.594625704857768,-0.121199000493057,-1.34950510813105
-1.43715480487331,0.673284130204729,1.5222654581958,2.09395755866178,1.07590841659294,-0.732520872163273,0.246731609118805,1.06944388161151,-0.461051592345311,1.7663051338403
-0.982216578970812,0.45975839001105,0.318603446762569,1.85068036463626,-1.01415472433163,1.18029412291478,0.1135646840937,0.391926179353401,2.32516412060469,-0.179554989194105
-1.07459528742958,0.282195791246209,0.76198821923028,1.80292354271238,2.57515363331683,-3.86543315036375,1.66318559190027,-0.580701002843143,-0.26801400894956,1.48117229990327
-0.102407818918117,0.836341405716543,0.415183555724003,2.8199345673262,-1.96829025540921,1.54339000308784,-0.286031519518729,-1.11183557983488,1.39946030704832,-0.692175707373072
-0.325468693462016,-1.10421409096525,-0.333234779519803,-3.22330723370733,-0.628248752813743,0.395825527414746,1.40984467316683,-1.16874971556584,0.635743574611953,0.549451988013187
1.11576238840579,0.674871817516235,2.72321797780011,-0.142873804468439,2.5690436913807,-2.71708588177074,0.332742638797336,-3.35050665753948,-1.6177558036999,0.161949047974021
0.604016825861187,0.020679148184306,-0.763040450071941,-0.283817395942962,-0.0912872123126183,1.64695444909744,-1.23173177569562,1.24117607812015,-0.823846440073634,-1.63947891177267
-0.0833813994595572,0.559705177575112,-0.418098010623911,0.863244396574795,-1.46051822880625,0.911598321248555,0.101848203545202,0.738423767860602,1.02527673048466,-0.613818307359613
1.10845631952468,-0.0541318161656621,1.12426923906052,-0.147886090866556,2.05828400815635,0.423279278527713,-0.495601346274127,-1.13504035884315,-3.19183545688658,1.05231308990705
0.397405949886072,-1.00695372288674,-1.83975288380284,1.5936046995205,-1.9141435139929,1.71632155238681,-1.71532607709482,1.51318093931472,0.88087347246843,-1.42708287157891
-0.737257854228445,0.15895507041537,1.24295400329727,0.786253919597547,0.236159976131914,-0.868680485131435,1.12326046380812,-0.0535528267189297,0.722306915162699,3.38340915300805
-0.660026353401583,0.35502542836923,1.94360456490909,1.25140237558802,1.34431671086051,-1.05537767199459,1.615758150252,-2.90263810051188,-0.0950436344451512,3.20590460962518
0.637939186914878,0.0336583701694112,0.436264234714186,-1.15167537199782,0.970778326463868,0.0200395042850546,-0.934473813698388,-1.05010603794348,-0.654167314147548,-0.0587752814327209
0.506636331658016,-0.34941106518063,0.895614669170334,1.23646995861487,-0.555002123348932,0.37092549253765,0.155391804362633,-2.04903582584232,-0.605263870776066,2.50700636043076
0.772443985138684,-0.0523298908196851,0.948192973192007,0.534507435819875,2.14017614655153,-0.489536513182385,0.45049085822972,-0.00538480651656453,-0.856953835188381,1.5707740802501
0.0332422944230347,-0.73881512810324,-0.778473239539579,1.79451492219248,1.12520908793904,-0.499104571158316,1.66918604715539,-0.967558433158481,-0.51838814524017,0.0678646086633378
0.156636386104083,-1.3680887432806,1.67001025124563,-0.646283352806795,1.23901043872767,-2.87389720202458,0.487157088113447,-3.75269368437432,-1.30976192614342,-0.163404950964494
-0.97474144542171,0.818574847965938,1.19984224440976,-0.457699824098668,1.02784969783298,-1.27655114635649,1.06301192652081,-1.86547144992785,0.843724310660925,1.16301986679073
-1.00235275859221,-0.470149847812355,-0.12757119153587,-1.77092094478152,1.04601122176254,-1.01184640094336,1.86062053950573,-0.96102827905344,0.0358592763872352,0.112730132999571
-0.890489411466394,1.92422870675862,-0.469763933364452,0.532700321548881,-0.460622572102149,1.68717148721039,-1.21013421307632,1.78013973756687,0.166459907644647,-1.13485155461006
-0.485671503927079,0.665543614876307,-1.54871357631546,0.388292704510145,-2.31320199856889,1.26974190514822,0.649775407936443,0.0528878572423298,4.49885628623252,0.0850694983549783
0.219256988792716,1.81178187226453,-0.459928877529356,0.807220054807892,-0.275278981526613,-0.461567827713496,-1.71399125677251,1.53061572679946,-1.18949084968438,-1.50869856039726
1.29282437480854,1.52790238361956,-0.80658842538584,0.770269067378584,-1.2189029446007,1.82703225548491,-1.60186307762752,-0.123741345013095,0.959241994074451,-3.45703574355161
0.904870814929263,-1.1931139804338,-0.3698706920888,-1.42718025186542,-1.05696465911296,-0.555483323154847,0.212309931466817,-0.269537985479605,-1.26333792149339,2.48958122162791
0.275758313736051,1.4346479034981,-0.0602164556433139,0.384082768114739,-1.94895337605991,0.267936029029659,-1.39451291786768,0.360727386351604,1.07129854552421,0.270230812482205
-0.612947900671043,-2.38208797488152,1.35353684243785,0.53544189848923,1.20530292676039,0.562045427349261,3.53796280341764,-3.65516779089691,1.5098961479765,2.58625717647996
0.72731536906602,0.240690573286093,-0.487907651356912,0.0718157601949666,-0.0785348743803033,-0.451544903278296,-1.82825538878629,1.43939490075194,-0.213923677817547,0.420287514920678
-0.788377803221275,-0.869895537721924,0.130156569660228,1.43414742262978,-0.333379044480301,0.14400957725323,-0.260323240346467,1.16622792943334,-0.312993558120291,0.900183903890763
0.967059340307939,1.44796379750346,0.0221987097557299,0.908028295944207,1.58789728118786,-1.90946863141595,-2.06907038851097,0.0774546568556868,-1.77250318701197,0.260606331023518
0.474095515236373,0.411845598232006,0.438569871245934,0.50927126301788,-0.310614395709107,1.79004373545979,-1.54664653578509,0.916423637764344,-0.285778231009713,0.938352614379706
0.157427582111715,0.290626182789903,-0.337160578165131,-1.13868990308958,-0.158105807146211,1.19263913845583,0.0786287177335198,0.266485210057936,1.78580361087753,0.46817204574769
-1.96286278959349,-2.12439401191642,-0.548199543897883,-0.613765917504624,-0.957919945410676,1.35114814660155,2.96883890081599,-0.697426336251115,0.261516070479033,0.0726907319716823
-0.291556579321067,-1.15960355918573,1.95275665628371,0.104754572514704,0.0183813790869831,-0.583906736743902,1.39092095208199,-2.85491189104456,-0.496322944212373,3.71367043696893
0.309739540074274,-0.318164749507156,-0.212802490200045,-2.47032695466006,1.3446492035389,-0.722934407081571,0.66104620654738,0.184482411453952,-0.0698405836986546,-0.0217006273256676
-0.143878959225535,2.28161551136914,1.65744933182937,-0.355297611061876,1.16246269898003,0.903600220928599,-2.11222366216802,1.28598894846715,-0.570285984685499,-0.707933254994579
-1.2786945446249,-0.153296379891709,-0.478884170163666,-0.587266167113837,-0.0641762570377275,1.14917270481885,0.0829130013269446,2.99903541331369,1.08422354720587,-1.83415185900107
0.264250402501601,-1.3333629691606,-1.36690564056559,-0.19508992530439,0.154736668325224,0.379829621348594,1.36172754252969,-0.486856056266681,-1.9975986153326,0.0394913677135993
-0.0276982462788012,-0.371548747662481,-0.762709626523476,-0.38135577411457,1.25459072041208,0.0613458137713846,-2.02797396547749,2.8306288013643,-2.04512783991,-0.115203126137038
-0.198174576194634,-0.136636871088454,0.103744365234474,-0.629489761953609,-0.477786754849344,1.43657427011696,0.436062556406351,-0.135974191932027,0.992816248347229,-0.29441761635353
-0.4858087510583,-0.850748226536524,0.958394932417653,-0.54485965618225,-0.057321825989167,-0.0257214898994149,-0.157875473005631,-0.44471292963849,-1.57139875168885,0.944366943782365
0.801196796792437,0.168950727512885,-0.344090007902825,0.98444762287284,-0.416254615248385,0.836624467661444,0.852361367141143,-0.0330785793513399,1.95239608961979,-0.723994315951663
0.715919461292087,1.50464801815446,-1.92152627034585,-0.668973194601419,-0.486589337682067,-0.0101043018438084,-1.13909282292024,0.907398790756701,1.16109012494335,-2.05175985584071
-1.3302587717052,-0.678518302229145,-1.40433582403158,-0.408215883376344,-0.362621765769399,0.871178604195131,0.0469779934621821,2.6425257469655,-0.623758125351391,-0.8674354849345
-0.677209140880005,-0.66353435401908,-0.573700803200472,-0.267911546933636,-1.72268283554197,1.14187447946819,-0.526572780847527,0.807413024091654,-0.676716890351833,-0.501152924611391
-2.48286212808189,1.09097181721649,-0.368327900090261,-2.37886413071019,0.443515860831216,-0.0109605338942089,1.68013264950667,1.47471835207484,-0.0619254689302717,-1.25119831666006
0.463248605364763,-1.20044791797277,1.95684278302736,-0.61811720109075,1.19772907475938,-1.59708966532842,0.324317624763925,-1.52850024115239,-1.94116658358295,1.94771165706945
-0.0497013074310905,0.31843626653092,-0.388976422072976,-0.0768857337060599,0.647336628962589,0.853718699831493,0.28383277899482,0.262429174889317,-0.93698538437674,-0.458655325870219
-0.0675934018168373,1.58837139095415,0.0419833820222553,-0.30672158343548,-0.176189071786838,-0.0933021414278973,-0.797540498471894,0.0938532777721389,0.950931930127609,-1.03993065095543
-0.36744648473284,-0.299752894452579,-1.35736308982789,1.06898266391172,0.136193844212987,1.40238866596462,0.522331691836996,0.682092744663834,0.485035926957367,0.426265340798455
0.788793122198691,0.224807320543908,0.842908040098449,-0.258312076401277,-0.025485221349319,-0.124947895955941,-0.233251570367483,0.345388076134962,-0.010501792837557,1.39917663105244
0.291012736100434,-0.794023047532256,-0.657612888527402,0.307130654428954,-2.18024802468105,1.0666222540226,-1.09986461938698,1.91927548649947,0.365230687221187,-0.353457547992084
-1.10789828192552,-1.39383805537393,-0.0957822602999428,-1.65801528101767,-1.03818274035711,0.151764539319768,0.468319932918528,1.14400195109973,2.1099983532519,2.50581557701895
-0.0494590468910553,0.0242048872214748,0.229373658408058,0.570890291832292,0.929625331806033,-0.968705592662967,-2.03838356774773,1.56923109106969,-3.97407047619725,-0.800101929239848
0.995342357098931,0.859779956832315,0.908099510959461,-0.824313830793388,0.777747118018338,-1.6515557145767,-1.42632393798042,-0.234318624381864,-2.44080577339017,1.37437655755371
0.325145471727898,-0.962206689181936,1.50690395662708,0.89371708479549,1.78018296574568,-2.80258308373896,1.56008736619365,-1.95955054156932,-0.0549122840768843,2.42524570730126
0.839634521774953,-1.13640155054187,-0.129219902109731,-1.64089041778486,-1.73858466812081,3.51145525981728,0.192826203979134,-0.457734875328195,-0.754357123034718,-0.928241089608985
-0.644307732067677,-0.582224824474318,0.879084960507757,-0.43099938010043,1.61287690253361,-2.62281583304778,0.832322331571957,0.0383097410490124,0.183218467778193,1.84903790541143
0.87943239909597,-0.301819504859973,-0.248762291142571,-1.21948764929871,-1.96008432659767,0.408879391915075,0.944255113594397,-1.82620890994457,2.19573293141374,-0.000217019042251567
1.56543306260507,-0.215535740948759,1.27563136245646,0.454445091165621,3.13792284430366,-2.05205911026368,-2.49441403879595,-0.898964854226962,-3.22328201019057,-0.60600898833907
-0.905974762088509,-1.77208189558936,1.23231400718183,-0.454591165951656,0.896534729094193,-1.35660886077387,1.44369468457177,-2.06737016072522,-2.23333062904687,2.63138309467396
-0.842419468583169,-1.65135630791334,-0.333652311060268,-0.983372228501504,-0.309809749456945,-0.0304031451090081,1.92346997655904,0.178717366216244,-1.69603542927602,-0.108266061739582
1.1308980840966,1.08186806014328,-0.00723327335648793,1.16592752822947,-0.939082991518397,0.695418135362281,-0.788269320486831,0.815978794724179,1.64375319283321,0.284201126833713
0.522611259063002,0.890798348953819,-0.944586780722215,1.41937058711485,-2.80449735881528,1.80716938867813,-2.3410657131033,1.55267741010543,0.247782699210515,-2.04047983367006
-0.976848115029434,-0.23375512153738,-2.65568310183058,0.228951556113134,-1.36973611098441,2.40351893191408,0.671483419408567,3.02927467837746,0.0157778564563262,-1.75379534186561
-0.758819246112998,0.370294689333929,-0.422186515569001,-0.0324202524662826,-0.628220267926945,1.85066822707662,0.847495985337903,0.734137405244517,2.69586208923271,-0.28755202028939
0.599971445317639,-0.520196482396333,1.56285857426999,-0.252358980029557,1.33040301695552,-0.910203414288524,-1.73085535327354,1.02968336016593,-3.31247348902492,2.52697967607904
-1.64912703221613,2.58107179077735,-0.113716106188982,-0.16569334992551,0.755350380070273,-2.54505070138446,0.537466194447047,0.213991820563033,3.12199029008773,-1.57580062465698
-1.85923377246687,0.5658730633415,-1.1222214408968,0.265199922956761,-0.079268026963378,-1.19201947332921,0.767430573647071,-0.101577610177101,0.924164912510362,-0.0789555235912987
-0.0437143750765134,0.670421459834137,-0.280403191746264,-0.231085974979094,-0.461692475098365,-1.0141491591889,-0.336596995841026,-0.106300441277208,1.16575402334154,0.758785859008241
-1.09429478718761,-0.34477667070808,-1.34021270263684,-0.516023800297809,0.602630448662414,0.173456768705438,2.32988517477135,0.674093338935311,1.87474133817063,-0.762627271059582
-2.01041204621996,1.83054896305414,1.77917993484078,-1.18189924178134,1.58947965917009,-1.62143186416981,0.712451942978211,-1.09611650210216,0.776725164102293,3.29177250352006
-1.13964924614867,-1.53916925808108,1.78281526751109,-0.740569556354099,0.902964952089895,-1.47111183902558,2.51956141231319,-2.68487392363517,1.34049486919505,3.10034383759995
-0.335669693182247,0.27427167310997,-2.95228103769229,-1.37321374656441,-3.35183960631021,3.64453094823467,0.196203554209639,2.41876207680052,1.66527400437475,-3.50619968502425
-0.310667699900495,1.30155821783439,-1.09287641293147,0.362176845371746,-0.354375254758748,2.32317677791998,-2.22715096643177,2.93644846568185,-1.02303987137957,-1.42224473697584
-0.174182731232901,-1.35062740346108,-1.79576218863915,0.0978526150562421,-1.57420637838817,0.318351484567048,1.42454219403824,0.139484017563823,0.108634283110211,-0.30723102469722
0.949811784728809,-1.020753107709,0.479073575035093,0.724974073397374,-0.130629590561788,-0.550109808000873,-0.457070063242561,0.832161451769516,-0.836538841158067,1.11582014665655
-0.706670491624787,0.507798408481593,-1.54707007082327,-2.01793878044137,-0.639233005582526,0.682466211261654,1.1079723881212,0.636814035120946,2.03706400275264,-1.98875423022904
1.06205567143488,1.22835140759563,1.25355822966083,0.777852641349758,0.0263163620552521,-0.6054533012188,-1.87472591021428,-0.917933873957079,-1.05875231233354,0.68815107993757
-1.06079360401235,-1.90418994110565,0.763251736222832,0.553109886309364,0.773814433425256,-0.265989245941232,-0.268772349569454,0.0655700012871338,-3.68868072257765,1.53789303114403
-0.280495111235583,-0.156272918319375,-1.30724954344786,0.244198940114929,-0.725692514300429,1.57630551767415,-0.00617055739122413,0.536929655584086,0.79465596162431,0.523753999752094
-0.381741860182421,0.8647856201851,0.784399736174874,1.88891259114252,0.917396373255463,-0.433590933155328,0.426686652674846,-1.84074802649991,-0.0405992506652053,0.317604135888377
2.90747202712038,-0.234286281062407,-0.845659113199737,-1.08385270078753,1.17766404073096,-1.00783150565329,-2.50711041139321,-0.420757280672757,-2.17622702263247,1.05242265234477
-0.290139682910667,-0.605636168315747,-0.677597492216985,-0.0999933737976643,-0.916027225266225,1.30102393937126,0.713819974245075,0.176902433803779,2.23502304908473,1.54346613041512
0.457330346843468,1.09662581898957,-0.40921761919506,-0.199758728201228,-0.594939071248288,0.690626347603952,-2.18236986559111,1.08300924038199,-1.03793992191709,-0.0949718010441825
0.333531576887226,0.676105850017495,1.71249547301566,0.0842200397735137,1.25553095524882,-0.656258711683241,-0.809091439522851,-0.776899809027153,-1.39585859116443,2.17544358865139
-2.56689867185434,-1.40462834265872,1.74930393954074,-0.541410718865141,0.842746250822741,-0.249844401676888,2.82623317431315,-1.66557444393796,-0.476229268344482,1.14264603051492
-0.698056800890598,-1.95876083994581,0.930087604423859,2.31637002027517,0.890894664984883,0.678604336147932,2.06108738931019,-2.59991097343097,0.298846130687786,0.84588344368966
0.397452435256459,2.0510017320023,1.25691100170708,-2.08287807283582,1.33961990977251,-1.44513059109143,-2.44874329478876,1.12481853352943,-0.818322395068822,-0.326253393453421
0.247369642906153,0.973726138289189,0.918621988292543,-1.02988960158504,1.52850168538637,-2.4276877674346,-0.543816690060463,-1.8284074781039,-0.0727317011531689,-0.106566282714967
0.703397857064206,0.752115253161469,0.431707154255994,0.154023237239568,-0.245068226184877,-2.31296371629432,-2.25696507766616,0.511104667918965,-1.32077970114856,-0.337223550287615
-0.230897303080034,0.437189904310624,1.88494714652905,-0.115333382732249,0.108427597888927,0.709188985142983,0.173560217100704,-1.76857660369182,2.68988867450592,2.50691369480664
-0.0945210812738171,1.51586614193467,1.86585972862103,-1.62657568132383,1.42890684963138,-0.467470119333815,-2.05376935520092,1.80279408898267,-0.815186372037906,-0.683285850818086
-0.616316564757646,-1.87534975345048,-1.65122068648938,-0.0162102524483947,-0.793003392864954,0.861908302358685,1.57484977560122,0.756094694265157,0.361310317652799,1.21463705131932
0.490004131936877,0.621688033433613,1.50137250855124,-0.221797744158444,2.56718558273875,-1.97758442762428,-2.26300496346236,1.97947021371763,-3.33670245977544,2.09564382639886
0.507381989947061,0.47028955716187,-0.695992001560916,-0.870264731470839,-0.472615983628918,-0.0842617520907654,-2.40846756008082,3.15970749698026,-1.44352579817032,-1.65948276215782
-0.131468912588669,0.0799939834889956,-1.65694719937835,-0.538380567297681,-0.480924070091356,0.979064507046701,0.114508274625748,0.241959979281539,0.177685452002223,-2.07497087380179
-0.0278164741765712,-0.721156551125341,-0.425787667886292,0.467931357540721,0.38311425031519,-0.397635021115444,-0.428556648355072,-0.954097606280502,0.138607479751311,-1.36696351836684
1.03772856522275,-0.466522210034432,1.58155325486317,1.02375272375204,-0.726733300945146,-0.221230073404285,0.812676191672086,-5.16581823982693,-0.566081241983195,-0.140362688226775
-0.214067601915171,1.92342997059227,0.277904005138473,-2.04128174303427,0.953498380164788,-1.2965798660094,-3.65365868183698,2.91791415214974,-2.00417596089552,-0.50227108793091
-1.02531768483271,-0.767764474752162,0.762425868347729,0.961669426436463,0.790127549678569,-0.846970425815687,1.88778205903418,-1.57150033499171,0.868135770717456,0.673262560406786
-0.0883664860653232,0.0873713451955512,0.548564480660459,-0.996701160137716,-0.186644886757027,1.7996127158837,0.0533095768809761,-1.50124360338833,2.16486912697024,1.63289225367732
-0.304237058284217,-0.183095832070255,-0.0196190685238335,-0.48778987373664,-1.60482286283748,1.18001191789994,0.761099543464582,-0.6801670389211,2.22644073181227,1.42937076981112
-0.542092566836557,1.4951741282787,0.599301688381096,0.615546608679073,0.662071756862345,0.0255336385518622,-2.0132188749014,2.4848161095053,0.00845294458825866,-0.596961776669044
1.11855179408078,0.913838425190556,1.46473538581813,-0.185421752304438,0.656919314410061,-1.64180451290131,-1.78771338170261,0.141908685181804,-0.872806068931536,0.546659492967654
0.61055109946466,-1.05962656857111,0.55748596961721,1.17794858377639,0.603607025237161,-1.44793361156793,-0.237527455136404,-2.49137927928595,-1.66955970494379,0.569039920000469
0.099674940889487,-0.844681435929342,-0.82549991613601,-2.24458255227201,-1.19453824316768,1.92224044752785,0.479637464074442,-1.01659735870503,-0.633785506153414,0.541988681572944
-0.0462751841281724,1.8711585264196,0.144588451610438,-0.0660547006042146,-0.820255360560774,1.63283143713958,-0.879016569047446,1.52158825270141,-0.11957506036729,-1.4730621104387
0.0537445439938074,-0.122302516646409,0.189033447216205,-0.686331909617941,-0.0474038378339088,-2.45551146763437,0.310413828397602,-1.64972003674088,-0.881059015151735,1.17444363443201
-0.444882831927386,-0.0901944481898372,-1.39592452009232,-0.134894770237218,-2.17507787508772,2.25769797119955,0.187054349376578,0.863320712815515,1.20200528329399,-1.63752007935331
-0.554326908707717,3.58098013552086,-0.815407947654947,1.01140445743787,-1.15615227335502,0.722209618776192,-2.62734315569771,3.32555336805282,2.38940814972296,-1.7838002962053
-0.148768521093376,-0.610956169272871,-1.62948646958613,-0.386021696982889,-0.633313975830898,0.254924292115649,0.763525412572289,2.00017065091799,0.901359021488425,0.423717058359704
-1.39797169328346,-0.859982580029048,-1.07472500371899,0.164001289257647,0.285392425381635,0.346433408708899,0.676004414187704,1.8591432834615,-1.5454619631482,-0.0942326510857148
-1.41033053691083,-0.219413476679985,-0.586139483121299,0.678614314137103,-0.280475043235943,1.6689825929462,1.89124001291754,-1.03452876564023,0.672377003272485,-1.84855220478509
-1.31805543365868,0.154848061846571,-0.588327196873019,-0.902988852565008,0.336997295832022,-1.08020836923677,0.462170076380118,0.263324557841232,1.47688708972321,-0.945677848643624
0.784687862855569,0.693425509982783,0.349680274368514,0.247936756062529,-0.269919019069245,-0.37491793250611,-0.653165467673635,-0.513474787107055,1.19529465240357,0.229736797061277
-0.622258016581597,-0.193147937027482,0.911518206228538,1.13574669829222,1.72275649804939,-1.40954085955947,-0.176986719617877,0.421643093868552,-1.532471009379,0.995860897597812
0.522274227065818,0.303145410744798,0.192594355622539,-0.597382049924047,-0.127492131891042,-0.317416772048649,-1.20874640518915,1.46293157779685,-0.703874028367318,-0.0663254762004517
0.616577815307297,-1.15372978567937,-0.133573846360821,-1.06098626036023,-0.778528192021419,1.29970535365242,-1.36349510662611,3.55849888635068,-1.90549803083718,0.718365055663412
-0.0682068125470973,-1.10582319678894,1.55059023453835,-0.947542020605084,0.493801299879916,-0.418674024270769,0.580375267083354,-1.00264909177437,-1.11157917652842,3.64690996168559
1.11321848553329,-1.31333594286113,-1.39562126170651,0.886614268386383,-0.165950307643191,1.05234197310426,0.175967037967654,-0.343852427548858,-1.39323833520527,-0.609096245372176
0.328467453129865,0.172203173492772,0.721452673566114,-1.18752009705732,1.28159262960596,-1.77758255528914,-1.41826873583288,-0.55911195864163,-1.14022364427356,1.95302535905208
0.0162547131639078,-0.550633051474529,0.75844601109302,-0.690959594768746,-1.59174917530071,0.463676567886463,0.141850058291102,0.458701906008226,1.41447518583266,1.55486541963615
-0.0933682548436282,0.643650061646986,-1.94078769788206,0.988493646057938,-1.22592706826892,0.0950173905618852,-0.108733402979467,2.79596276599028,2.69389537462851,0.204464063275649
1.28711006877076,-0.723273179446037,3.5599385233555,0.572578338900462,2.09303429231297,-2.39838363826353,-0.733596871009444,-3.33820998403061,-2.88261273402618,1.70182202412151
0.382607803725471,-0.315042657615491,-0.318336891624856,0.984050391197565,-1.6831409761945,0.730453220614898,0.540662633927049,0.162813224329218,1.62578294618471,-0.9110706287749
-1.37996107236207,-0.00920863604274975,2.3193461550381,-0.938206199043317,0.585740507218674,0.153792766135046,1.58453129580402,-1.53032921878018,1.09146495659306,1.30547804352747
-1.19071258839959,-1.58983961714338,-0.165012957359704,0.445658180922495,-0.418330175655069,-0.19667072092388,1.6336268613362,0.196293043996342,-0.920637386806246,-1.54572656274637
-1.14175670379694,-0.6640305884199,-1.04363193133992,-0.859496276822798,-1.29321855026371,1.28517000993139,0.249385569913059,0.0578819066495519,0.761025786059394,-0.0555139947048116
2.20319701462806,1.21228119299725,-0.823729992736063,-1.19949818236807,-0.923766525071559,0.00513462120132297,-2.16109902322436,2.63951267398677,1.43673233308519,-2.4161307461563
0.0935784489021738,0.424294267725233,1.27521287196856,-1.26825588684504,0.17917065715901,-1.02585825457658,0.243199674885973,-1.51998563714794,0.468434034276476,1.64160610216546
1.6179496646761,0.98175699501409,0.27063847591317,1.69889379668149,-0.301473265695822,0.355895112206375,-2.422306618078,1.23567637491427,-0.365315635830347,1.43671023089391
-0.385107587686641,0.349891395027688,-0.741143387339811,-0.731608059739211,-0.839262295829695,0.106473913113515,-0.71009566381873,1.70293657276963,0.650821867635632,-1.8065873129966
0.0563922392125185,0.657305017564109,1.42734647731205,1.71367689207287,0.154482052354522,0.157396111167977,0.713163275331151,-3.28751501000784,-0.314853382349801,1.01259389557127
0.587427230950082,-0.786725206304014,-0.898599569958607,-0.995821190438268,-0.905357257246245,-0.361988816675919,0.44965853075462,-0.296423336954016,0.480128126499489,-0.547775285579533
0.0217083230237449,-0.735484569168735,1.11487106070649,0.0906064122267201,-0.654246479690623,-0.164691701432444,0.26102520817432,-2.31447663713221,1.86625037318665,1.69782610427851
-0.918354756728295,0.320425024325177,-2.47927325772101,1.87735452422838,-1.72463018673954,1.46415074473882,1.18345810664934,1.99697072977392,4.02040615079274,-1.95756155502744
-1.15631308491228,0.0384489468713292,0.978553860019731,0.210856951683815,1.68894464218155,-0.11625717546857,0.725002939962889,-1.68035308996007,-0.880962478262802,1.45080494629377
-0.492216014117573,0.350195156502047,0.203037824038581,0.0262810703096734,-0.127644749738511,0.627648166549094,1.34398913255664,-0.402702116007598,1.22414253822705,-1.62445545914752
-0.746336197509871,1.09941034330735,0.254973579277195,0.137121963017607,-0.131217381636155,0.0174290224730018,1.13647444580827,-0.774907583171473,2.80401156030354,-0.356038183517874
1.12392804064396,-1.28762677238562,0.268045376636392,0.337082110880774,0.609573993922515,-0.579548714539431,-0.13424441980724,-0.800154523969364,-1.9917086543541,2.35616072817503
-0.532161428915411,0.72990131991878,0.436270787212641,0.0126901840011031,1.51121855220289,-2.55661908331219,0.892025990122195,-1.26047667317554,0.136137144042686,-0.241806596616801
-0.605229533310684,0.530305616268411,-0.80978392956239,2.35381628538979,-1.5978326692467,1.35779606783437,0.478758504220602,1.708038069193,1.32672756778065,-1.51282426867909
1.30924787434503,0.349566908890961,-0.389158321389117,-1.05077030382728,-0.676373707048216,1.01280638987718,-0.14750881581199,-0.197024221403151,1.97641123960472,-0.386714770309653
0.441749288540473,-0.340206525718942,0.268970012760136,-2.15516557309633,0.283362872407236,-0.837053884045768,-1.23962152118111,1.56803985058041,-3.02594327351866,-0.0745859425544527
-0.185493929023187,1.66077343705006,-1.47441091542056,-3.53156286533145,-0.827335210388993,0.900679421031719,-1.06935370331346,3.03373680725397,1.42790617059735,-0.922826732669794
0.69241998023589,0.904833252693066,-1.12158014837696,1.27834007727578,-2.63729261827812,2.33220778305787,-1.56881628065237,1.51789399632851,1.23248874314091,-0.0839080001000655
-0.764890801931255,-0.235578090800878,0.694325995241441,-0.0042800919355803,-0.246538286575485,2.29996927871425,0.460149233543126,-0.550835921377569,0.33084426938765,1.37225532475967
-1.06256807249164,0.535958551763776,0.697841904274873,1.03566749724016,0.915997795671973,-1.81303034508334,1.12375264467413,-1.88959562294376,0.255877382437186,0.000338459651267922
0.855749895182219,0.113260116141351,-0.465333816270947,0.0907621398088398,-0.460642749855568,-0.379269742028785,0.0141507540299292,-0.118669991233794,0.106163916853692,-1.11615944184807
2.00481906270513,-1.43081236121161,0.382728619474829,-0.881816728727142,1.53594164152729,-0.832152166652462,-1.3410354337786,-0.50850356186334,-2.3237638360625,1.89488676583411
1.47390016982459,-1.54076607110648,-0.858117449864066,-1.0707708170539,-1.65256828286021,0.644304195767067,-0.399459996393408,-0.692938564230216,-1.3805602623897,0.0851763037669064
-0.644968483863769,0.723851332392984,-0.602830113941709,0.559971660720361,-1.94367370616368,2.82567696519571,-1.66155020600631,3.50425458924841,0.447367652140021,-1.47565834422066
-0.915030413296605,-1.30389804784501,-1.11346702567305,-0.681988954865192,-1.6325028365588,0.700088036832646,1.20177555046516,0.69578583276107,1.36886783532399,0.202112047385574
-1.392006536397,0.510164061633523,1.12726867059383,0.501761923953982,1.03329737909665,-1.18555170943663,0.457110598032614,-2.08967926554469,-0.638952563742053,0.29406173531569
-0.0981970190323491,-0.392823728160428,-0.523684038625168,0.0258560297809145,0.095321528923118,0.956233577355034,-0.412580323028025,1.74109559751305,0.485026984752753,1.768859971838
0.0563039733582106,0.0703344722342972,-0.772185287017405,1.75791596735242,-2.11722489490316,1.18371043720344,0.752799615414769,1.49929192433806,1.1562680507762,0.407312498980406
-0.535106665136318,1.06465567577911,-0.382284132014698,0.283908538373883,-0.849938596556593,0.584773493970618,-0.19192963681161,0.932125619994118,2.99521894805892,0.4925842566365
1.6120980426595,-0.0238808451241954,0.851711362839859,0.600121655273822,1.03718122302894,0.688325559036963,-2.45663163732401,0.363348079093686,-2.79284492935658,2.75386339092556
-0.354000919009921,-1.21474213562409,-1.80861967575398,0.881012230089501,-2.27089078923443,2.19262233831126,1.26525758924745,1.25916230610343,-0.393861285774936,0.854880793822767
-1.26961974485395,-0.160179905185479,0.709739042302934,-2.81018451737788,0.634367140826391,-2.05673803081751,0.00597927837094261,1.04103850069452,-0.17409695466029,-0.349909939086327
0.991375493012216,1.00039402881032,-0.10375955389144,-1.45244921019393,-0.303901057960906,-0.838677348062732,-1.18408786531945,0.692821126276552,-0.425449360993995,0.466377659549501
0.152147302384301,-0.472729047568805,0.38081598592296,-0.238996317409879,0.72554624826257,0.249827870110951,1.64115992001851,-0.748985051705218,-0.00948709778149506,1.23703365078694
-0.473265717130672,-1.62267819250867,0.311360163846521,0.519074645240068,0.819349295912857,-1.41740622902282,2.23053891701351,-1.88951279635515,0.474567308594365,2.46441914550853
0.338600538354293,0.311322282879061,1.95800835815182,0.278870260111708,1.12874538545397,-2.28729485147425,-1.79500551001609,-0.647175593294339,-1.9419831557988,1.24946653886664
0.375387536459833,1.213669614581,0.64118120529734,0.79793368024062,0.0251335364998696,0.0508314178436629,0.0731237975869312,-2.3000365573021,2.80516362115658,-0.564359459046561
-0.052347389139679,-0.711865845354857,1.64289167320011,1.32318838411768,0.942584300358122,-0.896451984087502,-0.281486515409169,-1.86985805911633,-0.401510838603619,2.65900139346724
-0.4372512677861,1.21295087103293,0.973008203313412,-0.7527543071523,1.47371623164312,-0.991805598557352,1.2537424990795,-1.73174543891766,0.788499083974574,1.56169313520821
0.465358991628625,1.08587651179079,-0.955875508302712,-1.5925756470626,-1.98763514649103,0.66232597941851,-0.610824341609436,-0.278890112737179,1.2254267728043,-2.72430775547971
-0.986357587519213,-0.694802275164455,0.972450215534102,-1.59023612434402,-0.492547933857084,-0.489715159552984,1.45051789603884,-0.793455824469469,1.5145618032491,-0.796206031945919
0.279108313428972,-0.543637704642164,1.60328536053493,0.239342124840019,0.249928568527141,-0.000480284938897985,0.0264422907623945,-2.0385104934489,1.46622139827566,0.991542879950138
-0.690769023778147,0.601428527175773,0.612220017576983,-1.32583923785498,1.0940682294096,-1.10963111849427,-0.868757063904239,0.871741415342295,-0.987563411206809,-0.814113042527905
-0.543226181182082,-0.758822397150337,0.770690989903956,-2.31739357084153,-0.578030098863027,-0.736564532456408,1.50465647819829,-1.30309611207371,0.288490166164987,1.43504507596998
-0.205185145029508,-1.32408263748478,0.77035540651442,1.07114425667724,-0.23689182345282,0.777475315814412,0.85102281413101,-2.27299552410127,-1.39445065730237,0.963915184974582
-0.104928552767801,0.264396731596709,0.574723447592958,-0.866328633874424,-0.239275706541698,0.390733858324923,-0.142434763181667,-1.58329646551937,0.163033762558342,0.373426215455124
-0.27668135589022,2.03811577546331,1.57478725945915,0.911640735517891,1.77191362597206,-1.52875208241336,0.424214623668384,-2.62554566420196,0.838263035755443,-2.70598843272231
0.54890829514106,-1.43866230228916,-1.72796476640269,0.987834054997966,-0.773327134411493,1.21508507750751,0.0651801045291968,0.382909582620215,-0.940287157391519,0.325284224154164
-0.905233125270401,-0.224368991225488,-0.114846980222457,-1.23882398919333,0.46070226711359,-1.84760836145853,1.93816097376239,-0.526530346237435,2.75194490983591,0.973165985964117
0.650720554039105,2.25763052909966,-0.488368011749743,-2.14995595442047,1.31393802648275,-0.861101342986044,-1.82538695796242,2.81603681048847,-0.503096309985468,-2.33077332704827
-1.03551271728287,-1.2256383578931,-0.851638450695773,0.540664313075441,0.0273662668727157,0.0642951132425456,0.635586051461703,1.06346907006393,-1.25235890761423,-0.340496171156093
-1.48284520825591,-1.40897665653584,-1.72116866597265,-0.528328021960376,-0.348398836973098,1.24077683276179,2.26197623529317,0.0752619239885345,0.0380291167034509,-2.12279454421002
0.330108799132147,-1.78044166898846,0.00497280983380901,0.0866926178533705,-0.348954724081704,1.54052845448165,1.18087121452599,-2.57770443827718,-2.02108092327312,-0.994823019666765
-0.133377115872294,0.981305911393116,0.0565905615497039,1.30086356149544,0.0801521714063728,-0.564387257526065,-0.276838462324748,-0.731605518584891,1.02180703863968,-1.30217721454845
0.97796906221227,-0.161016197536582,2.13452446364633,1.60881686590673,0.138675693655037,-1.07229810162158,-1.22140494977498,-0.906693802804946,-0.679371609468029,-0.262650767162131
-0.530342820503847,-2.20200869568236,0.541516463944101,0.407546328689998,1.91512218585336,-1.87153318782679,1.42378941611737,-0.83337468292052,-0.625833895822678,1.84949054197281
2.41798216760049,0.577847230795382,-1.92807908665895,-1.3654690865712,-3.07123320080605,3.08189839614023,-2.77624514735304,2.2110556749884,-0.597742453237091,-2.25833794459465
-0.00718432873591113,-0.243719517685317,-1.89058727859752,0.413651016633035,-0.576152974774065,0.976969075424634,0.399131781582364,2.71472532815249,0.152500765631705,-1.14340701455143
0.456007548356561,-1.9233988309482,-0.94666200592566,0.0887273188496277,0.196921440711809,-0.546464173978682,1.62083731952224,-0.778823735943401,-0.153768940510697,2.87155124327668
-1.68459298255937,-0.252872114373638,1.40359051986268,-0.877143521881177,1.80265579222188,-2.34630569573586,1.27617635265592,-0.504887938322831,0.051749461275285,1.18348256437489
0.320134443998337,-0.355201871672953,-0.0163592987069838,-1.0484562320471,-0.12092273261261,-0.170756573963526,0.351644812900435,0.555815386430203,-0.765954995267599,-0.433772538168623
0.297668345571382,-1.47628323345824,-1.13425727336172,0.101880102659924,-1.78673547039648,1.94237270350402,1.51774085306952,0.244313182237389,3.12817848127284,0.548728704507842
1.60235830014319,-0.84087802632329,-2.70228974992722,2.13708297507101,-0.843252280283314,-0.523201140453836,-1.7039829994732,2.52317292274988,-0.124858159686264,-1.65272920449545
0.0633938246086067,0.547767165584577,1.06654644726156,-1.27058850437883,0.56416504487146,-1.3339606921871,0.41959059219575,-1.58088448600642,0.421482683824531,2.49731077165766
-0.567320856534746,0.478190686851611,0.764332488273333,0.98370582069615,0.534966300571596,-1.45526859173033,-0.271470715292101,-2.146521451091,-0.0931889780953441,1.54497570548289
1.24064841818435,-0.10762358639755,0.778561003379479,0.110053983059583,0.246380517867824,-0.232746873389979,-1.05581745502651,-0.120238804572972,-3.18445896934537,1.45428472206076
-0.58403834725466,0.256559084038406,-2.81518883870702,0.492704952272976,-1.95648357400796,2.9122792916637,1.07209087177747,1.7263937923695,1.42787335862077,-2.99905782727966
0.547254808629892,-0.971193911724497,-2.43177853905331,-0.356344496785619,-1.86223701255227,1.15193576854783,-0.412815095715974,0.77744843211981,-1.61161058675708,-3.04630712074769
0.26683091645988,1.33353000302972,-1.12476384281154,-0.680766200963007,-1.30307475108858,0.672966800565069,-0.845401815457552,3.07787121479579,1.83979789412438,0.978577184574267
0.0496059230061126,0.21988081308569,-1.20454864998214,-0.870531768309488,-0.777378911016766,-0.151450521781826,0.0529445076627932,1.31166136887855,-0.267988715627068,-2.19851722563029
0.798031258254203,0.980280240322628,-0.934455230123145,-0.304983079946517,0.347754628610416,0.215453609438162,-1.20721984152287,-0.119653772588149,0.965404803107035,-2.23576927049206
1.15876963098926,1.49403241233511,-0.78088096809837,1.25238401251632,0.517000109204915,-0.735935911660672,-2.64225962193916,0.59721626212407,-0.00562509534368186,-0.451782987798925
0.339432703573695,-0.445551418385587,1.3145093967806,-0.899792831524234,0.545815387896184,-0.230087812813531,-0.548228174031506,-0.286315406926618,-1.85941967615862,1.87040079622579
0.486528181261671,-0.144516402151224,0.471358749370755,2.53429316566492,0.0646693740140348,0.369282872625645,0.020232207388544,-0.667359900938273,0.662826901705171,1.42707407028242
-0.597555890346284,-0.0710820889933289,-1.59635744091858,-1.57798802418829,-0.40710140127296,-0.457830635962268,-0.149069340147928,3.98356099411228,-1.0533044273275,-0.622495623796334
0.301641914131254,-1.51508904341041,-0.267185420407201,1.50820096060339,0.879147772306072,-0.795998115938626,1.18450849630192,-1.70435839053095,-0.240412054787914,-0.480483352157585
0.165758206267367,0.853659747937057,-1.07963298394692,-1.2531332110221,-2.44488594964005,0.951867039371659,-0.45824347086154,1.3293448259246,2.35413768158244,-1.73369436330457
-0.884053904879196,0.405782490526701,0.231193723748739,-0.782610755605051,0.0703763195569913,0.32323802944713,1.51262210770916,0.56475026033792,2.7978420515916,-0.842847427504234
-2.18711258391543,0.951699707496692,-0.258269410048741,0.857264029828088,-0.0128776180298099,1.70095513018303,0.340321636899406,2.10743758618533,0.947346534872096,-1.31482464096311
-0.35288154342526,0.214696908687265,0.0327493297091921,0.494775603683822,-0.349798037389837,-2.25938566945447,-0.64151448769054,-0.24378998296121,-0.362662612053728,-2.52652551428793
1.54844908116452,-1.80203014089876,-2.43787605982392,1.74139785485051,-0.934663831165387,0.574974617888003,0.196517545839016,1.37414638050992,-1.43952908115747,-0.945608671583782
-0.667298842259351,1.58823551838912,-1.63520346114419,-0.604645203600588,-2.75938345256974,1.48891981155128,-0.950964436004356,1.90622603757664,2.45575206515072,-3.40993532507878
0.817393881981802,-0.340093809903481,0.17615044814279,0.720638719307513,-0.247573226306397,-0.409127436711032,-0.0723999786672059,-1.44867590886421,0.400490828513355,1.92470998619843
-1.2322049559916,-1.31618239724177,0.232746256202662,-0.00310730986562278,0.0323318910323547,-1.40146405336894,0.172111667308253,1.1505191042806,-0.746374250932624,0.449666167005031
0.597815305647601,-1.52395180690041,-1.33665875568298,-0.0463725907407186,-1.64422159392254,-0.363054098248386,1.66415321356217,-1.08088314201182,1.59769518948917,-0.286498809867645
0.779722663085534,-0.996691212376423,0.800545245177668,0.679595983550937,1.07337452078681,-1.45916530267139,-1.02069581165015,1.72525168698651,-3.35762653049769,1.84414174640499
0.209864090783298,0.105490326493888,0.340466206370293,0.0607756717216551,0.686422442730941,-0.298526444327257,1.06160959468536,0.780789059551982,2.67007787872243,0.081680139655368
1.16992389885381,-2.48428407257773,0.0940912207464079,0.97991340446347,-0.38185648460659,-0.812928913926398,0.255472374594387,-0.754685094126463,-1.20184053873825,1.22227754129818
-0.35674084422225,-0.830751225597594,-2.67355490566488,0.331139815948974,-3.14607021921785,2.97109469915154,0.225314304158551,2.19654885173957,1.62674177183907,-0.358522469333693
-0.249119579544768,0.562565204113191,-0.647297098223415,0.127257923595413,-0.752526196150811,0.794739488147921,1.0755727121953,1.16986057525623,0.669985539658981,-1.80062233466075
-0.150374520842437,-1.79638618189774,-0.787957753524509,0.21181676109458,-0.0108686534168044,0.428986273136078,2.22041545256157,-1.99246399219263,0.590262766723535,1.13905709233218
0.751595331216507,-2.50842948123494,2.35349822111432,-0.369893524270102,1.79147933064444,-1.6382767685946,0.901768375033899,-4.77471695579,-3.38954022243685,3.48961012176959
0.0546290279217557,0.306847839068077,0.108423229155682,-1.76902760634738,0.0721054055315735,-1.39209795594466,0.434389927445922,-2.27591065616017,-0.199454286943192,-0.159868666094604
0.804519231057812,-1.25647226835136,-1.30715647352561,0.047674377869988,0.0762063571382781,0.0445900666223029,0.0937661795807788,0.664036849373266,0.000746137487500381,-0.0934764265391169
-0.195792917717598,1.87787119241414,1.17406879168052,0.390553997238299,2.65508654458284,-1.86810838922785,-0.950204282659924,0.799989068600923,-0.207023042801875,-0.663477957134759
-0.378094838383626,-1.41488045727975,1.19095026926304,-1.15886677128033,1.04996773298299,-0.24933079314259,1.28618376385918,-2.4447003350092,0.517344238121491,1.22369333641145
-1.5523950336831,-1.17501556292957,-0.74692744433943,1.80099831078765,-0.326426870675596,0.140283218123322,0.933677633970402,0.977930202869399,-0.151625545881917,-1.12373256259242
0.208368545817016,0.986176969275187,0.919892307588665,0.901046953869506,1.40828590650205,-1.13451630606686,-1.11192235515715,1.11699515141042,-2.10432998737157,0.416513523576954
-0.12643041135397,0.438816662869418,0.611058306535383,1.2094114931712,0.0936983916476835,0.583438911955491,-1.1306045596683,-0.562357253369099,-1.75541336009412,2.05127569787792
0.0729484726597946,0.875560536291071,0.436819831534443,0.288276764413858,1.51255333162345,-2.62758646274568,0.209256830899739,-0.790210486936223,-0.840169207617526,0.399231594898836
-2.42413306623887,-1.68629771076949,0.973868141335084,-1.31793901332874,0.0150819972583811,0.188847941285205,2.67629695011499,-1.03542632923088,0.418022420112251,3.29376766913362
1.01702826984452,-0.791313264181748,1.50349657236419,0.288660569956248,0.984161706034745,0.915751018323314,-0.126040685332691,-2.31369609570198,-0.913478927155751,0.77724996195084
0.523858998062421,-0.0297705420174062,0.38865692618685,-0.474189947089659,1.29167971739426,-1.4387611925658,-0.76109725489556,0.584276776864918,-0.161825077281699,-0.116006792485133
1.33934508618017,0.760357556869154,-1.2191265600844,0.925944355718176,-0.914803492221654,0.307192672759133,-0.315446605443958,0.937561550050183,0.391197775373052,-2.46840236395095
2.01482157735874,-1.83069368671222,-1.32771437459314,0.336240112889264,-0.288614948160353,0.155975825475559,-0.836362210322415,-0.356681617897163,-3.11266778672787,-1.803310696781
0.448829687045277,-1.1119806706238,1.19384052404296,0.268398631020437,1.99978464492854,-2.157617656197,-0.460349954327088,-0.886569430006779,-2.62667567233519,-1.59769889994526
1.33211544367597,1.56553113676981,-0.545036263263533,-0.101376826101189,0.774673597920297,-0.489418706297552,-4.05147855757902,1.75183957218715,-1.92041620860001,-1.67738916930274
0.154051943302414,0.0785689918151582,0.658787922391083,0.604676864560473,0.100333477544793,0.918520298563025,-1.43142240675454,1.91246326339485,-0.969417330581472,-1.15562325149976
0.684802268110745,-1.05149024124452,1.16788286312057,-0.788419067529592,1.1853470133518,0.714349825271048,1.15867912024328,-2.88562639205266,-0.568374382099327,2.24880715941204
-1.7107781799617,-0.616565100383581,-2.20981438654855,0.834742634807951,-0.707910121602791,0.811239281334164,2.44237364050264,0.425897942091746,3.20609063204197,-1.88378121836685
1.73312051478119,-0.997332456826943,-0.818687384392824,-1.315073246423,-1.480757847759,0.912687533814405,-0.32330135482826,0.424286442860728,-1.10689522143613,-0.427093799653529
-1.07404911173242,1.83675675344173,-0.0701282590807928,1.20564694054984,-1.05222810268449,0.390151527817214,-0.790050053399413,1.42978638802353,2.23609912814951,-1.97496098194681
-0.143993374680267,0.0333874186015754,-0.675531853807917,0.0422993545066287,0.477693411867324,-1.50788826396553,-0.254135041410642,0.752076835111318,-0.411594740711792,-1.27657421474027
0.770672210720319,0.361160677670857,-0.489261733426883,0.224554505820638,-0.32988161016094,0.0588154879979066,-1.27660754906196,0.516674586947497,-1.15444185606111,-1.41230398785618
-0.595469566162282,0.975521143309568,1.81550478876262,1.13409623216813,1.10129756288599,-0.0499315331015554,0.0337080035207883,-0.700060742023846,1.26278750342697,1.43728108687963
2.00446034006678,2.98702362522,0.588096788419027,-1.98765521960147,-0.0674921905897019,0.591606084693553,-2.90575167190206,-0.634167120678975,0.787619273518911,-0.441224707911069
-1.29381584563088,-0.832195367558155,-1.16228099752663,-1.49360076029825,-0.782791116650826,0.673576934924215,0.626378988855569,0.673879646577706,0.0246494050531975,-0.627168975037542
0.292611527893163,-0.347848354442009,-0.0700933467944447,0.060137246355976,0.523044753124724,-3.650139086644,0.544372879316658,-1.31532925436363,-0.385851174072726,-0.222034368228104
0.29677662940366,0.22377052893007,-0.450503877117993,0.134173501883473,0.276661177420592,-1.21309974686231,-0.889385168631175,-0.51628867669686,0.595711048101667,-0.802989143772236
-0.646369418793296,-0.450472475657583,-1.14209463875078,-0.1359146119662,-0.808488421771616,0.849471139825391,1.55047405389899,0.819663872168275,0.73078547412662,0.505885103935554
-0.325830270040315,-0.990878846348912,0.208286058506119,0.244035666282451,-0.289548740423747,-1.22781658528567,0.0795288012886055,0.816828080848795,-1.57651965622812,-1.92721162085442
-0.248061237885277,0.0224338661614996,0.777161898173431,1.10234526612881,-0.524372673015625,0.0257740818245836,0.304209304943443,0.121609947956464,1.53417458831715,1.8610315791939
0.301859428212256,-0.308133624718716,0.362248094249944,0.41545213237682,-0.561086963811016,-0.190848184254902,1.50334957995625,-1.06802544433872,2.64162822250179,0.579075745927192
-1.62088175987695,-0.402408996305362,2.09192240317845,-0.103479057722616,2.07687333213109,-1.11200051495686,1.80258497679929,-1.05153261236099,-1.0744929958127,3.17108588110342
-0.00387459961846302,1.05681031859295,-0.277152420256974,-0.227239388364321,-1.48485841926996,1.75030882940844,-0.0333978385067632,-0.412473344805563,2.66359779592782,-1.94413078506776
0.140371171065394,1.669369177496,2.11465430310728,0.935994297176076,2.44463963493854,-1.13011427956287,-2.17940566804611,2.11101438073024,-2.56717111865498,1.4277450485095
0.00838476781024743,-1.85416045205773,1.52766181122218,-0.531132156877547,0.414745845423121,1.12259825746307,2.36171897284803,-4.49767308686447,-0.384688897980117,0.536223179528206
-1.08294256253473,0.740986871982213,0.473117588049014,-0.121375831599519,1.57908320582215,-0.703412601604654,0.957342248622656,-1.61571513395089,2.11362645753904,-1.2395614989286
-0.234130532862078,-1.59342258570049,0.105101667073157,0.305394026542713,1.26777553673372,0.140853545426285,0.517002209671702,-0.93227003983206,-2.50678979426173,-0.179152308856235
0.270290802596787,0.379670063392342,-0.959721740918496,-0.905683962034123,-0.565574823730564,0.311131821796507,-0.587477179789625,0.340380878677286,1.44537323657781,-1.23966236300001
-0.602958842532382,0.823798817643021,0.763170161674689,0.61745178439434,-0.0423554247954979,-0.113863033844247,-0.840301310944291,0.902871795469275,0.576470334340035,1.20927864505021
-1.79074460478443,0.46373067485691,-0.017231776576096,0.523778811443564,-1.863242945757,3.00559918367284,0.896678979380258,0.430409788032495,2.29118966902087,-1.36830945813418
-0.169606471226583,-0.0993934730141052,-0.0446429679835461,1.13019884125035,-0.260869099944385,0.28370849563675,1.59473155549783,-2.27475912845486,1.85684498783622,-0.273205792310187
0.876328065642675,-0.807470279396384,0.987903303402286,0.0885213469428916,-0.0522198791275537,-1.17368983983237,-0.389194692261952,-2.33368844479744,-0.88632599620642,1.62739094846374
0.910200128171493,1.53513642526956,-0.570770021322676,-1.74121564717989,1.09483997074251,0.741530659236731,-2.13628496985767,1.72662665863118,-2.41939648777717,-3.05748346108121
-0.684260105766173,0.013423760679078,-0.139782742585333,0.706413441165193,0.451619510913662,-1.55772382362976,-0.843801939173894,2.39517130336475,0.436745747932524,1.04691407159143
-0.800844559379325,-0.175252309182043,-1.46286261023705,-1.27669133655587,-2.29661692503284,0.978019118497068,0.0283379827698707,1.59820545913292,1.97054560586328,-1.20703654580747
0.519290771997271,-0.362572296616061,1.31208387335181,0.286859752382634,-0.526663255960214,1.14843960742769,-2.63694143175088,-0.0274462152845368,-1.66511893793938,2.31081910501061
-1.07075058835462,-1.66923231869656,-0.0918050107714486,1.32892896356191,-3.37668287215036,2.0496196792755,3.04434087520887,-2.00359131506932,4.92294621181953,0.0932901197028348
0.805923964274664,0.460121607787758,-2.08357521936071,1.46067115447257,-2.67677174475467,1.39292020550448,0.152009278757502,1.3247741742767,1.24303755967077,-1.47788274908084
-1.84294699113941,-2.42260360850514,0.626036268605247,1.74783301124067,2.18724357627333,-1.06055082530636,1.80399134124143,-0.615321473065884,-2.10153274092469,4.79349993153706
-0.401819725418143,-0.274240080189613,-0.61241061472872,1.75401671019515,2.05696707297139,-1.723535978023,-0.373508022094142,0.97332672352996,-1.43793558712423,0.537325520719437
-0.875648416969768,0.331707239958756,0.350120958707255,-0.10461343807601,-0.0270321552622832,0.105803272818409,0.0578243199866053,1.72455183714763,1.07143441413386,-0.559925917071887
-0.455437489424107,1.76114018935284,0.777860465464543,-0.555484062883527,-0.460546119640367,0.219308478500311,-0.998888066411802,2.08083936700746,1.19406821834086,0.098660973805262
1.40526262609802,-0.0782639438525902,-2.48150953701421,0.555927611571009,-1.5420194787015,0.72752264134341,-1.20755848744805,2.446830033713,-0.352763286487481,-1.85176393877396
0.291763660615512,0.296743515823986,1.9102451196662,1.55354991658871,0.787682904521174,-0.195562364885005,-0.955363201260226,-0.740890044333914,-0.852920939139553,0.11307665462068
-0.354830608756785,-0.769542665470955,-1.92438677948143,1.33539164246904,-1.49886834393048,2.37610928529213,2.25948998577501,-0.0509904605221599,2.46686378905684,-0.244676109918231
-1.61988375120393,-1.13341969949745,-0.52449174454935,1.76882879256269,1.8919356459688,-1.962769740277,1.70591949586991,0.568714454901208,-2.21122740230672,-0.579038072994136
-1.05479231949202,0.16218993497333,-0.205400575016243,-0.072777093663104,0.858203522424744,-1.1985034106383,-0.0606738621397271,0.13503011005066,0.14510520891657,-0.861269454716008
1.65545526902363,-0.248893138865591,0.297652858163147,0.081698583345678,-0.457519983162706,2.16256591282714,-1.61941858675472,-0.15467862734977,-0.547796030234086,0.842529297226936
-1.61065418611775,-0.504505842320827,-0.00899358213228643,-0.677246371368156,-0.121725980801308,0.116357007201084,1.37307678016817,-0.542445797173237,2.03413074888987,0.368768660344944
-0.402006147349287,-0.0018793527676837,-1.20022021294587,-0.0643028852105651,-1.65627498165529,1.73544368336958,1.85310205423368,-0.635984993411286,1.28945703642931,-0.818344451441729
2.02048713491596,0.616712902463121,0.796310000804343,0.899053475241658,1.43188527039946,0.978887467812408,-2.9478707331546,-0.0548574364168062,-2.19500132517385,-0.847144830237125
-0.681997080409402,-1.0483693544985,-1.72396609680882,-0.226354282381689,-0.345433791627396,-0.325849538733849,1.13819035514431,1.32077276728442,1.8242563232388,0.0634314590701272
1.81669088362821,-1.43006766128469,1.70331485604688,-0.432589299744667,1.48318087248966,-2.53242112872887,-0.578774005427271,-1.16305909739226,-2.39372800057016,3.89844090397704
0.944314961336973,-0.444588554762161,-0.548570638350092,0.0490076201983305,0.746860618659152,-0.339478012901757,-1.99345120830019,1.23340603654177,-2.31927622025522,-0.135738456284331
-1.60442514255549,-0.157558074181119,-0.99364360824435,0.773784674375339,-0.834713403780596,0.189290812454034,2.41631699054571,1.03675014721409,1.27580354182827,-1.5296676157976
0.501900484093251,1.13621410838743,-0.234277761753439,-1.29301114362185,-0.294580465393041,2.03252563228005,-0.686707455173992,-0.488304675471886,-0.497748353174296,0.315410115219948
0.218583014511151,0.439837311963772,-0.0608607476259901,-0.432325795789283,1.2115255054709,-1.19510971746642,-0.627416092810826,0.527465644465424,-0.231679342315099,0.039207349536644
-0.197046855456979,0.369126099445288,-0.51260804793677,-0.0425617390361383,-0.394053591306671,1.40144437801218,-0.343047417579427,1.13658938076891,1.10706093683903,-1.138102385039
-0.546213440048223,0.294179018390199,0.316010698322214,1.79623459894276,0.679627696921581,-0.789745527267187,0.4060512646119,0.300982375358092,-0.620376542902447,2.06566110083652
1.38158949688513,-0.215670387921277,-0.278660365297466,-0.98003733699,1.38586744770875,0.468314291400008,-0.755887717019315,-1.33494556307833,1.0128864630685,0.31723004145936
-0.204014430738427,1.32943185941429,1.51518283246818,1.38536522610233,0.324831225480511,-0.816509158582757,-2.07092384314731,1.20925367948474,-0.243912441460665,-0.567203871235568
0.530410107868018,-1.46134307844245,-0.706301742387638,-1.25943202516368,0.169132881037549,-0.140744260851676,1.91797586528699,-1.92626785153131,-1.53346936713984,1.54302881428498
-0.752973133435236,1.04359277241499,-2.45824392341252,0.621464080988759,-1.16577810555067,-0.874848087976873,2.66683707973239,-0.354665382557719,3.81099199629849,-1.46970163425968
-0.89813044664622,-0.903089257597534,-1.01022509468338,-0.917955394898719,-1.95237380419825,3.34275716172086,2.60039468444309,-0.806260668758409,3.08909779194786,0.950838179184364
-0.213866280338204,1.34932234741033,0.799873732307291,-0.503155042638902,-0.0677626793575993,-0.275592630256399,1.20678451599159,-1.06904790837407,1.98196630372194,-1.18465026320382
-0.0442574052790972,-0.51904885028851,-0.411826790004779,-2.3887983887265,-0.441646215052386,0.994569831514634,-0.43603176053457,0.206260294006703,-0.414698403774409,-0.288181925665598
0.484705034777657,0.136925523677214,1.0158283939158,-2.31823823462567,3.00327523203801,-1.16418067445167,-1.40276068263982,-1.97517553119578,-2.6470031104534,2.78077149422414
0.314664486681286,-1.67897089768655,-0.522619606674224,-1.29800202561971,-0.631728667057601,0.422010646835125,0.997032107652214,-0.0578165223820081,-1.06000788073583,2.99205107931196
-0.779402255766702,-1.53305810603702,-0.535231027160025,-0.93913876424028,-0.172902736953415,-0.935572388623651,0.838586074195551,-0.381200855128907,-0.609807378724372,-1.26706681920488
0.473010723061052,-1.31206752404456,-0.108578945088664,0.552284077721701,-1.18860209770735,2.06168202057043,0.299068873282511,0.283627305465171,0.479124828553389,0.882943814613648
-0.26295933538007,0.889470069801279,0.437484527460136,0.513931768360127,-2.25311225431043,3.60180724138351,-0.467566656423678,-0.370554965411856,1.84129860640231,0.924158407492505
0.620961371702382,-0.838352389733791,0.911990325151328,-0.614485666813705,2.19869174918952,1.29161798009138,-1.17411273158408,0.0154100295020589,-3.11589328064693,0.0147414735999791
-0.188332016722278,-0.646242850250952,-0.489866227064688,0.567287455822503,-0.603585661707791,1.67386085252064,0.893045432648235,0.0361732563801401,1.9899130795791,0.624075788833257
-0.174269973742107,1.5119818098266,-0.829029383125037,-0.801815861628338,-1.48680724292942,2.27196556577889,0.192942233652954,0.0721050809018908,1.47563158543124,-3.18615312530723
-0.32175056967911,-1.53322655892,-1.43628213680677,1.23706324246849,-1.11169437375046,1.48827835351163,1.53881079566577,-2.21712225408858,1.25647110564339,0.649959405215309
-0.540933490042883,-0.57100967912938,-0.198925875930076,0.137924891189115,0.585602449652518,0.357011302148127,-1.55417278147365,3.21087588378557,-2.17825910362339,-1.5117497630794
-0.308013101347978,0.283952908989992,-1.39192922622967,2.71790156731189,-0.133649785981785,-0.761155031777761,0.0321095679709296,0.123972056444056,0.133716248561508,-1.59276470518913
-0.501035259507483,0.595444942172062,-1.46138633475626,-1.25783849306063,-1.30265284632083,2.59257886537854,0.618915746871304,-0.00824203213778057,0.180010948659298,-0.357700245985295
1.5323967949005,0.205160779205008,1.27477452491263,0.372604921131416,1.03343761138948,-1.84708202977427,-0.931640359018646,-1.74964866328302,-1.36723407016148,-1.03122046884194
0.696426456004973,-0.0785079893108055,-0.599509861086425,0.0869034720104041,-1.59788840947467,1.3135350431729,-0.208166065914801,-0.47894067531037,0.92616540901969,-1.31165909307623
0.676723594880296,0.00829482118902797,0.604136349926059,-0.483512250473151,2.52141443496657,-2.04639066317714,0.993491717236962,-0.560421009906691,-0.00981616810504078,0.122172495841401
1.1671050670031,0.0689653037811077,2.57228828283195,-1.60281134917005,0.994996814018553,-2.4205268290376,-0.0688676597147306,-5.15777694098053,-0.333875735865159,2.60397782043323
-1.34567767147198,0.0194319604497878,0.81874058233499,0.853695482403747,-0.669900007665958,1.17092450920149,0.302248426204008,0.330838650539611,0.404262672922916,0.473678782233198
0.395890912808685,0.212687285694809,-0.759674011304644,1.39555450572705,0.538823112873224,-2.04610252016499,-0.643399331485794,1.0653041804909,-1.23797174165981,-0.722048652203342
0.428773633314588,-0.473733478718306,-1.60299678231562,-0.347427128518708,-2.2626985434162,2.79136254312045,1.01537876672335,-0.203391575946584,0.711328127218751,-2.25221877129096
0.269147598012592,-1.8023917638388,-0.932588324393545,-0.0102882129013057,-0.10947298502177,0.0574784353857232,1.52668731096381,0.420458641037075,-1.03654802936767,0.988601254171281
0.726965901143166,-0.0224719718927125,-0.1811542047093,0.384474841160783,1.15705421032071,-0.712440194368231,-0.855750176055725,-1.85118628647602,-1.56514440093888,0.731835182737586
-0.0275128591355913,0.186349349403096,0.504003930861619,-0.0745798554426455,-0.191039470013439,0.0249433464621351,-1.92704888895777,1.50476203897313,-1.55736026228566,0.319881386152728
-0.765492408905064,0.5415463259936,-0.152133215595085,1.96152843399679,-0.571355157487878,0.588170336541708,1.371220942109,-2.17269225015571,2.76554731490322,0.153507875517884
-1.55116800765082,0.59694357792153,-0.370296685435735,0.944978563626358,-1.12828328703847,1.09666300526756,0.666275369308591,0.454993343842798,2.06781355979418,1.63056129387488
0.218958610324251,-1.12490185134468,0.851902539217459,1.28121719806388,-0.985631282513488,1.79841973261319,0.0768142239854452,0.424903977527281,-1.36172538426281,1.66288313188172
-0.491648977498755,-0.795783534454526,0.171576479294929,0.0617617635127199,-0.233900346948272,0.219285945261787,1.75968978398451,-0.562473053909551,0.561120832439967,-0.026627427505231
-0.872765509454287,-2.81550921222828,1.41887869099229,1.0072190097383,1.2976172782101,-1.14441341677261,2.73863570371233,-4.50355300352058,-0.962467505131907,3.13864651958288
-1.40507855528885,0.270658583950133,-0.942647027914503,1.67397719346283,-1.08926627012804,-0.600950705659535,2.17637481654621,0.484221361599266,2.7370834762417,0.687021137868376
-0.826776277025292,-1.86099373250577,-0.944845136588273,1.54884059313687,2.08252685592913,-0.478482557338765,1.89353266865493,-1.51134231536617,0.311825384439976,0.64676666446749
-0.380185315494589,0.102517101413895,-1.17083798483373,-0.282474997352214,0.115003937014362,-0.410216140547085,-1.1052549155213,1.43570178435644,-0.509518570390848,-1.02624629493172
-0.791754802420621,-1.11136296986273,-0.300102591424402,-0.70988232952576,-0.719511737568683,1.22060299496536,-0.449164883873903,-0.280691178586404,-0.758601488602121,0.554708294881638
0.744598700010652,-0.154899492631729,-0.38487900665717,-0.0530603278925545,1.51271268898583,-1.62009870543908,1.62673445533566,-0.526937016382066,-0.40247596121857,-1.08136771985803
-0.37558853762868,-1.9458779603991,-1.62167195994127,-0.94002969682637,-1.01951076771495,1.6039711122355,2.72115163805759,-0.0385942325785796,-0.0802919726778624,-1.10801027181208
0.215824812154772,0.296604784373889,0.330208591493462,-1.23911965231461,1.29539265241685,-0.994410040788585,-0.158812300777352,0.463062011687348,-0.250982130620765,-0.130044215155998
0.842062716853163,2.39354909880758,2.47052026448615,-0.99694254235897,2.08328980953449,-0.746911914938371,-2.3262337722103,-2.74892894448176,-2.99294492251748,-0.0218563386510503
0.761410440027564,1.96623557102848,-0.498823931864561,-1.28490622894836,0.312617009701934,-0.241870238345923,-3.3425000556608,3.43792787274111,-1.38566165515284,-2.02610957106481
-0.0693127754639664,0.619555010420286,-0.648802345546176,1.28733749731057,-0.42975482116049,1.43801280619525,-1.00316650687095,1.98987279904526,-1.25745523710817,0.179307557547209
-0.394640822610498,0.313091935021244,1.15125345599416,-0.199752274140613,0.0666162370707957,0.61530651879616,2.06301361926419,-0.575682727995484,0.63656707488991,0.90073348143785
1.58377035725515,1.03787422964097,1.49700234729947,-0.835327333213418,0.897640054608003,-2.74207674548992,-2.16490575283649,-1.73659978537879,-0.63826271716003,1.35653206133045
-1.41360792346526,-0.342116148398888,1.17080430810023,0.359638089724639,-0.79900390681161,1.71104629117872,1.37909729455816,-1.12331217122138,1.97175856273368,1.29649919137186
0.756160936771157,-0.140467489276744,-0.0505832732045351,0.967777872812683,0.455084129072926,0.0110473518174041,0.365265056704528,-0.959955847015755,0.183202200838007,-0.445682731037811
0.013879744435714,-0.63392154619281,0.719959433699096,-0.309008590329507,0.229655269723815,-0.0234138781968516,-0.583703503832363,-0.720909073448896,-2.05979164977994,-0.48457375199961
-2.0052701297356,0.41169432072778,-0.931229061474138,-0.475971222100258,-1.24091883043285,2.44175253096145,1.22123073992373,3.0918408657124,1.6835433116578,-1.62144963879526
2.16684150579235,-2.20143695073997,0.973100425462566,1.41111044292112,-1.51791368573382,2.84916753779347,0.31138886580447,-2.50377887976005,-1.41940126921283,2.72563010633007
-0.0275839549142116,-0.558200130183543,0.307031944855042,-0.288955553310193,-0.943291187840347,-0.538550195573944,-0.0492010268426396,0.000417349825973051,-1.15718605257484,0.885353537947643
-1.42466510125088,0.966574995518178,0.690521750319347,-0.250104487549563,0.138459521886712,-1.36385263750232,-0.165402632720509,0.0710677422745452,0.826632319341653,-0.348862502082529
-0.721742866589905,-0.970905392120121,-2.05861919361013,0.117069652639548,-2.1742949136826,2.96129760557871,1.62194780913146,1.37736898195891,2.08469047330719,-1.21682022172171
1.06605914343749,-1.08178929956717,-0.0360271213182004,-0.37519645288607,0.215191285063705,-0.641153311436614,0.0973332928765168,0.610873439610888,0.468839540429471,1.72059080374294
0.332365391144839,-0.84698208034315,-1.74053116277528,-0.665224256009455,-0.662419910857493,1.21909690220347,0.7227467184881,-0.33045384215315,0.812205979657963,-1.3771106027256
-2.2213867157348,-2.84163935369283,0.445500919436994,-0.869227891178247,0.702469670189958,-0.864273259335819,3.71394950160537,-0.908363841337145,0.522166411745553,1.44041148233087
0.597643138741049,3.61074207517316,0.296422595995222,-0.621188738343774,-0.824771666654462,0.839986708257956,-2.51178630604814,0.337938473757511,1.29240534244504,-2.77558957245906
-0.336038303010907,0.547504420205659,0.822593399844644,-1.58155133437602,-0.25226132853624,-1.28901229230853,-0.180473390526403,-0.328910438073622,2.83112968900754,1.21938949266721
1.49703922726744,0.46722465592864,-1.15424230012502,-0.86479582628243,0.300049068355639,0.433118915960955,-1.66537104682237,1.53448582979059,0.168850094835313,0.237356073997981
0.631186643863112,0.513744594773308,-0.709908613150671,2.33148041776837,-0.113027675062289,0.185040593554776,-1.81029698990561,2.53479422714938,-3.07123560626757,-0.9718494814313
0.203586035781162,1.21738469692644,-0.75558888998333,-0.0601026889592095,1.62658751198129,-1.41667531826966,-0.583754037876505,1.48865340828883,-2.26815151952266,-2.9453169227678
-0.314389133533781,-3.01495432247729,0.102900197193228,1.5655286962314,1.15341710724737,-1.10252945817297,2.25092882411365,-2.88023923267347,0.855893740126694,1.27009063135203
1.3008129964528,2.85421017908332,-0.614464509489902,-0.828770895805263,-2.50290414332872,2.73806068967588,-3.3625410170817,0.550360615167716,2.44377021817917,-1.7320051271359
-0.419875913231774,0.145683597889581,-1.91464286334079,-0.67356361639251,-2.12247501291888,1.54126084818487,0.238860666169509,1.5850367111888,0.138301354336475,-1.87668888192392
-1.76201249653384,-1.19995277492624,0.331740730870777,0.499366191346694,0.325004674636982,-0.158481534893918,2.8497823646577,-1.06529754112357,2.08969633061057,0.703849920089218
0.67761418171414,-0.246837494843019,0.288722686342969,-0.400656892696242,1.23680391921776,-1.11867622539457,0.143029105402922,-1.07101051742463,-1.54266037574699,0.206471356892795
-0.0671280126666354,-0.779077320927487,-0.0191531918254003,-0.401696122451368,0.944449667855413,-0.380572500732165,0.871087142790773,-1.24518509219395,0.204354961293876,0.595107406345473
0.173740782495852,-1.16691247112304,-1.58165518307777,0.794333318478894,-1.01983145822396,-0.0995379635346818,0.0356672556812324,-0.291787985652196,-0.045869738724811,-0.325492801686293
0.552249077249458,1.1904817998596,-1.03024396382117,-0.552659715181538,-0.682037522943742,0.637167843527117,0.0973002310049718,0.207212883710005,0.133157043602949,-0.759611801283839
0.536282501641926,-0.832988936591708,0.694257302050337,-0.785105935469349,-0.189294169663884,-0.950044729264358,-0.189252002024907,1.27101181087555,-0.00325633872767578,2.23522438296084
0.458369222389561,1.27094382358766,1.13581727940264,0.325242143822954,2.14297748287224,-0.905461545909684,-0.193762146705068,-1.45197517104018,-0.988303295388769,-1.19886586931014
-0.348823238399465,1.57854754141966,-1.29500531729095,-1.59222858669959,-1.32037171205352,0.235425673501166,-0.848073554950114,2.44858318620721,1.73666614554449,-0.910994539492066
1.07909475029672,0.594942404244609,-0.440273496422971,-0.0706026838963822,0.394302436043337,-0.214915664835488,0.00701462765434197,0.713562135882432,-0.0884505127421936,-0.60838197377828
0.598775847530459,0.534080697133111,0.0970309233769402,-0.728879604016515,0.661341108662682,-2.27103778321463,-0.628230569027191,-0.472853961302307,0.491119628309452,0.665586610908434
0.35962783689221,1.0596673670224,-1.46959738347361,-0.0443367725807396,-0.823702442163293,1.30295575526988,-0.935944722404784,2.23245439207774,1.09321015281732,-1.4151012495831
0.352324503931353,1.41290000920076,-0.167049640671597,-0.630163268488645,0.183974933073071,0.265868926405119,-0.047749707039543,0.403912177920097,0.454641564350038,0.598267034769711
0.376579855735793,-0.392025201278808,-0.787479388095182,0.715450093211215,-0.370663149629626,1.38861382602445,1.23851646049017,0.347796542562529,0.12022909225317,-0.460590105449028
0.861823132290005,1.32828990630616,-0.262852053117337,0.177092883082075,-0.132929187707029,2.02701452848045,-1.24645176154156,1.24495991598759,-0.674712371871354,-1.68279471985626
0.970578812856926,-0.0958724750086565,0.0765916418916129,0.38781799291361,0.904345550037578,-0.523767081919553,-1.85274042910312,0.292367555548644,-2.68156413387126,0.570473757172467
1.41593480295322,1.44030451539545,0.471230885346316,1.06393640064904,0.646683725526779,-0.838315883365987,-1.97657430528705,0.0865991699235097,-1.28008445928375,0.551086343073165
-1.23215333879798,-1.98497778602627,-1.80070288741784,1.74486190832139,-2.57272349602853,2.4719747926361,1.69817030670265,1.79022235257257,0.360456956502626,-0.659657074139694
0.192932266229045,-1.69770555108889,0.902330900619306,-0.240975616579032,-0.257045677273726,0.188359815357108,1.26371205275581,-1.07872834182928,1.318758301551,1.27126957710873
0.595889012813626,1.42611913862485,-0.55081804533964,-0.552811372970419,0.951278319960902,-0.140144993492097,-1.62579781757209,1.60779811187206,-0.710822921200829,-0.326754950330955
-1.26419941841472,-0.265709682101052,-1.58739119122142,0.296245420907831,-2.14321309720987,1.83032492424931,1.80612275357017,0.309616737607463,1.19787730571675,-3.19272818366755
-0.759723608525512,0.331677827327497,-0.788341755887461,-1.55352967039598,-0.311762931855581,0.794551994227852,1.19822378835646,0.660086767549146,1.57963288232262,-1.91141614233774
1.38997595697491,2.44228755933693,2.6489828730321,0.458594707385706,1.15696837583562,-1.59606342900856,-2.51465484562167,-1.39345945549347,0.565450388697163,2.4089522190787
0.27777902811182,-0.679107159530715,0.87921234349326,-0.725758113808147,1.02681421836651,-1.3003367835715,0.240389061535634,-0.790324370366989,0.10655522647161,0.835489344169677
0.0704655984919739,-0.465504716492196,-1.58994844578614,-2.04207793258296,-0.755601816916698,0.90265056107375,0.494193649246676,0.839287737381848,-1.15291734032932,-1.51922795848119
-1.64387081259987,0.2962598137731,-1.24474759193122,1.1605109766737,0.637475223405643,0.0918431998738425,3.21846816191834,-0.198658402497891,4.08361468454056,-0.695652256753857
0.724123476024374,0.432214111298676,-1.04179258376823,0.242182042075358,-0.640865062553881,-0.563409640176488,-1.11590145723189,1.17847931092793,0.9777370679294,-1.81500785341688
-0.956201163885398,0.394495485118824,0.0455076535021695,1.02908139043487,-0.0733042491416704,-0.423111457202557,-1.22072890495855,3.23883399690873,-0.393458550627455,1.69709002000911
0.0993329973959105,1.60168517626174,0.2673994632132,-0.388263447472549,0.168032520458856,0.264607895132735,-1.62161704574094,1.5568257453022,-0.391757630567903,-0.948749914798971
0.458924632391934,0.978090675869991,0.286276039005499,-0.102052943226314,0.244863297055184,-0.385847215736086,-3.10135492929684,0.776135170331992,-0.7646172732285,-1.08312548470943
-0.221609287059447,0.40416593903955,-1.11082293788417,0.0448132814917033,-0.958769656821175,1.73072512064607,-0.339749667002295,0.793735757181215,0.245625314082577,0.225020182939559
-0.180324198363778,1.09358818698271,-0.0638262431565596,1.71820168504032,0.326139537528136,0.118107644253617,-0.620823683759628,1.23321025274918,0.30400874752072,-1.73546125370631
-0.781349464639489,-0.398744274483192,0.390205607735875,-1.0111263073963,-0.304264608182968,-0.521774060608977,0.611726383775971,1.71649669693151,0.836666193402394,1.25372396533149
-0.961556607429891,-1.3484003183754,-0.0767629076274474,-0.137985249374787,-1.82895092977938,1.64753173689418,1.88809996162177,-0.139355016904718,0.689690018899566,-0.332337758404876
-0.0741031151716685,1.80565433357161,-2.38388106606265,0.502092905750899,-1.63393105449141,1.56068302179961,-0.863904253405215,4.74983471033837,0.970591578494673,-3.01726118367652
0.540358643934727,0.548282247915917,-2.02386704807151,0.74567687911565,-2.24629002646037,2.33612905649774,-0.460445508794513,1.4125255216108,1.51048278222619,-1.99361468362638
1.22745178321216,-0.0673285183072426,0.0909244189702094,-1.5183861283045,-0.0982035171713656,0.872574206873825,-1.09772098612473,0.868486683014587,-0.0593889365804878,1.50426067471607
-1.54455014585927,-0.742499222478774,-0.450290044746123,0.223764393448847,-1.22878590536665,0.28592534725794,1.40817874248525,2.02054125132168,0.390956822260828,1.04199823893531
0.907977376378423,0.186399745090382,-1.12545740322665,-1.31667953967513,0.129821316724175,-0.797541792494112,-0.963955644486118,0.712284227191942,-0.99397219941236,-0.0392098569806849
0.874373723925168,0.563868394725294,-0.964776552352111,1.32003519133437,-0.218127836129496,1.54552322652091,0.412620994213587,1.05326724864251,1.67305430917866,-2.84468811950293
-0.167606479720193,-1.26963094123934,-1.63122981442105,-0.128126845113398,-0.994182633587249,1.6838984163097,0.577041535230266,3.09278234430881,-0.683066105528878,0.701778049407784
0.0998534122832044,-1.48976177071262,-0.408501610084506,0.0881305454729199,-2.56038449109207,2.24258792247046,-0.641191564948481,1.91631541416258,-0.750595097192199,0.462323142043976
0.426568666355506,-2.81680041030867,-0.497209712574372,-1.52058015952702,-0.609896013947462,0.272962606543398,-1.12216719240908,1.40465965121061,-2.73747420867039,2.24287945204863
1.71245239896697,2.2039880400539,1.30655025872825,-0.299509235206605,0.0782586536070011,0.577473091139843,-2.82983879130898,-0.0878261923089968,-1.23235449082089,0.0301038340270681
-1.02113431276108,0.326984041483647,-0.1742240139324,-0.58143659211773,-1.30286456697162,1.25443415871885,1.51009834402287,-0.918538554261837,2.81086476021072,0.384777225293466
-0.476481520886882,-1.18034382246141,-1.03519919178059,-0.357210776048221,-0.74681001723162,1.38909059597416,1.29133092114928,2.006715338265,-0.207266004308825,0.46054014854023
0.652902944425274,0.610017581935377,-0.501824177656894,0.0365857596409493,-0.821268706128788,0.572659426413285,-1.26862246414671,0.171162186997708,0.4919163033444,0.746916203491005
-0.0585518530886829,0.11313134055816,0.808931855360218,-0.93684109434759,0.0126265807999373,-0.270655744285488,1.44476102662997,-1.86456417615331,0.863417809898577,0.49463950610628
1.15091794691912,-0.696927084086238,0.547586254481402,-0.157056969408252,0.747777397771424,-1.10186961123542,0.884589923073253,-1.84856041949856,-0.244405833197791,1.02136519380819
2.08967605018066,2.12762585330601,1.30979982106539,0.601118678568485,1.15155927921515,-3.09183215306128,-2.60398771451144,-2.22957271874519,-0.798074019536219,1.07448631595189
-1.95833722578178,1.02063607720269,1.16381540541226,-1.55478126091784,0.635957869014919,-0.18409142061055,1.08175694686706,-2.21266482494299,1.33740031516716,0.272219763247579
1.87197521342255,-0.856030805620129,-0.521880822129746,-1.1910112921994,1.75668015890008,-2.41510954830994,-1.518253396522,-0.181266101737946,-2.40254008766267,1.57727439203948
-0.314570415427467,-0.0248176510299979,0.27874298410196,0.62266363564679,0.139051538192046,-0.866126142957661,-0.471812331112689,0.260665268134063,-0.801035412623255,0.0743262438770769
0.24790881982268,1.42996611784866,0.632604785648501,0.805753375120817,0.176048547335226,0.512694076456715,-1.98669852181233,-1.7776478473935,-0.433523535608066,1.37071136060287
0.254353920836152,0.176110617261175,-1.2589302376958,0.407685690846238,-2.68055769526396,3.90921624642821,-0.00844196518200255,2.27685200521678,2.27253666252448,-0.113204229045854
-0.256554307829935,0.0942372031715325,1.10207790679459,1.13334704827434,-0.331890225151555,0.0614068060681813,-0.248195116739633,0.885736307988388,-0.532720787902473,2.11582360799068
0.413107040628203,1.10944773417191,2.27811559761227,2.98996739616523,2.03336149445601,-0.763373113652022,-0.892399957300349,-1.04397333895718,-1.3604805124624,1.03544090299134
-0.300872423990053,0.14194798006786,-1.29655886407278,-0.211383558697091,-1.28255593181959,0.784885048598692,-0.720022792225311,2.65089859684506,-1.08983442399421,-1.69874103302486
-1.03664468819878,-0.394136857130756,0.193450075635944,1.06858378222698,-1.59733862982492,2.74983773164677,0.806719118709428,-0.059352115853068,0.933683328158605,0.823456718689988
-0.282865988880054,-0.411953388418581,-0.897368305039858,-0.0391881987853499,-0.94247262697732,1.03216445583548,1.02373321503775,0.289411896882915,2.73856883540653,0.265710422093887
0.298735734389134,0.0343089079426407,0.822129041439822,0.232523766533534,0.579231979691588,-0.643812222165629,-1.26441260658462,0.781632041602931,-2.20356193718973,0.262837581138419
0.918823204470285,-1.31031972820267,0.64952184732086,1.30674117598449,-0.0789772575932399,0.0489266266141882,0.672977521222883,-2.2275568295287,1.3023368717285,1.89191571498072
0.651235621728351,2.44211331490312,1.36714333036457,2.17750060667578,0.413060998691123,0.283772688320503,-1.93575148944224,-0.814356087029848,-0.257801220228197,-1.73105977229856
-0.36876031867243,-1.81726620549883,1.36842599112244,-1.46222749333208,2.91003129321184,-2.70590501994021,-0.262569095744021,-1.58582671901342,-2.59969066226957,2.42926850315313
-0.812505689918702,-1.45821148890525,0.438779386788347,2.09651810240104,0.405211064448982,-0.586200662129377,2.06942421180534,-2.22241918409779,0.146897977777701,0.462882701168414
0.298160254357805,-0.822023512220656,-0.718120166774729,0.436084898260158,-0.394550098158883,0.263888052973411,0.480833645643542,-0.0799758698088738,-1.26084024073997,0.954816275198696
0.949795875876379,0.18068501592801,0.818849777936771,-0.400689562307646,1.08039054591883,-0.622440952729494,-0.481879917788208,-0.313722739424577,-1.97711843237109,-0.685684854727918
0.120339086409809,-0.301453278613178,-1.19432951938907,-0.701187040235754,-0.958782067459923,1.18112378605783,1.13022120833422,-1.10202727451487,0.90428505391295,-0.562909641225996
0.896671853973167,-2.37180113158133,-0.0846431570505335,-0.519569706683992,1.22274126811385,-1.52075866489624,-0.21025327502594,-0.183891585564326,-3.70626749501295,1.22666585288039
0.659785575319068,-0.0730877163062468,-1.05972592635478,1.36844714658746,-0.394362315182398,1.2391729128598,0.851275257345903,-1.47739659147087,2.13990046844227,-0.898078579397175
0.568540743617095,-0.09642729623116,-1.4493846065121,-0.271752867754755,-1.13746758049235,1.17136885188061,1.04315924810688,-1.52024374951514,1.09733479979319,0.466215610382719
1.44094427004177,-2.19088379398121,-1.45177036154036,-0.323774356519845,-1.44747508627359,-0.0539488152197194,-0.566965044153062,-0.178490435349566,-0.894631687829493,1.60583094219979
0.453226032870164,-1.07364937841597,0.75715367830575,0.968009433797878,-1.03519539177327,-0.175225756336629,0.752835657638164,-1.66197165810404,-0.595483708612799,2.31298536786638
-0.671700042038986,1.6110769530724,0.461560981762046,-1.37694548315098,0.482308176330027,-1.02649899122244,-0.647144621444397,0.944305600891557,-1.08273621922927,-0.829194343249167
-2.1640848394432,0.275351270481011,0.776706672361642,0.686894396915998,1.088086888833,-1.82583656247242,1.14592257178442,0.484603705787675,-0.210478335299282,1.73990801566177
0.570186612874888,0.411089136850516,0.0540427256966751,-1.28459824457507,-1.37944544155208,1.53232399517779,-0.572998332641516,0.144772308091159,-0.559488268181865,-0.157067346954127
-0.754162818017379,1.29410334743745,0.0103432675379774,-1.22246048906467,-0.249775286262944,0.150673410570325,-0.292662144704252,0.404120843063757,1.28862761718589,-1.03551191207564
0.492718960573693,2.28040769347403,-0.103549773063385,-0.124959267329343,1.00554641850593,-0.986489448618087,-1.19770642041353,1.93210088512851,2.29883702895936,-1.49872314977699
0.285112613423561,1.71424778344097,1.04507952809816,1.76119223507528,0.184443870804679,0.437395071166539,-2.15887011696148,1.81976801527123,-0.3969451721258,0.467253486667809
-0.335728973159294,-0.114339874614752,-0.671063746857142,-1.62129650151317,-0.707075068390302,1.1368566589759,1.24442713392524,-1.84992449081273,0.352427830902843,-0.191773783022281
-1.85933032507161,-1.79710309017195,-0.0506893884227225,0.933604902175967,-0.36831108582775,0.460100376215416,2.73985137354437,-2.50691889983844,-0.236171182266953,1.65148985886935
-0.481584141206754,-1.53300003806503,0.678437723665272,-1.09063960604922,0.541825676569161,-0.150393871749866,2.31096684203769,-1.5529155092181,-0.03740271380717,2.13878135244374
0.598021407286055,0.961596751510678,1.68252573050298,-1.09991215419945,0.0771886471992158,0.0181629036280914,-2.40009496335034,-0.444921028367733,-0.926205878641894,0.418191202515142
-1.75833511577443,-0.767259647165739,0.606796760081797,1.62701498564711,0.0433118565505472,-0.874725681661889,0.823094743343281,-0.789597986139485,0.0934184950987411,1.21068532280834
1.69121847657787,0.729015445061543,-0.656367127607174,-1.57339751012086,0.681628978207889,0.840626892464265,-2.85262548654857,1.59154904732781,-1.89300258680679,-0.65058966053085
0.521089774984051,-0.158720492202344,0.227786727088595,-0.0531050147102293,0.133264100567555,0.443682992262814,-0.0525299432019986,-0.576742068654445,-1.02483183364599,-0.0559764034855187
0.0375928228017069,-0.224056009512076,-1.08348099044057,1.14884856710271,-0.136184177314475,0.145359385413801,-0.280565152078939,1.74493140590956,0.03901866504151,-1.03120917800153
-0.572621505250836,-0.497782259697927,0.798553712440775,-0.358769369810013,-0.187786678933995,0.715216221867958,0.788210657811567,-1.51108547533108,2.46352123038508,0.191592954967325
-0.00770426920395331,0.0786478744367957,-0.232442753386518,-0.822330813058588,-0.999742672528224,1.46675989864247,-1.75120209315648,2.04868970951515,-1.04290247001888,0.796447481896808
0.624122047015461,-0.367330888882958,0.787977555886615,-1.2877715651179,-1.0460137194563,1.1037499938105,-0.542664002466542,-1.75943474837528,-0.474689442789462,1.81056194030649
0.100173748089389,0.501071743284402,-0.711084169549254,0.202991124472411,-0.739922055706692,0.905740883936716,0.488488173045714,-1.20063434758815,1.54038178903241,-0.855728181479904
1.22093555442967,-1.54152515498542,-0.908162166921038,0.206190700201428,-1.00442975904558,0.368391280773099,0.480956994558257,0.100467274276083,-0.310037073403617,-1.10299264496197
-0.814856657077685,-0.0291116764509073,-0.16289295151108,0.790225514686274,0.547465230540839,0.131225095232497,2.17317460816174,-1.19705579636614,1.84660633539731,0.998817597227743
-1.35714260222299,-0.792200370825475,1.05116028978413,0.0126124219666487,0.292013218075146,-1.31084169723527,0.837104003259934,1.81291908596368,0.767120346930482,0.400979276388733
0.109708307588752,0.770712647446898,0.519146013829626,-0.0993702891708748,0.810653126187835,-1.22316516597833,1.68650224582463,-3.10988106986605,2.75033801779061,-0.313888002933311
-1.42557709380487,-0.0406574659261844,-1.47498136834794,0.832962582213541,-0.172413902737553,0.322412494889592,1.20709909847277,0.219020582757885,1.37057380076455,0.526955407676362
0.667800228140245,2.05910918837788,1.56926114755297,-0.974184909130032,1.85934689595018,-1.6173184793775,-1.90018171193392,-0.916283927969443,-0.31362882267484,-0.107323720434688
0.0810201512234185,-0.859683486533753,-1.44671715413618,-1.65852193657149,0.535644846571665,-1.08292920883051,1.22841041769404,0.921617053752365,-0.0934888459682988,-0.436569492194562
-0.0950436039268118,-0.653411947590777,-0.738467077312748,-0.125573699824878,-0.32691760877969,-1.81875930152977,-1.58623274627326,3.18496473250147,-1.1707642185581,-0.685760884128163
-0.759781787946035,0.655877220037688,-0.742024771684957,-0.464692960137725,-0.170834066744757,-0.162214937337736,-0.713387969114183,2.41639115495353,0.762062525783414,-2.75599663632892
0.263499522813072,-2.30351501961449,0.100108089682338,0.385970700256184,0.466585683358364,-0.35949897024834,2.06935607351719,-0.810526269048574,0.518699190571518,1.61601850996213
-1.34898902186747,2.55394279366517,-1.15571254104884,-0.175277798345744,-0.706263573223211,0.421663467490777,-1.34459190625734,3.46263231539149,1.59089866975561,-2.50529612056033
-0.795735667847038,0.549354309309496,1.18766638426748,1.45236673721188,0.37619790483243,0.131332025885986,1.82275444051677,-0.497518673111226,1.07121251371606,-0.366740494339956
0.0171261279218294,-0.0684453811580912,0.903291634279596,0.583807661571794,1.86140929136819,-1.63481191896944,-0.317502754706438,0.164322571407109,-1.05503247534831,0.345058593399139
