0.0206426243156318,1.88294263885386,0.699602077775704,-1.07791093571943,0.645276883940058,-0.856749579902259,-2.02720882344418,1.16319819213812,-0.58600546158863,-2.3658463984642
-0.276318937713035,-1.56875421655909,0.534163768327115,0.0390070487772687,-0.461386630373245,-0.234251476628199,1.36290917107396,-2.57956233743846,0.57550967905775,2.16505702485078
0.311025378721991,0.533641948932812,-1.61408049181048,-1.16841845397921,-0.812735676497271,-0.251450644368923,-0.39145836035089,1.76914131474479,-0.109481571944705,-1.899145890021
-0.145745237765584,-1.23921171099549,-0.280479563155195,-0.886091180754033,-0.167186455432287,0.635700354915882,0.454862219028958,-0.501663525043908,-1.29863966807315,-1.01685608663624
-0.169608118416931,-2.19356442134394,1.32164882610203,-1.11318729382628,1.29926686364639,0.715111941198025,0.699861681861297,-1.79100682305882,-1.60345083812304,2.16075904425508
0.264464445206267,-0.157397146177158,-0.658769965046232,0.791462795900656,-1.107659558082,2.19354157915668,-1.59586421374894,-0.466053310809885,-1.12347128890972,-0.761173776248316
0.737953079309455,0.789163022737884,-0.400054339870568,0.361086385326338,-1.30756174945871,-0.581039829287095,-0.00623810538933908,-0.177866876766952,1.86725951302302,-0.160497442017469
-0.232466523439484,1.30108217159791,0.133107767908151,0.173360632545853,-0.330612763594708,1.67250635798992,0.581467084749258,-1.17364985782158,3.41573080733437,-0.620148013421053
-0.321293401968933,1.48724255616918,0.0527568566597021,1.20260594442611,1.46337172907575,0.0613990130225256,-0.651768169724504,1.24092374222883,-1.03643345957369,-0.412673079418839
-0.16630780811734,-1.04706738473142,-0.86335396707411,-0.359121475370541,0.763212552493356,0.124131261489688,0.631849211952164,-1.57329333855742,0.12952657198861,-1.52330312922705
-0.429405845877629,-1.69559271610456,1.3258141108771,-1.18508937711913,-0.639600818268978,0.526772202673638,1.04497839863864,-1.37789445517709,-1.60486635855534,1.67742635334594
-1.13366306514855,2.15476661831773,-0.224126601841213,-0.43939875021917,0.750377983681465,-0.778658004530533,-0.368398163897576,0.576382944335393,2.03002450441032,-1.32453962868973
0.426871753408442,1.53824410896283,-0.499152030324774,0.878118317392192,-0.527529898616167,-0.0656350768768338,1.0539244975867,-0.207817158518004,2.61363358313919,-2.55883710232959
1.33640968601881,-0.768701182071228,-0.888155604864131,0.715197754536226,0.815430417959879,-0.324710239128445,-1.15807376275186,-0.111666708918255,-1.1095625402168,-1.46559246238744
-0.613163815014172,-0.888616540860814,-1.45432979555459,0.627475959659367,-0.650747008061328,0.991635676830728,0.778373274668931,3.30573430340073,0.884000157694251,0.372602342675701
-1.00533726675557,-0.119552135186806,0.035713420601583,0.748047408535698,0.921679750506436,-0.628800608596508,0.593522550989171,-0.128319475942534,-0.54731712174266,-2.21028615267697
0.412594618377637,0.927199178093019,0.286282142110644,-0.663891279053401,0.859779400312314,0.233760846760296,-1.48051931865448,2.1068560079228,-0.372991910950544,-0.184888914121248
-0.846429001450325,2.06548898651916,-1.03933031917428,-0.0268924980563861,-1.33614022816283,1.66118239396791,-1.33548190464997,1.7744769811665,0.666285189471065,-3.25689863046979
0.358087380832256,-2.23169978644556,-1.6111512766199,-1.21976583178461,0.657623442280755,-1.66898501700795,0.831137725336443,0.857376679792705,-0.31788644368345,-0.0371681298576264
0.420575172614619,0.485926228313934,-0.0433719022280607,1.77432961336137,1.01530474138046,-0.22849266503585,-0.757517172437787,0.41875821241653,-1.26515924024043,-1.55874613306028
0.897339234491644,0.0257348233147812,1.69546872637278,2.2960776556256,-0.414865606558179,1.0644500996192,-1.16847661732952,-2.4217334469775,0.112128492780971,1.71369498910664
-0.155605438719634,-2.70512405975616,-0.293060806146803,-0.703331379791304,-0.960587897016544,0.533086738692384,3.06795903133086,-0.0420153198856339,0.250576362340938,2.70350748145583
0.683305968038761,-0.380561398417091,1.48037367152126,-0.0414353813189291,0.960107434694423,1.16237151149914,0.537555041815715,-2.60972538502515,-0.333825525092774,2.23225367674395
0.909361739220781,0.0486557441265017,0.592648905945293,-0.612361511854317,-0.587521461817526,-0.182836389200731,0.100213999806459,-1.2866662206248,0.406351399420537,1.77620226578192
-0.175873683377477,-1.80306308278343,-0.15287394809555,-0.256364653347535,0.00403792972450847,0.14587506224636,0.601912992968123,-0.126673615215701,-1.0736800073642,1.89849049170178
0.293525309281787,2.69586128938851,1.07735213695916,-0.671139714412759,1.03331100991392,-1.3912318550583,-1.54177182709822,0.646291259248859,-0.266507194875262,-0.955672504804614
1.07214373826669,-0.501764651573094,1.01518620976889,-0.360062567833976,1.80432644617082,-2.29206256290737,-0.423129699149561,-1.34456136626327,-1.1390580662657,0.959849174930521
-0.201210535647604,-0.856538194804877,1.34955093620159,0.733425953624288,1.12997532652086,-1.43199494102062,-0.104327502119359,-0.909045005907748,-1.36438446636095,2.07066758964922
-1.07071913694075,1.70198531730435,0.00449941773447533,-1.09232963883143,1.25639772024379,-1.48952598537347,-0.577082939153748,2.0701808138283,0.266475089495871,-1.1233843674838
-0.314982305805798,0.691506166323492,-0.4575101599346,-0.332994063299538,-0.627108859375023,-0.459714218120571,0.78176903715304,1.13016641669798,0.963385607204446,-1.5696117341359
-0.0327907327114421,0.516731913163173,0.208264589399845,-2.12699321327604,0.419275310763041,-0.718721043441126,-0.934689407261117,-0.331327589502186,0.268554057636266,0.978945443841142
-1.36985205755393,-0.204774571772009,1.67214557522261,0.763163886360979,0.0370810815528155,-1.35450176670063,1.22842838383653,-0.74648491157112,-0.129298834812939,1.55622191419876
0.561185055865227,-1.15325769905827,0.545906148505704,-0.0634386914447263,1.75378790716889,-3.03775966524963,1.64404770249922,-4.19648488434327,-1.19665023766967,0.261053574436194
-0.0567496870674194,-2.12180390928526,0.0360728608673502,0.268372447332501,0.753051011596243,0.779631949370432,1.45258305458936,-1.20470246349114,-0.280039196517668,2.24034756914827
1.69337550345898,0.381250926626884,0.936702547426177,-0.364909441125792,1.21704650638356,-2.2392903598591,-1.09979783726114,-1.71371734092962,-1.22835114005395,1.9050566682379
0.207869077192536,0.595729666577762,0.887993260834893,-0.784146556151134,1.3637526133288,-0.820311338164408,-0.284725809125325,0.297989536437983,-1.67183769433282,2.04257776206923
1.40665819019463,0.724844082133912,-0.239730678985576,-0.305018252430392,-2.13466681561197,1.80705013193759,0.347211447346933,-0.958431848954435,2.49829414903052,-1.3371410878601
-1.21603540745037,1.94898971543657,-1.78412443855175,1.45075982237685,-0.94618653598794,2.54271203934502,-0.778310585394374,2.18829908823547,1.08422841645713,-1.34831937570792
0.451748606742674,0.347776450340435,-1.13028399989324,0.215194107867253,-0.275819280734496,0.987140634470205,-2.08921660945663,2.47011955328644,-1.28765908454143,-3.33232557120553
-0.130783633241973,0.568011105660134,0.493319264627523,0.713699915083907,-0.904727783806125,-0.824307895198569,-0.71712440197337,1.34016832323713,-0.56215515068934,0.765695779947756
-0.235777805633274,-1.06664628801227,-0.564127078659803,1.03224770254073,0.938377294963548,-1.73136181153709,0.403054166177872,-0.648086387453981,-0.413977756717161,3.90266404839256
-1.43615196061456,-0.257862915328758,0.448903621945474,-0.672405902694044,-1.65240793577611,0.497746915186701,1.84806899550008,1.52156724548519,2.60092323933996,-0.328930249744933
-0.352509566313959,-0.791534176353303,-0.445611213408056,1.5249698907465,-0.735793207181697,1.0585742388457,2.12528682649489,-1.35865533717051,3.97682821420054,0.536308742773867
0.497324237390946,-1.81352120276258,0.966819918927543,-1.33696644947859,1.18705586540843,-1.84190001311604,1.55534227988725,-2.68678225637649,-1.74310766679539,0.611752301484613
0.447878647128404,-0.281971426788744,0.0615337364722703,0.620960821549002,0.145600362459473,0.661629630422339,-0.111481646313262,-0.744626592883465,0.381935336155338,-2.36569241542784
0.490181636162613,-0.530876864495525,-0.0951367991040685,-0.116237893686029,1.09361815022844,-0.953090284391005,-0.613054727997374,0.192340249265886,-0.750900384855955,1.0239175198332
-0.059708390301547,-1.23192942239808,-1.67917835471878,0.595687451036344,-0.967659742054454,2.34571462203994,1.49814643720519,-0.091976080969538,2.47084787487116,-0.783273904821424
-0.652393273495966,-0.50131179427522,0.134533833792727,-1.49463053242105,0.0208656247820642,0.108757825893509,1.33663792314421,1.93347330260016,0.444285787943741,-0.564021015948904
-0.00360175340724661,0.0485421864533544,-0.59695974233403,-1.39632244419003,0.551804929787481,-0.9398016893241,-0.761800872573304,1.17049084869949,-0.573552052010453,-2.41033735062776
0.681345166752018,-0.556353778293988,-1.39002518937901,0.90631128009214,0.281578249694053,-1.14984590166227,-0.96994448688751,1.65067440387568,-2.67680865157958,0.0849611636411152
0.483042576283978,-0.495385205891435,0.121448938692379,-0.246480633607589,1.21759445917806,0.147479206911305,0.910506452028145,-3.118176134254,-0.423367599826824,1.56974349420839
0.198253199571485,0.153707302579328,0.997017638997448,0.969300426223073,0.308288281213877,-0.903539600879607,-1.8713633955515,0.839363239507634,-1.56575432865934,0.290779573782246
0.10391024986475,0.351690347878597,0.951631645462743,0.42459950751422,1.45241697464892,-1.47477747659764,-0.728023063222504,-0.759729268657665,-1.88674708811121,0.749157322739143
0.265887235975244,0.307760199576242,0.281941108623522,0.73343621831407,0.972346233943761,0.174962025764316,-1.81175239956058,2.10352525254649,-1.15083704596271,-0.839479083939469
0.0229621037461669,0.979207153015889,0.590331556717178,0.738014337010883,-0.453378677366991,0.324140958410252,-0.720543200951246,0.711148027307498,-0.270778582893186,0.939983799410952
-1.08699183924042,1.50355488245466,-0.382046905670802,0.169487859246704,-0.160349987339669,1.28905957132376,1.09503093860817,0.412514685159629,3.83832767792905,-0.109990835269808
0.33295196268092,-0.769701708758725,1.31177859454282,-2.05221757409451,0.888464042208089,0.0398821542242638,0.551820507138524,0.634989953094398,-1.58818690966863,1.10036949646017
-1.6614900812054,-0.204731749671785,1.04644155451176,-2.08981109687208,-0.861217877640311,1.74331898492171,0.881370430687284,-0.114435115523971,0.806376670783172,0.313667236621574
-0.237906964932611,-1.81771755242463,-0.610760770694813,2.99172423448614,0.0732801702588618,2.37479715181049,0.650446783949833,1.77559331290991,-2.73589440249498,0.666656363483333
-0.6238710925055,1.31194532408762,0.234170593335305,0.593310340597683,-0.053389856283198,0.236535912384137,0.118817137385916,-1.94510874833601,2.05804575042744,0.754169736038542
0.690404495280445,0.405865865776357,-1.79834010973202,1.05298803359512,-0.395672278875012,-0.158258128355726,-1.17660562265953,1.58490957694032,-1.12315391268226,-1.95996242351758
-0.886145132917746,-0.63207633484608,0.157978121594252,-0.787307098146612,1.70699924987118,-2.08733914793354,1.8358401060633,-0.489578910913691,0.195684665765833,-0.0503572893922624
-0.0429250528176512,1.20591065169953,0.382918722956163,1.64565997218489,0.243992285150747,-1.03760641177934,0.191459882297064,-0.526261763049029,3.02960876827546,-1.89827355909764
-1.71930210435776,-0.249574050951067,-0.0876965231843184,-0.203314250469469,0.837999362375145,-1.02052808332927,2.4354359235514,-1.02033853842989,1.6273742916775,-0.0931003488905565
0.328868468875621,-0.472312889394899,-0.0384739705014214,-1.53843948596314,-1.08846277816981,2.24426226531049,-0.787170305649718,1.34815822398989,0.567012656500731,0.442788772993341
-0.496521758237969,-0.509069145602019,1.43623620338852,0.020398378752086,0.121468253907633,-0.770968721052978,-0.445705919341817,0.344835897528454,0.940048259406201,-2.10189148054772
-1.67481054535661,3.39128541952458,-0.258503921661224,-0.235296030424824,-0.666862877552218,-0.108941119499869,0.111829049146363,2.05470272543635,2.75609688647202,-3.33437514253878
0.559078810433861,0.602282984550707,-0.461165678876768,0.148628523158543,0.232386278241177,1.19444623387057,-1.73811263790197,1.01089714479837,-0.49795599175664,1.25421683040908
0.627285415900754,1.62275558080917,-0.447907823187924,-0.193079651972612,-1.02659818822402,0.293309143000843,0.85940762335047,0.44898853100165,1.36053825276003,-2.79188380869763
0.452092349674293,-0.684273095308857,-0.217681835074418,-0.783477191720622,0.190063773710881,1.18169378919085,-0.865610461003859,0.506718881964557,-0.95465295199332,-0.496610690763653
0.326450949035373,-0.992116433788151,-0.751914856900981,-0.69820375418048,-0.99692610942107,1.65323554363875,0.0467155264274521,-1.06082925446419,0.430279960381238,-0.201364259051564
-1.56063928433459,-1.4910747258669,-0.489369065846914,0.594319069919329,-1.51800313231472,1.61921974035428,2.60350143544174,-0.569251661842441,1.54884590114187,-0.248414654659398
0.356426576964052,-1.94317092059893,-0.39912649704082,0.301269870186569,-1.12833949341307,1.75435453536114,0.364498599663327,-0.699380299207731,-0.167418734520053,1.54507211699495
-1.42599264116048,-1.32736464367144,-0.000683121887384366,1.67671466284646,-0.25279627525311,-0.0874060817063478,3.33640623626641,-1.20368786323373,2.73349478977378,-1.429670718267
0.935998083689778,0.69874317456351,-0.116993655695973,-0.847872585100679,1.40318408489833,-1.94432128868735,-0.268141429294189,-1.0138883981021,0.236484303305642,-0.614475510887848
0.154786913031415,0.446660744345521,0.0356427608645706,-1.08265989072099,-0.76610866817704,-0.461564856272223,-0.421839278235985,-0.0856755522919781,-0.362539840324572,-0.394920476522978
0.273720661388987,-0.0338941571001846,-0.190798202536375,-0.136621183944807,0.896300593674123,-1.4301841547726,-0.879581355672185,-0.839872921551523,-1.52933831198852,1.59422941217285
1.03268436021958,-0.372376025758869,-0.461728654017872,0.363683154296917,-1.63504886233632,1.24755092465144,-0.380437068211214,-1.29843232380799,-1.84702623514548,0.167440515642743
1.09122583669848,1.03980331442214,0.148795428406015,-1.46165527316975,0.850292155087857,-0.881272991012909,-2.02985913417021,0.125641220375491,-0.783721368497604,0.665554547445334
-0.0924041762122088,0.36261145337309,0.0039613711078102,-0.731916763076461,-0.369602268764558,1.07044004562743,-1.14268740479083,0.551400748554652,-1.34848925790734,-1.10380667990677
-0.22030548121017,0.4744015636314,0.666842271239433,-1.00288040835487,1.05529584722826,0.857462046352144,-0.712496690137392,-0.94934615479654,0.155120371865973,1.21718119646182
-1.24190671934729,-0.236626229145542,-2.51300032238439,0.88554131521433,-0.944678866265615,0.923899294833434,-0.29700512692596,2.88274767085697,0.458457391084683,-1.59423327399398
-0.0956041738094405,-1.75932960046813,-0.254986470388967,-1.02807859554317,-0.265279186916204,-0.922958313800879,0.510366205747949,0.145587147814522,-2.15668176484374,1.93875797464374
-1.52032068349374,-0.500706926439007,0.892095027943164,1.23674948743052,0.558470753539266,1.11020934764939,-0.160902816272345,0.494463667269683,-0.250500192339106,-0.117030301544865
0.120013744012709,1.17901462122868,1.31852728815113,-1.00623090063398,0.898289595959111,-1.57478951812331,-1.21500284110951,-1.06720769309758,-0.367416167966325,0.387537051193051
0.228597257523683,1.25946936460384,0.411594252195606,0.373779216006774,1.13558716613677,0.726950890915501,-0.158188803181844,0.919975765018309,1.06635703505995,-1.41974113767087
0.145201011274603,-0.563303820247133,1.68051603057911,-0.128477503646159,2.175788086908,-0.670524874935348,0.902512143948957,-3.2946259214317,-0.68279316254597,3.1712599361638
-0.816637237861464,0.0378186629923978,-0.854234558429241,0.103446976251008,2.1764413530659,-1.6328042404155,-0.97463586281576,3.4163786538988,-0.497348596419134,-0.137749214881389
0.300676988571855,-0.501091978705938,-1.08757129611424,-0.808586279473713,-0.525963475639497,0.79761460578233,1.51950479355518,-1.33093904180165,0.660480729401348,-0.705291671300931
-0.257610014870015,0.646642778810161,0.509513271707263,-1.08555552129868,-0.872331890236517,2.89268296656279,0.254630215086713,0.639945536702354,1.79388134567494,1.45387951767969
0.0172036886218364,-1.32510012899921,-1.25490596041577,-0.666691997181796,0.957280302693033,-2.874475780704,0.801996594845676,1.26241483393909,-1.33051534751744,2.14309434597534
0.239818461044719,0.511592012762113,-0.319320656679605,2.19795353608374,0.0292103346970179,1.49690329049365,0.0596254798343934,1.28819082655605,0.586914840660779,-1.68585974037521
-0.890882921763264,-0.557787365383743,-0.351902314986458,-0.252269529654318,0.0516304557845438,0.73605142174022,2.18345494941743,-0.428486319801975,1.22504298594207,2.13004653692187
-0.714448895269141,-0.638331980468747,0.720659751437983,-0.6946891974343,-0.377351534638177,-0.410419218403668,2.78136596352681,-3.05579344830645,2.71418653428038,0.376943621383264
0.696774597028327,-2.22056186705119,0.936532780280705,0.115456424888261,0.50236027930441,-0.499507393891447,-1.90334889778357,1.34525083097229,-3.73406380891404,2.10193251534711
0.549125154860008,-0.296736898969569,-0.00726988255327238,-1.02135919281087,0.341148123693773,-0.00942430986419803,0.371816728599541,-1.07521537900654,-2.39799963095763,-1.21629985621535
-0.646339561935517,-1.09120492001597,-0.387341051393368,0.520569372633293,-1.41424803043835,1.03405215786894,0.0792538807847623,0.73928987681563,0.101650956640353,0.472075271254629
-0.788010777946122,-0.493226286505985,0.216363557621046,1.13647892508212,0.0997545574346558,0.859342596568445,-0.61922024552318,2.10614677242156,-0.342095240998265,-0.0401613097855595
-1.06766491700628,0.781303840288618,0.501936343580254,1.15196727806051,1.06768365890477,-0.449039204055991,-0.236804059742751,0.481954892473694,0.950881880432141,-0.507304382967374
2.00315243263845,-0.457138110325809,-0.433042370930336,1.24958434252966,-0.770212667943683,-0.0793052477458834,-0.550411586018781,-0.64940482722844,-0.0655492856832662,-0.33376701246757
1.46082251889893,0.556582913957334,-0.897857588460522,-0.354083190204657,-1.98256857687336,0.76864927177806,-2.88186619161783,2.51801316683859,0.103916663756149,-2.42103038305062
1.97585157547089,-0.901381836934018,-0.318496845705574,-0.30915146280134,0.852704153795921,-0.464037419359777,0.971728377104458,-1.05572109316334,-0.9535609966557,1.83447033358087
0.237477355870899,-0.126977800659488,1.30554707596635,2.01348331039147,0.904213296034862,-0.438125090965376,-0.294650125813391,-2.11292683415431,-1.56276290289582,-1.63195502525734
2.0943399260958,0.484613486522806,-0.0711368888359749,-0.887185351511601,1.87698104744399,0.0499727658139309,-2.80346683812997,-0.559765966908912,-4.00269709363679,-1.58496555755984
0.786152510251367,0.388729813302076,0.300973546480963,1.06847204102548,-1.25684878493573,1.75784048174217,-1.01213373746279,-0.533229803801103,-0.619480628361752,1.029157690619
-0.400522254231468,-0.19386888942913,2.54004520081845,-0.774312475168604,-0.0493980615773848,-1.06632694057328,0.0498362987150172,-1.15570653656311,1.91349918416722,1.3919363066863
-0.04505323236128,0.342858147958852,-0.789574438960342,-0.681259248173606,-0.44328414583264,-0.00822502581153631,1.62718939232013,-0.881871205509404,2.7725991296019,-0.12156664524084
-1.84194432120533,1.23399899874968,-0.678717572223645,1.29508725948071,-1.48693066833307,2.79837217530954,0.310948246903123,2.88590126785226,2.70241643648529,-0.61273070505068
-0.648622887931144,1.75199456523055,0.000518985595831967,0.153697097890914,-0.360314229818452,-1.21372088999722,0.628413278394153,0.50270524392313,2.5618603580841,-1.23549705244126
-0.69675453675651,-0.318266686761505,-0.659803081334403,-1.83638558706744,1.30125350825468,-2.60526585636009,0.907234805380673,-1.51057525996514,0.0436620834432502,1.63203380216028
-1.53936854443301,-0.68456373631647,-0.397774483582004,1.18365934277477,-1.75838030196647,1.03957162261511,0.503066782915449,1.07480037443284,1.42400596898848,-0.814226460970945
-1.45675640916716,1.1132151356089,2.22620694939307,0.279516750118252,3.33004425306265,-2.02089584018149,3.14519664655245,-2.352703106453,3.28982850183033,1.1039975880013
-0.992803364315367,-1.61604289101329,1.28088593665592,-0.933473782804652,1.32572979157263,-2.95521203347948,3.13015906073683,-3.70369100942085,0.247919247023295,2.26730289118234
0.62590028672407,0.0537664617068778,-0.399466420832329,-0.253790910000331,-0.372262179343879,-0.487789290284855,1.10947245659615,0.192667949467388,1.1816365024069,1.18065953075483
-0.790473703583655,0.0979546390035489,-1.89652383176484,-2.85536940356147,-1.43786907463278,1.02306133359017,2.12831396406553,1.5221653932162,3.08122956759069,-0.739861486398582
-0.8656669586509,-1.02477957625332,0.251902229539658,0.262176959443742,2.22969304165418,-0.538211415126423,0.473366767879498,0.172558174268672,0.717317916158374,1.51357291216672
-0.373634067700461,0.245370244485952,-0.923665279959661,-1.27129370470193,-0.545490827476793,-0.319921672093133,-1.83319095821959,2.87775565004178,-0.431561474012195,-2.42327430709873
0.304267913225499,-1.69122315097048,-0.00314515335466298,-1.62084097138396,0.415972921327655,-0.562362792385479,-0.169241716185116,0.795227087903543,-2.84293350120345,-0.0418009424768806
1.24226005382983,-0.20151662005107,-0.560018921587047,0.169434116272024,-1.34662467299572,-0.964033660246507,-1.27100446130478,-0.297095048374227,-0.626745405237824,0.556088808648721
0.74315682315038,0.423570410847089,0.0417064284225309,0.770999152716338,0.694830990288583,-0.141343199841915,-1.33124355705143,0.851178784827205,-2.20719383293117,-0.998970572970925
-0.319710941863743,-1.29615842897033,0.856197592455451,0.692568680255357,-0.479079237840429,-0.0388468038902788,1.39453657647545,-2.06095084581425,0.364786278061103,1.70422026405777
-0.325335116337936,-0.553085063895776,1.07821626327763,0.293948294736437,1.0895042854924,-0.539906130812599,-0.143837708250887,-0.364294623946887,-0.166470117519886,1.49353548641465
-1.69745497647328,1.64573146541556,-0.367250201093802,1.66897673420853,0.986877835237764,-1.21457191392905,0.860385686023839,2.48399299307198,1.9067999032067,-2.68873198205527
-1.93396003931952,-0.0602391687734443,-1.93684056955916,-0.33070721699561,-1.04304563071654,0.466540405980181,0.541164601857165,3.95630730355627,2.20591327381237,0.0511726039354043
-0.0109664372777319,-0.365653319126885,2.30323020023589,-1.0248200381399,2.52319040192757,-0.811492900568681,-1.84814344020841,0.534344015954229,-3.52902715348616,0.33103673071651
-0.0399082048072199,0.374836591713263,1.79211721595032,1.18513931269807,-0.923491640742377,0.717456397747069,-1.73246626542747,0.525301017001745,-1.70754480717951,1.58269405675849
0.942469161892672,-0.354919619470723,-0.310742106365391,0.939106998252313,0.576920210337396,-0.140300817310939,-0.453990297201819,1.35665016419533,-1.22247685265093,-1.25424306299707
-0.346155918608884,-1.90237241259744,-0.182059498060257,-1.16157778369061,-0.284028626874546,0.728467760768115,1.4437620467372,-1.18892165027808,0.109163630495455,3.42779641349752
-0.227229138139432,0.845697903649225,-1.49206627346307,-0.330344808577724,-0.364446200826305,0.975243585860655,0.195718265757108,-0.500873150075252,1.26011398666786,-3.64418612102914
-1.8352025391864,0.345649512963883,-1.01591438189655,-0.868353818511783,-0.933484691588078,2.64091939065634,1.98816582939046,0.332231474451994,2.50667465527989,-2.34339670537638
1.60589253915987,-1.91349872682019,-0.159175100446225,-0.797639979394038,-0.35700511881414,-1.54770281759843,-1.58345599022578,-0.196684850291374,-3.92945520252631,2.57491589682091
0.582794348047914,1.85663946093921,-1.22034509356766,-1.25046403021451,-2.13183650647243,2.21182130307,-1.89231275771165,2.08847462769132,2.32232152885185,-0.20995852909369
0.53943676948437,-0.453259981453357,-1.23589971049078,0.607903521003123,-1.09924914117487,1.96902556623528,-1.24747524277989,1.97219178044917,-0.0900452697046243,-0.555397576157511
0.920570631477435,0.658881471790409,0.154829220356227,-0.834457437661265,-0.181960074567977,0.432829066748256,-0.645201900229709,-0.843200074510822,1.10124266755451,0.0811986884632408
-0.0145027697803021,0.321330905063696,0.936819871623857,0.11652656432648,0.954021183449065,-1.00157587152672,-0.0861634454102235,-2.55577678319106,-0.953802052187345,-1.49203065426509
-1.31744759377159,2.14417663253754,1.17234242429644,0.758412506055386,2.08878428957963,-0.543996979234806,0.836385081432672,-1.27352304328232,1.06020940498294,-0.324208838882996
0.561152019924731,-2.46449046504542,-0.331152046777496,1.01054451055401,-0.622120891722467,1.15760846422797,0.0597489966080718,0.680273209251625,-1.62752924880598,1.08201387642195
1.32575095788879,1.17856323175553,-0.44860992789563,0.469252647233654,0.29122081482199,0.692369576281445,-1.31131013719046,0.599031896092337,0.379373096708529,-2.26382722231407
0.0220179986944431,-0.303123955294815,0.0454371068466552,-1.12318933861248,1.7568817218014,0.852041435062677,0.897652626274792,-0.644253054903755,-1.05208761034929,0.485925543178802
0.350354974124208,-0.981016853603025,0.537676100738257,-0.529764654460452,-0.354952063093127,1.26034159692841,1.06677226691329,-0.419142306130188,1.81981710397131,1.51851183573671
-0.454624812870832,-0.190326818232645,-1.14864317112967,0.358718361866154,-1.59535530144536,1.06756641154029,0.656454391669053,0.780026883773088,1.13308851988708,-0.0605519240549617
0.658271546165469,1.10354123722491,0.144519041065917,0.153512165542029,-0.467823725082009,0.633356868947167,-1.46264627966707,-0.493340537439883,-0.789148088192103,0.600773882744297
-0.527811945677932,-0.592043621596556,2.04784909348132,-0.397717702673269,2.30458940272412,-2.24571244318061,-0.141056186172529,-0.690271127102077,-3.55409227553955,2.60068530928355
-0.36525675779579,0.49110418578801,0.428388352390328,0.542849245292803,0.914688133654079,-0.921970301340317,1.86161957437222,-1.98016980760295,-0.240361698149737,0.154436961466747
0.43897788187124,0.97300571859611,0.311812534811913,1.64052654233513,0.477195786855377,0.161452052987153,-1.98134627061476,1.15895531757557,-0.634761570640408,0.364576155831205
0.804304848170652,-0.373938470702245,0.318495540604684,0.705419429880578,-1.37587497735909,-0.482582942933391,-0.758316883660945,0.0933160407817976,-0.346705464920491,-1.44797984669266
0.543258407394982,0.496544778765481,0.198744044819048,1.28973985619189,0.0374800042983643,0.0905280841045988,-1.24756929227772,1.57918155214216,-1.92202193287412,1.62605006208015
-0.329767370385123,0.385361483329784,0.506337672099567,-1.31490415490987,-0.208101218372865,0.285147170625934,-0.447462595122872,0.381247461868534,-0.416686521185215,-0.47492991175747
0.819517420519847,1.01805444480055,-1.55544488154107,0.49984935699909,-0.41918359326329,1.03952755551207,-0.676424944829988,0.701230374281842,0.277439487673157,-2.66055997361354
0.672549236609466,-0.022047538411593,-0.317440701908378,-0.35375854191276,0.376578318812555,0.447844369037437,-1.45148283380243,0.573800722485806,-0.936673316115849,-0.837042032070234
-1.71338780242076,-0.638524622825298,1.77708785485646,-1.05305035969167,0.0154521282359687,0.451600632773957,1.96658610772476,-0.307635405221701,0.394263249465869,2.07874883104904
1.00015677439445,0.941990809551869,0.569175303005155,0.385380366049886,1.41048153309986,-0.236408767297886,-0.566221494486367,-1.61964499927327,-1.24241600598576,0.232190096266019
-0.410319273668232,-0.440106226242532,-0.669721294167128,0.13477136920111,-0.481639894564489,0.329437080428296,0.931405308564013,0.196203962457842,0.223093746086104,-1.56441399017171
-2.05924671920649,0.0095170964037255,1.28566374005037,0.565831958222512,0.184736037010045,-0.485193675841899,1.77703832219014,-3.10917225270643,2.6551294078661,-0.0881638452728999
-1.17814381040313,-1.56514999151069,-0.74468232588403,-0.251527006586451,-0.87086378191905,2.68472225035879,2.06679835037767,0.732128928156303,2.23618637200414,0.302944859694308
-0.352687414246383,-0.0486564583397452,2.03965927448626,0.0253003690905585,-0.30736326683091,-1.40797564830354,1.03266831837649,-2.0830907979524,1.60822260488526,1.73242065776888
0.0226507974441313,0.154427693519992,-0.220760636309192,-0.980513048879441,-0.176718325162199,0.597149817129156,-0.521923473416555,-1.16559664693944,0.193867672105176,-1.65852780615476
0.711954536573552,0.167160826406367,0.172576979854225,0.461827476868928,1.70392991538954,-1.86230707505372,1.08416199579738,-2.55644087768572,0.652065166252083,0.313435019905668
0.378035876613227,-0.597374933331313,-1.334898864785,0.189880193846899,-1.04457519490901,1.53164878621963,-0.400638653866072,0.109425340468842,-0.58884145049447,0.107358696108922
0.795695546826595,0.426695546728181,0.352089734712126,0.922603702046456,0.8383142223334,-0.407193447408702,-1.50291651435711,-0.217930837905203,-0.165308172399606,0.291821927630682
-0.17324430378804,1.15616401705974,-2.25264485952041,-0.981917656853194,-1.36874334306996,1.4926593556249,-1.69548872777625,4.41740459927262,1.09632732232725,-1.87891139783535
0.989051837973403,-2.72845437796285,0.570620989964788,0.458884106442637,0.553546145127215,-0.371707339217598,3.18847287380391,-3.40691428050897,-0.20998050662716,2.57996687313358
-1.31154295798561,0.795679885601096,1.36903487252176,-1.21283886320878,-0.222677806563211,0.139688061431954,1.56803227846907,0.254929332282946,-0.0233500904795884,-0.176222421504519
-2.62032051032114,-0.0589936382211186,2.49131425165191,-2.28694419164547,1.47227350493403,0.302058152316325,1.12355176845061,-0.399302336080674,-1.0560799995825,3.37486802797213
-1.17654969813257,-1.03803328139563,-0.170253341585532,-1.2354913672485,-1.32062371498006,1.18065700887459,2.27772107527638,0.337261702005278,2.14547366389793,-0.484879380999479
-2.01862306613573,0.766116633354984,-0.3838972107997,-0.253263283616996,0.44110305056752,0.341407729348057,1.0072701253021,0.9821250068678,1.10301620473442,-1.03312462906801
0.491709362633745,0.0383106032940533,-0.340274476138634,-0.808069615406068,-0.246804617133776,-1.56276150031317,0.130568808774664,0.898079661619821,-0.00845333547293965,0.139131640532205
0.968005603974865,1.47182446994356,0.292354658769864,0.763786375654906,0.378849055242558,0.727119921216426,-1.33977694863946,-0.520039423830103,0.281287938521997,0.322048078539354
-0.651534956790923,1.05855755257949,0.907730318725627,1.21311679659063,0.0501261202014077,0.241543160150667,0.00321265634705711,-0.129388515582771,0.581541427991884,0.165594775972469
0.163165945980075,0.63490428919029,-0.442329483458853,-0.509008048293389,-0.0929535987180267,1.23031571728996,0.550955106161166,0.151461977367142,1.17895790627073,-0.178349868757692
-0.363384699850087,2.06840253301989,0.0395565889155581,-1.39858680471717,-0.588282372588917,0.2122122735502,-1.89890751918684,1.4418839450428,-0.144928674972994,-2.59182842287639
0.519070273601216,0.896493864806479,0.653618137842797,-0.409493270261614,1.42750883164504,-1.62239085052325,-2.54665416180392,1.81093760706374,-2.57560839555155,0.288273701568809
0.807715305834294,1.46562022428477,-0.701808578647645,0.564442264126488,-0.716073370865438,1.9980648407369,-0.467271724039344,0.159731449416639,0.561096823883499,-1.94967173552005
-0.256543584202962,1.17445242723112,-0.633656504292673,0.804157421917407,-1.01778844904832,0.201798429029234,0.664607252323684,1.70826724225387,3.27032704941405,-2.62781202712239
0.0376743200715369,1.56806105621763,1.4390977889171,-2.63312056406075,0.0734140957255671,0.635442915680511,-1.45532974330492,-0.472879459040771,1.46921870663875,0.887363914726299
0.182183305628869,0.725365511704001,1.07650253156113,1.15269264466072,0.57155192120209,0.478236055892474,-0.248503564743753,-1.0685835165232,0.0399084742508165,0.0632926027847287
-1.12133200558248,-0.401298342751246,1.10389092296371,-0.473439680306712,1.70793175517339,-2.32673279476405,1.04994686086856,-1.45949409290519,-1.39124433571213,0.908528933428283
-0.927328704756668,-0.0753837511211564,-1.01208078425801,-1.31493876780369,-0.963625616766456,2.44975562658838,1.184500801672,1.04158544353209,0.842049688767056,-0.924332015291429
0.464931345635461,-0.755723464936682,0.727055912093915,0.659602535605929,1.11702368855614,0.285550401962368,0.649472323350263,-1.14822097978581,-0.931912050998045,0.679544778305632
-0.224949772708668,0.020024033372381,-1.09194908603295,-1.19703601578335,-0.786725787763689,1.09943651948613,0.420590664988684,0.32955413180914,0.829892448947568,-0.132462100808749
-0.680055875322917,-3.31327603070751,1.63504197941885,-0.0624113603854874,-0.172557850111066,0.0334451441220191,2.26968385022182,-2.2269067252142,-0.73171072731338,3.35904365958007
0.867782304180994,0.0547132748591398,-0.0152871956996619,0.941859969315345,-2.22061846692215,1.64452261295735,0.142023001145169,-1.27097658142077,1.21995540348213,-1.33542924401858
-0.429037232186592,1.25139899097678,1.75612494096538,0.746756818823671,0.584515206548373,-0.0425903978617503,0.173713403343747,-1.99252445713853,-0.358210995835906,0.0918577155348591
-0.856748942542683,-0.28672947216807,0.354200418511546,0.668495524722916,1.5229343224833,-0.534948962111743,2.01339832590359,-1.12868997804601,0.237366471089229,0.822702025595615
0.488449735511941,-1.30581222039902,-2.6806147380748,0.201303035935918,-0.923931764905228,1.257031655906,0.281501826289879,0.289296299462158,0.659615019108051,-2.57924266315363
0.121351004580647,-0.537796781325222,-1.00170605100977,-0.473406644643969,-0.114208204753454,-0.408649489664956,-0.311928736213644,1.03433975271554,-0.623666169357769,-0.155264650744075
0.0785896774635551,0.389413255587209,0.0675279968136502,-0.482606849163302,-1.78400952552191,0.365997555404048,0.216959463072553,0.229835860400252,0.56857692458143,1.06745675772698
-0.389182333966661,1.73689351518814,0.522496821064917,0.297222587400591,0.07312842918672,-0.0991871498962059,0.457650276395693,-0.197778083082555,0.183994299691716,-1.50294852316797
-0.327211451801745,-0.612297245279135,1.24986130701722,0.620563935909654,-0.290181457101893,-1.47047468085348,0.878986391219988,-0.554646800025441,0.35814809657905,0.718047512895719
-1.14639683548635,1.99440959822366,-0.717886479783443,-0.262423228430654,0.0199477825561618,0.316748255678322,0.281448180114229,0.94437216553754,0.819505386719371,-2.10773458665354
1.03661007200492,0.597786161490223,0.632004751189211,-1.67081493155729,0.162401775944789,1.21081191082318,-0.289229068005576,-2.63497471326803,0.7663283236677,1.17693544718841
0.31076927479751,0.795708185277627,0.673189364372368,0.639375042147929,0.496928311139922,-0.518339750607223,0.159363611774486,-0.530193864503684,-0.0896273681184439,0.278762870795724
-0.883294039709182,0.45727186924,0.776372599764502,-0.304869556545502,0.0344725397569895,0.312540124305979,0.295004782520594,0.585577960082587,0.105447784346187,-1.75313009006537
0.346206225269517,-1.74139657833473,-0.517635616540938,0.568277767688718,0.192571939169431,-0.980004302880157,0.133538282653432,0.251164276548782,-1.18269682349533,0.298340676239919
-0.18707408001253,-1.24303728359668,-1.53732074622843,0.102369717426147,-0.163698132325518,-0.756961899021024,0.80804179930753,1.28536953149632,0.0769745591474762,0.24970582258792
0.0341042160915823,-1.05151211141363,0.745222103133397,-0.0314240650624336,0.429545611146804,-0.75601893857838,0.296176550687967,-2.99646583804199,0.400798135924226,1.13971431956382
-0.824777011117445,-0.812282786003183,0.346072981639603,-0.206845603890968,0.429354489303024,0.717258594616673,0.0378045502608916,-0.0429416992063078,-1.26426322626359,2.35515593342001
0.38765585022478,0.507718659890273,0.916497694528494,-1.03182027064449,-0.00771177564292758,-2.54155664458767,-1.34603622915188,1.512818201486,-0.681362081345599,0.237308588080275
-0.0241500476158272,-1.15166822713859,-1.03132685318181,-0.430728084828999,-2.16936702365589,2.16927489831264,0.203396875590904,0.887435263153303,-0.257420399638497,0.544538970746361
1.26089084871804,0.900868382055457,0.216870408401222,0.554217458533398,2.45722656910204,-2.37483252374711,0.164618585964232,-2.07229314159777,0.0796869824991117,-1.60158703597944
-2.00904858996508,0.550538050853888,0.936012252702582,-1.08759139926108,0.445918201556754,-0.113414083532317,0.720820815168877,1.03599294343175,0.979262121111617,0.209251098057013
0.077140767244696,-0.333623196637789,-0.312783375694192,-0.143592743011784,-1.16506482803699,0.88689145871207,0.523266002710051,-0.770985038808651,2.9583148865399,0.555129329843231
0.824337677639215,0.600125695750716,1.40302143855402,-0.659698409537429,0.113726343050853,-0.476480787725731,-0.267887867565358,-2.38773828118908,0.951350961169618,1.47354293544929
-0.0662271362084613,0.357142378228845,-0.765487060408613,-0.389263124896561,-1.35547317456318,0.449015075464905,0.321152635199119,-0.549334022084103,0.785786519365354,-1.85834841223995
-1.40770280478863,0.596975258973414,1.26649226249816,-0.481589498204728,0.862327137137271,1.02936505942863,2.02945726711864,-0.141907569078177,1.98573095525676,0.913326217880842
0.124403327578911,-0.159140225528433,0.625028156219568,1.36750692089201,-0.58292994046839,1.36462761763172,0.472235139862995,-1.41411951890995,-0.495109181909093,0.557630391091813
1.12308131584111,-1.60955580184531,1.36443845890343,-0.265541320668798,-1.04530166598425,0.781060295788166,-1.46665401181741,-0.115473840227588,-0.395032487006259,2.27389375003447
-0.90326646932335,0.465809447447782,2.09631945484342,-1.21557567908664,1.93997878628897,-1.26537816214719,-0.494060043940118,0.794167515369537,-2.47299425515206,0.751038660565546
1.1896371364164,1.38542990653908,-0.121632946389344,-0.880883565094796,-0.293467332640393,-0.767918380355916,-1.29417658102872,0.795037024301382,1.48262669456709,0.947925430139837
-0.333181968830786,0.382692386576997,0.437945604575586,0.381135690018779,1.09920333678252,-0.0429870058533037,1.25827163825304,-1.39365296646777,0.255064109090709,0.647882058257708
-0.69061626729445,-2.11658220707654,0.0213984534532841,-0.0378883689883229,-0.494948130253446,-0.482300283821856,2.42867652758953,-1.72923185430847,1.36523866311494,2.26060692061173
0.256677353083406,0.770034259314126,1.49176594516387,-0.531040561261499,0.0508284982658877,-0.850468994554167,-0.503912613326828,-1.80905784004018,1.78510970581079,0.91172735118107
-1.12771255220043,0.497473931882517,0.080918889537304,2.36548057766892,1.08495076480268,-0.336965194830611,1.60234706245578,-0.196890193021043,-0.564509377120345,0.526952405664461
0.386631748065493,0.982413348639704,-0.290583673149344,1.30511199563569,-0.634005181794956,-1.33780961191778,0.386663177591393,-0.0595747962909135,0.785139932785247,-1.57074722327255
-0.753484690483539,0.787497696951546,1.30964099001514,0.457252079576825,0.078781421167144,-0.269408645773712,1.48585098274603,-2.44902502785035,1.83010635327028,0.828329560335784
-0.639584311532062,0.606097025865312,-0.35256654048336,-0.257581725505635,-0.470668356929266,-1.54807883704794,1.19529733027745,0.751880438476309,2.09472374505352,-0.513114029893123
-0.152350122353467,0.852922183104333,0.548983777806128,-0.207548401056847,-0.288380829599987,1.87805204695342,-1.95446878772584,0.203198419133904,0.27969420240674,1.83686221811635
-0.489617729358695,-1.54779501428458,0.809442237014953,1.51602902253835,0.312116006383579,-1.57656732934313,2.63558598930711,-1.54772929825506,1.33591009157095,1.85964541626355
-0.112475546697898,-0.648711290843487,-0.362885994321398,0.537732173966661,-0.378772194980463,-0.364703045215498,0.194968425887475,-1.16504768869609,-0.415985248060857,0.555304338550011
1.12495841031297,-0.956660879451057,1.69256930019264,0.157551694525976,0.315295882978954,0.00603425597364557,-2.06068153606174,-0.671952556289228,-2.47115206609681,-0.342230123118359
-0.243025610801607,-0.745426762323063,0.0421851141668373,0.251322640454406,-0.141255890703742,0.205367721616667,2.1191240967695,-1.09724523420825,2.33540754466929,0.0235137019213624
0.952720852478664,-0.494875227651032,-0.366565313693169,-0.727835536621127,0.251812597764834,0.130729306998019,0.838323711952292,-1.25126933911061,1.83016866266451,-0.892595357867074
0.171596033152105,-0.308639053690596,2.11768405606898,-0.0644132650117705,1.16888856481168,-0.785121425173374,-0.760333744794809,-1.30176687746287,-2.59253942156291,3.6639413932505
-1.59167610683268,-0.338877243405268,-0.96570033459296,0.689692204051939,1.40946119218608,-0.712730655355104,0.0444981957339458,1.15106208142351,-1.47164113522819,-1.98345968114164
-0.180102569668953,1.13689073766745,-1.33875614632452,-0.920016588121683,-0.731284003110331,0.74093276883678,-0.846565856402121,2.08144492452038,0.048814886222014,-2.04617528783337
-0.417850136999638,-0.522553092134725,0.133571185581108,0.429423127561209,-0.262704025468359,-0.0737339738214364,-0.343277553866732,0.548084702616997,-0.966515227412031,-0.549119005651674
-1.03008169451562,1.72019930425107,-1.13328552346855,-1.32589824579183,-0.453608258134797,-0.126222961411437,0.224534170036675,1.63237577947824,3.09142202082723,-2.73984908669297
-0.956859142943035,1.12761421126038,-0.122534637293443,0.794950360024268,-0.61122639493805,-0.0759257929689356,-0.317738617152379,1.07981532303009,0.3409820323255,0.337315226397129
-0.34052051210607,-0.020376666219823,-0.719451219658001,-1.25948037254368,-0.910641471856008,2.00587538723533,-0.721902277970716,0.737384230439251,0.999644049788366,-0.077748426135787
-0.0153768644224778,0.111474779376984,-1.85085417007957,0.702671896364749,-2.943098803968,4.03744034461212,0.466819171536518,4.38112091112954,3.04646388444229,-3.83894224296958
1.097793298755,-0.978267578410536,-0.763125572180177,-0.852378630043721,-1.44973570398706,1.94301446390308,-1.45708292251346,1.27676560380851,-1.55490069400802,1.36559588103865
-0.192827802143334,0.543404285612742,1.33225544289846,-0.0268814647053087,1.94928247601058,-1.72414504897628,-0.561138069554199,-1.63152434086805,-0.464568218113124,-0.219418901986545
-0.320708808996095,0.606547377775794,0.649839241194805,0.681735465116761,-2.39075211410229,3.80535494829146,0.241081911810692,-1.21892099521235,3.51455485683638,1.67109801944101
1.0558747251696,0.995401402346373,-0.623836432996257,1.41775351496173,-0.138590645563546,0.182287897941362,-0.759382324460275,-1.51170772747947,1.55091388689594,-2.07909530481987
-0.867703157552889,0.926249709942751,-0.372686681886925,0.600874301907786,-1.0191857793632,2.61727090912171,1.22838272048123,0.0534183136077385,0.829024154372123,0.580255735691117
1.91386870238615,-1.37885639098897,1.09086167403796,-0.203224540175985,1.75444822751577,-0.924731999221372,-0.236622898981986,-2.47499475571231,-1.79668474358905,1.77309387717688
1.45780032734044,-0.948837046199735,0.629619674079105,-2.94165442168085,1.01691873147189,-0.894185386612283,0.289300651051212,-1.86407347093224,-1.42648911590576,1.20353018379733
-0.841396610919264,-1.31013633042618,-1.43765208247988,0.152196824199298,-1.18170408564721,1.4303160631017,1.04303074994427,0.917569626482435,-0.219543725907769,-0.956933711139965
0.177384899520567,-0.752851890626487,-1.154009012875,0.330556779970368,0.235111331227974,0.0882914310705121,-0.835221005529851,0.286085622414899,0.115223552118836,-0.373948562816471
-0.305681363926519,-0.729109498774347,0.944205131053676,0.484231364203133,1.08459075563527,-2.23316186379009,0.336628855238966,-1.36089670877385,-1.20502180294448,-0.00228534092636229
-0.400283204723722,1.31428352172171,1.80421939829556,-0.335481874050326,0.92453830041302,0.0902946767395043,-0.366359882162161,-0.220995750928032,1.41584547074885,0.981834458433979
0.180984913405884,1.61997920586964,-0.32962854553456,1.06220591703574,0.758402524248768,-1.9714662479686,0.611481754222673,-0.285735319340848,0.81776485123953,-1.21312982442964
-0.544672949172206,-1.70863782713794,-2.42091105922311,-0.0865063613447957,-0.722191739902427,-1.38338824861757,1.9789783926267,1.04033783202195,-1.66338174698728,-0.503041127716374
0.512013097118349,-0.657885733903987,1.3972406861354,-1.75657247482455,1.05203482724754,-0.310908787343227,-0.436793265543093,0.056978059524643,-1.83204758487128,3.54692359353932
0.70256666524886,0.756543252728125,-1.06995221925612,-1.17816826245692,-1.5336482805959,2.13064469476421,-1.19032049200491,2.4927841031573,-0.845680799918184,-0.634237207964117
-2.09749932925152,-1.14287152989825,-1.35764951251367,-0.00152157401406832,-1.36921857744148,0.718838266126346,2.19143272292676,0.975113008104248,0.991384457741226,-0.663027476873262
-0.123355028992515,-0.539123381508204,0.478843411540416,-0.855248221524352,0.652354427301135,-1.09546750123497,-0.605358127265838,-0.129747776629259,1.0199519724444,1.03170791233091
-0.212577161506378,0.574056162775757,-1.33939335498021,1.09575774617984,-1.09308446931399,-0.325715785233129,1.09836699252586,-1.5727113757891,2.54476753797233,0.143684284621686
-1.71143556138481,1.43161807064398,-0.661400938907029,0.611797908950741,-0.40304683571268,-0.765371509105353,0.996421244539194,1.08215617217412,3.37922917890912,-1.51889258376614
0.932692072274509,0.379600568516454,0.950976930371889,-1.00605407074366,1.22369636903441,-0.784420871453536,-1.09406717471407,-0.012499511982945,-1.93316583023835,-0.488456035896607
-2.10221863496053,-0.81119947145787,-0.283344849370943,1.0812935366916,0.491444211863256,-0.268048753614062,1.76919493474419,0.570761977777962,0.819963514913505,-1.38124590158252
0.912395386048752,1.56526668585084,0.53535922423944,-1.48814885125729,1.06403522140119,0.427819917977205,-1.47239856800871,-0.766003779463631,1.68765044578151,-0.464555896113018
0.456341497421081,-1.2224691561094,-0.67664708900586,-0.0992256136174092,0.180959492304308,-0.101566228291637,0.704713862378206,-1.24871248921726,-1.28253476630941,-1.85848804356163
-0.180747606966568,0.511910324341038,0.164498486277655,-0.39557343149701,1.08345839335419,0.0230798053057761,-0.228016972623288,1.49046200308987,-1.61650323648547,-1.43473227476499
-1.06210188686273,1.29523847750683,-2.18271353083996,-0.844479679085975,-0.446785119609173,-0.0697247695917519,2.01312053481947,1.13146544637424,1.37919781915712,-4.56154973550517
-0.882749579616187,1.60343145959939,-1.36795738574563,-0.126820153466293,-0.878387845440955,0.538764975013169,0.662582660324445,0.223183501779001,2.88149357096224,-2.6251772076656
0.325302744246291,1.04801345397867,-0.817977495725062,-0.317899239244162,-0.933485504285606,0.355060734131082,2.01431274996949,-3.00926979993618,3.35598545273413,-2.79610917699543
0.23386227551662,0.00827491536173314,-0.0817269230944229,-0.092565057147502,-2.67263166011823,1.22633593852986,1.12529414639964,-0.313001108574744,2.72390108637165,-0.609117836229494
1.17493498679091,1.32515367812063,1.25417492685677,0.0496548763178318,0.604279367405141,-0.9625816263671,-1.62771639730904,-1.62386603164397,-1.59641753881014,0.385293631330602
-0.0208165108509801,-0.758349221030349,-0.785049021097171,-0.537400717535652,0.690611197263295,-0.463719217991422,0.301235829787454,0.550728252208808,0.05839760161145,-0.219808471033899
0.352018657583907,1.49632948091437,-0.864970258746852,-0.590358861305336,0.226322730178703,-0.550937083927196,-1.57571600319891,1.04737752151422,1.38502017504443,-3.04731075083512
-0.112135184535941,-1.21429644008065,-1.03751657666245,-0.830528430551579,1.10130492956958,-0.599572859758134,1.25933781551348,-0.389445929232908,-0.701264221146819,-1.79571116446824
0.0220659282523413,-1.81819348807114,1.32869283642682,-0.670366985278709,0.0864777394939666,0.370733226865012,1.38733012000543,-1.01010832061184,0.202324522350675,1.20553445503122
1.65198852371071,-0.268314156558593,-1.65045490764373,0.155781882601298,0.0894872133334427,0.144348908153221,-1.58909014914971,0.817361819668475,-2.16849055085468,-1.38012652498972
0.794865911328674,-0.611457459716791,-0.523489603501741,3.01983991146505,0.162075024409016,0.678710299445895,-0.0720551981596669,-0.670514300585544,0.318902547062428,0.137649551336601
1.58944301344951,-0.987636326716126,1.42694631536574,0.738431164151188,0.782135475419786,0.615807866221773,3.12277695265245,-4.8217666474695,1.86166177896566,2.77362402208973
0.581513119661234,-1.31074968572128,0.791974188693241,0.933651844392264,0.867910510269917,0.137339588786385,-1.0135540169949,-0.0375771835606073,-2.89883190848929,0.644906592054718
-0.340011273354479,-0.219308267587428,-0.442479274540797,-0.789470903670892,0.0196283533761977,1.37479602635354,0.586983296363651,0.138175194675353,0.512014512070994,-1.16602497045311
0.252515171613701,0.397625003928615,-1.5250198400632,-2.38482206888379,-2.96043902975671,-0.276807256360581,0.519557757242975,1.07443875575055,0.794737059314182,-2.8015222405281
0.226054621681044,-0.325951565403901,-1.33570677262507,1.90298574584841,0.30050384708146,-0.516971345628491,-0.604648778434099,1.04083829918477,-1.68544442490536,-2.54628470138159
0.782090073637248,-0.224525609519615,-0.541423468877288,-0.595875590585031,-0.371942827189161,-0.487963647413397,0.29842580958452,0.988009231437403,0.726988249310588,-0.117771416478512
-0.0511535566778396,-0.567120524657076,-1.27132505336376,-0.0643029545237035,-0.325109851812977,-0.594480526431749,1.38029503672144,1.21579695581,1.34933935559025,-2.45218743649687
-0.320145352503996,1.3147726139924,-0.50411079599796,-1.26369788871737,0.44273891322747,-0.703449086505916,-0.476084161971725,1.09018325753785,0.755472282268282,-1.16253728866614
-1.22100403201267,-0.364948509143587,0.973158853498987,1.69501844091334,0.644697711092428,-1.56625294478251,0.826889106237987,-0.335683194067933,-1.37750223842496,2.86516154760976
-1.45415298128561,0.271445843492505,2.90916028915692,-0.122507841420349,-0.0163273056073967,1.51323590592325,0.41902247916241,-2.98529143622007,0.564038516874802,4.33763053887221
0.571779117922098,-0.312750873458253,-0.506045005564173,0.626912829599355,1.17535462169869,0.534166428793193,0.00824571191701873,0.264495102582654,-0.772322475357592,-0.382954854203396
-0.240178483072174,-1.11843017823351,-1.60259970747108,0.27400464107353,-1.83547473797409,0.342727377977915,-0.678248446509128,1.70649527582595,1.87530386466528,-1.01338834579183
0.504704792486943,0.369079519754135,1.61741779586857,-0.351934344318725,-1.68192402227965,1.0801625175404,-1.21189020100997,-0.477804715341163,-0.0306560150908067,1.40781322341169
0.570265974926015,0.362072175864976,-0.183378595603484,-2.13368957650089,0.71368337425186,-0.107194685239561,0.254194271077392,-0.541238721634475,-0.0256597426855976,0.362766801161715
0.988093445617509,1.74895333375821,0.81892038641616,0.0165772052218214,0.235266868945619,-0.889615989211685,-1.88649998547829,-0.744289074463416,0.927055666437223,-0.414327426066538
-1.09632879919416,1.47835657429491,1.03325061649708,0.0740971977250676,1.32900509279153,-1.70067973326601,0.923841952512419,-0.399052952513883,2.42023614809803,-0.632772353101141
0.360010947574006,2.02495060247257,1.01133881075555,-2.89425915265055,0.689589710712948,-0.526691692466319,-2.518430762936,1.00488256458831,-0.188843385913144,-1.80718409160815
-0.161063624172414,-0.0959358639727357,-2.25196529104351,1.37790698765378,-1.74291209996555,2.02861535047314,0.975790707738253,1.2433185772368,1.52204169973965,0.930657202626001
-0.625432030922607,-1.14248545280581,0.809237889382382,1.07080491129387,1.36559663019977,-1.0574905151614,-0.0072406762045307,0.309854219536842,-1.15895528730445,1.37953342549614
1.66234773966392,0.49592434017861,0.592331724753343,0.357119691135071,-0.709104960923222,1.57279691028754,-1.36258279556844,0.533613976304952,0.0921254483668097,0.446835566851132
-1.18984004146098,0.854650452488007,-0.600435649554809,0.0366643801671278,-0.771807610009358,-0.0722280721970232,0.0706451512023354,0.970796179834735,0.0190244414738112,-1.34617655931603
-0.316570137046754,-0.829788704464072,0.765939436284166,1.43817389467473,0.422734760827973,0.682224218525684,1.30553391593597,-1.23831936831436,0.173737261852534,3.60846478264791
0.987447719820751,-0.159434090547394,-0.447333805403875,0.706662501789666,0.759204001429115,0.0749135753544212,0.440329871764337,0.514699150594583,0.823764570334449,0.606903847463213
-0.224067573756616,-2.08875460313755,0.200499537956118,1.10612286873032,0.438907237148723,-0.459848496845458,2.67410170019316,-1.69566182705512,-0.704846576444478,3.14317913538092
-0.0912127854739742,0.601057457341243,-1.10984657944558,1.47371333169641,-0.350404268758204,0.352649463872926,0.709156095643614,1.47901038789642,0.908555176487891,0.158176929914837
-0.533062751644933,0.166637576907504,0.77571985246491,0.920172891853645,0.125921356240289,-0.555732598367877,-0.04019148043835,0.064317811680003,0.462992500971544,-1.40046513089778
0.35208510136589,-0.565666820111414,-0.151777456083276,-0.246587656759461,-1.558320184161,0.124113108551129,2.17797005344066,-2.35552425666949,2.69627750935962,1.94202655383059
-1.21353057394563,0.777873151834878,0.873898737604364,-0.541504790577739,1.78448995909154,-1.1899670036838,-0.0798794408228679,0.69509716173093,1.3744560169276,1.81151154936436
-0.270105978255393,-1.91023055230106,-0.419335967532406,-0.604086574224058,0.0423239494212055,2.29255035209022,0.787360438040672,0.547922764791279,-0.723327136632529,0.859229606395892
-0.216169109894227,-0.714371458760014,-0.0159158636782176,0.909583592827284,-0.826988251805651,-0.397173580812008,0.605562080789542,-1.20661830795267,0.711316319357115,-0.908903549507796
0.261914793005976,-0.459142164929423,-0.523040059455153,0.675938127785445,-0.654765796815365,0.643270379688158,-1.40417492217101,1.60913751547498,-1.08007224572527,-0.696072043775714
0.81159823349713,-1.2749110090454,-0.551316916678526,1.23030647287013,-0.0232711244569706,-2.48069770217081,-0.456744513673327,-0.728464522575475,-2.71439597621904,0.441173296622788
0.415048589909009,-1.07895576871924,0.468439179783321,1.86880850829181,1.02776455309972,-1.47253911984753,-1.36183036527702,0.668036112222934,-2.53767156883379,1.79027426109678
1.33197892945059,0.411067416395506,0.539547856518512,-0.706927819199633,0.5100290281883,-1.29443517226298,-1.07178022344745,0.164175769438017,0.408384820008857,0.356470590216679
-1.53450541619703,-0.00381616939194979,0.145780141507356,-1.03643605680645,0.326819862141482,-0.786619291234216,0.787745695924433,0.170730841994132,0.627548704310362,0.677489591891897
-1.49328576357865,-1.48500681701648,0.0128497025562815,0.127052761083646,1.18621911851173,-1.94399400958282,2.7825385082042,-0.617165590301898,2.39833447457159,2.23279917145533
0.737313331518838,-2.22916052032484,-0.930719546429317,0.925680089062276,-1.20833963850859,0.945004763163892,0.439441656991365,0.173109193795785,-0.685372273085244,1.20671736402055
0.532403972261179,-0.656851044092828,1.31002197145812,-1.30295435732226,0.361615021131949,-0.78910902265751,0.207137800248587,-1.60276299894159,-1.44298036642613,4.12976782894193
0.856776128817758,0.469927576278651,0.112988402334188,0.848124642834047,0.769729715962649,-1.7040752148563,-2.28298624755822,0.841171827386068,-1.88172308729038,0.0200202800286129
0.243621096989546,2.03176070831208,-0.539262885613953,-0.721489846006887,0.427467237531096,0.343055867825833,-3.11928708933458,2.45714857745202,-0.107579494026537,-1.87966123336948
-0.86755837429895,-0.243679713643539,-1.90088901841047,-2.17745942679673,-0.90061641091673,0.735430456185635,2.55853149694737,-0.518323304194407,3.34113393957578,-1.10643933004079
-0.571328939151504,-0.781520033758729,-0.0885383048202314,2.71846579823612,1.02913832500955,-1.03466394350398,2.50019402886595,-2.01216840901559,0.0648937720891347,0.760323153763061
0.201464593627977,-0.40277648876549,-0.890017438408051,0.691736586172653,0.249354817105111,1.47005119511753,1.07050308032546,-0.777606986024461,1.36916036684441,-0.994558665629079
-0.814250894978485,-0.482805637543174,-1.02300287763131,0.418211876817529,0.344263765908665,-0.51444725303166,0.114526759796817,-0.331995998680314,1.41642286461067,-0.400084053623086
0.850065337041217,-0.61555952684621,-0.391096848727596,-2.17818304826122,0.0553777596346706,-0.84454224311378,0.355337017500367,-2.57046015368642,0.051740175945065,-0.90768860172755
-0.426793362464182,0.90749545013217,-1.1970907374503,0.349179925293489,-0.529207472539513,-0.378448758012396,-0.614534465787987,0.946523709366949,1.64646921458644,-0.323650890659633
1.63652931444354,0.255832163946677,0.230340837130245,0.469793068289495,1.08133521416403,-1.88877854568156,-1.6059703016327,-2.42126011208376,-2.31663865596059,0.452734062133913
0.431171108167193,-0.483890701598826,0.938146453517418,-0.96882638990587,1.2137116102658,-1.01175695696513,-0.0779718027012929,0.415096864820079,-0.840621668381871,1.14260622627952
0.422521354504102,0.868523675880023,-1.24650235825502,0.855122496878862,0.292428324329116,-0.668066063660652,-0.976717612693616,1.68030439518376,-0.872966800261506,-2.42253377062972
-0.688647709574997,0.350930453102453,0.753664469263978,1.24131339474816,-1.56789753875486,0.36515616392563,-0.287586483933101,-0.866678385932928,0.312647147333111,0.571261931522056
0.149691112168587,-1.27014227589254,1.53117260730952,1.07455158376311,0.762435341709337,-0.103374412564551,0.889893008766542,-1.78666969584991,-0.866442405277719,2.17808177893976
0.255172491980074,-1.06816281970088,0.272449780456651,-0.26270718307176,1.48309070382313,-0.279785886332634,0.61080717341515,-1.41804074303306,-1.27372552389578,1.19247605037489
0.614500669571496,0.832240055074262,0.60656041565942,-0.168091474530505,-0.947553453915237,0.637606575598571,0.0044457111058317,-0.704511338219263,0.0492880189628541,-1.37364487745166
-0.233311346539536,1.23181030819545,-0.875092141715968,0.5488952204618,0.0494780379889758,0.245580133487952,1.00480615759843,0.92536261848751,1.71431484483188,-3.08165285667958
-0.775299443779049,-1.14987261095744,-0.997978945798521,1.3084859141794,0.5468912369707,-1.21778275355912,0.856794905590786,1.14307325428358,0.120268055653733,1.51377597476824
1.06690296039919,0.849707497268157,-0.198079457788638,-0.217390451488953,0.390125588374745,-0.763885088807894,-1.73271675503266,1.32223315150384,-0.992704286430538,-0.251728439037657
-1.6088609202528,-0.749495746451879,1.92023318750767,-0.754056278312224,0.601365339168945,-1.65167122783613,0.882657513845737,-1.51892476226574,0.412184080909459,1.40796850945973
-0.146621086479456,0.772177629617612,1.02664269764779,1.59577933661309,-0.017751464535245,-0.627059243511849,-1.63725800554938,0.878877149717166,-0.426225164747202,1.9373910835554
0.473750162515663,1.7142744787334,1.67309985365662,-1.07415955272172,0.882788959159982,-1.76402788465666,-1.34540373033079,-1.08354015814907,-0.0194279645076746,0.678468938970905
-0.133457759106215,-0.723563674033923,-1.25279151324327,-0.315725574333742,-0.714663810927157,0.350671859171566,0.12210970380646,1.09675506941046,0.453811488305352,-1.65066958427429
0.023400437646712,0.79123258496841,-1.41823657310077,-0.0747449910932109,-0.654565683722371,-0.104268353996416,-0.663034863529729,-0.600878194262566,-0.0850344639712053,-3.56567557537688
0.637344612352346,-0.714830376822576,0.499634247640472,1.25935347912331,0.629636942937453,-0.286183824172339,0.743024695236303,-1.91397731229277,0.249427191492404,-0.599354317743574
0.160825251684591,-0.0509850665946491,0.0263037441681196,0.891150675703395,0.782955504757171,0.694040485326527,-0.713496545526253,0.74152484041655,-1.62548161789952,-0.939186153489902
-1.43975767998089,2.09453201988065,-0.919429786089067,0.36717240751969,-0.304088527604513,0.0820462870678129,-0.206472923278286,2.19495554893033,1.82606084878775,-0.736723879057988
0.7654705467485,-1.21591796058229,-1.45665970731863,1.09252369738286,-1.95599481697304,1.38011648175102,0.205363630708472,1.29387306423562,-1.11712909896541,-0.322480339637601
0.748921211642818,0.437891170684428,-1.18325724184969,-0.160467680087685,-0.909292678732749,-0.345151640619504,-1.69623998501827,3.13432858905266,0.00673880178281503,0.277912142397123
-0.144561225848732,1.343350778884,0.259739274421227,-0.623870577397405,0.429492681748456,0.467961817689679,-1.10418138234496,0.0346437999049051,-1.05818034239578,-0.527647761815182
0.575563777564038,-0.430356420999982,0.109416892281854,0.369500658380166,0.90795709040457,-0.925147703876371,-2.46973053139662,2.6383344036833,-2.57438218208202,0.314374991481574
-1.33631228914642,0.963766362078965,-0.30933331508003,1.580674247501,0.110096153027774,0.448980901232736,-0.570053827577867,0.77140979858323,-0.780839951931219,-2.01664658152793
-0.171501357847467,-1.13549053379598,0.285659879223952,-0.450641414719065,-1.11433315935199,-1.08461471749395,0.77094673131241,-1.57586810098177,0.623724341240539,-0.215277057905438
1.46784470018277,1.9348075682039,-0.317097448843407,-0.572208259588302,0.757905560199908,-0.385296221535505,-1.80767853474435,1.62930687759858,0.149896725565681,-0.898760627295008
-1.12196887561942,1.34795584793681,-0.739510740113219,-0.0356298213272529,-0.0433884480453322,-0.550012520360765,-0.422412223315172,1.25839959226602,2.31096127533376,-2.20039650777366
-0.605282762095839,0.209662743931794,0.682794133627692,0.24322552122792,-0.0595113858696251,0.401206896608111,-0.575455477433832,2.04157481425448,-0.79967100157557,2.13175538049595
-0.795129593907049,-0.247564716948011,0.073100751280222,1.00550312797608,0.29806939488027,0.18706640866955,1.25619030007358,-1.70937562254856,0.587272241670753,-0.124044042160598
1.11215137916672,-0.232844895714003,0.441419105547275,-0.0650959311195573,-0.559973002762054,-0.00913493656828519,0.232523818210215,-1.50279492330323,0.133378398122326,-0.395471823530488
-0.911344574976643,-0.880717443121974,-3.80717449446756,1.60812107436307,-2.47484669313746,0.70602406565594,-0.433745251335103,4.93758833188588,0.944160998404201,-2.82732037970917
0.0197740413744362,1.34579102749352,-1.96624827730772,0.677619919030134,-0.933383371269469,0.919794208644184,-3.42604392718942,4.21096937637511,-1.11470970035033,-2.03475557499109
0.88171522931915,4.33769879137455,-0.187364099610587,0.0828800462312254,1.07820964413822,-0.241400876233126,-2.90739757616186,2.28330673955593,1.412813449555,-1.84867878894723
2.95501933619402,-1.45555072334614,0.0967563571660201,-0.67413173649521,-0.817675932883665,0.74351630390838,-2.1432990411842,-2.35665956061239,-1.43859074167274,1.28886933689901
0.696035463731903,-0.33377396179406,-1.04807300220278,-1.02279157285389,-0.349040724748571,2.29651783032267,0.021610287430532,2.10959808026682,0.172728881916998,-0.261698932363734
0.294089497036047,-0.289852239086208,0.0517838727827218,0.683273803206816,-2.67310406318403,1.32332624295124,0.193495294661342,-0.736346897400199,1.79166195892852,-1.44609246446117
-0.356882643980269,1.14205335357468,-0.489008347667809,0.507408972886225,-0.57396962528785,-0.264148936991401,-1.42595283740462,0.806686467067743,-1.15640717924694,0.113004388649733
-1.59175775795454,0.312674651704093,-1.25161589092214,-1.53890351798366,-0.533851317523115,1.34416228781801,1.60716615743725,1.02926237121527,1.98780280190051,-1.88829822586647
0.173078864211589,-0.783593017623718,-0.405260794549694,0.666150232648006,0.448745785187283,0.526825083909661,0.119491815630234,-2.34558698403604,-0.257478784769584,-2.05494869959212
0.0944686331772686,0.609941212655143,2.06591326560021,-1.32702475288807,2.71751676432355,-1.75037008205754,-1.16762595220093,0.232862843144295,-0.71617728962528,1.73270602666224
-0.325096346470441,0.115833136735626,-1.53412942069158,1.05827022438878,-1.18062972045327,2.44620682430734,0.675096923988504,2.65991349845404,3.05413746100952,-1.86940868140608
0.198002065165999,-0.0248009187449838,0.0382219637625693,-1.22785386425261,0.0548096123640601,0.744420465655587,-1.0338662885247,-0.274193613538302,-0.554796979875241,1.30769040955937
-0.783138882653681,0.50583548967172,1.31177525730602,-0.81117248517127,-0.214212193969079,-0.737921031362255,0.40077982202966,-2.74320921467578,0.0641268555908604,0.317557636702657
0.267673986458599,1.10657299550698,-0.194328825251056,2.20131450612913,-1.15762586264438,1.11464767206423,-0.0446526092104543,0.715466662689418,2.16497384521588,1.21136393789725
0.264329922707218,-0.330869068539689,-0.494815546749862,-1.22766076500711,-0.308548011323795,-1.01249224216652,0.00519358432478884,-0.585996501338971,-0.448619950210072,-1.12731654412978
0.0361287800015593,-0.615866528920237,-0.390503119245206,2.05756735338806,-0.495823631248208,0.798792960183015,2.17113710905699,-1.49477433993742,-0.137912662698016,0.512283654724651
0.0237854787257792,-1.22050436629273,1.01012781579013,0.357326787974048,-0.220772920673821,0.593812558910542,2.64922827833357,-2.44136643121117,-0.815690792172075,3.07573581210897
0.234390560017175,0.396304099310925,-1.44915231321272,-1.02698089299472,-2.77508543726222,3.208667724318,1.02887552748733,-0.413383267895815,5.07051752570028,-1.734222608158
0.571504658186689,1.75096982965543,0.508687161092646,-0.227807931854996,0.144901516841648,1.12546835570673,-1.020911118324,-1.68065228079211,-1.89620614939964,-0.368541358421312
-2.47929058720176,-1.53320674801568,0.517799811334149,0.581266203825603,-0.494359678082668,1.39290054990514,1.60539569329496,-0.471596324565879,1.16748133787047,0.824130796621053
0.319563111388809,0.630687784962958,-0.762124500199259,-1.59389254419183,-0.662243931788199,-0.226389993697296,-0.0593579040746612,0.598232400557484,1.09483283708917,-1.34402234088009
1.78056075785901,-2.65860209736014,0.914530201975174,-0.0117903307151162,1.80824962606742,-0.857255202972906,-0.639097386048564,-2.03384270747091,-2.98498149843126,1.81830095435903
0.869266046756439,0.129647549711343,0.301270208631551,-0.0766066400736206,0.999339585291885,-0.139198336081405,-0.289460794458921,-1.08920754619228,0.430030957377993,0.237854212514194
-0.0214148056571331,0.158498327791374,1.03675262292602,-0.204075499758332,1.72557392164293,-0.803606386199461,0.878505981262604,-2.31487979868861,0.55195295777831,0.094716787329394
-1.21436096620005,-0.767058873244451,-1.67923105009682,0.765741618682178,0.352156720107437,-0.615868864106263,-0.0432595845046486,1.51957435233377,-0.326238825626344,-1.06136647737463
-0.639518643455022,-1.60865453458843,0.682978591329522,-1.52638937681148,-0.659368273322422,0.661132884525072,1.65887619260364,-3.24191943664721,2.09380221727387,1.38593067271808
1.60266822424722,-1.2168878380775,-0.834871670992952,-0.487100287148091,-1.17810854550905,3.20730601537425,0.391235985255606,-0.225390868555504,-0.106360906594965,-1.05102023239586
-1.22747175372981,0.240916875508544,-0.522103143659308,-1.66603828058979,-0.383910800351543,-0.0275545088411098,0.882880655338722,0.490361288885487,1.67465522159209,0.970596934050422
-0.0143806792882299,0.311912426451989,-0.261498178968268,0.301791289851516,0.283474349671608,0.387932617276029,1.93874408779456,-1.6460129135656,0.619285769501657,0.422718717821223
0.172927047736401,-0.422473397289539,-0.470576870523367,-0.00900005367023752,0.392836619923728,0.00614068276512277,-1.1661210453264,0.906234890432448,-2.45253707966706,-0.92586594849421
1.41536367257407,-0.737718858975987,-0.574974473604677,0.25136748848664,-0.383441002798882,1.15769344008851,1.43040782517188,-1.37799632966,0.57225633350021,-0.4092762435786
-1.04360171946579,-1.43830359949512,-0.0756899129096237,-0.037458073187954,0.111953941299349,0.0168017065488153,2.36156290136272,-1.96031076403153,0.0699080310143607,0.780242824071639
-0.613608071101822,-0.0626151631513785,-1.71738500567515,0.0675440327830129,-1.88772511694148,3.08862275819466,0.0232977722768513,1.32279832050908,2.56135739588078,-1.36672009924263
-1.05102697275836,-0.496123865122676,1.42712002342141,1.25309892436888,0.0234687606476578,0.339359169058342,0.823067341606656,-0.185813615072663,-0.53984873343708,0.542610746033024
1.72595986580244,-0.239460716895871,-0.369199377162907,0.253292816135736,0.0733681407653208,2.23931548864711,-1.23416614456464,0.117410983247317,-1.7602176221918,-1.23151210028822
0.959193536913912,1.403996221608,2.29780703342877,0.724174050070505,2.04365036426825,-1.00948572168073,-1.84702258180642,-0.775892313680582,-2.26326141687187,1.32645302250175
-0.15363744955484,0.162548461881144,-1.33884683144197,-0.895197898225188,-0.234825231030575,-0.0708565931072384,-0.983974261350601,1.80476898725286,-1.93036109824752,0.0179698503920596
0.881071654652379,-0.644802248488804,1.21191473579627,-1.67055694312216,0.193997554926409,0.411256319328188,-1.24177295380506,-1.5852133518115,-1.18673782481386,1.95391315198721
-1.43539277708884,-0.864719797204092,0.766501151868878,0.439345098275943,-0.898470032423625,0.650644865715459,0.956160628894828,-1.78644997024015,1.61728454366794,0.85474440871587
-1.49963955262515,-1.38784036044801,-1.085262714118,-1.14916866078504,-0.91671109168909,1.2802382564469,2.81611676979179,-0.934394617653961,1.9290844676402,-0.71004946937083
1.3387665533861,-0.0542685263761232,1.62434277182964,0.815505696192443,2.36884728701202,-2.18805460932064,-1.17646058686883,-2.39114377942775,-1.72958276946938,2.42342703157155
1.08385104784415,-1.85944891807637,-0.448518831212622,-0.379108167905687,0.541816560689904,-0.96554020001306,0.783465661841577,-1.27351490330962,-1.40829522535687,1.22461662533407
-0.841698536297089,-0.126362378705265,0.793939096692996,-0.133802119694177,1.86744445018647,-1.58365372531117,0.0963458021390268,-0.243678231177109,-0.217087877652635,0.870701481837279
-0.118019270306833,-0.585140468274666,1.76092515034841,-0.557091917679795,0.7093440104508,0.0617391627054428,0.0930223720145069,0.503691205786169,-2.42851322296315,1.14387604862017
0.088072381472158,-2.83179311512112,0.0922543951521489,0.805580844645621,0.545522723166391,-0.744859862811568,1.95836164073758,-0.932756830917601,-1.66305210936589,2.33396675825885
1.60597626533512,0.673813079241586,1.24483042084457,-0.888101767848464,2.10624754667095,-1.89023597015598,-0.744588482558804,-1.81931155351731,-0.827801539356561,1.34213804401949
-2.66162476800561,0.0992612639787058,0.630277957745576,0.71749942493999,1.25042712991486,0.0753271352179548,1.11275989649239,-0.185903306611598,-1.15146654302705,1.00689416169303
-1.00271240184185,-0.377776966059169,-0.70042232549078,-1.1242551959888,-1.04732905844439,0.497129445284983,0.871341422047828,0.790154363234395,0.808429226256431,-0.864887808832364
-1.04105304329146,3.31083919588592,1.429478707968,0.577221188696758,-0.0390787570542222,0.337119212622852,-2.11749567121133,1.01202280713997,0.220830398386439,-0.469269234798431
-1.06899953280693,1.32548999593649,0.716786107120102,-0.10417539005557,-0.549418926395217,-0.16339636551779,0.70706739516549,0.0935519484997329,1.29387531202134,-0.156575098005468
0.984019083203838,0.79927847891966,-0.508801310787997,0.271057480725834,-0.52465574341046,0.912772573695606,-1.31506656279469,-0.216464018126023,0.757723118378698,0.458364312016405
-0.22545927777503,-0.843901043228259,-0.0597307227939129,-2.25617315026758,-0.427022463123548,0.00259436196507311,1.72481572857204,-1.05601945225229,0.308261329450063,-0.816888028257485
0.0814668559281517,1.69638267648191,0.561732314913181,-1.41024340844382,-0.228337486708848,0.0507939042465743,-0.770183127307293,1.21545639869616,0.925445543284442,-0.493299023617424
0.662868175244722,-0.436251556518855,0.274185486846004,-0.485759566262526,0.802831189322341,-0.544104308946599,-0.715382399163097,-0.720055679526737,-0.15058466494819,1.39402746324104
1.05636314822753,1.13500172899571,0.200904882203389,0.182864798394389,0.128285250539134,-1.08585273906332,-2.05719098988768,-0.0763643880141234,-3.23686949613132,0.105328093862199
-1.38040335148796,2.02752393001266,-1.29786602692095,0.375600030149564,0.0443125984820693,0.551121089261286,-0.791025346704669,3.9732826959369,2.72370530986614,-3.72843473583787
-0.643795639869704,0.130916411685724,0.810027800383245,0.990870957166169,0.0569944022748337,0.716422241225494,1.39568942400126,0.112704650639361,1.74729507372896,-2.09629832143466
0.897193923642727,-0.225981349246716,0.371493763672153,-0.580364050939643,0.41590906672922,-0.499880986909899,-1.2732374811974,-1.31608104481252,-0.345627865739939,0.234156140576168
-0.234789625465881,-0.671960588529177,-2.41386564033954,-0.713195874279019,-0.794740970181529,0.569717965488117,1.28000325529457,3.52689446310676,0.713576132688079,-1.08716476355581
-0.0311024761771681,0.923461279105353,-0.904982608342551,-0.307441114204018,-0.126102564494832,-0.468048208339007,0.273212130903326,0.0277103324933301,1.76693515859495,0.13423460244332
-0.582619211510655,0.775859252506809,-0.63840635338534,1.42435892778324,0.531856628773621,-1.31448613318007,0.616116326526863,0.183254711475678,1.25743053383691,-1.69464319756837
2.42254098012513,-0.751319994782851,-0.00136653982262808,-0.0214593759543475,0.033273841805367,0.641008186348922,-0.972800760335199,-0.713425200039346,-2.2606099017041,0.382889284053493
-0.0219166647877412,-0.210656682576152,-1.61970932096618,0.808640824327831,-1.37931773646895,2.38474920445136,0.180373759126662,0.780737393542876,0.318186849743943,-2.31752363290825
-0.814124457642342,0.922070728699564,-0.890056040382456,1.02994228822524,0.558836043619118,0.124228158117627,1.60014581313608,-0.819264029189695,2.8077854618769,-3.13602443314615
1.94479570829488,0.851450614330051,0.294563263132781,-0.529871193466252,0.123600303927439,-0.137049948673488,-2.20713486534657,-0.12180955142699,-1.76362605422198,1.77906262270577
-0.941428413714407,1.20189530843327,-0.825114706883588,-0.395021587621797,0.0123735545102541,0.260662252920673,0.241183042418274,2.08312503951045,-0.499204796816548,-0.0305036011539278
-0.894153228530863,0.112235802411572,-0.148335433893619,-1.43398878274894,-0.305451973505958,0.792892348486906,-0.101715318194945,0.378550146859843,-0.816017585475568,-0.807908024829999
0.47091360243299,-0.183011697784771,1.48576693151578,-0.441624899113297,2.04897659455771,-3.29941584727378,-0.052942379737021,-0.658626772801666,-1.75649667575919,2.8597514307504
-0.449292272486341,0.340340794722317,-0.692462259380861,-0.608718206124902,-1.38418418959706,0.0549651280893722,0.696044546825879,0.0631130262296612,0.880583088628663,-0.620629964665249
-0.76986468318279,-0.198283973712447,-1.48986087814077,-1.03637666145358,-2.6754163174629,1.61670319546678,1.57848228240088,1.74137910060065,3.76746723301447,-1.9575483101329
0.177595322654722,-0.887535388104867,2.13936991631147,0.925990759276221,-0.795066518222989,1.85360090286865,-0.977802117086614,-0.755759819732444,-2.00597623413171,2.77442897836626
0.404807764128415,0.043896403355817,-0.872491047056247,0.406919321047535,-0.0253611284566947,-0.0341879956081829,-2.49345335938711,0.5842963270432,-2.17185366303522,-2.65652114175172
0.687408740893072,0.21288692919969,-0.22663534476859,-0.341977249564785,-1.51625246189295,1.41608296666971,-2.14402349879218,1.23592993692808,-0.296227211272923,-0.481317101856192
0.554008981955572,0.16107500291356,1.1064435475654,2.24834978191328,0.815841495528567,-2.05511794261356,-1.95616094895307,0.197997222923995,-3.04443140995005,-0.0619331746279731
1.83477622770675,0.669476745341496,0.613593546572809,0.412354271168584,-0.245893087092543,0.72675863848808,-1.9284973727258,-0.34044391036205,1.33448164561679,1.40761472403141
0.382600825392361,-1.27108470557914,1.11677236550313,0.477608602846415,1.05757773877411,-2.56704873220337,1.47732490713065,-1.97341315523497,-0.369562644796305,3.41915705695208
-0.544838609122844,-0.0407468197403123,0.42787970715666,-0.482632606001512,-0.918223995638081,0.0552348236736348,2.60746925739448,-0.0973389686561895,1.59940873857595,-1.90547105597861
1.20800833788467,0.882671371553178,1.17634728748785,0.409284087261842,2.42898259804268,0.439847628268105,-1.69162401875443,0.356562035145779,-2.05514847301911,-0.794239655787031
-0.935804053808703,-0.61596026138902,0.00932467286054301,1.48498674241688,0.0370252764777604,-0.775762690656931,0.646266109310444,1.52678029919344,-0.0716232197601931,0.646219498252786
0.442869341180894,-0.104775338921206,-2.57962188680782,0.217389401184265,-1.78094240718567,2.00947291834988,-1.02176894711616,1.95517925607379,0.108154044537576,-1.45705242695007
0.0514742978492212,-0.0164008087207836,0.0108518974954158,0.489524218736717,-0.361226376507008,0.0425352988448072,-0.842557357714875,-0.464104677533875,0.650977855377203,0.12539500208665
0.673795922070625,-0.121467075162646,0.457997791316666,-0.771331707056931,2.57397876214484,-1.93077323634926,0.704823578660404,-2.27050633336009,-3.43184654856109,0.328374966304662
-0.469923090202263,-1.06458787410946,0.606458872104837,-0.587992673824283,-1.19247746504747,0.301451695201825,1.43419821136058,0.747178869123675,1.16581545694719,2.73206578218616
1.87962547768134,-0.334713548948827,-0.452400616389726,-1.13341051213177,-1.51869898803861,0.590745138647061,-2.04164044173325,1.5490738876624,0.770648748124295,-1.0345397309583
-0.56529637450418,1.2417874963478,1.12973754230476,1.24443259345941,-0.722873526517097,-0.809395887745593,-0.204926236277726,-0.090370200527372,0.404241732783153,1.1485035236313
0.907131949637049,-0.399110458822624,0.0995410625391832,-1.05812798498937,-0.377302974187188,0.0431549118833823,-0.0042944419804882,-0.0112026658209499,0.165920802684357,-0.469877401234397
-0.761245699186183,-1.33224822065878,0.307130170376135,-0.531019593917249,0.151631955649736,-0.682414778920586,0.52973797684634,-0.103757563804145,0.50706669239709,1.60620880224629
1.9025118590091,0.874390230139115,-1.11661667322128,-0.915101809036738,-1.46129853844252,2.40360761823908,-2.5827386455278,2.04913044256663,-2.21609123516995,-0.801416791161495
-0.964845399349744,1.27574642896729,1.21812365121458,-0.467365515636367,1.59822302452212,-2.54590359239575,1.62696069520002,-0.981606577076215,0.733700543237579,-1.32057993110119
1.06016263448332,1.27355369391972,1.66784760630625,-0.676799124725785,0.284652248431458,-1.36378353265319,-1.08891619748587,-0.846428710492763,-1.44614632086812,0.115885609739336
1.19305689981262,0.621938666663823,-0.624781717328015,-1.10000917698837,0.49163719791607,-0.726631419348408,-3.15319603206591,3.27412439264071,-2.76355761078674,-1.05375691222066
0.38765417821546,-0.123298172778527,-1.21668753858927,0.996838233814968,-1.49746644713469,0.635140236757894,-2.04303185930909,2.11406385861675,-0.0607820939205224,-1.64301007790178
-1.17076790408061,-1.48438105367946,-0.64058821973111,-1.01947262675438,-0.890994331898318,0.350720390672,3.21929727399782,-2.08364877339519,1.95630286616271,-0.719805326306139
-0.870167190225075,-0.444452895110744,0.995402470189317,0.849880935246588,-0.305781131870503,-0.358193605133413,-0.217358576946603,0.488128284641563,0.639248358021636,1.33297227500627
-0.0853682327667771,-0.880746378818655,0.744213606398642,-1.53420737535881,2.25375753152344,-2.22798310016356,1.5161927880081,-1.59270412476253,-2.06653569168134,0.506576919836956
1.16881420758083,-2.15638953995174,-1.2190187024591,1.56791457711523,-1.17365797541791,0.274108315928368,0.398435751260716,-1.34994802274787,-0.975148680625144,0.560215671251882
0.854947543165797,-0.276148688049393,1.19915278511762,-0.939942420938763,1.29944301567219,-1.19051322077942,-0.0876198116338641,-2.15375137935909,-0.735275424930679,0.691501088443631
-0.381153690784015,-0.481247522245723,1.78815507756217,-0.612788620179361,1.31620203834728,-2.885635859781,1.45017061887714,-2.10499971350135,0.266530638201162,1.39259235775898
-0.00561715043607819,-0.0232051504076681,0.0176300872817721,0.964376675815939,2.16905568001936,-2.72636178685441,1.0749607522487,-0.565484392790186,-1.53937842573013,-0.264906415444937
0.573716934941609,1.25513949790666,0.98571974396545,0.637124292439128,0.632632736978383,-1.79910250612709,-0.479221501730656,-1.09266661655796,-0.427565075072162,-0.379353247790176
0.340322504780314,-0.920733449280385,0.281827594462374,-0.151655043212315,-1.33110341478911,2.19170690519088,-0.0364977483336177,-0.735478734748185,-0.00404843944876328,-0.987240135370703
0.269557318763536,0.749463909201162,-2.50953368259053,-0.490740900530813,-0.342653403108787,0.235699421334918,-1.10356802422212,2.46424182795958,-1.37431786870347,-2.01079690868484
0.0333814011746375,0.770864606852078,-0.275996736462598,-1.24073153441472,0.624471719779149,-0.331405344190375,-1.89095506188836,-0.46390433583371,0.224656409068868,0.389603421734325
-0.27837592751966,-1.01217738904691,1.59615256743428,0.447190916611018,0.753092616717725,-0.000870255630465317,0.254025339142072,-0.630797318013145,-0.164809988870784,0.906662001479285
0.938869935708443,0.827385889250765,1.16997816055342,1.3578397309668,0.0341998883554636,0.0831301707392632,-0.134095254469492,-1.61631160392673,-0.28878914082519,1.05992873438674
0.520268309805861,-1.9737343668691,-0.360979071941674,-2.24227626663397,-0.537396002978796,1.8587944530964,-0.353990218922928,0.336762533575798,-1.1239282717507,2.0346567999871
-0.0165769487213234,-0.351093702731769,0.522201811593843,-2.3570204963531,2.04219172570932,-0.987434303951147,1.47257471381445,-3.8499637654401,0.423653119529291,-0.699708611636711
-0.79675360592386,1.65215385455686,0.2739517150047,-1.31568478765621,0.770009801495848,0.0616845857230564,-0.064271850530301,0.447312970714024,0.110870193285421,-0.474865369060988
-1.44464305854562,-1.24227446748494,2.14221174407632,1.12337240830383,1.76999099531365,-1.53445815812768,1.76915529485443,-2.07506247364475,-1.07167102038655,0.902637882467972
-2.26762904013623,-0.294396956057647,0.271655818937106,-1.93347272551716,0.23978611256504,-1.10101699440288,2.31892015860826,1.24794094324294,1.90314114988559,0.270288446957633
0.324534948520612,-0.26715359753755,0.725288231374611,1.17151566284134,0.87209532182634,-0.189294577059748,-0.676727445373273,-0.785196108848851,-0.588054215528098,0.249714784289877
-0.0480780722396743,0.890485842208619,-0.596227977819426,0.480784243175531,-0.000389759072238038,-0.668732765629383,-0.335182501417796,1.44365501998121,-0.0620199021306957,-0.339583844456416
-1.19435111108486,-0.631451724854531,-0.632487991663788,-0.68394252069922,-1.31095784557532,-0.733586899081515,0.687349060487169,-0.275231278651266,-0.657957417050919,-0.735878432238088
-0.0817249403092733,0.731645648802456,1.76955434427685,0.416336136476369,0.91862378719354,0.371337264230378,-0.231058886367026,0.254725813564816,-0.252762081886743,-1.00851570174715
-0.667954600795336,-0.562766354911628,-0.444628539043182,-2.31504581401483,0.846612767225232,-0.663142018538472,-2.37647993431005,2.51443302913963,-2.91212268914421,0.446843513377969
0.940758593200246,0.91743029421693,0.616981673164186,-0.562821190178676,0.85986016611638,-0.741938301718435,-1.51192474759933,0.379928711674045,-0.940028460891637,-0.494196919407441
0.14660162958317,1.6224474617556,-0.778057926065852,1.14981051371595,-0.747572029396283,1.14361308790239,-0.538792793711248,1.7963684560668,3.19377696742185,0.17012313235766
-1.07136539654096,-1.06244966620178,-0.3480392612438,2.10364021803182,-0.406042242443876,-0.560777942660238,1.16778308504606,-1.18726065627846,-0.107955029935515,0.835381621560259
1.23114166958755,0.502405664650455,-1.39054920890802,1.93223194836215,-0.146326611089088,2.17256303651493,-1.16074415630612,-0.408756407220146,0.663317303866116,-2.14823893133135
0.0224927893792029,-0.628856621357908,0.211521224545968,0.793897384200915,0.317940117392107,0.984212923680322,0.831562667975587,-0.414161940330319,0.795005500030674,1.42804132330801
0.799254372653995,-0.603788420875917,-1.93785513476802,0.154251465379622,0.578530406021983,0.00508145047875141,0.606211293399052,-0.208086394547848,0.63195587107558,-1.22565159615332
0.206099933716363,1.28543528223419,-0.893067028967227,0.684826884459081,-0.769647391729714,0.471105434044325,-0.582616977099506,1.43711169413603,0.88535122748886,-1.26546661432517
0.353626578873542,1.59830331669958,1.6301768338499,-0.683801207986192,0.715700738958858,-1.12562275772513,-3.09507174332709,1.88073194714098,-4.32837854659161,1.44576730568106
0.570241808199277,0.608454077132512,-0.693535607343207,-0.418066504888424,-0.79863332777248,0.604260201059024,-1.08068562554498,1.14293280211262,-0.197177131628377,-3.04201121561912
0.677862700714106,-1.95055737118167,0.0138038899685379,0.900895915551126,1.27034323844522,0.619215658577707,-0.0153928621343852,-2.0002689109238,-2.69819307407285,3.47967402811444
-1.0430397550659,-1.23043667686937,-0.571823827240321,-0.0571240629352166,0.0240943007026714,-1.31185796676991,2.77747305425095,-1.23814254897869,1.2806260306248,-0.187437428228125
-0.474801718012103,-2.03256648211067,-0.672709433491862,-0.886898152917865,0.274867960199964,0.519639009306035,2.40376954572911,-1.40385843260955,-0.657675230495436,0.892405947768954
0.194686023207008,2.05535010630569,-0.0868543029859703,-0.564973179290438,-0.612712193257638,0.628645987046351,-1.43116503066969,1.80662149164109,0.922611363641567,-1.9874706402017
0.71921077589885,-1.03384854897926,0.689418876517559,0.893259787639331,-0.231355621655946,-0.79313925759577,-0.00655549596662552,-0.00356358668760923,-0.840287683821664,0.859008819247975
0.254863212691863,0.58279416438358,-0.187035694968268,-0.938314829564438,-1.0430236301786,1.17754780327846,0.49280203223724,0.906476001476997,1.80549885820505,-0.705929079895753
0.997857716129016,0.161515612817018,1.61497561995965,-1.24273726644862,2.08049186635704,-2.5418443926755,-1.36712181061042,-0.76155955025663,-2.08960459309323,0.802807889777117
-0.605721732157822,0.954597166704827,0.68528726609522,-1.45795957014209,-0.375741973745747,-1.31581216546805,-1.11408779938183,1.09173714565456,-0.0117366822290427,-0.0931138292616709
1.27508400302624,0.714658663191579,-2.12868075116481,0.97507291077972,-2.42525273062751,2.21835147623001,-2.39994496858956,4.52520824444021,0.631972940660431,-2.80240283770033
0.292734222671827,-0.651371617742961,0.0471072469908511,0.877237954059467,-1.51469201364081,2.31530311916159,-0.252912826564586,0.0626736233038702,0.358463962931908,1.22361386824198
-0.887429897038095,0.636065145299974,0.558744563460116,-0.23482398679661,-0.997407726802019,0.552394452185848,0.173318761972226,0.583244287283544,0.32953384223379,0.438671063381081
-0.952227922921623,0.258480460493092,1.18086789738896,-0.150108257265095,1.42493953570407,-1.42703978038203,1.35902262821357,-1.20503635331055,0.00371946712992421,1.09636621136378
0.676157482265902,-1.01687129549313,0.169341220835258,-0.171265453430906,-0.587307464529867,1.68204843715503,-0.52359834735681,-0.679103328310441,-1.53559430861634,-0.366527636220543
-0.683370108858453,0.629027916423546,-0.447740675988549,-0.479748811507162,1.39479132413872,-2.51145790263443,0.876476605684037,-1.03410980700934,0.46362922809801,-1.40519886244031
-1.07618561843257,-0.683282827990475,1.48966308142534,-1.81464053649985,-0.547673755116174,1.25280603354853,0.746766828845422,-0.955790764990626,0.343009234671585,1.03251469151134
0.18224235025473,-0.373477858260032,1.9276044740302,0.22507534574991,-0.969894548255532,-0.520395660690929,-0.861275673448308,-1.06229364929123,-1.48085921877302,0.00442360050438857
-0.660912874105754,1.24366056000566,0.256961106001184,-1.86159743580921,0.021037691012997,-0.459261100264866,-0.457442833722842,-0.891808557886093,-0.0455318492832057,-0.229229537202652
-0.63567847288057,-0.743491555473213,-0.528813296060694,0.398740034310005,0.688970126407497,1.79672098064164,1.02227193561011,0.277306573419771,0.00563051805605409,-0.617356493629703
-1.86760183902866,0.0669307570188244,-0.611261589693752,-0.952615911331739,-0.860971339994363,1.4143759681227,1.3407077475531,1.14373778771224,2.05184752076173,-0.421938749242124
0.122780805091489,-0.0677684969206546,-0.453103457056657,0.494167049540946,0.421942656081482,-1.87821738498516,-1.30947485768242,-0.0243491557180569,-0.30253922240881,-0.262554803081782
-1.67664573729076,0.24243756979604,-1.27196150483867,1.75206185644809,-2.58229531726578,1.85792698705196,2.04914924157428,1.98890182844729,4.06945578028337,-2.2155125808574
0.297716779747249,2.06342165545573,0.0147436517794492,1.59971687703193,-0.0506223797432606,0.626060274446556,-0.674021067834724,-1.24796504028077,1.93093166950592,0.0204646179651028
-1.80627163343807,0.498805951279304,0.0416407606748922,1.57329022424899,-0.364172398406552,1.10657117779729,-0.733909333166336,1.7213579303249,-1.33915116846274,-0.716879036650888
-0.728437988628995,0.54665505914239,-1.5152233829685,-1.01546139500921,-0.339978089424571,0.723334682653389,1.3573975106002,-0.0860714833704638,3.64174488978168,-0.806413301638058
-0.516434265293155,0.63580169827141,0.899054596715094,0.730766419338813,1.08754661474816,-0.755622456362704,1.22706514782387,-2.1598857678251,-0.211791317835788,-0.85001071464969
0.00585285931234555,-2.50627972520321,-0.653390786264264,1.37025970425216,-0.44046614403452,-0.12349869990244,1.38408470546212,-1.27831116834297,-0.346163983367877,-1.08038133770092
1.44561862924227,0.764179002471409,0.130526429140231,0.0457898957361272,-0.978773379783992,0.242193784426058,-1.75948443859715,0.968017133308233,0.862986737850984,-0.475233513061081
0.272205459161161,0.421163375804622,-1.3355811245478,0.13536239439426,-0.188649196551147,-0.206861343167444,-0.357787426153925,1.62461801446481,-0.215385627724657,0.782943276822686
-0.576318653702972,-0.409679415905638,-0.687722956343643,-0.605651523770559,-1.19934077712946,0.0140939253166722,0.273754117566812,0.89661562168528,0.783342867986335,-0.68156129610242
0.857996019093023,-0.819030497920828,-1.05758726067371,1.36722750806576,-1.0529722719741,0.929266490014171,-1.05953426386144,1.32973845565526,-0.78011762180259,-0.682252287973083
1.0925862361627,-1.74024797579181,0.390549279669819,0.38698265492798,1.71627594687773,-0.866641556148487,-0.417722010577205,-0.881841076979377,-2.73795619321763,2.07928441868366
0.967997990678345,0.781570374204967,-0.0849842610705514,-0.270666085638606,0.542496953829142,0.442457929690603,-1.32996203334075,1.19934914041607,-1.12663687816833,1.54272715983865
0.775912893532211,2.0684569097933,-0.232978977660856,0.366211638166007,0.65682147188506,-0.810403015100446,-3.89343628126323,3.05181616893655,-2.48025072508882,-1.09887276400549
-0.309777491284858,-1.63285306723777,-0.737516859038592,2.09897454746399,0.347011922897926,-1.04846174833202,2.3143471816044,-1.18584662426953,-0.567960672303533,2.00407669687074
-0.790551979525596,1.09596281800795,0.414110315591034,-0.840210907556815,0.960311173899079,0.126476509566009,-1.56652231135523,1.62409488386046,-1.21882838747304,0.785659602398629
0.58307798824355,1.02739652180195,-2.77969620676222,-0.550056617810407,-1.63340762937879,0.982355257980311,-1.41564064563659,1.94821910557241,1.20993612429928,-2.88535698448147
-0.53538536423399,-1.1812466915986,-1.45864891316541,-0.540459323353185,-0.893939375605415,1.70285612397731,1.92087347274488,-0.452307627267223,0.747966312161911,0.713622067972392
-0.812025290789685,1.23187262493403,0.274323289923449,-1.35059979509129,1.43884269310346,-1.48556463503133,1.13844308000191,-0.332770437245752,0.496498216670989,-0.938108315982083
-0.90967984233718,-2.18299662488933,-0.0130016066699538,-0.871358364825394,-0.63690809523098,-0.217563078900942,3.03179125719087,-2.43847749261952,2.13235407920727,1.99731280986928
-0.817476773112061,0.436224473752722,-0.423513830531912,-1.39854600377531,-0.169036508302818,0.694144014938039,1.9717168012396,-2.27997574859772,1.28507228494991,-1.36437893302294
-0.449881508583531,1.51375516006061,0.0925864936637317,-0.175255494458541,0.129775486223984,1.50725802244853,0.684335062519692,0.548109146053325,2.41100892885241,-2.51690636826692
0.214938224268177,1.76071250832781,-0.524152477023345,0.659071782967683,1.37150255304025,-0.362056023842062,0.257251412557671,0.731678293231321,0.319308389370636,-0.760031767091905
0.355941359356207,-0.881662395992542,0.740822708943216,0.308119549285797,1.1689957235145,-0.0799406617868539,0.418876090929798,-2.04326909245188,-0.495308052686694,3.3206332580989
0.187920808480432,-0.441593253033705,0.108960286410806,-0.274504643337624,1.05536786199769,-2.14409268920193,0.872209688620997,-1.64330797058109,0.0858469053763951,0.269130821383887
-0.541929079771138,1.52493756004958,0.230678620909339,-0.159078141675811,-0.328959343909996,-0.539992967651832,0.264173119199257,0.252845556279026,1.05608994233874,-1.05574529814273
0.56610172416504,-1.48270806934729,-0.411023461344885,-0.456512518817738,-0.41401694420695,-1.05944023719525,0.371705666641724,-0.510440456688568,-0.839067600199585,1.68592479647456
-0.715314206482562,1.6422594848934,0.849036529366414,-0.234177955905564,2.33890052561811,-1.24280055282834,0.0320837987155954,-1.50074740759232,0.394730663787643,0.362801584923039
0.0825888068726113,-0.443991956221321,-1.21858943667114,0.385667151418393,-0.909581648594895,0.987855003031097,0.488768974442032,2.21507260452012,-0.327104950085589,-2.19045245204559
-0.692726415501094,-0.322904827394643,1.29648719173296,1.10413292277267,-0.177282113756073,-0.18159063743672,2.86440850536724,-2.10121355828041,2.80340318935999,1.76876476936775
0.646507421791131,-0.811593895072115,-0.876837427671531,0.119767944416885,-2.36130887746343,1.42312053408911,-1.7320760273666,1.64596758725629,-1.47312064654713,-0.873679646733728
-0.615971693866879,-2.01516876320373,-0.67800980647471,0.488266875172156,-0.216489032115514,-0.875855651940585,1.66771436682256,-0.445078172832531,0.0388871477940813,0.982215373301656
-0.454327366660285,-0.578343252614557,0.0352803385834773,-0.590929261997911,-0.197242140725911,-0.472080607731046,-0.047580585581329,0.222261004673019,-1.01689781646389,0.850741213525009
1.08184848415062,-0.183662200440341,-0.228980611005763,-0.106474197545299,0.108080029009297,0.865901717303314,1.1471247918422,-3.9046824833739,-0.996537221585946,-1.68031042654592
0.410640776398799,0.15981219087813,-0.103013598106332,1.31619386272504,0.140883703300159,-0.633518524436732,-1.47995858071081,0.774329845914314,-0.672863789073476,-1.20767126836232
-0.244397906765156,-0.970120795670752,-1.62772140475454,-0.780195628159878,-0.506214664492786,-0.241100956775641,-0.209024924442845,1.49379667253093,-0.702313755559134,-1.7702755965092
1.38923354748105,0.792412334821858,1.32481011083512,-0.486260828759278,2.44891209178501,-1.13586180490147,-1.47828749450596,-0.452155509053822,-2.42341604143247,-0.07705553504179
-0.576232574456396,-0.23350394304928,-0.119733542486302,1.73124638256189,-0.0492977767431115,0.603757288296007,0.502682996943392,1.88421887554497,-1.01428887273751,-0.652483409518387
-0.735964353814684,1.40093746378545,-0.893264792874019,-0.892615148858937,1.14599316832318,-2.36121887564029,-1.33555194195656,3.15376151654203,-1.34603453952505,-1.04877712700569
-0.0512237616403787,-1.99032361232507,2.71043354131909,1.45587457501087,1.85039997404124,-2.2316346189546,0.551010627824443,-3.61027663058549,-2.99941397442704,4.08731180940319
0.136488953866223,-0.050274277720937,-0.63405490615432,-0.0238025937768383,-0.242714797009581,-0.215513999031334,1.39625821521921,0.00239498561399054,1.46259983993358,-1.31498083279256
0.536059151810015,-2.47635182674499,0.527767497878227,0.225234336918452,-0.40285685321394,0.497347450955505,2.57567944817776,-1.81187747460504,-0.448392291378035,3.33175332820599
-0.567513385608458,2.67228465889894,0.392158181393628,0.0839503558624009,0.00426014634449023,0.78893942940949,-0.937399610223134,1.47446376445296,1.28636643065682,0.97202513864485
-0.849854462260391,-0.506073255789698,-0.249846442270256,-0.422106363466144,0.405288560869047,-1.15190682711592,0.498531705279276,-0.173473992260386,-0.505684433848375,0.686848828946905
-1.29996984476516,-0.237468114403834,-0.4769615461002,2.02039555115833,0.221810154790735,0.421843585040297,2.13623912358055,-0.576444630156804,2.10596646228976,-0.266441201814105
-0.387834173743792,1.34289281395214,-0.576096992358247,0.282336296147228,-1.27762795220373,1.39608190770171,0.137771415518312,0.289321397887024,3.23467334523479,-2.10920954474062
-0.458538465133646,-1.56225832596673,-1.73476455425868,1.46185535896749,0.186823090520734,0.450099006671377,2.65589194662466,-2.41461828824174,1.07070731836445,-1.24015576458269
0.204488856620554,-1.58115469547464,0.606081681095838,-1.4216083012247,0.827826100495436,-1.06845283442545,1.85155041034318,-3.46853744549346,-0.686855244294383,1.23242350595149
-0.341671751809369,-0.834971813722609,-0.487941492713697,-0.326966405962961,0.999070759748691,-1.4445977090199,2.1605213989496,-1.62050228528853,0.23229591458003,-0.262239752506156
1.66238708115368,0.617430796090426,0.161250824900354,-0.763351402153905,-0.685581437243894,-1.23302121493614,-0.122574996225628,-1.02591878287745,1.48446533942933,1.06684857968288
-1.17739182493224,1.16851569177037,0.299372196803283,1.72009490038145,0.62240919401201,-0.487087285584721,0.76189941094943,-0.0801715733800229,1.5483354192188,0.287877566163738
1.03487883520491,-1.41031206012178,-1.58610357931696,1.35112910461039,-1.50313932989217,1.72337415651706,-0.15247115429732,0.764116217995185,0.911232412171214,-0.83334995623749
-0.425588864428429,0.17613215149128,0.543877284925691,-0.889057300642571,0.460065885873357,-1.01412894054458,0.0281084437734751,-0.457731419352073,0.383994996714692,0.394476638917868
0.386571166186333,-0.454466593836515,-1.1751435262145,-0.265364775336401,-1.21037818821915,1.91368500443455,-0.166981214839077,0.412471031724596,-0.0868909204767006,-0.513707539508362
0.525463684651979,-0.983194807478233,-0.0494937690427471,-1.44319509550002,0.136770034201331,-0.738385099380709,0.83132161920131,-1.82977090336071,-2.01006406992243,-0.233278083526649
-0.413512444125854,0.0475527351484963,0.744248779151556,-0.930890806869834,1.29267075559916,-1.34641015936332,0.402463772482646,1.14873296191858,-1.74344211213951,-0.576277929345641
-0.596755521947901,-2.03823327737418,0.65847176906832,-0.0423923198214183,-0.0255725077391772,-1.0518452390728,1.93904121673821,-2.55523421147527,-0.663099119632112,2.78386038019003
-0.831399918957071,0.913996279675815,-0.398638484653997,-0.233022891720945,0.695674676893856,-1.57764937047645,-0.773696811735231,2.93837753176117,0.689017998274874,-1.0014398397712
0.465121887968157,-0.22259187349145,0.569595578959672,1.63711479064555,-0.031182829951087,-1.13295906572725,-0.565873812395001,-0.575660678371097,0.311862945642361,0.488074052769771
0.740358336594381,1.29989290893513,0.26018276466658,-0.288860372223079,-1.28834504727909,0.60709038756269,-2.50539243154652,0.642034660525368,-1.40847406542141,0.139751115784762
0.00082860329712961,-1.26236694066191,-0.22530566471443,2.55743831252265,-0.501319324820149,0.786355284935546,1.14677744620134,-1.71338375630331,-0.635531890921726,1.50424836877745
0.0737403213526099,0.245250755596753,1.58953922541391,0.612944789596922,1.11440108268924,-1.24287996450558,0.166789067682301,-2.57102836860603,0.194580427126094,0.101633448640201
1.25446896642193,-0.800221797255835,0.601571472347989,-0.113509207529763,-1.0678282964093,0.133252214072204,-0.161578961924425,-1.73002359922563,1.13288805918294,-1.10363443748384
0.694435846707879,1.31195886297482,-0.284648682662949,-0.600273300096174,0.411024515644108,0.654156359553379,-2.32378512824169,1.70985475521404,-0.680876150094586,-0.788118006663115
-1.58025369389993,-1.12091398614846,-1.84013958162928,-1.30794279922657,-0.861916840034936,0.324666843523242,1.67090615175792,2.35630864261315,-0.233797848846897,0.815367615699563
-0.338555860900692,-2.38006545024291,0.471987623998323,1.86533834155804,-0.205117282194013,1.09518935959462,2.50563977774343,-3.66222185445706,1.19381786273087,0.531650054901806
0.47122059293072,-0.317369702588799,1.21865991769266,1.06002051112309,0.689598549685324,-1.74818758503785,-0.104663185305731,-0.669771143384056,-2.06753655024178,1.10736985272832
-1.52385424872687,-0.137859338382083,-1.43752099307987,0.04918027117543,-1.63870201255839,1.01357838658732,0.357165687264243,2.91397522642056,1.90402902443113,-1.01547189310764
-0.269846981033215,0.590600659561966,0.346845379499072,0.260942251556844,-1.4324991454121,1.81851854797214,1.88650839652143,-2.24667764335079,3.17822351882075,1.06956615965794
-0.859870555137803,0.531205846072924,0.318073812803318,2.08051341642273,0.905841394121524,-0.865379387296175,-0.398173069424503,-0.874891728683205,-1.0663186555625,1.02399279208669
1.27594513599457,-1.25771985672813,2.00318853161667,1.81890820547579,1.10553260931072,-1.67884856500045,-0.270717070689606,-2.33559296573766,-3.23875800753544,2.64925836810881
-0.331483367575729,0.743630531695816,0.0441494121573487,0.621287138989757,0.0553324980369046,-0.344297915812015,-0.0845923752441341,-0.761274067697543,0.794601125151825,-0.393136653312092
-0.287686585914471,-1.58638799462971,0.180528954777359,-2.15003433681877,-0.920476018180154,0.573638529013405,0.614847846520177,1.31726544549242,-0.422386925438552,1.17210402449946
-0.242427298134665,-0.657342878730494,-0.0455878286800578,-0.453622660727545,1.31993751973336,-0.211510576351295,1.33739098542556,-1.30237354840985,2.56671555188129,-1.02253365709727
2.43580898993631,0.839624142587659,-0.455562025178242,-0.431083138545854,0.819422029923643,2.04150022035918,-2.10925612447563,-0.0730069902567818,-1.34797518160071,-0.957514417429011
0.158689314735636,0.513243345210011,-0.823655791436718,-0.779774129755378,-1.42363206674101,1.55300887537728,-0.233617294610121,2.11183893242824,1.73227977075712,-2.19673001310744
1.40915283896413,-1.58665846096277,-0.261371856260855,0.317729093956566,-0.0299466612210989,-0.0512699991557715,1.35319458836065,-0.169744792696274,-0.348165489238294,1.0275334225496
-0.427353340324537,0.964922952897547,0.083283875169529,-0.0855901579517981,-0.0410209145085435,-0.206454070874838,1.22044818896672,-1.94762575575078,2.13859918113011,-0.615090970919097
-0.587406556923955,-0.669737291974172,-0.421195580443421,-0.0609406059772219,0.00774637554605422,0.387888904747862,-0.783214418899533,2.00324297204884,-1.29946120972975,0.124011559021149
0.388651851497423,-0.332073036392262,-1.77818571525336,-0.119065966840405,-1.58131113405962,1.28287626184965,-0.439903718682426,1.52804530714966,1.15448829758671,-1.98081926556976
-0.459381122213527,-0.00687935872571971,-0.634753538773447,0.859947091293616,0.605455187504913,-2.15863563508353,0.272693252175852,1.94200468756896,-2.06570490871749,-0.530967029954186
0.408793227834862,-1.21498288248909,0.606012659292841,-1.90471267620547,-0.353989123775285,1.3442008557456,-1.08875873588046,-1.28056177963207,-1.26759169151911,0.213885005026696
0.233656900058031,0.0105814358366047,-0.667384392171012,0.366915858936767,1.71125909234161,-2.59535846651903,1.07092739576354,-0.928249855803944,1.22172756998582,-0.646684392192318
2.29272192772463,-1.09253754308183,-0.612984977318241,2.10806132759521,0.582693921411052,0.641374603901677,0.685616622848302,-3.60506456643186,-1.75318525416739,1.77171207614121
0.0567167059573068,1.08376023743937,0.780151342885486,-1.47383246821938,1.58464079703438,-2.43117137752623,-0.348749390128741,-1.61015786491426,0.221574367918838,0.786935522860836
-0.680176068403054,0.572262500290196,-0.0903026591219417,-0.949163302292648,-0.391141270980656,0.957941137148101,0.198282996307042,2.87664560234492,1.64797546042236,0.346283514413469
0.635450148092676,-0.834003715996697,-1.66497685166293,-0.000728322397574378,-1.55113251946786,0.97007405216081,-0.787008793890324,1.05110297507603,-0.357189887313163,-0.0953872022570069
-0.758124777503252,-0.725846259347191,-0.201216503065569,0.609355780514834,0.562108639846017,-1.34449981680682,1.36731196647934,0.748577670638507,-0.400511653510796,0.703426276566569
1.42491100510851,-0.47310914351885,0.394494128895037,0.82360949452164,-0.566290233475371,-0.836063020671381,-1.76480133711809,-1.68713862012964,-2.3358357259598,-0.538587266234528
0.117525378336376,0.176342648259994,-0.642096974960451,-0.00039013275067389,0.376691872764572,1.44481092674755,-1.13678914022705,1.66727559537959,-1.57821449040498,-0.532763101066922
0.839279582016785,2.14103481188948,-2.50603441219858,-0.0845389783730284,-1.86767461647842,2.33785637766928,-0.97908622575853,2.55554646369058,0.657759276743082,-3.62378869898785
-0.267376122825583,1.72445734262534,-0.882088274791618,1.93375385655185,0.00241444993734671,-0.166994554318915,-2.25008793853829,1.52948041014383,0.415238045010809,-0.712314279899486
0.210319822449819,-0.846679477829749,-1.07550797129718,1.85326576186886,-2.15810973995433,1.33108493628654,1.20981411021285,-0.325764281572999,0.875648836242651,-0.828764141719903
-0.0874963036881227,1.27777182921522,-0.977640940304504,0.0764814783882733,-0.486629171964456,0.451586319558648,-0.518098323615,0.792839840876116,-0.277105363785891,-1.51027507979205
0.83883404454448,-0.0416670149228447,-0.00121138988969481,-0.941842142621896,0.37655938723347,-1.4833003416295,-0.705752101107509,-0.270844019815244,1.08771759559673,1.20956734844113
0.558127090197963,0.187560760601962,-0.336181199611301,-1.14212558475362,-0.321797670957588,-0.00692284739999713,-2.09963243898761,2.65710446148972,-2.41670729560374,-1.22596247842109
-0.0400316919705727,-0.180993834126013,0.316280444654131,-0.727967567406626,-1.1008134761712,2.29838069159197,0.62303852168387,0.080326217332763,1.32044087328352,0.317627383595529
1.65621717116978,1.19670522141066,-0.888494236777675,0.388906140914701,0.209168434037509,0.943833846266288,-1.74238735084671,0.32215287648917,-1.5659254983876,-1.7482089191241
0.328798643336992,2.48586326341392,0.353744564754582,0.0533359093711872,-0.143785207144812,0.330943395221845,-2.58117476853033,1.04317484066306,-0.0106600277342833,-1.06282414583942
1.10410422961588,-1.21281598515877,-0.267991836592744,0.666350741683606,1.37862469653882,-1.59647668951068,0.0820966123357128,0.100013703678672,-1.17247880555021,1.59269369174402
-0.0711762022882451,0.98128101262694,-0.50149607079625,1.40993970677934,0.309468768927059,-0.338148863591581,-0.11939212446715,1.15710402943188,0.0942321363293868,-1.12034926205075
-0.385329634645531,0.842734093585246,0.494238354361849,0.585060336963114,0.640759600448509,-0.349816075611401,2.38857392946044,-1.98278421408703,3.0976075612818,-1.61851005036875
-0.161731346757142,0.391368959164083,0.40489045762119,0.0565595564418758,1.62824239048532,-1.13793484320612,-1.52041675629064,1.44663873700644,-1.63641509253834,0.282333468991588
1.42374124500849,0.555937553885103,0.349707041729064,-1.22258976514043,0.430294889778635,0.591732111241874,-0.418719667644734,-1.15685141419361,-0.691814210196749,0.650311123501769
0.736052436502225,1.19411516801153,1.10388678178403,-0.0823225074601745,1.20624644814512,-0.914952016212906,-1.73746679138787,0.648983575123422,-1.76970385330129,0.323814992024952
-1.93746097806707,-0.371771575642941,-0.205942997751967,-1.59137393988932,0.149245685036279,-1.78218751246019,1.32070820660713,0.448737966764022,1.7203942070336,0.964979477526454
0.625225067625376,-0.528502692739208,-1.07847150329434,0.343168384078855,0.971297490532102,-1.6470139164951,0.4286999534882,-0.816116738061525,-0.0817870590684744,0.67779037539305
1.6993755714724,-0.147386712968712,-0.922059356616639,-0.897525708395138,0.135169139757339,1.02401590452456,-1.67004146616517,0.285043857250143,-1.68619295667507,-0.411760917943867
-0.879727199654696,-1.6191201802505,0.298624421544197,0.646573290249067,0.233622944757875,0.487638480166973,2.7645108747764,-2.60555987197134,0.752895712487188,2.2897195341132
-1.67982646248099,-1.2665140300792,0.0841118617051167,-0.181519182746959,-0.548880678039914,1.05913222486263,1.72137131803377,-0.48560886687695,1.17379622970449,0.532861841276983
-0.272851151466975,-0.612236976097978,-0.227194850758568,-0.465735635444936,-0.468416024602529,0.805401096554349,0.936368406664791,0.643368168652692,-1.33915806798441,1.00656955979716
-0.744017142382598,-0.124875010584937,0.588388372799906,-0.145422297479871,-1.74610091986613,2.88517103951979,1.80505066384288,-2.56877649745683,1.6357956915329,-1.31772432608493
-0.101620220420924,-0.990177999528903,0.533436340995049,-1.60036570825761,-0.379977846161654,-1.07633481211458,0.10200150364359,-0.41963037939566,-0.71097506706036,1.28431083954928
1.09220094667352,1.97551227439063,1.46736596762106,-0.602582638284426,0.875951656668183,0.47055744605716,-2.34754532697234,1.31528697138214,-1.23149403679445,-0.107227559095904
0.206223540755377,0.00480911069391429,-0.147845911975458,-1.21492333918282,0.382752999883607,0.383618912567607,1.497220880377,-0.358933403405504,1.63943214715417,-0.0508327890071314
0.543455454858842,0.0790916761437679,-0.722443743615408,-2.40474996358449,0.00441713941167877,-0.300253300938842,-0.214675728033069,-0.556524025363699,1.49551228340796,0.00711054439172596
0.405332189204876,0.516068309965948,-0.451227707760828,0.0880628764919343,1.61292100771878,-0.382526101175226,-0.783802826829671,1.18966150976256,-0.958057520413496,0.0973026445289966
-0.844507462319997,-0.26801956382761,0.686601057137002,0.830760029574107,1.7753249985907,-1.59612074494376,0.703277124016042,0.691773101412707,-2.12136358953313,2.48980527024897
0.218821313749557,-0.989311047659225,-0.0698031460904422,-0.291684312918485,0.402388513494749,-0.612563189932372,2.65028915548696,-1.87499897369986,2.9220874051631,1.81705144727648
0.989219771217704,-1.36658769974373,-0.101553477627116,-1.54100348392961,-0.432867156540391,-0.907142990396203,1.91676150277439,-3.61499186818412,0.0953731737249281,1.89915324662002
0.370994964236406,0.665845400058473,-1.47421553713855,0.0775241669592459,-0.703050760931384,1.89136554996457,-1.07916829154889,3.31567079524988,-0.858035439145645,-3.02629803208892
1.19422288217242,-0.395315566410483,0.0851858063558202,-0.49024183328526,-0.750896734346673,0.688743342238582,-1.03235845468884,-1.51373820903745,-0.0560570491490303,0.0141657800887579
-1.29959703332763,-1.86493952532198,-0.815211715499274,0.421734497852601,-1.91685961187611,1.20895965461196,1.74325748189232,0.178552694374053,0.620938520162987,0.577343652034112
0.406532880919708,0.121522251597613,0.875934161724153,-0.564470375862512,0.552806810987361,-0.299732605093146,-0.120961795764832,-0.189077938246818,-2.23383037718225,-1.05415660548071
0.770900301607296,-0.477301068986298,0.592865696338566,-1.06925467813272,2.46584194318974,-2.95964542217601,-0.401910843188374,-0.846174536412662,-3.3445452113794,-1.4007788332019
-1.04068308614941,-0.584179895983783,-0.950834099376531,0.662650921408699,0.435223951415166,-0.55739201598037,1.65161829185036,1.36305657586784,-0.916568779824786,0.562802303087699
-0.802909358832189,0.00928533576362237,0.0916233195220901,0.20048180842258,-0.612611334527318,0.164708885045386,-1.06341823689424,1.81302246939862,-0.589108294576145,0.291639962143039
-0.123314546139996,1.1563496224476,-0.732738643216625,1.65793287523752,-0.128524120415704,-0.216020912118155,-1.44504830844195,1.18441399135588,-0.616799681934192,-1.8949477209088
0.797866748855241,-1.90281538066697,0.597761459876645,0.778986138443392,2.20476474817506,-2.01053541497328,-0.206995760299271,0.0191015447474344,-2.76667001906852,2.48044992514896
1.54783169466432,0.762782008369135,-1.11542911197356,-0.580778192714241,-0.906158980748424,-0.98227378935095,-2.88815847036113,-0.0062422739706248,-1.50144388698674,-2.39848730590495
1.01413690490203,1.25729002383851,0.285635276975357,-0.16896054091352,-0.845938523127443,-0.110725820284898,-2.02935999790978,0.683945702124177,0.716871306966886,-1.4676175649089
-0.645411404919891,-0.603385563835239,-2.24717688253464,-1.57096609404094,-1.34898366064182,1.23195797130894,1.7746790382917,0.907091712933551,1.70699832564486,-1.36937289164152
-1.48512634996031,0.837097571719709,-0.524278589107467,-1.61553412991994,0.35118297302559,0.407546741587487,0.852781221228098,0.700631053071339,1.65867150917578,0.484864223841593
-0.0147235072283869,-0.218269519194809,-0.185731034461609,0.384394191284457,-0.70322207027185,0.613474233932781,0.626488933835494,-1.8933501736997,0.82464912313887,-0.872682282758984
-1.08356855122343,-1.34310792661255,1.3282006569567,-0.262987207216069,-0.293320813925685,-0.124364751370343,0.432133015602322,0.501688432554698,-2.12033042538287,3.54864982163962
-0.925170531336733,0.255759134287755,0.52523674567039,-0.349884686059371,1.9184908853993,-1.23178303615143,0.987998176849716,0.207267592773461,0.733355455026504,0.265826993353821
-0.538971559228823,-1.37343619363499,-3.24131139074677,2.74112327495829,-1.36946703159205,0.956586245746161,1.99696129617548,0.462240497094188,-0.394463313671771,-2.90753056059008
0.732879472175359,0.0930537339291644,-2.14688010850087,0.527149237603884,-2.17553629308796,1.63945274797138,-0.767977794847219,0.207707496688497,-0.9444755372528,-0.105147719260293
-0.509848590800689,1.36970621275621,1.17335737782052,-1.28616012877269,0.418160866796691,-1.42367726317519,-0.794528748332621,-0.266342573635422,0.796432977885092,-0.191052138337352
1.16836202813983,-0.0746765409021083,0.48049448919202,-0.886705593837137,2.13320538741172,-0.998437837833437,0.496840353255319,-2.11096244981178,-1.5053247800526,1.13520785676279
-0.147709063219609,-1.8453920709318,-0.558486981566656,-0.581630534572216,-0.370129162550972,0.126078717874211,1.53150613481905,-0.462406153368079,0.427193636676565,0.534872539873046
-0.0454647688531643,-0.466179250334688,1.39424481489407,-0.11382366146469,0.745161761081088,-0.626913506805332,1.86131153152061,-1.39380161804305,0.780559130136506,1.9318726814735
-0.161057937784135,-1.24603300505016,2.35611233448521,0.586750289430955,2.39893768552372,-1.84974921329899,1.20708235189634,-2.69179489843396,-1.50407158685678,2.41896037191586
0.303729611605162,1.23099897819195,-0.665143407142918,-1.18437603321537,0.797234925983432,-1.23100614824171,-0.511113872801692,1.40977213243977,1.28095531350851,-2.19444988818871
-0.659511643080198,-0.369164415103501,1.08864068445358,-1.31730748714958,0.190732339666402,0.534456808964529,-0.062178401963409,-0.4226577581667,0.197622593790129,2.49276552241893
-0.964110915173831,0.987063485724188,-0.829405897479402,-0.101908490790375,1.37491167313261,-1.50758379412458,-0.788074445732532,2.86803101444736,-0.284213221821844,-2.06006031288578
0.250946224685729,1.2694358329606,2.83351213002936,0.24316821396644,0.440688335788817,-0.75790599379763,-1.31215926823208,-1.58821331625111,-0.629393098670935,2.55989626650322
-0.981128241562648,0.7955962603118,0.443328841935717,-0.109854757295828,-0.574864681251795,-1.15776418411727,-0.332687503861018,-0.037458412357063,0.280917346328653,-0.923758778708137
-0.828407872268504,1.33954830940432,-0.372829175437322,0.299462875969998,1.05525116083591,-2.13667408806589,1.17782753197239,1.12060759997506,0.80810453086382,-1.0106303004762
0.418769199816231,-0.47292233663644,0.37547444072669,0.728860297681594,1.07192406510742,-1.74863320311264,-0.526323754248408,0.778767548433265,-0.391103064997438,0.249654852513236
-1.16742251444403,-1.26710188388155,0.842020898046197,-0.88311526912697,-0.268447575330469,-0.867050860780609,0.789324148963668,-1.41866309045529,-0.136858380024449,0.955490089241696
-0.428709353904173,-0.796013164872712,1.52393446770471,-0.154172454066798,2.48281030703702,-2.52128414214042,1.33762135781382,-2.67600483661043,-0.672263507524352,1.92736255388796
-0.0276115478300267,-2.15666411442272,0.266496198606333,0.743628067556617,-2.08036513398653,1.47279865026497,2.63056065376139,-1.84782615554752,1.66504267946607,1.16508253643253
-2.12800983517453,0.591759260177818,1.17178694431766,0.152345029727366,0.651064166959079,1.46924445862233,1.65567779992384,-0.378088059534956,1.25506681182592,1.85907781461402
0.733993863219672,0.224422427198969,0.0822253432974516,1.11839210071054,0.260831168129666,-0.573602765695914,0.0536050888143145,-0.650560827487043,-0.608011001077216,-0.795379258918555
-0.263701947297445,0.805124893183752,0.323800957111091,0.436349800288632,0.795806512964068,-0.435750859365665,-0.226081073396614,-0.351491700857886,-0.238731751765202,-0.573468326220255
-0.169792914902495,0.499513210998928,-1.51422266989971,-1.01928396164758,-2.0320111838093,2.99419653725032,-0.211475002124552,0.667578708953376,0.613330777923918,-1.56784180753414
0.632900791712381,1.14237598791487,-1.42318561990402,-0.142519503509906,-1.04049238394462,0.601345614128904,-1.05031395568309,2.97807863909894,-0.132006752643714,-0.814776313958555
-0.219085175414709,-1.64987884477526,1.23191583630939,-0.10394533071996,0.609801006319088,0.843271527767209,1.89610596876751,-2.02607260880004,-0.0803587933005872,3.12590018546276
-0.153227554717152,-0.197939510176926,-0.111225431383988,0.221935472838106,1.65033437441082,0.077232776395206,0.292280141911123,-0.0955636339018427,-1.46021896348803,-1.07345468342137
-0.57763029942744,-2.0548724739823,0.78383389089461,0.738778899580402,0.331789836231561,-0.317662636097526,1.24226344291419,-1.51114578411537,-1.19298949300272,0.822334500327165
0.0421887233147115,-0.580440930675805,-0.0999442151168726,0.112341663884885,-1.29942280727386,-1.3470084866329,1.2271071620268,-1.24391143501628,2.15688281985998,0.228114119467912
-0.764292287847516,0.855506120711971,1.09823611823872,-1.73018200802522,1.11232881655423,-0.633743454621706,-0.282603111649747,-1.06831409431267,-0.243277716676751,1.9680465002791
-0.210849008831929,0.0648214920054773,1.74143252810999,-0.217317279572839,1.23400115917097,-1.51915353677186,0.116404652846373,-1.05791666408242,-0.564938434203479,1.41382633402312
0.529945134343558,-1.01642710014133,-0.91068610625922,-0.00736552758935341,0.106621751450811,-1.77356299579995,1.8467788138293,-1.82561223892511,2.38907157821154,-1.09664659758171
-0.0130676043582479,1.83880832489697,-0.39922016762793,-1.21570035392289,-1.95558447086024,1.7963998139911,-2.85674680207073,2.9095643057586,1.30886310583069,-2.2135484837346
1.0285689668124,-0.717833880985614,1.20589530436263,-0.552880815900066,2.64471766558231,-3.95212975880874,0.977106642095972,-2.37912800433734,-2.01047305555633,0.868561362445562
-2.18462570056652,-0.713007436446634,-0.0764391289035568,-1.341427131204,-1.31062735811101,0.0634843573936008,1.76003547557756,0.582116135493221,1.70859572466,-1.21214182342185
0.112363854079608,-0.278962124556343,-0.205890449937088,-0.99194952226843,-1.51597539836091,1.26904775888798,0.263802736192829,0.0312194585605591,1.38958134798947,0.310091095328883
-0.72303428923205,0.232050497569102,-2.35856138154832,-0.848571404483203,-1.16731969616529,0.713563149752698,1.24699205426523,1.22227779566597,0.561293399524038,-2.5761277065597
-0.272387521491344,-0.0417088883211086,1.41364971465215,1.30135856592415,-0.298391999132925,1.47348611280661,-0.219264587816381,0.0986538872804841,1.74104780154339,-0.0722303078000374
0.376775498307847,0.259872749453757,1.28612024926726,0.244147678031451,0.395923832822701,0.761682747832278,-0.162383817381252,-0.532824808445718,-0.0287720923077445,0.359374626525878
-0.593774425365472,-1.48352447491735,-0.739743697330094,0.597394945473067,-1.54333923624742,0.581091880895955,0.972599257916083,0.121956503846591,-0.290862001587158,-0.510644563162061
-0.0859582844902158,0.343033142858732,-0.986975573176892,-0.247437010723736,-1.7051119042155,2.0628750416666,0.281722272862068,0.477379403555914,1.20289976081554,-1.82070186641242
-0.409659514884546,0.802807887359299,0.95845633296347,0.0388120369770831,1.5315113887482,-1.1105289355804,-0.614362266572723,-0.0261800992670108,-0.584908789943751,-0.167829424152141
0.805980738190664,1.36624960984783,0.103684246378585,0.140802414464617,-0.0951557759095709,-0.0471710782152494,-0.201791326162669,-2.21699083738378,0.754462807813634,1.14771204830183
0.757229675056656,-2.1502749272587,0.477722612819226,1.0332882363188,1.37777661359431,-2.33177675502274,0.444107688036207,-3.37608344588895,-2.71727377599647,0.609605733834625
-0.997314725592634,-0.179747865928315,-0.578471368473997,2.45713892384049,0.178693149410174,-0.292748857510355,1.43558417100694,-1.71312040185234,2.8593862379195,0.139281054582121
-0.468606639432031,0.197917971853085,-0.949870955813874,-0.810956909158399,-0.502284663112103,0.532028266509217,-1.30157185692796,1.91858797976693,-0.164749431062214,-1.80021335738719
0.0171760624711845,-0.958050116341232,-1.1968222933271,0.949348273975057,-1.12393578574868,1.16300493083613,0.374653367959674,-0.294844840893022,0.658388561479588,-0.672203753386133
-0.157614767693604,0.694531813377051,0.785945454713059,0.998374649907439,-0.277903001167492,-1.01817559822196,0.296726152439563,-1.26037589483286,0.738573075469196,-1.91201891043165
0.618900128677896,0.416831172565617,1.64359766523843,-0.938240396373661,1.26644650634369,-0.399206789190245,-2.12852928066951,-0.444858370375454,-1.76673799725919,0.340812918367883
0.357719090787618,-1.15732652173951,-0.997135172590784,0.862240998625635,-0.554966185450138,-1.35811493165443,-0.34607778452655,-0.374373716154831,-1.14988208423676,2.24455308599894
0.0199620530850827,0.994228060433193,-0.726867644701602,1.38336210855966,0.296338737930076,1.24296036834861,-0.282054692416215,1.83318523953126,-0.523294328438997,-0.668774867982069
-0.464409283156443,1.03291602911102,-0.415812405010743,0.439104849435945,-0.472987426119225,0.185052066775362,-0.627815446813027,1.55843850604304,-0.0036061022428811,1.26620127321398
0.205565394851956,0.0745926085857299,0.0867213788066372,-0.88605122620984,1.63271406719035,-3.5175433698691,0.432459122093718,-0.582358123893018,-0.473381573366222,-0.515407831704492
-0.558353843200307,0.667616784267003,-0.484624963073357,-1.36029688040649,0.705007233258081,0.236805285481946,-2.4184042436067,2.60604764632176,-1.11097273348257,-2.24762358078999
-1.18283135554092,-0.667449906089236,0.253840022094679,-0.167729370403333,0.225643376395848,-0.869455301570813,2.49102823795051,-1.821469227131,0.925678386925323,0.345357136217377
0.0240509456028918,-0.993033619626845,0.102471637540813,0.21441444599093,-0.506810356218102,1.26351215135467,1.07270768357247,-2.11971102915079,0.485533721766346,1.14707244418545
0.741392243148927,1.36350700359995,-0.227029782098045,0.654808671892683,0.147486825503386,-0.251187423458404,-1.63828994324905,1.74881168678888,-1.12104878755076,-1.30513580213182
0.0189423983005986,-1.18380628691036,0.360544726668707,-0.296488076541585,0.935837838323889,0.00758739546977079,-0.628546889802521,0.0733943820303062,-1.4694201246237,0.991396403296373
-0.731349466750314,-0.919093663394478,0.566405047336893,-0.142088520237442,0.478877174889613,-0.701479776178471,2.42339800446678,-2.87196779605369,1.74392642630848,1.61105330737503
-0.304234508132521,-0.844820865702584,-0.239988943501831,-0.191455416897578,0.96125144319121,-1.34690754095012,0.101369917109717,-0.736312325701688,-2.17136781587558,0.770482006920232
-0.369764704200596,-1.8982153836291,-3.85701461719612,1.0860141129863,-4.25327598045997,4.3615330908647,0.980423257749538,3.14154298007456,1.26492797582527,-2.99142114959994
-1.36051759696493,2.52796638877208,0.856780140846598,0.345246097012772,0.368533202423645,-0.121082589519547,0.598481822067683,-0.153568052922888,1.60464114047412,-0.139369087136679
2.68409742574309,-0.840585350813425,0.482017051146137,-1.60879198529963,1.91959180388849,-2.52283414366853,0.156549347796948,-3.12497874215246,-2.44422351581757,0.0178434437004959
-0.438908760826694,0.869700567559654,-1.19954094436456,0.312912158500098,-1.50519096730196,1.95895472134873,-1.14458445886983,1.49054958983559,0.00197201074311563,-2.01004404870539
0.298370000019774,-0.582883935626424,-1.16215393040222,0.339318918042535,-1.50736231589115,0.987898172556219,0.255408079519806,0.262694037572232,0.838659272070997,-0.16948997651801
0.85563343796868,-2.48458836163614,-0.932138719797389,0.337818852753277,0.49778893660307,0.411603118486743,0.988745620320493,-0.955823085756265,-0.979479962385927,-1.49241914320969
0.855512190665666,1.21356661058307,0.65502049482614,-0.657181213720395,0.425801021861345,0.607424647835959,-0.295513167412,-0.538249284698425,0.143968826943547,-0.221172803405832
0.695767538159562,-1.2040469910162,-1.41817502192642,1.43396560576598,-1.91877241206203,1.08624726838023,0.278403978504206,-0.497402533959916,-0.54874931948278,0.369890426729402
0.617999297777746,0.298111027568655,1.23750395198753,0.290660055804714,-1.27141512170185,1.12008900357067,-0.522718981872492,0.590868230110447,0.679678102117961,0.916105874371209
-1.38628821350652,-2.06155578980907,2.08833873583891,-0.586196171805454,1.97758665354691,-1.89678266184223,0.940785410385726,-1.68229043121724,-3.09175592471395,3.44754485246654
0.746443666105243,1.43420207207275,-1.9582582734334,-1.08536572617993,-1.50088029871676,2.25285410324028,-2.35742033240264,3.23541800582209,-0.504164307423832,-3.9561447705133
-0.863552753366977,-1.09260127044932,1.02192446771029,0.158816576410178,0.464167057473741,-1.48933630606421,0.694282226021041,-1.91210203548276,-1.61938647679583,1.75253361648052
-0.720873369302531,-3.65517682871291,1.0215524261072,0.796564914685328,0.958588696893173,-1.18178552222642,1.85438360480156,-3.08220601285514,-3.44843568936084,1.90008524334153
0.0117017458918077,2.02227680419572,0.884779121640832,-0.959814535099057,0.125793637253205,2.61451650949477,-1.17601310802799,-0.0886581720634723,0.677636294011044,-0.00351356637296071
0.382759031724946,-1.54199193546248,-0.529571837386388,-0.206071759455927,0.141849702948438,1.47647507461083,0.217079811935695,-1.35488586697415,0.231427063642494,0.769498340277634
-0.737448637660129,-2.98936567810942,-0.0193882824448013,0.580172826767784,-1.07982223944561,2.18901747598913,2.50585855032363,-0.791569852132895,-0.662786474736433,0.751687248026145
-1.27246542064296,0.442014193347339,-1.62176448362134,0.943585856110884,-0.791085051107986,-0.597301993124409,1.13287833991006,3.86521528107754,2.29061802066125,-3.02963941961727
-0.46093303267957,-0.538215490549458,-0.0157483007469702,-1.06533502637971,-1.62796790359597,1.13090566455814,1.55748282326462,-1.32147679981435,1.53234274889568,-0.221358703861057
-0.865468267294777,0.122766341022698,0.0251889271903715,0.210715837873846,0.212114137187581,-1.48174566456179,-0.384141662109622,0.959660252335592,0.246064256008951,-0.836626560564027
-0.1865544789833,-1.49831460500567,-0.221671166929166,0.791130396378378,0.916637600337806,0.623985148998554,-0.43089377585731,0.0579995137358292,-0.239282709557383,0.220952226994525
1.42077190930711,-1.78914272032095,1.77520361233616,2.17455822994701,1.65513631999036,-1.118505787476,-0.0938569016437396,-3.77012611028497,-2.214496746851,1.53162660578998
-0.132622036941827,-0.0737809387107206,1.04729976754888,-1.35940269969129,0.668203679508617,-0.651506358935556,0.839839656720557,-3.00132669786779,0.553546236478354,2.35459505668288
-0.980984488555122,-0.587670256370924,0.194762017429179,0.746524379061707,2.02465009617093,-2.45616272263192,1.53405119167643,-1.3127137087855,-1.69151693283913,1.27075123789772
-0.75186223637575,-0.982358675250191,2.10665702478272,-1.15299704158166,0.29027422161561,-0.744089110103628,1.00220029907075,-3.02659016137754,-2.11458310428913,2.56616776749154
-0.900987922993615,1.26850483340387,-0.0963744266516872,-1.40803597680374,0.921562748079664,-1.54377739627053,-1.08927952362536,2.21874464321798,-1.60156876628257,-0.810881750976179
0.0724058731998752,-1.54491777726211,0.325744423072107,-0.239702144896548,-0.77096128858351,1.39761193335041,0.147053927575903,-1.17167275267513,-1.13471208017662,0.898013176024582
-0.120084344171848,-3.65640188987913,-0.886681377751738,-1.37427863246003,-1.9482472877161,1.68766141480869,2.12229912105937,-0.873598736586168,-0.818759801448172,3.86788746403345
-1.16090556322573,0.998242961356295,0.245141185500554,-0.650797113942004,-0.69917197351996,2.15819996324836,-1.15172435058013,2.31740119269844,-1.57417384542575,-0.00261728887890226
-0.797928763393709,0.179239415658537,0.56888912417399,-0.429073081962009,-0.639994714485044,0.0984001269268739,0.339542552406187,0.521441347262262,1.19362278732276,1.12974846330872
-0.253967232867688,-0.510426847836065,-1.12198797439547,-0.516952874006354,-0.53601244326686,1.79525202155136,0.901936053955285,-0.274053033505079,-0.890075368052087,-0.267601526721496
0.102706596010287,0.414638371299392,0.0983347096888119,0.231806547698034,-0.986632500064311,0.969452008749963,-1.55819310368295,3.02589022236977,-0.0239936576838446,-0.311477447748607
0.281335210181639,-1.15546518432882,-0.795520630019781,-1.40337408585174,-0.00770704866386846,-0.718525827684067,1.15394471994648,-0.244263800462861,-0.607969377982152,0.924977778507158
-0.676970561597852,-1.15627605002679,0.557479258250232,0.260456136855494,0.143960119156952,1.87012625074269,0.995849450847566,-1.04619536174669,-0.416162443883464,1.52707860647248
-0.60715222790783,2.11378188761975,0.214762815542037,-0.0500843113741693,0.427461212942736,-0.828021038448427,-0.45097960929837,0.811630115664578,2.36692167988001,-0.898354755802063
1.03550455297188,1.34994312049943,0.675913407860893,-0.333716818698723,1.5643410226562,-0.354009187337819,-1.33730073178547,0.557959227057234,-1.01321645617401,1.45835523648024
0.311174416926616,-0.621091425353896,0.136739810714895,0.163496417501908,0.00854808866548551,-0.056621056961924,0.987402097133028,-7.51759301601262e-05,0.50817178493324,0.717004965240351
-0.693106725061088,-0.174295222747964,-2.17409824952519,-1.3814087169734,-0.288136416310389,0.962561355107054,2.34665916736967,0.622714861100433,1.31457444236481,-1.72614435266289
-0.545252222190378,1.8334358005573,0.779094342108917,1.14676106878606,0.0866943053217175,-0.253651316173127,-0.237079275406221,-0.00994808922802183,1.34668406508242,-1.74052359638997
0.713083178879542,-0.975549487326828,-0.448913914577091,2.63849543532513,0.954737389573223,-0.0687807333844171,-0.110073386929056,-0.322785584085774,-3.16688441483516,1.18002325541241
-0.239323855051744,1.37056478696651,-1.8601145261894,1.02391061581201,-1.05662406754053,-0.414908489470595,0.574646238352005,1.05522162727129,1.14096011744194,-0.978559961327746
0.250312682667603,-0.358046558359496,0.208854351205209,1.33472630263714,0.857387804615328,-0.977467869834157,-0.0235104628420914,0.258803320479039,-0.0757056773052021,0.807951730469873
0.0182716343310776,-0.54475035853522,0.0177491448455588,-0.171109070837834,0.0289764006345549,0.362552211758289,1.74180944502245,-0.630500720025088,2.03103491983335,-1.26860750592695
-0.294348848290536,-0.616323689566338,0.863307986818254,-0.591919777318811,0.815952555404882,-1.31250998211633,2.72974921593318,-1.38805516585674,1.21165564118261,1.76723093791692
-1.56218692587992,0.0579235828345885,-0.490142382278538,1.08120974262838,0.00267078402031133,0.0771303125502377,2.94943274612935,-1.25303688158378,1.75801582037706,0.170939855636342
0.739042843113448,0.916302833941951,-0.661197417713711,-1.50824732322938,-0.571300355069098,1.10239985873725,-1.56104980231516,1.98390220584187,-0.25698774613345,0.454122726697459
-0.592351597202896,0.657750360934717,0.357305731044724,-0.128035419712674,-0.0967081886361058,-0.608240070267586,0.0337533538363325,0.0563458330201626,1.33901849040889,0.494409616335861
-1.67746365729251,-0.341265300493985,1.23444052037294,-0.75580418688922,-1.19116354143151,1.25143004753874,1.42175793353052,-0.456024315808228,1.31874319962864,2.05503407041305
-0.288076496799183,0.120507796026554,-0.395407266344301,-0.298452878647617,-0.0280114702159023,0.212283477419772,-0.096357537969075,0.493219577365293,-0.823136453853288,1.09041589560517
-0.917590044025705,0.831100667723525,-0.460698341588412,0.521333342873535,-0.996667342088419,1.84357384395758,-0.242978985243382,1.37424881244674,0.643455281764601,-2.90335231801048
1.46904141101712,0.653884134682444,0.916882340888345,1.47151513433555,-0.186312291028237,0.104045108802404,-1.95332849231108,0.526068578811852,-0.560272997800645,0.308672553357346
-1.62633004828671,-0.043467857100207,-0.53373980674027,0.424449286814857,-1.26104049566438,1.62847111105907,1.74963176149291,1.48681570978117,1.97493916087439,0.113744967923843
-0.0368475724182478,0.901423251687201,1.60092986437101,-0.614361666893194,0.732748110620652,-1.75732147181351,-0.235011349621164,-1.49390009879019,1.49394546967584,1.19121557678653
0.635087739880147,0.57629347102055,0.940160725611667,0.454647955374287,1.70554970559982,-0.733912127961818,-0.169020180869209,-2.50818285277429,-1.10339239181533,0.961546768664757
-0.81496375069029,0.441817410419546,-0.360405208323064,-0.535352502743722,-0.591333074170364,1.11273135635897,0.00850516102039572,3.36664510140994,-0.154459922096791,0.357870998619997
0.713439731499814,-0.387071969322679,-0.459509795284494,0.722084903136046,0.767223278902708,-0.980563826830419,-0.863171652323952,0.138988654394361,-1.31959666152004,1.03230073610222
-0.44447315919435,-0.723868006480873,0.300929783421055,-0.506015523116013,-0.299491763837095,1.26210614922359,0.209649016128209,0.0791085185796495,-0.628665537449617,1.51298589115449
1.76065317100299,-1.57731998222475,-0.730291119019063,-1.94483867734154,-0.913546426978302,1.91252733080863,-1.27450753772509,0.509571402050887,-1.69691029664471,0.27315532608972
0.463758203213666,0.0554775440524998,0.644775863223969,-0.360930867597586,0.652205363203491,-0.445355726992082,1.50700988454296,-2.41587328476643,2.56710747695688,-0.814736753437037
0.686339857338266,-0.270411382676324,1.16213525907226,-1.29446244473616,0.935587584294918,-0.531722110075626,0.770773839660116,-2.66088965268141,0.0738700019138222,1.16316224359477
-0.837541834811835,-0.979257649199877,-1.37204218841838,0.0636526886713128,-0.295220866131529,-0.834038730164325,-0.429395158616722,3.64414328659793,-1.80543764344103,-0.513412115077467
0.353920433262401,-0.0335046404205971,-0.136202760852196,-0.673981797532892,1.1271077930339,-1.24735997451777,-0.689063350185574,0.256293350489327,-2.08251274686681,-1.09277312702192
1.07195768746496,-2.66533527991795,-0.472589972023986,-0.171596434973837,1.34986437990603,-1.96355156812521,0.440716251174256,-1.41181489714731,-2.62130066161482,0.247406721078568
-1.17547427090917,-0.40780072596456,-0.543948653393107,-0.949209091943881,-1.13838649344426,2.45888373250576,1.55929549539805,0.817203667172867,2.66784640994744,-0.389471536868259
-0.583881923212202,0.069969506992954,-0.577225090734684,0.378591004834527,1.3785154586478,-1.46316915593146,0.539522477975266,0.885734736131669,-0.753293358263307,1.66938676063305
-0.114176287851823,0.609543761941095,0.969988024127461,-1.35661626488081,0.252923892891118,-0.182238030308704,1.03033123600356,-1.52516055746846,2.95461410157311,0.0929037748952597
0.249715097228554,2.62001018769537,0.443755194882352,-2.57787829642949,0.325454157270848,-1.73209386280739,-0.352921405000489,0.00962101654424999,1.84611800325902,-2.12559680735313
-0.771961161725209,2.02411332122669,-0.247781550811535,0.184353115464008,1.1122532267588,-0.318588427124559,-1.25922318161134,2.64566511896279,-1.04383055428231,-3.77840411406692
-0.609909824880265,-0.264062343353354,-1.04509591988689,-0.224937909468865,-1.83518459460586,0.671535852469842,0.683735367826757,1.17539471074113,0.85018811144893,0.164420987308735
0.413752924946649,-0.533505214412375,0.485001738161408,-0.299004978716164,-0.405182312558478,0.0309089575229361,-0.155882536092038,-2.59731759334524,-2.49392078383619,2.43019750135767
0.358315740820419,1.59628020850813,-0.382621891316661,0.435119515063749,1.07325233926163,-1.16019346106887,-0.0962707325902229,0.595038820877311,0.0180405274363827,0.0532482216848839
1.04166160267339,-0.497044415977187,-0.84049390706725,0.228307781021251,-0.0886850951710292,0.823311808913549,-0.437383802622632,2.24812456833106,-0.802184533304839,-1.35102519122252
0.158989104234331,-1.26952254697405,0.450942120780727,-1.76185918778503,-1.43198252083332,1.80723953219079,2.07917547764877,-1.29025320121443,0.396719483695635,0.714020123620844
-0.612729802631115,2.694582376768,-0.655869406310375,-2.58542346859496,-0.0992074947456194,-0.274263904319079,-2.06279700353546,4.54261999642777,-0.542872043782904,-1.92411372907555
-0.934470261665292,1.15424634709113,0.610540924442519,-0.0341880284530303,1.28214007900474,-2.22906337048404,-0.80016590606393,0.904885923805669,-1.8246401713598,-0.536677777855341
-0.110998190052189,-0.211296370221632,0.750452534166632,1.14988894234262,-1.01597973731275,1.34311140983051,0.557733297811487,-1.55367608149317,2.07597295274983,0.229740886330584
0.603076892738122,0.793355217921118,-0.905136576007837,-0.837292315958718,-1.69373416465811,2.68033848163457,-0.534718054002119,-0.205298012576046,0.651360249631331,-0.17391078429421
-0.0744442788368171,-0.999413947167078,-0.157737984620499,-2.32232285243046,-1.61716511588941,0.653013562473378,1.37303663955438,0.174699970848919,1.60932576948205,1.50220438971997
0.110098192489771,-1.06069656949166,-1.43898377769136,-1.88026087773953,-0.903356686018105,2.02342050888547,-0.226813862964721,0.547549375222634,1.36571002227119,-1.77091272680325
-0.254387048761235,-0.213902057546513,1.18518620591008,-1.64328299217902,0.389439195765069,0.57806055153511,1.6724728432924,-1.55650015338858,1.24887010871742,0.656484943123449
1.64710380826994,0.285457749015213,0.462338164545649,0.606958977804508,1.12267560954829,-0.934427925425615,-2.71096502385751,0.618222023304064,-2.14573048905887,1.10019968771007
-0.134162787716171,-0.510581626899789,1.17364435000356,1.61688921460025,0.262253903036044,1.14951907909128,1.25426481955465,-1.30411119420552,0.41971412238228,0.369065967427184
0.892487119499703,1.05606639477367,0.90473055548846,1.20633738644382,-0.127739020683073,-0.0149689462511388,-2.15404740682462,0.824177818131202,-1.18636418191869,0.845782825527676
0.286264223732675,0.421062183929833,1.80476281388067,-0.736345940365623,1.04263871212366,0.442344222239935,0.31066945124298,-0.78756146049773,0.476984630723373,0.141230588750683
0.805208046078334,1.36293895897582,-0.0921014537735606,1.56389455355737,-0.109252794526058,0.795544176205354,-1.05127647182483,1.14036832641092,0.7400291501159,-0.152218413630411
-0.112996638888014,1.03011421794963,1.86679363084916,0.873716183587104,2.36086822152715,-0.635957275145791,1.03659791798082,-2.36451839780916,0.713061890154785,1.9044684105554
-0.679663361911008,0.272255366317714,-1.85352518055674,-1.3943608384374,-2.24449435620937,3.13038248053227,1.05703848996737,0.292329233872531,3.36970208427456,-1.68985111785328
0.60548193783742,1.72428801951994,0.951577632336467,-0.996344138703315,1.36730728736143,-0.634764335126793,-0.607694066064772,-1.58080444650479,0.357678776042938,-0.746117901161647
-0.248616583874694,-1.22442822302518,-0.525933624706399,0.879348142602884,0.742713085465328,-0.612179056416616,-0.567347812363613,2.63822090781247,-1.62355109482572,-0.230302983814859
0.854055873854555,-0.314466245583627,0.602028296435004,2.03446602766461,-0.500264643504382,0.204582276384361,0.308266792483648,-1.72285188782343,-2.06195673345645,0.769296829242353
0.526855908661303,1.49394808360365,0.0926338241283565,0.952189701219757,-0.0985754805827369,1.07805451943075,-2.90534404911619,1.63080281646252,-1.88599517001933,0.364812468077691
-1.2181688189584,-1.04374586748926,-0.278824040840419,1.10079861724774,0.212849770633578,1.11283941750832,0.802793987362844,-0.567858498019437,0.225790150827725,0.0668505616689018
1.83184340828666,0.226221259730327,-1.25853884791213,1.23626988651049,-1.74340679899452,3.11201072393769,-1.77641138879034,0.956491297062708,-0.747299301294263,-2.14906386148286
0.0921853457014859,-0.250024340186931,-1.51173764049584,0.574787298605877,-2.00258019615832,1.84552305199691,-2.03062811285308,3.65346387226131,-0.642331874629973,-1.27237003553277
1.61103506082248,0.88965766038291,0.127197768877478,0.812117818291412,-0.713697755684654,0.654303099417032,-3.18103058975844,0.87216398830813,-1.38992331191253,0.284589559564801
-1.35968474331962,1.03236775748781,-1.08513998829878,-0.32361051385111,-1.2469640101982,0.200742116079999,0.032495568040371,3.27187102341179,1.35781965372632,-2.31905485577114
-0.670939097930169,0.610122673914438,0.69508540559226,-0.399988239408544,-0.0715819013783529,-0.0732581743290178,0.397898262138299,-1.85121284972379,0.917864852230611,-0.356582396582236
-0.559350706436246,0.241790678093711,1.74131573637877,-0.372504694393539,-0.000430753878180784,1.65859608893496,0.450083431093174,-0.940999439068942,0.123048865004198,1.57607213863385
-0.964223382025588,-0.9963367326765,-0.512518147045002,-0.63860388821218,0.308176956529732,-0.789852077247612,3.99482799158888,-1.4755159805678,2.93208776890963,0.939620937747087
-0.184958033508009,-0.695339859400454,-0.43445935796299,-0.0590019357232149,-0.233721314251655,-0.176806222135808,1.50467704318657,-0.996730537706625,2.46294270257686,-0.427305188970772
1.4992797379276,-0.218129272841791,1.17639851686336,0.519344102259398,1.32124484159557,-1.26383190429301,-1.76404542280421,0.515662064445085,-1.89229637810587,0.860638064463653
-0.32142004104969,-2.25483182946199,0.789680840662978,-0.198297988068456,-0.787267155527872,-0.105354572003313,2.3307949169904,-2.503197390346,1.18601597425434,0.654656443149013
-0.62272860368054,0.484677870481299,-1.21552846245356,-0.308499881465865,0.169757957730768,-2.09024616426927,1.1153053390668,0.55709681774762,0.721667293710066,-0.312016299776218
-0.2957286629232,-0.102795110038198,-0.50066625021729,0.924379052278062,1.79806045943103,-1.305788870848,0.779933796984946,-1.03608812969131,-0.463831827390532,-0.0282691333719274
0.643957935046136,-0.342699879156335,0.543698400936354,1.39234806813697,-0.179932042023699,0.514529608929769,0.0513651239019675,0.14532691588418,-0.486608963390758,0.646740912858829
0.226634132492413,-2.40855550525955,0.016114572034069,1.44261285467276,0.758091178119984,-0.123401007055192,1.68149665492771,-0.469034791065849,-0.0136781799776491,1.38512546937586
-0.837769946855619,1.7427915361254,-0.858877410058678,-2.95732881669086,-0.144355646283493,-1.23705781310621,-0.695967827345603,2.36645840608937,0.537462653631033,-2.7776195013735
0.0190655204228719,-0.959476712993449,0.320063305396635,-0.697964564049184,0.571904650374282,1.45846232048257,-0.203532679958135,0.329602910015645,-0.759581091738399,-0.2358870952238
-0.335893956054605,1.08506137744031,0.627671646770643,-2.57181275590225,-1.07170024530689,0.566467905940957,-0.749356928427229,0.63711999877474,1.35834869911299,0.239224598596944
1.54624760043322,-0.568603667418785,0.764612475539186,0.475552151050615,-0.687472301671777,-0.527992900643089,0.156520441284572,-0.0232228873888375,-0.864092449751472,-0.357001900546621
-0.300658034075279,-1.75361513707406,-0.683799957400552,-0.417511527310157,-0.721030881780226,-0.762442755850374,2.14939519809876,-0.0485410392166347,-0.172068659104212,0.548702113366286
-0.0121969954601077,-0.948781346939321,-0.0370862285644436,-0.636972963741556,-0.731569022453636,0.707567670578791,1.02875649703868,-1.30850320015245,1.46467508859263,2.32189556439183
0.509128919168198,-0.210018507187058,-1.26721588601683,0.256831293554765,-0.100643897318501,0.257204032669203,-0.439641417150947,0.708935724012457,-1.45969909590763,-1.25624735365625
-1.31078767816292,0.605296577269761,0.899703482226653,-0.285319775412413,0.764929141456387,0.767668352094319,0.275716234015836,0.675058729992174,1.0481994121211,0.991143930069417
0.226319131031893,-0.256078725138103,0.722182279167827,0.0406663975449596,-0.622946795062375,0.226753073293694,-0.262799696594249,-0.812745472961343,-0.819700762102291,1.14114017952583
-1.68945355488804,0.281223112345981,0.728882512964427,0.835200802864937,1.02847901277721,-0.231187428804947,1.31236469917539,1.42868649953927,-0.594002987316737,1.38578251984591
0.122408999305264,-0.643459925984177,0.274621644887647,1.31418707745936,-0.772875435851386,-0.380098089980907,-0.995340573101753,-0.698664129468217,-0.566715860900674,0.661660981466488
0.77791079422191,0.00973050097854226,-0.943230771022511,0.75191131471876,-0.728743176341141,-0.0370188129157021,-0.909612092580296,-0.283842761753289,-0.543208383397384,-2.51201087850362
-1.06964151691335,-1.11042682096507,-1.65588912714774,0.18933895062844,-1.45443601198637,0.51195899342785,1.00097022608105,2.00765406849422,-1.43909300747908,0.412995778843163
-0.0286989270331896,1.53177625599807,-1.16674138168459,-0.831255659017146,-0.652317561967919,0.823458132090056,-0.635796533147615,1.05588865016716,2.00930436329305,-2.99675924622532
0.675845805418264,0.436095706839052,0.286418791022267,0.546098105884034,0.144221840518889,-0.165695037957503,-1.05100394344558,-0.879834276958125,0.299172779023475,-1.78626299926835
-0.182939330170705,1.16243409580967,1.46770293160894,1.11865761934239,-0.590309226765546,-0.0934511341392427,-1.53345191955763,0.862466862399744,-0.11314416361406,-0.573312163912965
-0.798782336704057,-2.11969938150315,0.33509625211523,-0.11873368514959,-0.621352505444951,1.08649819660291,0.195725046046583,-0.904137971991173,-0.820222772170779,2.34980786964236
-1.14137484866151,1.63617136203222,-0.816445066871534,1.03491521355645,-0.818543178047888,1.32978236394545,-1.22017666236118,0.967926092091355,-0.261160888071746,-2.08655313858497
0.650424981863388,-0.67971029104665,0.371971643743132,0.363058367399507,0.192901161816328,-0.337818728876144,0.418635087743659,-0.954547946587845,-1.52789260740111,2.60529879376146
0.236221000132543,1.28887942822203,-0.929797716173591,1.07475773052417,-0.856596116304471,0.208028425561402,0.0133159461622272,-1.00344237058757,0.996107512017545,0.325428494125316
0.697795771768155,0.302045605411038,-0.508734810811738,-1.28324427956095,-1.26722340155696,0.556055929625724,0.236767065585862,1.22691219690906,0.825053059016459,-0.815586240783313
-1.61218354139019,-1.23706207680628,0.521482714756583,0.0352939032760796,1.06957098053561,-0.857394344615719,2.80733163170163,-0.197536430677163,0.127316934392251,2.95826032564638
-0.450485461824484,-0.643433682602697,-0.0809119168108154,-0.0758667599025484,-0.123691724129795,0.122267963600293,0.414493781210246,0.70045558720106,-0.614753920488698,0.0644971697689131
0.783918449724494,-1.80130817651677,-0.521142906848444,-0.861689001728663,-1.8637254073769,2.26689730398746,-0.543945837408192,2.20918945006726,-0.640439378797444,1.69254011579859
-0.0838889461966572,-2.39869251037843,-1.25518589984053,-0.493133490745622,0.772262534342155,-0.683426088364757,2.87801378922297,-0.688486253467235,-0.923156674530205,-0.059713842335216
1.81824908213115,0.0941359658308214,-1.60192724889298,1.49229300773444,0.733710909472004,-1.34602105080154,-1.03265170457376,2.36516932935792,-1.87242671707141,0.132786644546258
-0.537105419632931,0.106354505454222,-0.710210833404216,-0.346606609550521,-2.86032905786715,3.57397509230677,0.876537865013693,-0.0844264665288623,2.58132960098675,-0.933494215947829
0.38616204906556,0.44209287090216,2.22524735640609,1.73335766912174,2.60433104432645,-2.6230563521159,-0.484665545699387,-1.56241708386956,-0.576342266413023,2.00736068454377
0.700188226785629,-0.869843432783622,-0.399106879519404,-0.152001842312269,-0.891994864358984,1.10531558756955,0.573940137628073,-2.56720817660189,2.05408431159453,-0.526927000353786
0.384580696351494,0.129626808622851,0.571772066427633,-0.0987096902326054,-0.370135053160158,0.660867819332603,-0.756174430074383,-0.554278299450674,-0.501058098926195,-0.0258925503331014
-0.746456608362426,0.517277537548318,-0.735089485192174,-2.01379379679889,-2.27510339757067,1.77218299337285,0.773038731939491,-0.837109222975613,2.83496121298196,-2.08036588516153
-0.688413446289063,1.22329607532673,-1.15819842075093,-1.48857036307926,-1.39255109239321,1.13392775836577,-0.398260866191031,0.800452423492093,0.653360452018677,-0.449367502031943
-0.976403828470592,0.917845852267644,-0.414911034715726,0.0952163351193663,0.374862686145435,-1.95301000616917,0.652289760805433,0.609944933746477,-0.405295609167403,-0.553309637225373
-2.07104610621993,1.78729401282611,-0.0362694315695471,1.36200193287691,0.72541889496914,0.940332281934645,0.255455351153896,2.15067649515321,1.51721665810772,0.901123230936831
-0.131299639130026,-0.107162780753718,1.29021467603692,1.97515597063243,1.08978968771524,0.945246796412698,0.864506036430843,-1.38874034214346,-0.618997983725727,1.36016350084505
0.922705754913964,-1.2457659373616,-0.0123450133045837,-1.85787014371505,0.625003163387046,0.811918813224147,1.2553711032868,-2.68664917748159,-0.370844395820893,0.709834560518522
-0.0956297717007737,1.23757778574255,1.69653829017762,1.01204830881368,0.945197314764038,-1.86531064042208,-0.519600443272516,0.0298173392046811,0.845881822464188,0.945648780913755
-0.544167522168659,-1.5196187294402,0.463076284011372,0.844666460159093,0.844385505311805,-2.41749137011895,1.76762129427829,-1.64811346245816,1.43815640444538,2.29685559015194
0.587103687359121,-1.01320112766444,0.545182627468521,-0.0157558027285831,-1.10180416243069,0.727302028091668,-0.321160671306296,-1.34400886210125,0.0981747832833136,0.160726271394594
-1.01288316845477,-0.0917719470986198,1.857768700585,0.338527623705307,0.341517233820913,-0.0263343079497668,0.651610881168773,-0.973361389777524,-0.767689121858772,2.39324204571746
0.0831760911935732,-0.677177827407663,0.957755636961452,0.133167135912819,-0.321954230584253,-0.567979474940497,0.378732602898443,-1.61215946316621,0.806454886725601,2.53947556679234
-0.650166663451848,-0.556631095907076,0.565922995528822,-0.307023021321108,1.85190541847664,-1.55950433221979,1.77060571807622,-1.96524859719437,0.335740956295195,2.06186183929225
-0.290764604617036,0.53893876521401,-0.268635168737129,-0.765364500882008,0.271163807606798,-0.777209619866522,1.05642482640479,-2.26411959264951,1.18435312461631,0.455095526964329
1.43039536882862,1.9548197091393,-0.852485591353939,0.0242968465453436,-0.3241887540711,0.214890686887674,-2.96909686083397,1.51138193444777,-2.07809239907487,-1.69778659860625
-0.949090354108224,-1.24108556629248,-0.122349771587886,-1.24516690602569,0.233852757361784,-0.772483612485975,2.66076108096157,-1.15089581707716,0.670934682668519,0.504248471134135
0.260379317757452,-1.31654215954812,0.206390436193024,-0.887984929005905,-0.20981839183458,1.39819649208175,2.14576348457875,-4.88043641929987,0.770103279871941,-0.00948274112462766
1.77738298089057,1.14745337789407,-0.622156832252499,0.535815211225442,0.671773315226906,0.154960250798499,-3.78981252509387,0.795339757580459,-2.05843064821689,-0.574245193795134
0.936880898885148,0.625324064995178,1.28612328763575,0.371850467530801,1.82718306745728,-1.2931418824911,-0.659179083988719,-2.53204058754628,-0.264083072233855,0.245959840390754
1.30340317693753,2.05993015269558,0.117014534831247,-1.07042907836404,0.727008976408452,-1.3568317227669,-2.2140080632486,0.666565983274727,-1.85963912624231,-2.17526465797316
-1.15707456616721,-1.17845829056609,0.155342171850611,-0.105327798802635,-0.270247704165474,-0.626439428472218,2.7211813573862,0.18940486909009,-0.1019117716902,1.29932613349003
0.0837501107134135,-1.90025347736509,0.496487828908855,1.61748785577932,2.46667875425009,-2.51507753077463,1.17919831704039,-3.05003323324944,-2.64727190344591,-0.210869930439442
0.783853115898556,0.599327037341382,0.180532397099383,0.195785864820726,0.483458002754131,-0.245048485599615,-0.161830327963083,-0.231881907721517,1.21347388135171,-0.17342911965966
0.10149665576371,0.993526099397263,-0.603379372930992,-0.524966456069266,0.144671730273938,0.861379897671423,-1.61507207054941,1.54342273917005,0.0201736958959953,-1.64708294063719
0.156405392345794,1.46603072594961,-1.17915365586554,-1.03523178941106,-3.5176449552777,2.99913183634706,-1.00813264312835,3.74418274825709,1.25991669902308,-1.0361372830116
-0.304471711181682,-2.3604555610434,-1.04112679689848,2.03022156872717,-0.198391348391496,0.0573368816878749,0.760838675740133,-0.0735281337252426,-0.952297088413737,0.59588062919927
-0.944180948948506,0.314569689184436,-0.536251764626819,-0.693672164370949,1.07471566993947,-1.14991658392587,1.28924606930759,-0.725157772138518,0.870844759434814,-1.00075463108093
-0.0417775900770313,0.564811621986919,1.48112644559031,0.605601549739314,-0.42725452654302,-0.378029396536726,-0.208814269326281,0.157333501836562,0.444992056379599,1.99600183951168
1.16570312281788,1.48442235793807,0.337784189700373,-0.965820345261575,1.17575325958089,-1.15668862325217,-2.52647317854658,0.524159824828057,-1.33370160056611,0.830366966634098
0.39880447183913,-0.68967546965454,-1.11641900086238,0.533927933095683,0.774758894446952,-1.36075209448134,0.700275433099384,-0.787856353806562,0.671287691243054,-1.38799823345714
0.286840420976378,1.0756847416814,0.769599474850067,0.0426917002154956,1.06195720224574,-2.32781207724663,-0.279746345479252,-0.215107447033467,1.36457865501105,-1.6250920847602
1.86086651085158,0.720405438413072,-0.511136614798589,0.650603773976685,0.275610959295209,-1.29912991215823,-1.74802989573108,0.98407885622317,0.766148412423888,-1.38088787443292
-0.637562785562805,-0.514447830324927,1.42872316923504,-1.22271316125605,0.636001407615623,-0.617319438660359,1.2153416305081,-2.57178143835402,0.369208814540842,1.69596526272088
0.0867759251180282,0.40377047399652,-0.0872315658171661,-0.988310795087008,0.922131229466783,1.80993311173661,-1.5090181599494,-0.189770395094692,-0.797351189195686,-0.585655820643442
0.323705826996813,-1.37649060308491,0.286500513109376,-1.26290608714268,0.29185111992629,-0.0217203365227944,0.775603259377349,-1.10510995565023,-0.0318078900742354,1.18019060377657
-0.479988620679647,0.535095721126682,-0.358466661937686,-1.22722532411746,-0.597627761008563,1.31728141873119,1.19768059923746,-0.36607687301531,1.77599277246732,-0.00119678656726439
0.936828741555516,-1.51712109801782,-1.72323375694809,0.405579280420024,-1.10005341815201,1.90197047580902,-0.49551221149344,2.53866721087711,-2.63999389147814,0.38459303292374
0.741741419922389,-0.509368733682262,-3.34474963533823,1.32319936553369,-2.10187445485466,2.58055933405523,1.24746048430365,1.05031520262633,2.49303567142128,-2.6717873173814
0.380827253581035,0.212923757230202,0.00251636257939877,-0.129489160703024,0.859285208491804,-2.31418835170183,0.726078060720953,-1.32549006881053,0.78828046130749,-0.636822632180422
-0.716483413774772,0.838937781790684,1.23217323697888,0.315934848971115,0.799553154264662,1.66653926936458,-0.812066627398214,0.03709440030649,-1.53629074647419,0.618939219714842
1.10982438342901,1.10321746120456,0.270827695206623,-0.183462558192616,1.44315421606686,-0.805855582534377,-1.50956414845946,0.536867010929337,-1.27393651218075,0.113129088355904
1.3007304223381,1.69987679479376,2.93169079864869,0.471629619500421,2.04123281287639,-0.98898157068842,-1.87319575929898,-1.9543286576038,-1.09403389888938,0.672278748852541
-1.16419950753593,-0.580706639615828,0.615191839720075,0.170510830597691,1.55817241889406,-1.49841324589807,0.434543391326384,1.40615019060661,0.731173686837141,1.33371465712149
-1.42827146001157,-0.46292468745129,-0.616628519024057,0.805481946059957,-0.595029902850049,0.0227127554901036,1.52737729894102,-0.30393061951458,1.12917266962137,-1.04725087932357
1.26243367219654,0.37975953357261,-0.203781852207223,1.15765333924036,-0.99172442940333,2.80430368219073,0.271215698351475,-2.82241928330047,2.36180250532604,-1.58489502728065
1.10376854962373,-1.2625106304179,-0.774686833173765,0.195769457898872,-2.27417347243098,0.490257791482018,0.907725404988887,-1.3142266499133,0.679580471966556,1.70362243799802
0.167763548162343,-1.04595756392931,0.352160105492154,-0.969141436271893,0.241795527079817,0.121149690850037,1.89877496144836,-2.00113427914218,-0.397792197493415,0.869232171476418
0.359637664497974,-1.63127996472756,0.179119270494484,0.774446319182854,0.942230730535795,0.0887857357736462,-0.419420409735645,-0.925901707663618,-2.14420832135569,0.27582810403321
0.379893140852738,0.617841790532154,-0.275430634501263,-0.422049861114274,-0.0031955893744684,-0.949316325483984,0.338180132853808,-0.811428683996759,0.72174913390363,-1.79555219514639
-0.664210590683376,-1.74522999420525,-1.41950945008779,-0.36243298814039,-1.90201982433757,1.70206053843269,2.7436667010762,0.325189096043447,2.52677667699242,-0.834439238565731
-0.59442242781985,0.656651203098267,-0.269772759010291,1.46482837801817,0.285570947428154,-0.416642531514991,-0.922249269357409,-0.765543718264378,0.515686056297849,-1.86550512494143
-0.207381090879042,-0.996563354067768,-0.785235440490698,0.750397781963455,0.518822848629463,0.367072592003788,0.272576250136765,-0.921482383943417,-0.541111109629402,-0.256229418129072
1.33053131671004,-1.36338099085547,-0.727783259757032,-1.34466253423826,-0.540563714845405,0.811194399231858,0.3302833244939,-0.00840723176545197,-2.59340177170074,0.389785062891091
0.495449802567324,-0.806395378242569,0.651191538154685,1.85004106311974,0.269138859414767,-1.73864258399188,0.257982291387803,-0.645923145242095,-0.719024109369572,1.03875376874121
-0.0708911066621995,0.0136118032595582,-0.691881252355244,-0.272900457245405,-0.807955369407527,0.452520672431593,0.2845286359481,0.376445838505447,-0.680821050687691,-1.13004588159859
0.0827890705767048,0.547764586841639,0.448903404287631,0.537159140756279,0.804995800905245,-0.0873561758669773,0.290912959671256,-0.91802041882011,0.427131854907349,-1.39761122626172
-0.283177865722717,0.266212064266465,0.907890296229699,-0.539425655281298,1.86148116857036,-1.66669362097037,-0.345181746519258,0.183523146528479,-1.55699632090131,1.07131066538982
0.62755741591329,-1.18997313758653,0.489082029155831,1.57813132962623,0.882875458855379,0.173040722479147,1.06060437270854,-0.997251352315578,-0.633244681381362,-0.0226406535531181
0.26434502607116,0.548881888283443,-0.86239961456749,0.0983739892945222,-0.161754856947002,2.2682664128655,-0.118093833673715,0.362680173728944,1.17694523491178,1.00202034532267
0.673899802120445,-0.77725598492012,-0.382127253482424,-0.867132368359326,-0.0442168724920702,0.107940243884849,0.221613043747992,-0.174612970325939,1.03416394647951,-1.28251485292953
0.103636312599599,1.73917767304107,-1.54304064401442,0.376679659468435,-0.349051091646927,1.44835719893193,-0.550305977244906,1.10701520819397,-0.808684287392854,-1.3565709917774
-0.71506726203003,0.68515235983654,1.80496434182251,0.0707054711638259,0.8875085591366,-0.260749961315787,-0.016524983553819,-0.782670040535665,1.62706801514182,0.809491207272875
0.803414845236986,1.26710400775405,0.606526973827029,-0.616349572703241,1.67108930934184,-2.39092994603362,-3.30820030461282,2.21453640236101,-3.77208841584712,-0.474060149392954
0.383032491006635,-2.12529819242411,-0.0602813790377533,-0.168775923495057,-1.28299488304727,0.978184593898304,1.34471666257669,-1.15046248362086,-0.838230232870056,1.18935575609029
-0.418597765913518,-0.782310810938858,-0.393217687065638,-1.04427419238798,0.80418472058914,-2.7565582751216,0.245426830940809,0.867671351747513,-1.85673693925252,1.21418005038584
1.26084525642001,-1.74846210003773,-1.51767486148373,-0.561931248014572,-1.34192485316768,1.68954616582319,-0.00795779525592169,0.424396548655168,0.733755240499759,-0.14630088907313
0.470445921043174,-0.654661065326845,-0.735633579495983,1.47761915954244,0.327635409514106,0.0548760857204206,1.39591714529372,-1.28273129866278,0.0597495654261758,1.42795957732318
0.165563074962169,-0.887932827164535,0.232331266011323,0.832567217336788,-1.01921644923094,0.603796710635272,0.333658945947393,-1.66957157209466,-1.66793757878666,2.82993008614096
0.0930283856658513,0.43056809886636,-2.87546650059888,0.857347676806167,-1.47128961781991,3.35868929351729,0.389076084036753,1.658890015976,1.50217785968466,-2.18961149087053
-1.13703374127572,0.748686053564121,0.281806750915589,-1.28406306932577,0.00132988493968933,-1.30606075857163,-0.538506663554342,1.64403020910439,-1.1825860524703,0.0800911150538072
-0.398981677901109,0.555815391364597,0.82238295955239,-0.66377733937012,0.592993835904766,1.37144267964351,-2.03334457341329,0.872149320722476,-2.69750753739838,1.50927320830451
0.303386894875515,0.0757453364327614,0.213336206034015,1.85805677323068,-0.512714302689947,0.804844550277537,0.456604910426098,-0.785269041034955,0.802906402825016,-0.787982927769284
-1.56368244169476,-0.94347743933634,0.190648126736258,-1.58079740034423,0.301522083346896,0.568696672867775,2.81687866987735,-2.33386135439175,1.62587808781086,-1.65843680762655
-0.44795466580094,0.733590429090956,0.319702216262636,-0.0810178286775868,1.48107120778059,-1.57242431293126,-1.04552671894308,0.859527378903108,-0.630866098449599,0.241095669382488
0.251163279941432,1.3919295184361,1.01302095159219,-0.276202703166834,-0.0878291648237636,1.73289564820944,-1.10044753292326,-0.0311521982973462,0.634759582464136,-1.04653665176203
-0.518760048041179,0.274739175876972,0.30546943878038,-0.512689229446489,0.394289575922656,-1.60352089436096,-1.45989302269975,2.6721471462039,-0.0795945394641678,-2.11746625589323
-0.145629564693174,0.655658955521657,-1.35505383883457,-1.43869358332091,1.10956702161963,-0.742816611505855,-0.45716651661831,2.12990340436724,-0.971060739615162,-3.65455082595112
1.30245797754697,-1.31302631234135,0.229633508464255,0.0423934984719891,-1.62178099991356,1.15622333574202,0.896526508334922,-2.20265250467507,0.117517900443721,1.26968713236381
-0.59663089598586,-1.20979554857533,1.04286694810804,-0.529793512192764,3.13099336868846,-2.65684630076895,1.020343242221,-0.462079105127968,-3.27924593276382,2.19392958570954
1.37783266715474,1.23685776378451,0.104848054302309,-1.0994306280253,1.34070763084128,-3.39270275504735,-2.94885416810243,0.82161210570481,-2.11338737042482,-1.84765065023005
-0.940722328991454,-0.591377043876599,-1.29072380680754,-2.07761584156398,0.684632913006738,-1.92450395661841,0.369592460294238,0.05285409242714,0.552799311341316,-3.22839978025811
0.467802758756909,0.261476502892166,-1.16668105546912,-0.683480979309363,-0.449683624350291,0.909083837592674,-0.823484557436593,0.276877285161567,0.610453336828865,-1.20140630029293
0.140267287364685,0.561908160747554,1.53970506007775,0.870820557484471,0.962517554694494,-1.96756550353273,1.28956659603504,-2.14271802882416,0.957745561900585,0.170281435907797
-0.705219990806635,0.206437774994582,-1.68862138889847,-1.01210974864695,-1.08848348919353,-0.110868523511523,-0.852963443747392,2.00106758516892,-0.444839492652431,-0.0191781683629864
0.609704721158501,-0.94712347201669,1.24453263549072,1.41475391660035,1.09256832295905,-2.28265057959049,0.094564380879143,-0.693015501023031,-0.0151200576517345,1.27080692375303
0.437704058251381,1.2399662070613,-1.10850982692008,-2.44547823509027,-1.59721898698731,0.882871033180276,1.8103230786232,-0.580941892358418,3.56967890519878,-1.60684543454618
1.3236541467178,1.63206133387513,-0.727977060753451,-0.356648429395319,0.53252312572981,-0.662358202076603,-1.18862634354959,0.961188846739913,-0.698942431124816,-1.88017472100864
0.381271053672293,1.10725852536717,-0.813534857454578,0.167009229137521,-1.57570802801858,0.501089695791617,-2.50280700580957,3.8152211699289,-0.779787034485747,1.11075905967517
-0.188297968579952,-2.06801903593165,-1.56178773542354,-0.56352947603799,-1.4717870335976,0.262014889239949,0.820108770020961,1.23747068768586,-0.207247822008056,-0.488240037748029
-0.0601452840829352,-1.34389744461306,0.293446683193925,-0.902787180531924,-0.363081183140345,-1.13460344212859,0.366782476285771,-0.802501848966815,-0.689948254140323,1.11476727348742
-0.746321801365358,-0.438570566487836,0.507367485769022,0.219655813830636,0.663852822490065,0.582503140720686,1.98137187240259,-2.32597325893156,1.70536886197399,0.521357803977053
1.82824710034937,0.336831170954421,-0.496553784954682,1.29029829444256,-0.816834868731863,0.884494308276358,-2.98641705877409,2.08185679366483,-1.23068012815085,-0.235614338805575
1.22318689054361,-0.79112319062657,0.167052378766481,-0.311612074032868,0.902945396255993,-0.664241171663913,0.704133485420417,-1.43635017332007,0.0875001780030135,-1.682522049553
-1.20733809834294,-0.785291953260902,-0.721226877015045,-0.0261889835135616,-1.05441624615388,2.87919005248848,1.61650537984116,0.541960277875133,1.43434611865511,1.21705676080827
-0.343356004526755,-0.40269484958285,0.171618809853338,0.945853187688984,-1.53845181653864,0.93686501382955,0.0816782195640775,0.204648197941656,-0.0598992114426425,2.16212195428891
0.0997801032201046,-0.90164610933804,0.3833836941986,0.784472144536375,-0.887797353085436,1.83550947952772,-0.980629321104959,-0.772568843873109,-0.0326872061532491,0.151673480826923
0.356241931505023,-1.79696369828023,-0.562940339286131,1.3655061490479,1.21381086154926,-0.597481689069367,1.14276565831195,-3.09077174443657,-0.0214523383100634,0.839384544480971
1.09499745098782,-1.92925648169265,-0.817196784329262,1.12787605554716,-1.04247003469891,1.03492858239987,0.530197401358257,-1.75129980712655,-0.868987985386294,1.17340912940995
-0.469686646403364,-1.56821738247359,-0.000132261185915278,-0.0921128759710641,1.70397498567792,-0.302880552456582,0.712759292427686,0.105995240477079,-1.15417403144901,-0.452019042731192
-0.331126061230743,-1.01517633611023,0.85876532112569,-0.912498361547984,0.637146552665106,-0.567492364252997,2.53967877301427,-4.07804608901208,1.59926283265118,1.13262580182273
1.01662722204792,-0.070902634704726,-0.310480442096624,0.06767778277761,-0.580303197856441,0.887748019235707,-0.872825462983281,1.21850949948325,0.365495971199715,1.19501122331
-0.126123598385221,0.459805545588828,0.112548123664212,2.63060436548207,-2.1800242814551,3.245951552096,-0.302816760043166,1.30580600768656,1.05665661625545,-0.841875013423888
0.551756169253631,-0.965411301826211,1.61793816554077,-0.544680411322839,0.746411109835069,1.22208133720631,0.376937483734239,-1.61230673478771,-1.21336733724365,3.37058375806308
0.820934568936432,-0.616410017658394,-1.75276596471371,2.37151756487043,-1.85194774405852,2.04440904471005,-0.339562831815859,0.424480667917324,1.61429726484171,-3.77241887424441
-0.597720412854364,-0.372788509422545,1.38655466053713,-1.75911212106928,1.48907062190473,0.0291749186736075,1.19344757923611,0.106029472895573,0.176427667460853,-0.850240796784462
-0.318913595019449,-1.74580573536171,-0.242720149524246,0.667538874991625,-0.59350702465508,-1.99462309137617,0.446590200210492,-0.850393656083936,-1.0926404767221,0.472203522859908
1.36122811774275,-0.476314544989979,-2.44818174540417,0.222965955017571,-1.23917509942725,1.7055536405246,0.165780641856179,1.92811806926526,-0.542522730194767,-1.68391341332922
0.476218825638716,1.05690326348935,0.0578903753754196,0.0299807219206845,0.485412778299361,0.337239982661465,-0.475160235421975,1.30976456687228,0.0672496767261783,1.46064597180979
-0.222760953972299,-1.9574442589758,0.829503792969756,0.507288184253927,0.152411127514167,1.06739639649901,-0.27066380237201,-0.799631065921405,-1.34467340998946,2.51189135204305
1.64148704865638,0.190702657802796,-0.141374670770054,-0.305051998986279,-1.00433313784877,0.105216555413371,-0.814145187185997,0.0730160130671545,0.214350097587151,-1.30702213362298
-1.33723138745376,0.285302557548552,0.173859416688175,-2.53660064797718,0.44292271089498,0.490423495628547,1.14004673400562,2.41189790832656,1.52108398356303,0.937056944023327
0.764798259905908,0.0298293309623086,0.253361970066375,0.278847578993455,-0.264763602425184,1.03930758285385,0.318081848753655,0.691627915458466,-0.620464253677082,0.417890242392896
0.258454262263094,0.197372777814319,-0.866983785692842,-0.928929169059898,-1.8185559865075,0.106395708831491,0.600562082609258,-1.31633320776535,2.08947034824931,-0.11956428672355
-0.384474399910427,1.28121413212357,0.538949649520399,-1.02217244354011,0.580586339948855,1.12508543935404,0.344957897572132,-0.988974070100164,0.472986430681008,0.786569994020675
-1.95556611962988,-1.83905820587253,0.172613386806451,0.156067041223795,0.606103194702886,0.643653785277765,3.51663659362291,-1.7783320773413,3.25919912301032,0.735980694333221
-0.365653637618958,2.11951815943813,-1.81566183802659,0.438965670480534,-0.597960945386975,0.128631469473877,-0.354032074531915,1.44396414209414,1.37057525420797,-2.29176682535822
-2.5495374994728,1.36419659879618,-0.0904413478227973,0.0197660256156356,0.133612608322682,0.859046588915807,2.31361170113684,0.228074665263182,3.38363171192612,-0.914769192793041
-1.06878650094581,-0.165132524852834,-0.502084610431419,1.06602376325788,1.02358096309284,-1.5578743938745,1.39228833110955,0.741955737429794,0.275987299172328,-0.789178880240034
-0.420535094583513,1.8257975108298,-0.777150865461109,-2.05276098440354,-0.467959797105299,-0.329671636450037,-0.895442592640689,3.78753425031515,0.39996646080202,-2.42279403845585
-1.21308728336601,0.664350301196678,0.256358741350002,0.692499491831915,-0.164433260293971,-1.21242339240255,1.33372335344301,-0.251029851471484,1.5539709141153,1.07062038118302
-0.435961393317917,0.673827291376029,-0.201177280327977,-0.143016436392275,0.0796052092316132,0.188331832307266,1.811972237949,-0.714036565103536,2.10430347271342,-1.40499427131348
1.14613702964746,1.24709707977215,1.65237596184986,0.36803280740241,0.723908029089756,-0.698178955110199,-0.989581349165777,-1.34852257326645,0.0993367422609984,0.917625279661302
0.810688516140821,0.441118014939019,-1.6985599778043,1.83028469853982,-1.17070217873903,-0.639873205717317,-0.57843288616902,-0.275445035199115,1.84903851179199,-1.06751306560865
0.973141562044261,0.856895528578175,-0.0330350461644221,0.431560215889738,-0.298068268395513,0.298773269393705,-2.87207997047145,0.602781020520434,-1.34213304110845,-0.284693426391739
0.491166039603931,2.12028226884809,-1.46155734737112,0.641540416710745,-0.978988009188247,3.21188222233553,-2.12971951784304,2.98717287505575,0.29054297363903,-1.95112053700378
-1.41569901248544,-0.230125693650666,0.570291311373005,0.243315610428509,1.68929377307125,-2.19696920868056,0.0937073284690821,1.3797550982215,-1.72095589434125,-0.485915780133958
-0.999201443897951,0.397625368432809,-0.941355465596708,0.205402386971323,-1.15308327046175,-0.0282691927119973,-0.499860389578617,0.977847174791636,0.8259230891747,-1.92282547227402
0.719661205074861,-0.401776735430225,-0.00526398958333674,2.18962492448935,0.200710663476692,0.718674480221022,-0.399422131207033,0.0110334701508874,-0.00643949601698832,0.844026618839334
-1.27175083466333,-0.546841887024809,-0.147191241802566,1.83485906192245,-1.67519609865612,3.53986449457317,0.943420647966469,1.75009156589046,1.33775808619123,0.906407278672374
0.467767773452252,0.487027250395839,-0.341877955156346,-0.219568915050116,-1.09895365999639,-0.388128256594984,-0.452467941288854,0.998548987865041,-0.474452760368058,-0.354852525527912
-0.584019667568754,0.408126066059063,0.192903998049929,-0.98805447150724,1.73850919645679,-2.00034864176235,1.12361936342188,-0.908355241821258,1.14190878501889,-0.713007177932884
-1.17802267066873,-1.2913613061374,0.438085572330805,0.165245295770483,0.441053714705111,0.492895063736403,2.32481298676869,-1.11042666226193,0.36783698800497,1.74714489481621
-0.78388404455847,0.241653736398722,-0.730219795392128,1.82105564159521,-0.710244809897665,1.35961242664011,1.34736802425223,0.270363689016292,0.671802171632386,-1.41851619533435
-0.641773599311884,-2.16032136297907,-0.462975180068723,-0.540399595190036,0.0855808923452443,0.487690923752384,1.88355729942583,0.897142886802366,-1.52464648839482,1.46626082288574
-1.72561786885524,2.31613901817051,0.196578014731316,0.210363521549059,-0.026899351456424,-0.425934566591743,0.491466640305058,1.56714595556039,3.53399905266352,-1.06498409542228
-0.590623770068408,0.557394772372573,-1.33115446692234,0.309752717151273,-2.55825628470944,3.13790090283429,0.661220691200067,0.134606412045747,1.71714881409062,-1.41946406336807
0.00618629129404877,-0.617352220248678,0.329079987522374,-0.907194996059473,-0.678135937888701,-0.498047117079851,-0.665514934485931,-0.242378846477461,0.350073162616114,1.21017198854633
0.16570504689596,-1.11742342699085,-0.108511131294192,0.0210619042443679,1.42274664179924,-0.358252708674263,0.0393004925806801,0.263690358642046,-2.01106320984141,-0.0233816890955321
-0.105118938301199,-0.28269671370728,-0.202672684640117,-0.68436476674061,0.709913031600633,-0.557291083944166,0.429708973549367,-1.8515058517414,1.04333762094267,-0.939811037286827
0.193457055640983,0.485293120816592,0.461628191220006,-0.0538511303168946,-0.621656841635811,-0.478726580560355,-1.38559108711684,1.05517105050554,1.41162228259163,-0.55072075242273
-0.270103876595711,-1.02518159810134,0.447496905507534,2.21215388862012,-1.06451780753273,1.31457363300838,0.390093268172336,0.207843110849604,0.931269443836397,1.61463391141475
-1.85121343099864,0.247550147398958,0.563091406813733,-1.64452979016783,1.92612897944845,-2.02781656502905,2.57505376267276,-0.94607063627176,0.0175422530015083,-0.786058648925922
0.57149324697589,0.754650899984523,-0.0771015461097251,0.437438893412132,-1.41905471030627,1.16870532433336,-1.20246403723285,-0.538238523479099,-0.00999425926821631,0.210282674166711
0.741401876735433,-0.586872760779751,-1.31970612480922,0.913858882258477,-1.31957263753288,0.693672945524312,-0.666400324230704,-0.116966452983696,-0.834476053497896,-1.04958910850812
-0.701522208951347,-0.747179784682851,-1.72849877590893,-1.23646259756375,-0.620303743927904,1.36572720594114,0.95101618946495,1.13572233807888,0.408336316810291,-1.02565717533831
0.643520216517276,1.06116103296383,-0.543262887651718,1.59235111127265,-1.44166989048343,-0.00956408638908185,-1.62220177798529,0.257906000769037,-0.273760715469689,-0.568922875431075
-0.598404033312287,-1.16093515209375,-0.173401321550401,-1.34919188239607,-0.37751369307296,1.06207659299279,1.20981081893936,-0.610859588590675,-0.394937639954892,0.536194774234758
0.0733647708747119,-0.211972439056345,2.03948759786346,-0.412479185671679,0.809157721294892,0.205988969567771,1.01299341363389,-2.68673901315915,-1.26794461700218,1.01474451415996
-0.124856863120596,2.25606729737209,-0.45590920385374,0.956577134859471,0.541914833995257,-0.193392702029907,-0.397269705543046,0.035556569515056,-0.698348656088811,-2.35965396785737
0.795635003891956,-1.28708815143032,1.42219180578824,-0.351927847208067,1.05354105599679,-0.733287235194552,1.27424697407936,-2.96690949293967,-0.746910061195266,3.10278250549425
-1.03037949373415,0.653592212517107,1.70678290457972,-0.359674838554691,0.954812168069797,-0.119923742590521,0.545597377439921,-0.159905612617158,0.189473541885507,0.394583632486111
-0.354068458535972,-0.942740382147734,1.41087637018637,-0.743704786065195,-0.101476817189076,0.268241653666006,1.3588723010684,-3.05952174948037,1.83310753540563,3.1575123296518
-0.370667215910536,-1.33595796537263,-0.622545653195528,-0.381634553210995,-1.24866634284966,0.129708192525867,2.35560800054527,-1.0343706691637,1.65389040673219,0.459909335361412
0.345412956804941,1.2719835084443,0.0857557269718132,0.354439654920265,0.374512619760739,0.104342841374681,-0.338348184198414,0.692466350415133,1.53609532766132,-1.29173014855294
-0.829846958574684,-0.243631996495455,0.650585018401881,0.728992694383649,-0.10175967917428,-0.697044839560223,0.396010167396514,-0.127029446704707,-0.502680553879553,-0.511102232545383
-0.766221910987063,0.507080673999734,1.56253784566661,0.130062304348391,1.57548293689162,-0.867167628159919,-0.179387330267092,0.0843775142478193,-1.16987138457749,2.08890906826382
0.558916618218903,-0.944399860713482,-0.683393770124828,-0.0343162347769616,-1.66211316510863,0.917705563909276,0.161198705101114,0.475804384937079,0.199803647904549,0.857297816334512
0.0417114811597142,2.99132543927739,0.518599421161437,-0.909076930965048,-0.603581609913496,0.700583753034053,-1.64327715656213,0.607962692966501,2.20851432969998,-1.92952694383968
-0.507072014349726,1.06394807482025,0.582530068657335,-0.0629318848443217,2.28156047045211,-2.0889258610516,0.221063893344425,1.06650186292454,-0.453160715150103,-0.64402247991421
0.332002811970806,-0.193704252016267,0.711719317539134,-0.898475883637408,1.32463996069111,-0.639124122455603,-0.733039753842089,-0.163720496510199,-2.3039956933928,-0.0548209788728198
0.856682412593185,-0.097263322093446,-1.85503111162715,0.17721419617243,0.533362880822443,0.485476602565785,-0.0488479157513124,1.30947789022329,-0.216536226779477,-0.76651538027241
-0.107806871634635,2.03888644402488,0.877187521121241,-0.908229601354901,1.10811644828804,-1.15601161716285,-3.18625146886354,2.65064561845721,-2.03760070104678,-0.680819111891983
0.172937600626371,1.10270811898195,1.09526277409879,-0.908062520364509,0.141756852591895,0.555297565253107,-1.80407979420424,0.215940682787826,-1.38079586620831,0.864666918647408
0.490135593021619,-0.409910169857194,0.309886597588962,0.226697927829924,0.67283382063194,-1.3749967608547,-0.644724805980119,-0.541072705561122,-0.228379416050646,0.852439791916279
0.669591624946771,-0.400736414160487,0.15366607817258,0.332026078576629,-0.20163316425008,0.341167073587311,0.92761537502446,-1.98913827469443,-0.37965156125109,-0.160607281118614
-0.566436992100324,-1.33581363859031,0.771823255063918,0.377796041782903,0.634885525284793,-1.15003511041479,1.6283538725954,-2.49798265456075,0.626985112262484,0.594342855436752
-0.80854453031903,1.50037087737693,-1.21872494203066,0.40750358261796,-0.882468191346611,1.44821065290394,-0.0969214166509211,3.09793492302626,2.37624641600595,-0.971399126618646
-0.164968535146802,0.675261952756406,-2.49486325452754,1.18475991333647,-1.20062321689785,1.31029261165531,-0.773836604588992,2.74534603685446,0.356885557685537,-3.14200353182535
0.21443457584858,1.11357375555247,-1.27219625676306,0.221961077448061,0.129304812137963,-0.555667716665567,-0.514842826261326,2.12436951936308,1.84872159231652,-1.05709616526973
0.837341069744328,-2.60659321603381,-1.77904093269945,1.46185526027014,-0.870211632461731,0.140201106178568,1.4653056175766,-0.37648917315077,0.460040441367916,0.598433631529796
-0.939032792870715,-1.55114074012271,0.0395787114199314,0.423199045998217,0.168100203475717,1.03961355079763,2.49184678716353,-2.02460611886919,2.20883331862342,1.73167400840675
0.497136149528932,-1.05239497238491,-0.337462765214872,-0.999191194334477,-0.419603645478723,1.0739207497877,-0.887662542767887,0.398833397666074,-2.5504036765025,2.31309836187221
0.614697747711446,1.62858792708195,-0.989905074602184,-1.28170348153677,-0.60019771652853,1.43332085862639,-1.96322867915078,2.44839129851568,1.05032380272144,-2.75198606208778
0.344959365595528,-0.678797511003939,-0.909424109734699,1.8032289113531,-0.759773730069185,0.346301827532213,1.02836109191784,-1.20242189844176,0.304366968121116,0.577457724373626
1.18458756072451,-0.575570556440086,-0.654838714175792,0.238455009809932,-1.67738455225159,1.74957958338497,-1.19976536990531,-0.638891342743988,0.14176088922601,1.51184552191462
0.0742993402263781,-0.492715286611465,-0.404772045058814,2.62515642318417,0.361201546368772,-0.0981752861369916,0.274668819111202,0.618525629872209,0.000458640137058495,-2.08139580049465
0.140880611706265,0.285341871008481,0.765980649724625,0.126431830268755,-0.243724062153565,1.31422757221032,-0.78634380654888,-0.0486901214031862,0.165583410425191,-0.392078481433263
-1.45629229439789,0.382477543610837,0.378630725133835,-0.181244030483372,0.228054338133009,-0.0724344847168927,0.810494831129347,0.586694202791916,0.92508179020985,0.403205414934525
1.64787041528512,-0.076985902780943,0.655586126765263,-1.73025423906282,1.26336868657287,0.562180750184224,-1.02092658838828,-0.346770567615111,-1.45206559751741,1.28062952613717
-1.95076464090207,0.905706457388163,-0.466076721392535,1.22229010046217,-0.391014810072436,-0.217534410836908,1.39972200848793,1.50491199559874,0.259290219650575,-2.72649484977327
-0.999360356964703,-0.0980257535960017,2.34033658583119,0.111271319492442,1.7328254555243,-2.35994434212769,2.29586672045239,-2.4331925262311,-0.741032848261431,1.69728604015364
-0.0164725969648605,-3.33497939909184,-1.81571901284279,0.212011111877695,-1.3681200883602,0.837670486605411,0.273186007143037,2.05134915822705,-1.69093493314679,0.571358711821261
-0.17948680775762,-2.16213612215563,-0.226777509258423,1.06848097599577,-1.52454934231106,1.58752551111869,1.19892172973883,-0.899603123306012,-0.829988748750664,0.815955817827407
-0.376789625179175,0.845593537888046,0.228536883444429,-0.581731908402915,-0.452142885659514,0.661952879674714,-0.0442776050693382,-0.37770798069569,0.688817302406032,-0.75847223902092
1.33451344355354,-1.15922676524138,1.41984161121302,-1.24498978473079,1.05726820316875,-0.890034079763638,-0.261504285108958,-1.88693726729271,-0.222435153642932,3.31773059467616
-0.542803853944768,1.36258631084111,-1.23093506041808,-1.95512126479666,-1.10311332159005,2.43134309130788,0.0134404514732752,3.01011801825107,-0.0820683795399157,-2.19139116581204
-0.114345666350407,0.880592875836002,-1.22765474597821,0.183489079137201,-1.53395645597349,1.29734738604775,0.296116345547917,1.10613280588779,2.25045467922963,-1.62141373773354
0.44755290053503,-1.23231446102924,1.71681166348579,0.221911625302019,1.17217739872574,-0.913749324839865,0.127598659486865,-2.70841314308376,-0.84128081188604,0.346673594126629
0.110858353480446,0.174215431349268,-0.873863515270047,-0.288568865738763,-0.523098428810546,-0.164980419287605,-0.403983658146617,1.41416394880029,1.05563719657948,-1.34459180132006
-0.902327138944733,-0.840775952282673,0.630510260105254,-1.87039592854226,2.14289773868495,-2.86650621208113,1.00334109674444,-0.32038184555295,-0.389976119223342,0.0331193595805745
