0.0748191082805137,0.0549507286766377,-0.397953534818308,-0.901942524325361,-0.789361160148803,1.0100555232956,-1.22622655247705,1.17022013768196,-1.31937097061599,-1.3080938346757
-1.82594535885333,-0.440642367651655,0.257980874657204,0.302538020051033,0.367381639368685,-0.861827091376584,2.8638964190041,-3.41186546465704,1.53574717232759,1.15843465453623
-2.15620149381106,1.44322660105957,-0.0903061158732639,0.760448320236665,-0.221406515950526,-0.458105686066497,1.91401731586132,2.40452753955186,2.61354140475249,-1.62770408862931
-0.299996899163047,0.663740679638908,0.886161554315667,-0.49359952006476,1.1062009752816,-0.218631033443926,-0.945429467212766,0.75239100711739,-0.920506079752047,-0.0738849210878752
0.419183714917664,-2.40586848653459,0.58065799703656,-1.29569191982849,1.61057296531048,-2.2082286389971,1.50423796945959,-1.20029571295706,-1.29117808963721,1.07023085429127
-0.930994502382943,1.80811748819355,0.022117476890112,0.707096328071795,-1.55714551320316,0.677659381645982,0.091987039926045,-1.32870164461146,3.18282258820881,-0.0615850126612514
-0.724759034991719,1.75180583520286,1.48554680275705,0.455303930975182,1.01810697587818,0.275941936801555,-1.23780297576437,1.83143566995058,-0.253731365291451,-0.341548304435541
0.962989108725222,0.474942892623587,-1.44562358830788,-0.199157962565303,-0.0611634335128412,0.192685983781512,-1.93525650665871,0.950509713772276,-3.08355270772881,-1.38153618847716
-1.48559978872708,0.0879007214495622,-0.0401232757238332,0.93512422279387,0.664546470811733,-0.385969038300063,0.198378699444332,0.29298548465702,0.310878059183369,-1.34766325684997
2.02444999202703,0.696396482432097,0.286230590466705,-0.206685741183123,0.772027054406642,-0.0351871577739027,-0.649096895580595,-0.799484188601353,-0.208693010891873,-0.474608254727047
0.71062922651841,-0.726847313121746,1.07460200076875,-0.552886475009915,1.27301311926287,-0.512797985171879,-1.14139726314083,-0.012367058523685,-1.21480118518234,2.94314133487761
0.58233138161594,2.75980766264849,0.535096033925797,0.773347417453179,0.818401567533909,-1.07384513128848,-1.93534681674201,1.48689090602722,0.231917010820268,-1.1982059023717
1.13053114277987,0.0623360579119618,-1.61541967675105,-0.19559542999747,-0.568256622230207,-0.0547314275564643,-2.44563042069795,2.38508783646009,-1.62072337697323,-0.811215574943935
0.0176979177678724,0.0740558635362694,0.85629091685954,-0.819954740098332,-0.458873938524265,-0.543926851790685,-1.15429666128418,0.512956079110526,-0.626075143343306,-0.578432932334251
-1.91274323860635,-1.45220958615123,-2.24642274530086,-0.650663949597568,0.856877160174511,-0.472334363322149,2.24706733688153,1.23853740161847,2.26866356282642,-3.04632463346639
0.489230788355312,-1.5147091650475,-1.31360121028641,-0.710491311250326,-1.07621653646009,0.202300442420974,1.25576457534774,-0.96993350551922,0.223970746380019,-1.10748956183197
-0.519156146925787,1.34266763898704,0.330042239359918,-1.00398084840024,-0.326071799434998,-0.0892137642217108,-0.439542009470467,-0.580427156360926,3.14800309844278,-0.715660854212213
-1.29065645730766,0.788768156300555,-1.51659997617808,0.739748095551304,-1.64254888090098,1.8425134166165,-0.976966622188457,4.41184542285799,0.328739257883038,-0.922875693551569
-0.396360495980998,-1.14448001197228,0.253114281029592,-0.716948342291661,0.0768122294853567,-0.489730612244811,0.139187220062843,-0.139274821266468,0.25429116013659,-0.0576247240804839
-0.786288122373248,0.544961645534064,0.0636169309470017,-0.334448143301944,-0.84602110092048,-0.299963093409506,0.694862908971081,-1.00627987507969,1.55008824380335,-0.994634777347841
-0.576745937941287,-1.13187859081059,0.254436699701027,-0.580348635146104,0.218433248453654,-1.71648904800406,1.16783249399115,-0.325900643693185,-1.50820923087427,0.475265000466452
-0.139782333543829,-0.180492287183143,1.03608123204988,-0.342474275768036,1.24502056464473,-1.72151953764633,0.894359470446733,0.539960607485532,-0.498050009169713,1.4959796854891
0.245396529192374,-0.818590368135373,1.56454538863107,-0.00838468243213648,1.53557185184943,-1.51440650477944,0.612265034016164,-1.56710653008823,-1.75294275569301,0.363865632455234
1.4422187437893,-2.57938997899605,-0.196406742958188,0.573642254103252,-1.06321811658715,1.43344380721766,1.54542941779616,-2.27015287386304,-0.655251501711996,0.0846900932784809
-1.01831739886322,-0.249885546619184,0.657217187568366,0.0710521195816066,-0.220988723096154,0.910701784936957,1.25772883789312,-2.19718423091593,-0.264773428541029,0.830415862092328
0.884158063693458,-0.204111426014868,-0.0647088159340513,0.37522181234813,-0.333373201738994,0.886383002319081,-0.310335301735139,-0.0715067189308939,-0.211253066392653,-0.698899113718973
1.51179588463658,0.165218920492792,1.39335885598825,-0.728735109150876,0.75358771986583,0.0341954865798155,-0.795857092580576,-3.35077919482605,-0.975635432962493,1.21527387365148
0.316994146675004,-1.42391621073873,1.42463411341849,-0.393727756720868,0.36789035308327,-1.07177930606347,0.460452104762318,-1.69124473664046,-0.0429266340119987,2.08256902335011
0.315281993143387,1.30040853113322,-0.112126169497823,0.175495150887857,-0.250133854362884,-0.510745529001428,-2.49132416977701,0.828080513530132,-0.00204077215552648,-0.468748375959479
0.464862838450591,1.38008544854627,-0.715679959698794,-0.140791894675327,-0.49347719754206,1.42979144195416,-1.76884251060979,0.302093031269356,-0.547245070489996,-0.725744314513335
0.435818629312521,-0.514496548355964,-0.0300429731565428,0.646909352543927,0.912461362744306,-0.495752179187039,0.474807860897936,-0.0244709155771883,-0.143503842164103,-0.0141395550815987
0.767067980862383,0.821966664694826,2.79351029389861,-0.127174374686977,0.296155281068725,0.395898231493761,-0.312231091203352,-3.4470769700833,-0.273434884079831,-0.0766341184820076
-0.297024189340978,1.25679442502404,2.08186807881286,0.959874382027828,3.41038219941263,-3.92473990444806,0.552546293499863,-2.24244295969144,-0.839978468111422,1.56867303764725
-0.159456576803367,0.105423150434766,0.457442993887648,-0.319274594949836,1.78764114356127,-2.24490389453619,1.09304194099608,-1.98824315732763,1.31800589117973,0.873893661737594
-0.956341995192009,-1.19656599484279,0.665305271446796,0.889468172933297,1.06454069633049,-2.43195217808426,1.47012162047122,-0.433101618449062,-0.753577199759883,1.92925489087222
-0.691832579931352,-0.260591234805675,1.13985748801853,1.0692338488514,-0.265399345496037,0.264373049371542,3.73962076650968,-3.33477650602008,1.54648258328319,-0.432432220783509
-0.682594154083521,0.753977434900842,-0.493652084838631,-0.609268258047824,-1.94723682148901,0.849992661142243,0.456174389991132,-0.486746416336057,2.33432811149372,-1.40594465123403
-0.520893425460569,-0.884090170579186,-2.43142103908946,2.26802827253771,-0.789137644738049,1.95825404752969,-0.347521709841231,3.39102038132359,-0.672471388457922,-2.65196942319781
-0.460688471545856,-0.441845268335784,-0.843271647276162,-1.24586289610285,-1.61664463786583,0.520026256728734,-1.32867513398725,2.68314765652347,0.564587575016167,-2.4298937320865
0.976461884555815,-0.0746665409659369,0.279702349241226,0.255963478596062,-0.899451185790203,1.47058339397449,-0.308658197461622,-1.43271720159794,1.14064634262418,-0.193073696846117
-0.389156511515301,1.04257806361953,2.6906304812199,2.35822808368656,2.16255192598785,-1.05705833127051,-0.187301341938793,-1.2337723570338,-1.22292394446172,1.74749626913305
-0.0869338942093138,0.222014908586827,-0.337849942214398,-1.9522407090802,-0.871724149963803,1.54359248703887,0.810085876371432,0.0723017663190189,1.85006804560005,-0.97149583954003
1.55190500749874,-1.94657942720536,-1.1779108345072,-0.850606041108816,-1.27138811042951,1.93554394502282,-0.524755322613965,0.510582186155798,-2.28037719278049,0.828655504853341
-0.598640333073615,-0.61354952896811,0.557379817263769,-0.549640865893203,0.643210240698954,-1.15088149675722,0.684599537620325,-2.62929740522184,-0.586546706477756,3.22648362816268
-0.941571863469664,0.0536952754515613,-0.160583487133273,-1.84080811770786,-1.29152135628439,0.773103748513162,1.20426334678121,-0.323826269481797,1.64314033454237,-0.503120805035218
0.508269471667352,-2.39929085164629,-0.0765446443773363,-0.0900530692551811,-0.965830415595931,0.253789077954043,-0.561019303919248,-0.218973381465388,-1.17912002465857,1.38652923122184
-0.439968554058622,0.472115068562346,-0.178656635229112,-0.639532731495623,-0.534144676853119,0.585088585247992,-1.14002341582978,1.42674664829647,0.308193591412584,-0.741621791370276
-0.278977577183588,1.27811608120288,0.872069772346223,-1.75106717814318,-1.37653695058673,0.839830685596854,0.492042417293261,-0.559203075108316,3.16584055435151,0.332079452427042
0.979536403519472,1.23845110366574,-0.080386965897649,-1.03989013407509,-0.692747058469993,1.04839281029695,-1.95522451536149,1.37479300603071,0.470845368987569,0.929947638584619
-0.517035620495069,0.431226772623694,0.195035887107556,1.38914362722023,0.99097073068519,-0.209708736590055,-0.231820689056153,1.25864607960427,-1.51297944368417,-0.345629688507047
-0.24651801715639,-2.23700811441581,-0.0794178433166863,1.70582650020632,-0.75010590630437,0.839413864814791,2.14714389552085,-2.27220583288553,-0.0911858699955287,3.01442071375951
-1.33974552801656,0.496641588579232,0.519280541035266,-0.977364563529723,0.759298979701823,-1.47538847896544,1.20961765528446,-0.981212519364345,1.74120317871063,-1.09032056250147
-1.28201484673733,-1.73753159174231,0.0977202842047517,0.619289162352662,0.579108297805578,-0.466149053832316,1.92311084331252,-0.468814149961646,-0.575972626657129,1.38421283696244
-1.05644036148701,0.367398638862231,-0.131390383655684,-1.67383153545396,-2.71831955919133,1.03777511841802,-0.669493730990864,0.445612123655235,1.09978735730634,1.29181930541926
0.510765807548723,0.426633353862097,0.239742320196367,0.583500137598486,-1.13393908948853,2.03776686847793,-0.996132544748496,-0.738320815246964,-0.438479018512191,0.832191806125001
-0.244163356750842,0.279830906096093,-0.682076053837782,0.351526803596607,-0.128011328978317,0.863599136022945,0.261004817613549,0.708378730111078,1.7768485922336,-1.2721486735545
-0.106068678309162,0.749961739906204,1.39601025214865,-1.57052248353724,0.592483129528493,-1.3336649524388,1.6481282638845,-2.42525210441179,1.01528774251975,-0.964317571770844
0.971960263300978,1.93987525249262,0.0787773421784472,-0.898576063956974,0.667433084576151,-0.765437533776163,-0.966051003522808,-0.271716039089001,-0.0393947993630867,-0.391719681488008
0.0996480229239736,1.69692368544427,1.29013591792687,-0.277196961179318,0.555706172846617,-0.377313365277949,-0.165547271842622,-0.82539574233492,1.84221618257015,-0.621558434244667
1.64421184879942,-0.488809720675811,0.122274067651245,1.70137974775735,-0.448205975220613,0.07152505746637,-0.813583714285909,0.0298505798043112,-0.77754163338389,0.877810500214385
-0.220772440291065,0.228485463535606,-1.93177253581583,1.0434970175582,-2.46968353217407,0.0546318359440611,0.240325686403219,-1.34633421163501,3.48254417228463,-1.64350700245461
2.00382331032126,-1.24806852278454,0.43237809554663,-0.287898367161168,-0.288009083356516,-0.00755476966506409,-1.02748567592977,-1.26989454049701,-1.13645410035542,1.40849749154823
0.237787161664925,0.738578042804284,0.00654950456374523,-1.51352501269875,-1.59815913534542,0.719604342453322,-0.195113752467493,0.192914878297185,2.02909408565054,0.582908517362847
-0.356126849459924,-0.371834130894756,0.568437226017893,0.467580178711085,0.234148501979325,0.353592506459536,0.404334567087361,-0.618984776780185,-0.0470336499752975,0.861406209853401
0.885391059157223,1.44705891411061,0.111061444011845,-1.47172201643059,-0.418245419475421,-0.812000404771465,-2.76740964113767,1.18129834955073,-0.561758178126222,-0.903557677447607
0.186695235014612,1.77004386792822,0.229246665513459,-4.14945429348035,0.356476328479877,-1.85993645649916,-1.15770053110866,-0.724262128283673,1.2404545047742,-1.67732009491364
-0.939825744702959,0.878131398394758,-1.35215682432514,0.529221565270079,-1.10732997661741,1.69455439791394,-1.6019200851657,3.15350166541666,0.307033332021776,-2.09362148166325
-0.118449888202335,0.729553263544942,-0.0485634219422478,0.963819379834899,-0.218539064963847,0.665637076824369,-1.4965495242999,-0.304793117627831,0.107627433278964,-0.0571189355449362
-0.784540276649337,-0.273250120399537,-1.61585103039223,0.0398871080853053,-0.882240511693064,0.172783088819552,-1.10337017560908,1.75048627425632,-0.802114591447195,-2.14047501589591
2.97232937649194,0.222059640959296,-0.645757352693502,-1.01753380124239,-0.46225002781245,-0.0269641244893082,-2.37023753171293,0.687881541545159,-1.34566004843237,0.37946262977934
-0.48697636733434,-0.370911492464372,-0.46754299202857,0.00591028800903792,-1.37059722425816,1.12652280929447,1.43507678456242,-1.11829586145217,1.24775699944143,-0.296935126417514
0.0485913012794385,-1.68260684112319,-1.32743269420971,-0.376501422574223,-1.21053678724984,0.929754993315156,2.04471478867898,0.587275204446672,0.365707858418087,0.306282739597764
0.166707952156569,-0.71285062037,0.909335816396903,-0.303225647391121,0.737374532903775,-0.523841617185407,-1.49667568613988,-0.00239028693013792,-2.43343007429801,-0.882111894512744
1.25842400467987,-0.308633807229237,-0.59382523686845,-1.84995502135278,-0.712441199339211,0.146386663320547,-1.37340179087837,0.0742304134163725,-0.799796915252604,1.02176856862532
-1.48468313183495,0.815169960256117,-0.110183708930829,0.398250802934323,1.16155012341721,-1.08274131099232,2.18075571282814,-1.17076570287698,3.32976962957488,0.684742224105614
0.738113747696627,0.474071851796205,-0.416379114403234,0.558038924078742,-0.025155675661031,0.0670891380025463,-1.5070827602847,0.379112349367424,-0.241695067100894,0.695449711296516
-0.298787272158472,-0.923075573055035,0.370841953638905,1.97984974516831,0.187239921136375,1.09705893140805,1.9825587033338,-1.3976028368329,1.43006163383856,2.59821107361194
-1.1463742269477,0.508132087107757,0.550630275002744,1.76688143610414,1.36707407304277,-0.962098267363167,1.32678399737648,-0.337203871426292,1.0814254972426,-1.21005787658803
-0.421496193345477,1.0423489056607,1.46298273812551,0.733959330049133,1.14742000982205,0.39939334132812,-1.8586471515831,0.627480750338256,-0.817854963917506,0.878874825198016
-0.83557562431157,1.99758647693496,-0.708513515334138,0.025754627367099,0.413459650728802,-1.90025610147516,0.278573216447873,1.36287467386106,0.82987554267621,-0.6150863608717
-1.55731865092708,-0.885361899006154,-0.471887916037253,0.354843737664983,0.120519999422226,-0.827506339891542,1.31342676211379,0.06052094145663,0.165223449327669,1.14860772387141
-0.306078677970875,2.0693783061686,-0.205885848157335,0.841487040958464,-1.0142876674674,0.555243785385719,-1.12610845028601,2.45304042232724,2.87053726442182,-0.974339090999219
0.573301796627805,0.337405913908478,2.28603496786751,0.846460184481653,0.634138919144926,1.15537229177777,-0.558850638221166,-1.47375731503608,-0.46989560647301,1.65993875841793
0.0495183028620554,-1.50548072861444,-1.22966684141101,-1.58139559265091,-0.684826451495635,0.699989249991385,0.880755470425573,-0.568468923940974,-0.796506270383808,-0.579866273117198
-1.57317798174736,1.07229963396298,1.38859167737868,0.224245024901557,1.05242757276944,-1.14384837178887,1.05434555972817,-0.852038468195697,-0.337452899790867,-0.141429399406012
0.374972740636328,-0.111927667445458,-0.824573018824405,-1.41764498439823,-1.35661179806663,-0.0714307837391698,-1.23691219058488,0.902765852028816,-0.492954320376111,-0.685440294495517
0.491856755359363,1.07024878561672,3.15351332202422,0.74749888948444,1.40756899182543,-1.25467551936894,-1.44513208309155,-2.20099372484624,-1.77636566937568,4.59611530831872
1.08700994396854,0.218373825068694,-0.388449659071258,-0.721437230645687,-0.681278204388642,0.228733030027476,-0.186926498214518,-0.0562598316848315,0.209060426752829,-1.05195564289043
0.537350255267029,-0.470319731884483,0.15366182262417,1.01896628256224,-1.29376224293856,0.445265198801715,-0.0664785590823818,1.06463687882164,0.165666738899134,1.55826999854509
1.26298538645015,0.465649422375896,0.124428755269429,-0.313173024886106,-1.0864141623891,1.24507622731545,-0.529371732991983,-0.0459875904736644,0.158246778017488,-0.518801077552213
1.63577706781501,-0.169444954685981,-0.216413413136255,1.58796660033665,-0.584570570886627,-0.592481971880699,-0.315220779757216,-3.96000789414999,0.995206520873099,0.626258986281739
0.0657668342656073,0.968395090681222,-0.808975277385228,-1.15833381909057,0.104625280415156,1.35774018731168,1.62708221296547,-0.321047847317793,2.73452310470519,-2.38296002161322
-0.538149026153924,-0.833315667588875,0.816924239936178,1.29525349454156,-0.358878226046175,0.777043274221898,0.67814759023567,-1.65682367845232,-0.191521934236989,0.12043029323724
-0.274602116054065,-1.7147314778145,-0.190945672705033,-0.351547246747026,0.245144484822168,0.903248143925114,3.00457188435919,-1.50151427575554,0.434818380310238,1.08026265347593
0.427609034767593,-0.377015950760033,-0.0187725873973265,-1.89329782094222,0.796495728169557,-1.46241471885066,0.185472939969865,-1.1388293070299,-0.860858239341619,1.060499388238
2.04833538895779,-0.724725244878742,-0.0218872253466612,0.673834682552491,-0.574271987205901,-0.946995956500098,-0.320763255736863,-0.585671848717218,0.477871855573205,0.817767525463491
0.976648612672413,-0.025465625165373,-0.459953285454095,-0.398710871397876,-0.936833560263207,0.753891108586451,-1.74519419789345,0.0132555232938065,-0.402981636747915,0.23732387576423
-0.609724742391658,-2.29515582188152,-2.15861584815553,-1.68426639385336,-0.583929898025417,0.0943935393553304,1.70492868614258,1.50721410653457,0.100393428422575,-0.734651453604293
-0.115817804348351,1.48655347438734,0.297522876035291,-0.691934818112949,0.0560640452286664,-0.0922092939334373,-0.7296925211282,0.370197610629813,0.633979716943236,0.659589770998321
0.480472030877006,-0.971951199629172,-0.0357586940249155,-0.460109935359826,-0.816557218142217,0.725129076400629,0.29081739555053,-0.541143394716189,-0.735908789986698,-0.855515432696582
1.22771563962298,0.789837507246528,-2.03380407450127,-1.71103056979896,-1.12761502658353,2.50684215182717,-2.87266091319678,2.99481696967999,-1.30155622438928,-1.3563966814696
0.47680154952726,-1.32486121172591,0.327741734598395,0.803707386915933,0.999655610372189,-0.217304854792514,0.998527542686504,-0.518572516884081,-0.291348596740016,2.21136405682174
-0.125006305888281,0.147410891308257,1.02894598614505,-1.1035730458143,-1.28570841961191,0.171749804661893,0.787543472987642,-3.8899551281076,1.55678318124774,-0.211223180587127
-0.711878021241358,0.00933510598488396,0.447292718608766,0.384372093345237,0.197274888520108,-0.811218975932594,-0.167578244928046,1.66226040304911,-1.52927348291761,0.996187739316796
-1.46168737949,-0.276574510333829,-0.381071446347659,0.880467313510444,1.00606409528001,-0.134189247210217,1.09605636255235,1.51477523730061,1.11754074870267,0.915617090313185
-0.359578899666024,-0.536660411017714,0.727945549787603,-2.86741405370858,-0.530862943551236,-0.283951283384075,0.988282510561649,-1.17526013670933,-0.555113677530952,1.42456466273088
1.18635146528016,0.760498855952314,0.377709874372279,0.721116760389695,-0.499222548069531,1.27743013835812,-1.50528927019109,-0.540629564563713,-1.08561486802736,-0.383966940493445
-0.314521279611384,1.45971260731222,-1.09516916313597,-0.192963539465238,-1.89454890627798,1.38661267021275,-1.0024200294969,0.610011430168958,1.21009287558168,-3.43960381551243
0.343428394194501,-0.278790092863273,0.138818172372063,0.183258844585493,-1.69744640556328,1.11279740528142,-0.266704727877827,0.159099542450375,1.74959512172158,-0.616012630054145
1.09907825219164,-0.112845057748586,0.782185623067831,2.51093467173532,1.26308438189976,-1.1341000387431,0.947332052424965,-3.00367884749722,-0.257768777885926,-0.0496519211570292
-0.437526951024756,0.607198186822515,-0.3240837482106,-1.04260509266309,0.277869647938495,0.117266063145041,-1.24543836119074,3.08566970101103,-1.3125505678406,-0.76429630154753
-1.47927039561765,-0.737970222815835,2.26570153630505,-0.956112422621148,1.47050757156103,-1.67541951369186,1.77685871175223,-1.27872453269957,-0.207045348726892,1.28452508419783
-1.19123878003057,-2.82697555191404,1.222372881283,0.587235548495656,1.0289934853471,-1.07776795060112,3.38133939153266,-3.11772474731592,-1.03492657111288,2.80856454817293
1.12868278793099,0.34180561857109,0.823851682090529,0.627877070001997,-0.564489077555853,1.70299164282516,-0.852661237440702,-1.71469896000135,0.257540763413928,0.267863530318966
0.197439741650005,1.29471509763703,-0.0354545106190909,0.647794392122966,-0.447414342146147,-0.415262968035747,-1.80997430789181,1.41215871722856,-0.255034079498536,-3.12773707890201
-0.164435992689425,-0.383853364702338,1.78079670559643,-1.18497733269018,0.611281310608475,0.345246699049447,0.409760078955451,-1.57404844025182,0.311994887750389,0.373744847248758
0.502616683278023,1.68775257943969,-0.722773309699798,-1.25268264151883,-0.928273384368928,1.92051928522527,-1.86485283590283,1.74457414917288,1.29953232290769,-0.575728550858848
-2.18466872988677,-0.169086604811393,-0.375212999518477,-0.954702173539378,0.414261240353329,-1.26743678425905,2.85071410794579,-0.623662593855088,0.80065282643789,-0.078669040321632
-2.25448378672019,-0.281844113966801,-0.473096321939051,0.957158984286313,-1.02670170014273,0.762252833929226,2.17742229490027,-0.785474252511536,-0.123127628376083,-0.176563792386493
0.0456673163567415,-1.14662626648792,0.111105273487966,-0.0742298335683201,-2.3168421379947,3.13330641214047,1.62091719306669,-0.725828843362912,1.56776935008752,1.17714238306811
-1.28399168008541,-0.923831179761334,1.12969913678661,-0.191425354919019,0.920703626952919,-2.02747161902735,0.6003958600217,1.18193334992381,-2.19222411537756,1.99249835232186
0.512532346207536,-1.23906217037266,0.0449108542069714,-1.00661298121554,1.06369138895844,-0.138565515733115,1.10837574605241,-0.946007784597876,-0.0854785385508885,0.994711926528252
-0.688455457486258,1.11036903162729,-1.02595813504961,-0.81599277440099,-1.2018895499192,1.6875828565805,1.16605765520015,0.589892740718862,2.66159481553997,-1.20447833926266
-0.759596442610479,0.982378117694091,-0.285302899501223,0.226006696940398,-0.852459736374569,-0.846021363620843,-0.601486277480936,2.20846968183174,1.00671856732772,-3.35057352611688
0.437790674056312,-1.60242009262616,0.833633412206469,-2.41396096725149,-0.263296666073319,-0.302431381368283,0.960673221059934,-1.38906561940709,-1.00995506245163,0.90476061961015
0.172894027129418,1.13909163478786,0.609155467470868,-0.494154676257435,1.24309889015476,-0.285774545999864,-1.12880009194059,0.181967271561349,-1.27362305440679,0.446240946273379
-1.00656719511974,-0.274331163868674,-0.36120302867207,-1.30034585430491,0.165155779728018,0.693048947162559,2.44976447371682,0.327051394813776,1.93352571054365,-0.893111481565655
0.368242177789435,-1.09310815681674,1.72517823832393,1.00830833784429,0.0366816267327812,-0.622913010375366,0.448960559161314,-1.33478026061452,-0.198836012536244,1.69697867989478
-0.4202627782454,0.163881519574103,-1.01871444047349,0.488177091381581,-1.87497570105448,0.266432062393086,-1.24891162599449,2.00149015491509,-0.24992070348264,-1.46600303755446
-0.882211258299634,0.0228515476539584,-0.966015344540499,-0.0721435009249573,-0.742430292751748,1.6805496600013,-0.289931198962381,2.57953677029022,-0.540143427976986,-1.6815688975893
1.16419421439656,-0.643314773943916,0.304603498598239,1.03802423866736,0.99560428387641,-0.6364967584557,-1.17177094302383,-1.81357163357218,-1.83753628778217,1.93164908988738
-0.447022407620873,1.18472839874366,-1.81219124957758,0.84773831389971,-0.949021544016409,0.573854652710947,-0.340987366043764,2.19583580332104,1.52135634515527,-2.70621486349916
1.92436415287145,-0.373438108045463,-1.59744280060599,-0.600789931278604,-1.22484917727634,1.33791831193176,-1.32700517607647,-0.0206724404912253,-1.19744687443816,-3.19372917666337
-0.898360666212067,-0.426186878738178,-0.434251011114235,-0.0724355949645954,-1.1448119040562,0.872343409318624,1.58921560122899,-0.431361111335212,1.31733929054634,0.48691138723618
-0.803186308755889,-1.44995699075599,-0.240727467560452,0.012699598050562,0.821546490246285,-0.614401073459149,0.760412937399455,-1.45120404157894,-0.348813941597635,-0.174110405062477
0.7944190195966,0.588498895120404,0.795577728579799,1.02960592379165,1.25419714071024,-1.2006598141886,-0.531724728614539,0.0999649194855251,-1.30523686130507,-0.118412617918823
0.806474225954444,0.345121355452902,0.841074438923803,-1.34259732769494,0.183599526346843,-0.522923496595831,-1.46128962383732,0.278064905536587,-1.66772613658154,0.405631799579302
0.25810421544698,0.189370457524844,-0.66771376226282,-0.806975375044388,-1.95426414400091,-0.100875894955731,-1.31996339340272,2.03070820947525,-0.720992881325272,-0.797548512310287
-1.33325005185462,-1.36358129253879,-0.0510049195075483,0.477894140358813,0.320359269730497,-0.364978191561653,3.59415827923881,0.405396205269576,1.67197878912065,1.68752225911689
0.229683003474738,1.18680920142367,0.159722353879636,-1.64905400682216,0.71777501825361,-1.34461109486063,0.42666789943387,-0.404892303782717,-0.621615926951889,-0.362126863184908
0.673508732549911,-1.22793822099322,-2.15568847730242,0.791812712379893,-2.65711234026895,3.59570184201623,0.882318109368972,-0.624559646415712,0.399949322494147,0.24011726549333
-0.0172640668490835,-1.44013621202797,0.0459426082738883,1.57113303018643,0.674687863974706,1.00791743430051,0.171928373131845,0.000130889867923811,-0.933031593787972,-1.23591030044382
0.118724278766441,0.526979859666559,2.59261580780228,0.322977209104412,2.80623728016037,-2.91424349412114,-1.05728415677505,-2.29888600662065,-2.07032942199333,1.59963815391082
-1.01193396357522,0.92396959781823,1.23778910853714,1.65794742619051,2.08074170883139,-1.6398381945875,1.94542084730522,-1.23188705322363,1.28873152119185,0.286021768895583
0.0453245075127932,-0.723729667876969,-0.356208431149733,-0.0733014144185148,0.261389308605203,-0.140784721971522,0.519927932912318,2.09615574721253,-0.762686184399006,-0.164219141374028
-0.167526410805821,1.28870374170176,0.25957461194037,-1.58315114979334,1.01422243898164,-0.430291347784195,-0.417436270944675,-0.00250204112518961,-0.259922182612285,-2.1665533668253
-1.12576525071153,0.0603585643256677,0.530555604414944,0.984071958017862,0.157598529616113,-0.368523292698185,-0.483800606653027,0.694995303822721,-1.56452425307168,-0.0746707418679079
-1.09930293853822,-0.75214631155381,0.177342581319887,-0.388158860057408,-0.435035806172131,2.91688631345157,0.88947016601881,-1.09664985506584,1.27616973120089,-0.256143520240131
0.358474611784754,3.03147558647296,-0.36776798076671,0.671085741080314,0.731069999361283,1.08483328387611,-3.14198130184221,1.62452083173945,-0.562706285343002,-1.63060716003533
0.0767690430562134,-0.100614762229562,-0.50459801876255,-0.574150314891187,1.01228587113845,-0.466032516725527,-1.78873392575825,1.52124874360572,-1.42009090421258,-0.814297981368714
-0.486060143148333,-2.00190675831033,-0.0951763210677048,-0.8304520087844,0.0819434449114371,-0.43192853300554,2.77360320117939,-0.753808170242878,0.530084134320637,1.30462868520012
-0.0641792442537688,0.61826216216925,0.931054047853727,1.16555196572795,0.101452458315684,-0.484200521736003,0.731511261332363,-1.8371768161463,0.386935986243591,0.665488519039476
-2.07023464205901,1.2366806611349,-0.840882538820175,-0.296207094610107,0.390986930677871,0.68415934167613,1.28984322128209,-0.109506536666753,2.18402448425576,-0.321317687818364
1.07855119600766,0.434276477111052,0.303386429990732,-0.398165237446398,0.152328726408233,-1.40681164706116,0.576732121995579,-2.27847682660155,1.76116671500823,0.944651825468698
-0.924269700453134,-0.0361066091020118,0.0772492160218772,-1.38896286095594,-1.39471307029393,1.48919001197511,0.768025183078263,-0.340360940056747,1.45588860049061,-0.84375645624739
1.02391786987266,-0.740712132589771,1.37570891420875,-0.937455439824985,1.57163741121609,-1.99585347710674,-2.38816397367429,-0.40202828267961,-2.76398625440574,1.0200035652749
-0.437081226827907,-0.0201678851754464,0.510685521020029,-0.127419481812441,-0.760341890132447,0.737735193463638,1.0360415980508,-0.220950622021511,0.960052612127866,-1.00247780961016
-0.0708771025040685,1.66506667735574,1.620714410906,0.814942122892658,2.97654770427911,-2.07023838517826,-1.18641282160667,-0.88514348267094,-1.11609655622207,0.912136230269659
-0.956325567897198,2.23639114124816,0.608536560314546,1.23639688288311,0.400407364922467,-0.207639639067996,-0.549662142075002,-0.791866266126364,1.31174032986818,-1.42362065212591
0.217431504881691,-1.2180196846874,-0.020084822130155,-0.404221230560157,0.217898205180712,0.450132275787408,-0.322757068541409,-0.552766894079176,-1.36913880533761,-0.81161493784586
-0.55429289583049,0.858238282839291,-1.84212333515374,0.128724128968373,-1.47718239662056,1.77968131810426,0.00742866382856749,3.50662457002223,1.83150777350855,-3.23353904408736
-0.903881926442683,-2.34903025589473,1.10451218012404,-0.250372637434999,0.461437120081149,-1.44261828500347,4.03454220975413,-2.3753263113905,1.11971890603826,3.34528588003736
0.492475357787714,0.25683363015832,0.504629834935055,-0.164224600582817,1.08182999430443,-0.608490816774042,-0.447568293574133,-0.466696043814182,0.118940235775241,-1.05034158044879
0.493476963731103,-0.402975341287307,1.31378532346199,0.300202434750495,2.03030673696265,-2.28684049489477,-0.571473326058102,-1.37684187832268,-1.7345583023767,1.31565130460477
-0.109885558307643,-0.549223041273459,0.955525068070096,-1.42046968004929,-1.6778052004731,2.50501076788645,-0.703315078270689,1.30254147472856,-1.35544360196681,0.283268115539669
0.433289230342566,0.315910474553527,-1.13418855455304,0.498447991382888,1.25304137737823,-2.19247349546394,-1.17639118166461,1.82673575535777,-1.98140952307943,-2.74402041164787
-0.0378569484243755,-0.670046240862143,-0.429294323577647,0.146268960143097,-0.577928332646172,-1.7053067293146,0.721486745664585,-0.458789394850751,1.74951304754208,-0.688502959650048
0.150962096755058,-0.679873618082231,-0.215069480362367,0.759642117864744,-0.176346070178246,-0.0517065093842178,-0.25772565553536,0.439510124794854,-1.56669656712481,-0.912674675533845
0.779015989114804,0.287292062783464,0.118827709424676,0.0895053426011113,0.793765341099028,-0.748266626657155,-0.889729213714205,0.747775490692485,-0.540892849186441,-0.143242561615981
1.76520080584394,0.0268537873857968,-0.213949869772541,0.423532966371239,-0.207203394168537,0.0888731655506603,-2.28434360361593,0.688391974246554,-2.0241274484774,-1.30434501202105
0.259820788293835,1.95361090543804,-0.302373816720693,0.00798072694403449,-0.975940677561029,0.949103837406881,0.1760063815221,1.15773280279971,1.05310407953344,-2.26015615915621
-0.396604918847682,-1.62257267793725,-0.927987997529893,-0.119705532380979,-0.693210247294153,-0.291940670547158,1.20997515074642,-0.0383925420778073,0.0542228049933426,0.196168516007158
-1.55236043286876,0.809819992529455,-0.799275923401426,0.651544499368165,-0.55097639233246,0.810289345206274,0.483067385167193,2.45389445052211,1.39099744925378,-0.523701498792724
-1.18710885792316,-0.0348548100328518,-1.35103955613266,-1.55470332152158,-1.52036095558024,3.32455516759008,2.25440103837859,1.12998798700324,3.86494144481704,-1.50998099908959
0.29108972410469,0.684783995603221,0.103617624331866,-0.55176048865411,-0.225977203057618,0.289571837343616,1.32545568677184,-1.75314558646597,2.75368601388715,-0.431271279451446
0.138958045018879,2.24612225745947,0.842118551592397,-0.293112987207857,0.513410607887697,-1.91814366680399,-1.8630922503278,-0.701019870212284,-2.17768547362019,-0.566029999811974
-1.07172411556012,-3.18800978501694,0.342790360993729,0.617434588803906,0.427639779750612,0.271661095278833,3.16670608466115,-1.19725193748692,0.485772788713149,2.73681415854164
-0.00124554005971916,1.79569740912855,-1.50553541955011,0.313074898236327,-0.110733113725578,0.127846645770047,0.0385380009237335,-1.1974652642513,0.85376656447962,-3.40747930274811
0.0418145396770985,-0.734162332207452,0.917189350568043,-0.612827666122445,0.796019576863943,-1.73638244017009,0.392724906544412,-0.314054928773673,0.0828421773473736,1.08637695681504
0.430473093128483,0.300184837357778,1.1985419377339,0.975919320088968,-0.808700077263406,2.06527487331453,-0.718648041656373,0.87798868008052,0.0372604843904761,-0.308414357561565
-1.0330076681717,-1.0493918775161,1.52994955838671,-1.58246725437039,2.06197752187343,-1.91004308721641,1.59923702324681,-2.57474183575594,0.232007491895293,2.47872717911351
-0.0723936969376908,-0.0117615613646898,-0.803076662519163,-0.59092884368433,-0.124632363179802,0.634924315066029,-0.613756876063132,1.96248657088792,-0.830417331572853,-0.205755732432169
0.895626631394665,-1.09546056694654,-0.825717075623502,0.513587178063244,0.0585709237011212,-0.527329196473551,0.16414191368576,-1.83195493549856,-1.41778676387184,0.174610557021779
0.768799636861813,-0.985888016955632,1.53063001796859,0.58221819672014,0.183046296986682,0.287551942245717,0.619333386229684,-1.1536534521757,-0.32502626993695,1.19158412453395
-0.652971524033636,0.277668098042788,-1.42063353614715,-0.0417503334401709,0.107787688321292,3.57095727712444,-0.415754631603124,2.06340098070946,-1.4838265333244,-0.909180278270634
-0.636381330366399,1.44803220122857,1.05808137357758,0.342940133577943,0.241857303229584,1.01514520520316,0.442531892293647,-0.837265202666128,1.88200883683023,-0.718045476827461
-0.0312358063649143,-2.072726992801,-0.578133572413623,0.943124798587536,-0.946739939177025,1.50745502191765,0.92361553007922,-0.0671310900839803,1.53704368334197,0.370148568564148
-0.0354669610076789,-0.0667736660745309,-0.849856039979302,0.696303344855604,-0.416526476916988,0.127918998825977,-0.291464289869602,1.69618160760265,-1.46825992678371,0.235749781223512
-0.364498367714943,0.0813731656555779,0.272097047207704,-1.26675789403097,0.762380949153924,-2.0478885188216,1.14947348831956,-1.5730525827779,0.503486103689442,-0.356703733804869
1.19066829109878,0.91016279291512,-0.986780355392602,1.50058274083307,0.0663404699538136,1.1249046660472,-0.227287614149654,0.213556655945651,0.363725619593902,-2.89083536149733
-0.644003720923885,0.369863589384552,1.35345720164529,0.851251167921121,2.01794246523429,-0.692827625603601,0.671476550376341,-0.794871740259623,0.21215272425688,-0.356253448197281
0.68970131619411,0.130040984983894,0.224595089872328,0.367894896566478,-1.01240472966504,-0.953922765235838,-0.210540843280193,-0.21478965477624,-0.579854117354292,1.0893720982716
0.251216025423698,0.976466784952559,0.649494608637836,-1.4466836455209,-0.170114783420906,-0.328335763971725,-1.21969137154877,1.15816562751021,0.79458037109541,-0.178699548540387
-0.761760958823831,0.764726590534529,0.640742886744423,-0.672053273028571,0.414390488515676,-0.124977021621367,0.443323975058228,-0.374358991652588,-0.179939188831217,0.962300767651278
-1.09211626555588,0.911538762093763,-0.0953869950311058,0.346345653759859,-0.320832649079973,-0.626179998851925,0.601295937306233,1.7757420648343,0.957384605169457,1.6314323079675
1.24078600436207,-1.43480486943426,-0.151886827565129,-0.175722216892888,0.735555877012399,-0.700985668843829,0.504023485955723,-1.49919444216263,-1.71901040888237,1.63781416266727
-0.031111515171373,0.429020008222976,1.24170182770013,0.834753285452847,0.769876231760714,-0.569782315089099,-0.301038547970367,0.01914346142648,-1.37107316471307,1.5533729627664
1.03999696111295,0.641483958230327,-0.0596582856047995,-1.06853082066973,-0.0364965783501462,-1.06464667929786,-0.115075308746922,-1.22057726627757,2.0132510580631,-0.0596592637819316
1.61216948173197,-1.23958045197217,-2.47531219018862,0.396035666761759,-1.95467713707546,1.41094973759109,-0.891823849894049,-0.0420426702640897,-1.55695227774805,-0.413514662947521
0.0479777032986526,0.48884928002348,0.688523220687773,0.0354564429803031,1.3434878595107,0.249962539889128,0.0996092612558997,-1.05472524820351,-0.778137164591291,0.740290500530172
-0.156650145665171,-0.333282639092336,-0.831194907494566,-0.708912568566277,-0.0171953800597329,0.629139137149397,1.36876803182273,0.983991198155384,0.115923685310602,0.774937625674301
-0.810425036263511,0.962740752367563,-0.340222675490713,-0.627580222392271,0.34769998328634,0.25762635772856,1.03270266523058,-1.12727071381981,-0.568745229399298,-2.45727109030205
-0.956797396077646,-2.376309226933,0.287761407094538,0.059353304285606,0.761146397873601,-0.45928324387725,2.20447471108706,-1.84108207322036,-0.0883693986978432,-0.544307518352685
-0.762174093899269,0.256556965006561,-0.27267529811643,0.563132141730621,0.156257704807185,0.513813903907072,-0.238926060467604,2.1835613654449,0.767327357675994,-0.0987228927600675
-0.710757807780005,-0.525653615261474,0.862124750439893,-0.76819333298595,1.75840711111038,-1.19783379508786,0.660741488403205,0.288293362560434,0.149437998201299,-1.23095145442
-0.40151251929601,-0.492245097490727,-0.156628545298184,0.419793211441473,-0.645739103102795,1.64553354095873,0.508069301032764,-1.55477014505413,5.4609994674118e-05,1.21181648979029
0.26229733381934,0.436820340445254,1.61148914531192,-2.55768373251055,1.93785219326566,0.49970067826468,-1.97864515431923,0.827653557160978,-2.13955113069459,1.41252127124742
-0.566743801684806,-1.34870953393588,0.511056823481383,-0.8753508181407,-0.735713038380227,0.942598019140392,2.62108074089659,-1.9353394918761,1.32749083476361,1.77714410312142
0.355554246589806,0.352229661380705,0.457803002078405,0.423912056157986,-0.225824145690674,0.24623937341936,-2.48260253126649,0.151071090067337,-0.0426089119538166,-0.331539890521174
-0.00972359049125829,-1.50173048774953,0.0239591633056275,0.953250046068453,-0.863093504756117,-0.465730454741343,1.91681318794527,-1.02832965585038,1.47572059947939,1.67739836647333
-0.889319730607175,0.103406146854492,0.782507526132394,-0.058780535705399,1.42465358343928,-2.4311090180695,0.926166478965602,-0.513673143204694,-0.87077394162604,1.21677173460574
-0.19363381040225,-1.48144446540802,-0.349491286846841,-0.72972812947143,-0.021814295277663,-0.0637045064641142,2.67516639966785,-1.68747624282548,1.63463699649651,0.297466900201473
0.418521384850791,0.841649126318868,-0.0941037565875786,1.71709154941419,0.234457161633684,-1.00571744511054,0.696223527866991,-2.20822257300053,0.090388361154687,-0.459696156720364
0.431149319726121,-0.0424219737267921,0.363013944562279,0.409396509185044,-0.247912411172916,0.934367541701071,-0.694661724643824,-0.0665223855575216,-0.260044424534933,-1.53532900552667
-0.0586934064057764,1.00482678070042,0.942411447819851,0.544528057440565,1.71036360100786,-1.93518469753743,0.767265228867035,-1.79645351844807,1.45048058100388,-0.0710107461666518
-0.247642599094012,0.0901166456724218,0.757557641745762,0.0565101941519471,-1.36442682274638,1.11342822000815,-0.340221667100398,0.206393367600116,0.395856850553214,-0.242358155467759
-0.571721125425623,-1.35997956573498,-0.0485402958176598,0.552793725494675,-0.423857129007434,0.475039726401174,0.568325276978606,0.440511950799823,0.908257783830124,0.0107711122258239
-0.385242064571467,0.580839712636427,1.14332482898653,-0.842351903739996,1.77935778672186,-1.16144821299653,0.454481170745196,-1.18743167543918,-1.07399129923122,1.97943676901413
-0.470297610499614,-2.42728200820067,-0.875532963951757,1.07268283446297,-1.12315527298715,0.411257437865415,1.44664326569405,-0.206816454939042,0.269014300963957,1.76675505886987
0.990983132528654,0.423577760482707,0.271291756028312,-2.6625732284768,0.205488147315963,0.675666393742101,-0.219097214507551,-1.85662678135682,0.673315959958168,1.42019880806262
0.707043846620095,0.892613892373844,1.17606702236408,-1.03428582450983,0.617508534201239,0.717203917497918,-0.681416011427562,-2.01759926442223,0.988810975586165,-0.6384058365318
-0.241744190250349,-0.506684915263248,-0.95786548655127,-1.21179645002542,-0.644987687415319,0.160988696906687,1.20053674290361,-0.00552871392266172,0.21803026228361,0.346886503898174
0.185540027424992,-1.46557172236791,0.387068020918631,0.674180122256025,0.850179463361336,-0.699754150695969,1.69614873280667,-2.77271409872089,-0.681749098363589,2.99409648245999
-0.737152249472061,-0.479438195546666,-0.490399715131736,0.280581157912725,-0.282349241457115,-0.682912072782869,0.921303197685932,-0.0586814990534271,1.74895449071595,-1.21245198727506
0.1844852218611,1.90811113143088,-0.74514362064099,0.73426018107293,0.00335099016381524,-0.354798548843663,-2.92746408458724,2.78862349087038,-1.61760815601752,-2.48756500032377
-2.01574965929247,-0.238580016372501,-0.542831057619772,-0.66065257547208,-0.465054455710158,0.388847967175321,1.25572557089171,-0.253333748534746,1.55981300912423,0.358574061624719
-0.427508797722261,-0.877907285254051,-2.30641413562565,-0.153341804334154,-2.86539237619383,1.77154685063179,1.28924817471268,0.81214395737644,2.80843462998806,-2.12168757906488
1.44834633249087,1.52650367211413,0.352263269267267,1.31660941904116,0.329784646835279,-2.12370422914773,-3.64901818632926,1.482172645401,-1.03492728887836,-0.628416028916445
-0.245269014245533,-0.411990454935381,-1.18670609468233,-0.0806167551202884,-0.772554664122842,-0.152276131177881,-1.00952977358279,2.01015593344097,-0.2262700757892,-0.556280093984926
0.0147700312587782,3.03983807112868,-1.45369691442881,-3.12974718118748,0.207323840245881,1.32316700620826,-3.65357355319719,5.55939049762949,0.357902761733148,-4.76059217009339
-2.41488107044035,-1.63537915818748,-0.476041950033211,0.286244055193915,-0.563900911069508,1.37787530681789,1.75258812030666,1.16595380968822,-0.132864420824252,-0.483131014244866
1.03523134226225,-0.292047444463285,0.368125655927392,-0.488669113535484,0.296212077074666,-1.10729029234945,-0.622350219760619,-1.61633293470383,-0.887730341868895,1.10960170960875
0.569284359638177,-0.347492326083546,-1.15008505144086,-0.116487103480051,0.157570800448743,1.14088922939139,0.18215026300904,0.14492794622149,-0.0166486559190502,-1.23042039876119
0.395637698518173,0.0220616155013693,-0.0271476800941524,0.10851070525188,-1.24654888453698,-0.492904288352845,-1.81525527691147,0.992377121849504,-0.204050999850248,-0.605479273417213
-0.405529296602939,-0.293870620749028,-0.366206632322554,1.97429975746659,0.199887838798752,2.74148618011834,0.649829036045606,0.857333898916316,-0.855700035511012,-0.546672672638243
0.381259398912,-1.92170078777055,0.666233762495735,-0.796276489051267,0.803227993498101,-2.15859773161183,1.44552208559975,-1.97830679393816,-0.798153250805078,2.06525208726965
-0.922300489532701,-0.448531089382545,1.58715407172272,-0.0957858376659188,1.37630940209215,-1.29485006872079,0.711918930198862,-0.501325670893323,1.40359841288375,3.18217396135987
0.134235241675322,1.1397581710686,0.138607922988639,0.172123988073365,-0.663745175748389,1.86533779358777,-0.759694495153255,-0.176379079821853,0.206951387017247,-1.03462968518749
1.33204808049691,-0.076417370482718,0.0552689386488359,-0.130136070368626,-0.558111231707961,0.370436695486604,-2.5865057708904,1.69783517103012,-2.33400544514434,0.614978576697284
0.609852126841982,0.216844817768323,1.29503125508742,-0.535411405035852,1.30701365226242,-1.01307555525844,0.517519761910164,-1.14438076182627,1.08492727509434,2.12670804834705
-0.0623554848098127,0.769281148114233,0.204633497351866,-1.09525892660055,0.98368402457188,-0.58231153991102,-0.822537046033435,-1.59636693601595,0.177524500875534,-0.57645055606286
0.160379736070454,-0.269928480254462,-0.196363836274156,1.31930222930114,-0.844992226087734,0.145722496752308,-0.84985546899489,1.37945666455349,-1.97110833324666,0.765628919571191
-0.17518262469176,1.14505402205142,0.818347420907277,2.20280326073742,0.12338287698656,0.496218012507008,-0.219292735407227,-0.522892571357293,2.71166895052263,0.985121328523035
0.589509469064078,-0.940936080617295,0.318327245081751,-0.0534327348869241,0.674514096242712,-2.90652912949695,0.430295763382593,-0.0279550906672487,-1.30506933599367,2.66533350414215
0.451130506644067,1.76826021387473,-1.22302931958087,0.712258736546354,-0.766080340795267,-0.293073820237063,0.493976124667055,-0.114050671845916,1.58079912207336,-3.9179035662094
-0.738171343606857,0.219092049274049,-0.699390213434532,0.556751255813406,-0.80044885017755,1.51665548486767,1.27989659628683,0.508750094666939,1.72199450810917,-0.0795703298615064
0.245039130681439,0.913186073285445,0.988508360258031,-1.29476912949739,2.11539205045881,-0.11387610062145,-0.928620579972861,-0.325935798467064,-0.816979686974268,0.0481557832789445
-0.863917430646609,-1.20387184281219,-1.93521204741707,2.43323649770415,-0.473679728788888,-0.0753123180872271,3.03047188109834,-1.12895491595009,0.655867818211541,-1.84840705770144
-0.405125454498887,-0.808649444747343,-0.900672838314405,0.199164410958471,-1.03915867080467,1.08115688847502,0.332373653684046,2.49054631526382,0.261856859904261,-1.00869222981652
1.5974045033306,-1.44304369639886,-0.278427310135745,-0.791080171654056,-0.71328733170026,1.02612701467022,-1.12948780218233,-1.22841563741845,-2.00899454053575,0.339824881355595
-0.190342068951496,1.13090987600023,0.189527608479463,-0.992453238222925,0.756547095350662,-0.70284541842088,-1.84066670159142,1.39218849873058,-1.347128263435,-0.120368483407066
0.775916621224469,0.37690695307947,0.340463261120337,-0.691863252690657,-0.256536059882645,0.42829210984475,-2.32745854750971,0.104133191329001,-1.86901020964155,-0.773302435657877
0.72402857807393,0.0793148542470237,-1.18949389756955,-0.25931698124728,-0.458234681658412,0.512251035422294,-0.232475390841085,-0.486756675199768,-0.311546825685904,1.47385409136157
-0.670583142841762,0.489185642701028,0.462629585107802,-0.543540589149071,-1.58893178809075,0.0667402891453935,0.511136161467258,-0.258752136389626,2.35654996942537,0.0593206079515886
0.23302623970986,-0.0907786799229871,-1.25044279499828,1.29684262280289,-3.54026299960048,3.09162339664659,0.376792890794473,1.59723536118288,2.47925409786049,-0.482700495979699
-0.924664822457292,1.30546419672791,-0.901603103218328,1.00025588609483,-0.77869935731717,1.78098159130227,0.767181903410608,1.13162325313684,2.20250756707537,-1.88332825700822
-2.05400511430875,0.253013022938273,-0.627020340388056,0.85166441611602,0.228746608982608,-0.0286891365048441,1.89063458103265,1.74622133729932,0.866543169245324,-0.596358736130274
0.39377051520504,-1.08341269712034,-1.66530192792442,-0.870327889410281,0.327643343969917,-0.157284393247717,-0.66826584773975,3.31509379639258,-0.144895692886709,0.092797273047462
1.41851006489659,1.87579797915055,2.22528549212368,0.970081282459861,0.842836721429086,-0.206826721862549,0.141020695455396,-3.02497392028466,0.88847784701217,-0.472396399451302
-0.496837774204378,-0.480072465345359,0.0291954931096835,-0.349720067584075,-0.48851145120411,1.55995710857278,2.75125513976922,-1.64779885900606,2.75414051876667,-0.454242055782506
2.06321313122609,0.336193335858104,-1.29249584823253,-0.722041839164197,-2.174983786821,0.31150637677375,-1.25253828879766,0.98120374598855,1.27439617845733,-1.70454234692266
0.330636872783448,-0.734578548120915,-0.156945406050283,-0.362503142783502,-0.273363936286221,-1.31944911101324,0.321401356253623,0.717474090746812,0.808359797515567,0.559072430580118
0.424584345538465,1.10092980844201,1.36596306484895,-2.40518398760325,0.914404570869181,0.62267324761022,-0.328255643882502,-2.13599709324807,-1.76550126307481,0.726637452374576
-0.675994065981119,0.174241344994245,0.636137428898419,0.796385329955083,-0.600261187341017,0.0371971206256338,-0.649496103471483,1.07565650136791,-0.0448224177547202,-1.15243778628044
-1.39311256681652,-0.652409735912295,-0.0486279233926213,-0.197582113291127,0.759627365515268,-0.0594172488475932,0.324867123238508,1.21788754711162,-0.332331064914326,0.52139749250632
1.00107132623158,-2.75859731751259,0.123562766548996,-0.0738566582168616,1.47888217007683,-0.311477248154468,1.20406325495392,-3.71621872340388,-2.25482766649245,1.49757587885701
0.5841061220851,-0.419544694345618,0.356956749087592,-1.1601214699328,0.687337234708993,0.0849327358117751,-0.867472208317112,0.418642444118769,-2.06161075242133,2.27445952150488
-0.490784476064889,1.12429596287228,-0.531536158037393,-0.562241474626488,0.517990602285235,0.449544638511039,0.165694080292434,0.12046021659944,0.6639664468139,-1.06240696099213
0.338884539576317,0.582802727816951,-2.54980734697394,0.595348018169808,-1.61287971326597,0.975313955223163,0.470017273296715,0.768519533472101,0.872704443684949,-2.40880147586032
-1.23986195873045,0.818492749441885,-0.621979618632357,0.0563264868682338,-1.05981599254544,-0.345941968918958,0.246043981939181,1.49604571750396,1.10861312052828,0.132983966001203
-0.273720075540081,0.312823791974938,-0.0593378390576296,-0.628509454136471,0.619241815681733,0.15025381771488,-0.239682486599502,1.31071541190539,-0.594025044775923,-0.51037575469616
0.333382582113202,0.889151461622044,-1.09024006629339,-1.30784195314204,-1.23364224954301,0.906267525477536,-0.138950355730973,0.615446020141083,1.37534606029359,-0.456157560630367
1.64298285310714,1.81536380019057,0.138381733805637,0.460979762199088,0.697477561713911,-0.704178443949597,-3.9469125287216,2.50797183283133,-3.545286751725,-1.02656411516747
-0.285799857867717,0.434980066324267,1.89360149632964,1.51957350559618,1.44272984747328,0.0171197403981495,0.752477905782024,-3.02414032540594,0.897684202918555,1.58312648181615
-0.0247625776956447,-0.700017467248365,0.504924966971359,0.761028710701521,1.97219427116846,-1.95669126893132,0.352126082376801,-1.62603192949936,-2.73613385419695,1.78052447016845
-0.457719673019187,-1.04001084352943,-0.738272850113067,-0.175707949690711,-0.398591743392857,-0.138411217032329,0.936362547166291,0.424650532960578,0.426034547707934,0.440306390098948
-0.924292229902477,0.455292627406611,0.205386739696605,-1.36157256601089,-1.36676633877016,0.56266176941449,0.181914414606903,1.49999013736443,1.88061207787068,-2.05894106468026
-0.726679808897207,-0.326138521943634,0.404546486702715,-0.730273650131533,-0.587655198886042,0.842786448329956,-0.671618486657607,-0.0609083326867568,0.0657200807021035,1.34092529290513
-0.46534628436346,-0.687406381152408,-1.33223461653379,0.815991210979126,0.525916939506729,-0.890299977479222,2.44748643214871,-0.754503332077552,0.280334696662263,-0.634904737193776
-0.245096316054612,1.48471437906404,0.231983348759458,-0.206518387936555,1.22858237649831,-0.689887461042297,-0.273819057117025,1.70159341630127,-0.674297583064613,0.387468008180737
0.906664664249026,-0.182417808146344,-0.137819485108028,-0.695233643738438,1.31714646554132,-2.09132715329986,-1.0943694230632,0.987101311061048,-1.57523444965321,-0.908624388119829
-0.0566758256457405,0.0442390640359486,0.296836209288319,-1.24172285193334,-1.69445429381789,1.60926846464711,-0.0811014280033198,0.181321973339225,0.893335430396383,-0.83983725355038
-0.495663070669709,-1.04089292578232,-1.66213308409517,2.3140432010182,-1.40860058126466,1.67428149873987,2.22690156189393,1.29552439646307,2.83172144287634,-0.0404779726975804
1.72884350255649,0.000282762281436678,0.261749515617393,-1.06545320360463,0.579962452195617,-0.960822317236201,-1.27128911799094,-1.8574993590285,-1.62046766792721,0.784036112803096
0.209140313897279,-0.466589439239166,-1.06537939755444,-1.15409994235242,0.226075511036266,0.697463065310457,0.338881002498924,1.28014475629423,-0.5170903500389,-0.225259705246801
-0.42360341912905,2.09281290164831,0.845389345693102,1.11893419789772,0.656532939236387,-1.64158772767523,-2.4054461802554,1.83920076018206,1.07930041835669,-1.05457152881713
0.351965938680249,-1.30298574281798,1.48023011975862,0.898829067194331,1.01448266272592,-0.706055511325485,-1.09447810159015,-0.415322724100249,-2.07399991836791,2.32843993039641
-0.739553177523374,0.253719852768641,0.736513935769823,-0.45115670602764,-0.340188122331424,0.904436743168541,1.52588241976819,-0.270639702886784,0.762109466159169,0.0215510793181462
-0.521084613243217,-0.230936760775318,1.921049146838,1.02898367978743,1.60688030424627,-2.32083998581821,-0.186724019825605,-0.534979665333599,-2.44962915366485,2.56067214012175
0.38094811823597,0.311706890080114,0.251514275030921,1.16518942141748,-0.100199519358429,-0.547663910973709,-3.46371569939623,4.03994824401131,-2.60898006980489,0.835252964211509
0.0645199989517259,0.427221009722051,-1.11662007440783,-1.66253939520289,0.0951735744041518,-2.11438543227043,0.00753650879388323,0.444715561529968,1.37018250400313,-0.145481009435704
1.69758154930046,0.170304756034553,1.43133228369163,1.07469254931635,-0.472810749917827,0.705662379321616,-0.993679235848976,-1.00557835617585,0.726810150458468,2.49838791437016
-0.338646327636279,-0.726013544359228,-0.0132055451222445,-0.232111029571507,0.494564440100315,1.0855601560965,1.40164343811815,-1.02670042040305,-0.722603653778285,0.284324823278047
0.0765587148617322,-0.882265107623039,-0.139267913474996,-0.954525186407085,-0.166363603541318,-0.885277097105236,-0.684663980356967,0.678391387668731,-0.406246660222636,0.329119672425305
0.304583967392889,-0.0885268428753407,-0.245475694398612,-0.622923216827408,-0.372526505639026,0.249185159138388,-0.221721836790859,-0.222044594750112,-0.959394966502504,0.0582751336805366
-2.69391049539911,0.114953860089108,-0.860621673282276,-0.77766710909003,-0.658453606238938,1.66992315593923,2.36046208543477,0.274662018542855,1.88659077062045,-0.755628273163684
0.37119699480395,0.21248427031723,1.21604164276347,1.20676538639337,1.69695923373926,-0.12931956109948,-1.03322705210704,-0.8465777322118,-2.20328743241432,0.762115590605612
1.40725617392897,-0.757324169229748,1.36846132132075,-0.321849680189185,0.32611142263487,0.501491226609981,-1.69101540525614,-1.10266275635033,-2.94865652490109,1.03343451096017
0.537809003458415,-0.0575780208039497,0.955366865790413,-1.07812933773458,-0.875433295534538,0.587077962591951,0.157988003506382,-0.821580082104487,0.664414757922676,0.482047059910055
-0.290063816533135,1.03965093889072,0.553564052145638,0.49174553644833,-0.517090539430755,0.0505222932170823,-0.840013812205837,-0.782051060108492,0.547522554199797,1.50632534667197
-0.883261818559961,-1.36717525630924,-0.12187516873411,-0.394766376912452,-0.479042283140544,-0.145681653367401,2.14935758025039,-1.89109324183812,1.0236803156392,2.63664714830041
0.424855904132793,0.455263747082972,-0.331385525456195,-0.330820323374835,0.943475373397048,-0.323262412937422,-1.95028739864708,1.0921861679918,-2.20710571992119,1.16958850245369
1.09084633752489,-0.680952313584063,1.6497408390275,1.36254639496368,1.17527267724284,0.152025925092574,0.247707227252104,-4.01407269683426,-0.992711181738937,1.72131683556002
-2.08265561587097,0.0225344203234131,0.132176192671192,0.142712195773918,-0.0291983224503437,0.0707448998005361,1.60231420465894,0.740965222630376,2.87380120783239,2.29350408476679
-0.264335700236454,1.90149726663557,-1.15824296132667,-0.20194779834081,-0.578660075584012,1.40021051559185,-0.701119826334354,0.580704312693404,1.91331746239199,-2.09029206163492
0.0827912389407539,-0.00487232706555851,-1.3292174472286,0.975810603725507,-0.596416838843092,-0.136571378802274,-0.367267213318285,2.02052149971709,1.48741395241824,0.656916917738444
0.718013497533985,-1.13522306898405,0.029237492842555,1.26460050688375,0.850192352972541,-2.03356424573459,1.71096364402173,-1.071032318999,1.08665243152328,1.7930684927208
0.721624855932373,0.560772152117241,-0.891838891691142,-0.272853211867421,-1.00540375157252,0.878201974131944,0.0484400660669508,-1.33037704233166,0.558955011610959,-0.714567970681264
0.213356759134056,0.979273032361342,-0.0737047012355984,0.194680225770176,-0.0140823972094466,-0.346911892315922,-0.628109042487716,1.08590228908851,0.783843683948118,1.37782977358014
-0.918794098079279,-2.33745509671323,-1.25733878898897,0.3972889403479,-0.122165582809455,0.144023736146918,3.16138141342859,-0.672950961444212,1.15943874405147,0.951278174027782
0.00655044448341806,1.45148308078828,0.198191585603167,1.14186535860058,-0.678388910029971,0.457903162710032,-1.17797506989754,0.190228804510601,0.634567364979524,-1.45584296848627
0.141527883892171,-1.18206376017435,0.574448762163153,1.70202446467029,-0.0455542689336599,0.952653874559701,1.66162512040364,-2.16795623135586,-1.27513678494539,1.44818582288988
-1.31057339474926,-0.33994878832085,0.285593099583832,-1.22221356513419,1.05206930752429,-0.988473681600859,0.55081068601029,-0.474888576200242,-0.424687432807064,0.872654909211355
0.108499455636655,0.126334583634987,-0.447319008253148,0.44213324251747,-1.31046026399683,0.605736023610031,0.459956267027054,1.76666009487519,2.00993961315142,-0.525024984461127
-0.946574831442495,-1.85186045094534,-0.901629561073507,0.568924219876065,-0.123419585529115,0.708296933399321,1.97893178804512,2.06915257117753,-1.53210970799563,0.9906192274955
0.658318597055127,-1.7682651393126,0.360292747489146,-0.791929569016219,0.502618794561039,-1.00159481834293,0.245930385979605,-2.66893568869695,-1.33316124196071,1.40590557153648
-1.11760827189909,-0.0763546075898304,0.890259050451536,0.253887600147435,2.99578225138179,-1.61758392868058,1.52204575193378,-1.04328205720876,-0.976560803194873,-0.173188242020604
-0.597375311279179,-0.202908870877256,-0.391384652973767,-0.317532219151169,0.798813401403195,0.203401244839483,0.455854050488915,1.77947256885904,-1.08623732463373,-0.774492252812201
1.57502077576261,-1.2403852882596,-2.05781276914066,-0.369533231567916,-1.15531138901542,1.60572222000821,-1.32318187100674,1.35733727026583,0.840645200429408,-1.20464440539524
-0.602183175683175,0.643770208212942,1.30031133188162,0.620810238728769,0.929246889342427,0.182303645336399,-0.786305573855015,-0.570534294663566,-0.142564627728261,0.282047534102712
0.353190012379331,-0.894786244205046,-0.887930963374407,0.131501117043989,0.165927896155623,2.75300856946018,0.0231612067183155,-0.489322797196825,0.607893275366036,-0.141039913132564
0.41834203377699,-1.53673776016933,0.937349559419612,-1.15066194991083,0.686322900612643,1.92680337684837,0.845891451503971,-1.78029340057859,-2.84135267646255,1.6286387740178
-0.0857052783648722,0.775087738829595,0.366632834492942,0.187944750684454,-0.453576660070128,1.16186431190663,0.655623037059643,-1.60955597122233,2.03901864539832,1.53925009840612
0.101750698409641,-0.877881707686577,0.254091794399778,0.217284296276542,0.910564623163828,0.281943061412111,1.01883193883643,-0.531166872926662,0.000114970867504066,1.14021500355219
-1.14682780001246,-0.458514107434814,-1.65958297517209,-0.745136219560201,-2.17015370701148,1.2924611376786,3.0048562457239,1.37691000577563,4.34613518968327,1.40237338256355
0.404316565594465,1.33616163628174,-0.0751090649934082,1.05426647096411,-0.446779526771777,0.511904538536733,-0.784425982782486,0.248331177701572,1.45312349662591,-2.21522700007173
-0.380616248093479,-1.28211326333787,0.198344588720308,-1.1362393791999,-0.928810367671687,1.72667093805293,1.66315130244604,-1.96409287678648,2.18947011388128,2.06979011380261
-0.352696547016113,-0.168591236525526,-1.98924082898151,-0.564153467090862,-0.2916596175779,0.202921153649861,1.1689536345576,0.0140787559757809,-0.931832353286951,-0.447385343466219
-0.948252698104868,2.03797195120496,-0.330096695388409,1.53747351129733,0.852258309340762,0.531959209889758,-1.24521229906689,2.29262813496375,0.0800518762677603,-2.00644359268464
-0.88898278625431,-0.830663631007115,-0.679937710148716,0.374129078103588,-0.164941151629806,1.683153378582,0.752023981871507,1.48057853241456,1.51097471341669,-0.11353761365696
-1.44090793002127,-0.579887003385755,-0.550938301785054,0.139059980631105,-1.604068107808,0.887042489085287,1.47983272010715,0.548101694032176,1.43129818097483,-2.50257755826787
-0.658158973932496,-0.952986482152019,-0.103163692447103,1.11965486781233,0.27707691061421,0.79108075842658,-0.563761179911126,1.84459808047339,-1.08341669009751,0.488099808749664
0.372013881736152,0.737095910779928,0.604679392802628,-1.27427931705395,-0.396408947855138,-1.26254082715939,0.359551401379012,-0.442263122809988,1.57289786255028,-0.863585795231993
1.0755195233799,-0.24192737778206,-0.4731048745975,0.691054221177797,-0.201711026312751,-1.14711352642259,-1.81275044191437,2.20744620891709,-1.24802993441358,-1.6330468433119
0.65998916789807,-0.10776330191608,0.276223793042927,-0.703254651052337,1.3952056556424,-0.25672020112832,-0.674348456043076,-0.215849175429887,-0.927679842247521,0.342674119176251
0.747809623271761,0.964701089194533,-0.369049980255712,0.0644280073995788,-0.479987313933304,0.184018223563175,-2.03186453749488,0.878194866663027,-0.465540828752156,-1.22814783579228
0.467267770854929,1.04570545445055,-0.931909383079792,-0.322205137629674,-1.37570498545277,0.541068269168251,-1.29542215781465,0.905266273607733,1.94772733253437,-1.05506481432949
1.02857353340106,0.0604037316677419,-0.404632578367968,0.0451534284054756,-0.0430949992762811,0.0849280388987449,0.207862992453556,-0.784293394348035,-0.491710687589873,-0.507423660448756
-1.14008520523141,-1.4696668963569,-1.10868590917238,0.592375376136127,-0.436427880622835,1.39471108732676,1.94081428529921,-0.279162402678163,0.269365028822207,2.19254209895647
-0.290383598780283,-0.0330244859742357,-0.296882404146808,-0.574317651160792,0.691468766521165,0.592530537235417,0.326491879504365,-0.178242586355551,-1.95365563575744,0.0132362764078176
0.589665282655604,0.481220267008411,-3.32386631370092,-0.0138297464720834,-2.62341830496276,3.29968984328424,-1.23087541097987,2.53074825288436,1.59503343933202,-2.71313187917912
-0.0644142865171656,1.44347712160948,-2.06898773948276,0.706473863632161,-1.6808318288406,1.96000289607067,1.06105521700304,1.6418249598406,2.81904169294236,-3.14148802282136
-2.14282527264709,1.92123727258991,-0.000285079583678658,0.921504374319272,-1.055462669383,0.859096467994559,0.186261120775229,2.73154554121394,2.97628868319953,-1.03316044511297
-0.124972202986857,-0.164039022165737,0.757612794935466,-0.494473806831422,0.776306266627881,0.239033137839447,0.820985422962883,-1.80323625134444,-0.376793799377168,0.31971663626996
-0.33869908462772,2.23498520722464,-0.234407467768188,-0.735600888015078,-1.06812036544047,0.849067110935259,0.0939416006334297,-0.397470717584846,2.62910678537996,-1.16052442695786
-0.981696364837891,0.703485743685512,-0.197681950415344,-1.35426358260505,-0.323768536520701,0.373574160914196,0.747591476364452,-0.64807457286761,3.23265498582725,-2.0988709693088
0.936006052782674,1.22946638121725,-0.258175381327701,2.1762345848336,-0.437219529173277,-0.126144091887306,-0.630689155563617,-0.393649540922126,1.13258147077634,-0.358937469722864
0.501503911894273,-1.50610712200495,-1.91085776331181,0.218108691409735,-1.60981580414328,2.05878800374394,-1.43967108000063,3.21917940563889,-1.4784755168399,0.207704504674281
0.532191108122557,-0.11463834401558,0.069420787292358,-0.379998917408337,0.233702310920895,-0.688143936840647,0.0353513143618132,-0.304395328548289,2.19411325315347,0.7691760625697
0.109484022444506,-0.348311047082382,0.566471125818602,-1.48726914707489,0.206325691902142,-1.17855604179762,0.470041724362517,-0.664853152243621,-1.10402157826511,2.31032853983593
-0.536423643780407,-0.251839229465935,-2.93812702122447,-1.67978569589398,-2.11584296665991,2.50892387899383,0.274819152031465,2.62183131928148,1.24738197780401,-1.38755179637024
-1.37569224301168,0.870949181356104,1.32950088799004,0.7158212526218,0.901791630552987,-0.899709915719296,0.462846681251534,-0.854982944444476,1.72799487085177,-0.445309424625381
0.436398697312754,-0.236455874128145,-0.364028544870158,0.94648372377004,0.647812630529393,-0.781391366112954,0.551373040983018,-1.96052857054274,-1.24870828317242,0.462415634422295
-0.0293829013038382,1.37468134083039,-0.557152493636189,0.680686605971033,-1.09998179954939,-0.371951641375509,-0.766270993571822,0.173297456000347,0.178806619912512,-0.625173651306032
0.241680652635362,0.206823780998604,0.270072573783794,0.237245447966755,0.421997709313831,-0.0997725226688428,1.2565077397274,0.583107178695684,1.55797976698192,0.488402956836825
0.840348146079918,-1.09285162311612,0.278166595783855,1.45586944332222,-0.497430863389064,-0.0954180277510491,-0.327003243889619,-0.654755143178343,-2.03995827917276,0.135970230837121
-1.34036091841824,-1.40774669280581,1.49328296644675,1.35865903661141,0.631541154461653,-1.46302016416197,1.60695936988436,-1.25099959842033,-0.107584084353532,3.00640069340407
-1.20962059610937,1.74254294787771,0.0128464788126051,-0.758556749966889,0.0645612252182826,0.817748501427934,-1.05748467558869,1.63713268487627,2.38824111035916,-3.5735173184043
-0.568569142278822,0.905261294248848,0.986043620987302,2.45845067228424,-0.0482128642039835,-0.141448579410656,-0.763952255148784,0.423561127397851,-1.04158470322346,0.820865602011575
0.188547610602095,-0.169309073601445,0.624456908107007,-1.05419752844433,-0.657388359567893,0.92993046950539,0.404206849693352,-1.21575344837048,-0.1374260513421,0.182544631543831
-0.91141662846565,0.762620247282087,-0.155116909086423,0.060861774956582,0.847011829757932,0.150770063956248,0.33795954215677,2.03649765488204,1.21131216640105,-0.951596504046014
0.380783144866989,-1.77285353941467,0.0695818712191345,-1.61781623159433,-0.0471794697301562,0.270223094520309,2.5450837760623,-3.37049540274482,0.394641345608183,3.79140138289885
-1.36811012603706,-0.896149172162729,-0.479141354360015,-0.407133361126483,0.117145360241385,0.717902160974142,3.02167204809098,-0.459469250829364,1.23998638538028,1.11376319079314
-0.576987625618436,-2.76842446789162,-0.674454734417391,-0.353010499793784,-0.375816854717033,0.30997255667382,1.56686767628885,0.190210790017827,-2.77307074511793,2.1994122305798
-1.3326456807933,-0.0516200768256974,0.186918222450778,0.48188099498294,0.256863180401104,-0.766584108900379,-0.147823042051438,1.72080620776342,0.870540361787479,-1.04018405956992
0.641531198227478,-0.343123388562734,0.153714908205417,-0.704604638971194,1.75387193317564,0.179018041695625,-0.105575373318486,-0.167301630973678,-1.57742289640751,2.41222433294754
-1.57477512870459,1.3838400883626,-0.152600695153906,-1.23140483763996,0.509499014077933,-0.157287448113036,0.508993401754015,1.60566070727478,1.56335404842224,-0.386072405543744
-0.264436854006389,1.37348776931722,-0.394739104778253,1.04731386003648,0.384499942763536,0.190832678539045,-0.703384636586219,-0.303317007503015,0.55639684986417,0.295344920697207
0.98640609743625,0.745510341877732,0.531991382606232,1.75714553545845,0.182301791685538,0.767355256394345,-0.797457027790396,-0.913423524571206,-1.86746550462891,0.876822855062635
0.433818356898697,-0.146939631915675,-0.275338274328216,0.0777367286355441,0.195131740183655,-0.530365073387352,-1.25225129066144,0.870397848853469,-1.79349627512739,-0.771471385108666
-0.0224941004467988,-1.26654207109814,-1.09337670400677,-0.158003537714997,-0.674566896908697,0.639515918790102,0.300282113078008,1.07171758719869,-1.9078129120428,1.20016703064609
0.153673862640229,0.31067734843016,1.98540805511606,0.762811714460589,1.89912136425336,-3.07680624016546,-2.7735623806579,0.683441670696576,-2.66928858019618,0.650019178792336
0.505461182713795,1.8888204476541,-0.114505022630773,-0.339490361825456,-1.49410998393047,1.37375438957463,-2.4574888529866,3.56991233615969,0.210617480570769,-0.697962310886565
1.10877176837852,0.203465693306717,-0.109007105984164,-1.12715758135528,0.820814538881518,-1.05952867301434,-0.590000737483355,-1.49855837629022,-0.33579926416823,-0.189781969820054
-1.80899497699827,-1.53546180339994,-0.755494246314897,-0.708784178297137,0.10471598125141,-0.565877476646309,1.44881560573507,1.39725073643966,-0.118914980860761,-2.02000052365531
1.0276344556939,-0.974599858895312,0.98595171441071,-0.112941980365815,0.361814977527152,-0.357112849321798,1.34006074970724,-2.72458701991538,1.12562331957436,0.959795985717784
-0.48308583413703,-0.0182547739343592,-0.1966054822332,1.94171849091223,-0.912736698970589,0.224919636355181,0.967245541385225,0.450881069275333,0.434790395629428,-1.08013355190141
0.702364123345607,-1.14470235529984,-0.374749786065406,-0.395069456930405,2.10814998066509,-1.55097731538478,1.36787480924003,-0.822112776960857,-1.23042220057854,0.154581908891499
0.620877712919024,-0.638881610657655,0.494686659905451,-0.548921255245113,-0.253111333744921,0.426298039824797,-0.289021774112464,-0.833775195305194,-0.504897055830013,0.872045413330516
-1.15982880384315,-0.0407348949508794,-0.866525933510625,0.118960612343171,0.0420577212029056,-0.615305008338305,1.55236928306926,0.395625843499161,1.46671346315497,-0.289285564841359
-1.03268724663719,-1.47762721268906,0.993218971245484,0.268360593453016,-0.0675435280038583,-2.34710691498717,3.31051709962579,-4.10468808569191,1.74778526853466,1.94584589323527
0.700315970314313,1.25354825090072,1.35442487117876,0.315705067901055,1.95775242761519,-1.88336157676336,-0.550499546469437,-1.56475179013956,-0.719678995115022,0.816537687896609
0.50474326379765,-0.329989180827253,1.64561076843443,-0.39866996961476,-0.823279004088188,-0.185620626557056,-0.958908598010815,-0.310758823453607,-1.34777539233841,2.37110793265329
-0.0854127382828713,-0.611530343828467,0.635849489859713,-1.26777274192024,-0.391012821027708,0.277655391015683,0.997943822057396,-1.93034202842911,0.156353368921799,1.17551303663618
0.300329301704155,-0.767434809778344,1.49710935674874,-0.26097070521726,0.381783392913604,-2.53553929295732,0.939811043797795,-2.49595995101983,-0.476029495478754,0.949373156428228
0.86101957538534,-1.59874202001118,0.373307630143607,0.21051016693065,1.0340452271192,-0.430555733322214,1.23836092698736,-1.53322207466398,-1.74099609696076,1.34309242168201
0.00922373765734213,0.14831163090923,0.518824949760792,1.54064329451233,1.07334824463084,-2.06883168692347,0.983509551100974,-1.0317240810538,-0.343311257123788,-0.509723356914919
-0.411295110120825,1.0505032644969,-0.971508393417999,-0.0940684421060308,-0.549408359451701,0.502246731271724,0.237716608886258,0.148336295440171,1.27473782023671,-0.476652445596224
0.651696125981211,0.419877638749135,-0.313099476297873,0.911093022572463,-0.650162690764183,2.07292130064989,-2.09714967616662,1.79198110262055,-1.02944805109269,0.657760376186866
-0.437766852432523,-0.209479471997374,-0.0832280063466311,0.439961777421387,-0.164670897378468,1.45615245837924,0.771889950539459,0.413597907834168,-0.0741839786877087,-0.138500539158919
-2.37701029852529,0.243726312734085,0.24947715269079,0.875155218266885,0.762095590782428,0.532889811169053,0.881065248764944,1.98908512371482,0.622413316479978,0.13797041197213
1.16080322540594,-0.53819855661929,0.414093939916592,-0.388303961613981,-0.208527340976984,-0.290520503038176,-0.274822195476077,-0.629661912580182,0.0563058474694023,-0.24154648227727
-0.577271540072219,-0.385254582207364,-1.42397001306439,-0.359307508598704,-0.956707408643331,1.32265263995541,0.598966919462862,0.256594690099099,0.890507607728136,-0.57493855577378
0.257423033268679,-0.738819509857637,0.832130041816885,-0.166084767142227,-0.785153307746379,0.358437701438379,0.441502923435395,-1.14402198274779,-0.43468007848802,1.36453923753767
-0.348826596578783,0.440351622810368,1.55820412875802,2.1315638380918,0.660470467276351,-2.01781168087715,-0.153664642512865,-0.274678489345109,0.841781888271837,-0.693207346423801
-0.549229317085711,1.25021073220783,-0.769314240274756,-1.42102388224546,-1.97771678507853,2.81184467527364,-0.921794735392317,3.37795919931214,0.672876815931387,-3.56731698632304
-1.50330511329693,0.896441539434119,0.0219310044827794,-2.60225543026421,-0.100168118232841,-0.0222234148607051,0.721577993210608,0.454374016413741,2.10503678536917,-0.733491870849158
-0.0918579402400472,-0.969171620676578,0.000306960263871725,-0.413254192673738,0.799195296391379,-1.01891840767968,0.214588519967618,0.467330447124613,0.0154985644443891,1.02283022875376
-0.954198865088091,1.00527526444142,-0.010024955798988,0.0208234632392109,-1.12341918701824,0.349534835303279,-0.993965307060743,3.03111617421574,1.81974386482975,-0.720775532204177
0.549637190595987,0.00991310577949839,-1.18539066817053,1.41243584528837,-0.637841142879133,0.421613797411273,-0.992565767380154,-0.338120031923523,-0.138532622875141,-0.208371916709926
-0.184357193769812,-1.40176669439085,-2.07880795218573,0.284668792531943,-1.35146732317993,2.2036476202288,2.58300217232148,0.0892839034528368,0.261336866371763,-0.0713068685729375
0.202712987326847,0.219381768893682,0.00665967380060521,-0.194515870798,-0.00507654967270153,-1.11950802742321,-0.145283192743791,-0.677242312338631,-1.6359227485546,-0.0223893591987618
-0.330131615978769,1.231985977862,-1.00557391129108,0.116458922428666,-0.553671029072349,0.282521751267639,0.0891389805610638,2.29146183293991,1.20282241508279,-1.68063024113256
0.766437822198257,-0.186303190058113,-0.564587624671176,-0.215497453873599,-0.500489448468821,0.531139631939742,-1.4102694847948,2.24065585669889,-0.4007009336834,-0.483700655622121
0.249410229569646,1.17311591618798,0.0626705247208189,1.38732605060582,2.58523727495539,-1.85251375436586,-0.651659138595381,0.0497558943255231,-1.3048499336568,-0.529119719206208
2.3690686580001,0.558854100882893,-0.202770113366064,1.98155396933084,-0.471381078409924,1.01145139154642,-2.59374411962707,1.01134599702878,-1.37519808613954,-0.567447611952664
-0.127662459097315,-0.522156015270849,-0.909577530028547,0.436239497709699,-0.834390153830756,0.119129771233956,0.914088198058484,-0.808446580454233,-0.136186481253441,-1.97268080590204
-0.581678509656616,-2.35522481454065,0.927571077010729,0.430929190843728,1.06692452824191,-0.14071773937525,2.35159266789073,-1.3602496877486,-0.795541178631987,3.47542069719438
-0.188431864515949,-1.52442267743431,-1.73526348602371,1.04998554431681,-2.08852695946442,1.95031526071964,1.03435275214084,0.482746977819245,-0.783994139522854,0.0597491305347404
0.638699088123656,0.571501608375218,-1.57399806284339,-1.26057760837453,-1.96296018738036,1.85659172892403,-0.60551658596217,1.66841954315809,0.848955322902382,-2.63149084705431
1.8756778756406,0.0861301711138835,0.462908820219561,-0.914579915570049,0.52275993845336,-2.34604691815046,-1.01043345283335,0.0911110805086159,-1.77255057904979,2.00447146310381
-1.91631323886802,-1.72687051334634,-0.794740424391925,-0.13177859078654,-1.54928915362506,3.5172473265266,1.94471522255123,0.248909555861526,2.02782210172809,-0.364273855870472
-1.16070807811877,2.28215802688249,0.322575319828199,-0.704300655104526,-0.907684340418704,2.51019722257164,0.475619158787241,-1.33969342334986,3.00297878168809,-1.37730925484118
0.166555111438368,1.16379821846392,1.31315454018769,-0.329102233565728,1.89345638674424,-0.411370340933165,-0.422136736274122,-1.56878678037541,0.251277897526307,-0.041011549916738
0.322656447737295,-0.0725935388892936,0.692695253925281,-0.925701466231728,-0.157640983921643,0.984351480270504,-1.78489333705963,1.08944631450888,-1.00829573242405,1.30523861383023
-0.456479984605792,-1.86102383427628,1.67255207805121,0.438580037407277,0.970894064009485,-0.658630521912739,1.77080263118071,-1.9515847433279,0.308737467274524,4.2346195867431
-1.28931836835892,0.990730034950074,0.558530296142778,-1.47929154286779,0.324727640701994,0.37259483682329,0.472185804614648,0.546591608686025,0.496121812203599,-1.12478510771076
1.12567178344166,-0.720584267852671,0.374432312107934,-1.44026056183225,-1.5946359582054,1.01340482182868,-0.049987036690078,-1.62007083493603,0.0632833703347245,0.176402582222589
1.58386631379709,-0.73419471110216,-1.8320516238548,-0.528780506103027,-0.814176143670672,-0.315509944630729,-0.590118670877233,-1.52048312167994,-0.959082161540806,-0.627219888072029
1.49131769769101,-0.765392982182464,-1.98974356314927,1.13787599180308,-2.43691407078326,2.35583638885024,-0.431652400784764,2.03797615400914,1.14766568826202,-1.19020064457881
0.0253917276158426,1.47869174178151,-0.0968819275760456,-0.215500749407365,0.596288382646878,-0.393632581663285,-1.13836668925994,0.79803148287094,-0.23045091575885,1.01592755609882
0.861575324360342,-1.36719320747853,1.67815747588933,1.98522765850352,2.13181080558512,-3.39755710063992,-1.09802037353268,-1.1548625286583,-3.04806382302331,0.398730938074169
0.513093412246665,0.116708374186574,-0.495437116898433,-0.702847966799936,0.457984419419071,-1.70243978519854,-0.882623401048681,-0.509500285339054,-0.659406155595228,0.479389257001196
0.885515991009774,0.259823248676707,-1.10328500044938,-2.44454569863839,-1.45118637943265,1.23460488579956,-1.35619201129968,0.836998446097767,-0.0759857642152209,-1.39976406599731
0.335689035517264,0.0626824875499209,0.540292656048694,0.847117777002168,0.899790921266801,-1.06155390557072,-0.699398918629696,1.22221529987445,-2.0865734310327,-0.00405149663042831
-0.418587541383894,-0.22408306106822,-0.728874663922875,-1.17504922110712,-1.36159031586497,0.905326727561144,2.06997245624462,-1.27443797509816,2.3348675065856,0.33485004144358
-0.867311336070729,-1.40889053630163,-0.149391250677418,-0.79786969477391,0.363465801115305,-0.354921917309945,1.31869836193503,0.0924203786280259,0.401907064359987,1.75703793323864
0.448955252240978,1.23909256724739,-1.73467884306191,0.99553170635062,-0.124374731136078,1.11813414758024,-1.15255922733107,0.69334988779395,1.44149213103644,-1.73799699702852
-0.766463485680306,-2.00614474182835,-1.76763261125687,-0.187369107986407,-1.19895527578057,1.42148692190647,3.19045061067484,-1.13016267367281,0.260883216229107,1.93589117761515
-0.585059335961009,1.86973631617509,0.78987822437629,0.0372195107979455,0.909486830243963,-1.06611080045219,1.71304985954187,-1.76478517992332,1.27826263653133,0.225517584782966
-0.421960542280908,0.109597052230199,-1.31464387724978,-0.44061618917365,-0.841898530402578,0.230464461005752,0.408377179167724,1.44354371636917,1.02570049543673,-0.694159437435231
-0.350161959957841,-0.093385517985858,-2.01808566305229,-0.860491547958113,-2.09065831980288,2.24195467859737,-0.438018509220824,1.44339860569879,1.07770324866231,-0.513173326125748
0.26120099995705,-1.4892857109054,0.237582727158087,0.0568379132340386,-1.02650441303686,0.904637801766536,0.903615080043906,-1.60851687087658,0.917947336455967,-0.0883890249854443
1.57594681716231,0.9286034894431,0.81634476068249,-1.24122911157859,0.322614867932548,0.0930532650705473,-1.90594996098951,-0.0657049804912618,-1.29436117501481,0.985896580787544
0.127188838868372,-0.495742397176722,1.00206657235846,0.33083363146116,1.31733838492991,0.342288358964229,1.4360924091927,-2.57220021104944,-0.841078040436122,2.26286167862147
0.275944620064587,0.135158404493019,-0.566463885277772,0.57183190886632,0.0407838995255037,-1.33102882562699,0.541989747704094,-0.829716452160388,-0.093346730236565,0.565523002651932
-1.41311965455987,-1.78491440399032,0.260381755217777,-0.487278749961207,0.516022450900451,-2.72682065537028,1.47380273374471,0.438677256200166,-2.12091041542093,1.49926797575117
-0.101651568102584,-0.815858378228334,1.4893964835639,-0.700322617478596,1.36124766479472,-1.35906820592988,0.57163813897036,-2.4022427505835,-1.37578836209408,1.44240520542805
0.753472774531398,-0.428361204387683,0.705644166590232,0.905957178855349,0.920621442952398,-1.07491227322603,0.1182647163423,-1.55655491516505,-0.982569899000039,0.452214163374037
0.686240247787817,0.548234284459126,0.385507355627097,0.433451916369547,0.960912012930588,-0.526382409751126,0.852372048425071,-1.42565464744406,-0.485499201015652,-0.696905824429697
1.26743342822865,-0.448664930997234,-1.62826188269764,-1.57615787665388,0.405974694021998,0.151445721636921,-0.357310370426589,0.440003007153221,-0.384886255642445,-0.708265153333604
1.306706564526,0.942010672336748,-1.26480662481912,2.12106464562065,-0.285171398246577,1.92389695311562,0.278379566199131,-0.0183418008862878,0.890635499553699,-3.65216746765185
-0.633041004530476,-0.525665861986853,0.0581720982896815,0.98159064909433,-1.07874472615381,0.338681936878909,-0.169229544924958,-0.0418785036690866,-0.273626007080118,0.484881979959352
-1.07900702248894,-0.867079461599279,-0.440117105701435,-2.26702591914347,0.400419997062405,-0.592668674866958,0.80125154562562,0.780291581531009,-0.894103451197529,2.98752765275571
-0.0882904276657356,-0.842330095713396,0.0908413633593373,0.635934772246488,0.569419886285088,-1.16131515601042,1.57437134802921,-0.307780078969431,-0.492915693585815,0.470966475060078
-0.725080745654027,0.637856064406337,0.839269367242522,-0.484558303329025,0.85526287913613,0.0868348926890867,0.374641767296678,-0.227572373366545,-0.379093272934233,0.263623461771499
0.7067797280617,-0.517348672804862,0.852858575013681,0.202632205022573,1.90938655156284,-1.61056788124778,0.27965197117981,-0.175051904231048,-1.96244049592958,1.62764465584201
0.66147192226894,0.151392099389707,-0.0264986192469182,1.05086939539348,-0.397481109818406,0.910978700296872,-0.224812116916137,-0.914270158017969,0.167266094290747,-1.15418181122655
0.199362227445686,-0.943373522714014,1.44026277872782,-1.31669307232268,1.45647083092465,-1.81895797189857,1.67198564227476,-3.70129784420217,0.288156645304846,0.564209312157732
0.0136712508120472,-0.20944274893484,0.400455531242133,-0.811863836913356,0.986353636006657,0.521328176636598,-0.987699883029294,2.90265245164919,-0.25395708612198,2.46038351767764
1.22755360889266,-0.850429115739953,0.154118898614677,-0.824722526074655,-0.527193254135777,0.476403353923268,-0.884572581734523,-1.2152314513756,-0.753732394089705,1.0833766999733
-1.43207255348969,0.824484984246881,-0.425064373875629,0.871474652397561,0.436298087762978,-0.0360285840362262,0.764814386744823,1.83969123028726,-0.0331780844735259,-0.339973765607893
0.000414400782500712,-1.04043860367255,-0.897439474747769,1.16582796748625,-0.597749165458828,1.38518997357819,0.531118584876437,-0.41522740571523,-0.116509048424464,0.187425332281485
-0.658908303415194,1.09102688506355,0.134684565217157,-2.24760447890114,0.777119370264752,-0.572855216696974,0.536526347382515,0.419788392052786,0.34762984285585,-0.0614635546972741
-0.0920635506101439,0.305157369925162,-0.613065879116578,0.0762517810515857,1.00288482752815,-1.21534405997933,-0.0722454169446963,0.980039812648768,0.781954681641899,0.0336176061913305
0.388469307378096,-1.84203681116355,-0.879007523779337,-0.52961797928045,-1.43077092490835,0.45407189881696,1.6002483470763,-1.55300668970597,0.368558319172969,-1.27337841609515
0.504472234892036,0.884318764017331,-1.29268633388467,0.12596736005751,0.304654270992211,0.0541498684695506,-1.39501904832551,2.36878309751559,1.11461826887452,-1.3254387868975
0.00480688993948425,0.49571132437992,1.02299625212653,1.18422463006578,1.46405695228432,0.542019356458399,0.535068164436618,0.0749219283158377,-1.2629536128408,1.11185417542933
1.30930874397658,2.60557260627365,-0.113256082534562,0.0866116445434953,1.20678165640669,-2.17994703585295,-2.95297743585235,2.44090022867734,-1.23405480962879,-2.69024492169247
0.0376978846538303,-0.907379375420851,0.0988819654297745,-0.393348630092787,-0.200495830183548,0.183634083843068,2.03678552628161,-0.56963522169252,0.317688104262611,0.335578840355037
-0.223016403344745,0.0622218451213924,-0.099435092671608,0.539837073796654,-0.161206439670389,-0.475398839143844,-0.339846721641295,1.19037701173631,0.196469991474018,-0.299950968858993
-0.76123314489501,-0.591916035723696,-1.90914631287153,0.587503024458208,-1.20385103851099,1.59897597326461,1.05932372570751,1.38878649603798,2.33719780515909,-0.512538936851375
-1.02457922010143,-1.44639150167805,-0.0311350617944449,1.09150573945823,-0.20249063599144,0.555757349416111,3.05330409372988,-1.07377385241622,2.38360701540843,0.739446086170319
-0.491289351526069,1.29189725336732,-1.46086430626431,-0.925903098530388,-0.56827846985361,1.65625047786167,1.85473613673311,0.155402887691427,2.08718972192067,-2.659318198853
2.09891165664026,1.60874704727992,2.96558878601634,1.62805339208109,2.09310118904095,-1.44491928632642,-1.92135669288155,-2.93943994758633,-1.26854084215638,2.15261661422633
-1.15405384884915,-0.0880474845545092,0.297448702261411,0.276035305749504,-0.193671046062965,1.83844434403686,1.05364422925869,-1.64928295102833,0.426714673940296,1.58626602658651
-2.03946217689619,-1.3134028069456,1.62111995077491,0.747336054160604,-1.01837675345364,1.90919540056137,2.7913121979391,-3.03178139114443,2.21096412553856,1.15403599092265
-0.16976894124164,1.38403566253241,-1.03046077668485,-0.418511494299396,-0.342916625605702,1.26862014427502,-0.792232181753087,3.04911342139593,-0.886619430737193,-1.444205908199
-1.38949834366627,-2.01355261892895,-1.36065574011016,-1.23106968072336,-0.00338911401757657,0.0471718368101019,2.32956073158543,0.183262765399125,-0.437146501725626,1.58927860840654
1.62466807247204,1.29029841879492,-0.726012553811208,-0.797219077550344,-1.44015410115238,0.99404216586134,-2.28713489381654,-0.0877822690055431,-0.748724501814874,-1.20363937982926
0.170479040317174,-1.16706074616133,1.38055830250191,-0.827654018158037,1.36252776424988,-1.07083663700713,-1.11522868701474,0.161842172346993,-2.14934784987455,2.42390908363746
0.0355001885795497,0.904826530769003,1.22358361745579,-0.212423845278034,0.566982795402107,-0.541592467020267,-0.703420107820011,1.29730167026144,-0.371695240906261,-0.743091648722857
0.626747845415877,2.58230421391266,-2.42563270004592,-1.34328173654373,-0.876026014566799,0.707732850861907,-2.54412891100775,5.53701498867001,-1.41637450437197,-3.49409420192701
0.396582308654267,-0.388994790192022,0.504321451812484,-0.34185666902109,-1.6047565686917,1.2026827707323,-0.197012958407999,-1.26672716504684,1.71238973470382,-0.182754401637975
0.486556918563911,-0.50786077014061,-1.3853922190919,0.339762643520218,-0.0216696244713056,0.442261423331941,2.02330027764925,-0.827044583878683,2.05131383844243,-0.837729663522787
0.85619433396221,-1.13433455728881,0.436423051685652,0.462189954166763,0.0617282732720011,0.276472630323124,0.785942275824876,-2.46950924831081,-1.69234856812725,0.686033849198841
-0.590130836385926,-0.725229093707761,-0.393382078253698,-0.742918692349414,-0.981539488991689,1.36924435497381,-0.380290740336483,-0.979837701781885,-1.53798165243133,-0.127998561651911
0.737963966258687,0.391238439362977,0.794736969492363,1.09205264520112,1.25405583731385,-1.97527613237546,-1.81888238528724,0.910002894851125,-1.8139107804325,-0.142399678035804
-1.6279323762842,-1.17947884819356,0.0656093336950054,-1.19257479082943,0.823119344827494,-1.52468756906355,1.15831708307954,0.727875760192734,0.172705491269923,0.72310446823596
-0.46452957801964,-0.0915265330223787,0.822747909456331,-1.47658433828742,0.839710356467693,-0.703709382033311,-0.833051866287191,-0.37334063813704,-0.756373243754689,0.72622522487083
-0.309727057935738,0.564837717708537,0.300360257855884,1.60550778284605,-0.109681057548281,-0.161832846396723,-0.522476070841965,0.935847377504923,0.908205220324646,2.02535481731643
-0.592334880634213,-1.40570255481124,-1.35437662628978,-0.518555974938542,0.526506328235839,-0.327056469077279,0.60001666334459,2.66485406387988,-1.43713592529708,0.266350110848843
0.819122746644693,3.17440159645726,-0.140685940639689,-0.0278507034490097,-0.0647903456401564,-0.939138547783459,-2.78725125906362,1.57174680784767,0.730688370879289,0.195959456943203
0.289355977254072,0.517666187463033,0.583738695445851,0.249010791971161,-0.286609088361593,0.107923321054445,-0.64038064560573,-0.836635504166379,-0.082919854784667,-0.0251253934222306
-0.619496635644658,1.38138582643602,-1.21639922387936,-1.07807769153556,-1.45648262212476,0.834259149474454,-0.39596711984785,2.37509653598171,4.6741148866239,-1.34802606740185
0.0820319012527601,-1.24228307763252,-1.63207447747242,1.57620971805673,-0.830458610729826,1.94853598569139,0.640910959429701,-0.417922164959473,0.882587323796585,0.470830220347705
0.0298407580467837,1.69523780350025,0.0576149994396505,0.471609731959867,-1.35533638106888,0.708118509240854,-0.853521525364356,0.101711015173724,1.08600171678473,-0.158907091940091
0.336170608911796,-0.137570914262913,-1.07929475214001,0.699331773775775,-1.83107446961491,1.20331656086819,0.445816247119809,-0.339052192130293,1.56845332299854,-1.2633730647114
1.52168307861396,-0.327194979316353,0.58205598877487,0.592342542896666,0.68626091781015,1.60159068313556,-0.409278171816589,-0.622544230514681,-1.09732961589842,2.13888889170292
1.68435712007039,1.57293055887356,0.616951552583101,-1.33380055920078,0.714551699198838,-3.00537458513043,-1.20972923917663,-1.65199580550259,0.240875141885079,-1.38398524294007
-0.26471903828109,1.02673674456066,-0.0301795970554539,-1.26000852417006,-0.85973738153082,0.391863921095432,-0.964325357024448,-0.0263273311382161,0.570211990758774,-1.63772772199157
0.158511681604276,-0.607106867931632,-0.374369847877717,1.78113217291369,-0.916913618961284,1.05411810438007,0.0395140978110829,0.626596243872708,-0.607724699255145,-0.516685493262625
0.405151410511683,-1.3717803591083,-0.993292702156581,-0.298178412475634,-2.08902955780354,1.6201906216395,-0.595102864261508,1.15670211919037,-1.90396147399484,-0.336971360467655
-1.0348623984638,-0.0122021449817007,-1.03927413617668,-0.594360785312153,-0.619857671091386,0.0693109380790644,0.852596744621286,0.25811802174977,1.51425904176725,-1.61340647960463
2.54992957630141,-1.14843791368804,1.63017072344057,-0.165584254380294,2.18498482641296,-0.464655036621255,-1.46390138129443,-1.69183256285208,-3.85202874285676,0.486047283618542
1.09053825173451,-0.292530280143179,0.102659361804326,1.03839711249675,-0.548521761118644,0.00867406526014613,-0.541916133401816,-0.676255592110636,-0.860601331724441,-0.755010595262206
1.08195211744876,2.117479537178,-0.507004081865274,0.579709811167024,0.377554048474759,-0.331977325320683,-2.39767514590537,0.787815527457914,0.165416476264709,-1.9471797892144
0.48349693037121,0.57088097464626,2.04652474531618,1.78214566220136,1.85609631352143,-0.721588497665902,-0.664265787555765,-3.0399532703955,-0.77812828312444,-0.252851135141328
0.338087597830809,-2.29062418457089,-1.26250293070305,0.695391356431388,-1.77883924955634,0.952840448766284,1.69426609049474,-0.355025901093767,0.706579625910228,0.0310810696010926
0.189199083796089,0.904810271656187,-2.15880325005975,1.17297801657567,-1.33602572498324,-0.118473735670233,-1.20843013861958,3.1646317102517,0.417146447331873,-3.40663319765595
0.511793589274029,-0.573464308880014,-0.517226670520206,1.4308475497778,0.0395172770580478,1.21504335398418,-1.39933375791787,0.729451174185024,-0.978914492700119,1.11116169221786
1.16127324780565,0.127309240571457,1.12599491048112,0.75163859603708,1.24581715721627,0.0394259768964369,-0.948995212393464,-0.519286323601603,-0.775266529286887,-1.1273775388145
0.0198380213198645,-2.02989456216259,-0.193114905223563,-0.0740320112461063,1.07188266849436,0.308439851377142,2.0741866347975,-0.861725022654516,-1.18474852738174,1.64419788767967
-0.503467523992183,0.38048290762603,1.7777524374876,1.44164818369143,-0.0660404139934028,1.07079032746703,-1.20851612370883,0.386339953330469,-0.532510631030115,0.344786395213518
0.555215440762116,1.14744070320471,-0.466004274943909,-1.28011991536663,-0.508648727656319,0.0207581536058196,-1.19307580198912,2.81425015781071,-1.56651985252869,-1.92466019064182
-1.06658790980214,-0.739397924811706,-1.94494270121833,1.35311835283448,-1.03608673247889,-0.59119329925846,1.77968262963949,1.49776399842001,1.02899298660608,0.843588591633356
1.83391410677264,-0.326724548575402,1.08820820073448,0.926096669973247,-0.462846853182724,-0.6154089259546,0.445847181362578,-4.49566953282802,0.567996753278474,2.0651192119512
0.66182833661756,-1.38650825406868,0.255981272392651,0.362818229592953,-0.785778334700459,-0.554389803515742,-0.464263525634105,-2.13493263778777,-1.18750066549113,1.08783465696694
-1.54814028090661,-0.246914190106576,0.390729515637916,0.511643170832187,-0.970730983847316,1.88930167333652,1.55262322049613,-0.207441655786721,3.21892292055537,-0.0163712547546398
-1.06521257134285,-1.9507842533014,-0.561834020234816,0.58670576944002,0.803139302003513,-1.78322291515321,2.22845600015095,-0.295337595562222,0.878961650427842,0.855725859543192
0.578766824683015,0.153353444559205,1.37595353021524,1.33684865025477,0.666946977782386,-1.07232599721489,0.539833517860935,-1.30411181095966,-1.25948429568518,-0.49885848028836
-2.16792072426831,-0.171301925841075,-0.696072576854577,-0.913610267404454,-3.01303970369377,2.9654763473036,2.73553430713598,0.00916428225583799,5.20795884965302,-0.0821519728735162
-0.315013928471499,-1.80834286500644,0.0771750001039254,-0.53795000883472,0.345218259509049,0.985866003756503,2.29939771874933,-0.470572308226664,0.0741218352796883,2.59292366226149
0.89343704637955,0.976974882886555,-0.568655467639051,-0.496176100668863,-0.650042724630589,-0.255240876022829,-0.955113019798329,0.721333469007507,1.96478116006516,-1.64289649170233
0.701787983055942,-0.215336020199469,1.00709306356097,0.0760096402132239,0.0873572097169284,0.828133624501262,-0.6231093948452,-0.584034242783994,0.538607362957546,2.5650115826569
1.09820944103146,-0.88449350970011,-0.111279918060681,0.478853825248208,-0.367482064771517,0.35632080771082,0.270476119412185,-1.93492600875686,0.411274614532351,-0.232657576970558
0.210804945174962,-0.592128034119932,-0.224941061624664,1.4405188917299,0.23861272681276,0.00923490423081668,1.03368486130193,-0.976678754688828,-0.784775356927313,0.689747737472777
0.139624508413891,0.615993468044664,-0.976997316933028,-0.853168649418962,0.514578313742551,-0.207574411823883,-1.58228848346844,0.729380371674935,-1.12666201364074,-0.649820023447926
0.930205224363482,0.665711811692096,-0.32426524083413,-0.207402978015827,-0.792628581373616,0.767008353004958,-1.49645713896468,1.54258636890535,-0.0158758182566621,-0.170667884309335
1.9249106754518,-0.924184601145159,0.0787958101379254,-0.596265273957237,1.07798127855001,0.33213957279055,-0.411620617083274,-2.07574327983721,-0.353890925375408,0.564233204478291
0.363426529586899,0.845601772901396,-0.157205131994236,-0.584211909031467,0.777612444747364,0.281643102569881,-0.467481078032806,1.48262090302928,-0.0378561209719965,-0.339755228796849
-0.888489577760106,0.36339573857114,-1.13105743024288,1.16755772288452,0.524731060097395,0.78944325526301,-0.0456378875737741,1.29460951227524,0.677094592503744,-0.515955533979582
-0.0346623598358523,-2.2566210725358,1.62913012223205,0.00462969481387336,1.39107091659016,-0.719029638796452,3.92085473692618,-7.3177487979029,1.17467468689637,2.92678751185621
-0.90585660837579,-0.357031939394592,0.18323783406077,-0.459300171027284,-0.489220398232422,0.492209016762184,0.0276460308837748,2.00469287455012,0.0858498358498021,0.450706848349017
-0.446931767468433,-1.2985220200653,1.00994749710067,0.0161360615916845,0.968940241649366,-1.62754059885847,0.400796270736057,-1.76194917455009,-0.507090647614959,2.44459230186034
-0.21345556158832,1.82783544622817,-0.62052980779143,1.52592070867535,0.739900170889402,-0.862327085922934,-1.36268153573434,0.977313498476164,-0.483470442134511,-1.48113537290599
0.499657085037325,-0.00770565893755959,0.575530610923542,0.930179994860315,-0.119913255332194,0.745484934944453,-1.31036864313984,-0.541374376107722,0.0711269598335187,2.41198478001992
0.884921799931432,1.64774520023776,0.394799554575051,0.184570367062985,0.965328731203877,-1.52405254444583,-2.41856169278533,0.219853976731724,-0.867898489860514,-0.539173071740619
-0.738053217430041,1.45031759773671,-0.579148816634611,-0.519128971735043,-0.929602154722087,0.654910077429913,0.0890144546385942,1.12531515335532,2.58892647178717,-2.1575096748346
0.874171881606315,-1.24817828996008,0.208722437959304,1.05970128755115,-1.0479568196936,1.0372730813647,-0.457639428933392,-1.34149385029241,-0.255708630571624,0.326822038975635
1.17428626915929,-0.206315194520975,0.373989332518062,0.522238417258816,2.04956764234757,-2.19117898792282,-1.72515744522549,-1.04618403758544,-3.67292681633789,2.89336012701553
-0.134825297217476,-0.68080684967684,-0.0034034390611562,0.725732944632283,0.970007844598219,-0.952875051827569,-0.137704659699399,-0.687483700780231,-1.57616622280857,0.689504135369626
1.86079989796472,-0.173733789169275,-0.446654985442512,0.419315822545731,1.22581902838452,-1.62228089503349,-1.48373996249013,-1.08507929584864,-2.03947415323116,-1.70521807843347
0.180564876769152,1.38008130610881,0.15458852257005,0.781542424670312,0.86041942243397,-0.0672675062672275,-0.678382421235409,-1.44648760918859,1.33769841709552,-0.39882432820292
-0.769803843158995,0.791725696263387,-0.611934200658008,-1.15020194321579,-0.502530245304045,-0.136296683046982,0.693096192301466,1.60382290681098,3.15837259410461,-0.291402365754527
-0.555754362380195,-3.04153589851775,-1.37172326999224,-0.108760944078101,-2.98963685948873,2.01866409213665,2.31136343299344,-0.924328972901267,1.39413166526324,3.05241397280109
1.12789553238015,0.60874212009273,-0.429819018116019,0.471110227411048,-0.0135248120691174,-0.0631352565627732,-3.15526051890068,2.14034044549304,-2.64883956706207,-0.797908904227559
0.135329769008375,-1.94991768482837,0.677597018829577,0.898185124376794,-0.868493671672733,0.40221452393183,0.485183739313234,-1.56785871991207,-0.690015702771956,1.2152696691307
0.397493695117448,0.929067133649605,0.566094226003474,-0.776927238055727,0.213978501747315,0.357177073926786,-0.890125132414153,0.0136032019520637,0.23225032679796,1.96789547658198
0.809057435545577,-1.74473537711587,0.98150012889509,0.85454740560198,1.07294419442836,-0.0189611359125016,0.419307318647029,-2.11874987791777,-3.45967684983663,2.16786680061219
1.08795405592386,2.20540837188553,0.074353456361197,-0.801336625831749,0.233134115534141,-0.0723022995087566,-1.6470536944368,0.307576511396338,0.833712728244791,-1.8329562052893
0.070195327581855,1.96082067338903,1.00662536053735,-0.77394841749182,1.26256627913187,-0.214175765747546,0.0338533452993676,-0.18116114702302,-0.42923058516739,0.812558625188961
-0.533137237502141,-0.313443406429529,-0.223810614251907,1.0900384456565,-1.06451382247781,1.23628870354131,-0.791363797990622,1.03784584536697,0.600270824618784,0.724350735411878
-0.670882350184361,-1.22535716075635,0.0516893443741597,1.24170678490491,-0.494030339696422,-0.15228493151069,1.59014847945099,-0.818529368201458,0.217945322575099,2.00504533219754
-0.518464577006372,-1.10496598726143,0.477677078111732,-0.631457748795966,1.63059057398761,-2.11407734125652,0.452014506290438,-0.738686561280918,0.106140481786994,1.04463516869066
0.143965244726072,0.893881348265741,0.672060429253074,-2.28685483907342,-0.0523547290922201,0.704870879182956,-0.359978645841204,0.282092353248547,-0.162539671647671,0.861225163312699
1.11838079040302,0.519029642928938,-1.33602609394704,-0.0353877596562193,-0.195757521724542,1.35247326513411,-1.33904448222099,0.60300375770724,-1.26756875441893,-1.56668787285799
-1.37920120416881,-0.357299717921099,0.0138735558765827,1.60089725042444,-0.486494269298253,-0.801533434458815,0.141771825508879,1.82395050793808,0.379695989490932,-0.485828349703585
1.16127735019329,-0.517725922271936,0.234723550492533,-1.1398638567501,-0.167911131898467,-0.0212326461055774,0.798014561797058,-1.92409439256666,-1.26287756328277,1.99171166980385
0.362428762127956,-2.53261366835304,-0.10173000040276,-0.00198966585140551,0.260081852256349,-1.31657844419677,0.478941587690042,-0.890865453201577,-2.12395699096813,0.895350477925898
0.852164033382613,2.60136990287331,-0.619186732841835,-0.48975793031803,-0.458488274906123,0.0971838274278245,-0.824760232693767,1.45638132893685,2.02129396098915,-2.48118677662846
-1.42233455749428,0.403879633091019,0.403820712190939,0.920380516439378,1.1268886509252,-1.43970085857758,0.699370612816476,1.11946421175643,1.55434884068032,0.562154124120124
0.37804892460121,-1.18407102788601,0.141264294713654,1.89177704139941,0.713414868296758,-0.908580827338411,0.683429721346384,-0.192476221070185,-0.411453692189344,0.960526436305329
-0.25338055945309,-0.54767022140937,1.97364234316599,-0.138277439836034,0.400477237741656,0.0791967323948161,2.07922418148732,-5.49261213710718,0.619341551270294,2.43561170945046
0.600332232305334,0.0732739444284033,0.418056300483271,0.628849466089936,1.82444302571738,-1.07963128766827,-0.560116045561488,2.17281281496665,-0.782679494075017,-0.162919906642856
0.799931979279271,0.386740137933127,0.668879782907627,-1.37754016602729,-0.634684330729291,0.423267878495083,0.31284636728363,-2.20142105527537,1.88978352479489,-0.697947379794374
-0.230676244444285,0.719782390560738,-0.275156074581843,-1.9332372615072,0.970939752939878,-0.113007541940311,-0.295306002004841,-0.222932996842909,1.09256450705349,1.00995366739107
-2.33701050799092,0.767339655076457,-0.205888042584843,0.0128645032614597,-0.336371713972818,0.307597993513318,1.65599681804609,1.17531809278056,2.39993402256345,0.485109131719147
0.970980351323263,2.60372250974999,-0.666974132458551,-1.54742631865476,-0.0997462258496565,-0.518123964690229,-2.17147515027095,4.06156024725919,0.346136270631272,-1.31248946344794
0.273194944684829,0.499041252353437,0.329552494880604,-0.806216240329981,1.43679888806573,-0.265815577620681,0.746515222616819,-1.47047658404108,0.459331871210767,0.0462209974820457
-0.36996775759731,-0.109100829665302,0.137493867007502,0.904899432961683,0.525328391509967,-2.56979846307414,-0.25348341267732,2.04302582657838,0.927836198164424,1.08664630059763
0.735891449787407,0.932710942672941,-0.553742913899993,-0.446642292306419,0.728029387927221,-1.09125539523991,-1.33830445222733,0.688189795282338,-0.618079522372222,-1.10807051828172
-0.869593105770848,1.23607106758624,-0.594924788753358,-0.624090965247528,0.249207340990908,0.787981799613404,0.443871678178817,1.07374676067139,2.15021789677275,-3.5905967025081
-0.145697946988129,-1.88147657851455,-0.787431510362947,0.936093589308844,-1.09754838862204,1.73425180094699,-0.539142472245412,-0.112988371829756,-1.1158249972484,0.664967903988562
-0.299324182377375,1.03811370338834,0.969847388167445,-1.09527689474524,1.62715092812281,0.399111382464269,-0.42809093850194,-0.516248402882677,0.0159703462058739,0.550181944314903
-2.22107593766205,-0.865000074288287,0.605411603059534,0.255565424202069,0.514910579965396,-0.853735011957927,1.62238081587348,0.160707864015953,1.2341525148605,0.839777773304925
-1.18083545221959,-1.3222189596918,1.30711950223754,2.45283621028199,0.798081893664686,0.0969390185647165,1.83303262061692,-2.42722836741985,-2.13976326802077,0.673318435011149
-1.22628955547257,-0.578462471432651,0.920704099466617,1.09935030229488,0.989992086394075,-2.83474425280339,1.32615893384146,-0.12727783530981,0.0651511587588817,0.827356779594588
0.719510901923498,0.413895991790651,-1.51998390507031,-1.11756162829433,-1.79920989363638,1.07784028609727,0.204690181928228,0.99265376637244,1.41278996589539,0.00892606104474513
-0.0475132243910355,1.6442924035886,-0.209631503604822,0.655491898608211,0.949868229892615,-0.269280558957123,-0.235408822553155,1.53268064171659,1.81202547831617,-0.599524111103226
-0.020402289374041,-2.0795273048176,-0.0559490025257957,0.245402238624735,-0.88553290204305,1.06749168146107,0.669101466402069,-1.49932927878691,0.269644355009352,0.551812244185628
-0.192265238636591,0.58937734635786,0.758072537391042,0.104614227872683,0.454595397482992,-1.18656922097081,0.976712538606,-0.336303000218671,1.00967474882799,1.04338921559686
-0.333232654225674,0.910695328946049,0.388586273231087,0.221891132601259,-0.277841257642756,-0.848181121438116,-0.954923058191954,1.38588702372132,1.50435024168861,-0.473545949645714
0.624821303869141,0.452690347631006,-2.89116632795174,1.61205693058196,-3.28234559072477,3.31034914329262,-0.30259218195367,1.01640459000398,3.08145533905242,-3.31974511849075
-0.537165843888072,1.11990658554534,-0.798959961980039,1.25607217610737,-0.474782582277296,1.82764940288124,0.521015800462182,0.820559645898555,1.16295158301022,-1.00863355461005
0.147747140301778,0.911606697895246,-0.897125103876537,0.227714203665264,-0.359462607162852,0.881465234644959,-0.108343049374143,-0.155482374825767,0.970751588374966,-0.696636145312443
-1.96569182613915,0.0377626154709038,-1.80809628782,1.57960926448364,-0.70772509138811,1.05634314584723,0.767129470804885,0.538547722414808,1.44527740143071,-0.889628167852324
0.463138399559346,-1.33193556756076,-0.172014598619317,-0.268662654851476,-0.160039807318524,-0.334286150615111,0.332242074929405,1.41191798363254,-2.48955015313854,1.1079865250532
0.541735207421587,-0.302479322248519,-0.585232798546746,-0.661633626025255,-0.848327189581428,1.2374999900649,-0.926380793804923,0.238324814255044,-0.698388998300768,-2.26559802851279
0.0188040037208948,0.126537456931487,-1.34262601257437,-0.979788810992889,0.13908681161216,-0.627440818452083,0.533837934409244,0.286411401127094,-1.63304695068689,-2.24381277869245
1.68338558838123,0.211965253646033,0.275454935913447,1.06032988915991,-0.538404559198642,1.06505559074672,-2.62214611029868,1.68225987393808,-1.66313865931366,-0.772014876023724
0.547542383296571,0.0462890759968742,-0.866514712867394,0.535055315939983,-0.347742603246682,1.35005659166836,-1.05353053442516,2.10664113477606,-0.758392638848946,-0.688826631409216
0.225522849302063,-1.33145608096191,0.166560819774126,-0.12251742485927,0.0377362957794455,-0.889796773940378,1.19190418806065,-1.38625251401078,0.957612375781759,1.69934247251777
-0.69747087645502,0.0951860561175694,-1.09356512487697,0.428390376130343,-0.674418976598194,-0.888964878315877,0.611112265584064,0.0678136827203408,1.56536738396818,-1.49067887154299
0.471526062201098,0.387581705883567,0.344881869566817,-0.73430148622317,-0.479182197022438,-0.931371795335434,-1.46188151462381,-0.876748262159933,-1.26848448953861,-1.11427925196884
0.101706316845854,-0.438245700285104,-0.404250999660697,-0.321883518524188,-0.432977693333671,1.11460654883958,0.629002424040662,0.834610499380133,-2.2862125421936,1.13086244263408
0.679384400124814,1.44608823013318,0.177837676317772,0.743033968163801,0.213559071192227,-1.20747880275281,-0.726563814751947,-0.281556257222246,-0.198148872201592,1.57185070354003
0.398958634441337,-1.6549906319143,-0.772735364314362,-0.0953712387686385,-0.0832517621932448,-0.055348830449484,1.85874144124004,0.503869683258181,1.69269616512012,1.68298143189451
-0.102028151879802,0.397947281574476,0.408478905593417,0.334762881092856,0.575540391590045,1.18648763315168,0.925608711224873,-0.8442785230617,0.17958478128686,0.38241902406182
-0.592464257145789,-0.104354914256623,0.0451471026692736,1.38325932376173,0.378892099539694,-0.621039497218087,1.30891893103103,-0.516192765569969,2.56925080927619,2.52705004716576
0.809225367246802,-0.319111262637102,-0.450097940999991,0.430416652795568,-0.347596985162174,1.98760497816856,-0.660648265479564,1.07176646616552,-0.572990046379677,1.07665688121833
-1.43265457124671,-1.47387058995476,0.149443840561111,0.838042530015272,1.40103480436301,-1.70311848353475,2.84808133437937,-1.1598368321905,-1.24632637258508,0.877785554698529
-1.09746473468171,-0.839733437981682,-0.14483612064456,-0.589886522535701,0.602210540623921,-0.484990480918306,1.25267925950362,0.644214938299798,0.977130767748114,0.494207366630454
-0.141944530555803,-1.58592098940348,0.0508703084242652,0.936624769827104,-1.24546382276962,1.06289322126064,-1.12017761949937,0.772876446370315,-2.16815125428979,1.46901381012978
0.4119419844061,-0.2068323875814,-0.159278933695067,-0.368988507997029,0.514669507936313,-0.572158236099852,-0.721448546864191,-0.407520353030156,-0.0989440341174972,-2.04072757294212
-0.795817140112657,0.910390345963476,1.04220671554178,-0.216550386334199,0.609983704638433,-1.42687104716296,-0.303179872243764,-0.462550599308979,1.1028851383074,2.17957974797827
1.00283961288527,1.86283146892466,-0.466051313914588,-0.865569203567747,0.72614980580768,-0.610549079684945,-1.6433412227317,-0.0253424932967125,-0.557873696217549,-0.751609875587677
-1.39254740037878,-0.244818860141337,-0.898961831560378,-0.427845288180925,-0.728949950870347,0.339906616582215,0.961539284188485,-0.367441987134299,0.589872854897605,0.654200066790464
0.85088686761156,0.40104176266497,-0.30521441512039,0.233636046098739,2.18439644712309,-0.868808762605944,-2.08527163632473,1.35026292133451,-2.70837544244633,-1.31241410097344
-1.27756502851839,-0.451751076013835,-0.432161783098647,0.447796495053272,-1.57883930026537,0.737781222925725,3.0352527064807,-1.16903373204972,2.00338721430715,-0.0592718807345751
0.526853611837761,0.0508365787554896,0.972630628791239,1.23208345726812,0.764998262377268,-1.11117964874782,1.31028831394541,-3.38112632983346,1.386198764565,0.798875603439979
1.14002542219026,-0.342814933471397,-0.442945696446863,-0.20476960373027,0.451660726628871,-1.54509902228535,0.657043374308212,-1.53900082229739,-0.799575819048683,0.922006116443849
1.76965015541297,-2.1703783760793,0.649312804890239,1.69142870893242,-0.121370347760278,0.598766547282776,1.03612238696307,-2.39364466443139,-0.880287578560401,2.75478376434292
0.607759581463813,0.648709729746194,-1.23874002743079,-0.66359058733586,-2.02028512307899,2.62532827748506,-1.30158223894932,1.60823971238191,1.14255199858727,-2.55680563092102
0.464874007947678,-0.935744584628441,-0.0989269848477656,-0.300609553072197,-0.14948679265303,0.383909494619908,1.35067123333387,0.619863475048261,1.28437025787548,1.28604211459325
1.28874308475678,-2.20766446129465,-1.23955037202946,0.0532435765736281,-1.16270503165324,0.34883046591865,-1.80955510985393,0.704074606691314,-1.55976464163333,0.398298888180501
0.619422677035398,-1.42335320658943,-0.312387009040988,-0.509061598441817,1.05740238149672,-0.0923205523605426,-1.27314083258539,1.26658020824059,-3.68638012387023,-0.0936440414496289
-0.655342939075357,0.463572983192824,0.925779969547266,-0.500487648420093,0.690614991347651,-1.99567636230382,1.72016501996916,-0.781499657331534,1.21072332759213,2.16356112178739
-2.7289215039935,0.739481639632694,0.81739319824201,1.38173311704188,0.666419141608682,1.05812480942388,0.914275653112754,0.26119157599088,0.160091147128677,0.689979620676613
-1.79445772378137,0.916062575491696,0.11056997362075,-0.346704954992854,0.772500304558617,-0.530484175041213,0.912228026224436,1.18400281042894,1.64609509327442,-0.713282677689801
0.527564588810307,1.36084297051758,-1.08711706978117,0.67979723057528,0.0265605568485294,-0.157311752100976,-1.34422928589795,-0.348114619777824,0.182635482430039,-2.82346185531506
-0.10039488643711,-0.343810837912439,0.608051018014458,-0.690237279133817,2.39506166209439,-1.23892296751812,1.66112409910285,-2.78164630911842,1.67548600647287,2.37368394106385
-0.932078699909688,0.191473333516332,-0.655974306853309,0.845331307265718,-0.359946037310346,0.703554676648035,0.0920211248000309,1.01310637178472,1.56520645141981,-0.748043800960554
0.466998631546753,1.2521103477383,-1.02094766999797,-1.13269932105231,-2.9638441499865,2.52722654298463,-0.36325052173609,-0.53976479261166,2.07233445838145,1.00607721217283
-0.559989876323947,0.288658637399655,-0.838401118317271,0.850167076189565,-1.90845685171746,1.9577769874914,0.186827316620636,1.11795066175202,2.28804427775418,0.0697276639911625
-0.0818877340633798,0.513341790844002,-1.44595282894765,1.22384070164755,-0.48729327361182,0.222500426157177,1.30087535595926,-1.07431627600144,2.50328497989867,-0.267602992886248
-0.665943777760618,1.20848799153129,-0.00745943397916171,0.269676001080471,0.861210395510604,-1.0014536484832,-1.0620809255619,1.15271921717691,-0.447174723505638,0.918341383031668
0.191653914526022,-0.399003604272196,0.460194573365833,0.296589570931582,0.840102078687469,-1.08562367123306,1.19325187307383,-2.63313818228542,-0.190065761795011,0.816590103921795
1.4628574085865,0.240484897851087,0.568331431163539,-0.533042507986015,-0.278207702313176,0.500290399411455,-1.06062651137286,-0.636519079483641,-0.283398008108972,1.88534180914004
0.0887402521398048,2.55231916603601,-0.718205823504709,1.8144342465224,0.552061967984131,0.15266331640703,-1.23212548883529,1.95747193071717,0.320449087290113,-1.09367180722806
-0.251394202689789,0.974768768753745,-0.586179000015952,3.12517926082415,-1.36634759641104,0.624480822562881,0.18667736016443,0.0577172993325003,0.613794093451505,-1.40370277801882
-0.909845561895702,0.115169357260025,-0.349934929821422,-0.322726485562097,0.843401276110763,-0.444090594363189,0.793750117165332,0.104204122818966,0.64730373511637,0.159646188045712
0.184154675874049,-0.472872829163053,1.24896594506637,1.10260692590551,0.510259970479949,-1.35865396857578,0.144848552348803,-0.104789447553127,-1.85123213154013,3.24909188682212
-1.1159627543299,-0.671988764972197,0.125667586617367,-0.596815282989285,-0.126192827985448,-1.33221917182124,1.43784072556844,-0.357817531832973,0.465453230692062,-0.119329912692958
-0.797889158468492,0.650717048599466,1.77357570179183,-0.620465912940401,1.12260468842895,-0.394869930702299,0.120201279484435,-2.64647903472912,-0.44270159596452,0.938914787206312
0.0798064948832602,-2.56194479820472,0.881015610494423,-0.917355743807286,1.28575148695311,-1.5429477046799,1.03236367224401,-2.2598322563676,-2.81521630997396,3.36489707607275
-2.51180292342453,0.851536997951768,0.260173515600211,-0.74182411049122,-0.764211486460175,0.263660643011621,1.98390504226788,0.577570961613507,3.43841710153582,-1.72772805246502
-1.06648892551737,-0.84109766146841,0.634474066991737,-0.158227972467084,1.33200042532738,-1.62935544833528,0.925660241194811,-0.948078918930566,0.348392121572532,-0.214221726007081
-0.968723650534975,2.01897699369375,-0.242299679941134,-0.315060946742737,-0.219265605932109,-1.26462416990228,-1.19834959219562,1.72289723705775,-0.12301972126843,-1.73610926823576
1.29638671918201,-0.649545970587127,0.219368572505309,0.00486604257413234,1.62698392480758,-3.13888318180771,-0.354371289576469,-0.766494513083852,-1.46021030791498,1.15991941370797
1.27277560920603,-0.824228929677038,-0.320109641496147,0.212446439225032,0.161350871826374,-0.0118756432124312,-2.691832557255,2.54986908451227,-4.20400884028022,0.0804055123789043
-0.212241205262297,-1.40163015605809,-0.982781230289124,0.905825514721193,-2.22412549011355,1.39653173852182,0.993461385665995,-2.56954775933816,1.05816111319636,-1.47846810026554
-0.597034658675358,0.650639912222872,0.551045275064042,-1.4309061180174,2.0584064455144,-0.685532196706958,-0.129259211891514,0.55881715160997,-2.34065979183404,-0.661301893446674
-0.593785836688647,-0.102318178490608,1.8877235157745,-0.410263514530322,0.0238391977289585,0.037399301180289,0.717114006615274,-1.19048339715,1.29288382109029,2.19921776091519
-0.392349847759841,-1.57555438565199,1.00081798923228,0.0658238484392065,2.50486169884125,-2.91853294416838,0.422810820579929,-1.26608044575532,-2.09303948964415,2.66728598737369
0.952284748199358,-0.514011350715663,1.04905500762704,-1.11898785655229,-0.652457271685949,1.05171126444168,-1.7358239674692,-0.783762985562127,-0.924873829176668,1.74230732876958
0.432202590291476,-1.48588550231924,-0.932607456837386,0.596475376054226,0.831832162738386,-0.571039055439405,-0.422577574414125,0.155563741603363,-0.743656905315881,1.08880321282652
0.0877785599078817,-0.0215819023265056,0.690328819356965,0.100766062142904,1.19096435309623,-1.4244207809914,-1.66163685159941,1.43624764350857,-0.63416700850209,0.434434501923609
-0.299203806711532,0.923746641256869,1.43034156641532,0.379879005569548,0.530433223887473,0.0788365751636251,-0.741080066761372,-0.471472262565855,-0.081442227413461,-0.59053639260266
0.243308749607516,0.319383761654445,-1.6778300976696,1.16922944994801,-1.14317782014355,2.70025918522368,0.585369828486369,0.0470394632930249,0.945315279531874,-3.0378012001681
-1.05550334456692,0.675271624811976,-1.00994271419195,0.92235819695939,-1.47047069280484,1.26402007779154,0.444890164197922,1.54924957118542,2.62204511299154,-1.17453563063813
-0.936233014958705,-2.06217793862948,0.677949153934172,-0.306971520253348,1.449842145615,-0.460572201501881,3.54844257890242,-3.49413993161554,1.1095227912306,0.536837914322337
-1.04947687925113,0.516819510548393,0.886241298647251,-0.109153078809224,1.20646195409299,-0.643656978969183,-0.0722261538496161,1.58159549088206,-1.17257667316916,0.517724042213124
1.36963946979674,0.635062503848231,0.471413337760578,-0.97602767986191,1.97141326951707,-2.0585603523979,-0.374243455004892,-1.41489600216931,-1.22705813641219,0.964748266382147
1.84854674024665,0.683308197365742,0.9133201725729,-0.268535095061696,0.358043374691652,-0.657145011349259,-2.31676141454291,0.0454839726820626,-1.07064117416776,0.521775739897966
-0.689394781454475,-0.724999571734512,-0.39852668216138,1.35931192091853,2.06462361448445,-2.0286391367913,0.703703991461488,0.899000793497993,-0.855760060779282,2.03793177951925
-1.86510484858465,-2.04869602524811,0.702476944987649,-0.550155912655202,-0.281025425357521,-0.0825781708046813,2.03650693506374,0.653974923007955,-1.54762351322103,3.31344307091425
-1.46377841920434,-0.909573924328001,0.081395287353169,-0.655009917117573,0.361758899507311,0.310382456085586,1.39448605977469,0.242357896344099,-0.116895103754284,0.403285112679283
0.394863674044947,1.08583698144925,-1.88568985179037,-1.19385533194699,-2.47514902589444,2.90817667726574,1.21329549698124,1.14770368066716,4.445482115802,-2.41805249224843
-2.2291005555154,-1.74926364661325,0.784753190631387,0.0230363718821396,2.17823507649332,-2.3376884177804,1.701601669288,-2.08413248545077,-1.39013136775105,2.30996973938757
-0.245155118372951,1.00695646195118,-0.561235258032145,-1.10973400096121,-0.914366928688074,0.556405740327532,-0.692810318849566,0.0933420879241806,2.82966878338448,0.954442481864614
-0.119660894246709,1.29416656397617,0.446136116870103,-0.393157181891491,-0.537677817900698,-1.72799910911512,1.55279570258471,-0.859865780042791,2.6546500781841,-2.39066443497567
0.388482106293856,-0.512347477355472,-2.20804028771116,1.64622654350645,-1.59171880980723,1.59228944898187,-1.067176383885,2.18339088339407,-0.482336059134028,-0.984007364709588
0.737680057891947,-0.186110151174772,0.127081758967562,-2.90355000098298,-0.954497016186996,0.998728990710527,0.10270018821937,0.735232428824905,0.797480741438617,0.77376343352736
-2.24728583908148,-0.270879251472158,0.582933944955133,-1.18716686760069,1.55952372495335,-2.66363303680563,3.48056532388772,0.0611950387244909,2.67624365669881,-1.44235340379189
-1.83648019556616,1.00142622908101,0.0783021361024403,-0.157508354819311,-0.534723184239275,0.596415927255619,1.9956148675256,0.624969751784909,1.90174572155185,0.88846624101025
-0.58170240905155,1.09534664535676,-0.186782466145014,0.0356516182618514,-1.46169972400148,2.61199069472396,0.772899632193257,0.49590797478447,2.82934070179337,-1.08763134577467
1.96333883572714,0.675329318088806,-0.144708972459915,-0.32672671452656,-0.951565105321198,-0.40717606900345,-0.922664541693257,-2.28882518568685,-0.54539990447218,0.140746345846215
0.115849037346277,0.926107442856319,1.33416290453332,2.44536527051478,-0.695105735294672,-0.109575950367815,-0.535019811760384,-1.50351959602022,1.43699798883672,1.72103820928129
0.494444678296973,-1.42322027868913,2.01047515235335,0.227518729561361,0.831782052911666,-0.066385061420711,0.760148374536769,-2.81132580233224,-1.66528411198023,2.64923816877754
-0.630841661202642,0.0504431714151731,-0.372450166987729,0.565621543785412,-0.241745158622996,0.0807455603610194,1.86535388645845,-1.22442578501368,2.13031622001588,0.521190726362087
-0.401905318869298,0.414110992694886,-1.04603384881568,-0.514109632986894,-0.923131969275332,1.61496290651651,-1.38768878201009,0.914931775411195,1.55836370589351,-0.830475999495403
-0.384007944508992,-0.236446935608392,-0.846102357246228,0.0911718949127456,0.358865519695983,0.601653848104559,-1.11216145876482,1.22615864901122,-0.939500570204298,-0.473186923862676
0.511788223604146,0.267645184660113,-0.898783219883387,-0.767927872842193,0.927790159455372,0.0633092487868934,-0.994104592016394,0.865325537539425,-1.31728656742491,0.38277013807168
1.11067079242964,0.367087253843658,-0.450350675892144,-1.19898391820116,0.495991131638417,-0.437003019788109,-1.13545314718839,-0.904367417758353,-0.437464816168891,1.90802715446606
-0.187470110573626,0.166934770305158,0.360773285134407,2.08713812690341,1.18657461063422,-0.697098977300006,0.798848675573518,-1.75899579610041,-1.58626886445257,-0.691760157346482
0.568329004455442,-0.189383720366824,-1.29309909403843,0.774094320015984,-0.0799934264259178,0.380650875623111,-1.20943248836885,1.75224382850935,-1.87644488672801,-1.61070229434718
0.441085793645302,-0.302740400099149,-0.654075148730946,1.73985678284776,-0.201983045412103,-0.558279734379248,-0.956632002713555,1.88697877479513,1.16114704119878,1.2128779811472
0.476786688963954,0.512438677782183,0.595495452254327,0.179687253378879,0.282926560340744,-1.49150209103516,-0.0643265310521829,-1.72940481953923,0.255108521633388,0.773277353009049
-0.774526895767883,0.822121029814262,-0.777067848146537,-1.13688502886214,-0.559570013050934,0.828922059570422,-0.00324369434951224,2.56345377289622,0.584904977782552,-0.965962535207021
-0.520765108354316,-1.18353970076864,0.00481062338061361,0.557264421084246,1.35126131757577,-1.09456036827781,0.625550415169963,-0.206274808902599,-0.377801158363209,1.08979431306244
-0.77549777603847,-0.654286028788432,0.192114980005758,0.44698076756947,1.39539832063329,-0.998419009168214,2.47368953500775,-0.595253081322416,0.0071406477150876,-0.431704016368254
-0.112237853502876,0.491412204523395,-0.820363046074372,0.16915509423568,-1.63104023988215,2.2894673491591,0.798798828477048,-0.269186899877078,1.57942584198064,-0.347232644045302
0.150880187094318,-0.0895026269074144,0.553901122627636,-0.837702853074603,-0.022790066036801,0.0541942652785019,-0.0715804573108014,-1.65786731404806,-0.495890106543772,0.548659078774069
1.05333579431271,-1.81430532899476,1.1010165898351,0.405513949813605,0.248573642055167,0.702488530404479,0.136794807584481,-0.198131550253809,-2.40054077415082,3.1392589735751
0.151986155213588,-0.719316445168644,-0.36841459630699,1.38420261345419,0.833034291668901,-1.24059760282194,0.129602236505105,-1.97841941987873,-1.36858872721511,0.19081117556092
0.363107670008015,2.61336473285493,-2.41615548764968,-0.222787654543168,-2.36376634449546,1.62977684587721,-1.21378367330976,3.91865276562235,0.480995838161684,-3.22888757239195
0.800735966994584,0.38907276751602,-0.952414695937743,1.43835429710574,0.242680142163659,-1.50473538067305,-0.718284570397631,0.345202643234995,-1.16107071420128,-1.28052621360681
-0.538828150654073,-2.25247836252262,1.34017121964582,0.196126002877976,1.14380877698643,-2.20398959274123,1.58208901737216,-0.479867907542472,-0.772704918920208,2.55932753635403
-0.817607301568687,0.487822709671837,-1.77035569460621,0.712250901706071,-2.22328729771237,3.32196849003167,1.09038456969495,0.623100046296716,0.908619273448026,-1.87020700144931
-2.38198062921001,-1.07372216367813,-0.391948504564728,0.346686071478105,-1.11109245273467,0.939478707690093,3.55079476493996,1.32832806124968,3.68372647803734,0.226414308493845
-0.791550205784737,-0.202446088321438,1.27373650737507,-1.67987650391416,-0.05487575868895,0.239672567563033,1.67288770192848,-1.03188369905819,2.02586539298327,-0.240433017586554
0.205818153557291,-0.727581392635429,-0.00426675236165391,0.0694285109281051,-0.182442489769447,-1.48799685171443,-1.32699565788973,0.73515720046409,-2.35357219302876,-1.19478668507859
0.136265504929451,-0.645607077826928,0.0335905740704863,1.38035775168442,-0.640139250583682,0.641467066962036,-0.815404107168214,-0.199652529870943,0.083202910123389,-0.223025806359397
0.864330360904074,1.50566608262444,1.2169098770522,-1.53211501121457,1.49079212169076,-0.699592059397408,-2.03519546260165,-0.692805535836358,0.451510287197991,-2.04378552123675
0.940005096634443,-1.41955847466992,2.77923671511444,-0.053047001658714,0.176965640664255,-0.316385221727617,0.575821795135312,-3.01201384973328,-0.343164523027346,5.48653438452288
0.369302158944288,2.10888830111269,-0.645715023498489,-0.127645378476352,-2.58210778747541,4.00469547004162,-3.18997198142673,3.57848905735631,0.0979921158726566,-1.78566241176017
-0.82395026311727,0.127716313705737,1.98465661322222,0.823634119703801,1.52332726772841,-2.58519789104707,1.25741807134078,-0.146563884581862,-0.0523457026491252,2.85174060022746
1.83244801568517,-2.2890154804349,1.81160914293562,-0.310513164257271,1.27158823489812,-0.0996605769625264,-0.720015730577341,-2.2211743652856,-3.25682914899516,4.3836959965124
-1.01879646762899,1.44999951566797,0.576645155698115,0.295475493648654,-0.544846066324496,1.88225061383673,-1.27246612192011,0.162820860401686,0.517641758585881,0.139446641876442
-0.533899374731584,-1.06434160388254,0.195101755083565,-0.337398447988625,-0.964333198300992,1.72246445410546,1.26540337593778,-0.759241153139667,-0.222231152480529,1.34480147592826
-0.40759086893571,0.560325266196911,0.924235182760174,-1.24384491643361,0.144005300185743,-1.12879909059916,-0.542311355142982,0.0475949541394672,0.0703916143746547,1.63127347111534
-1.94574998193355,1.36838290313786,-1.38393639297018,-1.40933476440206,-1.32938859084491,1.93347561919585,0.919429761483524,2.52886288591317,3.34169507064473,-1.62919992697434
2.22903178227977,0.401421778622355,0.904965538085052,-0.0688317265565996,0.0451097145983288,0.891996446704011,-2.36853829359226,0.36459790027545,-2.85524769686635,-0.666366711856471
0.549318766567371,-0.459209071701547,-0.523054545145231,-0.675346640883463,-0.896180501721888,-0.0335663818833516,-0.31324219865083,-0.417915016684541,0.406434237507388,-0.653129056210078
0.0335335769215229,0.55532731491128,0.667867534118051,-1.49301623231126,0.649188455577859,-1.89419527340777,-0.830536749603375,0.22203410282358,-0.862342191897004,-0.651046961475633
-0.0733399082404556,-0.955755433407649,1.88955378940519,-1.11383628530944,2.19046547758074,-1.423418500405,0.55349282283015,-3.49138366595321,-2.49030240643761,1.30336148536748
0.68895690161057,-0.0132745341103576,2.24133100984731,1.26259879497201,1.09118155929272,0.358547593848924,-1.13240279617712,-2.79050750834644,-1.59978641026075,1.78049199140627
-0.20346985847276,-2.87345077334665,0.94972393886305,1.84613353133664,0.958892463492059,0.92096055460004,1.62670751210405,-1.1964772228865,-1.07963903883251,2.65852351357402
-0.423611288256442,-1.18920540493627,0.586714435254573,0.878632906130018,0.700042076234287,-1.04501753395661,2.33788621900662,-2.68372191455768,-1.29350298543798,3.24597893209657
-0.222370221256355,-0.566040110681869,-0.6702743311601,0.859959234972994,0.0413409752833585,0.154187074328641,1.61895444645218,-0.172165093065425,1.62760479403753,-1.62381309381737
-0.431131552208862,0.86673577215035,0.46758970539623,-0.355256943486447,1.72751483564158,-2.50270844633823,-2.33931853461066,2.27190515399228,-2.03302349111286,2.20671646566281
0.114809212693523,-0.385212309339813,0.745086719987989,0.915271496731197,0.810427734382192,-2.10147143205094,0.34532326146697,-0.827850089878714,-2.61640120993893,0.354301972372801
-1.45343842185375,-0.4818700473312,-0.102170320637738,0.66077039162056,-0.282011497038357,1.19556013165333,0.0772281090706637,2.74194567304085,0.870336155450944,-0.0659945262929685
-0.720334689451354,-0.657970743801587,-0.092382344075886,-0.294179366949111,-0.472571758698344,-0.0779620502927143,0.626047156507656,-0.616135266747243,0.889629215731993,-0.487601978922318
0.318112084732867,0.241039003098851,-0.660972672401667,1.60162072169093,1.05574663456348,-0.105287168083862,0.23762555178086,-1.34770967981382,1.45081875588188,-1.87063733382848
-0.630108722060436,0.745220917699714,0.123390802749023,-1.59430794556339,-1.0656404139439,1.48602069193089,-0.130552909734161,1.499202653397,1.59115894117327,-1.04264628339564
0.265852809732291,0.234701806014266,-0.150715928983941,0.90764284586779,0.859295802624651,-1.02730501910315,0.239306709765897,-0.214714316575897,-0.0718605449646129,1.16027800612998
-0.363199899705261,-1.3620074875416,-1.1789870774148,-0.115286074057858,-0.737763865732086,0.619511409573993,0.761467534272465,-1.86468021004862,-0.987077480768699,1.28208243790327
-1.13550595229418,1.06289222032955,-0.751166917213928,-0.0275640847322453,0.133030739075176,0.155344390022615,0.206164917289435,0.79506157813938,0.829743770333123,-1.1156476723643
0.0911352079747226,-0.784953302401697,-0.490910812028643,0.726682115584403,0.491445566819167,-0.494723641307804,1.44850694143235,-1.71134091853546,0.15204948725528,-1.00794495907768
-1.068691548791,1.87520296064977,1.02750862026306,-0.642725059389977,0.971154097131248,0.0898794025494009,0.194150505335957,0.43215102620784,1.04580391511447,1.95062846750661
0.269638711870791,1.71768446646036,-0.630308100286098,1.31845155719373,-0.839169999486448,0.158487964806187,-0.29986378096643,-0.396768097491759,0.868397355390129,-2.17941186335146
-0.874363830932637,0.502724239823147,0.103118646129255,-0.486153252176508,-0.0142327176750017,0.631258009889003,0.0455697002472672,0.689504817878894,1.81839618331364,-0.5317794653984
1.02870828466157,-0.81532367934706,1.4353703172618,1.53845700933724,1.34923504946971,0.571944305421651,-0.106968000127228,-0.265408704907734,-0.373990730239327,1.71808023554716
-1.39155744561271,0.839369461617089,-0.0770697360818458,2.69830038987375,-0.631163326969281,2.38637370997639,-1.22292966381333,3.02888240211103,-0.890813158400499,0.673333324401846
1.55612874378239,-1.08155410025202,-0.785225370904015,-0.527083125270627,0.27469474898696,-0.548463979675077,-0.0834466487511785,-0.64971230532433,-0.926219360379046,0.293113386924225
0.682813925411449,0.774138751036348,-0.0190083209191042,-1.80666301524535,0.324910411183246,1.05210198427563,-0.311190038599146,-0.85100317336419,0.486298251650353,-0.644196407627921
-1.0628617418692,-1.90510168168922,0.732972634875207,-0.119267829907204,0.825784181124505,0.0489580569125639,3.0826560662004,-2.5910868975638,-0.27661914858391,-0.102211432937852
0.0120819131762804,0.816202977823445,-0.0986158420647513,1.68456704179426,1.07305349593044,-1.08775401027265,0.655465202144141,0.198520704845559,0.176609612701212,0.442934727778679
1.46998354687987,-0.0762759314630073,-0.501376467912291,0.673158759640766,-1.97337607505719,2.05895651456059,-0.82225056870205,-0.492612050978134,0.251421604191946,-1.2767098968197
-1.13129655922444,-0.324275269635047,-1.10282970725455,0.0976165931798044,0.444440298729315,0.41733444388036,1.27563343479665,0.00392863956568426,1.11901320632818,0.56973655047809
0.79971411843004,1.27124458048394,1.25313274667912,-0.173584878750606,-0.0559432283504285,-0.990736410360425,-0.162477705254494,-1.05092016114416,0.933296728341636,0.565715628936908
-1.82052542465757,0.810354294606278,-0.361408967700165,1.52779350408882,-0.107434465300855,-0.046615644587817,1.82314048226967,-1.31967411049251,1.86938039321638,0.194607808961997
-0.565427855743743,1.47503659892198,-0.398064311275513,-0.796268229773953,-1.20999138124946,2.81475636442857,-0.473045113088014,2.04005835825118,-0.731327638857361,-1.91258967923177
0.31445350256277,-0.937338527679861,-0.153484926901665,-1.15842639268192,-0.0570162695842229,0.598148746269068,1.22430035741863,-1.14875564186079,0.247421789883087,-2.04618478177742
-0.203626282224631,0.189832235722822,-0.907759706671615,0.000729793621144252,-1.75054939358717,0.0684931549508399,-0.198843150676141,1.59054056277975,1.04679251883308,0.179687649681134
1.17263394839086,-0.972446568460798,1.28583942251527,-0.477664846431409,-0.792099427892156,1.28647471485396,-1.62107179670309,-1.73978605710873,-1.0316945343918,2.08188485496533
-0.393030553871477,-1.65667553491951,0.67091449853953,1.26329382093751,-0.171820156480149,0.838930468924103,1.70461040033262,-2.20209373892964,0.268644147728593,2.42977228198546
1.83900657034311,1.56069935826889,0.191716938242641,-0.120212166027201,-0.749653112720323,0.192777871873946,-3.74163051933482,1.82515075566402,-1.28408543859566,-0.669885741820809
1.25646884684915,-1.14118765335995,-1.10705330006421,0.824686863770604,1.08543348469777,-2.0443142213343,0.690792073448545,0.00983434690124761,-0.952150347920301,-0.29704172531392
-2.4380328977919,1.37615636749036,1.22082629507964,0.132670018062477,0.538661808107328,-1.19331920389386,0.627749892097259,-0.626384569879824,0.142335260731535,-0.370759262636591
0.21852280736307,0.144368853986009,0.443758812873732,-0.906757148325025,0.827716511601153,-0.753468571761328,-0.396867156181443,1.80876910984605,0.245026414738634,-0.176671341668707
-0.723017084503969,1.47780213959495,1.14377434970558,-1.35840685750912,0.605445654112859,0.329651539927194,-0.0965437812037268,-1.87611195934203,1.2693448559491,0.569967519068753
0.706008484917808,0.11396611010611,1.74106963176065,-0.0731055513214466,0.912526091472239,-1.20147766806204,0.527295383236902,-2.88996059784971,-0.244524983770164,0.307239400155925
-0.478968356059354,-1.05690125463757,-0.910751452566213,-0.14674603229268,-1.45912093575536,3.08763455898512,1.10582342493873,1.96310399785014,0.188493838409833,0.870140343987711
-0.897236990241183,-0.846369339390588,0.212066080043749,0.0979588109456604,-1.04327183973017,1.00620977985561,2.54990090151707,-0.805650380611889,1.46053580832234,0.483148240972348
-0.760213927878565,-0.724037252655243,1.34644323277887,-0.549166402056741,1.46245574168722,-2.15135569549327,0.155384068267849,0.38092037704539,-1.3436413299269,2.53004951701841
-1.00845009444539,0.103033478679116,-0.49241217564578,-1.03874057729526,-0.982991076116102,0.538849898104687,-0.488261531210856,2.9106636333512,1.83248356471043,1.08881421483706
0.363186649391107,-0.140329971104391,0.874339281719951,1.84560320919507,0.00456348385696415,-0.701170612334774,0.024689675588999,0.255160829193412,-0.100627511114036,1.79741374385109
0.436256307413896,-0.285577156688583,0.016776028854057,-1.12521663293065,1.1071124084383,0.379198051484265,-0.719060047027342,0.190969266339917,-1.90649766527536,-0.0942674787318554
2.07596926858325,0.926003106752275,-0.184146044599613,0.074828063912828,-1.37645915377445,0.909297945059067,-1.25086109282545,0.245736446531418,-0.220110940813325,-0.56077496136424
-0.386602577806973,-0.388571654622176,-2.05322898234646,-0.525956154242555,-1.80661899004228,2.1342291613986,2.36122532295188,0.593399222737296,3.48627428046445,-1.746393295055
2.9411942017759,1.23053824055762,0.0757660654862822,0.817181386550948,-0.768278494757209,2.63605444245066,-3.70245056824004,0.81189917670489,-2.66918062407703,0.0380694749791669
1.06222348636461,0.287125968383383,1.44981222647065,2.76141164606761,1.3947569357332,-1.3772705929535,-0.993309115217834,-1.09556994553832,-2.2836644015147,2.2489755077983
1.40314845486993,0.0275952798107368,-1.0417889774767,1.69048439080597,1.34297762406948,-1.40019740529329,-0.212243160145231,-0.603260457113433,-0.279342834242867,-1.95579043436896
-0.674420453160381,-0.0110522163624642,-0.728540662706351,-1.48699036377229,-0.545806823062822,-0.0560200284350524,-0.838234446802774,1.47784235714949,0.771941851167991,-1.14935496116582
-0.0586917498706027,-2.06064263149535,-0.811397748198227,-0.56334767926493,-0.645655498063529,-0.130270005448872,1.23905720239401,-0.198666306745015,-0.673710676017258,0.403033607638433
0.638659880965708,2.08511685760046,-0.163755368254792,0.592995498087587,-1.259962015445,1.81477891327528,-1.98038804746185,1.87621613574857,2.66321437082461,-1.7052098449709
-0.0963606312528809,0.567299959378137,1.03354343186039,0.832515169259597,0.140296003423671,0.954332042685209,1.50846193558477,-1.02468240525029,2.07429724850824,0.614775670638944
0.741909239693688,-0.146945598757272,-0.320207087675112,-1.12782827527237,0.739832595702285,-0.222185327587889,-0.118694954213008,-0.240969985904338,-0.1829591002594,-0.661670302428494
-0.0558989095322189,0.480096865388825,-0.0686179112853586,1.5186260051374,-1.51307226740226,2.02197214524328,-1.5984948258815,2.01792446656707,-1.26392461169425,0.335024036202097
-0.458841610826704,2.41703622208385,0.967170442625367,-0.393905313286696,0.195045086542165,0.53892373994817,0.661148410441923,-2.17639910209875,1.36544192515011,-0.920105967739299
0.565637368645902,1.59925230845121,-0.360773058312942,-1.45748421645406,-0.774135900489788,1.67391523369876,-1.02829387401504,-0.549953640251476,0.173393332918239,-2.87803334863364
0.980075899128975,-0.771579686450846,0.668122921424507,-0.948456400805064,-0.0278186150300689,0.887370308135358,0.109711110948298,-0.228833580594099,0.241268879944696,2.51756195858412
-0.712111494543675,-1.12588064669392,0.0707201141691725,-0.187064606938717,1.17134056070295,-2.50516122581586,0.606847323130963,0.197207602326673,-1.87047218629945,-1.76422382137135
0.177027917365165,-0.141815438832766,0.638764006635118,-1.25606020671056,1.02333720022321,-0.18627617580385,-0.646474466181342,0.16332201709891,-2.81717970598103,0.161514168592684
-1.82778486697301,1.59667285345501,-0.00124813247099387,-0.0271294028146231,0.886820762908237,-0.438467387863903,-0.566994074987393,0.631237397772667,-0.134488591175971,0.659360914164987
-0.817987140557802,0.115684718930268,0.46650198909706,-1.92434197789002,0.155087415794232,-1.16090847142809,0.425357881113266,-0.000502032289000531,-0.908597636489904,0.506305145271562
-0.0109957238515807,0.704474906926799,0.477289860368471,-0.00256015446029344,-0.137682002595443,-0.217371745056267,-1.58948262127094,1.48006761859021,0.842570286552278,-0.762510166600152
-0.904496956006904,-0.430235899941392,1.76949902145687,0.42984195426781,1.02096397343766,-0.177947954797907,1.64491968698382,-1.64175578387301,-0.647154431837517,2.13840764319949
-0.551872261822754,2.35898243907056,-0.0877974322389131,0.448232689734282,0.32499768728727,0.0115067739258664,-2.66180985592733,3.36404792873433,0.429603949519788,-2.14377426903577
0.511122918062477,-0.964355541513142,-0.0588221111991228,0.288741732358809,-0.309536412225947,0.0337457524013461,1.06178813445946,-0.978581188226213,-0.473661757614919,-0.491325394510104
0.162520416502186,0.0235045424236458,-0.406463612317799,-1.44896061840235,-0.510654797619723,0.150244433292054,0.703277077164257,-1.09973650712075,2.56259364643169,-0.585951922975579
-0.193831877268413,-1.87826524409678,-0.926061211069662,1.19617032742668,0.702021055034143,-1.22263644334941,1.32167221540878,-0.239147387170476,-1.06865644002112,1.08348739792813
0.489172660211289,0.753363896380812,-1.13204464636585,1.06579902861171,-0.729914847818676,0.273803867052697,-1.06775140843109,0.643376795258143,0.0160096065531667,-0.0200170837344302
1.3541352221511,1.46221622133634,1.37708959327362,-0.141675413936967,0.174095915556082,-0.24835756339381,-3.34765267489513,-0.745438650814495,-2.62818322215755,-0.679230345706416
-2.13300653750608,2.06500485704123,-0.524555428764381,-0.35731511310543,-0.940722952916635,-1.18090224840457,0.383774852562532,3.05486080826253,2.10191886743306,-1.76565976474008
0.246551837235623,-0.283554733512882,-2.45969277878863,-0.752665490576402,-2.48077428514807,1.27413233805607,-0.258883674544323,2.6228093923565,0.585424834137501,-1.82537817490171
-0.716274143596655,0.960735813531084,0.298271564726034,0.12757145990226,-0.115341960116284,0.934973492584213,-1.21834010152904,1.58883502164323,-0.603242052937444,0.470176311980742
1.91515097527184,0.359203044798917,-1.77082986626675,-0.380898253780202,-2.03951904484807,0.781756820979218,-1.94916518572709,1.80450446546874,0.0887107937530064,-2.89660110587428
1.0269561860027,0.951351018900412,-0.233889141941304,0.402846612831331,0.90359303968612,0.692596147337831,0.0300046052394649,-0.662203739888067,-0.661052006729195,0.699544361600512
-0.374536270701567,1.12072118683245,1.34802738963244,-0.475370069430268,2.31963087582715,-0.547484416614128,-0.711803208949394,0.362866242006266,-0.903043504155187,0.795072014403735
0.293846772669432,-0.710068118840219,0.195258007461906,0.4313091641859,1.02349131310454,-0.690165103602533,-0.162433728970555,-0.684461988381789,-0.160718021841556,1.00536938563548
1.03591089478947,2.02659058962317,0.935744668510719,-0.854356662913357,0.814235806436389,-0.330594715946201,-2.63531459488578,-0.461999890785814,-0.964122999790902,-0.38336498474844
1.08324288802157,0.214077485038189,0.969809227447633,-1.63165086326481,0.0593514363737019,0.601222262627071,0.341389916869005,-1.90874753056712,1.21030149293456,1.41944033652661
0.747099380849203,-2.08619086707346,1.00400757557706,-1.71475689857893,0.319721727985816,-1.51961262979239,-1.2325738080661,-1.28008845481775,-1.29579472843877,0.394298411322123
0.14093699911294,-0.358969804852031,0.323786387957637,1.85503357802989,-0.244416174551857,-0.0029724713053764,-0.779167145514483,1.88702482590342,-1.84130818464771,0.473929027061402
-0.936388480484796,-0.83253857538861,0.25701954895802,1.25049501861823,0.302723327972666,-0.520664856967459,0.227675350703015,0.441935727680494,-0.868053835068634,2.01816759231799
0.3611471843436,-0.695745234977599,-0.988790106333083,-0.744262681821746,-0.996462586320979,-0.662753088140169,-0.291145055806841,0.499566241200879,-0.976015822036424,1.4964812452933
1.33385426343599,-1.21887835459029,-0.0648627971226373,-1.59345965422432,0.935433466066023,-0.674970384983067,1.05579397038567,-2.04509342363499,0.530472416388905,0.484652385399478
1.17155545085603,0.120764597837769,-0.785496082166466,0.293365271103375,-0.812194858574491,0.550308294834067,-1.55135092526892,1.82584970871331,-0.413910295172572,-2.96025649792563
-0.115612424885559,0.132423071430612,-0.19398084273552,-1.68808639264418,-0.461692077368045,-0.13703261735106,1.04749858654121,-1.48960722774592,1.71879017390231,-0.697732611099676
0.812268054443547,1.40154792767195,1.10804695174329,-0.35022481338194,-0.293003205584502,0.740393615471801,-1.70787289024642,1.10743689886563,0.470096309874267,0.0600788044966633
-0.0249105751581006,1.96475252557715,1.08234475676904,-1.63929077472938,1.03612827137423,-1.71586818536638,-1.87435121238211,0.406509519556959,-0.695850540734813,0.315597539582503
-0.147354680730277,-0.612625904626244,-0.270727068840474,0.158486197022058,-0.213143698515702,0.965921361729445,1.5126238852571,-1.04532101490141,0.416384129803358,1.08082556985993
-0.0485755202268086,-1.17759913966579,-0.41834814021363,0.48144856528096,1.8967192628175,-1.53375898103052,1.44215213993711,-0.886296838310401,0.367338069515543,-0.745367280564259
0.481362545654497,-0.159422769408215,-0.578015938115909,0.828899268380689,-0.967262694758495,0.448742713965562,-0.158040609515409,0.572324434597935,-0.41717681435139,-0.729184216249159
-1.66400046457983,-0.925270920848568,-0.0343235590639383,-0.533812235859531,-0.0558357949623841,-0.402290504144476,3.12332388478501,-0.706858383641915,0.516076536620836,-2.1178609668493
-0.674952261760851,-1.72399867174455,0.509890625339913,0.293652522135616,-1.52043329854598,1.34553969592495,0.841461615084507,-1.45598047625791,-0.00335337250079114,1.13383491823168
-0.145549417552725,-0.72288322156814,0.464173931149832,0.469324632425596,0.368584450550663,-0.422646964409241,-0.200909569559162,1.0977281367308,-0.620763314074027,1.53761796613057
0.574142266089524,-1.45870398796073,0.419854207995805,-0.0834086159353167,-1.5594425759144,1.93689674582903,-0.324349241795359,-0.55004968030312,-1.52994142207216,1.35616183942147
0.0536664667811075,-0.332714350079496,-1.52128114710593,-0.069282248195578,-1.02897733596166,0.667966907303833,0.736316226192028,0.0647556864088663,1.21414335048393,-1.06376666367287
0.177964051302823,0.345979744728974,-1.18987844964583,1.78875519772184,0.098425378562381,-1.18474608415982,-0.462211989693776,0.681612681700721,0.889968940430342,-0.683983063145539
-0.920566807512021,2.20377274783035,-1.16794320034796,-0.174473983981216,-0.587513501008866,0.662762684997614,-0.882710713247391,2.18871680620507,0.892435010575339,-2.11572237845197
-1.24242780561062,-1.83437090173473,-1.01873078842145,-1.10058224967485,-0.561313578695379,1.29639692750901,2.95667418923975,0.197328111976078,1.51776202820686,-0.557588951471477
0.164275052914834,-0.0305622920438995,-1.11560672728999,-1.3719768493377,0.108213788689061,0.132598498860236,1.34971954529668,0.723560219063611,2.00745354663094,0.0199424122611281
-0.122754651274515,-0.685412960255785,-1.21468554048833,-0.189961212288734,0.833410023553888,-2.58639232992204,1.11532038866845,-1.68346136591833,-0.973022441726547,-0.233827429194962
-0.478813282654936,-0.598915638082362,-2.93098159847155,1.59286705114189,-0.0645772101824058,-0.137905111456117,-0.533642054700784,2.82690618578559,-0.669684024684259,-1.77492653211664
-0.560422494919887,-2.07749292811211,1.24414403459582,1.39424084356008,-1.03390640726612,0.697404277910133,0.540161676490543,-0.971117360590114,-0.0116255612025519,3.49579108471951
-1.05243300766002,0.178623883318063,0.415528804220224,2.87786915926497,-0.593468706988868,1.52514642424203,1.72563880000252,-1.47929116933506,1.9247027451247,-1.06992279855227
0.100353771218159,0.73858077813982,-0.156733725343102,-0.498230907375455,1.22808410680052,0.946626066042322,-2.17575206129683,2.24607149418566,-1.48147127607337,-1.32885597699881
0.504849869401332,-0.834934684740137,1.08166384479128,0.681043149559776,2.39950519872187,-2.65412818048083,0.549470392591172,0.0923836644337962,-1.89453629784497,0.989505824443329
-1.89435494317028,0.408495133624895,1.02379013207003,-0.321353093632991,-0.404670514071391,0.310583945392838,3.07362876527838,-1.77798352168744,1.83697385442291,-2.03910643611746
-0.496450235038744,0.678515736975892,-0.317233488738563,-1.35274665318602,-0.33947195142994,-0.306886372703112,-1.53263084704008,1.88795395427706,-0.398896780920404,0.592450440601084
0.0566743447682813,0.447824935806927,0.772283664395493,0.270305217435815,1.27451455884147,-0.353415061719835,0.883154669938849,-1.44184750317807,-0.165460578412766,0.343693062950791
1.11255942896671,-0.634286778965699,-1.0908702104156,1.07964882471834,-0.223669914217235,-0.822906445899118,-0.185264283838076,0.598837257220108,-0.055200009339842,-0.794455634644824
-0.239957405354951,-0.484065250722841,-2.19787079467157,-0.115231780201409,-1.97574988910354,0.286868267659754,0.658875632965897,1.57880986517371,1.6201319190773,-1.4719561287001
-0.267717885435815,-0.427784129321709,1.60384611466876,-0.736934099649196,1.79324384816228,0.620755070893684,0.788099090114024,-2.33863623157059,-1.38580422206031,2.66133859161593
-1.08787283249406,2.1237932816635,1.38209674734159,-0.618301223441855,1.19046138292894,-1.06988957925759,0.128201879770272,0.373102374133858,0.935332763342076,-0.0900662688577038
0.956427750487924,1.48463894907345,0.926395956960981,-0.314136371115136,0.286663138798278,-0.152000886749667,-3.17333263703106,-0.475314314737311,-2.84522682746454,-0.690239638814818
0.961253777041509,0.503276398074783,-0.478335260310984,0.0494564120741166,-1.34805107349484,1.26848604055272,-0.967523295600194,1.00765359372256,0.163499152654926,-2.02586753108425
-1.20742510265448,1.77124909491135,0.403208593734869,2.22992731078818,0.156866893401686,-0.488468982815725,-1.53470995606602,2.35596784948678,-0.632973327357676,-1.68431267493999
-0.00748598645580276,0.945498104987097,-0.290303707114872,1.75896981913146,0.407564002140834,-2.01470031398181,0.859078538250363,-0.701067953061593,0.982072588523146,-1.3848023815782
0.153843106210319,-1.37730154141892,-1.61185908769915,1.19577876387354,-1.33979493721369,0.191047033818814,-0.154413523923705,1.72612287644726,-1.22513888512609,-0.621944964985872
-1.41181262791608,-0.666425782677473,0.405701864140081,-0.0457187871375564,1.57352644236364,-2.53682937542699,1.46552770907399,-0.94306566492091,-0.218161412570377,-0.188380114978689
-0.67997281577243,-1.09586192837377,0.418974461273107,0.29945891764313,0.0464364675533692,1.10925855870118,0.875445067133078,-1.88018749265961,-0.233704746220271,2.12662906239052
-0.489655599823235,0.207689997704726,0.0917178323936175,-0.856153031232765,0.816173783065072,-0.172546075928312,1.19468331624477,-0.945166664609449,-0.358687387971158,0.240827280881922
0.0217690795255244,-1.16516940985406,1.06334214969884,-0.36691781154453,1.88597049610413,-2.15591619672654,0.818734410209398,-2.06873164452823,-0.246705324292054,0.651063190200825
1.85171116321631,2.14335236451363,1.26321977205798,-1.20163840026796,1.16054768248418,-0.482409805076527,-2.37161761190894,-1.86328888919925,-1.15362199019548,-1.25591036168317
0.229847925874893,-0.466664469788623,1.11573925259255,0.249565520992243,0.805741773106205,0.333874101852495,0.356736313937199,-1.3558736453424,-0.902502682497209,2.21797663973323
-0.840972383853805,-1.67010147585644,1.36726287683172,0.000115596567769653,-0.060568869599431,-0.353857946032437,1.54500172982704,0.260569111197211,-0.472486686939253,2.56426806163909
0.429813422392723,-1.33145758205747,1.2757728540274,0.952087733112079,1.95134008020596,-1.08592385690671,0.50652156229838,-0.88251352254706,-2.81929236961936,1.34069921623564
-0.250327076122276,-0.490343010663012,0.793518704800188,2.04704579089952,0.500896016464761,-0.0852814429742836,-0.272848260095132,0.167793789079916,-2.29369083731369,0.692888693034171
0.0355487867552651,-0.392959643342012,-1.08623617777774,1.57790472833294,-0.98426161774217,1.30673537573546,-0.0352983917772139,1.22430138872652,1.6565260575717,-1.0785813635502
2.21130663950682,-0.363983946729701,-1.09500121838278,0.217121716256194,0.570828266528915,-0.865757218306104,0.148645704430211,-1.63522734253789,-0.582670514719176,0.999371697530457
-1.00403517603766,-0.254812977582769,1.10160874526362,0.620703914604153,1.65789945616792,-1.02646854945292,1.35694981780168,-0.490519983065841,-1.52345046327061,0.993451402219659
1.04866704242194,-0.54113057942788,-1.30341274107474,0.80263061931454,0.606852740178796,-0.877901574377087,-2.19310919029757,2.08396879822599,-2.81905136168529,-1.21760561880272
-1.86738549535281,-1.70785792715777,0.289734915092642,-0.179413267237936,-1.78575160478862,0.58654344001839,3.48749318089323,-2.85413568630123,1.95237661537835,2.33852423239378
-0.584775275703546,0.683988407361617,0.459843658171178,0.610920116877417,-0.358466371722867,1.01421145278827,0.615952596443352,0.727177276051749,1.47443564627921,-0.250382359762259
0.678092598354026,-0.726586385956306,0.72659859070508,0.331491021362776,0.985873276135349,0.601738626264781,0.292572262188538,-0.136150508612551,-1.34912564832336,1.00503116925529
0.707821858001736,-1.27161195404665,1.94795408441571,-0.0109635328811939,1.82025139423766,0.0512156819651437,0.24575591283309,-1.92062059808397,-2.88601900771127,2.41315005297473
-0.721035916408356,2.02052436972884,0.861668269965282,-0.630006222139126,1.70424849566403,-1.36869816471621,-0.210530150584701,-0.594776899648639,1.82492916197236,-1.27109461922374
-0.311653587003107,0.179349524084326,-0.669465312016964,-0.350263174645075,-0.0471628041250195,1.37876799264347,0.0543628310492372,2.49428978409298,0.572027189084658,-0.970165779218493
-0.346518581194104,1.30349028628731,-1.69821601091772,0.270172012108002,-1.81849950778279,2.33513659528462,-0.0487721815798561,3.22094330734484,2.64149795390664,-2.35746678757536
1.03969728669358,0.650320033400281,1.32413172620226,-0.117008376705904,-0.119763537871077,0.407603472411952,-2.232025597687,0.984058285017114,-2.87754330204662,1.89799360269325
-0.73081703982302,0.812295989497657,-0.395104419857338,0.840425784121143,0.329052214740902,-0.363252272658806,0.243797679218954,-0.44071280634776,1.16769647096533,0.901180576943556
-1.19409328432493,-1.39923036785002,0.726121711462963,-0.341471385947842,-0.957063007953415,2.03082123231703,0.926882430622432,-2.56474690624225,0.911857460450062,0.32638124884189
-0.416173998539204,0.581826953266962,0.560381490945635,0.996595701082046,-0.140563559379221,-0.726130006074528,1.52101044886568,-0.775515797148803,2.81632225782195,0.64665176992608
-0.69665193370209,-2.53109594975731,-0.993331994937979,-0.172986871632157,-1.0228203024292,0.973921840565093,1.77055311924188,-0.837742702324812,0.398927508145345,-0.492717610315993
0.278774339875301,-0.194126525074994,0.50631335214238,-1.54406088309045,-0.0221569461120411,1.40983292893355,-1.40475062326607,1.34817512675357,-2.7217819108061,0.611330822604938
-0.0565401045731763,-0.62463076007854,-0.76587918540142,-1.2801159513208,-1.07218226553664,1.17312813396524,-1.34181376313053,1.13600798538303,-0.465529619093832,-0.210756044841994
-0.247260877415462,-1.59704835944941,0.387794226746311,0.0746180323579665,0.772348934028332,-0.577096072129015,0.646205314833815,-2.89327698192126,-0.655164306540052,1.11013168501255
-0.0453436176089746,1.58211522960511,1.2098835874204,0.0169329886390282,0.121186483639098,-1.42621182306853,-0.61548762030191,0.435561595783468,1.72398894641011,-0.603727922624476
0.392127484985193,0.86756422940797,0.998256055876117,-0.689049236001849,2.23234765952921,-1.66985506721219,0.781160447426488,-0.680454285886273,0.904008948399973,0.611781071079777
1.06897453338984,-0.374599478354994,-1.38487095850758,0.736000614702716,1.4917798059531,-1.38992122260381,-2.20113171835991,2.24731966110994,-3.35184707199872,-1.41500142362747
-1.47746185825802,1.02411285040279,-0.355693981860886,0.503574037484045,-0.545183285120738,1.27380144032051,1.96370921303894,0.170787565659407,1.56582850732337,-0.991395068958701
-0.358164596062056,0.881632544744746,-2.3500506346902,0.537250818906708,-2.26458930485691,2.05253870886359,0.404595426262289,1.62496107595662,2.03786108601547,-2.11940555694733
-1.02588711543591,-0.5264280923498,0.272797085662469,0.134984059126272,-0.0181120325013454,-2.26677887687294,1.8780713630265,-0.650107627914791,0.949925470247635,-0.238203843019278
-0.478450385894429,-0.624179974596872,-0.0667117450078047,0.307868261099517,0.120024158511277,-0.249944683316521,1.82600314537324,-0.276072610608804,1.95578803127673,0.510743469198244
-0.642259554430594,0.00887628161114562,-0.164717281862726,0.36590475071291,1.19249579642208,-0.716994695224303,1.25711963576484,0.494713591829027,-0.324932025635097,-0.498888265384003
-0.808982402597739,-1.26941250770085,0.488101838635269,-1.13310328522762,0.649906982759846,-0.406287807264901,0.931020283207138,-0.0704664912082471,0.119928198092227,3.47229045365148
-0.354691113596278,-0.248041273316852,-0.209345552808796,-1.52852088267754,0.0423011274434262,-1.17060762800612,0.507639711867559,-0.192826765547978,-0.920537893895085,0.578210331890381
0.827103358714473,-0.191731104894281,-0.20830047242705,0.217939508937416,0.0783348630480008,1.63533567568206,-0.36349334228854,-0.264793212275814,2.22409298525296,0.623063994337131
0.243482174296142,-0.113924824603125,0.0674934825010044,-0.490975386901973,-1.2992108470153,1.26514377223547,-1.18422666708029,0.959139804696317,-1.52353297893862,-0.318134307321929
-0.015089233498813,-0.919442615230444,0.204834625115987,1.11032749840361,-0.159573156004462,2.21284264648846,0.572042942989041,-1.02228321114705,-0.426561987417457,0.857218655464554
-0.110781131753665,-1.34082917166633,0.0628679504906329,0.400380374878033,0.744201932876104,-0.0190550666854344,0.861780959438326,-1.36265843696935,-0.151625447160917,1.71199791698298
1.30204230913329,-1.46383660937726,0.290796772214947,-0.717473767581475,0.102243339847394,-0.126327408700493,0.540997223103153,-1.32057330188776,-1.72788288077201,0.0816500904060479
0.622100715946596,0.0957326298826063,-0.235462240444825,0.0729745974608526,-0.573917546960967,-0.351374238836732,-0.619914047915654,0.163465611717565,-0.689637829634899,-0.775983091930169
-0.305528546367969,1.09586268170018,0.201411332396634,-1.02664814829132,-0.904493829334277,1.74581379827615,-1.81248254294276,0.974261932485304,-0.315051147352817,-0.128626818421929
0.0963550122213931,2.55242470566325,1.20460454429061,0.116844757087782,-0.292114686949013,0.626791322754914,-1.02929337029913,-1.01231667319609,1.22247815512125,-0.780852611617635
-1.02011751270223,-0.103926258553594,0.0336512293022986,0.474567305093294,0.813958610213519,-0.624126011963619,0.44511296557488,0.411717191215009,0.83457181803114,0.942820505847749
0.54756897218124,0.26913376528899,1.16129445089898,0.691522048994067,0.716278745370582,-0.167260742817506,-0.625538006326922,-0.645015176430171,0.162523105562599,-0.125036080154912
-0.118591244476514,-0.00233989256878953,1.58232858926793,-0.461526133704976,0.0239434897352262,-0.717524135467004,-0.382559319402573,-1.36218111208754,0.341624540044844,1.68854411439029
1.55735331147681,-0.449230676140734,-0.667799432660676,0.694870532298562,0.667093186768143,-0.151310701867309,-2.77628591141307,3.36234483596465,-1.78436629836692,0.958370785257848
-0.866103380032923,1.20988226497177,1.2416377606092,-0.656683230176231,-0.603086874200593,0.240046171426898,0.0316168946866802,0.341552704334859,2.11633765125082,1.76234986122291
1.3962991056226,-0.0749906582817757,1.21250796280624,0.242972504341725,1.37808835998742,0.169361153384639,-1.55985297426447,-1.19574529716242,-1.42317001087905,1.15729124559424
0.355565197065346,-1.06587108387719,0.206784448931743,-1.33755452430227,-0.513026767867586,1.19586186326015,0.865425665355674,-0.887570206048239,0.357607084306861,2.36885593364974
-0.0801558142757032,0.30591004275429,-0.584511455778934,1.14800349476333,0.950848963995265,-1.04863629633434,0.469759899650251,-0.0879840894494803,-1.14995869464924,-3.77803592715082
0.346201881422645,-0.874575352862528,-1.69729130331074,-1.79711636351118,0.237567818969037,-1.64941214910991,-0.202541492657488,1.18889459252731,1.15708207396783,-0.0698899106045739
-0.356419465389561,0.124835433676635,-0.578159581693855,2.83935008176435,-0.285704827405015,0.55089842011335,0.240138679603806,1.42541071508664,3.01775156153395,-1.26285640186644
-0.341754126147401,0.0730232806632573,0.213414182715405,-1.49900307988746,1.25658083451464,0.817743965288486,1.3920127358098,-0.990032248130411,0.964172953427305,0.794053191881318
0.470123640052435,0.668838644887542,0.713753093839906,0.121663419711827,0.521526632725322,0.207147516219371,-1.81414238652411,0.40232005316045,-1.51924588077257,0.149911294000201
0.21439409349874,0.264929900589245,1.39176177410234,-0.213942747025492,1.3847977859713,-2.64398510428929,-1.45289718690449,-0.355743693440438,-2.47578631908929,-1.23407482417759
-0.281448877505827,0.192973373321698,0.223435817327657,1.14463608324744,1.09812153160101,-1.60827617540189,0.580395443280286,-1.6045646772639,-0.541440935343334,-0.155115928953542
-0.860222596744869,0.388713603062851,-0.757154245468345,-1.04946133250536,-1.35244567782956,0.0427243621233496,0.390039444563609,1.20970729457626,3.08771085031021,1.42024849317045
1.5140444523114,0.246589603833376,0.150229854423559,1.67063305783014,1.12315128238936,-0.897081317839109,-2.06802473508095,-1.41376544665474,-2.28181057707239,0.224445730997264
-0.0403400107279974,-1.38349980707035,0.269490817124414,2.27637158732019,0.647817569881906,-0.950506034648308,3.17610212982972,-3.68846030334659,2.31802642915302,-0.385177354910031
-0.596793207174702,0.765462769317478,-1.85837044359067,1.33834474692696,-1.2835859589655,1.01711588420514,-1.14749762711776,4.55945007598101,0.347361364154174,-1.18816855111116
-0.403964274961874,1.39234461401778,0.353244497559988,0.769030912408823,0.684984615000827,0.76411605758924,0.153827332503294,-0.0621744694269333,-0.980183938363429,-0.781692214964383
-0.916891382600733,-0.640554559142825,0.641685262833822,0.907580255419287,-0.782027993660103,1.58562793989724,0.831145987425088,-0.865245009646582,-0.0272849750008546,0.548674235121482
-0.022221645528705,0.33304428696568,0.580167284153628,-0.627371852939759,-0.318049987385486,0.211900656835941,-0.775155240574522,0.153498176430739,-0.98791512260623,-0.855956011876787
-0.453595078998464,-0.207353921266328,-0.273110116471574,-0.856422071223006,0.283483791031686,-0.195186682048816,0.209725834518603,0.517293348551728,0.0936558444109102,1.60997068502516
1.57519353013171,-0.0536775086996115,-0.735969850791151,0.176889795805752,-1.44011108231003,-0.0516000264353363,0.00925597976191107,-1.41057888449583,1.36845834183647,1.44182974534448
-0.72733152237289,1.16028720849508,0.217989771119695,-1.10990105757739,0.0602480347774298,2.34235094484554,0.499330842130075,0.928641129660944,0.152277781247559,-0.267228159915699
0.258368473069418,-0.675061201465641,-1.87869942973691,-2.67332434560309,-0.814805568807411,0.4403200200302,1.05438838384541,0.282841324345003,1.43409319444299,-1.91686593880559
-0.597662361003376,0.36064008262211,-2.27651857066389,-0.389189786408269,-0.752714546417366,0.349669579270601,-1.31557990086784,2.54315204696631,0.455918284568838,0.0589467409596059
0.256389835767881,-1.11691469814685,0.785192699698899,0.00892539039462023,0.165622105493023,1.33565465834371,0.802762579038134,0.332826510879185,1.44240472487411,3.37160678796368
-0.836645113668908,-0.192465068488873,2.20130875333741,0.525782586864527,1.26664844120414,-1.7966883091605,2.0282854618072,-3.58114064819415,1.29254317891798,2.45263509132502
-0.20918990719871,-1.57756779998368,0.322883727127557,-0.223224136246097,-0.618673695062412,1.65132813008849,-0.92524357143522,1.92628170764143,-2.14573512692372,1.11996704798228
-0.00529399329421906,-0.296802658800512,-1.04752181984781,-0.741699000771214,-0.186678078003,0.978876094117072,-0.18729897940283,0.189395171329998,-0.55145477862702,-1.29159519753506
0.23988374990209,1.02514625757043,-0.0819602388182064,0.287361536880724,0.123623779518977,0.974921971390787,-0.72879571454963,0.703469495297077,0.106808328287462,-1.68403796279615
0.748440576023805,-0.344689561579643,1.84490378765326,-0.481904642454496,0.664006436100222,1.51880648521606,0.288713144939901,-0.709401106154465,-1.16726409016441,2.43410774125544
-0.641692840090874,1.98659751515284,-1.18500896953013,1.93264689317538,0.749131912033526,-0.584749934472729,-1.66742860299539,2.90620309062231,-0.784620142167028,0.19415545773293
1.61071616566135,-0.901275834589505,0.34552501492093,-1.84264431938857,0.47089588226024,-1.02166056039242,-0.268787623593467,-1.65171191114116,-2.97443013788059,0.544596643626696
0.19501111370345,1.95807043366092,0.113839959424499,0.776173120038446,0.799118731143252,-0.778880334962837,-1.62734502624502,0.891122774841355,1.3707157178285,-2.75813010412607
0.771428880422092,0.926566139105378,-0.463404419233672,0.779652975499554,-1.2193298132566,2.36530988921069,-0.300146436555722,-1.7109310937037,0.0632751834493993,-2.20316873499414
0.974028938620962,-1.1885321021469,-1.83426294386244,1.02527901902091,-1.07581510560432,0.136676773941833,-0.982943875929945,2.83172236235622,-0.0580948838828084,-1.10306293465382
1.75093724969139,-0.0438537122341133,-0.889698938720832,-0.552410418149257,-0.548935137098065,0.644144230079271,-0.564251682233282,0.694730854409853,1.44911016507211,0.526176169156046
-1.18026404796803,0.111504952961433,-0.251882439624398,-0.178101423871549,1.04063659781408,-2.11434313425284,0.83281768171535,-1.03032129316632,-0.998839537910603,0.216056766585904
-0.391434796156481,-0.240473729288807,0.997899997470388,-0.0974703703577196,1.82605908008193,-1.39165312517289,-0.539125950599382,1.23407551624287,-2.05484184146614,1.052645024887
-2.10811209230341,0.393809679972902,-0.882252765497856,-0.733393276175165,-1.65033796216965,1.23371937605951,1.88946495689482,-0.144114795745689,2.58168415745653,-1.25945552670576
-0.926704663987384,0.562892061493068,-0.0880896232888195,-1.81986406534547,1.66521496360436,-2.83293180094247,0.317716167683923,0.258582120870668,0.159246836651614,-0.600668083786599
-1.14543937940989,0.884974464692067,-0.134739019445519,0.453163352246756,1.05287381954918,-1.22333132049713,1.06082113026506,0.195732630577368,2.07109666582934,-1.78931136389306
-1.56154978559978,-0.737126355409681,0.298591112273148,0.907210182688836,-0.293923969455752,1.63885767377189,1.65115626721996,-0.329145276774273,0.637875581577806,0.834199314520075
-1.35636981923447,-1.17268660437644,-0.578302496385313,-1.21402065550681,-1.24004779481177,1.91314505980381,1.17326076443827,0.043691652163341,0.67226070888782,1.29240820247928
0.134191191990776,-0.531645455925392,1.72453611726525,0.621855969082402,1.0710914038799,-1.31010402520076,-0.58024310524485,-1.0569728702692,-1.22297657949502,1.79084648437815
-1.70367316725016,-1.78995860465792,0.174659662395839,0.766276047573323,-0.724180195336732,2.23056463274715,1.84350249919495,0.640414503756331,-0.760104685590384,3.18053517564743
0.10942365098715,-1.23331628534511,-0.531345956806119,-1.48899896964409,-0.204707965008341,0.106110439607815,0.930024566980432,-1.31753595871366,1.95992063039405,1.5289169627373
0.652633904382349,-1.14337796572399,1.63540550886424,0.180592725424936,1.0662663391641,-2.09483551269219,-0.449391216818012,-1.46147596954782,-1.92258446922959,1.3588509464947
-0.741363716541374,-1.11891119695488,-1.18741709641489,-0.352879342557118,-0.595342137848143,1.60875902048694,2.07813965669507,-0.448601853986868,2.58850739173165,0.0632194878604937
0.713989472698509,0.883230945144225,-1.31881983012773,-1.12322393661657,-0.225325008418569,2.18161940030303,-0.999923144900347,1.88962294591516,-0.601447501025355,-1.57420831018788
-1.12411456891426,-1.75229767582211,0.746097327652763,-0.164152140501708,1.37836329920923,-2.09571596548811,1.52223842324321,-1.1292609597574,0.64645896098175,2.31627075208249
1.44538116085019,1.95216623788055,-0.957590315551609,-1.81402477858391,-1.55559180228017,0.892404212459576,-3.91912584813389,2.68932503418478,-1.24546308607134,-1.71462715984894
2.35087357003209,-0.105638140869823,0.928208056198102,-2.67786848781567,-1.02446560207794,0.0681521933940488,-1.21277496039806,-2.88222127946208,-1.05766133816352,-1.72809972035231
0.728692791525345,-1.01208784553556,1.11700876782786,0.181642213827873,-0.580365785408704,0.00807528796475811,-1.15078694820498,-1.2470312416086,-1.0874867408037,1.30984395529519
-0.178740921373763,2.02772290704203,0.341848281885003,0.626588809459618,-1.77308722832843,1.00222254929021,-1.84287168544669,1.61597350177764,1.16759973059516,-0.884738940858454
0.605858431106629,0.334434273092242,-0.200521112173886,0.802170720562922,0.516342725877111,-0.639797738317956,1.05889234361585,-0.175815113110327,0.569462186589108,-1.15098279108706
0.0505288012176399,-0.421045448164778,1.26777756367877,-0.810164695888007,0.948087904472626,-1.44469914230851,0.295915072219395,-0.0259313215228279,-0.842994470792972,1.86234379798394
-0.289844824509126,0.819916158418367,0.437364695923418,-1.05139525391138,-0.686875426893897,0.481232818346464,-0.269707620864577,-0.0562916837272653,2.20874289777483,-0.563382870759689
-0.92934905014296,0.104239452886147,-0.473856535072451,-0.84260744901243,-0.318855043124576,-0.284505281127002,0.114178212092056,1.81843517409912,-1.0095746735232,-0.276539324687001
0.821545095504586,-1.58676078331511,-1.08586491714703,-0.296635225982201,-0.451324291951713,1.47849616175299,2.40628392410891,-1.25426794085432,0.798458796708047,-1.19318450630575
0.255526111227061,-0.489114970006086,-0.947457409515254,1.23637150650344,0.665298135054838,0.0107969529025821,-0.317110462104064,0.656936376875048,-0.681295316599865,-1.06493939341508
0.63978201858777,-2.77343267054962,-0.671735583517738,1.4249366418892,-1.60153650385257,0.961888239236751,0.449491509593488,-0.642049521947556,-0.34574914694981,0.645803786334631
1.40903492956223,0.118839460190305,1.21025141365089,-1.47221605462862,1.41157518930635,-0.699686450180491,-1.89231631015663,-0.0170167959838327,-2.59093410621558,0.457557485857077
1.22758600399767,0.0260318107702861,-1.71666666050637,2.10147172839061,-1.77891454403878,3.86597214521597,-0.160394375083977,0.245631546795991,1.12818234928395,-1.96624042976474
-0.53987577746415,0.841499217149273,0.728834929560421,0.506783009910215,0.540856904556424,0.975464703872117,-0.23321265840859,0.907927159507896,1.44069817891694,-1.2789369263016
-0.948566780788457,-0.857320234657268,-0.722446891802879,0.0771182629490809,-1.14364706170583,0.950253554091416,0.631511238661888,0.17411697807633,0.0201924323916371,1.35867829477455
-1.46270178622069,2.37218643324812,-0.91915640074418,-0.364641953768619,-0.96913772951353,-0.278267228365033,-0.393506288935711,1.12290682670922,3.58620588512398,-2.90942140049375
-0.247693230877261,-0.0434798658780052,0.150921244381157,1.18886523247803,1.28954643453827,-0.344824315043975,0.652411177605818,-0.26155358019805,-0.47591538818922,-0.431649489601392
0.348056731830953,1.06541189529977,0.322827303579618,-0.0404301841398616,0.0375305106864182,0.998330076352482,-0.0387846209641466,0.220955638415058,-0.0349597112794673,-0.538203434941457
-0.466725132423182,-1.86235601527822,-0.599504775721414,-0.304463616192659,-0.21000004363015,1.57444826564426,1.25304429148858,-1.04771110771225,-0.72594759969312,1.75923964458728
-1.64857470012924,-0.630967365480122,-1.07154421457561,1.07206196883539,-0.351736287953301,0.827665450951315,1.01631279460799,1.88557552030647,0.021311227710189,-0.937967979385905
-0.340605894939066,-0.554226529237485,-0.41672706923008,0.321373075296299,-1.0283457341752,0.809453125900383,2.05812465563767,-0.179830925311222,1.39001946880604,-1.2187517217093
0.361381851429056,2.4441680827744,-1.81722465047887,0.759583334706089,0.182232261113153,-1.45479057670949,-1.09588315259513,3.19460001848753,-0.779972116632429,-5.72372208790892
-0.932225818592515,-0.544275485804723,1.29253547166355,-0.671265242937322,-0.693713193018212,0.397323333098282,0.51987821063716,0.100410804776531,1.05131925128173,1.83024501281339
0.176105501810572,0.815520209830665,-1.28348919523915,0.146853735495103,0.0948777779304906,-0.12387637866807,-1.96357680749811,2.23058907445849,-1.18528301655058,-1.57889994378465
-0.101776686091589,0.56382605491381,-0.515402201376505,-0.44655235335618,0.528869480201102,-1.84892199762148,-0.841385570943933,-0.205466714445269,0.122074608251689,0.00110531656906571
-1.08370069503616,0.278827629947207,-1.43313063580363,-0.775388679208806,0.251715366026166,0.895443269580859,0.811270125749601,1.16267863299326,1.34537541474091,-1.12324846410761
0.953465871683879,0.426504174673682,-1.11363938091169,0.567131141860055,-0.105537885908668,1.29728755963977,-0.934030021523136,0.448701903475169,-1.35827486588263,-0.374310774773574
0.16662772196493,-2.74185933194719,-1.09843925713653,-0.132002348012093,-0.753922354276097,-1.265817817873,2.03110827127324,-0.779217290697122,1.70382591997612,0.546461645612293
-0.78590117106814,-1.96851734342153,0.0104511241350969,0.140695347626237,0.829339633161685,-1.06126032878966,2.43326991566843,0.374029624403833,-1.34987398463246,1.09327287950147
-0.177919993106564,0.767923778271776,-0.116420598393333,0.54293899240161,-0.0795809193333509,1.55387393624048,-1.87960036023315,2.26050948022347,-0.128684463210641,1.0069721061683
-0.457021072793892,0.585136376853596,1.60328793230524,-0.0364138686715548,1.73079743932542,-1.06081271756221,-0.966467748165157,0.138066379539574,-1.91755845523572,-0.260930478933691
-0.262336222322742,0.0303623199483372,-1.48668024943433,-0.198520117896496,-1.53198392866076,2.06019482076667,0.442832353643419,2.29110701003105,2.71896744375545,1.50083796294702
0.868827146684609,0.932884614709668,-1.48623071767628,1.21339570824876,-0.779049672738198,-0.477139774755819,-0.743874271105639,0.40746640732311,1.08075477619037,-3.87173259984415
1.96999458829322,-1.40585664267862,-1.27375285817026,-0.452500618269145,-0.190066076056676,0.503931597268022,0.2215021797736,-0.925972079994416,-0.725829977589534,0.446664650901916
0.374764547062717,-0.409238647703763,-1.62627390468083,-0.520845503825131,0.358157356087859,-2.61083827458244,-0.567374000133,1.00793431679009,-1.40605614626156,1.91469489422715
-0.540159085266301,0.634163493274134,-0.483098459197361,-0.21585539982617,2.41382000873764,-2.254711328026,1.21736921133843,1.89542658470881,-1.11240925493659,0.0305981643138124
-0.5646219455706,0.974598071009114,-0.381191832203015,-1.86123124055977,-0.130540772675299,0.170081106669662,-0.584172469818024,1.32180841012189,1.33327310503182,0.23943655750154
0.56991840011968,-0.160454947017523,0.565533235187627,-1.11134003549006,-0.535058731415136,2.2110203494798,-1.17829599240054,0.370118840461475,-0.343217799724826,2.23314866075786
-0.636528766216057,-0.287771009703206,0.40353193596378,0.579281401260951,1.28007725812774,-1.38488690952477,0.531344120722941,-0.322685026687781,-0.219809856139576,1.07388991308857
-0.554939266629655,-0.625881034492291,-1.59790102424977,1.10466925778315,0.256677606800048,-1.93144083286548,2.13875657022189,0.476041428522547,0.0644359635827046,-2.50698695462578
-0.971432742783327,0.809936864617469,-1.19239539417017,0.778885279119871,0.403796817387183,-0.614351993928408,-0.0686531820069101,2.32726883348697,-1.21248639277637,-0.149669003935962
-1.19072605514701,-1.23256101719538,-1.33842789591322,0.473018091623503,-1.07978660445574,1.13027479727616,1.4139508376785,1.06168291738235,-0.0292816917233501,-1.83271467211412
0.668202378152085,0.312989837229661,0.374214324610561,1.33374460466677,-0.223884177961406,1.27930875247561,-2.31143938061577,1.4443543575645,-1.48949569235054,-0.673034562293069
-0.485940590113142,1.12115290019594,0.294206075905236,0.235270339924121,0.181169091064328,-0.229353388230982,0.664190864999486,-2.43029793692699,2.52175022124531,0.169266626568278
0.567688766575832,1.00260611029273,2.10162304009503,-0.192889785229454,1.49977714606732,-2.15690077465378,-1.06851695818853,-1.69169878983092,-0.855902608751608,1.79576644916359
-0.510665746036675,0.543669777267868,-0.188426816912967,2.01500617571837,-0.314149704855437,0.106182904558589,0.294130751900543,1.39386471834207,-0.108919717954185,-1.24182934649772
2.05831999067527,-0.791347297118192,2.19768466638331,0.211714811026686,1.80445406517137,-1.25554504365288,-0.58031426081993,-3.22470120634872,-2.3897230498879,1.65156452948117
0.423803862872961,-1.06509209909086,-0.600089544759908,-0.942744732485986,-0.765425660164518,1.22872764455924,1.0484062631629,-1.90674596654824,1.1799208023609,1.33875001178534
-1.64656456316121,0.045511477175252,1.46501948809906,-0.105080476648571,2.24164659266691,-2.24276692112191,0.202925852544947,-0.297748596303927,-1.89591212301761,2.06106575133454
-0.319739631542636,0.550614309694611,0.326609736984267,0.11083283940692,0.839487117982476,0.635487992782005,0.303448715374548,1.67559987798823,-1.73598423850627,1.56229446815984
0.415613509601813,-1.18623298307459,-0.153368666746513,-0.908482887508238,-2.11689389896953,3.74447677678443,-0.582156687418026,0.918206186820666,0.182923696044833,0.886314304155166
1.90305624132548,0.671040141031554,1.03827053865701,-0.556804084231722,0.758856975952737,0.183127692611203,-2.703858015283,-0.56880008907512,-0.885755937447625,0.13832611980385
0.163675875018563,-1.86566552239942,0.324324436102299,0.306989348798544,-0.80627581365034,0.0512817967725354,1.82340551136555,-3.23687729642211,2.00443741973007,1.18630713210095
1.59166147858605,1.06919403750597,1.06138240515143,0.0806690406026411,0.785803876950997,0.2264123964708,-2.76222045834891,1.76334743474727,-0.491179548068921,0.8961985465036
-0.273116619239364,0.565520508636532,-1.29705650188342,-0.202208564860228,-2.62485825395148,2.29356357376365,0.767412644110786,-0.203757613256514,3.02540829252452,-1.1397678719423
-0.307435609940704,0.649232719792282,0.021365053163467,-0.321492908839637,-0.266927961800324,1.29997938012129,-0.0135536727512877,-0.292840401508393,-0.544293584277593,1.67218110089028
0.989564329684204,0.266372439638588,0.870389815826783,-0.342257879003251,0.617993307139265,-0.758431399358783,-2.00776253734993,-0.580076968385797,-2.27610403749639,0.493645832427862
-1.18124474893528,0.772946612273614,-0.19712658117033,0.76284056790745,-0.947209884821422,0.257747429949727,-0.257075083711046,1.45018175079123,1.11438547541323,0.373861072563534
0.548206943068114,-0.500937865621873,-0.111380034529802,-0.258870779776279,-0.622021996701724,0.450172437150499,-0.806534647669279,1.42797895596651,-0.975309151534878,-0.944899266120879
-0.127434796263063,0.304072941905905,1.37007620257879,0.442446228045472,0.812260488438751,-1.20243777880676,-0.938223354475368,1.13879397631129,-0.520533883103618,-0.0602820678614369
0.58982648393438,-0.732336462132407,-0.250219492937863,-0.34739275446639,0.346063749550566,-1.59508498558288,0.436990337488074,-0.749893214641137,-1.09912541746133,0.0245190262381341
0.208753851886906,-1.95766619753846,0.375843937572108,0.468938924749995,-0.423413105706137,1.29220860698743,0.232651982996051,0.235367054035217,0.820507541156335,2.79396018032893
0.367932503887125,0.458677338705587,1.08119928094481,-0.704299199436698,1.9813348186407,-0.342140583131827,-0.845706787527355,-1.03793280585295,-2.11619317021043,1.88717019223896
-0.574619062896476,0.529705177587209,-0.550706989537396,0.160448015359677,-1.51072991265498,0.942008182778856,-0.642618527798321,2.22193089316596,1.52881118071415,-2.90280932197259
-0.388823333942657,0.59811695789202,-2.63694037532313,0.629113886584237,-2.21419035826286,0.904061810161245,-0.829501508651229,2.15564159028728,2.23880461459377,-2.28867489745486
0.943897269542401,0.8948128959806,-0.923849134509563,-0.0124457246593338,0.0328589010418997,0.472806852621562,-1.70602953284379,0.327852870311836,0.157728559197107,-2.99583784290973
0.457711564252863,0.647117794928502,0.631599409546593,-0.196336515708126,0.764978156079208,0.58316629204533,-1.88129561387736,-0.818625054542093,-0.988087048247803,0.0392442005191797
0.668207919014021,-0.374889172547999,1.68157675919483,-0.248903647645511,0.666565809866038,0.624488460206265,-1.19940667640443,-1.08703818999906,-0.379441533584106,1.69390996072976
-1.63440970151206,-1.03596190516762,-0.535748789391683,1.37230873928349,1.52309089933645,-1.89513739629779,2.46870656416208,1.15672474187643,0.803786439460704,0.852931935387151
-0.465006463994549,0.380953555220138,-1.51708223712841,-0.933981018419132,-1.14192803047867,0.662808813674837,-1.71482558048145,3.23623508457258,1.49860157044209,-2.17009871617808
-1.15743941673452,-2.12617967751744,-0.880424386247101,1.41250469049041,0.682846234024042,-1.01166315711152,1.83707001886233,0.738397280639028,0.359528553984208,-0.071982560876839
-0.614026457698363,0.497241477609178,0.498830631839205,0.814780908565158,0.140994439366818,-1.13013360194856,2.02288750501439,-0.998802054351741,4.68534813744916,-0.623172526172884
-1.65071156294876,0.578270844530752,0.437176920576798,-1.56912108813405,-0.615217660846567,0.82901149154646,0.323565980918277,1.25665925566607,0.885159999577012,0.189695840097306
-0.282892607702172,-0.244647767464332,-0.958181628637564,-1.22282131335245,-0.415288707719787,0.916488117064134,-0.163241481300967,0.568314676355057,-1.64800888413295,-0.248464041469993
0.180842554764336,-0.608581469508978,-0.0854329466460696,0.0398246865358398,0.477215753532829,-0.086529116483732,0.251685390598476,-0.785143065097645,1.20404450534728,-1.02631174966133
0.0215514117272928,-1.97763424447167,0.336946691418626,-0.416367388420787,0.705364740330977,0.596105669069624,1.96693183329804,-1.58285277310015,0.686996363434718,-0.313774286928054
0.271729934435878,0.512347796868516,-0.615956576256815,0.332918902832384,-1.06377763085469,0.538091760902455,0.570312679627675,0.619491109525383,0.672330140817155,-2.41476330989187
1.19297307833547,-0.0175669920630683,1.81522522987531,0.205746372044537,2.0536034203497,-1.58983748272922,-0.877201911299259,-1.87226927202623,-2.22062309592334,3.26341727074057
0.807902427555884,1.07312353998728,-0.644174068969675,-0.921081913581628,-0.765110781152876,-0.0448525969527704,-1.51080981818667,-0.783806710531938,-0.518339114126608,-0.482961419105609
0.15557851871099,1.07599525932445,0.537198854267036,-0.205955845531999,0.617051866373925,-0.109765422524857,-0.294524426422501,-0.863823583145323,-0.861048586143422,0.220542278297371
0.748735039457856,1.14638373758224,0.369046259607128,0.230962581099871,0.630884006424099,-0.854027067879105,-1.73908878876861,1.5814613463303,-0.194652863660648,-0.0987223318669509
0.0119850621706906,-1.78928708311665,1.08400618221762,-0.899013113236568,1.48728049200627,-2.12298693645395,0.488714478216305,-1.98055969000826,-2.3018909199799,0.81773868157755
-0.352206656502279,2.03012957414073,-0.128245632459619,0.644346209540878,-1.08732048815065,1.23808588674998,-1.63658873550759,2.78498552430012,1.36247580058975,-2.09295268581237
0.395102014469115,1.01240096198821,-1.50149097451242,0.195843170013201,-2.08464877220449,2.86775650627844,-0.695846355686133,0.906978548838903,0.583460581320097,-0.853324094994545
-0.154026790007567,-1.63643883431796,1.07998714226495,-1.86838127752379,0.789506933124661,0.2350343194326,1.20934699415105,-1.80101179464177,-0.990612171288602,1.88591024036546
0.212071539545655,0.997173918244771,-0.382708660756046,-0.747665842352098,-1.43524953472798,1.44202789872466,-0.810785435154622,1.04470770462313,1.6324388072372,0.312166317945851
-0.361229985096563,1.29709522605367,1.74919720215997,-1.05711567309617,1.94575341333584,-1.95021909273374,1.08457619547616,-1.21042191786003,1.16436926106361,0.883442120354014
0.0134786429217056,0.506983672794116,-0.28981341636885,0.0613317828356654,-2.19814348404625,3.11208392987838,-0.803859971762898,1.02681430763681,-0.0151303059573381,-1.34731692081711
-0.597375683796776,-1.22664824874327,-0.0810266107858517,0.956654121199329,1.25705578881433,-0.0820191443937635,1.66389536433509,-0.364194461943281,-0.470919300126175,2.74965118501211
-0.235406595654194,0.258931772397383,0.0202110552886382,-0.788282125451619,0.398842517179071,1.20406751488337,-0.995267155736645,0.941399478781544,-0.789730840832829,-0.353807745757126
-0.604820192315489,1.57437053498254,1.1375701358376,0.3754875342256,1.11151993194098,-0.797743282873818,-0.584720566591496,1.02583753218508,-0.127707215166865,0.16390969853635
0.524029457375971,-0.889865234035156,-0.523401490215979,1.28862803766567,-0.765026830042772,-0.0326144267530837,-0.6487669928356,1.19105034497452,-1.87538647463302,1.32644680707175
0.811274553124343,0.680515406157681,0.0922236631296355,2.07726075362112,1.02996363857681,-0.380749731839637,-1.37683563567923,2.04115225790401,-1.27053822014613,-0.428477998263676
0.455493711312544,-0.450532616584157,1.03735215059848,-1.04866461834983,-0.555734586914493,1.89021008501781,-0.0653518781140349,-1.94794599516794,-1.54454417810519,0.205911506256349
-0.405888296234699,-1.71284757355857,0.106176086103954,0.75345427670625,-0.0728373402080614,-0.223619712209358,1.98749884675143,-2.36110073656085,-0.368740714235543,2.57700237459619
1.04315124281859,0.144809318464185,-0.061147445008037,-0.4235817038466,-1.86490847913522,2.52008078116173,-1.0758433630593,-0.387709089865778,-0.696910735550093,-1.98486024158986
0.321988592293107,-0.0298384735573031,-0.219336209685941,2.44720759865775,0.927813951558012,-0.511770954198895,0.0683174428850956,-0.713087324850656,-1.10267135296802,0.114796458717046
0.499711865818077,-1.01539152373365,-0.717849397543712,-0.916534285917982,-0.615106442718297,-0.551205860810517,0.888716720691164,-1.34906782028463,0.000323482996883241,-0.19706790706569
0.514909225446648,-1.96141725539587,-0.647526958574019,1.32924051642507,1.07551344071989,-0.469862711514982,0.525978535880141,1.22637816357113,-1.61986895473892,-0.458492745332754
-0.00555638639055377,-1.66728121901597,-0.0994789888978339,-1.96756963116184,0.364676387957717,-1.72601435155574,1.26893344171704,-0.654464635428208,-1.23809303788951,0.624414733748003
0.496236232285494,0.565961632135281,-0.535187433498629,1.46502573777774,0.266425832295452,0.438771501118675,1.02753022676864,0.173780795429344,1.23809885699963,-2.98370877186124
0.923777618022967,0.659464031486335,1.10136120367795,-0.52890522551906,0.262868468128094,0.482551019430206,-1.04244872423514,-0.316314887919701,-0.205781026849893,1.70720964389871
0.248198499629691,0.84071835212911,0.313107119081203,0.65458569756883,-0.19643519944207,2.25649932182051,0.203592389437027,-1.66130055603275,0.82047902949911,-0.0610757188381761
0.331600738527346,-1.57489935333094,-2.23164207295664,-0.309889457826973,-1.40346127890671,1.77466974158105,0.719668882429804,2.22741419899471,-1.46604545734754,-1.15218571088144
0.837152095445055,1.79648303586533,0.661154245872771,0.590809119017432,-0.103884151370642,0.0889948049731347,-2.62428378871736,1.76125626817293,-0.68788659014206,1.99072959797997
0.282279228812023,-0.402388892593884,0.0793512065379372,1.00311298731786,-0.797958067309503,0.0343080321806602,1.28178914094656,-1.40516308968488,2.60707377736537,-0.44450177204035
-0.672419689281758,1.46837735642066,-0.0477760766212599,-0.124421541576822,-0.636293577784957,-0.756098293328973,-1.93826839115293,1.6023764154641,-0.233720476523411,-1.34055471298118
0.863933043076995,0.54989833063365,1.08707376760653,0.915953970870849,0.480336572906009,-1.19643047522628,-2.20451954249977,0.555097909472791,-2.29012920216895,-0.90846149363723
-2.44092096826331,-0.189077700655686,3.01923383915744,-2.28798794379296,0.277448587060865,-0.633043122396655,2.6552003362495,-2.3610921994651,1.08903643137468,1.53215424989283
0.0707299185857845,-1.49780183741443,-0.142030582116275,-0.172688074564757,-0.670701349671449,1.15997809266338,0.8349220577646,-0.710713368057631,-1.37085416486817,0.508499599759588
-0.742676972873873,1.08297979580934,0.808644720246108,-1.07691377214618,1.24260704321852,-1.24209726068619,0.298343223086662,0.331006391680081,-1.48590882984506,-0.665275286901466
-0.671428716018477,-0.599911037286233,0.0347183223014166,0.559860553392483,-0.186201621614661,-0.0655151716209637,0.680758271279198,-1.62159010533913,-0.440585862465734,-1.82682499550362
-0.356112580154131,-0.319412996967203,-1.22752488832552,-1.32976863501367,-1.17210307943812,-0.250820036891245,0.375889531753239,2.18972224770414,1.71649494663286,-1.49283491892819
-0.705695597138275,-0.868271820591918,-0.845545990584876,0.134224110945739,-1.59572050823369,0.573885528576401,2.1508738751195,0.670089084649649,2.45891716851701,-1.34106025184889
0.267078709438056,-0.232142725141664,-0.0503841016769995,0.544700579193764,-0.686451268776691,1.65462111022369,-1.4998309697194,0.87047782496395,-0.63638975941903,0.0584840625615114
0.458689482267638,-1.13205191565361,-0.663329604521839,0.0637324493275525,-1.53333704437325,1.66650830770521,1.31677513943938,-0.0671852022429098,2.45761887553239,-0.922257145747811
0.0809816119920577,-1.62198765863784,-0.298995436974951,-1.79635017438271,0.355630885891879,-0.609947711594157,1.37925867933906,-0.476337232585314,-0.0546560585159295,-0.664177404824545
0.236226120886158,-0.851672827110088,-0.930147018873663,1.44528582464298,-1.57176343207943,0.59921045055805,0.909309603007261,0.0871225231379208,1.40336674695799,0.560289239084073
0.231270316434671,-0.483429938906842,0.638494502917947,-1.05300119979438,0.0255788095400574,0.983990183087209,2.1692359991075,-2.99950568036702,3.00421363032711,-0.440648007661458
0.86228357330185,-2.21756537861892,-0.778023297687573,0.254137373923997,-2.09291763464233,0.913787460969766,0.261085656455767,-0.94408061589365,-0.3257080905484,0.752827518892422
-0.938902724068551,0.572845166357432,0.372264040362969,0.932866385539768,1.68987772788299,-1.73655947465648,1.05819648016071,-1.55274215513349,-0.662762722766142,-0.78482013654582
-0.538882551561232,-1.19577874130369,-1.70196697128538,-0.451075953925702,-2.01750682215458,1.07326401160204,0.810059615786114,1.62216455457848,1.977908809436,-0.220476688750054
1.21415636456451,2.35424963958405,0.550318526329149,-1.3653462279711,0.583982406027829,0.509973717549921,-2.87188487374657,0.454066087257865,-0.37458373876394,-2.22828828372477
-0.743261040951022,-0.195691993881776,0.578826588644025,-1.89729189644364,0.356162251115468,-2.42046199748934,1.16149949401953,-1.28397153823796,-0.0931696792814814,1.6078789535486
-0.0626790115227769,0.279441843151609,0.490892204407908,1.22123875722493,-0.315522201065983,-0.711285471614903,0.435241941438413,-1.43976997004677,0.25138761991261,-0.916474661066587
-1.28980500486924,1.22140007126225,-0.961857655322866,0.808810837356398,-0.786781791438412,1.19740653383768,1.29206054664817,2.17104460320959,1.43255398495256,-1.27798282845287
0.364635975270235,1.20455559772547,0.145836030419546,-1.48778333614924,-0.0397126595992337,-1.22735619076456,-2.07904939421918,0.461788568552692,-0.714485291585222,-2.03862194062896
0.543928531444091,-1.20659208345642,-0.0762626509349972,1.74342093941268,-1.54509399060482,0.698319600458124,-0.539829167101144,-0.127522257434116,-1.84586004645805,-0.00460952263705764
0.62811592536549,0.21073363533848,2.1788122454048,-1.83401593389838,2.39976896881728,-1.50732907664431,-0.837985024357539,-1.23682211808235,-1.34436323712083,1.79714920558642
-1.66257096928437,-0.915811185226764,2.45843503874884,0.941288435359577,3.0895687087796,-2.44682143356042,2.05985009615142,-2.15388765956406,-0.97779796015384,2.18638078421552
1.3331751168422,-1.77575041707209,-0.709385673463509,-0.80778727987037,-0.45230284025357,0.506601224825227,-0.342121881326557,1.35704763010367,-1.72009927717704,0.834251046432417
-1.45536633129873,-0.306632336115916,-0.713451091822393,0.654812300429879,-0.641586454015917,0.412946595527951,1.63276305018421,-0.0388277254345376,-0.978034009001943,0.489825023773186
-1.00499476362208,-0.358881023436233,-1.23190469622288,0.958056279972845,-0.466327585565201,-0.0174807348662205,0.415660536614686,1.52948958557896,1.54945987997362,0.115573389965866
0.493428433473099,-1.53962162857922,0.749976723844822,1.24207281658875,0.447863252499783,-0.418474137585274,1.06111727681881,-2.11802353751023,0.446315892689424,3.9278650847825
-0.309839328879298,0.861597436715861,0.51707961971477,-1.98661620466063,-0.0201812677941023,1.05902840557743,1.22329082388868,-1.74754234639568,1.45686636918727,0.948330004235117
0.620872559420196,-0.14576084736566,-1.13876170432742,0.720176433080186,-1.90630843418658,-0.052789072106747,-0.193899371423616,0.55553767058072,-0.228670579106332,-1.30757541463714
-1.65197617323974,0.704043500420059,-0.217734726909261,-0.253206723868203,-2.23736701707009,1.30298903232136,0.914452978765149,0.339395903829659,2.32012503139332,-2.91762628130731
0.157141519187322,-0.0351583935125824,0.284227899097421,1.01272207601091,0.902284494497663,-0.453626259833952,1.0873963664889,-0.338180421861794,0.822163008179622,0.848491149459523
0.83904277862866,1.11363655197477,-1.3322763031383,0.410903704453844,-1.01371678657783,0.632601887992483,-1.87711337923635,1.75376525797836,0.196507091565434,-1.27639755798768
0.428545161595153,1.65859427729484,-1.33324349301978,0.17232605709024,0.696152134387086,-1.9042488518106,0.0542777819833001,-0.437946175400948,1.54399220771346,-4.48079415229118
0.0763861570973312,1.53183834397761,-0.168176909602203,0.573175258620939,0.332643145801289,2.03516509974373,-0.667478370463337,1.49436906600052,1.35287967899985,-1.93074552867712
-0.385549266201288,2.14715198627085,0.497850844134271,-1.10735379037797,0.786016337817151,-1.28806664047165,-0.760417728414274,-0.751731031345863,1.64479992187161,-1.86351631433112
0.345568664510677,0.0983920993250652,1.25406364446054,0.481178506461653,1.84919524358787,-2.37090352679364,-0.839809544424389,-1.53015621484026,-1.68115096222349,2.07864422372756
-2.04760910919768,2.37641066116889,0.303926477524707,-2.35433547534359,1.89534817391829,-1.46443251711989,-0.697725071477173,1.95269060918378,0.925525080758636,-0.529241017124817
0.586790052915852,-0.920355078527406,0.478052071944235,0.213953984928997,0.168744056082427,0.0722908314262233,2.02504386485292,-2.8855921776864,0.55032085532373,0.360712481926617
-1.18834076119944,0.494027256052038,0.679019508904388,-0.966697982295279,-0.314946214066058,0.338551714972238,0.00804954039403856,1.71926693868789,1.38155478054145,0.863132881296357
-0.374901297972981,-0.0871210935459858,1.43782470576021,1.68250804209183,0.699825027783576,-1.20046043734774,0.192293199528221,0.0506793969074231,-0.316154931942073,2.08760870248198
-1.21843209320587,2.61882164770506,-0.331706919629379,0.0732597069124231,-1.19952329232173,1.06439994415726,-0.435727580155939,0.41895959357827,3.1722358645713,0.612857754894074
-1.28861907320327,2.10054167217581,0.857091665468135,-0.0596819621589926,1.53612317954432,-1.31984465847022,-0.285310604818602,-1.35855213476073,0.589683273811366,-0.327430569939991
-0.446900848596472,-1.51631493662126,0.795377354671119,0.381218633453667,1.15342311606868,-1.0029952531489,0.127279867585508,-0.368989123995204,-2.82765725956124,-0.992000802157813
0.200683893926816,0.400455801827362,2.14102330881139,0.612290961967983,1.05952545207187,-0.877815469386259,1.84252592125169,-3.70938898174527,2.00469233689832,0.584700124897145
-1.5780606217962,1.33093943045017,0.42743284706163,0.257115252461272,-0.0159363644203889,-0.0458779239472638,0.383543283778811,0.415434455352184,0.0251856701719723,1.37425781501639
0.777674321159136,0.686380374796307,0.358733024886482,0.838429372902283,1.22793771587242,-0.237216863993301,-1.19801109206911,0.00698478227903026,-0.893425045917907,-0.822386906492236
0.495131611345597,-0.643025618704297,-0.366419833602044,-1.28080640646363,0.698236910820129,-1.7949494161585,-0.553868060490728,0.262054619682907,0.689156492270711,1.50616558900247
0.679543871763139,1.01713168446501,0.631045804650373,1.21579299613638,0.69205183418115,1.37944132047678,-1.30140627749766,0.236396062170533,1.27733877357349,-1.61743701186832
-0.734329295034691,-0.709768264612296,0.479413438893257,-3.43710579356205,0.678023301679055,-0.770554143187498,2.28471204372617,-2.01176014923178,2.98501613514848,-0.60368568871389
-1.36646973005229,0.726953614273043,-0.108427020238867,0.961446485906026,0.355909104576026,-1.79277079099887,0.105840475126879,0.969243810653294,2.04400680797642,-1.07701618335797
0.000691316341879578,-0.0835647826327351,0.436399543305189,1.51904286535481,0.0987782556416983,0.208087447270969,1.37653945476357,-1.40120147472345,0.261037466380458,0.978673091344273
0.248849767704821,0.0764425469200403,2.15581485074606,0.0468093361531,3.2349059486115,-2.12105678358208,0.905162549573859,-2.98586120717112,-2.95281196350929,-0.248366276178347
-1.20058763406145,-0.626093160559406,-0.491606685899953,0.939123824650575,0.0263462490111752,-0.743537859933701,0.324688892480095,-1.00299009305505,-0.27609068864077,1.34943432818789
0.611786286206082,-2.56801014248951,2.03707609687292,-0.150779838121374,0.744329308387926,-0.990804980377724,0.0232404271950681,-2.11501702027331,-3.17326993440694,2.92809595495487
0.36856164095599,-2.08786428138183,-1.98056456370901,0.189253265314197,-1.12658879626961,3.03924374053346,1.49900491172921,0.34124939192664,-1.62857875769756,-0.408798517872209
-1.48023934744218,0.624823050821138,0.0431903603507824,-0.648702760360771,0.0399828554434455,-0.311325490116154,-0.195938002180779,0.386102962698144,-0.45342715379746,-0.8335389836432
2.09619003420535,2.32379171769458,-0.183567015883597,1.37839669825781,-0.102585136758634,-0.543648203458649,-4.59418073048314,1.53061191883882,-2.98706841072037,-1.23497723498615
-0.90522608912597,-1.08547874551542,-0.399892708797855,-1.00861541180469,-2.68613700148668,2.0532911318772,1.18874194637538,-1.51917102475139,1.52256234819012,0.285144565931982
-0.311542467701092,0.669814515078376,-0.718176087229128,0.705637477510821,-0.556597322871923,1.77449710790958,-0.577718920053892,0.0892230321794587,1.00637666798492,-2.77860644218544
0.806210454642245,-0.543933468931714,-2.46675034122738,0.335914298098316,-0.63766116917858,-1.11383116285594,0.157247168090103,0.15563264201168,-1.80803875834591,-3.10829852275911
0.577887459641852,0.622758234449976,-1.17919460252376,1.95044885130032,0.319782370687722,-0.0892833952859602,0.0768247378740596,0.322191440796442,-2.51669886253028,-0.505303654993151
0.972759937087919,1.41528628273135,1.46544377094429,2.02485420879927,-0.401641950373538,0.129749753028485,-2.3543206880332,0.348437023812919,-0.147569217697992,1.63680886518617
-0.560693268607286,-0.639753865324098,-1.46312888988588,-0.427170576514444,-0.752356125817763,0.75046213875915,1.27888456592414,1.20796018258783,-0.74105186821964,0.0941121883147366
1.55145930264252,-0.111488197232418,0.0353947470265906,1.88362468489075,0.847407643984541,-0.24689800238024,-1.77462523574011,0.810584707665561,-2.84951614431633,-0.501449924668629
0.763548240774814,-0.424936717869555,-0.0700807497898685,0.550671247985085,-1.45025501901504,0.214719984750952,-0.692293345503627,1.31309950522521,-1.17658643862557,-1.69105095943669
-0.240040151439517,0.0740628240934263,0.330526321197105,-0.746326230610576,-0.260223534636993,-0.718626249026317,-0.491744161870879,1.10937471893972,-0.146729824322193,0.443577558929859
0.861910449272491,-2.5720317009484,-0.565934386253742,0.771625888945961,-0.269078839658187,-0.000717527593835098,0.000817238992064512,0.59358238415513,-2.37494424803124,-0.278321915542874
0.438314788793941,0.640089586377911,0.637769513258718,1.80047060715386,-1.11427625897965,1.36287739146649,-0.486295295807846,2.98525385510533,1.06333104804797,-0.495267265089429
0.643757274076162,-0.394026370650473,0.521272567893784,-0.422162927552193,2.23417568569944,-0.575587108151456,-0.662219811548621,-0.177508035995394,-2.81996313414584,1.03308345638255
-0.199723113161789,-1.70290900423802,0.657821252817454,-0.69496350076515,1.1451540163707,0.1948152373783,1.32438627212269,-0.625575951973701,-1.87062815523284,0.456858630658861
0.392622338651976,-0.215999760166251,-1.43820957558069,-0.358226006729691,0.094563848930556,-2.46463924101712,-1.02149640870625,2.60728607188125,-0.897166596804789,-0.74845622489642
0.0378453234065035,0.0747664703861539,0.482196051104365,-0.974700113772229,1.06427751894021,-0.764008613604241,-2.88855081229033,1.85742575248882,-2.90461459454753,0.495661875798148
0.317367111221089,-1.98168176199692,-0.850628431772564,-0.404394413821042,-0.968205949594441,1.58645120001872,1.80129384262864,-3.9445409309305,-0.977987938624929,2.20015087308355
0.258211242722783,-1.42563257094424,0.486171599363337,-0.204159158087189,1.88622764905254,-2.17662256366844,1.01303554049613,-1.97291831270049,-2.2852587182655,3.05607092102862
-0.988558706778747,2.38822012632931,0.0942938491734897,0.680409899654146,-0.853604869069505,2.38734372445066,-0.40885270432766,1.57724216005868,3.61766761014046,-1.93285955253254
-1.40958048943741,0.372413960730718,-1.09799039491238,-1.38960991951099,0.849850229385359,-0.0945309377477892,-0.0112839031146131,3.29591964433324,-0.833216703914036,0.575098875771404
-0.737124241724407,0.759404665854035,1.71506025811046,0.753148964391273,0.961771286109328,-1.46404809920026,0.296190571711758,-0.0297348461341166,-0.786165114390449,-0.71747841423378
-0.0494599990517171,0.233707338069871,-0.595319277572913,0.768886229845326,-0.248200533364261,1.54203459574992,0.316789804590018,0.343148701652012,0.231649961365337,0.195004062532483
-0.66013375092722,-0.330544712610433,-0.458215325333226,1.40912875553022,-0.139943909133339,0.798009219639314,1.42842908824224,0.0677041038264056,0.662428244538337,0.608412423922564
-0.265536787081313,-0.515531745839582,-0.660624542703461,-0.978565145509829,-0.0250611459170404,0.446810699861034,-0.509341543698254,1.16555851344932,-1.20184452700301,0.234286130618143
-1.03645344012637,0.456470654529448,-0.509765277547215,0.0577567071426093,-2.11426319113072,2.80881548859495,0.769755489345056,1.09075105652356,0.9864238804584,-0.29733230863692
0.377402888389826,1.20563001394011,1.23465892816755,-2.2055528849433,1.09901825085752,0.535792468507219,-2.90619804312067,0.409166909475958,-1.59490038010428,-0.337538326006557
1.65404650838486,0.833606939160584,-0.758260058163495,0.288817346519192,0.886212360032257,0.553898618847205,-3.8068229798651,2.4521137671247,-5.4167151196275,-0.721010319727627
1.14469562000717,1.72887828852729,-1.74027335253148,0.757148322466337,-1.70209662779173,0.81510415093179,-2.13647759565646,3.9229729173477,0.643524116845391,-2.96190706848482
1.40175036698994,0.785372030389995,-0.574648969586475,-0.532087374731456,-1.29128558557591,0.0242185120108022,-0.469839631624475,0.431627344509046,1.07787594546395,1.84307606084891
-0.768826744437603,1.93627437012157,2.23431832146992,0.246384366317913,1.56154514146719,-0.127533148030003,-1.5711102543999,0.386374447837738,-1.38126076938758,1.77434051318821
0.804991783109497,0.294094170195221,2.53937675011412,-0.329737200620738,1.16745769708103,-1.99554844561524,-1.0925237958846,-1.49718007105324,0.0927113387999196,2.50449089072473
0.734683925939342,0.617487580870974,1.77223834102567,0.16042381942929,2.27990579192634,-0.783083566522548,-0.367184836097874,-1.62406873264371,-0.476033313899836,0.758826600863298
1.35525210455048,-0.089319102169166,1.1202273182061,-1.06880873271784,0.790573696537021,-1.74780681436671,-0.481374316071599,-0.194509693604889,-2.08059317038652,-0.209145830240888
-1.57072671354566,-0.0105032119082079,-0.536702720170212,1.85449309418794,1.75521742248541,-0.787462613797379,3.13077071280667,-1.27741341176281,3.322132706555,-0.854549690804205
-0.561087495645235,-1.00470503639038,1.43599439461651,1.10229161723503,-0.313901556801061,-0.0773542214347418,0.30519078981217,-0.710570287964417,-0.255056246311958,2.32342115488238
0.667957826642686,1.43205013755217,2.85751634316823,-0.601301779464868,1.37492950710806,-1.39512378287567,-0.37072547578089,-3.60772594258422,-0.00286897318999917,1.42843297891706
-0.880741656723274,-1.50598492958264,1.50467942907124,-0.0801876395684464,-0.130240713923083,-0.661547219964355,0.867890136825653,-1.37957314536115,-1.65833860395914,1.37675814011226
1.12579243565215,0.403403349615348,0.604508577921356,-1.99370738893088,-0.109171649745693,-0.2349474658095,1.80658807044686,-4.0575450713334,2.50315809870096,-0.971207091432924
0.562899978005616,-2.20794691072328,0.719979703742976,-1.05233915414877,2.19272941933015,-2.00507986040516,0.147021454529584,-0.466112240471815,-3.41712166710994,1.78310785373176
-0.0155516582007902,-0.669491412115531,0.186298207175483,2.70349185645069,-0.393385543995808,0.658759430646068,0.572099960939386,-1.63593529406891,0.19624791870775,-0.477017765163303
0.693694666124035,1.2204184583344,-0.815631971485826,1.24507365419837,-1.02207134624347,-0.0203879045887639,0.0601600672799156,1.4002077846572,1.69250640053095,-0.87188110248443
-1.24400606184887,1.43811288743208,-1.33032654816901,-0.502708201672618,-0.0298300403648745,0.898306387474335,0.30393755251753,0.215018182919026,1.21508063380387,-1.88968237576822
-0.00880946668621049,0.399227543658646,-0.522873038443647,-0.029551289987287,-0.541439642496348,-0.788276311205053,0.0717512625580806,-0.390284586877927,2.52816160369269,-1.36387492853105
-0.243028201501049,-0.151740571032196,-1.52934746502969,-0.631327831983354,-2.772923878276,0.900067771264551,-0.519365770404785,2.32418843628055,2.28587630063766,0.278657399980666
-0.918440574995402,-1.81392763433471,0.535023192462926,-0.00273096973190441,1.28187955521761,-1.77346966154601,0.637039013801379,0.829510260118267,-2.46579375957488,0.983928503534867
-0.000642571129874481,-0.652960653322363,-0.183441625001264,1.06600643270906,-1.44217262503239,0.781184026504829,0.746813297530621,-0.500566177486679,0.657217273547807,0.0144667465762213
1.9602203015558,-2.32246657329638,-1.5280461547329,-0.605324184435009,-0.319148184989849,0.29036714542717,0.0499090511870405,0.268974984962833,-1.94521890459491,0.476695343032147
-1.00785949511135,-0.338467148312097,0.475194604682068,1.10251215399126,1.76505602800706,0.925789216998685,0.534601218249564,0.13876784895797,-2.39827296739526,1.21738519550184
-0.45264341893161,2.2788695903016,-1.28695722233236,0.595580535519792,-0.869017050203644,1.31070166139456,-0.685063331211344,2.63417380610972,1.9370605660103,-2.56547627112399
-0.848976521660338,2.429676875436,1.03607437477237,-0.776416979957975,0.690844865771037,-1.08001934717966,-1.01234417560837,1.47440598386091,2.04573975701235,-1.99148096429544
-1.1689872397684,1.69912693578684,-0.586594814058152,-1.15625882654503,-0.147299250493217,-0.703136510745085,-0.819081191704999,0.366705993239757,0.349594905024259,-2.2526474300854
-1.34062047275827,-0.212224699233962,1.43256204641635,0.847875752451432,0.157232445601505,0.258869890662798,1.41150530277708,-2.62239217091707,1.95467565147539,1.70635720313035
-0.131431168677828,-2.38454890958807,-1.64400534079791,1.26499048730029,-0.301264911047441,-0.371780183791788,1.51354128019035,0.276373522108335,-0.606053309122691,1.89436235965475
-0.322010583245824,0.564980900481368,1.91987687356786,0.506762967731992,1.64292143197987,-1.49323114066897,-0.207078866359943,-2.13133656590253,-1.50632423279143,2.9932690383578
0.442690226921227,0.51836526427741,-1.84007420845702,-0.06946702776693,-1.47469943303589,2.47855944381511,-0.876820454684891,2.4035311070412,-0.348378600595097,-1.64728081769503
0.89011576561027,0.883745340357461,0.451480214367739,0.329369234801831,0.809508338338658,-0.26203972802575,-1.23718024580203,0.591447459254071,-1.38725824975941,0.589706987557998
2.69777056669406,1.60194366341568,-0.104140198043935,0.821124507550085,0.117218951631904,0.106907666056531,-3.72257657337678,0.594793482067517,-2.62056780394317,-0.0305592387698558
0.0959855019627435,-0.0734213139508512,0.13526596788812,0.26204757973799,-0.517750426932667,-0.315412012787393,1.50471608431416,-0.877052560298892,2.48242478889517,0.590222956265538
-0.60546697284112,1.5124444490262,-0.0650551473375284,0.77364984425724,-0.111139925600366,-0.170546641550918,-0.179856229521676,-0.130690642709904,1.29251884725548,0.0872962894557335
0.000707058525733481,0.096875762624702,0.858102572468075,0.175454779828604,0.878469185964453,0.768225918412215,-0.208542973147889,-0.465794677318583,-1.89662465741842,-0.244776772298563
-0.37465859149977,0.147592862935283,-0.163229819869851,0.0814219765049747,-0.795602284316746,0.138053180400466,-0.012061708501546,-0.0515364236747875,0.669277027546918,0.188168332823748
1.76933997179668,-0.45949324277507,-1.33075595823043,-0.26065839851335,-2.45845841685825,2.07919210360393,-2.83760721846577,-0.973260231308533,-1.18915349979625,-0.0565084647931474
1.53546719098933,0.964496446587629,0.437116442662289,-0.112470673391844,0.122793059209345,-0.669688183375184,-1.63134600894284,-0.846943778891582,0.889927516710161,-0.21192553077001
0.447455569975367,-1.20002648639896,0.5277223737934,-0.430131556496175,1.14715227113568,-2.3615642973917,1.07696754398261,-2.12093274587851,0.549515920564924,0.117069860343238
-1.21424542992607,-1.33323345178106,0.380405038690286,-0.161182822107517,0.459468334759921,-0.349255545396254,2.38212933359015,-1.11476483065493,0.925485411122767,0.98929948342051
-0.912824802565694,-1.11343492538424,-0.973243061033433,0.060429593623417,-1.97983311127814,2.21658436341518,2.77661719730765,-1.09517448253505,2.94282663206954,-0.988322114245824
-0.0652632640803978,0.0942424947194513,-1.19221798018243,-0.475193385930765,-3.04886501975539,3.326802144131,0.550029719614418,-1.24471690821005,1.77953326930927,-2.59098361612873
0.137115261354227,0.504631789858343,0.0402521500479088,-1.55825125552802,1.52030301364458,-1.84936562444463,-0.227714631204248,-0.0977240019251915,-0.716367050461421,0.288356354837127
0.0152012487728858,0.430521969478405,0.106132408234098,0.634526367905595,-0.685561066251542,0.897500377164146,-2.43800812262598,1.69587730701632,-1.63380521666272,-2.2209012648368
-0.648293002704791,-0.286377436985662,-0.546646296577595,-0.95028195328705,-1.33834366280055,-0.684592764372887,0.624690161470729,-1.21214381622542,2.03783246622899,-1.41059826773594
-0.347357046137276,0.652746646470237,-1.07227689872858,-1.37841385449152,-0.256393067036019,1.13796879174979,-1.29129362867852,3.07790373456,-0.496575291424623,-0.52014030973334
0.435160854634846,0.719587669861144,0.469613478819527,-0.233428036753219,0.0836579469642661,-0.841856341383395,-1.71196267482357,1.02631265992411,-1.56223073032725,-0.908312371718314
-2.28481443406368,1.38308505364718,0.352585508927858,-0.13285302638445,1.29370354737193,-1.0091989402232,1.5988931272086,-0.135550446262074,2.2769290493615,-1.49669655603826
0.203591782635291,-1.19937740799502,-1.48459293967966,1.0833876091833,-1.56500614571208,2.77127144406646,1.63218384936833,0.015159616756102,1.03611581945665,-1.18687542614938
1.2876849154392,0.230779988223159,1.46013839860202,-1.27689596218812,-0.0117401411775288,0.505321680827128,-0.296415333554503,-2.86518564591957,-1.13784425444317,0.834754062922371
0.525663902950433,-0.66290019309879,-1.01616504690252,-0.369764975989683,-0.402549313826209,-0.57514215340102,-1.2493456686168,2.88203107208165,-1.52068002343921,-0.493704350018845
0.72866294878763,0.434604678386376,0.696157803285841,-0.323030695155155,0.352496214717134,-1.37364700274315,-0.830937096627206,-0.631304524009986,-1.23056675299683,-0.0292688965270941
2.21660170082611,-2.21512148535644,0.724151974165735,2.3501272275948,0.429724333951322,-0.683742333037369,-0.861264626907985,-2.69635944110391,-2.75357392948503,2.54783450821959
-0.604033213121547,-1.06169494858004,0.626430332658647,0.727440167498055,2.34788623876658,-3.1367811863527,1.71280162535304,-2.08455591351267,-0.158386653118615,1.77051606976541
0.766964902779202,1.01926962683742,1.57938938808969,-0.815171414690314,0.740230803429986,-0.853856394420683,-0.0655481364207479,-2.36445968707679,-0.815111040517047,0.191331524758233
-0.473905888396608,-0.481258122541611,0.661297699107191,1.64671422233689,-0.059733744278324,-0.326482514920203,0.205286725159815,2.16969374759551,-0.27213127887421,1.66964878367251
-0.730264836972975,0.712008727375304,1.15733645761611,0.0812773174262236,0.708591393553531,-0.162988245403982,-0.380304926925414,1.66333808422521,0.316812736491834,2.82585366946139
-0.0788399564062337,0.432216174723855,0.291745321397043,0.885711008465009,0.539465355652218,0.206533948079185,-0.0110443316814947,-0.926635177967441,1.72812111288963,-0.0127700023046539
-1.0508106753888,-0.191518919702499,-0.593247661994116,1.24314253713806,-1.77767639949325,0.835956579995286,-0.862941063782571,1.42140166667645,0.362264913283191,0.438577931567682
-1.45165716555466,-0.203231103627886,-0.813681555516975,0.539421582350345,-1.1369315809593,0.0970626695397036,1.11632296917859,-0.265299936045623,2.20496293260598,-0.611987922394196
-0.310144915944264,0.464526910647519,1.42332010976816,-1.70375073154075,2.93799762010412,-1.42316637036918,1.19221284822437,-0.906545668599752,-1.78838647281213,0.867443590505557
-0.410103861583763,-0.433867136038994,-0.57163001318121,-2.94205943416346,1.3637987003497,0.782012829904481,2.51077734812258,-1.05609478314876,1.76555972088006,0.935882630734274
1.47950111438205,0.815776968766219,0.0291171652641775,0.279430900119212,1.3660017192166,-0.756036916001957,0.237339152447004,-0.361129816271006,-0.353570149126833,-0.445192086371779
1.3627355552249,-0.529483553272221,2.56041380414791,-0.797877435866404,1.78442511055697,-1.86782691234084,-0.190008953530827,-2.02116029562619,-2.00578560516784,1.08909903232915
0.137718131436612,1.02543634512768,0.208207482423117,0.804519216120387,1.01554189594856,-0.700957539701983,-0.669883292821372,0.0328453232653424,-0.947135817290702,2.12950142890287
-0.233413186399677,1.36682683055823,0.51483384013368,-1.52611129921944,0.14322523371886,-1.69005310760354,-1.32183278662482,1.69509081230063,1.4570635228998,0.955228977622899
0.0386339806385314,-0.104901839051628,-0.494016216210574,0.183717613761365,0.216282242678326,0.709991167424728,-2.10355660283574,2.04958092388478,-3.3954850535837,-0.36585343975045
0.115617161514931,1.06953796011204,0.834720924780594,-0.397269877602394,1.51245413069122,-0.816176393937914,-1.95359783349733,1.160135604232,-1.68030453561403,0.463622498352558
-0.188526765744774,0.0432203106761138,0.386449551339985,-0.646772997136343,1.68400531620034,-1.77152483780615,-0.393390159848912,0.121818863580111,-1.40013906550924,0.00146802162826298
-1.05261741527673,1.30714792010425,-0.738345087152926,0.0968044900638869,-1.16564295004325,-0.788614233973057,0.118052144241595,0.158045561123031,2.23285562946069,-1.53138368820113
-0.860506874358943,0.419288048310034,-2.01142437263997,0.099730047686734,-2.15819844206713,0.465305202404201,0.60266952735384,1.78315007716914,1.82975359655724,-4.91354132866753
-0.539308469888851,0.347215788440459,-0.171974922073146,-1.07011473514915,0.645606479837273,0.272576699253946,-0.0837844257971731,1.3418387484105,-1.02612544214197,1.2658735221559
-1.22636355535684,-1.30171333729823,1.50729792809636,-1.29158350571448,-0.145528850732095,0.606503877372309,0.863748838805505,-1.47553725263459,0.336485473484868,1.73782001133798
-1.13532050565729,1.01737933585068,-0.103779365869939,0.938133805443219,-0.058336053162519,-0.865485518249288,0.239759123477415,-0.942305862909848,1.31933763276454,-0.304321067437066
1.54425019760611,-1.09849328136066,-0.696962450909988,-0.185533839976875,-0.931331356661347,-0.392938174297939,-0.503841804674486,-0.457588943068749,0.102860832456973,-0.227921509171727
0.644396126789001,0.0933444602056357,0.0783661393222283,0.272063495827675,0.204510514874234,0.450992115965947,-0.782530592372183,0.329151563250326,-0.273086535909408,-0.407850133738951
0.286469041766993,-0.814598703486882,1.15416462754639,-0.3984265149857,-0.487824903145322,0.554077407326185,1.31352119822476,-2.21160522613359,1.20482911433742,1.88506809398916
0.563304599885571,-0.35675138802459,-0.942389176820045,-0.484723487965001,-0.679931507473852,0.56674127411097,1.29897121039114,-0.919720253306583,0.73753324121048,-0.030403054269154
0.459781889160431,1.88904900371434,0.924016964865119,0.342928237041972,0.224272177399258,-1.20579660289462,-0.923299654449162,-1.35169064054284,-0.585686768005682,0.973433466810674
0.410597125883227,-0.283894109239953,1.74245948638892,-0.00689777929842967,0.430204295196851,-1.34933427981969,-1.06383196884082,-0.493450253278156,-1.07350161979048,2.41511983470345
-1.56345173822803,-0.80362894630279,0.56006656995637,-1.05321250478215,2.00578679317947,0.125511373373275,3.28740666123993,-1.46955070200466,1.48085124298266,0.251245185080123
-0.72435538834067,-0.676711298929727,0.752386899691978,-0.747432909292739,0.680809857625882,0.174608331029422,-0.864910382567554,2.18695248724086,-1.23241344994843,0.951862871512139
0.32296184519379,-0.287537623025233,1.45989805890581,-0.300407307419453,-0.285171017850921,1.02153047707785,-0.546184958562226,-1.90401225988309,0.0763034632227735,1.35932383231364
-0.111687281551893,0.20696812128764,1.15040518051066,1.94815517760493,0.412212220257245,-0.80673116530253,-0.622788461143656,-0.143169564953308,-0.409477608048183,1.20804554460211
1.6499969486837,2.12139154275853,-0.516079544878827,0.45746566780262,-0.139875321794772,0.596693281157728,-2.40023576907149,-0.756071909925806,0.838692492031713,0.522687420832741
-0.328357803281286,0.320560898876196,0.936486427499834,-1.74997068468325,0.390000874603506,0.927132156549933,-0.831180959451557,0.471133909368896,-1.94559087055147,1.62941725830422
0.295973345727284,0.838632898672838,0.0827114114102786,-1.95755790989739,0.534040076925592,-0.114517178901352,-0.0626817929409968,0.606489599441925,-1.02464555110774,0.232927048069469
-0.0948709434961815,-3.02332207332349,-1.43365174033649,-1.20187762384538,-0.456527749124851,0.397224891496795,1.13753410333036,-0.141369458459213,-1.00435313874577,0.52303410362885
0.596607935023318,0.541225893303571,0.616445688615421,-0.390981709581948,0.160229516643998,1.17891386395412,-1.60255207872955,-0.00712774756791442,-0.844252300194181,1.42419407894171
-1.15305973629766,-0.352670984579832,1.58282556774227,0.590006398952362,-0.360765386691762,0.887936609318074,0.384798202518036,-0.0800789609523328,-0.121245944024151,1.47080535767831
-0.288921498559537,1.39507478102818,1.10474401335416,-1.31685574444949,0.217676805082018,-1.15994960904112,-0.636480125588325,0.628891643841716,0.0398749619434891,-0.570594003878473
1.25952777477293,0.0046011695699264,-0.328847386446262,-0.706618100166947,-1.64287726931706,0.258713687120926,-0.300711040567988,-0.988741394523098,-0.625162843442243,0.37075351945454
0.634284681098319,-0.0116067720465253,0.21689987312697,0.521390175622744,0.417487911996514,-0.126749943724017,-1.55572934619872,1.82762347860342,-2.01679123247794,-0.740818509753374
-0.317689750995696,-1.63097312739138,-0.211750351677433,0.297869098523495,0.0551858371784455,-1.08560517219476,1.82999696477949,-0.346540498369407,1.13513751832484,-0.826450558300572
-0.715330718219528,-1.82878353876426,-0.599477230301856,2.2775339570066,0.1982094592341,-0.356368213466825,2.53188971266785,-0.597508581137284,-1.29621278235672,-0.425895384969637
-0.521827509854337,0.307934965846825,0.0262585424390296,1.15184601688729,-0.20396364687235,-0.468888578656113,-0.105595802719806,0.0818587085882022,1.70626904211769,0.490787841091416
0.253958606013143,1.9639677972367,0.600649479638011,-1.26247184157562,0.786545158374835,0.57314928209603,-2.99637607532565,3.43906686671927,-0.558838109961516,-0.864999976560345
-0.728835180967269,-0.00122729073464259,0.87618559799044,-0.282841885051637,-0.670166920961994,-0.435439615536765,0.692623958427082,-0.170263240319071,-0.513724125415888,1.233780322473
-1.24593235947535,-0.118761894134542,-0.467872813300871,-0.1124368200205,0.0356808145451134,-0.400184308746868,-1.40645751076319,3.19473181589046,-0.955551473813249,1.17007162002164
-1.226326032925,0.212992538996884,0.14626270148834,0.239926311900277,1.08009395410723,-0.809948400481203,0.807886001085346,-0.115703918928055,0.0068820889468769,0.650332501425337
-0.627591984960344,1.04693102042537,1.94628989349589,1.15034560679912,2.05798111925417,-0.992585088354347,-0.18265493814341,-1.43801240072468,-0.175070402989446,2.63264794598856
0.102877124806512,0.789560534664477,1.07207413450743,-0.0923989775943163,1.03003235169184,-0.634583471772178,0.162374856730507,-1.017873866273,0.585028898101312,-0.63803424693822
-0.606871992773696,0.323352110504529,0.411783653058609,-0.164662821382217,1.079371861159,-3.27616481494068,-0.169688063932055,0.550742881807803,0.520288204438063,0.896295901688215
1.04856207913739,-0.515451779164888,0.300473209763795,-1.10127462795701,2.50372758027567,-1.74447194049222,-1.61579160419533,0.599283101399247,-5.51688129066556,1.4807380168213
-0.309394962101388,-1.41029141241443,-0.40600142889391,-0.76807492971381,-0.00100740989770856,-0.182451616998126,0.308863181017152,-0.348269448884768,-2.78618727178494,-0.635112786193142
0.596866463394394,1.69659512356551,0.300685362104864,0.565728155952766,-1.06399145648439,0.331998887245583,-1.43689530693737,-1.34274805800994,-0.156884490083188,-0.909635175855061
0.875320817059042,-0.0467147871997103,-1.051253321667,-0.997958370031804,-0.243229675719596,1.36766871155727,-2.15919403243016,2.7474259439621,-0.894306493123801,-1.57754402678328
-1.41403388221041,-0.00168631361699456,-1.53911738553173,-0.575249450743028,-0.408318659962648,0.355702143585143,2.67708935593888,0.56247804080433,1.65710129862113,0.369903283940463
0.547215905162403,-0.653407815842009,-0.730295630684573,-0.459739567457189,0.865292346146628,-0.783300083046523,0.14470646518835,-0.923990802315863,-1.21583861757579,-0.0792098319571314
0.516958634168997,-2.40664141685692,-0.0561125862115104,0.515337598988741,0.159435565039829,-1.25830494535092,0.791947862530366,-1.41540284674373,-2.96775772666534,2.49794571706132
-0.94639279675874,0.842740598521182,0.843339504119338,0.730580657049227,0.453650805574074,-2.4887219223317,-0.178520219649848,-0.115947682146078,1.5522873564048,0.870499849106209
1.05290724203699,-0.458012886809962,0.440618875733908,-1.12685991026888,-0.810725286476452,-0.201420934076499,0.209609671971464,-1.29552153147548,-1.31870881357636,-0.998684897605628
-0.737825609869946,-0.381818367722309,0.526693245283063,-1.84772811916627,-0.663782110828368,0.387714441716819,1.2962266467697,-1.82300479684742,1.44380399282102,-0.910003819393304
-0.412041743504672,-1.18193338720874,0.656171075960979,-0.450972589497667,-0.943598769304812,0.509210516225516,1.15720254318456,-2.36575924906108,-0.484863551748306,2.73290644176562
-1.7294405474559,-1.56240577850112,0.68392872078969,-1.18210101685235,-0.0894445984074979,-0.787873434088734,-0.0623268945979993,0.364679234479486,-1.59818306406411,1.62786485899886
-0.188285112573891,0.915186471387078,0.146660819619653,2.1359098238251,0.859605802580169,-0.862744959620253,-0.679546655146424,0.615838465924041,-0.755193402535026,-1.52873364322333
-0.452406104716155,-2.46027285615036,-0.100540929532807,-0.961757919470129,0.72711516391197,-1.77814764020398,3.76798475489957,-2.24186481495696,0.667284899528547,0.414612317844735
0.268915736426746,-0.0423683724511592,1.44766343220083,0.989757119529757,-2.16768245487024,1.3192375138285,-0.549573535450913,-1.29878471157131,1.38107900938416,1.63734854747016
-0.830401638269855,1.38858032789255,-0.477363174485203,0.6070526919105,-0.282856031247627,0.516099649852671,-0.919537920677057,2.68566775460639,-0.944681424913058,-2.51902685816656
0.432583589468064,-1.60966775245585,1.13051458953096,-0.427201301833475,0.968004942868397,-1.5414806710709,0.485194832254155,-2.0690509645896,-1.30259733401963,1.48540528738205
-0.877264025969635,0.779858890224189,2.23439993159439,0.24377529067146,1.45374310303965,-1.57099056798914,-0.095278131505987,-2.41194006535769,-0.417626891348873,-1.34257888587152
-1.44680140566462,-0.819132928320531,-1.10921950789835,-0.273382950038111,-2.28112340153305,2.97876962898196,0.399200021500068,2.4041190729704,0.537829320975858,1.26874321298522
0.494803121813151,0.138242659821328,0.530072624228312,2.17755606879416,-0.647164710723178,1.56303857666376,0.187578065140393,-0.0689889423745106,2.23179818983318,-0.854158856471276
1.03245172127753,-0.831354915063146,-0.807293914445191,-0.18172707739697,-1.91423636092318,0.313203301323882,-1.16197007166224,0.900469529559054,0.0993619029971706,0.825493708646227
-0.829786993722693,0.416392175906173,0.37659732451316,0.328653455745844,-0.106230329216027,0.211571318728376,0.478049941692211,0.689614350731312,0.56410821015273,-0.74200320739061
0.718660968730206,-0.16622412932346,1.50568548948999,0.545067536157893,-0.971013988412394,-0.20453956725876,-1.23615063149527,-0.792537204407961,-1.16058155794823,2.00294144662448
0.040228545604499,0.510609597974289,-0.179777387151516,-0.150492951599284,0.179424116253941,-0.0758325068672044,-0.52668757972087,0.110896502730027,-0.648817455637367,-0.0341687135004552
-1.29744258441477,-0.204205710045029,0.403426890465278,1.85660685040195,-0.907693540807755,-1.35758189185703,1.42399604789882,-0.79229522753396,1.64928728167167,0.764304056550199
-0.629186415638129,-1.17265508919511,0.444371501353451,-2.07481743255462,0.49940654521833,-0.331452124397446,1.83028916984074,-3.19225270646193,0.116066409314167,0.360706739049164
0.654239703920586,0.7056046407712,-1.71019365620925,0.0206697053196213,-0.495094790609465,0.639530538408917,-0.424772764329006,-1.11746373789279,-0.817244385233447,-2.44457303576606
-1.01315799610955,0.313955170021899,-0.486201025165507,1.43745983201867,-0.0980020930874156,0.890872169711777,0.674090907970112,0.813882766716133,0.828222544689714,-0.579276888601342
-0.370084922042648,0.373302948706874,2.54768043380813,0.672135509631246,1.00118411835658,-2.23016413731584,1.72491101077288,-3.34835851874323,0.32754626617342,2.11057131514725
1.18826363431027,-2.05478989992117,0.335083290735228,1.25189392404284,-0.511217248777258,1.27089112235427,1.2331895031546,-0.85298144567429,-1.5986063731859,-1.2192296221394
0.714393110225445,1.24069683112298,2.43958483162426,-1.27291105292495,1.41221635660851,-1.91086920973077,-2.41565950826713,-1.69508783766931,-0.908704580779202,0.789246018430623
0.0482270051798708,1.56626055948217,-0.0691589913501899,0.0646593648794965,0.630415386489333,-1.48152654841484,-1.22481768579315,1.09883300156982,-1.10754412030676,-2.56742287243936
-1.8795751773838,0.714522938285336,1.15142050864667,-0.887294458529224,-0.962340664648355,1.26187887360057,0.838227834308181,-0.639310392766656,2.36809136139068,-0.530709380787024
-0.398028061667698,-1.52071802851248,0.16727214971566,0.399311299951176,1.6044899328885,-0.598103826537993,1.10080609541402,0.375731442535809,-0.352229155128868,0.611523809312971
-2.33921790110376,0.0895165708145089,0.460208339265379,2.70545015266744,0.338755157383828,-0.623010319912932,0.537395083323992,0.305091943235866,0.816715100768454,-1.06806953029645
-1.3281661998647,1.22455515373195,0.284724263734382,0.425681493396129,-0.636011032655385,1.08791407561997,0.890624186571749,-0.67004198517771,0.766469858318965,-0.959214353996243
-0.573115157119959,0.963311457034733,0.791546440143648,-0.00892766391435019,-0.397712477084864,1.55391837769107,1.92146381032215,-2.63609172522569,3.79942408264831,0.42486683714271
-0.436502103821335,0.117946921222482,0.400860333658371,-1.49290380192168,-0.0537042287646529,-0.605217184182844,0.688765530663751,0.210176602573685,2.27577217355536,0.549378392386131
0.124215076669849,1.07927038759512,-0.264043985738828,-1.19373933989443,0.291018277006289,1.59364752743918,-0.141264046822029,-0.578471265808243,0.793017354409606,1.97375264887885
0.199349379811787,0.228418472449454,-0.633863538908237,-0.833195862694831,-0.321505175888641,1.14471369699519,-0.816218084386023,0.666816376667943,-0.792673509130359,-1.80635914045507
0.155265456992758,-0.573216970953413,-0.994923816233889,-1.70406240295842,0.305994250714492,0.286061276003411,-0.523294393684802,0.72424346335292,-1.07648989956208,-2.35035893172222
1.22007817439125,-1.22007651858452,1.02037937061631,0.37945871013274,0.774995576676396,-0.0879522458513809,0.204964971241392,-2.11647723270032,-0.58255983304799,2.24711210465941
0.758638535871261,2.52299305868877,1.32755785095542,2.14450002187884,1.58778685540639,-3.45625434619109,-3.07390443695807,0.936252400303265,-2.46810449707292,-1.65988769873065
-0.387934666139924,-0.755561333444894,1.27117012302603,0.838202457514541,0.82792572578301,-1.26006270544646,-0.484479024905521,-0.877174705766544,-2.99148129325259,1.94395333499925
-0.993368258703305,-1.17844048973892,0.909725042466281,0.572082571603189,0.90786464964134,0.104817527539509,2.83115212553625,-2.89668839631242,0.655349072319447,0.222943997126342
1.46541573710522,0.517413385178711,-1.41168105749705,-0.927723073875168,-2.16593374753518,1.18961513363942,-1.86342061293161,1.49482531046487,0.426554386407723,-0.566758105526237
0.947618992656179,-1.05665153505784,-0.174921731854661,1.11548713448638,0.466589907059419,-1.18786049379207,1.9125547841891,-2.26475115828257,-0.51761485425152,-0.577276789907725
-0.40734684324557,-0.759141913099842,-1.26969927163781,1.50149989509095,-0.682713484716054,0.799865921146839,1.1506942460501,-0.882177745330496,1.49008606608082,0.0456435816132262
-0.782851032295345,0.150685416288149,-0.710508470047579,0.169859343562007,0.497352408198728,-0.357492628758864,1.24842358584462,-0.476368075171103,1.6029704884035,-0.15339258436283
-0.0306808571330918,-0.735198549185635,-1.08289785825256,-1.23451286143757,-0.548425483045693,0.223746707821526,-0.169472984160183,1.66297244166241,1.67768404323238,-0.95736081209114
0.854493863017405,-1.03146478475434,0.372206255563282,-1.61264811325344,0.250960223032306,-0.585427123377467,-0.0873879920237594,-0.254835647145763,-1.06728843677664,1.99772088541448
1.50931593257536,-0.248827141689771,0.0319739958938679,0.617168370887057,2.01634928196239,-1.84072890488834,-0.821578003560183,-1.36199272123128,-3.12024026964234,0.135608966770104
0.184177060690313,-2.30551405053279,1.29368500733,-0.565641617545178,0.527810240909118,-0.172214358857461,1.3142902648831,-1.56245461114783,-3.86102381691236,2.75854628002744
-0.552916259285823,-2.02291183132625,0.870429281294428,-1.85274671370947,2.53038769854115,-2.5526485268567,0.0897308761803393,0.0611331665515776,-2.12377504397508,1.75355581596848
-1.06452191784382,0.436492012156652,-2.63150814407092,-0.605615984180163,0.687250350678036,-0.847080936595994,1.69017870205281,2.48873023824728,3.0854876118917,-1.07177768969825
0.694940307213504,-0.522777420638459,0.37240780656751,0.900636201151689,-0.303419263618812,0.212620806807789,-0.939021060463108,0.119560096144859,-1.95392996052772,-0.79310410059109
0.06894262164009,1.02729833489748,-0.202574149345589,1.45970963471167,-0.17865333241587,-0.861571451244512,0.577451162039907,0.035184944843662,3.40706051943713,-0.428443390132517
0.60143090729082,0.27719863720039,0.155002444186003,0.557683548251293,0.563968005970983,0.287504223569772,-0.00749854344616463,-0.0893212028690738,-1.07215983448434,-0.221471334570226
2.44495938375193,-0.747251354524327,0.497704120900292,-0.732199082859862,-0.0612646089501871,-0.445998294660948,-2.69490610711092,-0.367124287632378,-3.12214217614466,1.60930048660205
-0.564712601193037,1.60928440012785,-1.38951827969,0.304078877691822,0.342993193106424,0.269686264532618,0.385807302620738,0.774518957421837,0.718050449127687,-3.72064767262486
-0.125828780696538,0.196167264629044,0.335515301560541,0.902256085012167,0.441072943371185,0.241991496280795,0.168766223001406,0.111862958690567,-1.31547144915765,0.0824944555802949
-0.611666973419691,-1.29650210172052,0.769319866933762,-2.2306437332468,1.74768473365461,-2.31137530556723,2.24556911407394,-3.53092876951042,0.128364228041739,1.57573620212025
-1.57811609362597,1.31030952255425,-1.2064760407782,0.409054159071955,-0.0857492824748052,0.455073700768125,0.598446769973976,2.46269199524256,2.40021450225155,-0.366060927740895
0.236640561085195,0.00135727077697834,0.168314977567114,0.396088527741142,0.50675051305492,0.0833723052039367,0.0672083297268423,-0.557715825524313,-1.24048663161783,0.736299964120554
0.791237780498385,-0.280925420329563,0.309667699911971,-2.51079823674359,1.41223524929595,-0.319906496022198,-0.686834341546952,-0.0983869672856572,-1.15706510056631,0.294172006589532
-0.631701671199088,0.497193396103381,-1.29857748893326,0.483101885657548,-0.256332959731709,1.45675070194787,0.252117455553875,1.56966379899094,-0.103760985425287,-0.828214238146511
0.102549767442349,0.24796820856232,-0.462052450703309,-1.369123946278,-0.238252842652902,-0.875385968599962,-0.199225648212848,-0.544266199931396,-0.60222574589192,-0.288157905625977
-0.464894102519513,-2.18065713669506,-0.554913870691531,-0.973743300130306,0.323963062290818,0.64284966811593,1.78448743070309,-0.614749414631363,0.767032200703692,1.57151069352283
-0.213909120454588,-0.150034439474059,-0.486768802980726,0.230775926845339,-0.804179829739725,0.5891412296604,0.310931077377324,-0.199036276074508,1.09880822300017,0.0541183818846792
0.833318076772875,0.444223812823197,-0.794865014965444,-0.47988104867604,0.0423388325372442,-0.285248679053829,-2.38798366973102,1.53428948954378,-2.7232113217755,0.779541881783399
0.185230830962756,-0.809025515106978,1.00168491103611,1.1494747177178,0.523005372232005,1.59113045965247,-0.0581069745940275,-2.28274153544404,-0.694963758534125,1.7127162021458
0.980060921501065,1.22023378771202,0.320788882174868,0.16217839390101,0.653154256100533,0.596998506064169,-1.68677234885466,1.18393528798502,-2.81126575748412,-1.02730271511757
0.654532237604414,0.852230059150551,1.14429232784436,2.37336655457163,1.3111293177137,-0.713708137672197,-0.272132888254383,-1.07675418397539,-0.494004901853166,-0.316089711425397
-0.156269127617464,1.92082553691546,0.444378656800112,-0.96909236498292,1.57474201239767,-1.61554804827464,-1.63201761811546,0.961992349414199,-1.92825953931732,-1.11544136342232
0.774831012944064,1.4299443168713,0.416166615559173,-0.48257546102988,0.391212989634296,1.46739163506472,-1.36889215829339,0.602222712873137,-1.82918749668812,1.05263061370339
-0.247775558786248,-0.831139801516448,-1.8701550723049,0.550686811086659,0.643767988460187,-0.183119385493305,0.94530811855792,1.09242315862322,1.2871950637555,-1.08965765833425
-0.178477950632649,-0.291093937915018,0.236502669750658,-0.0033483624732656,1.6529120653611,-0.875084317483326,-0.51507341771059,0.165034669272123,-2.36409791201005,0.413312705397652
0.403434217937129,1.9777329673613,-1.5530909334151,0.432493911805201,-0.752654833583607,0.399738288581337,-0.402822401211621,2.372836538845,1.52281899307497,-0.368379887957089
0.469774815041768,-0.975728723984799,1.3166007501496,-0.282086835414725,-0.508297149113417,0.367155887085157,1.17881489209553,-1.38206036431272,0.275934472894966,2.75447627612012
-1.33524562376659,-0.989380552813259,-1.32446959135382,1.07997267811432,-0.248522984101933,-0.439225915038407,2.43690509201229,1.09109309251704,0.882860256224184,-1.36607952808719
0.335814188947437,-0.191017045388181,-0.828076423175557,-1.41970817239474,-1.1354926273021,0.301516064974084,-0.0185639628194385,-0.101505564055719,0.192212191374728,-0.738059991181406
-0.225682613864998,-1.99565050838187,-1.16223338798678,-0.0777217552157616,-0.199707636847607,0.29256683766586,1.76016169988673,-0.595079113932313,1.08193140704847,-0.531556037959574
-0.0989650740238902,-1.80936217636107,0.447416491493764,-0.174163370468335,0.00993041770146679,0.315415931662478,1.74730043539099,-0.910330576732382,0.708591787852712,1.53949139162997
1.47888030578069,-0.145392295317568,0.465438050876725,-0.808435387315249,0.00453432888674482,-1.30554882574215,-1.77137356994827,-0.485750970707727,-2.57460399594482,-1.59076048412431
-0.908691199448788,0.00237487587100946,0.828652449815518,-1.16023251270105,1.38752422062392,-1.10679184442536,1.36524285109749,-2.69029009707076,-0.394312834936177,-0.893670301491683
-1.56113283727097,0.774612373213775,0.709523653085657,-1.3155516188696,0.128961138653329,-2.17059642683349,2.70665146784378,0.0803339327756491,3.07073131663254,0.978291011539388
0.422223189507964,0.573516549417679,1.38279977962562,0.150280280990693,-0.925484730699979,2.6826167445267,0.648242732860378,-1.41620393230089,2.77842592671574,1.39356549044713
0.11821679848128,-2.74974211596624,1.01142574186567,-1.08850403976384,1.35976549622003,-1.48952108832184,0.792765409651824,-1.83741848009832,-2.13023968402443,2.43704819825989
-0.753270053122399,-0.34458527184042,-0.604326713181737,1.54971614785137,-0.816362788137309,0.664393297038027,2.27070903035607,-1.1988705571871,1.84011351571436,0.245705053260626
0.615184564704733,0.128234429703373,0.652698214691216,0.692043905258478,-0.198263436093483,-1.34514711641225,-0.27948469668236,-1.17045469236119,-1.06624702698369,-0.700124548930025
-0.177931155311933,-0.295674207061533,-0.332601663873169,0.584240137241468,0.48391480306621,-0.375643032698843,1.43519389472509,-2.07225751911129,-0.00552127254850926,-0.0046069888117665
-1.48854024727639,-1.14757108185829,-0.416382216802662,0.668397387786036,-1.6204741496508,1.89440534894494,0.787101731126901,2.1627696721374,0.520199646825348,0.262219120435964
-0.127119867535046,0.366905093313772,-2.06436022128332,-0.0122764112141858,-1.90898836422095,1.13195372706667,0.32416010316956,0.829899895568236,1.32664616771265,-0.351773889393628
0.240110008313835,0.597410002709335,-1.74904090814272,0.868923360944473,-0.691673317003253,-0.862153854667103,-1.94503922143672,2.99130871675296,0.00333781502919267,-1.72272008745121
0.816546990360007,-0.541979800644334,-0.919198443438994,-0.49093750881583,-0.0924659189257663,1.21679455101129,-1.56256904209767,2.17886269463745,-2.25228604005537,-0.208562818816397
1.31531116697202,0.99329686216306,0.727647666172177,0.918956217429131,1.08407992781676,-0.456390270493787,-0.360434304367233,-2.65943609395892,-0.701491592411522,-1.70440012744727
0.422623958817652,-0.888806939915371,1.54402779843985,1.11390026724792,0.845015974848017,-0.671837257708208,0.63621429945935,-3.49385325241618,-0.108076711436729,1.3910071278075
1.56989057627301,1.25019113836625,0.460188822440154,0.00456711151011391,0.917353503830564,-0.656353467300152,-1.79550726487242,-1.10424879232449,-1.22345085059586,-0.319173437260809
-0.837858294125394,-0.679497704644698,-0.949384757239115,-0.946662844619793,0.23396304266578,0.118518588064512,1.68242509393672,0.832962897080925,-0.0779272953063105,-0.713994517331973
-0.346735909987122,2.09900801662704,-1.10806268766125,0.683526904590366,-0.0526352520216214,-1.2701912695409,-1.47677823830217,3.32481393445535,-0.567773218809592,-3.56840295724077
0.165610121166619,1.01325269481334,-0.940132086881693,1.75740794954295,-0.101790345601979,0.24197277687627,-2.04047783411838,2.41293386218335,-0.850266503055215,-2.97139166191894
0.92369793073416,-0.147319005139867,2.38853391753544,0.497498926742596,2.64204947204572,-1.23498538819877,-0.556605082157725,-2.00336651817647,-2.71651303963966,2.94274431793762
1.66068143799894,-1.25665541715512,0.936115076514828,-0.49228386186427,0.264029227898056,0.179220765900331,-0.65698404158099,-1.80883397088035,-0.561092387675946,1.23235287318167
-1.12879843727742,0.269233628497203,2.10847974646834,0.737636509508297,2.02947634788089,-2.35402438908252,-0.983504759555228,0.824744905472402,-3.68467013248298,0.132895323469938
0.39089408001208,-0.182713750079256,1.66129661901792,3.23506340277474,0.569751642886775,0.453596565519527,-0.247404136264486,-0.594402665488077,0.0456643507560011,0.960916307848476
1.14746762375416,0.376677805391881,0.779322209700019,0.929612145841495,0.470635974328257,1.06263880589998,0.470451610082151,-1.21810044776852,1.37438948697419,0.745149014446722
-0.291932120876534,0.404081842184374,0.800995219512416,1.52205602739003,0.218015368928646,-0.490550362177228,-1.17973379011527,1.6054951244117,-1.03801746045731,1.8185257861545
-1.39219252257599,2.00503644924449,0.0694853372870768,0.899369026036731,-0.0524138139862602,0.170377590305107,-1.81911683316347,2.80630122834445,-0.900747922565378,-2.21982406028216
0.566251998787616,1.58715449883785,-0.366896384926341,-0.805667482903029,-0.662471990371312,0.859851919295894,-2.65478466612403,1.6008980847728,-1.40082116984825,1.00748207555445
1.05165949541591,1.62268727610051,-0.378148964689839,-0.321591759717726,-0.25278079074346,1.05174068078492,-2.0204768815272,0.141096802716417,0.349339890102445,-1.90283298279727
-0.833367590689058,0.548525424478637,1.62516876690632,0.202613888476611,-0.253528231486265,0.739212293036142,0.8267850003558,-1.0080901774792,0.981791345349899,0.81101818821815
0.684144410676477,-0.0879322259677807,-0.699502919973426,-0.432817449521495,1.01353070802981,0.323009087071311,-0.15246502908614,-0.234096288925739,-0.58308499755931,0.554872825485118
-1.0975554290681,3.71923037422212,1.0112800324128,0.650594038041544,1.37353944164821,-3.4895098811133,-1.65628026202022,0.725715218950875,-0.398055051814887,-1.05439047248067
-0.105598678406291,-0.0174820079577731,0.363737006821974,-2.0500113654943,0.603495708599274,-0.718563531110341,-0.0797287505396479,0.791617860947397,0.671164762877445,0.58261694766476
1.05140987141799,2.12419534294773,2.64469971153082,-1.35855338069292,2.23844416633531,-0.248265908583012,-2.65349075710999,-0.758325635297197,-1.26089478465361,0.138318732384939
-1.21442654343097,-0.224132120339052,1.01150394363711,0.977514922873524,0.536970590305253,-0.684283610461967,0.0532115560354586,0.462290669643277,-0.481012877145764,-0.324106108914819
-0.337272540597702,0.583123799842351,-0.25758731400863,-0.498519727205487,-1.36925115628458,1.4718610434483,-0.386065124874365,1.92424108449678,1.63960110222019,-1.00481287156438
0.660391293736302,-0.789512607858376,0.39260464368253,1.2076414788246,0.573737482561629,-0.44488551419264,-0.660870723627218,-0.334140023934547,-1.69191331591442,0.336376320505894
0.29159409992863,-0.420714074849929,-1.29896516874322,0.354833390374645,-0.895900542427449,0.141267503538583,0.223918490525477,0.772508189395723,-0.190407494021353,-2.04550220546553
-0.730283525053945,0.840387174422464,1.09802942752411,-0.271969085566431,-0.447348259324746,0.673820594533829,-0.530169817121853,0.458464534549132,1.48598380432073,-1.82625284073603
0.173437879558693,-2.08450701025503,-1.65969121145149,0.690347254500407,0.497681983727658,-1.08775757151257,1.71183388660944,0.84826783513138,0.215572863947415,0.42369631958813
1.32957329106817,-3.33435881415331,-1.00632806521426,1.30523237132329,-1.4152945470185,1.77419519367172,1.56965241650241,1.1259999607993,0.786293811063792,0.938432552689882
-0.905296725973777,-0.271458331936166,0.254145638340992,0.0621625919925649,-0.814654703091411,0.721644077718449,2.81178474800103,-1.43800647279253,1.15346617851129,0.579094637105994
-0.0088413884445748,0.534839522494938,-1.0202885794184,0.110520849848648,-0.758419261275586,1.57894571120496,1.05899616941776,-0.262797603961576,1.98623595697247,-1.29568897148519
-1.04225043669941,-0.425098808072438,-0.337960420712385,0.309887605760364,-0.305922927140097,-0.240786759839859,1.5021754974869,0.0829800056543831,1.26237463337499,1.37800872480414
-2.07538556790806,-0.00426563007312847,-0.479058443675703,-1.58867382211983,0.855587826511661,-3.02924366295812,2.04250273356416,0.830669094033205,2.6406316266571,-0.573964763155156
-0.455609421073211,2.35424983786565,0.0986059468691403,-0.442035665635671,-0.570158872324821,1.07625524702988,0.0356324899826501,-0.539691184865729,3.45044184871967,-1.02975804532177
-0.719355680422323,1.88877873497834,0.127031127288263,0.217030085933879,0.293787566966914,0.816586050698041,0.228861611403985,-0.311206901394574,2.3101156075533,-1.54820025158273
-0.356762945045241,1.60213195262213,-1.69033487996749,0.723170262970107,-1.60052088212886,2.4413615197872,-0.377926873917532,2.7135056246786,1.69325815956867,-1.70997714102198
1.46110997103552,-0.271463088518017,-0.71762427369249,1.0801794919196,-0.507029794388916,0.53251397680422,-1.97112024250418,1.00794815062409,0.719012627632422,1.04341381272369
-0.504429497546866,0.732257765221914,0.416488069304664,0.35308595294091,0.894310048437271,-1.9190485099798,0.458325595002926,0.407671911312783,-1.69495931708222,1.18103741413243
-0.737045506987121,-0.983162171030948,-1.56754826994781,-1.0657795793004,0.113263036174063,1.81445470886297,2.3325600392468,2.05706761446508,1.17536175807056,-2.18012757843743
-0.86923997406663,0.262429530390249,-0.606898951427192,1.73105728633367,0.39308099432084,-0.295124586817453,0.322257538150385,-1.17515794991364,0.421004444735896,0.587456479161789
-0.398015812215676,2.02389760189406,0.767134449002784,-0.847191606579869,0.244070561580991,-1.62848027616585,-0.716198852009894,1.17679397015041,0.385499613783404,-1.47846868856409
0.371915529478047,-1.08758754385177,0.65069368401786,0.870676100538292,1.34131481576661,-3.0085126980598,-1.49280259802928,1.38663989152015,-1.9952745920748,1.50155567075883
0.0112470162206923,-0.0942257958437994,0.924429528502263,-1.17181172630313,-0.418067259077162,-0.456842875565438,-1.06276098391728,0.037856753833463,0.424438613731342,1.13229615693046
-0.835099607269112,-0.821253939432672,0.85548647420142,1.29916458066069,-1.5956852529977,2.35081979743421,2.63665582156779,-0.90247558402753,1.61951318521184,0.720046053009638
0.435503804373814,1.49659996395233,-1.72979601525719,1.73999818882956,-0.673336308382215,1.53743106614874,-0.69512108871081,2.43245336079742,0.187512693636283,-2.4331615962673
-0.821343823988211,0.533493191321852,-2.01254679449436,-0.408223133252153,-0.966148066090692,1.41031407081335,-0.158844910403581,2.38147809178791,-0.257862234126195,-1.16975840648773
0.623697614256593,0.439982993233134,-0.528801293719096,1.2895557238289,0.976933349349185,-0.344595453118693,-1.45164494790382,1.79205016932764,-1.72456372829733,-2.31017670731658
-1.53987998087164,-0.756152078556256,-0.95946655989726,-1.04282152919902,-0.762298955700736,0.13991293419461,2.67816740132159,-2.40540332067758,2.75081486789271,-0.977878817501571
0.152522561280161,0.638026999987857,2.00588734201187,-0.542940689558765,2.60601024464104,-1.62158988261186,-1.67861529535824,-0.607623515058014,-0.0781721831683292,1.60258265635905
-0.372617296371737,0.617735911154785,-0.755787255139738,0.479213563364845,-0.479579092113008,1.16306326581542,-1.38287388248172,1.80668765886779,0.334670008161051,0.239936599151323
0.26181915944891,-1.70830653431801,0.604140155749092,0.372898205448782,1.43308311275445,-0.224709753318389,0.768423793306798,-0.848810647905931,-2.30460730967078,1.4476889572128
-1.03827985065107,0.463202033383748,0.369997641095833,2.37019193706697,1.08446992513538,-0.665680454582185,1.36923700725014,-1.01571772695788,1.42192079378013,-0.436089234207586
-0.0143739959278735,0.352143718172892,-1.54083241760044,0.505966366900863,-0.746945195480034,1.00606993372701,0.694467219151981,0.668518226202369,1.04780105162487,-2.36907391143979
0.966010556369318,-2.08727900892016,-0.0227893187004088,-0.139357557721856,1.42276432193387,-1.32917469612743,0.0359633675157153,0.227445921718636,-2.93357796727262,1.57093468490687
-0.308013788589938,-1.13526603279,-1.44454920347505,1.3912668055228,-1.09296778543379,1.30890915178241,2.45724048834939,0.0703576075668337,2.76873691020837,0.778305904132926
0.782051588549949,-0.57993719362438,0.0759210892549892,0.511285978579957,1.07858485339109,-0.31940112732764,-0.102129486980498,0.0806616838106025,-1.66852008477064,0.199985428050387
-0.196841082888685,0.170225673012769,0.248998060438713,-0.968245149915408,1.95896179296676,-1.10163848491621,-0.723818243348965,0.679151004619716,-1.65715029747209,1.50844324249747
-0.141495439946666,0.752070929715293,0.0463507287101783,0.167286553570671,0.623210621145948,-0.236089718621671,-0.0758054071763112,1.59571855215782,-1.1557626568787,0.172084881581974
0.964046745659698,-0.569617254645053,0.565093200461606,-1.85363789766183,-0.195665659088601,-0.219849077469386,-0.627579643053826,-1.35055833716289,-0.65475892124599,2.59186389825148
-0.0953155409920834,0.0977339544311087,0.491086728661175,-2.70592542702295,2.01780846539379,-2.40232893244079,-0.659470027799709,-0.314917354882772,-1.13700607916106,1.56354093874237
1.86129418969212,-0.788972618027442,2.26209600560245,0.552158301429346,2.95382182469457,-2.23448577660305,0.889272382809665,-3.63375158847969,-0.286706137899096,2.51733051520638
-0.544656230858689,-0.309551480809019,-0.977781083328771,-0.767404824838346,-0.579313699262993,1.08949015142788,0.291517604182082,0.753051505126766,3.06453204009227,0.164824445763374
0.166678527974106,0.624437132864493,1.65966741057959,2.34646008715991,1.58912184168159,-1.09174003983288,-0.00495333696909958,-1.39338823593454,-1.08060375819637,2.75384957638233
-0.872117934772175,0.687934462789084,1.39239620962319,-0.530905652658692,-0.3109450027285,0.284031987301411,0.737796966863819,0.0963031472944752,1.95177618098071,1.51722950020044
1.17549951923259,0.537242523080729,-0.0354856347067946,1.23501837903951,-1.25227041251037,1.43997782109666,-1.28728089359413,1.53991920404693,0.797681094319028,-0.705354958910993
-1.16268144894806,0.529768378828069,0.0655036478350582,0.606715097674314,0.834527290374872,-1.04539123400387,0.925176178563148,2.0960672464045,-0.868246827929494,0.218264547552493
-2.01185990970375,-2.182546202126,-0.975143561918522,0.544800840386825,-0.2191402574455,-2.19097195457818,2.26473632262097,0.938676099144062,0.919674284146268,0.953332351522334
-0.768066840760193,0.643604525032998,0.112972950435113,2.53680237055308,1.03042678905319,0.9707849773009,1.59021781820208,-0.165925189610768,-0.35091012615389,-1.62143553188865
-1.17401089859195,-1.47599140508378,0.416034464156798,2.10481306469185,2.38977930431476,-2.95783551233014,1.77936134712671,-1.87130377301785,0.0254194367896685,2.30085509455883
0.423697148223082,2.72005713482904,1.46145252033686,-1.14482961845174,1.52353707114143,-1.56751240214517,-2.00579080687558,-1.10137822274335,-1.00562155424942,0.135434928790663
-0.422901320783269,-1.22046448165659,0.320049998384649,0.709773261155984,-0.0706252638742936,-0.206717884747392,1.84949511474917,-1.55169123642426,1.91636198295668,2.06450621017147
-0.944020828919544,-3.60912613984175,-0.281573959958385,-1.39598006091743,-1.1940180834174,1.44105415937785,2.83189881276692,-2.07640825550642,0.0823403336116749,1.44903493317067
-0.106107805726425,0.803265890911608,-1.72873531702467,0.640291245821881,-1.00857143580141,0.200892264056829,-0.610107102366169,1.31663446235908,0.757178238353495,-1.57395001218974
1.01223128227156,-1.72490988260599,-0.345211083038439,-1.74852066807449,0.793399742204492,-1.76481840769167,0.511821570543187,-0.482573993969787,-1.21200933587752,0.505316863771015
-0.775435283362314,0.0234713707416361,0.728812418598095,0.396386215714695,1.08584589853492,-2.12161170957678,2.00903995188942,-2.82964226414179,0.888572940332807,0.26593497522302
0.284323092280958,-0.921132742857293,0.863631063260735,1.81419667926953,0.826279166003638,-1.51726270195873,1.05540238737989,-0.578119650301116,-1.58054767480754,1.67018486453029
-0.271955941002098,1.08276362419791,0.679353342353947,-0.79013809544802,-0.606596590220769,-1.37267444700066,-0.214538332274106,-0.586170916634049,1.3567347431619,1.11191517300439
0.423168369859788,-0.0480720910031614,-0.0823199710115446,-0.46188196821606,-1.09076058292387,1.04443324950327,-0.630789360845068,1.96329044638455,-0.271478619295578,-0.637150145339098
-1.0120520822617,1.09624371800621,-1.43627770166194,-0.914477363783712,-0.812817548889911,0.330099588647572,0.194231080681594,2.78515549374991,2.30862151631923,-1.96411872547198
-0.255201523086706,0.445013567109797,-1.17395704629419,0.229825321172146,-0.713004083021488,0.128056994366062,0.901833562225291,0.863386037331245,0.574055468575525,-2.5492826909158
0.357533480311463,-0.937554912213063,-1.89107739897928,1.07464889698928,-0.787294258344112,-0.791440617956651,-0.023913377753087,1.67177483179371,-0.413910471397693,-0.199285928666496
-0.891420779175852,-1.45319473678873,1.28546918384914,2.05763548398613,1.07937168629151,-0.63329844463755,2.00173993329586,-0.955669587200391,0.798725970720158,2.77393522494583
0.614899204607364,-0.51783685782687,2.02473176523312,0.813046803597435,1.76201941953704,-1.03797329644558,-0.346399743420696,-1.68765346792257,-4.08907677653436,2.79462845764734
-1.11429178592464,1.75862968866105,-0.742733328641143,0.87454582686178,0.181078058919855,-0.380367915044078,-1.59895040261162,2.20066446292322,1.61285823686952,-0.8363685291174
2.08448552985719,-0.347210408515524,0.341441692329874,-0.215598726690598,0.529981392862836,-0.559072412595029,-2.57420914208454,1.13723673307922,-2.91591857490281,-1.01612963292126
-1.88989273857772,0.170042935654756,-1.05421046902812,1.43054787081185,0.533824074305208,0.461356554363659,0.941272378988831,1.59586213277943,-0.0499559167384093,0.641808915522891
0.741648881372617,0.169835267047123,-1.47283024144582,-2.08334597019589,0.787468215413157,0.027024900262091,-0.526374130101369,1.53500775237537,-0.501323830070782,-1.79734748781296
1.58993855495135,1.16479033647093,1.54304906670653,-0.702667279168452,1.08324973777381,-2.17580638788449,-1.80379122148559,0.0250051354986891,-1.98969840551875,-1.13417093432585
0.468445543835079,-0.0430127104481173,0.330489366172927,-0.520296521834277,-1.51301945893394,1.87120536386724,0.145674471640415,0.439667630409549,0.29046918337254,-1.99385402550699
0.908251454740758,1.09622922537885,0.290134774024739,1.29337912907437,0.423030724964871,-0.0591441751825913,-0.126045672328805,-0.268720033165296,-0.151160894620692,0.57864186557654
-0.941052866404677,-1.66731011124309,0.151757626717498,0.0708653581977346,-0.331756411103058,-0.578665568517142,1.46557364212932,-0.259745216645198,-0.215061980055418,1.37037714902166
0.572762375070852,0.915724356437672,0.0392058601045919,-0.0466954863509176,-0.289165779911829,2.5213146306515,-1.32400046401503,1.74074908766229,-0.923267116754054,-0.203840709135525
-1.55977848061434,-1.0898254573632,-0.241661891689381,-1.2578084083896,0.551402422724849,-0.892698781949795,2.52572328913215,-1.3344657057915,0.432640642826035,-0.444617140679387
-1.10861864565477,-0.475469344940112,0.105114435691386,0.874885927607724,0.232994865858011,0.248582181218716,1.08413605472114,-0.466929911591349,2.85865449138474,-0.175753688491204
1.97760579194851,-0.306152339414848,0.377708843700269,-1.02239275690194,1.9043350955856,-2.13814302973953,-2.46812280652751,-0.404812057423014,-4.21781079707783,-0.488441311531027
0.906149040454709,-0.0291774389465705,-0.657196012502008,-1.32076526111756,0.68703854897682,-1.19558956608903,-1.05904091772776,2.34248618308297,-3.5650842928884,-1.08225471249299
0.682937631242736,-0.327536060635439,-0.14280836504629,1.3374137604222,-0.498803208591507,1.18102008729592,-0.0757444405907205,-0.942408002988582,0.420251077746854,-1.30304375665284
0.282959025197383,2.92339095857999,-0.239773278452707,-1.03495349545708,-1.11468096286334,0.772798109180655,-2.06390204435778,1.94662883360349,1.68735050777958,-2.60766108966254
1.51147972722113,-0.0436121953758113,0.462011310926531,1.02346599455031,-0.292391721552014,-0.218607124698859,-0.585629107832598,0.0638664458877947,-0.425935935773984,-0.0336935667205524
0.290864504311669,-2.14043213693088,0.0242471004737891,-1.18851055769285,-0.0487808647492635,-0.393184163188806,1.68303569908199,-1.44237880789341,-2.17051689226557,-0.00533186597889513
0.234184331944567,1.01055661943008,-0.164554900312688,1.68499915593368,-0.0355571813852706,1.66048134075985,-0.49776074094709,-1.18229235999987,0.473328733065413,-1.46846861668238
0.0618532935810004,-0.777490788492517,0.335590033802392,-1.61723463827842,0.403343708298806,-0.263851118280749,0.864315589467403,-1.03071849052183,-0.0412319013217218,-0.522156563755102
-0.544621205489767,-0.441800422185583,0.309428412076191,0.333279275184149,-0.548920635875231,1.02229598076667,1.66587745093617,-2.05554235345694,1.56324922953744,1.10951785978613
0.729884520401819,-2.30915863341103,-0.694507703182086,0.297822905061109,-0.181327344275894,0.162936180991618,1.35097946914122,0.748133622962122,-0.167539316353841,1.06853274012469
-0.282680179284661,0.786166582167526,0.50570183606609,-1.47396449645724,-1.39239604557977,2.22133803611856,-0.654116020087424,0.0991856948668651,0.876364870785339,-1.67940506534258
1.11205197218917,1.82776843008672,0.118660320184678,0.24459103384484,0.657321297162602,-2.07433490652006,-0.93692516512819,-0.57639496939691,0.0189550618283315,1.22896245350204
0.32892717027674,-0.214058203303242,0.640584126102174,0.804539179877356,1.78994970914828,-1.84903855872295,0.0469057621196558,-1.72569593282407,-1.01838581317482,1.29921800093854
-0.864244214829472,0.773460565253546,-1.97731144181827,-0.749185796728705,0.726065612921915,0.344044940904707,0.0360264973370426,3.00181994471115,0.836201517223059,-1.87783585879545
-1.09204356273442,-0.750259559969284,-0.629272466723819,-1.25264158070119,-0.761200354237873,0.253778988077233,1.31216257443601,1.15188072008177,1.68260172339976,0.838448386260137
-1.30659871558817,2.00209740334816,0.915928146402915,0.472761142475403,0.00918102330558215,0.614777919749936,0.371044472696455,-0.292900548053183,2.05431458389903,0.867050320673614
-2.46164979187278,0.159173734695001,-1.47492368963095,-1.08661623889136,0.0356826866165908,-1.47110080270757,2.50787230893506,1.1108125395612,3.74674602650863,-2.67492807790182
1.92863285925321,0.720009406267383,2.23724784331473,-0.720211235652658,-0.528506235472478,0.239361828936504,-0.846957374080536,-1.35546799710567,-0.0536489252427868,1.29793126884122
-0.119945404540546,-2.17614317676032,1.79197105244131,-0.793423653088755,0.708838767802412,-0.626428872648081,1.26662538038219,-1.46644865604382,-2.54486938925022,2.76048477833795
0.433316784258364,1.80803656849057,-0.831912101851497,-0.441956761992621,-0.0297372050303012,0.359482101387585,-0.705717998239006,-0.808947674977521,0.350983306400989,-0.800117579883131
1.36503293910215,0.791318754938854,-1.30255978181109,2.40179662527643,-1.82883745916875,1.26600677656838,-0.480074369655967,0.646770947725402,1.1213658947522,-2.77589777756014
-2.38829964837138,0.312092568809881,0.0484981493659504,0.689194216807286,-0.270255046832377,-1.45078675769383,1.18181159812651,0.635888801925807,1.50380180758412,-2.5547694567211
0.987711548959726,1.36161774849154,-1.88578370144501,-0.191394668955805,-2.08236031971203,0.943443199003761,-1.51727083431446,1.14278009346965,1.49119911677706,-2.96768529344866
0.688808530490494,1.61506615817174,0.455129995904917,0.561298836841433,0.643018945161076,-1.79404075688744,-2.29441495340259,2.47879713050872,-1.44381718282806,0.463087143202948
0.117328829828761,0.398175570865016,1.57084336669527,-0.989277750405299,-0.901338845896732,1.35495506298412,-1.91161390750248,-0.291114113115043,-1.75313588764304,1.39993448214301
-0.604409431700916,-0.185447906512728,1.76838125185419,-3.3788545328787,1.86878565069365,-2.23267165111743,0.566665507734114,-0.286515642572372,0.264594823926348,2.3587526548034
1.36658002679815,-0.294918603137613,-1.91717288559649,-0.376184413407511,-3.55731617083045,2.77333291871278,-1.07578228444755,0.830539967645301,1.05092862610873,-1.13991013811884
1.9042242060327,0.434062331560146,0.0737606038706468,-0.431181208826253,0.652483812562073,-0.809701858440533,-2.84432321801415,0.891811951566366,-2.60628854588317,0.0653762021191326
-0.515438059365474,1.5434640358185,0.246945920059464,1.03338089592254,1.98176660789351,-2.41445869438033,1.04849219044255,0.0952309119225947,0.721625250950598,-2.3399962791842
-0.994252970434786,-0.66298950655593,-0.140627694789765,1.70656951836652,-0.180808365298399,1.36966069395119,2.90751078501085,-2.31193858263355,3.13166429348265,-0.84954263422944
2.1232010461515,1.01316633588037,-1.15082018238222,-1.13472637573688,-0.955217658767234,0.231749622095374,-2.92122406734959,1.19740691071868,-1.09849804623529,-1.47783641768674
-0.864993531995505,-0.765661814851057,0.560346237203649,-1.73204844321521,1.10637114575659,-0.942004405613781,2.35084299147955,-1.0541000598948,2.38373317659405,2.12206142371195
-1.36145287627987,-0.267193180846719,-1.47518340393933,-0.0224930639686977,-0.663290285628294,-0.495596294997405,1.79740016570118,1.0393266808836,1.45472439987115,-0.463261962705316
0.408516051341048,-0.754778701616773,0.14237736782039,-1.24037736548507,0.767785850832274,0.431682711540546,-1.09760180107057,0.882956088469457,-1.49255194022021,-0.0944567188009684
-0.878166772651037,-0.35771021695027,-0.473625415856848,-0.991718268975858,-0.492556112211838,0.0259738320506604,1.30512785923953,-0.305359388972264,0.580616566493467,-0.0149010206641533
-0.193779579565529,0.723840401596798,0.602978665200619,1.45132373717199,0.336804790138237,-0.51241522583759,0.388278373592734,-0.781817160514133,-0.0537110434759073,0.638086315364406
0.895581239637743,0.0626526456241834,-1.29329623790879,-1.46282137392901,-2.29060452788084,2.0620712323216,-1.09998836183815,3.13916124558488,-0.0474951092374218,-0.205151780665849
0.391711738352127,0.745389487745488,0.174311799110887,-1.70722902665357,0.167396882847825,-1.18233899746429,-0.72548800077387,0.875624191176612,-1.49824976921104,1.1788416960501
0.223499914672306,-0.47737750135631,-1.47444892116997,-2.29009913733028,-2.02868404082957,1.42921887883371,-0.933281706110101,1.97715637152147,-1.58259688455214,-0.914665932578434
0.0568107531324714,1.9288844207717,-2.49340763872448,-0.122316766461372,-2.16603922718747,2.0455764571281,-0.397984258857632,2.15667772418106,1.82223228651386,-3.49603276108559
-0.678570586349965,0.368447432847122,-0.155854820692401,1.43239029118681,-0.26900682564287,0.355059057232685,-0.79226556650086,1.38015212167351,-0.617835787419677,-1.20170769789094
-1.01969885357594,-1.46435686186558,2.38272431980247,0.198294440243654,1.68652258835517,-1.12987423514477,0.944002513197851,-1.8576840687045,-1.56930696194079,3.40185946237888
0.18766933848634,0.455085007327337,0.613555568747445,0.826817414604191,0.138219949673538,-0.093725987658049,-1.34805967683555,-0.169983036553724,-0.213437683737154,0.820191283967135
-0.199444840163553,-0.963703659425854,-1.47282738173642,-0.958676536018949,-0.0291948744345885,-0.460671605886411,2.31947619068613,0.803233771812835,1.02386617596844,-1.17468039889436
0.815472686242564,0.195192612112148,0.515616747821128,0.498056969968234,0.136932961317471,-0.543433671336942,-0.604541803917203,-0.654325388990133,0.0354313146365718,0.201179689617506
-0.444740094296328,-1.31378872085627,-1.4136764545579,0.103120114395832,-2.49897176964787,3.01610819601983,1.47559123014964,-1.10907125205509,2.12840326173238,1.38958767315486
-0.105003331062284,-0.593893179038959,0.715307727227497,-0.715943766914944,0.268065645392987,-2.05681050367014,0.941709294734937,-0.32187876265771,0.147675913316362,-0.976267866365629
0.721944794385933,1.5280086198284,-0.214587393703937,-1.07937586556597,-0.398112394011102,0.176380278716655,-1.02755391277132,0.970480126601411,0.562562950010478,-0.0464991196674487
0.210575453287664,0.819869230799545,-0.211698200652094,-1.18987321196775,0.184295049185751,0.0745831563736093,-0.842818913614067,1.4192696125824,0.812295387285532,-0.20372692126933
-0.242391172966035,-0.95795710155303,0.311094292345115,0.115990679710056,0.0266676471137868,-0.762222582042934,-1.08321587771772,0.0740579813274548,-2.29420974643798,0.439402958553561
0.218322376244418,1.17716543954565,-0.30450366253745,0.0973535036121637,-1.17683653091547,1.76335009492029,-2.11872180727589,1.50838989375472,-0.605195080255034,-0.409822651150735
0.16447033120593,1.68469518103103,0.747370429959838,3.25133454457894,-0.353124692963464,0.4431463474024,1.00570323797399,-0.292630605415564,1.35056754663568,-1.82564895597033
0.115787127965394,0.733496795765871,1.10016337924278,0.397190439788024,0.380675970879575,-1.02232084875411,-0.798231484225179,1.13025377317275,0.546554968573607,1.07787518318867
-0.536430414183172,-0.050570921103996,-0.16831271962068,-1.65030015147951,0.13579585290891,0.107105589659072,0.949779302059918,0.398253280966378,1.07271468079943,0.23714545296537
-0.119666197469268,-0.882212233125906,-0.523837673936226,1.02943871574105,0.0846381073323012,1.02948030480285,-0.661806498330986,1.10311811060631,-1.17792328903381,0.986397871319124
0.685621067188635,-0.572339194425869,1.78517013547485,1.60671993081672,-0.964008779071433,-0.150507839593032,-0.685599706549899,-1.144337674337,-0.00689167449184004,1.62875039251754
0.729820639993427,3.08063335389538,1.47350931989632,-0.353154139979669,0.66409045299105,-1.72543231696386,-3.01253124584774,0.697661173761415,0.573981835454737,0.436241218578543
2.27180501628813,-1.02701585117418,-0.543569490082286,0.186644795165218,-0.0715575922602446,-0.574908780843707,-1.60847601311949,-0.0376399287991953,-0.614453351540126,1.24383564610808
-0.178408345504498,0.688131176675949,1.76563826662504,-0.534706780615018,2.20014737416618,-3.19685880578907,-0.998414882053431,-0.123451532039346,-1.91393853441674,0.94713165529066
-1.12474896316533,-0.414707609349904,-1.00502427604247,1.0527082748902,0.150888664669173,0.494994146770392,1.05023401737705,1.61809644950023,1.78433118575265,0.874249624456521
-0.711774034274783,0.700925429124038,-0.271241622487746,-0.823374476988042,-1.42919577262827,0.785368048035559,-0.447535341595418,0.305687851585195,-0.402700341980487,0.0538845101957449
-1.40099379516671,0.660566915017121,0.719006464093631,0.373319624024131,0.448634778938152,-1.79174172913776,-0.0199096469279033,0.0223087938491693,0.531459409317902,0.317448864237273
-0.263164234271504,-1.35603065682763,-1.20363217892382,-1.31402734590934,-0.080104913445872,0.334034342339488,0.208423213753631,1.32125324905782,-1.64210213901655,-1.04278487857171
-0.335792485588817,1.18800735646834,-1.38660304197165,2.58089408112487,-1.47657037778515,1.97119980960259,0.558564704521281,3.75207140914356,1.54718452302815,-1.08496475685471
-0.375605987008492,0.928648114550419,-0.842031205580706,-0.441763244028139,-0.828391913260586,0.579476777555451,0.696001826790679,0.567513393004637,1.30842716702878,-2.66229283956574
0.329685859945176,0.407858562951528,1.32977832752758,0.0424010654292978,0.124024755508961,-1.66059806365082,-0.860409690952667,-0.631159370221772,-0.660402792755188,0.691119409292171
-0.151987605549425,-0.527024337002742,1.26283691576836,1.16632067917119,0.486142567434728,0.506133738358902,-0.394200519050983,-1.47554108134036,0.184162642832567,0.981881554559829
1.34407191034108,0.0292559321011462,0.276628181442797,1.71638429583207,0.707593602400371,-0.870791723889503,-1.90818338674025,0.986587587270892,-1.90386108532705,-0.43924989947942
-1.26643224568511,1.21824961531032,0.28297146769759,0.122722266989803,0.434783217032822,-2.22101664923531,1.7844372175303,-2.54504363632235,3.02390834006069,0.464179230997165
1.02478358557306,0.285087109858123,0.179761820064234,0.984389555245887,0.309042431486114,-0.761559602926529,-0.748260894790315,-0.856923871055855,-0.808398540196462,-0.103354994874379
0.583633230097104,0.503519305515775,0.531599697161874,-0.713712846133609,0.913141167127852,-0.847132525216682,-1.7490377958251,1.75857786069275,-1.45477881642597,0.107203267762496
-0.619909191615747,1.87875408921497,-2.62258393150718,-1.6239138852796,-2.74527270555203,0.887411416007897,-0.397655836124577,3.30176508652997,3.62223780079993,-3.18748989744942
0.352406967446867,1.41169199123579,0.58082796373092,-0.377533679410192,0.817627205031221,-0.655126067022258,-1.46522446141261,0.407074030274272,-0.364729792122985,-2.31414799847217
0.0959574195367929,0.322080153056366,-0.935449024042083,1.72642619392762,-0.175643603470144,1.23241866940684,0.265726009681569,-0.548574528588936,0.534627929950566,-0.845768470992775
1.08605470063413,-0.941110734648586,0.957863083650459,-0.0973671182005449,2.30477948323407,0.267830287539374,0.0146860075362026,-1.76135641281149,-0.140457731108944,2.56903098647694
-0.27939599702311,-1.34302748880623,-0.681211376031601,0.023446885744102,1.55618226146313,-0.554409900148681,0.535560823944177,-0.629128182141476,-0.411025817935909,2.11026210732482
-0.226412684823608,-1.70328897363552,-0.583473939651319,-0.831263789161986,-1.60060116323823,1.44271405869776,0.5650258151816,1.96815687576112,0.324540888990972,1.00252605880965
-0.457261233180143,2.13131207640903,0.758869204397423,-1.20059819747149,0.477136245581248,0.757083031170277,-0.325674331319484,0.495026491567107,2.68998806818563,1.26430749330242
-0.671430041670314,-0.220254960426764,0.720420611451206,-1.61523176389791,0.780758086629353,-0.294870858242031,0.450568428898971,-0.44571048599558,-0.494295308448964,1.28593248931223
-0.982207747428895,2.55068280415911,-0.167537607207021,-0.141343534206028,-0.448004288811331,3.08903022847063,-0.496839165860264,0.987429312258191,2.37335422400744,-1.62553997054044
0.729233328998888,1.01349917317771,0.271613988557652,-0.045254483850203,-0.398101756171731,0.0812419670261724,-1.55895120932978,0.756947509530052,0.081300018104751,-0.902099027768523
1.11590836224883,0.162765723631937,-1.32090075666963,-0.797251326878782,-1.60418030440699,-0.733389457831953,-0.372926471362044,0.539189163784116,1.34696045081879,-0.974712897011493
0.0643514570456589,-0.283171417287759,1.06076033243873,0.0637721140896226,1.53893093619926,0.494168462657923,-0.0653387634418146,-0.292041507757829,-2.35172766164407,-0.603861500704173
-0.784920999337898,-1.90237224364685,-0.220912571106861,-0.954899912917869,0.615428626263676,-0.97683156854855,1.4346738572722,0.415953348461947,-0.317168730965003,-0.677352407692625
-0.125223654655974,-0.902612203953453,0.761045451487644,-0.547786188725852,1.11496949987185,-0.856689877450768,0.0499560965623796,0.64655881783066,1.59691643681814,0.868188025208266
0.444469815796792,2.08731586326836,1.23518603319756,0.183345503534058,-0.299937480850619,-0.226931037683439,-1.36070094620897,-0.0786102944504202,1.78832572815366,0.378969686877751
0.721814139140449,-1.42384994117939,-1.27201738278422,0.791968714487656,-0.900416939882905,0.818332992791911,1.46421441576242,-1.12330845200493,0.342766455282537,0.0698080481289754
-1.4580020888524,2.19822950559423,1.70459603920345,0.23478782426739,1.4826508593693,-2.27466311429201,1.24444252972765,-0.653227046183074,2.55369007690105,1.79797521329745
1.37089410933359,0.538509080246682,-1.26794634041517,-0.869530053394441,-0.113939114306646,0.462616873098636,-0.010403983258018,-0.996295855921249,0.925878555307863,-1.80636482196041
-0.966420398985023,-0.398683995966089,0.321834368555161,0.75511789196755,-0.0956764487259778,0.899987062155387,0.925049721366041,-0.368785955628299,1.42578343908267,-0.319505888770966
0.373567238867748,1.87168658287564,1.85926407089142,0.733918290813401,3.52005736092134,-2.72820985387072,-0.6262565894657,1.0284455485574,-1.36310976218703,-0.944313217345179
1.23404763375779,-0.0651030272267694,2.49084761315922,0.623248387453088,1.09955170371866,-1.30228084660762,-1.18947003995578,-1.21288797123189,-2.59742277794466,1.01352468374486
-1.00998455242913,0.471906184954339,0.175715793253813,2.20974810181116,0.592749752432371,0.256665663505039,-1.15884116163339,1.31111942950274,0.432350669197364,-1.43385120778712
-0.169053620868281,-2.40811348010024,1.68252432409948,-0.887804079020555,0.808041263760517,0.636071699571712,1.87272807268901,-3.11224076541236,-0.881092998455512,3.60474766556765
0.268271087051309,-1.68622876433521,-0.460623575797329,0.777138340447999,0.0637929247728817,0.110518769049149,1.32614667359409,-0.714591348669104,-0.610070911916304,-0.0861566056073389
-0.861284543600999,0.66944348462171,-0.201428544611189,0.90793426090614,-0.283549898212487,-0.19113981776195,0.473293414439995,0.651740219295132,2.41197113193058,-0.201699052164899
1.50823544967217,0.372418222146941,1.58905846741168,1.42195262984303,2.17878137961663,-2.03839210929553,-2.62833685396159,-2.0422636575235,-4.02810238236021,1.38003275406533
-0.111590913313702,1.44489779693725,1.21412078598242,-0.638838388809957,1.0648440395051,-1.11228331539074,0.543189367442082,-0.206046983093515,1.25597099408572,0.461192721852463
0.101375185222951,-1.4380476623923,-0.0758976121046814,0.942265674206212,-1.05348835171943,0.884858455126809,1.44114143023808,-2.44217128521873,-0.000766391574334618,0.785003276766465
1.65408659253874,0.242501742005008,0.272997995457209,-0.615306585414084,0.42528468101195,-2.4274025722768,-3.23457994016024,2.33295383478062,-2.43915909179456,-1.78098614966565
1.34875888888513,2.0135081871605,-0.0224145140610741,-0.422985877886585,-0.552934365336504,0.165814213377637,-1.02716158951871,-0.517097717086133,1.76189369462659,0.359119860293126
0.35793910568145,-0.205855461182525,0.29842711878028,0.257057772026442,1.64388692494305,0.246994926596239,-0.605989687729427,-0.560831639817826,-0.970769955719647,0.0362754760959796
-1.32967362826488,-0.544984200109689,-0.459852202378554,0.272521948033302,-0.255561078577099,0.0573290321068805,1.47385870609698,0.595826304748871,0.35904687359569,-1.91828732185912
1.37436083980755,0.727453701689981,-0.409001758101704,0.652377530671458,-0.193642266649693,0.29156622124248,-2.01907882941802,1.85985540769597,-0.267457382452612,-1.54273304132465
0.541468881022479,0.60690210982805,-0.899543584302095,-0.750842067290659,-1.82077739854267,-0.706032471539417,-0.797671259711544,1.77036602902001,1.20883087048495,-0.552116128022664
0.375016608001485,3.86172100396011,-1.1780493519547,0.350627135845583,-2.40837313483789,0.26123291297489,-2.91428996166302,2.92050432752581,2.91247330791128,-2.95309220970643
1.47186810855947,-0.655865192763766,0.718233950732432,-0.562033422528336,0.643329560220798,-0.652991201564997,-1.00768513468801,-1.07634196099408,-1.56839714459844,0.432800008733851
0.943534212817033,1.80922325561729,-0.0573772215292354,1.00085794143237,-0.376208549101341,1.43286266936582,-1.0405210671756,-0.0212542902422016,0.805644605164806,-2.51257516422607
0.0971248647528609,-1.34656327260902,-1.12741491523003,1.1798996384101,-0.103102439871634,0.20387860493409,0.850007965540128,-0.959125165955886,1.12957814488039,-1.16001666246005
0.91111441756085,-0.675606613794099,1.46457750598306,0.250370823198181,0.130020342227364,0.0707674788676782,0.335033001365621,-2.43731937649856,0.91005168119411,2.9629534467025
1.23322132013454,0.525739793998791,0.53714733809523,-0.871101059514139,0.733184298918093,0.207072513684514,-0.239078157064571,-0.37570820747065,0.871586645748133,0.451764684079676
0.57810505700846,-1.77864441008144,1.94818066936828,0.766369079492729,-0.0463486359743632,-0.961147457625795,1.34954926040269,-3.06996141703719,-0.0922135985889671,4.13683827569984
0.481318681746421,-1.61164610238348,1.12705179413484,0.0772862262070294,-0.476347115493284,0.853323072077804,0.882681035073592,-2.13839591151243,0.154947047445699,3.42498850505572
-0.464603030375498,-2.20595340478378,-0.10555739686178,-0.769761122506021,-0.520259609567312,1.63200759246418,2.76349951171143,-2.28760102393684,-0.461107135362587,0.658422292918553
0.0354745183935714,-0.22359667368238,0.0410441943151085,-1.3204651740672,-1.27260045894309,-0.727351595980049,0.193287751473362,-1.04401154397667,2.47013286367324,-0.985546235766824
-0.0636235403339611,-1.06276241399899,0.212838855847988,0.996537966528617,-0.246808421994379,1.75486346280575,0.238657215048702,0.482768730811014,-0.0451467544192599,1.84904596983957
0.339596690827958,0.635831236905945,-0.116458521457826,0.284966557850481,0.382201906110376,-0.800300255569163,0.54560665249491,0.275450481374663,-0.462585820827519,0.255232657842465
0.449800400310966,0.260672600157524,0.130580792066939,-1.16743494946229,-0.333397167863635,0.472997898175467,-0.421660373232983,-0.221733211282814,0.542303587023467,1.82214322337408
1.34750590218825,0.184364352898522,0.450805106432289,-0.105713191403453,-0.518584838450288,0.550946265461704,-1.50933473036536,0.248382912535704,-1.28587755964879,0.399354291219229
0.592958730080315,0.323668729351595,0.979344153214684,1.26887606480849,-0.286553950322842,2.1358346241507,-1.52617116713386,0.380839801945086,-0.91822211990424,0.778578678478655
0.0971110412349737,0.341840137547839,-0.0204050357899069,-1.66856976117023,-0.63630789325827,0.616731456704312,-0.441354012559031,-1.1991718953178,-0.0599030750627944,-0.305207839542329
-1.06352772131767,0.243631204259251,2.26140025166076,-1.51868243645103,2.20741353326953,-2.50194560084696,-0.756696479453798,-2.23069937774151,-1.36795415219555,2.90248288813246
0.929710133420486,-0.233083487819053,-0.663318727060899,0.0663300274400118,-0.0939803176935781,0.0212142505298441,-1.09824794347473,1.21482179836212,1.30332445390655,-0.807802257973478
-1.24956520617772,0.271174105677073,2.09838283314891,0.59689835499944,0.943241383539325,-1.13469085166521,-0.850520670115011,0.102829122857106,-1.67923223227422,0.78551960501769
1.25082057400316,-0.211159653876519,-1.16998740286809,0.25445849095087,1.18823757063871,-0.487308547380009,-0.50744613972315,-0.0269697688421041,-1.80437307107458,-2.39757893371851
-0.508084918840588,-0.408388368220768,1.13459189485531,-0.56320440434342,0.691286039546989,-0.359941818059688,-1.50791829213165,0.921314232635273,-1.4544753051598,1.61291691442349
0.186064556666753,1.37020344313198,0.146430632312147,0.843256233441193,0.00967838190663724,-1.56110881534077,-2.30148773920761,3.35704763642446,0.0403551815480046,-0.298790948891844
-0.48555328143922,-0.156593356895308,-0.351310301217027,1.02595006996722,-0.73000884475381,0.782456203582883,1.00313096945752,0.467781968895747,0.125762781648199,-0.301346137260474
0.55785770291454,1.67377832361869,-1.3029531768792,-0.790274909463653,-1.53202825623817,1.26914377399034,-1.78160382750027,1.10949244638492,1.44982936359483,-2.42635090023563
0.470099229266296,-0.221403936531073,0.323242884075388,-1.56413945062622,-1.24180742524541,1.75557126732153,-0.471185299601948,0.527979416823686,0.614136249357085,1.22527648816158
-0.0777935384919279,0.0565123245058217,-1.76490127853823,0.0370741295496556,-1.56520678713039,1.53612628652409,-1.46508879033616,2.72445868221679,0.951773358247097,-0.856088113385501
1.29275418098857,-0.709531988456452,-0.546469521309258,0.577836199022833,-0.356445096005713,1.8213541535499,-2.39039431128397,0.698513871660597,-2.94323646653513,-1.1439956013413
1.0859983329573,0.632553123818687,1.2629692342726,-1.2041560754588,1.88933520962199,0.0469238283149632,-2.56856864169943,0.568033648759519,-3.42689696253692,1.97078347075994
1.49123067558211,0.0666497120845421,0.601512476672752,-2.06853118793294,1.75308035200511,-1.85520682239212,-0.350541491797872,-0.568043821018531,0.425127374216312,2.71542721925272
0.00935586901798238,-0.391062815006971,-0.891244765135477,-0.697440494812295,-0.978790698589149,0.525074455042476,1.15917524665426,0.142735884000028,0.882472369196229,0.752321002517282
0.66362541046262,-0.490197733012183,0.523382131988707,0.903277231258745,-0.0469016604355894,1.25630896738785,-0.753518016958239,0.968723758776058,-1.49723621859953,0.702062250678718
0.282603468955461,-1.78267692366548,0.53701173618597,0.599690663634542,2.1941090086817,-0.327933193578761,1.31739936083847,-0.286296148390988,-2.29546259570895,2.43812434440351
-0.442992773310432,0.122075085026953,0.379400501545867,0.42394890634909,1.60043216254737,-0.500150139133349,1.84193606010732,-1.93587618946368,-0.394218218627929,1.15996902919329
1.38889658697214,-2.25541504666565,1.04337597118464,1.56706490336891,0.0280460318134751,0.180222202115877,0.63017883240155,-2.44709176966785,-2.47762879762203,2.06546432011468
1.11201063450489,0.749665925356247,1.23607419946512,0.15827063240727,0.632710618686659,0.113166541687507,-1.69447159088529,-1.48250848394076,-0.313380685739901,1.54600384864136
-0.627363904916813,-2.35274509740477,-0.439196082258966,-0.138547196550901,-1.17769338370246,-0.554614031675249,2.50182841726577,-0.638729568079698,0.732938102417194,1.88990707705896
0.343386873016128,0.29007638827089,0.507517718945284,-1.61088840195942,0.37684348269043,-0.632414504199229,0.121811126193059,-0.541480745012989,0.0200304631624947,-0.157390678202896
-1.68843541762666,-1.34137059968182,-0.809395670592356,0.237494293737833,1.09048806566637,-1.68975794211742,2.85270002674408,-0.617254142170901,1.54602243494117,0.210453902540414
-0.593492933752891,0.689721272873308,1.20486369182054,0.698655247684103,-0.338525438227939,0.0234800960867959,0.380976390204502,-1.01105287060837,1.82677464171627,2.02674323478449
0.12030390422093,-0.260110570284336,0.135125739163854,0.589792254672559,0.448408442241232,1.86183411650981,0.545103805556768,-1.32909307957597,0.368634989129857,-0.558496065315671
0.125803686235101,1.07875156571403,0.348295146828878,0.252351152349089,1.6804512959315,-0.948431957809141,-0.41031668425765,-1.03922050777283,-1.49871199062767,-1.80844788115537
-1.15655958939253,1.7096438411164,0.221889974254031,-0.909255286819412,-0.0351431218990477,-1.88347897962766,1.57635191655154,0.548335322722615,2.76624493554118,0.155420196130147
-0.882065613027415,0.359620389541015,-0.706289938892264,-1.83544417352549,-0.878585827868613,1.35017224759455,-0.186332794261247,1.83736869564208,-1.01863318426526,-0.645858612108632
-0.0738210351129357,-0.910101251757676,0.399052987434114,0.269761166163352,-0.724874920735985,0.573396501474621,1.13975481058697,-2.54377489531155,-1.34851768403525,0.486161903416216
1.36299955681663,0.91709418020334,0.136367892891476,0.380108348775297,-1.1411126133838,0.698962967704622,-1.55776849572402,0.681986743423826,0.946194168087085,0.0897294269186157
-0.875898074218562,-0.32208234211269,0.30503260326094,0.460507581769784,-0.192012605115259,0.657588059444362,1.3732782371538,-0.122594825825413,2.28717977421646,-0.0345184009467873
-0.387938913850923,2.072696266171,-0.439491365224241,-0.317618305525832,-0.311511084624257,-0.0876898904876343,-2.05797560525009,1.65581040288645,-0.301391742370771,-1.97833789061418
0.936635016796889,0.408848085901523,1.32975401789807,0.123485703405962,-0.0973559219955475,1.10373438467799,-0.354919000505629,-1.68374825253763,-0.328697813638989,1.43765072387343
-1.08391351096125,-0.0810539408926998,0.724052495646999,0.554436669906703,0.3031283937892,0.701222798349238,1.18305814594023,-0.160147030847699,-0.0916802760349617,-0.39482295283354
0.0472318553417355,-0.591314724574672,0.272874768873269,0.0242619490554679,0.0720034283680312,0.299172155137409,0.515357783537395,-1.49788515115058,-0.175955308231658,0.330142777765374
-0.246797017174217,1.50379457850831,-1.74805496152684,0.62715401909586,-0.294794015038175,0.573614023318306,-0.380689520997061,0.873946030230188,-0.0905851762336495,-2.65897622473647
-1.41535594601506,-0.372618742631859,0.936460975232282,-0.380026195460129,0.285433193655039,-0.890826103530787,0.912429977207043,0.45677499102211,-0.43351304767728,1.24189768359097
-0.238504492383661,-2.47564248415158,1.00345535453582,1.3771090843935,-0.0439065919769556,-0.899641740723363,1.83099199126676,-1.82929607163272,-1.70229581646209,3.40713397613487
-0.418400851213891,-0.171058826811005,-0.648335484508156,-1.54783866776257,-0.748881086356345,0.825063799851231,-0.161088207471406,0.527260311211028,0.390718759978211,-2.03439192652218
0.346298708713599,-0.13045316528939,0.602626110475559,0.751519672188254,0.45775154335741,-0.671550792775659,0.00364286319410664,-0.854179749272623,-1.73461615101695,0.784263069247814
-0.90172016681859,-1.97885741741876,1.31105149533489,-0.835003638827432,0.730383981001691,-1.16666403053929,2.03943786065249,-3.51705460138144,-0.163403628826857,2.82344514208037
1.23378299674455,-1.57817807941779,-0.581247500465809,1.46263984035342,-0.468183079654543,0.110675054534774,-0.658501458302369,1.32259380316395,-0.918563819112486,-1.04276878030201
0.59102944440692,1.19134434263425,-0.622698171076659,-1.2979222258647,-0.752843608222996,0.625928722055794,0.405020892598494,0.0203377375104063,2.49888253388085,-2.16598404404857
1.19335553069183,0.675795192918887,0.191351204456538,0.782586115610992,-0.315159847538978,-0.837045673635032,-1.09812706636361,0.138340188794322,-0.498477998477377,1.29045447086339
-0.243125918215003,-1.12171158384686,-0.235930687851852,-0.95057596829817,0.211930232331751,1.17173770478913,2.20106248894658,-1.10198578603794,-0.321210926788022,-0.924497071953761
-0.191182877216558,-1.47955332932668,1.24932640805814,1.90912968326213,0.629316910874418,-0.794781430708002,2.21989950252312,-1.33871154650554,0.225229049841565,1.28059513807107
1.54077637874678,-0.264685280116427,-1.4249495953567,-0.0577355244770001,-2.16207517292702,1.58296676833072,-0.654663767286181,0.772633536124125,1.60488018940107,-0.917550260919901
-1.73010648965513,-1.41240827165815,-0.154090845328917,-0.865907508575347,0.980422156878139,-0.0490412432493084,1.04736148885927,0.628965564559794,-1.05385012490204,0.424141289314104
-1.17040066597162,-2.21273252275644,0.559380940378923,-2.32699414442314,0.955495409091023,1.33873845645639,1.85946637452204,1.14717478671993,0.0440024525441413,0.718896660817262
1.25782679093538,-0.678776326752434,1.2340362860384,0.120439424683135,0.332015565043408,-0.578882801273504,-0.908145258979545,-1.56018891269867,-1.9354198347913,1.64910654723103
-0.408313035370693,1.66608796308357,-0.0223435130517996,0.879860628763561,-0.807214217757726,0.931977951895823,-0.110616969689196,0.37624882013968,-0.390171634059157,-1.20392355694562
0.184582153052218,-0.130667502937052,0.999566694147714,0.640132011666532,0.18387171653106,-1.0735564596603,-0.653462186906874,-0.819747741433439,-0.259190629588095,-0.620223338011203
-0.541043366704921,0.963026442738911,-0.724422065420343,-1.66149592487955,-0.367911510670807,0.853916340760786,-1.34726639065281,2.4427604164069,-0.288531699340746,-0.415762657217152
1.04445077849251,1.17991096557989,-0.717767076062861,1.89635840192445,1.43706759245626,-0.28436235366412,0.036306116659398,-0.0276411977546241,-0.860255914103061,-1.90941550640474
1.31680689851806,-0.290991634501616,0.156989120234083,0.623714710630052,0.529815668788589,0.83912067807081,-0.936584083429368,0.364422728593098,-1.86728838778532,1.03645635545911
0.0566989593918441,-0.0245797980424161,-0.233171840497982,-0.504350732977577,1.39421094168984,-0.195589597770636,-0.330492415687432,0.468883071166337,-1.26023318491119,-0.567585471196648
-0.754068187992561,1.22685662751817,-0.37540788514177,0.823785623476757,-0.682629013240346,0.220798952652252,2.19582926874346,-1.00408477080309,2.60034904575514,-0.826241910337179
0.674964037781605,-1.11452575416602,-0.585618258217612,-1.06761113791398,-0.743412460218615,-0.651865004841155,0.47818418890291,0.213754091881073,1.17615110884496,2.16994841747366
-1.07225138493549,0.0768677561731123,-0.769643694991088,0.744676118290331,-0.267418944847794,1.1759089497007,1.31221507606187,0.423281691832154,-0.631195424489743,0.317450291400375
-0.565023664270083,0.0113055798923542,0.155842275620077,-0.900051449077816,-0.734720705037957,0.609603593902492,-0.396634018810121,0.360532485176126,1.57944156291072,2.70282296200499
-0.281190787875271,0.296171403136445,-1.22822019488877,0.480887911390612,-1.3022987142109,-0.949675153625375,-1.28284842148935,1.61070269240289,0.202699243955487,-2.06600801932293
0.362457848422371,-1.35387612453904,-1.3398044847954,0.401637970822374,-2.53184321713916,1.40629078968882,1.27088967804271,0.713142506957506,1.64595553126934,-0.717049786745207
-1.37227720663742,-0.456480088278297,-0.547410491736252,-1.7465461430781,-0.129192788657333,-0.613324900479773,0.522925497285722,1.18482439342975,-0.566082040785214,-0.538162382210776
-1.66429826365818,-0.823833737235625,-0.247790690101179,2.18797177056425,-1.10063519161134,0.685275137741574,2.53128876329065,0.97513370197158,2.93573665304604,-1.5601740492814
-1.19027851728889,-1.84087170435055,0.238042647177765,-1.06382608494263,0.14006177819587,-0.418160568850034,2.29081272646705,-1.85195530822546,-0.166620264368615,1.00728400124702
0.454054793079649,1.2950652987645,0.406760650483511,-0.403497100853018,0.476544097171342,-1.18807659459236,-1.36184890498928,1.71223562323833,0.0380779789997704,0.099188441973732
-0.709877145807801,0.504255674692919,0.480296580865715,0.962890395053368,0.3286460478931,0.220240991559111,-0.707526854526535,0.387264118169465,-0.584283765323643,-0.280944226926685
-0.573982683095082,1.59768222148008,-1.46824751488381,-0.653433728599458,-1.58574669238252,-0.46369242345808,-0.958298922015853,3.01313971316453,2.44712781104505,-1.11937288434632
-0.972182157255725,-0.666326602653537,0.79867847670312,-0.768979156055789,1.33505663339785,0.198701891145446,0.669741712973117,-0.452902880841867,-1.18879892767016,1.66835435912349
1.33169089818415,1.61953597727744,-0.335837766249813,-0.550248800054642,-1.28295409862735,0.0650229673558864,-2.04176608172348,2.18007691639086,1.24109172540986,-0.376989678929502
-0.464942369157053,0.87415820386998,-0.0566507641434909,0.347070254314604,-2.41336610292422,1.56474444025467,1.04507625968904,-0.285915027413683,3.24653427913636,-1.40975211770547
-0.78586092631421,-0.256667995861405,-0.683741054001425,-0.199077001972676,-0.659099612919815,0.841404005804012,0.779933335349263,0.724955057589526,2.90044172371346,0.129200575546669
-0.664523529482022,-1.13973524216558,-0.512612217157545,-0.789372495398421,-0.531580983270552,0.646931964365234,-0.155283550170667,1.98619211312114,-2.30219976224034,-0.151301547299226
0.0987695090647976,-0.493707746208988,1.8704308272337,-1.03477281580893,0.607480862634804,-2.89702834349128,-0.523910655352275,-2.40012356968404,-1.05811760964773,1.68184631286856
0.557262602862993,2.18514809870889,0.0797328293095745,0.936434410631989,-0.681091537322906,0.766522762880816,-2.11764583714256,1.94587094230531,0.355912162442891,-1.98816336351813
-1.18740336335268,-1.39242306812734,-2.08548556255259,-1.13399186069075,-0.471155398943441,0.119021159612592,1.8684898470744,2.0149971374352,-0.790131176411862,0.243691506381307
-0.57714403109202,1.15589538674298,-0.981053983697466,-0.892663570541353,-0.25448359231235,0.48513957207848,0.0215201535677413,1.82908720655255,2.29522532353161,-2.69150542847068
-0.564204112174476,-2.24101430026994,0.414233846732676,1.38259492358071,1.06470981385882,0.731177808495735,0.291142425333388,1.64288456304764,-1.51498307877137,3.451392383694
-0.818964790753045,-1.70800110818984,0.826316442246985,0.830382552631254,0.704173507457934,0.906369294500702,-0.14957880926105,-0.076063675911973,-1.05855946384566,-2.04124881573252
-0.0354082473196883,-0.305939264347608,-2.4448825306664,0.453763099661694,-2.95105462057079,3.45957566749282,2.15216151468163,-1.16958611594154,2.30718513621263,-0.721417135308756
0.0338652382889373,-1.38618818470561,0.868600934472595,0.394398648126568,1.31607223027833,-1.03644565390337,1.70478647090547,-2.41992486965735,-0.790085660735321,1.80069002447959
-0.319604139042072,0.0421506510023266,1.91199741408634,1.21537219186279,2.6830886149964,-2.42348213981901,0.853210506430519,-2.19683491286235,-0.435490780625667,-0.384955321456018
1.378642586492,0.847229419734295,0.340289066705373,-1.74620825539523,-0.242789165852373,-0.268348735758398,-1.51436229654718,-0.221571680643762,-1.77341207895126,-0.229146750292252
0.228577359378715,0.343826692434668,2.45023562802598,-0.421767399932182,2.35891708498315,-2.69181582242922,-1.12827537759468,-0.892678253722662,-3.00068180755944,2.58882387517985
-0.934715906311932,0.72280999442917,0.150613479820826,-0.0309072024264352,0.18121242982163,-0.75254584446534,1.61571378788345,0.401354342375026,1.77153123145547,-0.0110234833854476
-0.559949298120397,-0.484040459707757,-1.44823231083225,-1.57832207755211,-1.42655138587094,0.949363030144659,-1.20953258051454,3.25927591663226,-0.228395905911623,-1.83265654348599
-0.151413272505743,-0.747087541888782,0.959747744309238,-1.05522050921321,0.922045400574347,0.794525819205795,-0.826708828146601,-1.85543150866543,-2.02012653089279,0.787157127723034
0.602831580236989,-0.19042777595388,0.275814422809888,1.33178267145597,0.280151650236287,-0.752853278234429,-1.15738384970478,-1.02537839669829,0.435088489150126,0.548495828896414
0.297982915723483,0.407627075386895,0.23471261007348,0.278286303404683,-1.65173772417809,2.16991854653156,-0.29513943516803,0.226499769641588,1.30243168446515,-1.20090180659996
